Year,Population,Population_male,Population_female,ISO3,Population id,Cancer label,Sex,Type,ASR (World),Crude rate,Cumulative risk,Total,Region Name,Year_Units,RT_m,GDP_per_capita,TAC,GammaC,MRI,Mammography,PET
2015,1292275.0,648341.0,643934.0,MUS,480,Lung,Male,Mortality,14.08476589,16.81214052,1.701498394,109,Africa,2010,2.31,9630.5437837507,6.16,2.31,4.62,57.98,0.0
2015,1292275.0,648341.0,643934.0,MUS,480,Lung,Female,Mortality,5.710435938,8.541241384,0.6082278732,55,Africa,2010,2.31,9630.5437837507,6.16,2.31,4.62,57.98,0.0
2015,1292275.0,648341.0,643934.0,MUS,480,Breast,Female,Mortality,19.73739649,27.48726773,2.340956537,177,Africa,2010,2.31,9630.5437837507,6.16,2.31,4.62,57.98,0.0
2015,1292275.0,648341.0,643934.0,MUS,480,Prostate,Male,Mortality,8.993799806,10.02558839,0.7127667289,65,Africa,2010,2.31,9630.5437837507,6.16,2.31,4.62,57.98,0.0
2015,1292275.0,648341.0,643934.0,MUS,480,Cervix,Female,Mortality,3.73173349,5.12474483,0.5158764968,33,Africa,2010,2.31,9630.5437837507,6.16,2.31,4.62,57.98,0.0
2018,1288833.0,646826.0,642008.0,MUS,480,Lung,Male,Mortality,10.54307195,14.37791182,1.282057336,93,Africa,2013,2.41,11818.7480619272,6.43,2.41,4.82,,0.0
2018,1288833.0,646826.0,642008.0,MUS,480,Lung,Female,Mortality,5.16585764,8.411110142,0.6078541092,54,Africa,2013,2.41,11818.7480619272,6.43,2.41,4.82,,0.0
2018,1288833.0,646826.0,642008.0,MUS,480,Breast,Female,Mortality,18.15545305,26.94670471,2.128045368,173,Africa,2013,2.41,11818.7480619272,6.43,2.41,4.82,,0.0
2018,1288833.0,646826.0,642008.0,MUS,480,Prostate,Male,Mortality,12.16537818,15.30551903,1.087958307,99,Africa,2013,2.41,11818.7480619272,6.43,2.41,4.82,,0.0
2018,1288833.0,646826.0,642008.0,MUS,480,Cervix,Female,Mortality,4.173902299,6.541974555,0.4778447802,42,Africa,2013,2.41,11818.7480619272,6.43,2.41,4.82,,0.0
2022,1276130.0,638999.0,637130.0,MUS,480,Lung,Male,Mortality,10.93758773,16.74494013,1.29699466,107,Africa,2017,3.14,10246.5017455553,,,,,
2022,1276130.0,638999.0,637130.0,MUS,480,Lung,Female,Mortality,5.318940231,8.946361852,0.5217774518,57,Africa,2017,3.14,10246.5017455553,,,,,
2022,1276130.0,638999.0,637130.0,MUS,480,Breast,Female,Mortality,18.96845769,31.39074334,1.976761027,200,Africa,2017,3.14,10246.5017455553,,,,,
2022,1276130.0,638999.0,637130.0,MUS,480,Prostate,Male,Mortality,10.09990353,15.80597153,0.9013773589,101,Africa,2017,3.14,10246.5017455553,,,,,
2022,1276130.0,638999.0,637130.0,MUS,480,Cervix,Female,Mortality,3.799935587,5.964241235,0.3636388218,38,Africa,2017,3.14,10246.5017455553,,,,,
2015,37531446.0,18550371.0,18981075.0,UGA,800,Lung,Male,Incidence,6.55507795,1.496436512,1.095474441,19,Africa,2010,0.06,862.934610355811,0.33,0.06,0.03,3.59,0.0
2015,37531446.0,18550371.0,18981075.0,UGA,800,Lung,Female,Incidence,3.643987661,0.9833649766,0.4594715229,14,Africa,2010,0.06,862.934610355811,0.33,0.06,0.03,3.59,0.0
2015,37531446.0,18550371.0,18981075.0,UGA,800,Breast,Female,Incidence,29.88610469,11.16821652,3.30202982,159,Africa,2010,0.06,862.934610355811,0.33,0.06,0.03,3.59,0.0
2015,37531446.0,18550371.0,18981075.0,UGA,800,Prostate,Male,Incidence,53.23367652,9.68745742,5.842292921,123,Africa,2010,0.06,862.934610355811,0.33,0.06,0.03,3.59,0.0
2015,37531446.0,18550371.0,18981075.0,UGA,800,Cervix,Female,Incidence,50.29101434,17.3493678,5.640038171,247,Africa,2010,0.06,862.934610355811,0.33,0.06,0.03,3.59,0.0
2015,56723537.0,27529271.0,29194266.0,ZAF,710,Lung,Male,Mortality,20.87480152,13.58190705,2.647397556,3739,Africa,2010,0.6,6112.27382485974,1.02,0.56,0.24,9.11,0.06
2015,56723537.0,27529271.0,29194266.0,ZAF,710,Lung,Female,Mortality,6.843051857,6.340286246,0.866240665,1851,Africa,2010,0.6,6112.27382485974,1.02,0.56,0.24,9.11,0.06
2015,56723537.0,27529271.0,29194266.0,ZAF,710,Breast,Female,Mortality,11.87298565,11.28988842,1.331805763,3296,Africa,2010,0.6,6112.27382485974,1.02,0.56,0.24,9.11,0.06
2015,56723537.0,27529271.0,29194266.0,ZAF,710,Prostate,Male,Mortality,17.44311542,11.01009903,1.805253642,3031,Africa,2010,0.6,6112.27382485974,1.02,0.56,0.24,9.11,0.06
2015,56723537.0,27529271.0,29194266.0,ZAF,710,Cervix,Female,Mortality,12.97197122,12.38941942,1.409322128,3617,Africa,2010,0.6,6112.27382485974,1.02,0.56,0.24,9.11,0.06
2018,58613001.0,28401154.0,30211846.0,ZAF,710,Lung,Male,Mortality,19.80583214,13.97126328,2.505907278,3968,Africa,2013,0.57,6914.1780318076,0.97,0.53,0.23,,0.057
2018,58613001.0,28401154.0,30211846.0,ZAF,710,Lung,Female,Mortality,6.896800826,6.821827325,0.8779006651,2061,Africa,2013,0.57,6914.1780318076,0.97,0.53,0.23,,0.057
2018,58613001.0,28401154.0,30211846.0,ZAF,710,Breast,Female,Mortality,12.38003925,12.56129777,1.371937766,3795,Africa,2013,0.57,6914.1780318076,0.97,0.53,0.23,,0.057
2018,58613001.0,28401154.0,30211846.0,ZAF,710,Prostate,Male,Mortality,18.33648423,12.43611439,1.948841107,3532,Africa,2013,0.57,6914.1780318076,0.97,0.53,0.23,,0.057
2018,58613001.0,28401154.0,30211846.0,ZAF,710,Cervix,Female,Mortality,13.17551342,13.21997979,1.453089624,3994,Africa,2013,0.57,6914.1780318076,0.97,0.53,0.23,,0.057
2018,6341732.0,3142590.0,3199142.0,KGZ,417,Lung,Male,Mortality,20.38654711,12.85189231,2.912889485,403,Europe,2013,0.54,1283.5203037417,0.9,0.72,0.9,,
2018,6341732.0,3142590.0,3199142.0,KGZ,417,Lung,Female,Mortality,4.306426724,3.670714911,0.5569633439,117,Europe,2013,0.54,1283.5203037417,0.9,0.72,0.9,,
2018,6341732.0,3142590.0,3199142.0,KGZ,417,Breast,Female,Mortality,10.48468685,9.725825832,1.151595153,310,Europe,2013,0.54,1283.5203037417,0.9,0.72,0.9,,
2018,6341732.0,3142590.0,3199142.0,KGZ,417,Prostate,Male,Mortality,3.541808262,2.040995304,0.3629441653,64,Europe,2013,0.54,1283.5203037417,0.9,0.72,0.9,,
2018,6341732.0,3142590.0,3199142.0,KGZ,417,Cervix,Female,Mortality,8.7657881,8.063023351,0.9823908549,257,Europe,2013,0.54,1283.5203037417,0.9,0.72,0.9,,
2015,30749346.0,15481660.0,15267686.0,UZB,860,Lung,Male,Mortality,9.27740056,6.275656924,1.258041957,985,Europe,2010,0.66,2803.19018021751,,,,,
2015,30749346.0,15481660.0,15267686.0,UZB,860,Lung,Female,Mortality,2.686804715,2.172608837,0.3474832343,339,Europe,2010,0.66,2803.19018021751,,,,,
2015,30749346.0,15481660.0,15267686.0,UZB,860,Breast,Female,Mortality,9.442962358,8.286676185,1.089612025,1293,Europe,2010,0.66,2803.19018021751,,,,,
2015,30749346.0,15481660.0,15267686.0,UZB,860,Prostate,Male,Mortality,1.732515491,1.025767274,0.2283103204,161,Europe,2010,0.66,2803.19018021751,,,,,
2015,30749346.0,15481660.0,15267686.0,UZB,860,Cervix,Female,Mortality,5.426418778,4.870745476,0.6130907905,760,Europe,2010,0.66,2803.19018021751,,,,,
2018,32373490.0,16311735.0,16061755.0,UZB,860,Lung,Male,Mortality,8.387797096,5.962221264,1.152579661,987,Europe,2013,0.62,1813.08530813664,,,,,
2018,32373490.0,16311735.0,16061755.0,UZB,860,Lung,Female,Mortality,2.893777052,2.511909316,0.3612931279,412,Europe,2013,0.62,1813.08530813664,,,,,
2018,32373490.0,16311735.0,16061755.0,UZB,860,Breast,Female,Mortality,9.996565463,9.303819456,1.133483108,1526,Europe,2013,0.62,1813.08530813664,,,,,
2018,32373490.0,16311735.0,16061755.0,UZB,860,Prostate,Male,Mortality,2.961772262,1.908877325,0.3434194606,316,Europe,2013,0.62,1813.08530813664,,,,,
2018,32373490.0,16311735.0,16061755.0,UZB,860,Cervix,Female,Mortality,6.120381244,5.670086562,0.7039706641,930,Europe,2013,0.62,1813.08530813664,,,,,
2015,1396134174.0,714291689.0,681842484.0,CHN,156,Lung,Male,Incidence,47.59994877,111.3064576,5.531967192,4973,Western Pacific,2010,1.15,8175.33285077393,,,,,
2015,1396134174.0,714291689.0,681842484.0,CHN,156,Lung,Female,Incidence,32.54874953,73.20136657,3.74185463,3368,Western Pacific,2010,1.15,8175.33285077393,,,,,
2015,1396134174.0,714291689.0,681842484.0,CHN,156,Breast,Female,Incidence,43.74112589,81.48216249,4.740883725,3749,Western Pacific,2010,1.15,8175.33285077393,,,,,
2015,1396134174.0,714291689.0,681842484.0,CHN,156,Prostate,Male,Incidence,14.5591591,37.24390618,1.746874089,1664,Western Pacific,2010,1.15,8175.33285077393,,,,,
2015,1396134174.0,714291689.0,681842484.0,CHN,156,Cervix,Female,Incidence,7.344943443,12.25818609,0.7598848344,564,Western Pacific,2010,1.15,8175.33285077393,,,,,
2015,127275872.0,62204439.0,65071433.0,JPN,392,Lung,Male,Incidence,46.45508995,135.1065802,5.47385134,7289,Western Pacific,2010,7.19,34960.6393843385,101.7,,46.16,225.9,4.37
2015,127275872.0,62204439.0,65071433.0,JPN,392,Lung,Male,Mortality,26.25020374,87.18223084,2.820704447,53201,Western Pacific,2010,7.19,34960.6393843385,101.7,,46.16,225.9,4.37
2015,127275872.0,62204439.0,65071433.0,JPN,392,Lung,Female,Incidence,18.42667518,59.68858131,2.224781168,3450,Western Pacific,2010,7.19,34960.6393843385,101.7,,46.16,225.9,4.37
2015,127275872.0,62204439.0,65071433.0,JPN,392,Lung,Female,Mortality,7.55563035,32.92400962,0.8080686722,21169,Western Pacific,2010,7.19,34960.6393843385,101.7,,46.16,225.9,4.37
2015,127275872.0,62204439.0,65071433.0,JPN,392,Breast,Female,Incidence,70.97513052,128.7024221,7.498200751,7439,Western Pacific,2010,7.19,34960.6393843385,101.7,,46.16,225.9,4.37
2015,127275872.0,62204439.0,65071433.0,JPN,392,Breast,Female,Mortality,9.027612253,21.12555258,1.031357309,13583,Western Pacific,2010,7.19,34960.6393843385,101.7,,46.16,225.9,4.37
2015,127275872.0,62204439.0,65071433.0,JPN,392,Prostate,Male,Incidence,40.78095109,124.3744208,5.175540648,6710,Western Pacific,2010,7.19,34960.6393843385,101.7,,46.16,225.9,4.37
2015,127275872.0,62204439.0,65071433.0,JPN,392,Prostate,Male,Mortality,4.41595995,18.55865048,0.3040929866,11325,Western Pacific,2010,7.19,34960.6393843385,101.7,,46.16,225.9,4.37
2015,127275872.0,62204439.0,65071433.0,JPN,392,Cervix,Female,Incidence,11.8475248,17.62975779,1.156624132,1019,Western Pacific,2010,7.19,34960.6393843385,101.7,,46.16,225.9,4.37
2015,127275872.0,62204439.0,65071433.0,JPN,392,Cervix,Female,Mortality,2.116160879,4.373485523,0.2237117214,2812,Western Pacific,2010,7.19,34960.6393843385,101.7,,46.16,225.9,4.37
2018,126913432.0,62016416.0,64897017.0,JPN,392,Lung,Male,Mortality,23.68225795,86.67441601,2.541025047,52399,Western Pacific,2013,7.17,39751.1330982711,101.2,,45.94,,4.35
2018,126913432.0,62016416.0,64897017.0,JPN,392,Lung,Female,Mortality,7.137929815,34.38783128,0.7590408333,21927,Western Pacific,2013,7.17,39751.1330982711,101.2,,45.94,,4.35
2018,126913432.0,62016416.0,64897017.0,JPN,392,Breast,Female,Mortality,9.179696483,22.9801109,1.054591443,14653,Western Pacific,2013,7.17,39751.1330982711,101.2,,45.94,,4.35
2018,126913432.0,62016416.0,64897017.0,JPN,392,Prostate,Male,Mortality,4.289749108,20.26135846,0.3021930572,12249,Western Pacific,2013,7.17,39751.1330982711,101.2,,45.94,,4.35
2018,126913432.0,62016416.0,64897017.0,JPN,392,Cervix,Female,Mortality,2.061201945,4.50255227,0.2155718956,2871,Western Pacific,2013,7.17,39751.1330982711,101.2,,45.94,,4.35
2015,50983912.0,25576742.0,25407170.0,KOR,410,Lung,Male,Incidence,42.94773568,67.92346818,5.017139244,17292,Western Pacific,2010,3.07,30171.7906545222,36.17,8.26,20.44,444.6,3.22
2015,50983912.0,25576742.0,25407170.0,KOR,410,Lung,Male,Mortality,31.17445024,49.79561682,3.342029298,12677,Western Pacific,2010,3.07,30171.7906545222,36.17,8.26,20.44,444.6,3.22
2015,50983912.0,25576742.0,25407170.0,KOR,410,Lung,Female,Incidence,14.68306165,29.14841671,1.700677348,7431,Western Pacific,2010,3.07,30171.7906545222,36.17,8.26,20.44,444.6,3.22
2015,50983912.0,25576742.0,25407170.0,KOR,410,Lung,Female,Mortality,8.239805866,18.52224784,0.8397130063,4722,Western Pacific,2010,3.07,30171.7906545222,36.17,8.26,20.44,444.6,3.22
2015,50983912.0,25576742.0,25407170.0,KOR,410,Breast,Female,Incidence,49.66396189,75.81491026,5.051955207,19328,Western Pacific,2010,3.07,30171.7906545222,36.17,8.26,20.44,444.6,3.22
2015,50983912.0,25576742.0,25407170.0,KOR,410,Breast,Female,Mortality,5.454973083,9.170905432,0.5955317533,2338,Western Pacific,2010,3.07,30171.7906545222,36.17,8.26,20.44,444.6,3.22
2015,50983912.0,25576742.0,25407170.0,KOR,410,Prostate,Male,Incidence,25.86631181,40.8082877,3.285259636,10389,Western Pacific,2010,3.07,30171.7906545222,36.17,8.26,20.44,444.6,3.22
2015,50983912.0,25576742.0,25407170.0,KOR,410,Prostate,Male,Mortality,4.309703539,6.677648387,0.2749603059,1700,Western Pacific,2010,3.07,30171.7906545222,36.17,8.26,20.44,444.6,3.22
2015,50983912.0,25576742.0,25407170.0,KOR,410,Cervix,Female,Incidence,9.305538203,14.36435231,0.9303673164,3662,Western Pacific,2010,3.07,30171.7906545222,36.17,8.26,20.44,444.6,3.22
2015,50983912.0,25576742.0,25407170.0,KOR,410,Cervix,Female,Mortality,2.000572763,3.793099039,0.1996196208,967,Western Pacific,2010,3.07,30171.7906545222,36.17,8.26,20.44,444.6,3.22
2018,51640894.0,25836216.0,25804678.0,KOR,410,Lung,Male,Mortality,27.50949524,51.50776311,2.797884499,13187,Western Pacific,2013,3.0,35363.9508228687,35.38,8.08,19.99,,3.15
2018,51640894.0,25836216.0,25804678.0,KOR,410,Lung,Female,Mortality,6.971252908,18.14861976,0.6865297275,4664,Western Pacific,2013,3.0,35363.9508228687,35.38,8.08,19.99,,3.15
2018,51640894.0,25836216.0,25804678.0,KOR,410,Breast,Female,Mortality,5.275625371,9.57238521,0.573879964,2460,Western Pacific,2013,3.0,35363.9508228687,35.38,8.08,19.99,,3.15
2018,51640894.0,25836216.0,25804678.0,KOR,410,Prostate,Male,Mortality,4.150329229,7.79237032,0.2375920219,1995,Western Pacific,2013,3.0,35363.9508228687,35.38,8.08,19.99,,3.15
2018,51640894.0,25836216.0,25804678.0,KOR,410,Cervix,Female,Mortality,1.682272263,3.288075407,0.1695408046,845,Western Pacific,2013,3.0,35363.9508228687,35.38,8.08,19.99,,3.15
2022,51782512.0,25840655.0,25941857.0,KOR,410,Lung,Male,Mortality,23.34107406,53.69999,2.4064424,13715,Western Pacific,2017,4.25,34822.4048404971,38.83,5.97,30.29,421.9,3.8
2022,51782512.0,25840655.0,25941857.0,KOR,410,Lung,Male,Mortality,23.34107406,53.69999,2.4064424,13715,Western Pacific,2017,4.25,34822.4048404971,,,,,
2022,51782512.0,25840655.0,25941857.0,KOR,410,Lung,Female,Mortality,6.147250426,18.93145009,0.609813694,4869,Western Pacific,2017,4.25,34822.4048404971,38.83,5.97,30.29,421.9,3.8
2022,51782512.0,25840655.0,25941857.0,KOR,410,Lung,Female,Mortality,6.147250426,18.93145009,0.609813694,4869,Western Pacific,2017,4.25,34822.4048404971,,,,,
2022,51782512.0,25840655.0,25941857.0,KOR,410,Breast,Female,Mortality,5.603697692,11.1240252,0.6173184331,2861,Western Pacific,2017,4.25,34822.4048404971,38.83,5.97,30.29,421.9,3.8
2022,51782512.0,25840655.0,25941857.0,KOR,410,Breast,Female,Mortality,5.603697692,11.1240252,0.6173184331,2861,Western Pacific,2017,4.25,34822.4048404971,,,,,
2022,51782512.0,25840655.0,25941857.0,KOR,410,Prostate,Male,Mortality,3.841489327,9.330446677,0.2257157744,2383,Western Pacific,2017,4.25,34822.4048404971,38.83,5.97,30.29,421.9,3.8
2022,51782512.0,25840655.0,25941857.0,KOR,410,Prostate,Male,Mortality,3.841489327,9.330446677,0.2257157744,2383,Western Pacific,2017,4.25,34822.4048404971,,,,,
2022,51782512.0,25840655.0,25941857.0,KOR,410,Cervix,Female,Mortality,1.408851975,3.052205447,0.1410283898,785,Western Pacific,2017,4.25,34822.4048404971,38.83,5.97,30.29,421.9,3.8
2022,51782512.0,25840655.0,25941857.0,KOR,410,Cervix,Female,Mortality,1.408851975,3.052205447,0.1410283898,785,Western Pacific,2017,4.25,34822.4048404971,,,,,
2015,1328024498.0,686298736.0,641725761.0,IND,356,Lung,Male,Incidence,9.065483731,8.604565897,1.110938258,908,South-East Asia,2010,0.41,1583.99815907985,,,,,
2015,1328024498.0,686298736.0,641725761.0,IND,356,Lung,Female,Incidence,4.382065665,4.600805668,0.532373088,445,South-East Asia,2010,0.41,1583.99815907985,,,,,
2015,1328024498.0,686298736.0,641725761.0,IND,356,Breast,Female,Incidence,32.57393009,35.04883419,3.62318144,3390,South-East Asia,2010,0.41,1583.99815907985,,,,,
2015,1328024498.0,686298736.0,641725761.0,IND,356,Prostate,Male,Incidence,8.25027635,7.56216254,0.9491862009,798,South-East Asia,2010,0.41,1583.99815907985,,,,,
2015,1328024498.0,686298736.0,641725761.0,IND,356,Cervix,Female,Incidence,10.56793387,11.22803361,1.255104757,1086,South-East Asia,2010,0.41,1583.99815907985,,,,,
2015,105312992.0,52836545.0,52476447.0,PHL,608,Lung,Male,Incidence,28.94129754,16.00817387,3.435634201,528,Western Pacific,2010,0.19,2909.85818010301,1.15,,0.32,14.94,
2015,105312992.0,52836545.0,52476447.0,PHL,608,Lung,Male,Mortality,22.22585683,11.28908296,2.789530218,5960,Western Pacific,2010,0.19,2909.85818010301,1.15,,0.32,14.94,
2015,105312992.0,52836545.0,52476447.0,PHL,608,Lung,Female,Incidence,12.46415648,9.679676705,1.400611196,327,Western Pacific,2010,0.19,2909.85818010301,1.15,,0.32,14.94,
2015,105312992.0,52836545.0,52476447.0,PHL,608,Lung,Female,Mortality,6.789446726,5.047938545,0.7914825732,2648,Western Pacific,2010,0.19,2909.85818010301,1.15,,0.32,14.94,
2015,105312992.0,52836545.0,52476447.0,PHL,608,Breast,Female,Incidence,53.76568022,46.53349168,5.753047802,1572,Western Pacific,2010,0.19,2909.85818010301,1.15,,0.32,14.94,
2015,105312992.0,52836545.0,52476447.0,PHL,608,Breast,Female,Mortality,18.36212133,14.71489337,2.013077305,7719,Western Pacific,2010,0.19,2909.85818010301,1.15,,0.32,14.94,
2015,105312992.0,52836545.0,52476447.0,PHL,608,Prostate,Male,Incidence,24.98086612,11.88485636,2.533023305,392,Western Pacific,2010,0.19,2909.85818010301,1.15,,0.32,14.94,
2015,105312992.0,52836545.0,52476447.0,PHL,608,Prostate,Male,Mortality,14.32622826,5.426715213,1.107724869,2865,Western Pacific,2010,0.19,2909.85818010301,1.15,,0.32,14.94,
2015,105312992.0,52836545.0,52476447.0,PHL,608,Cervix,Female,Incidence,14.29297766,12.93583706,1.55561985,437,Western Pacific,2010,0.19,2909.85818010301,1.15,,0.32,14.94,
2015,105312992.0,52836545.0,52476447.0,PHL,608,Cervix,Female,Mortality,4.516494552,3.7402022,0.4930264632,1962,Western Pacific,2010,0.19,2909.85818010301,1.15,,0.32,14.94,
2018,109465287.0,54710323.0,54754964.0,PHL,608,Lung,Male,Mortality,19.76326194,11.19349979,2.356320571,6124,Western Pacific,2013,0.18,3168.51036609727,1.09,,0.3,,
2018,109465287.0,54710323.0,54754964.0,PHL,608,Lung,Female,Mortality,6.661117168,5.274407632,0.7713729132,2888,Western Pacific,2013,0.18,3168.51036609727,1.09,,0.3,,
2018,109465287.0,54710323.0,54754964.0,PHL,608,Breast,Female,Mortality,19.36776273,16.35650788,2.123021198,8956,Western Pacific,2013,0.18,3168.51036609727,1.09,,0.3,,
2018,109465287.0,54710323.0,54754964.0,PHL,608,Prostate,Male,Mortality,13.2502363,5.552882487,0.9527850842,3038,Western Pacific,2013,0.18,3168.51036609727,1.09,,0.3,,
2018,109465287.0,54710323.0,54754964.0,PHL,608,Cervix,Female,Mortality,4.962218025,4.339332595,0.5386433957,2376,Western Pacific,2013,0.18,3168.51036609727,1.09,,0.3,,
2015,5525340.0,2887448.0,2637892.0,SGP,702,Lung,Male,Mortality,26.46514285,43.0965216,2.757902631,826,Western Pacific,2010,3.74,55645.6068614606,9.44,,8.26,143.9,
2015,5525340.0,2887448.0,2637892.0,SGP,702,Lung,Female,Mortality,11.29642799,21.90263949,1.149871144,435,Western Pacific,2010,3.74,55645.6068614606,9.44,,8.26,143.9,
2015,5525340.0,2887448.0,2637892.0,SGP,702,Breast,Female,Mortality,12.68213366,21.34877965,1.465752723,424,Western Pacific,2010,3.74,55645.6068614606,9.44,,8.26,143.9,
2015,5525340.0,2887448.0,2637892.0,SGP,702,Prostate,Male,Mortality,5.458682691,8.974094086,0.4027188702,172,Western Pacific,2010,3.74,55645.6068614606,9.44,,8.26,143.9,
2015,5525340.0,2887448.0,2637892.0,SGP,702,Cervix,Female,Mortality,2.063055491,3.524562677,0.2149687545,70,Western Pacific,2010,3.74,55645.6068614606,9.44,,8.26,143.9,
2018,5634369.0,2904611.0,2729758.0,SGP,702,Lung,Male,Mortality,23.14652963,42.64156847,2.321262075,834,Western Pacific,2013,3.51,66881.6067035265,8.87,,7.76,,
2018,5634369.0,2904611.0,2729758.0,SGP,702,Lung,Female,Mortality,8.73726622,18.73977468,0.8584461326,382,Western Pacific,2013,3.51,66881.6067035265,8.87,,7.76,,
2018,5634369.0,2904611.0,2729758.0,SGP,702,Breast,Female,Mortality,12.64598482,22.95867683,1.483636916,468,Western Pacific,2013,3.51,66881.6067035265,8.87,,7.76,,
2018,5634369.0,2904611.0,2729758.0,SGP,702,Prostate,Male,Mortality,5.972476333,11.29950436,0.4602176768,221,Western Pacific,2013,3.51,66881.6067035265,8.87,,7.76,,
2018,5634369.0,2904611.0,2729758.0,SGP,702,Cervix,Female,Mortality,1.714230607,3.090591112,0.1690387583,63,Western Pacific,2013,3.51,66881.6067035265,8.87,,7.76,,
2022,5649885.0,2919697.0,2730188.0,SGP,702,Lung,Male,Mortality,18.28095025,39.54352602,1.935130401,787,Western Pacific,2017,5.13,90299.0694637269,,,,,
2022,5649885.0,2919697.0,2730188.0,SGP,702,Lung,Female,Mortality,8.715502606,21.36314124,0.8687887745,445,Western Pacific,2017,5.13,90299.0694637269,,,,,
2022,5649885.0,2919697.0,2730188.0,SGP,702,Breast,Female,Mortality,10.94087237,23.0433883,1.23659893,480,Western Pacific,2017,5.13,90299.0694637269,,,,,
2022,5649885.0,2919697.0,2730188.0,SGP,702,Prostate,Male,Mortality,5.26663049,12.15950864,0.3973341459,242,Western Pacific,2017,5.13,90299.0694637269,,,,,
2022,5649885.0,2919697.0,2730188.0,SGP,702,Cervix,Female,Mortality,1.608494473,3.072451773,0.1787807703,64,Western Pacific,2017,5.13,90299.0694637269,,,,,
2015,70540795.0,34684565.0,35856230.0,THA,764,Lung,Male,Incidence,27.3017929,40.15529222,3.379845489,1067,South-East Asia,2010,0.94,5688.85335397884,5.77,0.43,,30.82,0.07
2015,70540795.0,34684565.0,35856230.0,THA,764,Lung,Female,Incidence,15.82329977,25.84419642,1.947218532,728,South-East Asia,2010,0.94,5688.85335397884,5.77,0.43,,30.82,0.07
2015,70540795.0,34684565.0,35856230.0,THA,764,Breast,Female,Incidence,31.66804993,46.71835506,3.385069218,1316,South-East Asia,2010,0.94,5688.85335397884,5.77,0.43,,30.82,0.07
2015,70540795.0,34684565.0,35856230.0,THA,764,Prostate,Male,Incidence,7.727945746,11.96755663,0.8698195194,318,South-East Asia,2010,0.94,5688.85335397884,5.77,0.43,,30.82,0.07
2015,70540795.0,34684565.0,35856230.0,THA,764,Cervix,Female,Incidence,11.68835377,17.11113004,1.197659895,482,South-East Asia,2010,0.94,5688.85335397884,5.77,0.43,,30.82,0.07
2015,2921177.0,1343842.0,1577335.0,ARM,51,Lung,Male,Mortality,56.48139699,75.90178012,6.476753802,1020,Europe,2010,1.29,3512.39350276709,2.91,1.29,2.26,21.06,0.0
2015,2921177.0,1343842.0,1577335.0,ARM,51,Lung,Female,Mortality,7.708015566,14.07436782,0.8753673215,222,Europe,2010,1.29,3512.39350276709,2.91,1.29,2.26,21.06,0.0
2015,2921177.0,1343842.0,1577335.0,ARM,51,Breast,Female,Mortality,22.60827059,36.01009424,2.580582768,568,Europe,2010,1.29,3512.39350276709,2.91,1.29,2.26,21.06,0.0
2015,2921177.0,1343842.0,1577335.0,ARM,51,Prostate,Male,Mortality,16.14430277,22.62170702,1.84013647,304,Europe,2010,1.29,3512.39350276709,2.91,1.29,2.26,21.06,0.0
2015,2921177.0,1343842.0,1577335.0,ARM,51,Cervix,Female,Mortality,3.323610535,4.628057886,0.3491290077,73,Europe,2010,1.29,3512.39350276709,2.91,1.29,2.26,21.06,0.0
2018,2909965.0,1341812.0,1568153.0,ARM,51,Lung,Male,Mortality,45.83841283,61.93120271,5.758006546,831,Europe,2013,1.34,4196.00562301769,3.02,1.34,2.35,,0.0
2018,2909965.0,1341812.0,1568153.0,ARM,51,Lung,Female,Mortality,6.045879825,12.0523954,0.605823878,189,Europe,2013,1.34,4196.00562301769,3.02,1.34,2.35,,0.0
2018,2909965.0,1341812.0,1568153.0,ARM,51,Breast,Female,Mortality,15.0636186,25.69902299,1.741778872,403,Europe,2013,1.34,4196.00562301769,3.02,1.34,2.35,,0.0
2018,2909965.0,1341812.0,1568153.0,ARM,51,Prostate,Male,Mortality,10.39087056,15.50143221,0.9856049503,208,Europe,2013,1.34,4196.00562301769,3.02,1.34,2.35,,0.0
2018,2909965.0,1341812.0,1568153.0,ARM,51,Cervix,Female,Mortality,2.351709815,3.698618693,0.2380610329,58,Europe,2013,1.34,4196.00562301769,3.02,1.34,2.35,,0.0
2022,2880874.0,1333939.0,1546936.0,ARM,51,Lung,Male,Mortality,48.37443946,69.94322829,5.944714697,933,Europe,2017,1.69,6571.97445545099,,,,,
2022,2880874.0,1333939.0,1546936.0,ARM,51,Lung,Female,Mortality,6.807145979,13.18736302,0.6911357782,204,Europe,2017,1.69,6571.97445545099,,,,,
2022,2880874.0,1333939.0,1546936.0,ARM,51,Breast,Female,Mortality,14.96633531,27.86153657,1.618366611,431,Europe,2017,1.69,6571.97445545099,,,,,
2022,2880874.0,1333939.0,1546936.0,ARM,51,Prostate,Male,Mortality,10.12247756,14.69332556,0.8956419923,196,Europe,2017,1.69,6571.97445545099,,,,,
2022,2880874.0,1333939.0,1546936.0,ARM,51,Cervix,Female,Mortality,3.07413161,4.912939163,0.3462559123,76,Europe,2017,1.69,6571.97445545099,,,,,
2015,1219502.0,616000.0,603502.0,CYP,196,Lung,Male,Incidence,34.65012923,62.44633518,4.481768035,256,Europe,2010,2.72,23088.44140625,21.75,8.15,13.59,219.5,0.0
2015,1219502.0,616000.0,603502.0,CYP,196,Lung,Male,Mortality,24.62907416,44.63937241,2.984966931,183,Europe,2010,2.72,23088.44140625,21.75,8.15,13.59,219.5,0.0
2015,1219502.0,616000.0,603502.0,CYP,196,Lung,Female,Incidence,10.65709168,19.6230074,1.361453271,85,Europe,2010,2.72,23088.44140625,21.75,8.15,13.59,219.5,0.0
2015,1219502.0,616000.0,603502.0,CYP,196,Lung,Female,Mortality,6.396055084,12.23552226,0.7540084279,53,Europe,2010,2.72,23088.44140625,21.75,8.15,13.59,219.5,0.0
2015,1219502.0,616000.0,603502.0,CYP,196,Breast,Female,Incidence,93.80214018,141.97823,10.0309822,615,Europe,2010,2.72,23088.44140625,21.75,8.15,13.59,219.5,0.0
2015,1219502.0,616000.0,603502.0,CYP,196,Breast,Female,Mortality,13.88458559,26.0870569,1.506897222,113,Europe,2010,2.72,23088.44140625,21.75,8.15,13.59,219.5,0.0
2015,1219502.0,616000.0,603502.0,CYP,196,Prostate,Male,Incidence,63.98704094,122.9412224,8.141521727,504,Europe,2010,2.72,23088.44140625,21.75,8.15,13.59,219.5,0.0
2015,1219502.0,616000.0,603502.0,CYP,196,Prostate,Male,Mortality,10.48715543,24.39309968,0.7339094435,100,Europe,2010,2.72,23088.44140625,21.75,8.15,13.59,219.5,0.0
2015,1219502.0,616000.0,603502.0,CYP,196,Cervix,Female,Incidence,5.612759172,8.08006187,0.6101102145,35,Europe,2010,2.72,23088.44140625,21.75,8.15,13.59,219.5,0.0
2015,1219502.0,616000.0,603502.0,CYP,196,Cervix,Female,Mortality,1.967487616,3.232024748,0.1996972236,14,Europe,2010,2.72,23088.44140625,21.75,8.15,13.59,219.5,0.0
2018,1270737.0,641146.0,629591.0,CYP,196,Lung,Male,Mortality,25.12565198,48.38359072,3.09558474,207,Europe,2013,2.63,29120.375,25.41,8.76,14.02,,0.0
2018,1270737.0,641146.0,629591.0,CYP,196,Lung,Female,Mortality,7.010163653,13.83718543,0.81450019,62,Europe,2013,2.63,29120.375,25.41,8.76,14.02,,0.0
2018,1270737.0,641146.0,629591.0,CYP,196,Breast,Female,Mortality,14.16454639,28.12073167,1.576477424,126,Europe,2013,2.63,29120.375,25.41,8.76,14.02,,0.0
2018,1270737.0,641146.0,629591.0,CYP,196,Prostate,Male,Mortality,9.142614172,21.73755525,0.7796519111,93,Europe,2013,2.63,29120.375,25.41,8.76,14.02,,0.0
2018,1270737.0,641146.0,629591.0,CYP,196,Cervix,Female,Mortality,1.143538071,2.454984511,0.1115983497,11,Europe,2013,2.63,29120.375,25.41,8.76,14.02,,0.0
2022,1331370.0,670824.0,660545.0,CYP,196,Lung,Male,Mortality,23.67014002,53.42522472,2.65247864,240,Europe,2017,8.29,33231.04296875,,,,,
2022,1331370.0,670824.0,660545.0,CYP,196,Lung,Female,Mortality,8.646329193,16.54382523,1.039276137,78,Europe,2017,8.29,33231.04296875,,,,,
2022,1331370.0,670824.0,660545.0,CYP,196,Breast,Female,Mortality,11.07960313,25.45203881,1.034112383,120,Europe,2017,8.29,33231.04296875,,,,,
2022,1331370.0,670824.0,660545.0,CYP,196,Prostate,Male,Mortality,6.816029361,17.14059293,0.4237599098,77,Europe,2017,8.29,33231.04296875,,,,,
2022,1331370.0,670824.0,660545.0,CYP,196,Cervix,Female,Mortality,1.476384119,2.545203881,0.1481752203,12,Europe,2017,8.29,33231.04296875,,,,,
2015,3791573.0,1766794.0,2024778.0,GEO,268,Lung,Male,Mortality,33.01598244,48.64001725,4.225349809,866,Europe,2010,1.38,4086.6223465965,8.73,0.69,0.0,44.64,0.0
2015,3791573.0,1766794.0,2024778.0,GEO,268,Lung,Female,Mortality,3.689059525,7.969766306,0.3984044466,155,Europe,2010,1.38,4086.6223465965,8.73,0.69,0.0,44.64,0.0
2015,3791573.0,1766794.0,2024778.0,GEO,268,Breast,Female,Mortality,17.90648247,31.15921536,2.149141328,606,Europe,2010,1.38,4086.6223465965,8.73,0.69,0.0,44.64,0.0
2015,3791573.0,1766794.0,2024778.0,GEO,268,Prostate,Male,Mortality,9.246027833,15.67039817,1.066736221,279,Europe,2010,1.38,4086.6223465965,8.73,0.69,0.0,44.64,0.0
2015,3791573.0,1766794.0,2024778.0,GEO,268,Cervix,Female,Mortality,5.428248293,8.535362624,0.5870207311,166,Europe,2010,1.38,4086.6223465965,8.73,0.69,0.0,44.64,0.0
2018,3794877.0,1767621.0,2027255.0,GEO,268,Lung,Male,Mortality,35.47886599,54.37604328,4.519874566,974,Europe,2013,1.38,4804.0546040444,8.75,0.69,0.0,,0.0
2018,3794877.0,1767621.0,2027255.0,GEO,268,Lung,Female,Mortality,4.346638545,9.455800591,0.4622658606,183,Europe,2013,1.38,4804.0546040444,8.75,0.69,0.0,,0.0
2018,3794877.0,1767621.0,2027255.0,GEO,268,Breast,Female,Mortality,20.20372021,38.08155757,2.268180454,737,Europe,2013,1.38,4804.0546040444,8.75,0.69,0.0,,0.0
2018,3794877.0,1767621.0,2027255.0,GEO,268,Prostate,Male,Mortality,11.83814417,21.21447274,1.244239075,380,Europe,2013,1.38,4804.0546040444,8.75,0.69,0.0,,0.0
2018,3794877.0,1767621.0,2027255.0,GEO,268,Cervix,Female,Mortality,5.101708232,8.577392886,0.5684385221,166,Europe,2013,1.38,4804.0546040444,8.75,0.69,0.0,,0.0
2022,3794784.0,1768050.0,2026734.0,GEO,268,Lung,Male,Mortality,28.34695331,45.52523904,3.701720769,812,Europe,2017,5.26,6729.84659930283,,,,,
2022,3794784.0,1768050.0,2026734.0,GEO,268,Lung,Female,Mortality,2.517182174,5.911569148,0.2987527201,114,Europe,2017,5.26,6729.84659930283,,,,,
2022,3794784.0,1768050.0,2026734.0,GEO,268,Breast,Female,Mortality,14.26338063,28.62444009,1.681037466,552,Europe,2017,5.26,6729.84659930283,,,,,
2022,3794784.0,1768050.0,2026734.0,GEO,268,Prostate,Male,Mortality,10.76989532,19.2304889,1.052760552,343,Europe,2017,5.26,6729.84659930283,,,,,
2022,3794784.0,1768050.0,2026734.0,GEO,268,Cervix,Female,Mortality,3.434045875,6.222704367,0.4028940202,120,Europe,2017,5.26,6729.84659930283,,,,,
2015,8052908.0,3990883.0,4062026.0,ISR,376,Lung,Male,Incidence,31.10140291,39.19838815,3.871924113,1628,Europe,2010,3.5,36213.1041481958,7.82,10.78,1.35,117.6,0.81
2015,8052908.0,3990883.0,4062026.0,ISR,376,Lung,Male,Mortality,23.43000812,30.28965304,2.885481519,1258,Europe,2010,3.5,36213.1041481958,7.82,10.78,1.35,117.6,0.81
2015,8052908.0,3990883.0,4062026.0,ISR,376,Lung,Female,Incidence,14.72763221,22.19110421,1.800442769,938,Europe,2010,3.5,36213.1041481958,7.82,10.78,1.35,117.6,0.81
2015,8052908.0,3990883.0,4062026.0,ISR,376,Lung,Female,Mortality,9.371771282,15.75617011,1.068058335,666,Europe,2010,3.5,36213.1041481958,7.82,10.78,1.35,117.6,0.81
2015,8052908.0,3990883.0,4062026.0,ISR,376,Breast,Female,Incidence,92.78057251,113.8181262,10.34138013,4811,Europe,2010,3.5,36213.1041481958,7.82,10.78,1.35,117.6,0.81
2015,8052908.0,3990883.0,4062026.0,ISR,376,Breast,Female,Mortality,15.66787906,24.27301881,1.598702431,1026,Europe,2010,3.5,36213.1041481958,7.82,10.78,1.35,117.6,0.81
2015,8052908.0,3990883.0,4062026.0,ISR,376,Prostate,Male,Incidence,40.4065183,51.06866171,5.52664596,2121,Europe,2010,3.5,36213.1041481958,7.82,10.78,1.35,117.6,0.81
2015,8052908.0,3990883.0,4062026.0,ISR,376,Prostate,Male,Mortality,6.427067414,11.22017354,0.4286067539,466,Europe,2010,3.5,36213.1041481958,7.82,10.78,1.35,117.6,0.81
2015,8052908.0,3990883.0,4062026.0,ISR,376,Cervix,Female,Incidence,5.840613442,6.624210211,0.604541153,280,Europe,2010,3.5,36213.1041481958,7.82,10.78,1.35,117.6,0.81
2015,8052908.0,3990883.0,4062026.0,ISR,376,Cervix,Female,Mortality,1.386180184,1.84531722,0.1510072084,78,Europe,2010,3.5,36213.1041481958,7.82,10.78,1.35,117.6,0.81
2018,8510067.0,4224242.0,4285825.0,ISR,376,Lung,Male,Mortality,20.51237624,28.27137342,2.414729473,1246,Europe,2013,3.36,42362.6652754196,7.5,10.35,1.29,,0.78
2018,8510067.0,4224242.0,4285825.0,ISR,376,Lung,Female,Mortality,8.402232642,14.7917128,0.9481811894,662,Europe,2013,3.36,42362.6652754196,7.5,10.35,1.29,,0.78
2018,8510067.0,4224242.0,4285825.0,ISR,376,Breast,Female,Mortality,14.8758253,23.28242407,1.57587427,1042,Europe,2013,3.36,42362.6652754196,7.5,10.35,1.29,,0.78
2018,8510067.0,4224242.0,4285825.0,ISR,376,Prostate,Male,Mortality,5.26649434,9.43891761,0.3919784441,416,Europe,2013,3.36,42362.6652754196,7.5,10.35,1.29,,0.78
2018,8510067.0,4224242.0,4285825.0,ISR,376,Cervix,Female,Mortality,1.599045802,2.145021795,0.1742275454,96,Europe,2013,3.36,42362.6652754196,7.5,10.35,1.29,,0.78
2022,9103151.0,4528556.0,4574595.0,ISR,376,Lung,Male,Mortality,17.595791,25.5444678,2.127540772,1213,Europe,2017,5.08,54949.621556429,10.17,9.59,5.31,112.3,1.62
2022,9103151.0,4528556.0,4574595.0,ISR,376,Lung,Male,Mortality,17.595791,25.5444678,2.127540772,1213,Europe,2017,5.08,54949.621556429,,,,,
2022,9103151.0,4528556.0,4574595.0,ISR,376,Lung,Female,Mortality,7.729238187,13.57891554,0.9625051238,653,Europe,2017,5.08,54949.621556429,10.17,9.59,5.31,112.3,1.62
2022,9103151.0,4528556.0,4574595.0,ISR,376,Lung,Female,Mortality,7.729238187,13.57891554,0.9625051238,653,Europe,2017,5.08,54949.621556429,,,,,
2022,9103151.0,4528556.0,4574595.0,ISR,376,Breast,Female,Mortality,12.55138998,21.56406649,1.287488172,1037,Europe,2017,5.08,54949.621556429,10.17,9.59,5.31,112.3,1.62
2022,9103151.0,4528556.0,4574595.0,ISR,376,Breast,Female,Mortality,12.55138998,21.56406649,1.287488172,1037,Europe,2017,5.08,54949.621556429,,,,,
2022,9103151.0,4528556.0,4574595.0,ISR,376,Prostate,Male,Mortality,5.23615633,9.539689954,0.4731966576,453,Europe,2017,5.08,54949.621556429,10.17,9.59,5.31,112.3,1.62
2022,9103151.0,4528556.0,4574595.0,ISR,376,Prostate,Male,Mortality,5.23615633,9.539689954,0.4731966576,453,Europe,2017,5.08,54949.621556429,,,,,
2022,9103151.0,4528556.0,4574595.0,ISR,376,Cervix,Female,Mortality,1.111534751,1.518010466,0.1077557118,73,Europe,2017,5.08,54949.621556429,10.17,9.59,5.31,112.3,1.62
2022,9103151.0,4528556.0,4574595.0,ISR,376,Cervix,Female,Mortality,1.111534751,1.518010466,0.1077557118,73,Europe,2017,5.08,54949.621556429,,,,,
2015,3834454.0,2252690.0,1581764.0,KWT,414,Lung,Male,Incidence,16.23645667,8.367923381,2.016242351,53,Eastern Mediterranean,2010,1.46,29882.2126495698,,,,,
2015,3834454.0,2252690.0,1581764.0,KWT,414,Lung,Male,Mortality,7.699301666,3.373745777,0.9456958785,76,Eastern Mediterranean,2010,1.46,29882.2126495698,,,,,
2015,3834454.0,2252690.0,1581764.0,KWT,414,Lung,Female,Incidence,3.707580003,2.735437594,0.3823230629,18,Eastern Mediterranean,2010,1.46,29882.2126495698,,,,,
2015,3834454.0,2252690.0,1581764.0,KWT,414,Lung,Female,Mortality,3.759152976,1.959838484,0.4713683432,31,Eastern Mediterranean,2010,1.46,29882.2126495698,,,,,
2015,3834454.0,2252690.0,1581764.0,KWT,414,Breast,Female,Incidence,71.24769817,53.03709557,7.959604778,349,Eastern Mediterranean,2010,1.46,29882.2126495698,,,,,
2015,3834454.0,2252690.0,1581764.0,KWT,414,Breast,Female,Mortality,11.08264255,6.322059626,1.286162266,100,Eastern Mediterranean,2010,1.46,29882.2126495698,,,,,
2015,3834454.0,2252690.0,1581764.0,KWT,414,Prostate,Male,Incidence,19.68158023,9.631006156,2.707497812,61,Eastern Mediterranean,2010,1.46,29882.2126495698,,,,,
2015,3834454.0,2252690.0,1581764.0,KWT,414,Prostate,Male,Mortality,3.450866528,1.198567579,0.2557705913,27,Eastern Mediterranean,2010,1.46,29882.2126495698,,,,,
2015,3834454.0,2252690.0,1581764.0,KWT,414,Cervix,Female,Incidence,2.279389733,1.823625063,0.2365528013,12,Eastern Mediterranean,2010,1.46,29882.2126495698,,,,,
2015,3834454.0,2252690.0,1581764.0,KWT,414,Cervix,Female,Mortality,0.3881396015,0.252882385,0.01266901929,4,Eastern Mediterranean,2010,1.46,29882.2126495698,,,,,
2018,4323387.0,2662068.0,1661319.0,KWT,414,Lung,Male,Mortality,4.267200252,2.404146853,0.5420977738,64,Eastern Mediterranean,2013,1.19,32067.9623756889,,,,,
2018,4323387.0,2662068.0,1661319.0,KWT,414,Lung,Female,Mortality,3.117794294,1.56502247,0.205614058,26,Eastern Mediterranean,2013,1.19,32067.9623756889,,,,,
2018,4323387.0,2662068.0,1661319.0,KWT,414,Breast,Female,Mortality,10.87860654,7.283373803,1.186425549,121,Eastern Mediterranean,2013,1.19,32067.9623756889,,,,,
2018,4323387.0,2662068.0,1661319.0,KWT,414,Prostate,Male,Mortality,2.477977492,0.976684659,0.1755036075,26,Eastern Mediterranean,2013,1.19,32067.9623756889,,,,,
2018,4323387.0,2662068.0,1661319.0,KWT,414,Cervix,Female,Mortality,0.6651170461,0.4213522035,0.1087623257,7,Eastern Mediterranean,2013,1.19,32067.9623756889,,,,,
2022,4589511.0,2802100.0,1787410.0,KWT,414,Lung,Male,Mortality,8.529084648,3.318939367,0.9626130247,93,Eastern Mediterranean,2017,1.4,39981.7691035833,,,,,
2022,4589511.0,2802100.0,1787410.0,KWT,414,Lung,Female,Mortality,2.942392845,1.846245771,0.2999414069,33,Eastern Mediterranean,2017,1.4,39981.7691035833,,,,,
2022,4589511.0,2802100.0,1787410.0,KWT,414,Breast,Female,Mortality,10.02124697,7.21714256,1.172517325,129,Eastern Mediterranean,2017,1.4,39981.7691035833,,,,,
2022,4589511.0,2802100.0,1787410.0,KWT,414,Prostate,Male,Mortality,3.709735188,1.034938082,0.2024420092,29,Eastern Mediterranean,2017,1.4,39981.7691035833,,,,,
2022,4589511.0,2802100.0,1787410.0,KWT,414,Cervix,Female,Mortality,0.6687009627,0.5035215739,0.03409786557,9,Eastern Mediterranean,2017,1.4,39981.7691035833,,,,,
2015,2427331.0,1827199.0,600131.0,QAT,634,Lung,Male,Incidence,17.13327421,9.238137876,2.083057024,13,Eastern Mediterranean,2010,1.14,68985.2433380102,10.23,2.27,11.37,284.6,0.57
2015,2427331.0,1827199.0,600131.0,QAT,634,Lung,Female,Incidence,3.615375263,2.116282679,0.4804427068,3,Eastern Mediterranean,2010,1.14,68985.2433380102,10.23,2.27,11.37,284.6,0.57
2015,2427331.0,1827199.0,600131.0,QAT,634,Breast,Female,Incidence,51.90822431,35.97680554,5.425302143,51,Eastern Mediterranean,2010,1.14,68985.2433380102,10.23,2.27,11.37,284.6,0.57
2015,2427331.0,1827199.0,600131.0,QAT,634,Prostate,Male,Incidence,20.77723744,9.948763866,2.887559621,14,Eastern Mediterranean,2010,1.14,68985.2433380102,10.23,2.27,11.37,284.6,0.57
2015,2427331.0,1827199.0,600131.0,QAT,634,Cervix,Female,Incidence,3.424121073,2.116282679,0.4039197077,3,Eastern Mediterranean,2010,1.14,68985.2433380102,10.23,2.27,11.37,284.6,0.57
2015,80014226.0,40105684.0,39908542.0,TUR,792,Lung,Male,Incidence,62.96991922,75.31768853,7.875645843,2436,Europe,2010,2.09,11064.6494504662,14.95,3.93,6.32,272.0,0.92
2015,80014226.0,40105684.0,39908542.0,TUR,792,Lung,Female,Incidence,10.73631227,14.61565936,1.318170913,471,Europe,2010,2.09,11064.6494504662,14.95,3.93,6.32,272.0,0.92
2015,80014226.0,40105684.0,39908542.0,TUR,792,Breast,Female,Incidence,46.81720712,61.10028297,4.920343628,1969,Europe,2010,2.09,11064.6494504662,14.95,3.93,6.32,272.0,0.92
2015,80014226.0,40105684.0,39908542.0,TUR,792,Prostate,Male,Incidence,35.62008671,42.26571437,4.595615352,1367,Europe,2010,2.09,11064.6494504662,14.95,3.93,6.32,272.0,0.92
2015,80014226.0,40105684.0,39908542.0,TUR,792,Cervix,Female,Incidence,5.14656144,6.733753888,0.5588769507,217,Europe,2010,2.09,11064.6494504662,14.95,3.93,6.32,272.0,0.92
2015,9487293.0,4414172.0,5073122.0,BLR,112,Lung,Male,Incidence,58.4264134,85.68037812,7.42904268,3747,Europe,2010,3.02,5967.05595058777,6.04,2.5,2.5,18.85,0.0
2015,9487293.0,4414172.0,5073122.0,BLR,112,Lung,Female,Incidence,6.135968698,12.46106899,0.772077185,634,Europe,2010,3.02,5967.05595058777,6.04,2.5,2.5,18.85,0.0
2015,9487293.0,4414172.0,5073122.0,BLR,112,Breast,Female,Incidence,49.42698359,84.65271944,5.582669761,4307,Europe,2010,3.02,5967.05595058777,6.04,2.5,2.5,18.85,0.0
2015,9487293.0,4414172.0,5073122.0,BLR,112,Prostate,Male,Incidence,66.24227812,96.26751852,8.796893998,4210,Europe,2010,3.02,5967.05595058777,6.04,2.5,2.5,18.85,0.0
2015,9487293.0,4414172.0,5073122.0,BLR,112,Cervix,Female,Incidence,11.81860933,17.39439441,1.175950146,885,Europe,2010,3.02,5967.05595058777,6.04,2.5,2.5,18.85,0.0
2015,10524416.0,5176537.0,5347880.0,CZE,203,Lung,Male,Incidence,42.89603477,84.08873562,5.617631948,4356,Europe,2010,4.96,17931.5987670768,13.25,11.53,4.96,97.19,0.57
2015,10524416.0,5176537.0,5347880.0,CZE,203,Lung,Male,Mortality,34.66814588,68.87709107,4.463708206,3568,Europe,2010,4.96,17931.5987670768,13.25,11.53,4.96,97.19,0.57
2015,10524416.0,5176537.0,5347880.0,CZE,203,Lung,Female,Incidence,18.53394233,42.10565573,2.449292946,2258,Europe,2010,4.96,17931.5987670768,13.25,11.53,4.96,97.19,0.57
2015,10524416.0,5176537.0,5347880.0,CZE,203,Lung,Female,Mortality,13.2494099,31.56991814,1.699719496,1693,Europe,2010,4.96,17931.5987670768,13.25,11.53,4.96,97.19,0.57
2015,10524416.0,5176537.0,5347880.0,CZE,203,Breast,Female,Incidence,69.57089809,131.1279766,7.767695885,7032,Europe,2010,4.96,17931.5987670768,13.25,11.53,4.96,97.19,0.57
2015,10524416.0,5176537.0,5347880.0,CZE,203,Breast,Female,Mortality,12.35386679,30.00354299,1.36672815,1609,Europe,2010,4.96,17931.5987670768,13.25,11.53,4.96,97.19,0.57
2015,10524416.0,5176537.0,5347880.0,CZE,203,Prostate,Male,Incidence,70.96680533,138.1788727,9.248113698,7158,Europe,2010,4.96,17931.5987670768,13.25,11.53,4.96,97.19,0.57
2015,10524416.0,5176537.0,5347880.0,CZE,203,Prostate,Male,Mortality,11.54581428,25.61656386,0.9226476852,1327,Europe,2010,4.96,17931.5987670768,13.25,11.53,4.96,97.19,0.57
2015,10524416.0,5176537.0,5347880.0,CZE,203,Cervix,Female,Incidence,10.54098523,16.31640778,1.050320786,875,Europe,2010,4.96,17931.5987670768,13.25,11.53,4.96,97.19,0.57
2015,10524416.0,5176537.0,5347880.0,CZE,203,Cervix,Female,Mortality,3.390770745,6.601152405,0.3997459098,354,Europe,2010,4.96,17931.5987670768,13.25,11.53,4.96,97.19,0.57
2018,10548937.0,5196327.0,5352610.0,CZE,203,Lung,Male,Mortality,30.53158653,65.0814005,3.946398846,3404,Europe,2013,4.86,23705.9329811299,12.99,11.31,4.86,,0.56
2018,10548937.0,5196327.0,5352610.0,CZE,203,Lung,Female,Mortality,13.53822849,34.6734662,1.74420684,1871,Europe,2013,4.86,23705.9329811299,12.99,11.31,4.86,,0.56
2018,10548937.0,5196327.0,5352610.0,CZE,203,Breast,Female,Mortality,12.0797924,30.04045361,1.289389192,1621,Europe,2013,4.86,23705.9329811299,12.99,11.31,4.86,,0.56
2018,10548937.0,5196327.0,5352610.0,CZE,203,Prostate,Male,Mortality,10.8648078,26.23139879,0.9530823784,1372,Europe,2013,4.86,23705.9329811299,12.99,11.31,4.86,,0.56
2018,10548937.0,5196327.0,5352610.0,CZE,203,Cervix,Female,Mortality,2.767865218,5.744935608,0.3247042881,310,Europe,2013,4.86,23705.9329811299,12.99,11.31,4.86,,0.56
2022,10673213.0,5262083.0,5411131.0,CZE,203,Lung,Male,Mortality,25.47311949,58.76583784,3.135460257,3102,Europe,2017,10.65,28282.2236715857,15.97,11.86,10.27,87.29,1.59
2022,10673213.0,5262083.0,5411131.0,CZE,203,Lung,Male,Mortality,25.47311949,58.76583784,3.135460257,3102,Europe,2017,10.65,28282.2236715857,,,,,
2022,10673213.0,5262083.0,5411131.0,CZE,203,Lung,Female,Mortality,12.08068543,34.13643041,1.536883035,1871,Europe,2017,10.65,28282.2236715857,15.97,11.86,10.27,87.29,1.59
2022,10673213.0,5262083.0,5411131.0,CZE,203,Lung,Female,Mortality,12.08068543,34.13643041,1.536883035,1871,Europe,2017,10.65,28282.2236715857,,,,,
2022,10673213.0,5262083.0,5411131.0,CZE,203,Breast,Female,Mortality,11.50132993,30.90706206,1.183571651,1694,Europe,2017,10.65,28282.2236715857,15.97,11.86,10.27,87.29,1.59
2022,10673213.0,5262083.0,5411131.0,CZE,203,Breast,Female,Mortality,11.50132993,30.90706206,1.183571651,1694,Europe,2017,10.65,28282.2236715857,,,,,
2022,10673213.0,5262083.0,5411131.0,CZE,203,Prostate,Male,Mortality,10.94267616,28.18941544,0.9360137473,1488,Europe,2017,10.65,28282.2236715857,15.97,11.86,10.27,87.29,1.59
2022,10673213.0,5262083.0,5411131.0,CZE,203,Prostate,Male,Mortality,10.94267616,28.18941544,0.9360137473,1488,Europe,2017,10.65,28282.2236715857,,,,,
2022,10673213.0,5262083.0,5411131.0,CZE,203,Cervix,Female,Mortality,2.4534362,4.999135186,0.2724154579,274,Europe,2017,10.65,28282.2236715857,15.97,11.86,10.27,87.29,1.59
2022,10673213.0,5262083.0,5411131.0,CZE,203,Cervix,Female,Mortality,2.4534362,4.999135186,0.2724154579,274,Europe,2017,10.65,28282.2236715857,,,,,
2015,9839211.0,4690164.0,5149047.0,HUN,348,Lung,Male,Mortality,62.91742148,114.196421,7.903734609,5356,Europe,2010,1.8,12782.9412577973,6.61,10.22,1.4,101.8,0.6
2015,9839211.0,4690164.0,5149047.0,HUN,348,Lung,Female,Mortality,29.35121508,65.97337973,3.696529058,3397,Europe,2010,1.8,12782.9412577973,6.61,10.22,1.4,101.8,0.6
2015,9839211.0,4690164.0,5149047.0,HUN,348,Breast,Female,Mortality,17.89510815,43.11477863,2.037883796,2220,Europe,2010,1.8,12782.9412577973,6.61,10.22,1.4,101.8,0.6
2015,9839211.0,4690164.0,5149047.0,HUN,348,Prostate,Male,Mortality,12.58960582,26.82208694,1.163616643,1258,Europe,2010,1.8,12782.9412577973,6.61,10.22,1.4,101.8,0.6
2015,9839211.0,4690164.0,5149047.0,HUN,348,Cervix,Female,Mortality,5.025314222,9.244430012,0.5493388083,476,Europe,2010,1.8,12782.9412577973,6.61,10.22,1.4,101.8,0.6
2018,9774394.0,4673175.0,5101218.0,HUN,348,Lung,Male,Mortality,60.58876289,114.2906054,7.738514951,5341,Europe,2013,1.81,16605.0570511887,6.63,10.25,1.41,,0.6
2018,9774394.0,4673175.0,5101218.0,HUN,348,Lung,Female,Mortality,28.02828687,66.14106022,3.62252307,3374,Europe,2013,1.81,16605.0570511887,6.63,10.25,1.41,,0.6
2018,9774394.0,4673175.0,5101218.0,HUN,348,Breast,Female,Mortality,16.6565731,41.6959203,1.856543825,2127,Europe,2013,1.81,16605.0570511887,6.63,10.25,1.41,,0.6
2018,9774394.0,4673175.0,5101218.0,HUN,348,Prostate,Male,Mortality,12.43396225,28.11792839,1.158954592,1314,Europe,2013,1.81,16605.0570511887,6.63,10.25,1.41,,0.6
2018,9774394.0,4673175.0,5101218.0,HUN,348,Cervix,Female,Mortality,4.284997142,7.998089084,0.4694899778,408,Europe,2013,1.81,16605.0570511887,6.63,10.25,1.41,,0.6
2022,9684306.0,4645135.0,5039171.0,HUN,348,Lung,Male,Mortality,48.05737654,96.2081834,6.226005765,4469,Europe,2017,6.11,18428.028825614,9.52,11.8,4.97,111.1,0.93
2022,9684306.0,4645135.0,5039171.0,HUN,348,Lung,Male,Mortality,48.05737654,96.2081834,6.226005765,4469,Europe,2017,6.11,18428.028825614,,,,,
2022,9684306.0,4645135.0,5039171.0,HUN,348,Lung,Female,Mortality,25.46071852,65.30836772,3.415833792,3291,Europe,2017,6.11,18428.028825614,9.52,11.8,4.97,111.1,0.93
2022,9684306.0,4645135.0,5039171.0,HUN,348,Lung,Female,Mortality,25.46071852,65.30836772,3.415833792,3291,Europe,2017,6.11,18428.028825614,,,,,
2022,9684306.0,4645135.0,5039171.0,HUN,348,Breast,Female,Mortality,16.13275461,41.75290358,1.796487517,2104,Europe,2017,6.11,18428.028825614,9.52,11.8,4.97,111.1,0.93
2022,9684306.0,4645135.0,5039171.0,HUN,348,Breast,Female,Mortality,16.13275461,41.75290358,1.796487517,2104,Europe,2017,6.11,18428.028825614,,,,,
2022,9684306.0,4645135.0,5039171.0,HUN,348,Prostate,Male,Mortality,12.26074502,29.68697358,1.104005481,1379,Europe,2017,6.11,18428.028825614,9.52,11.8,4.97,111.1,0.93
2022,9684306.0,4645135.0,5039171.0,HUN,348,Prostate,Male,Mortality,12.26074502,29.68697358,1.104005481,1379,Europe,2017,6.11,18428.028825614,,,,,
2022,9684306.0,4645135.0,5039171.0,HUN,348,Cervix,Female,Mortality,4.136511474,7.898125297,0.4655592714,398,Europe,2017,6.11,18428.028825614,9.52,11.8,4.97,111.1,0.93
2022,9684306.0,4645135.0,5039171.0,HUN,348,Cervix,Female,Mortality,4.136511474,7.898125297,0.4655592714,398,Europe,2017,6.11,18428.028825614,,,,,
2015,38266314.0,18553765.0,19712550.0,POL,616,Lung,Male,Incidence,49.38428636,92.46319003,6.211282596,567,Europe,2010,2.72,12637.5220324406,10.58,2.8,3.27,104.8,0.34
2015,38266314.0,18553765.0,19712550.0,POL,616,Lung,Male,Mortality,50.1917304,88.44820531,6.274682861,16261,Europe,2010,2.72,12637.5220324406,10.58,2.8,3.27,104.8,0.34
2015,38266314.0,18553765.0,19712550.0,POL,616,Lung,Female,Incidence,14.49594021,30.59186722,1.975248485,197,Europe,2010,2.72,12637.5220324406,10.58,2.8,3.27,104.8,0.34
2015,38266314.0,18553765.0,19712550.0,POL,616,Lung,Female,Mortality,17.95563692,38.18987543,2.37655343,7484,Europe,2010,2.72,12637.5220324406,10.58,2.8,3.27,104.8,0.34
2015,38266314.0,18553765.0,19712550.0,POL,616,Breast,Female,Incidence,49.43584035,88.82511701,5.561605517,572,Europe,2010,2.72,12637.5220324406,10.58,2.8,3.27,104.8,0.34
2015,38266314.0,18553765.0,19712550.0,POL,616,Breast,Female,Mortality,14.74549966,32.24503245,1.647618152,6319,Europe,2010,2.72,12637.5220324406,10.58,2.8,3.27,104.8,0.34
2015,38266314.0,18553765.0,19712550.0,POL,616,Prostate,Male,Incidence,49.91084317,94.58315735,6.733595617,580,Europe,2010,2.72,12637.5220324406,10.58,2.8,3.27,104.8,0.34
2015,38266314.0,18553765.0,19712550.0,POL,616,Prostate,Male,Mortality,13.38045095,26.52195124,1.218741743,4876,Europe,2010,2.72,12637.5220324406,10.58,2.8,3.27,104.8,0.34
2015,38266314.0,18553765.0,19712550.0,POL,616,Cervix,Female,Incidence,7.417951555,11.95722729,0.786249087,77,Europe,2010,2.72,12637.5220324406,10.58,2.8,3.27,104.8,0.34
2015,38266314.0,18553765.0,19712550.0,POL,616,Cervix,Female,Mortality,4.234191531,8.088048176,0.48364528,1585,Europe,2010,2.72,12637.5220324406,10.58,2.8,3.27,104.8,0.34
2018,38241071.0,18551882.0,19689189.0,POL,616,Lung,Male,Mortality,43.83144669,85.09890005,5.427764851,15631,Europe,2013,2.72,15658.2120316794,10.6,2.8,3.27,,0.34
2018,38241071.0,18551882.0,19689189.0,POL,616,Lung,Female,Mortality,17.72842091,41.3225673,2.374620221,8091,Europe,2013,2.72,15658.2120316794,10.6,2.8,3.27,,0.34
2018,38241071.0,18551882.0,19689189.0,POL,616,Breast,Female,Mortality,14.94268299,35.21432475,1.619087207,6895,Europe,2013,2.72,15658.2120316794,10.6,2.8,3.27,,0.34
2018,38241071.0,18551882.0,19689189.0,POL,616,Prostate,Male,Mortality,13.61003215,30.34618827,1.209436194,5574,Europe,2013,2.72,15658.2120316794,10.6,2.8,3.27,,0.34
2018,38241071.0,18551882.0,19689189.0,POL,616,Cervix,Female,Mortality,4.05434685,8.135811359,0.4707236951,1593,Europe,2013,2.72,15658.2120316794,10.6,2.8,3.27,,0.34
2022,38385739.0,18604014.0,19781726.0,POL,616,Lung,Male,Mortality,35.16610352,73.25234985,4.456595703,13042,Europe,2017,4.62,18891.2121169279,0.0,3.7,9.25,73.97,0.87
2022,38385739.0,18604014.0,19781726.0,POL,616,Lung,Male,Mortality,35.16610352,73.25234985,4.456595703,13042,Europe,2017,4.62,18891.2121169279,,,,,
2022,38385739.0,18604014.0,19781726.0,POL,616,Lung,Female,Mortality,16.15207672,41.75172012,2.176340536,7935,Europe,2017,4.62,18891.2121169279,0.0,3.7,9.25,73.97,0.87
2022,38385739.0,18604014.0,19781726.0,POL,616,Lung,Female,Mortality,16.15207672,41.75172012,2.176340536,7935,Europe,2017,4.62,18891.2121169279,,,,,
2022,38385739.0,18604014.0,19781726.0,POL,616,Breast,Female,Mortality,13.91561697,34.78520753,1.512069692,6611,Europe,2017,4.62,18891.2121169279,0.0,3.7,9.25,73.97,0.87
2022,38385739.0,18604014.0,19781726.0,POL,616,Breast,Female,Mortality,13.91561697,34.78520753,1.512069692,6611,Europe,2017,4.62,18891.2121169279,,,,,
2022,38385739.0,18604014.0,19781726.0,POL,616,Prostate,Male,Mortality,13.3281999,31.59365649,1.146804352,5625,Europe,2017,4.62,18891.2121169279,0.0,3.7,9.25,73.97,0.87
2022,38385739.0,18604014.0,19781726.0,POL,616,Prostate,Male,Mortality,13.3281999,31.59365649,1.146804352,5625,Europe,2017,4.62,18891.2121169279,,,,,
2022,38385739.0,18604014.0,19781726.0,POL,616,Cervix,Female,Mortality,3.445867656,7.229598418,0.3975980831,1374,Europe,2017,4.62,18891.2121169279,0.0,3.7,9.25,73.97,0.87
2022,38385739.0,18604014.0,19781726.0,POL,616,Cervix,Female,Mortality,3.445867656,7.229598418,0.3975980831,1374,Europe,2017,4.62,18891.2121169279,,,,,
2015,3287164.0,1525707.0,1761457.0,MDA,498,Lung,Male,Mortality,36.98272554,50.8616661,4.701643427,776,Europe,2010,0.56,2749.55137054338,2.24,1.12,0.28,40.84,
2015,3287164.0,1525707.0,1761457.0,MDA,498,Lung,Female,Mortality,5.797183197,10.44590384,0.6589269848,184,Europe,2010,0.56,2749.55137054338,2.24,1.12,0.28,40.84,
2015,3287164.0,1525707.0,1761457.0,MDA,498,Breast,Female,Mortality,17.56955295,29.74811747,2.104254969,524,Europe,2010,0.56,2749.55137054338,2.24,1.12,0.28,40.84,
2015,3287164.0,1525707.0,1761457.0,MDA,498,Prostate,Male,Mortality,10.01755509,13.96074082,1.151228405,213,Europe,2010,0.56,2749.55137054338,2.24,1.12,0.28,40.84,
2015,3287164.0,1525707.0,1761457.0,MDA,498,Cervix,Female,Mortality,5.635379538,8.458911264,0.5937814671,149,Europe,2010,0.56,2749.55137054338,2.24,1.12,0.28,40.84,
2018,3153773.0,1458062.0,1695711.0,MDA,498,Lung,Male,Mortality,37.42221921,55.14180153,4.992482347,804,Europe,2013,0.57,4156.44981956646,5.45,1.15,1.43,,0.0
2018,3153773.0,1458062.0,1695711.0,MDA,498,Lung,Female,Mortality,5.894608374,11.73546954,0.6868064037,199,Europe,2013,0.57,4156.44981956646,5.45,1.15,1.43,,0.0
2018,3153773.0,1458062.0,1695711.0,MDA,498,Breast,Female,Mortality,16.65602303,29.78096542,2.005873183,505,Europe,2013,0.57,4156.44981956646,5.45,1.15,1.43,,0.0
2018,3153773.0,1458062.0,1695711.0,MDA,498,Prostate,Male,Mortality,11.98136731,17.76334154,1.353840588,259,Europe,2013,0.57,4156.44981956646,5.45,1.15,1.43,,0.0
2018,3153773.0,1458062.0,1695711.0,MDA,498,Cervix,Female,Mortality,6.054780349,9.317608984,0.6157592758,158,Europe,2013,0.57,4156.44981956646,5.45,1.15,1.43,,0.0
2015,19871019.0,9604635.0,10266385.0,ROU,642,Lung,Male,Mortality,47.80133768,83.23918394,6.072286135,8058,Europe,2010,1.16,8977.01748158196,5.49,1.16,2.0,42.27,0.05
2015,19871019.0,9604635.0,10266385.0,ROU,642,Lung,Female,Mortality,10.35362129,22.71391318,1.258966431,2303,Europe,2010,1.16,8977.01748158196,5.49,1.16,2.0,42.27,0.05
2015,19871019.0,9604635.0,10266385.0,ROU,642,Breast,Female,Mortality,15.67130851,33.85882065,1.78943142,3433,Europe,2010,1.16,8977.01748158196,5.49,1.16,2.0,42.27,0.05
2015,19871019.0,9604635.0,10266385.0,ROU,642,Prostate,Male,Mortality,10.02376222,22.70535199,0.9471090649,2198,Europe,2010,1.16,8977.01748158196,5.49,1.16,2.0,42.27,0.05
2015,19871019.0,9604635.0,10266385.0,ROU,642,Cervix,Female,Mortality,9.069372096,16.21436095,1.008676579,1644,Europe,2010,1.16,8977.01748158196,5.49,1.16,2.0,42.27,0.05
2018,19597872.0,9485968.0,10111904.0,ROU,642,Lung,Male,Mortality,44.21455858,80.31261497,5.689196344,7656,Europe,2013,1.15,12416.134317959,5.44,1.15,1.98,,0.046
2018,19597872.0,9485968.0,10111904.0,ROU,642,Lung,Female,Mortality,10.95365752,24.37923641,1.349287121,2426,Europe,2013,1.15,12416.134317959,5.44,1.15,1.98,,0.046
2018,19597872.0,9485968.0,10111904.0,ROU,642,Breast,Female,Mortality,15.40236921,35.13182625,1.780291918,3496,Europe,2013,1.15,12416.134317959,5.44,1.15,1.98,,0.046
2018,19597872.0,9485968.0,10111904.0,ROU,642,Prostate,Male,Mortality,10.47853676,24.65186065,1.004236533,2350,Europe,2013,1.15,12416.134317959,5.44,1.15,1.98,,0.046
2018,19597872.0,9485968.0,10111904.0,ROU,642,Cervix,Female,Mortality,7.964985781,14.7521513,0.922998276,1468,Europe,2013,1.15,12416.134317959,5.44,1.15,1.98,,0.046
2015,5420278.0,2642755.0,2777523.0,SVK,703,Lung,Male,Mortality,37.97820423,61.40378737,4.694108988,1624,Europe,2010,4.76,16442.0760860018,,,,,
2015,5420278.0,2642755.0,2777523.0,SVK,703,Lung,Female,Mortality,10.5397947,21.83504291,1.325165255,607,Europe,2010,4.76,16442.0760860018,,,,,
2015,5420278.0,2642755.0,2777523.0,SVK,703,Breast,Female,Mortality,15.98363919,34.02957263,1.804091618,946,Europe,2010,4.76,16442.0760860018,,,,,
2015,5420278.0,2642755.0,2777523.0,SVK,703,Prostate,Male,Mortality,15.74877369,26.84525187,1.357792839,710,Europe,2010,4.76,16442.0760860018,,,,,
2015,5420278.0,2642755.0,2777523.0,SVK,703,Cervix,Female,Mortality,4.454476951,7.769965845,0.5017795006,216,Europe,2010,4.76,16442.0760860018,,,,,
2018,5443232.0,2657468.0,2785764.0,SVK,703,Lung,Male,Mortality,36.0064526,63.07361447,4.555279723,1677,Europe,2013,4.77,19573.3717031314,,,,,
2018,5443232.0,2657468.0,2785764.0,SVK,703,Lung,Female,Mortality,9.628761652,21.91554016,1.181202643,611,Europe,2013,4.77,19573.3717031314,,,,,
2018,5443232.0,2657468.0,2785764.0,SVK,703,Breast,Female,Mortality,16.77865365,37.66173023,1.84067881,1050,Europe,2013,4.77,19573.3717031314,,,,,
2018,5443232.0,2657468.0,2785764.0,SVK,703,Prostate,Male,Mortality,14.43673166,26.81662917,1.188682402,713,Europe,2013,4.77,19573.3717031314,,,,,
2018,5443232.0,2657468.0,2785764.0,SVK,703,Cervix,Female,Mortality,4.744048856,8.464922223,0.5621282316,236,Europe,2013,4.77,19573.3717031314,,,,,
2022,5473197.0,2672668.0,2800528.0,SVK,703,Lung,Male,Mortality,27.93621466,53.49145624,3.577573017,1421,Europe,2017,6.78,21317.7943982363,18.32,5.49,9.52,135.4,1.47
2022,5473197.0,2672668.0,2800528.0,SVK,703,Lung,Male,Mortality,27.93621466,53.49145624,3.577573017,1421,Europe,2017,6.78,21317.7943982363,,,,,
2022,5473197.0,2672668.0,2800528.0,SVK,703,Lung,Female,Mortality,9.429903899,23.34920575,1.174401678,648,Europe,2017,6.78,21317.7943982363,18.32,5.49,9.52,135.4,1.47
2022,5473197.0,2672668.0,2800528.0,SVK,703,Lung,Female,Mortality,9.429903899,23.34920575,1.174401678,648,Europe,2017,6.78,21317.7943982363,,,,,
2022,5473197.0,2672668.0,2800528.0,SVK,703,Breast,Female,Mortality,15.66297991,36.284954,1.703907696,1007,Europe,2017,6.78,21317.7943982363,18.32,5.49,9.52,135.4,1.47
2022,5473197.0,2672668.0,2800528.0,SVK,703,Breast,Female,Mortality,15.66297991,36.284954,1.703907696,1007,Europe,2017,6.78,21317.7943982363,,,,,
2022,5473197.0,2672668.0,2800528.0,SVK,703,Prostate,Male,Mortality,13.30368095,27.36684636,1.207087621,727,Europe,2017,6.78,21317.7943982363,18.32,5.49,9.52,135.4,1.47
2022,5473197.0,2672668.0,2800528.0,SVK,703,Prostate,Male,Mortality,13.30368095,27.36684636,1.207087621,727,Europe,2017,6.78,21317.7943982363,,,,,
2022,5473197.0,2672668.0,2800528.0,SVK,703,Cervix,Female,Mortality,4.064925342,7.855134033,0.4437650654,218,Europe,2017,6.78,21317.7943982363,18.32,5.49,9.52,135.4,1.47
2022,5473197.0,2672668.0,2800528.0,SVK,703,Cervix,Female,Mortality,4.064925342,7.855134033,0.4437650654,218,Europe,2017,6.78,21317.7943982363,,,,,
2015,5683701.0,2824525.0,2859176.0,DNK,208,Lung,Male,Incidence,37.98131533,82.90419782,4.659047171,2340,Europe,2010,9.73,53094.0133607574,24.14,14.95,13.87,141.3,5.95
2015,5683701.0,2824525.0,2859176.0,DNK,208,Lung,Male,Mortality,29.5207089,67.05552261,3.407368698,1894,Europe,2010,9.73,53094.0133607574,24.14,14.95,13.87,141.3,5.95
2015,5683701.0,2824525.0,2859176.0,DNK,208,Lung,Female,Incidence,36.28785823,83.09367595,4.603204488,2373,Europe,2010,9.73,53094.0133607574,24.14,14.95,13.87,141.3,5.95
2015,5683701.0,2824525.0,2859176.0,DNK,208,Lung,Female,Mortality,25.6298374,62.53549974,3.159007005,1788,Europe,2010,9.73,53094.0133607574,24.14,14.95,13.87,141.3,5.95
2015,5683701.0,2824525.0,2859176.0,DNK,208,Breast,Female,Incidence,90.76403692,165.9072215,9.770336869,4738,Europe,2010,9.73,53094.0133607574,24.14,14.95,13.87,141.3,5.95
2015,5683701.0,2824525.0,2859176.0,DNK,208,Breast,Female,Mortality,14.82903925,37.38839442,1.596691578,1069,Europe,2010,9.73,53094.0133607574,24.14,14.95,13.87,141.3,5.95
2015,5683701.0,2824525.0,2859176.0,DNK,208,Prostate,Male,Incidence,76.96064471,163.0094932,9.791872098,4601,Europe,2010,9.73,53094.0133607574,24.14,14.95,13.87,141.3,5.95
2015,5683701.0,2824525.0,2859176.0,DNK,208,Prostate,Male,Mortality,15.33776575,41.42289411,1.101094608,1170,Europe,2010,9.73,53094.0133607574,24.14,14.95,13.87,141.3,5.95
2015,5683701.0,2824525.0,2859176.0,DNK,208,Cervix,Female,Incidence,9.65578099,12.7109163,0.8860421208,363,Europe,2010,9.73,53094.0133607574,24.14,14.95,13.87,141.3,5.95
2015,5683701.0,2824525.0,2859176.0,DNK,208,Cervix,Female,Mortality,1.668825506,3.392585836,0.1542637079,97,Europe,2010,9.73,53094.0133607574,24.14,14.95,13.87,141.3,5.95
2018,5793824.0,2882749.0,2911075.0,DNK,208,Lung,Male,Incidence,36.80332301,83.66821441,4.563572323,2411,Europe,2013,9.61,61324.7665045565,23.85,14.77,13.7,,5.87
2018,5793824.0,2882749.0,2911075.0,DNK,208,Lung,Male,Mortality,24.8372092,59.76933823,2.833603168,1723,Europe,2013,9.61,61324.7665045565,23.85,14.77,13.7,,5.87
2018,5793824.0,2882749.0,2911075.0,DNK,208,Lung,Female,Incidence,36.70102624,86.50991959,4.650628028,2516,Europe,2013,9.61,61324.7665045565,23.85,14.77,13.7,,5.87
2018,5793824.0,2882749.0,2911075.0,DNK,208,Lung,Female,Mortality,21.9189795,57.81368432,2.66195861,1683,Europe,2013,9.61,61324.7665045565,23.85,14.77,13.7,,5.87
2018,5793824.0,2882749.0,2911075.0,DNK,208,Breast,Female,Incidence,91.561084,168.446779,9.850795202,4899,Europe,2013,9.61,61324.7665045565,23.85,14.77,13.7,,5.87
2018,5793824.0,2882749.0,2911075.0,DNK,208,Breast,Female,Mortality,13.89224668,35.62257317,1.476642286,1037,Europe,2013,9.61,61324.7665045565,23.85,14.77,13.7,,5.87
2018,5793824.0,2882749.0,2911075.0,DNK,208,Prostate,Male,Incidence,72.63360162,161.8534019,9.468607614,4664,Europe,2013,9.61,61324.7665045565,23.85,14.77,13.7,,5.87
2018,5793824.0,2882749.0,2911075.0,DNK,208,Prostate,Male,Mortality,15.06531629,43.74296895,1.084959425,1261,Europe,2013,9.61,61324.7665045565,23.85,14.77,13.7,,5.87
2018,5793824.0,2882749.0,2911075.0,DNK,208,Cervix,Female,Incidence,8.520355547,11.4498423,0.7749127509,333,Europe,2013,9.61,61324.7665045565,23.85,14.77,13.7,,5.87
2018,5793824.0,2882749.0,2911075.0,DNK,208,Cervix,Female,Mortality,1.376793558,2.645070525,0.1423144495,77,Europe,2013,9.61,61324.7665045565,23.85,14.77,13.7,,5.87
2022,5902904.0,2935843.0,2967061.0,DNK,208,Lung,Male,Incidence,34.31986034,84.8899613,4.248406153,2494,Europe,2017,12.26,67781.0940939514,40.75,14.68,,119.4,8.29
2022,5902904.0,2935843.0,2967061.0,DNK,208,Lung,Male,Incidence,34.31986034,84.8899613,4.248406153,2494,Europe,2017,12.26,67781.0940939514,,,,,
2022,5902904.0,2935843.0,2967061.0,DNK,208,Lung,Male,Mortality,21.8149348,57.83689009,2.494459715,1698,Europe,2017,12.26,67781.0940939514,40.75,14.68,,119.4,8.29
2022,5902904.0,2935843.0,2967061.0,DNK,208,Lung,Male,Mortality,21.8149348,57.83689009,2.494459715,1698,Europe,2017,12.26,67781.0940939514,,,,,
2022,5902904.0,2935843.0,2967061.0,DNK,208,Lung,Female,Incidence,35.27687646,90.62602602,4.540754013,2694,Europe,2017,12.26,67781.0940939514,40.75,14.68,,119.4,8.29
2022,5902904.0,2935843.0,2967061.0,DNK,208,Lung,Female,Incidence,35.27687646,90.62602602,4.540754013,2694,Europe,2017,12.26,67781.0940939514,,,,,
2022,5902904.0,2935843.0,2967061.0,DNK,208,Lung,Female,Mortality,20.28375767,58.27315313,2.511203995,1729,Europe,2017,12.26,67781.0940939514,40.75,14.68,,119.4,8.29
2022,5902904.0,2935843.0,2967061.0,DNK,208,Lung,Female,Mortality,20.28375767,58.27315313,2.511203995,1729,Europe,2017,12.26,67781.0940939514,,,,,
2022,5902904.0,2935843.0,2967061.0,DNK,208,Breast,Female,Incidence,89.80534572,169.780829,9.60417192,5047,Europe,2017,12.26,67781.0940939514,40.75,14.68,,119.4,8.29
2022,5902904.0,2935843.0,2967061.0,DNK,208,Breast,Female,Incidence,89.80534572,169.780829,9.60417192,5047,Europe,2017,12.26,67781.0940939514,,,,,
2022,5902904.0,2935843.0,2967061.0,DNK,208,Breast,Female,Mortality,12.52059986,35.35485115,1.195668665,1049,Europe,2017,12.26,67781.0940939514,40.75,14.68,,119.4,8.29
2022,5902904.0,2935843.0,2967061.0,DNK,208,Breast,Female,Mortality,12.52059986,35.35485115,1.195668665,1049,Europe,2017,12.26,67781.0940939514,,,,,
2022,5902904.0,2935843.0,2967061.0,DNK,208,Prostate,Male,Incidence,66.0036425,160.1132229,8.517265621,4704,Europe,2017,12.26,67781.0940939514,40.75,14.68,,119.4,8.29
2022,5902904.0,2935843.0,2967061.0,DNK,208,Prostate,Male,Incidence,66.0036425,160.1132229,8.517265621,4704,Europe,2017,12.26,67781.0940939514,,,,,
2022,5902904.0,2935843.0,2967061.0,DNK,208,Prostate,Male,Mortality,13.93007718,45.50652836,0.9919404372,1336,Europe,2017,12.26,67781.0940939514,40.75,14.68,,119.4,8.29
2022,5902904.0,2935843.0,2967061.0,DNK,208,Prostate,Male,Mortality,13.93007718,45.50652836,0.9919404372,1336,Europe,2017,12.26,67781.0940939514,,,,,
2022,5902904.0,2935843.0,2967061.0,DNK,208,Cervix,Female,Incidence,8.86693538,11.16846349,0.825882249,332,Europe,2017,12.26,67781.0940939514,40.75,14.68,,119.4,8.29
2022,5902904.0,2935843.0,2967061.0,DNK,208,Cervix,Female,Incidence,8.86693538,11.16846349,0.825882249,332,Europe,2017,12.26,67781.0940939514,,,,,
2022,5902904.0,2935843.0,2967061.0,DNK,208,Cervix,Female,Mortality,1.361568968,2.831084363,0.1502852512,84,Europe,2017,12.26,67781.0940939514,40.75,14.68,,119.4,8.29
2022,5902904.0,2935843.0,2967061.0,DNK,208,Cervix,Female,Mortality,1.361568968,2.831084363,0.1502852512,84,Europe,2017,12.26,67781.0940939514,,,,,
2015,1314576.0,615534.0,699042.0,EST,233,Lung,Male,Incidence,51.96227208,93.89991698,6.360666739,578,Europe,2010,2.24,17722.1557669523,14.91,2.24,8.2,,0.75
2015,1314576.0,615534.0,699042.0,EST,233,Lung,Male,Mortality,44.15963382,82.20497795,5.631138838,506,Europe,2010,2.24,17722.1557669523,14.91,2.24,8.2,,0.75
2015,1314576.0,615534.0,699042.0,EST,233,Lung,Female,Incidence,13.10969939,33.75966835,1.658199429,236,Europe,2010,2.24,17722.1557669523,14.91,2.24,8.2,,0.75
2015,1314576.0,615534.0,699042.0,EST,233,Lung,Female,Mortality,9.019817627,23.74680187,1.149523692,166,Europe,2010,2.24,17722.1557669523,14.91,2.24,8.2,,0.75
2015,1314576.0,615534.0,699042.0,EST,233,Breast,Female,Incidence,57.66097431,108.0023288,6.237305653,755,Europe,2010,2.24,17722.1557669523,14.91,2.24,8.2,,0.75
2015,1314576.0,615534.0,699042.0,EST,233,Breast,Female,Mortality,13.74393405,34.3327256,1.477521503,240,Europe,2010,2.24,17722.1557669523,14.91,2.24,8.2,,0.75
2015,1314576.0,615534.0,699042.0,EST,233,Prostate,Male,Incidence,104.137756,184.5507019,13.03193558,1136,Europe,2010,2.24,17722.1557669523,14.91,2.24,8.2,,0.75
2015,1314576.0,615534.0,699042.0,EST,233,Prostate,Male,Mortality,21.63544653,47.43844577,1.911451103,292,Europe,2010,2.24,17722.1557669523,14.91,2.24,8.2,,0.75
2015,1314576.0,615534.0,699042.0,EST,233,Cervix,Female,Incidence,14.22220367,21.31436688,1.42925608,149,Europe,2010,2.24,17722.1557669523,14.91,2.24,8.2,,0.75
2015,1314576.0,615534.0,699042.0,EST,233,Cervix,Female,Mortality,4.235139652,8.440128376,0.4436570243,59,Europe,2010,2.24,17722.1557669523,14.91,2.24,8.2,,0.75
2018,1321965.0,623413.0,698552.0,EST,233,Lung,Male,Mortality,41.98112658,81.00575462,5.276786684,505,Europe,2013,2.33,23618.1361254581,15.54,2.33,8.55,,0.78
2018,1321965.0,623413.0,698552.0,EST,233,Lung,Female,Mortality,8.012228457,23.76344209,0.9828408718,166,Europe,2013,2.33,23618.1361254581,15.54,2.33,8.55,,0.78
2018,1321965.0,623413.0,698552.0,EST,233,Breast,Female,Mortality,13.7580246,37.21984906,1.559834157,260,Europe,2013,2.33,23618.1361254581,15.54,2.33,8.55,,0.78
2018,1321965.0,623413.0,698552.0,EST,233,Prostate,Male,Mortality,20.51355701,46.35774868,1.840531529,289,Europe,2013,2.33,23618.1361254581,15.54,2.33,8.55,,0.78
2018,1321965.0,623413.0,698552.0,EST,233,Cervix,Female,Mortality,3.923704328,7.730276343,0.4240443348,54,Europe,2013,2.33,23618.1361254581,15.54,2.33,8.55,,0.78
2022,1350091.0,640730.0,709362.0,EST,233,Lung,Male,Mortality,28.2523207,57.74667781,3.493314331,370,Europe,2017,6.78,28340.3826549406,18.84,2.26,13.56,76.94,2.26
2022,1350091.0,640730.0,709362.0,EST,233,Lung,Male,Mortality,28.2523207,57.74667781,3.493314331,370,Europe,2017,6.78,28340.3826549406,,,,,
2022,1350091.0,640730.0,709362.0,EST,233,Lung,Female,Mortality,7.866762247,25.09297087,0.9484885687,178,Europe,2017,6.78,28340.3826549406,18.84,2.26,13.56,76.94,2.26
2022,1350091.0,640730.0,709362.0,EST,233,Lung,Female,Mortality,7.866762247,25.09297087,0.9484885687,178,Europe,2017,6.78,28340.3826549406,,,,,
2022,1350091.0,640730.0,709362.0,EST,233,Breast,Female,Mortality,11.54993333,32.70544517,1.289139032,232,Europe,2017,6.78,28340.3826549406,18.84,2.26,13.56,76.94,2.26
2022,1350091.0,640730.0,709362.0,EST,233,Breast,Female,Mortality,11.54993333,32.70544517,1.289139032,232,Europe,2017,6.78,28340.3826549406,,,,,
2022,1350091.0,640730.0,709362.0,EST,233,Prostate,Male,Mortality,14.86832065,36.67694401,1.322333918,235,Europe,2017,6.78,28340.3826549406,18.84,2.26,13.56,76.94,2.26
2022,1350091.0,640730.0,709362.0,EST,233,Prostate,Male,Mortality,14.86832065,36.67694401,1.322333918,235,Europe,2017,6.78,28340.3826549406,,,,,
2022,1350091.0,640730.0,709362.0,EST,233,Cervix,Female,Mortality,3.474960995,7.753446054,0.4119212053,55,Europe,2017,6.78,28340.3826549406,18.84,2.26,13.56,76.94,2.26
2022,1350091.0,640730.0,709362.0,EST,233,Cervix,Female,Mortality,3.474960995,7.753446054,0.4119212053,55,Europe,2017,6.78,28340.3826549406,,,,,
2015,5479717.0,2696843.0,2782875.0,FIN,246,Lung,Male,Incidence,29.5677313,67.45340051,3.77085327,1819,Europe,2010,7.46,42560.3456767103,,,16.03,231.4,
2015,5479717.0,2696843.0,2782875.0,FIN,246,Lung,Male,Mortality,22.94776438,54.06322394,2.81569766,1458,Europe,2010,7.46,42560.3456767103,,,16.03,231.4,
2015,5479717.0,2696843.0,2782875.0,FIN,246,Lung,Female,Incidence,14.01710238,35.79059484,1.8373125,996,Europe,2010,7.46,42560.3456767103,,,16.03,231.4,
2015,5479717.0,2696843.0,2782875.0,FIN,246,Lung,Female,Mortality,10.15075007,27.88483133,1.330197998,776,Europe,2010,7.46,42560.3456767103,,,16.03,231.4,
2015,5479717.0,2696843.0,2782875.0,FIN,246,Breast,Female,Incidence,93.65040802,177.2999949,10.26276006,4934,Europe,2010,7.46,42560.3456767103,,,16.03,231.4,
2015,5479717.0,2696843.0,2782875.0,FIN,246,Breast,Female,Mortality,11.54497349,29.32219377,1.303165944,816,Europe,2010,7.46,42560.3456767103,,,16.03,231.4,
2015,5479717.0,2696843.0,2782875.0,FIN,246,Prostate,Male,Incidence,80.86953657,184.9684232,9.734822917,4988,Europe,2010,7.46,42560.3456767103,,,16.03,231.4,
2015,5479717.0,2696843.0,2782875.0,FIN,246,Prostate,Male,Mortality,11.85666862,33.29819965,0.8343151859,898,Europe,2010,7.46,42560.3456767103,,,16.03,231.4,
2015,5479717.0,2696843.0,2782875.0,FIN,246,Cervix,Female,Incidence,4.552155654,6.072902136,0.4256833536,169,Europe,2010,7.46,42560.3456767103,,,16.03,231.4,
2015,5479717.0,2696843.0,2782875.0,FIN,246,Cervix,Female,Mortality,1.143192144,2.263845843,0.1178446882,63,Europe,2010,7.46,42560.3456767103,,,16.03,231.4,
2018,5515736.0,2721322.0,2794415.0,FIN,246,Lung,Male,Incidence,26.84126923,66.88199976,3.401944964,1820,Europe,2013,7.37,49654.2497035329,20.09,8.29,15.85,,1.47
2018,5515736.0,2721322.0,2794415.0,FIN,246,Lung,Male,Mortality,21.18286811,53.68715163,2.621618209,1461,Europe,2013,7.37,49654.2497035329,20.09,8.29,15.85,,1.47
2018,5515736.0,2721322.0,2794415.0,FIN,246,Lung,Female,Incidence,14.54449962,39.58037644,1.861571468,1106,Europe,2013,7.37,49654.2497035329,20.09,8.29,15.85,,1.47
2018,5515736.0,2721322.0,2794415.0,FIN,246,Lung,Female,Mortality,9.852857559,28.84324626,1.234414636,806,Europe,2013,7.37,49654.2497035329,20.09,8.29,15.85,,1.47
2018,5515736.0,2721322.0,2794415.0,FIN,246,Breast,Female,Incidence,91.73334661,177.252807,9.994047927,4953,Europe,2013,7.37,49654.2497035329,20.09,8.29,15.85,,1.47
2018,5515736.0,2721322.0,2794415.0,FIN,246,Breast,Female,Mortality,11.99741601,30.5609582,1.282344069,854,Europe,2013,7.37,49654.2497035329,20.09,8.29,15.85,,1.47
2018,5515736.0,2721322.0,2794415.0,FIN,246,Prostate,Male,Incidence,76.8089959,184.8074598,9.338016368,5029,Europe,2013,7.37,49654.2497035329,20.09,8.29,15.85,,1.47
2018,5515736.0,2721322.0,2794415.0,FIN,246,Prostate,Male,Mortality,10.93431621,32.88843306,0.8672808132,895,Europe,2013,7.37,49654.2497035329,20.09,8.29,15.85,,1.47
2018,5515736.0,2721322.0,2794415.0,FIN,246,Cervix,Female,Incidence,4.61182707,6.298504749,0.4178615722,176,Europe,2013,7.37,49654.2497035329,20.09,8.29,15.85,,1.47
2018,5515736.0,2721322.0,2794415.0,FIN,246,Cervix,Female,Mortality,1.030466169,1.968211593,0.1071336816,55,Europe,2013,7.37,49654.2497035329,20.09,8.29,15.85,,1.47
2015,330952.0,166271.0,164680.0,ISL,352,Lung,Male,Incidence,36.38552943,62.56993996,4.457333938,104,Europe,2010,6.25,53505.6964079339,40.61,12.49,21.87,151.6,0.0
2015,330952.0,166271.0,164680.0,ISL,352,Lung,Female,Incidence,31.48399383,56.51502814,4.289588891,93,Europe,2010,6.25,53505.6964079339,40.61,12.49,21.87,151.6,0.0
2015,330952.0,166271.0,164680.0,ISL,352,Breast,Female,Incidence,92.59534569,141.5914146,9.833636562,233,Europe,2010,6.25,53505.6964079339,40.61,12.49,21.87,151.6,0.0
2015,330952.0,166271.0,164680.0,ISL,352,Prostate,Male,Incidence,71.81085993,122.7333438,9.091830908,204,Europe,2010,6.25,53505.6964079339,40.61,12.49,21.87,151.6,0.0
2015,330952.0,166271.0,164680.0,ISL,352,Cervix,Female,Incidence,11.49274666,13.36914644,1.017060857,22,Europe,2010,6.25,53505.6964079339,40.61,12.49,21.87,151.6,0.0
2018,352854.0,180258.0,172595.0,ISL,352,Lung,Male,Incidence,23.17344141,41.06274832,2.822642861,74,Europe,2013,6.07,75633.8651351915,39.45,12.14,21.24,,0.0
2018,352854.0,180258.0,172595.0,ISL,352,Lung,Female,Incidence,29.18988676,57.97168663,3.478685668,100,Europe,2013,6.07,75633.8651351915,39.45,12.14,21.24,,0.0
2018,352854.0,180258.0,172595.0,ISL,352,Breast,Female,Incidence,92.58174442,146.6683672,10.26967493,253,Europe,2013,6.07,75633.8651351915,39.45,12.14,21.24,,0.0
2018,352854.0,180258.0,172595.0,ISL,352,Prostate,Male,Incidence,59.37608639,103.2117728,8.001699025,186,Europe,2013,6.07,75633.8651351915,39.45,12.14,21.24,,0.0
2018,352854.0,180258.0,172595.0,ISL,352,Cervix,Female,Incidence,6.969776068,8.116036128,0.5040818626,14,Europe,2013,6.07,75633.8651351915,39.45,12.14,21.24,,0.0
2022,380356.0,194847.0,185508.0,ISL,352,Lung,Male,Incidence,26.69560332,47.32728087,3.167053104,93,Europe,2017,8.8,76350.4550416502,49.85,8.8,20.53,149.7,2.93
2022,380356.0,194847.0,185508.0,ISL,352,Lung,Male,Incidence,26.69560332,47.32728087,3.167053104,93,Europe,2017,8.8,76350.4550416502,,,,,
2022,380356.0,194847.0,185508.0,ISL,352,Lung,Female,Incidence,34.80686329,68.99934774,4.395623377,128,Europe,2017,8.8,76350.4550416502,49.85,8.8,20.53,149.7,2.93
2022,380356.0,194847.0,185508.0,ISL,352,Lung,Female,Incidence,34.80686329,68.99934774,4.395623377,128,Europe,2017,8.8,76350.4550416502,,,,,
2022,380356.0,194847.0,185508.0,ISL,352,Breast,Female,Incidence,94.67817824,146.6236139,10.77053276,272,Europe,2017,8.8,76350.4550416502,49.85,8.8,20.53,149.7,2.93
2022,380356.0,194847.0,185508.0,ISL,352,Breast,Female,Incidence,94.67817824,146.6236139,10.77053276,272,Europe,2017,8.8,76350.4550416502,,,,,
2022,380356.0,194847.0,185508.0,ISL,352,Prostate,Male,Incidence,82.25821025,152.1597525,11.06043843,299,Europe,2017,8.8,76350.4550416502,49.85,8.8,20.53,149.7,2.93
2022,380356.0,194847.0,185508.0,ISL,352,Prostate,Male,Incidence,82.25821025,152.1597525,11.06043843,299,Europe,2017,8.8,76350.4550416502,,,,,
2022,380356.0,194847.0,185508.0,ISL,352,Cervix,Female,Incidence,6.242416053,8.085861063,0.5600645538,15,Europe,2017,8.8,76350.4550416502,49.85,8.8,20.53,149.7,2.93
2022,380356.0,194847.0,185508.0,ISL,352,Cervix,Female,Incidence,6.242416053,8.085861063,0.5600645538,15,Europe,2017,8.8,76350.4550416502,,,,,
2015,4702487.0,2326423.0,2376064.0,IRL,372,Lung,Male,Incidence,36.5077379,60.05907535,4.28459751,1392,Europe,2010,4.03,64250.1385181257,4.7,3.13,2.01,24.77,0.45
2015,4702487.0,2326423.0,2376064.0,IRL,372,Lung,Male,Mortality,26.46499848,44.83277547,3.04103854,1043,Europe,2010,4.03,64250.1385181257,4.7,3.13,2.01,24.77,0.45
2015,4702487.0,2326423.0,2376064.0,IRL,372,Lung,Female,Incidence,27.97170399,48.60617982,3.622116679,1152,Europe,2010,4.03,64250.1385181257,4.7,3.13,2.01,24.77,0.45
2015,4702487.0,2326423.0,2376064.0,IRL,372,Lung,Female,Mortality,17.53099319,33.03783063,2.064122274,785,Europe,2010,4.03,64250.1385181257,4.7,3.13,2.01,24.77,0.45
2015,4702487.0,2326423.0,2376064.0,IRL,372,Breast,Female,Incidence,90.61371569,131.5573513,9.636669554,3118,Europe,2010,4.03,64250.1385181257,4.7,3.13,2.01,24.77,0.45
2015,4702487.0,2326423.0,2376064.0,IRL,372,Breast,Female,Mortality,16.44209067,28.53458493,1.803641727,678,Europe,2010,4.03,64250.1385181257,4.7,3.13,2.01,24.77,0.45
2015,4702487.0,2326423.0,2376064.0,IRL,372,Prostate,Male,Incidence,94.15475619,141.0007602,12.2223039,3268,Europe,2010,4.03,64250.1385181257,4.7,3.13,2.01,24.77,0.45
2015,4702487.0,2326423.0,2376064.0,IRL,372,Prostate,Male,Mortality,11.41352865,22.65280218,0.7827398217,527,Europe,2010,4.03,64250.1385181257,4.7,3.13,2.01,24.77,0.45
2015,4702487.0,2326423.0,2376064.0,IRL,372,Cervix,Female,Incidence,8.252259821,10.46383038,0.7471888951,248,Europe,2010,4.03,64250.1385181257,4.7,3.13,2.01,24.77,0.45
2015,4702487.0,2326423.0,2376064.0,IRL,372,Cervix,Female,Mortality,2.580375796,3.661517535,0.2479329327,87,Europe,2010,4.03,64250.1385181257,4.7,3.13,2.01,24.77,0.45
2018,4872556.0,2412979.0,2459577.0,IRL,372,Lung,Male,Mortality,23.582532,42.64438273,2.814265875,1029,Europe,2013,3.89,80804.1123164826,4.54,3.03,1.95,,0.43
2018,4872556.0,2412979.0,2459577.0,IRL,372,Lung,Female,Mortality,16.01705816,32.16000803,1.901722258,791,Europe,2013,3.89,80804.1123164826,4.54,3.03,1.95,,0.43
2018,4872556.0,2412979.0,2459577.0,IRL,372,Breast,Female,Mortality,17.07435353,31.71277657,1.768998399,780,Europe,2013,3.89,80804.1123164826,4.54,3.03,1.95,,0.43
2018,4872556.0,2412979.0,2459577.0,IRL,372,Prostate,Male,Mortality,11.02480009,23.91235067,0.6994666806,577,Europe,2013,3.89,80804.1123164826,4.54,3.03,1.95,,0.43
2018,4872556.0,2412979.0,2459577.0,IRL,372,Cervix,Female,Mortality,2.567505519,3.821796151,0.2847591068,94,Europe,2013,3.89,80804.1123164826,4.54,3.03,1.95,,0.43
2022,5110016.0,2530072.0,2579943.0,IRL,372,Lung,Male,Mortality,21.6354594,42.96320421,2.46996042,1087,Europe,2017,11.14,105190.685952731,21.26,4.66,15.8,150.0,1.82
2022,5110016.0,2530072.0,2579943.0,IRL,372,Lung,Male,Mortality,21.6354594,42.96320421,2.46996042,1087,Europe,2017,11.14,105190.685952731,,,,,
2022,5110016.0,2530072.0,2579943.0,IRL,372,Lung,Female,Mortality,15.49539922,33.99299248,1.878760328,877,Europe,2017,11.14,105190.685952731,21.26,4.66,15.8,150.0,1.82
2022,5110016.0,2530072.0,2579943.0,IRL,372,Lung,Female,Mortality,15.49539922,33.99299248,1.878760328,877,Europe,2017,11.14,105190.685952731,,,,,
2022,5110016.0,2530072.0,2579943.0,IRL,372,Breast,Female,Mortality,15.11352432,30.34950184,1.524840194,783,Europe,2017,11.14,105190.685952731,21.26,4.66,15.8,150.0,1.82
2022,5110016.0,2530072.0,2579943.0,IRL,372,Breast,Female,Mortality,15.11352432,30.34950184,1.524840194,783,Europe,2017,11.14,105190.685952731,,,,,
2022,5110016.0,2530072.0,2579943.0,IRL,372,Prostate,Male,Mortality,10.06421664,24.3471332,0.738819603,616,Europe,2017,11.14,105190.685952731,21.26,4.66,15.8,150.0,1.82
2022,5110016.0,2530072.0,2579943.0,IRL,372,Prostate,Male,Mortality,10.06421664,24.3471332,0.738819603,616,Europe,2017,11.14,105190.685952731,,,,,
2022,5110016.0,2530072.0,2579943.0,IRL,372,Cervix,Female,Mortality,2.262298465,3.604730104,0.2505650367,93,Europe,2017,11.14,105190.685952731,21.26,4.66,15.8,150.0,1.82
2022,5110016.0,2530072.0,2579943.0,IRL,372,Cervix,Female,Mortality,2.262298465,3.604730104,0.2505650367,93,Europe,2017,11.14,105190.685952731,,,,,
2015,1977867.0,907806.0,1070061.0,LVA,428,Lung,Male,Incidence,48.0345763,85.04516096,6.202728215,772,Europe,2010,4.88,13321.9753140616,,,,,0.0
2015,1977867.0,907806.0,1070061.0,LVA,428,Lung,Male,Mortality,40.57039066,74.24927265,5.118939057,674,Europe,2010,4.88,13321.9753140616,,,,,0.0
2015,1977867.0,907806.0,1070061.0,LVA,428,Lung,Female,Incidence,9.412881945,22.80855583,1.183130684,244,Europe,2010,4.88,13321.9753140616,,,,,0.0
2015,1977867.0,907806.0,1070061.0,LVA,428,Lung,Female,Mortality,7.679517949,20.28465825,0.9998126171,217,Europe,2010,4.88,13321.9753140616,,,,,0.0
2015,1977867.0,907806.0,1070061.0,LVA,428,Breast,Female,Incidence,57.1191568,109.1819394,6.378377019,1168,Europe,2010,4.88,13321.9753140616,,,,,0.0
2015,1977867.0,907806.0,1070061.0,LVA,428,Breast,Female,Mortality,17.01891857,41.59757108,1.967353289,445,Europe,2010,4.88,13321.9753140616,,,,,0.0
2015,1977867.0,907806.0,1070061.0,LVA,428,Prostate,Male,Incidence,74.83755393,135.4994145,9.887910484,1230,Europe,2010,4.88,13321.9753140616,,,,,0.0
2015,1977867.0,907806.0,1070061.0,LVA,428,Prostate,Male,Mortality,20.3181688,43.18355324,2.017497279,392,Europe,2010,4.88,13321.9753140616,,,,,0.0
2015,1977867.0,907806.0,1070061.0,LVA,428,Cervix,Female,Incidence,16.10405454,23.27594426,1.49691553,249,Europe,2010,4.88,13321.9753140616,,,,,0.0
2015,1977867.0,907806.0,1070061.0,LVA,428,Cervix,Female,Mortality,6.063602665,10.93688947,0.6519766066,117,Europe,2010,4.88,13321.9753140616,,,,,0.0
2018,1927588.0,887388.0,1040200.0,LVA,428,Lung,Male,Mortality,41.19676764,78.66729931,5.295318243,698,Europe,2013,5.37,17252.1710428626,,,,,0.0
2018,1927588.0,887388.0,1040200.0,LVA,428,Lung,Female,Mortality,7.698285995,22.40591439,0.9564752261,233,Europe,2013,5.37,17252.1710428626,,,,,0.0
2018,1927588.0,887388.0,1040200.0,LVA,428,Breast,Female,Mortality,15.80930898,40.19601809,1.867731599,418,Europe,2013,5.37,17252.1710428626,,,,,0.0
2018,1927588.0,887388.0,1040200.0,LVA,428,Prostate,Male,Mortality,20.42534305,48.1245513,1.734953341,427,Europe,2013,5.37,17252.1710428626,,,,,0.0
2018,1927588.0,887388.0,1040200.0,LVA,428,Cervix,Female,Mortality,6.409284584,11.73185217,0.6567457293,122,Europe,2013,5.37,17252.1710428626,,,,,0.0
2022,1881063.0,870579.0,1010484.0,LVA,428,Lung,Male,Mortality,38.92411886,79.01788124,4.985766184,688,Europe,2017,6.36,20221.103686109,39.24,3.71,13.79,177.8,1.06
2022,1881063.0,870579.0,1010484.0,LVA,428,Lung,Male,Mortality,38.92411886,79.01788124,4.985766184,688,Europe,2017,6.36,20221.103686109,,,,,
2022,1881063.0,870579.0,1010484.0,LVA,428,Lung,Female,Mortality,6.677988566,21.1164139,0.8190822543,213,Europe,2017,6.36,20221.103686109,39.24,3.71,13.79,177.8,1.06
2022,1881063.0,870579.0,1010484.0,LVA,428,Lung,Female,Mortality,6.677988566,21.1164139,0.8190822543,213,Europe,2017,6.36,20221.103686109,,,,,
2022,1881063.0,870579.0,1010484.0,LVA,428,Breast,Female,Mortality,14.04409716,40.44834211,1.506904224,408,Europe,2017,6.36,20221.103686109,39.24,3.71,13.79,177.8,1.06
2022,1881063.0,870579.0,1010484.0,LVA,428,Breast,Female,Mortality,14.04409716,40.44834211,1.506904224,408,Europe,2017,6.36,20221.103686109,,,,,
2022,1881063.0,870579.0,1010484.0,LVA,428,Prostate,Male,Mortality,20.18847236,48.58221477,1.741098467,423,Europe,2017,6.36,20221.103686109,39.24,3.71,13.79,177.8,1.06
2022,1881063.0,870579.0,1010484.0,LVA,428,Prostate,Male,Mortality,20.18847236,48.58221477,1.741098467,423,Europe,2017,6.36,20221.103686109,,,,,
2022,1881063.0,870579.0,1010484.0,LVA,428,Cervix,Female,Mortality,5.520149046,11.10346646,0.6213729886,112,Europe,2017,6.36,20221.103686109,39.24,3.71,13.79,177.8,1.06
2022,1881063.0,870579.0,1010484.0,LVA,428,Cervix,Female,Mortality,5.520149046,11.10346646,0.6213729886,112,Europe,2017,6.36,20221.103686109,,,,,
2015,2905764.0,1338185.0,1567580.0,LTU,440,Lung,Male,Incidence,51.34503839,90.43807907,6.45429195,1210,Europe,2010,3.91,14269.8039878287,18.05,2.11,5.72,89.34,0.0
2015,2905764.0,1338185.0,1567580.0,LTU,440,Lung,Male,Mortality,45.89866033,82.06695109,5.849095079,1098,Europe,2010,3.91,14269.8039878287,18.05,2.11,5.72,89.34,0.0
2015,2905764.0,1338185.0,1567580.0,LTU,440,Lung,Female,Incidence,8.445947015,20.35765658,1.021966148,319,Europe,2010,3.91,14269.8039878287,18.05,2.11,5.72,89.34,0.0
2015,2905764.0,1338185.0,1567580.0,LTU,440,Lung,Female,Mortality,5.793312721,15.6990079,0.6787417835,246,Europe,2010,3.91,14269.8039878287,18.05,2.11,5.72,89.34,0.0
2015,2905764.0,1338185.0,1567580.0,LTU,440,Breast,Female,Incidence,57.5574486,106.1278461,6.291900052,1663,Europe,2010,3.91,14269.8039878287,18.05,2.11,5.72,89.34,0.0
2015,2905764.0,1338185.0,1567580.0,LTU,440,Breast,Female,Mortality,15.92248114,36.43956712,1.845348592,571,Europe,2010,3.91,14269.8039878287,18.05,2.11,5.72,89.34,0.0
2015,2905764.0,1338185.0,1567580.0,LTU,440,Prostate,Male,Incidence,132.0466916,223.1055091,17.08240888,2985,Europe,2010,3.91,14269.8039878287,18.05,2.11,5.72,89.34,0.0
2015,2905764.0,1338185.0,1567580.0,LTU,440,Prostate,Male,Mortality,18.31539303,40.65976447,1.794745553,544,Europe,2010,3.91,14269.8039878287,18.05,2.11,5.72,89.34,0.0
2015,2905764.0,1338185.0,1567580.0,LTU,440,Cervix,Female,Incidence,16.69911011,25.65447632,1.635282447,402,Europe,2010,3.91,14269.8039878287,18.05,2.11,5.72,89.34,0.0
2015,2905764.0,1338185.0,1567580.0,LTU,440,Cervix,Female,Mortality,6.966660101,13.14632369,0.7423411508,206,Europe,2010,3.91,14269.8039878287,18.05,2.11,5.72,89.34,0.0
2018,2802478.0,1296652.0,1505826.0,LTU,440,Lung,Male,Mortality,38.25425435,71.81192834,5.009108453,931,Europe,2013,3.65,19247.2315367967,20.22,2.98,8.95,,0.33
2018,2802478.0,1296652.0,1505826.0,LTU,440,Lung,Female,Mortality,6.121004766,17.87255473,0.743403597,269,Europe,2013,3.65,19247.2315367967,20.22,2.98,8.95,,0.33
2018,2802478.0,1296652.0,1505826.0,LTU,440,Breast,Female,Mortality,13.88317244,34.61561716,1.605591832,521,Europe,2013,3.65,19247.2315367967,20.22,2.98,8.95,,0.33
2018,2802478.0,1296652.0,1505826.0,LTU,440,Prostate,Male,Mortality,17.29876057,40.41831412,1.689782042,524,Europe,2013,3.65,19247.2315367967,20.22,2.98,8.95,,0.33
2018,2802478.0,1296652.0,1505826.0,LTU,440,Cervix,Female,Mortality,6.853162994,12.55729682,0.7203076354,189,Europe,2013,3.65,19247.2315367967,20.22,2.98,8.95,,0.33
2015,5189771.0,2611894.0,2577878.0,NOR,578,Lung,Male,Incidence,31.74189428,62.2136378,3.911808325,1625,Europe,2010,7.78,74809.9658049898,,,,,0.61
2015,5189771.0,2611894.0,2577878.0,NOR,578,Lung,Male,Mortality,22.71382925,45.59767992,2.718737537,1191,Europe,2010,7.78,74809.9658049898,,,,,0.61
2015,5189771.0,2611894.0,2577878.0,NOR,578,Lung,Female,Incidence,28.66684561,59.00091779,3.801634877,1521,Europe,2010,7.78,74809.9658049898,,,,,0.61
2015,5189771.0,2611894.0,2577878.0,NOR,578,Lung,Female,Mortality,17.30725024,38.17013017,2.179235544,984,Europe,2010,7.78,74809.9658049898,,,,,0.61
2015,5189771.0,2611894.0,2577878.0,NOR,578,Breast,Female,Incidence,81.3103375,132.6259947,8.93547002,3419,Europe,2010,7.78,74809.9658049898,,,,,0.61
2015,5189771.0,2611894.0,2577878.0,NOR,578,Breast,Female,Mortality,10.32448145,22.69260787,1.089681761,585,Europe,2010,7.78,74809.9658049898,,,,,0.61
2015,5189771.0,2611894.0,2577878.0,NOR,578,Prostate,Male,Incidence,108.4066643,198.7007878,13.46255784,5190,Europe,2010,7.78,74809.9658049898,,,,,0.61
2015,5189771.0,2611894.0,2577878.0,NOR,578,Prostate,Male,Mortality,15.85250535,40.00803989,0.999741616,1045,Europe,2010,7.78,74809.9658049898,,,,,0.61
2015,5189771.0,2611894.0,2577878.0,NOR,578,Cervix,Female,Incidence,12.06004051,15.20602221,1.086942822,392,Europe,2010,7.78,74809.9658049898,,,,,0.61
2015,5189771.0,2611894.0,2577878.0,NOR,578,Cervix,Female,Mortality,1.742103757,3.064471832,0.1879371032,79,Europe,2010,7.78,74809.9658049898,,,,,0.61
2018,5311752.0,2676697.0,2635056.0,NOR,578,Lung,Male,Incidence,30.59451794,63.0248726,3.751759491,1687,Europe,2013,8.13,82792.8427113304,,,,,0.0
2018,5311752.0,2676697.0,2635056.0,NOR,578,Lung,Female,Incidence,28.74515485,63.82832987,3.729663324,1682,Europe,2013,8.13,82792.8427113304,,,,,0.0
2018,5311752.0,2676697.0,2635056.0,NOR,578,Breast,Female,Incidence,81.55133143,135.2082874,8.872320545,3563,Europe,2013,8.13,82792.8427113304,,,,,0.0
2018,5311752.0,2676697.0,2635056.0,NOR,578,Prostate,Male,Incidence,94.69007496,185.1145487,11.94586005,4955,Europe,2013,8.13,82792.8427113304,,,,,0.0
2018,5311752.0,2676697.0,2635056.0,NOR,578,Cervix,Female,Incidence,11.70583836,14.53403706,1.068798947,383,Europe,2013,8.13,82792.8427113304,,,,,0.0
2022,5456801.0,2751263.0,2705539.0,NOR,578,Lung,Male,Incidence,28.39754963,65.78466752,3.433094046,1810,Europe,2017,10.15,109269.520580298,,,,,
2022,5456801.0,2751263.0,2705539.0,NOR,578,Lung,Female,Incidence,26.33599634,64.60373297,3.314876716,1748,Europe,2017,10.15,109269.520580298,,,,,
2022,5456801.0,2751263.0,2705539.0,NOR,578,Breast,Female,Incidence,91.49552428,156.0764098,9.687267476,4223,Europe,2017,10.15,109269.520580298,,,,,
2022,5456801.0,2751263.0,2705539.0,NOR,578,Prostate,Male,Incidence,94.86154195,201.0975499,11.90468889,5533,Europe,2017,10.15,109269.520580298,,,,,
2022,5456801.0,2751263.0,2705539.0,NOR,578,Cervix,Female,Incidence,8.627225796,11.45718377,0.8465149838,310,Europe,2017,10.15,109269.520580298,,,,,
2015,9799481.0,4901707.0,4897775.0,SWE,752,Lung,Male,Incidence,18.59628963,41.90462434,2.387624577,2054,Europe,2010,8.32,51188.1652120493,,,,,
2015,9799481.0,4901707.0,4897775.0,SWE,752,Lung,Male,Mortality,15.48493355,37.43316667,1.843534375,1813,Europe,2010,8.32,51188.1652120493,,,,,
2015,9799481.0,4901707.0,4897775.0,SWE,752,Lung,Female,Incidence,19.46458782,44.47085199,2.653291762,2178,Europe,2010,8.32,51188.1652120493,,,,,
2015,9799481.0,4901707.0,4897775.0,SWE,752,Lung,Female,Mortality,14.43997527,37.35979003,1.883624291,1813,Europe,2010,8.32,51188.1652120493,,,,,
2015,9799481.0,4901707.0,4897775.0,SWE,752,Breast,Female,Incidence,85.1486865,150.8088672,9.653902297,7386,Europe,2010,8.32,51188.1652120493,,,,,
2015,9799481.0,4901707.0,4897775.0,SWE,752,Breast,Female,Mortality,11.7785189,29.32321082,1.34266611,1423,Europe,2010,8.32,51188.1652120493,,,,,
2015,9799481.0,4901707.0,4897775.0,SWE,752,Prostate,Male,Incidence,102.4103942,214.9703148,13.0223789,10537,Europe,2010,8.32,51188.1652120493,,,,,
2015,9799481.0,4901707.0,4897775.0,SWE,752,Prostate,Male,Mortality,15.69003851,48.66518138,1.014315879,2357,Europe,2010,8.32,51188.1652120493,,,,,
2015,9799481.0,4901707.0,4897775.0,SWE,752,Cervix,Female,Incidence,9.12107326,11.76088648,0.8243925842,576,Europe,2010,8.32,51188.1652120493,,,,,
2015,9799481.0,4901707.0,4897775.0,SWE,752,Cervix,Female,Mortality,1.767416278,3.358877978,0.1841224194,163,Europe,2010,8.32,51188.1652120493,,,,,
2022,10487338.0,5279778.0,5207560.0,SWE,752,Lung,Male,Incidence,14.10744949,36.3101191,1.726431102,1917,Europe,2017,12.87,54836.8907235124,,,,,
2022,10487338.0,5279778.0,5207560.0,SWE,752,Lung,Male,Mortality,10.69645962,30.24898781,1.198262479,1597,Europe,2017,12.87,54836.8907235124,,,,,
2022,10487338.0,5279778.0,5207560.0,SWE,752,Lung,Female,Incidence,17.41656994,46.14559463,2.257979347,2403,Europe,2017,12.87,54836.8907235124,,,,,
2022,10487338.0,5279778.0,5207560.0,SWE,752,Lung,Female,Mortality,11.71871808,36.48635972,1.433202215,1900,Europe,2017,12.87,54836.8907235124,,,,,
2022,10487338.0,5279778.0,5207560.0,SWE,752,Breast,Female,Incidence,84.73814013,150.8229298,9.475295231,7854,Europe,2017,12.87,54836.8907235124,,,,,
2022,10487338.0,5279778.0,5207560.0,SWE,752,Breast,Female,Mortality,10.01135518,26.38539908,1.05364016,1374,Europe,2017,12.87,54836.8907235124,,,,,
2022,10487338.0,5279778.0,5207560.0,SWE,752,Prostate,Male,Incidence,103.8963177,227.3691548,13.09685163,12004,Europe,2017,12.87,54836.8907235124,,,,,
2022,10487338.0,5279778.0,5207560.0,SWE,752,Prostate,Male,Mortality,11.69640427,40.70449268,0.7460586398,2149,Europe,2017,12.87,54836.8907235124,,,,,
2022,10487338.0,5279778.0,5207560.0,SWE,752,Cervix,Female,Incidence,7.477893404,10.06254332,0.7225285112,524,Europe,2017,12.87,54836.8907235124,,,,,
2022,10487338.0,5279778.0,5207560.0,SWE,752,Cervix,Female,Mortality,1.333983896,2.89970543,0.1499217607,151,Europe,2017,12.87,54836.8907235124,,,,,
2015,4183729.0000000005,2014755.0,2168973.0,HRV,191,Lung,Male,Incidence,57.3176495,112.8860782,7.052455993,2302,Europe,2010,2.95,12283.7840620053,14.53,5.9,7.04,213.3,0.45
2015,4183729.0000000005,2014755.0,2168973.0,HRV,191,Lung,Male,Mortality,50.96974718,104.2806435,6.237568161,2101,Europe,2010,2.95,12283.7840620053,14.53,5.9,7.04,213.3,0.45
2015,4183729.0000000005,2014755.0,2168973.0,HRV,191,Lung,Female,Incidence,17.98207822,39.74982767,2.224808236,869,Europe,2010,2.95,12283.7840620053,14.53,5.9,7.04,213.3,0.45
2015,4183729.0000000005,2014755.0,2168973.0,HRV,191,Lung,Female,Mortality,13.90193708,33.19543397,1.693635477,720,Europe,2010,2.95,12283.7840620053,14.53,5.9,7.04,213.3,0.45
2015,4183729.0000000005,2014755.0,2168973.0,HRV,191,Breast,Female,Incidence,65.88078203,126.8426607,7.223556881,2773,Europe,2010,2.95,12283.7840620053,14.53,5.9,7.04,213.3,0.45
2015,4183729.0000000005,2014755.0,2168973.0,HRV,191,Breast,Female,Mortality,17.90978712,47.85675064,1.903571108,1038,Europe,2010,2.95,12283.7840620053,14.53,5.9,7.04,213.3,0.45
2015,4183729.0000000005,2014755.0,2168973.0,HRV,191,Prostate,Male,Incidence,53.82935899,113.3274226,7.005207141,2311,Europe,2010,2.95,12283.7840620053,14.53,5.9,7.04,213.3,0.45
2015,4183729.0000000005,2014755.0,2168973.0,HRV,191,Prostate,Male,Mortality,16.45049093,40.89826284,1.346239763,824,Europe,2010,2.95,12283.7840620053,14.53,5.9,7.04,213.3,0.45
2015,4183729.0000000005,2014755.0,2168973.0,HRV,191,Cervix,Female,Incidence,9.4365306,14.08854651,0.9556511491,308,Europe,2010,2.95,12283.7840620053,14.53,5.9,7.04,213.3,0.45
2015,4183729.0000000005,2014755.0,2168973.0,HRV,191,Cervix,Female,Mortality,2.448095692,5.117629403,0.2736411772,111,Europe,2010,2.95,12283.7840620053,14.53,5.9,7.04,213.3,0.45
2018,4024868.0,1938516.0,2086351.9999999998,HRV,191,Lung,Male,Mortality,49.46413988,108.1755322,6.117018415,2097,Europe,2013,3.03,15460.3669595491,14.92,6.06,7.23,,0.47
2018,4024868.0,1938516.0,2086351.9999999998,HRV,191,Lung,Female,Mortality,16.53307377,41.22027347,2.209586157,860,Europe,2013,3.03,15460.3669595491,14.92,6.06,7.23,,0.47
2018,4024868.0,1938516.0,2086351.9999999998,HRV,191,Breast,Female,Mortality,14.16784746,37.81720438,1.516478873,789,Europe,2013,3.03,15460.3669595491,14.92,6.06,7.23,,0.47
2018,4024868.0,1938516.0,2086351.9999999998,HRV,191,Prostate,Male,Mortality,14.96366027,39.82427795,1.296242584,772,Europe,2013,3.03,15460.3669595491,14.92,6.06,7.23,,0.47
2018,4024868.0,1938516.0,2086351.9999999998,HRV,191,Cervix,Female,Mortality,3.218379426,5.991318819,0.3556505349,125,Europe,2013,3.03,15460.3669595491,14.92,6.06,7.23,,0.47
2015,10820903.0,5227191.0,5593712.0,GRC,300,Lung,Male,Mortality,47.29046896,109.9060662,5.789628684,5745,Europe,2010,4.23,17980.7298238137,,,,,
2015,10820903.0,5227191.0,5593712.0,GRC,300,Lung,Female,Mortality,10.2196178,25.26050906,1.258667604,1413,Europe,2010,4.23,17980.7298238137,,,,,
2015,10820903.0,5227191.0,5593712.0,GRC,300,Breast,Female,Mortality,13.48994965,37.84607054,1.407997614,2117,Europe,2010,4.23,17980.7298238137,,,,,
2015,10820903.0,5227191.0,5593712.0,GRC,300,Prostate,Male,Mortality,9.479290843,33.72748384,0.6405389218,1763,Europe,2010,4.23,17980.7298238137,,,,,
2015,10820903.0,5227191.0,5593712.0,GRC,300,Cervix,Female,Mortality,1.208801231,2.484933304,0.1323422971,139,Europe,2010,4.23,17980.7298238137,,,,,
2018,10730844.0,5187141.0,5543703.0,GRC,300,Lung,Male,Mortality,43.7864458,106.5905194,5.473806128,5529,Europe,2013,4.31,19873.4015238771,33.16,14.38,22.02,,0.45
2018,10730844.0,5187141.0,5543703.0,GRC,300,Lung,Female,Mortality,10.56427073,27.36438081,1.362319486,1517,Europe,2013,4.31,19873.4015238771,33.16,14.38,22.02,,0.45
2018,10730844.0,5187141.0,5543703.0,GRC,300,Breast,Female,Mortality,13.7113281,39.19762657,1.467398489,2173,Europe,2013,4.31,19873.4015238771,33.16,14.38,22.02,,0.45
2018,10730844.0,5187141.0,5543703.0,GRC,300,Prostate,Male,Mortality,8.516857522,32.98541846,0.5591192563,1711,Europe,2013,4.31,19873.4015238771,33.16,14.38,22.02,,0.45
2018,10730844.0,5187141.0,5543703.0,GRC,300,Cervix,Female,Mortality,1.264972267,2.669695689,0.1372796776,148,Europe,2013,4.31,19873.4015238771,33.16,14.38,22.02,,0.45
2015,60575316.0,29403014.0,31172302.0,ITA,380,Lung,Male,Incidence,37.31205113,82.05635643,4.626220844,1088,Europe,2010,6.54,30639.8829751432,,,,,
2015,60575316.0,29403014.0,31172302.0,ITA,380,Lung,Male,Mortality,31.3819322,82.78785112,3.646213723,24405,Europe,2010,6.54,30639.8829751432,,,,,
2015,60575316.0,29403014.0,31172302.0,ITA,380,Lung,Female,Incidence,14.39727461,32.73900551,1.797587031,456,Europe,2010,6.54,30639.8829751432,,,,,
2015,60575316.0,29403014.0,31172302.0,ITA,380,Lung,Female,Mortality,10.71332631,30.62240078,1.286901165,9570,Europe,2010,6.54,30639.8829751432,,,,,
2015,60575316.0,29403014.0,31172302.0,ITA,380,Breast,Female,Incidence,82.3613793,150.3409595,8.86063282,2094,Europe,2010,6.54,30639.8829751432,,,,,
2015,60575316.0,29403014.0,31172302.0,ITA,380,Breast,Female,Mortality,14.1179803,39.39634257,1.53345019,12312,Europe,2010,6.54,30639.8829751432,,,,,
2015,60575316.0,29403014.0,31172302.0,ITA,380,Prostate,Male,Incidence,54.19348899,116.2967846,7.304823477,1542,Europe,2010,6.54,30639.8829751432,,,,,
2015,60575316.0,29403014.0,31172302.0,ITA,380,Prostate,Male,Mortality,6.97798418,24.47168851,0.5114573769,7214,Europe,2010,6.54,30639.8829751432,,,,,
2015,60575316.0,29403014.0,31172302.0,ITA,380,Cervix,Female,Incidence,4.534205571,6.964218277,0.445636541,97,Europe,2010,6.54,30639.8829751432,,,,,
2015,60575316.0,29403014.0,31172302.0,ITA,380,Cervix,Female,Mortality,0.7108459555,1.414326138,0.07723296574,442,Europe,2010,6.54,30639.8829751432,,,,,
2018,60277499.0,29379159.0,30898339.0,ITA,380,Lung,Male,Mortality,28.60619721,80.9056103,3.286757422,23579,Europe,2013,6.41,34904.1081923834,,,,,
2018,60277499.0,29379159.0,30898339.0,ITA,380,Lung,Female,Mortality,10.99581751,33.3708658,1.334803763,10256,Europe,2013,6.41,34904.1081923834,,,,,
2018,60277499.0,29379159.0,30898339.0,ITA,380,Breast,Female,Mortality,14.55807513,42.54655237,1.558331452,13076,Europe,2013,6.41,34904.1081923834,,,,,
2018,60277499.0,29379159.0,30898339.0,ITA,380,Prostate,Male,Mortality,6.973454554,26.43783568,0.5094919787,7705,Europe,2013,6.41,34904.1081923834,,,,,
2018,60277499.0,29379159.0,30898339.0,ITA,380,Cervix,Female,Mortality,0.8196672045,1.646417521,0.08689594396,506,Europe,2013,6.41,34904.1081923834,,,,,
2015,444981.0,223435.0,221546.0,MLT,470,Lung,Male,Incidence,34.03275018,72.49392528,3.687786204,162,Europe,2010,4.8,25529.6813337717,9.6,7.2,9.6,108.2,2.4
2015,444981.0,223435.0,221546.0,MLT,470,Lung,Male,Mortality,31.10966147,66.23850337,3.647304499,148,Europe,2010,4.8,25529.6813337717,9.6,7.2,9.6,108.2,2.4
2015,444981.0,223435.0,221546.0,MLT,470,Lung,Female,Incidence,11.78932062,25.26642543,1.63688133,56,Europe,2010,4.8,25529.6813337717,9.6,7.2,9.6,108.2,2.4
2015,444981.0,223435.0,221546.0,MLT,470,Lung,Female,Mortality,8.009094302,18.50635648,1.050239688,41,Europe,2010,4.8,25529.6813337717,9.6,7.2,9.6,108.2,2.4
2015,444981.0,223435.0,221546.0,MLT,470,Breast,Female,Incidence,83.09730908,160.1710898,8.893737946,355,Europe,2010,4.8,25529.6813337717,9.6,7.2,9.6,108.2,2.4
2015,444981.0,223435.0,221546.0,MLT,470,Breast,Female,Mortality,14.9544809,36.56133842,1.571409103,81,Europe,2010,4.8,25529.6813337717,9.6,7.2,9.6,108.2,2.4
2015,444981.0,223435.0,221546.0,MLT,470,Prostate,Male,Incidence,57.32103233,120.3757154,7.396125537,269,Europe,2010,4.8,25529.6813337717,9.6,7.2,9.6,108.2,2.4
2015,444981.0,223435.0,221546.0,MLT,470,Prostate,Male,Mortality,7.80927569,17.45474075,0.7357969977,39,Europe,2010,4.8,25529.6813337717,9.6,7.2,9.6,108.2,2.4
2015,444981.0,223435.0,221546.0,MLT,470,Cervix,Female,Incidence,4.165824315,5.414234021,0.4121797951,12,Europe,2010,4.8,25529.6813337717,9.6,7.2,9.6,108.2,2.4
2015,444981.0,223435.0,221546.0,MLT,470,Cervix,Female,Mortality,1.369617868,2.256872742,0.1345444231,5,Europe,2010,4.8,25529.6813337717,9.6,7.2,9.6,108.2,2.4
2018,484558.0,246198.0,238359.0,MLT,470,Lung,Male,Mortality,26.10661013,58.89556598,2.929531049,145,Europe,2013,4.66,33382.2677499267,9.32,6.99,9.32,,2.33
2018,484558.0,246198.0,238359.0,MLT,470,Lung,Female,Mortality,9.09208144,21.39629718,1.118487806,51,Europe,2013,4.66,33382.2677499267,9.32,6.99,9.32,,2.33
2018,484558.0,246198.0,238359.0,MLT,470,Breast,Female,Mortality,16.35686538,39.01677721,1.784868933,93,Europe,2013,4.66,33382.2677499267,9.32,6.99,9.32,,2.33
2018,484558.0,246198.0,238359.0,MLT,470,Prostate,Male,Mortality,7.755006289,18.68411059,0.424661736,46,Europe,2013,4.66,33382.2677499267,9.32,6.99,9.32,,2.33
2018,484558.0,246198.0,238359.0,MLT,470,Cervix,Female,Mortality,1.558585394,2.097676194,0.1363999699,5,Europe,2013,4.66,33382.2677499267,9.32,6.99,9.32,,2.33
2015,10370267.0,4923135.0,5447132.0,PRT,620,Lung,Male,Mortality,28.82953924,61.76959636,3.584241406,3041,Europe,2010,4.03,19215.7813014347,27.26,5.06,9.84,281.8,0.66
2015,10370267.0,4923135.0,5447132.0,PRT,620,Lung,Female,Mortality,7.217269177,18.02783557,0.8377492682,982,Europe,2010,4.03,19215.7813014347,27.26,5.06,9.84,281.8,0.66
2015,10370267.0,4923135.0,5447132.0,PRT,620,Breast,Female,Mortality,12.42014588,31.02550113,1.323406277,1690,Europe,2010,4.03,19215.7813014347,27.26,5.06,9.84,281.8,0.66
2015,10370267.0,4923135.0,5447132.0,PRT,620,Prostate,Male,Mortality,10.71904941,34.99803174,0.7585746636,1723,Europe,2010,4.03,19215.7813014347,27.26,5.06,9.84,281.8,0.66
2015,10370267.0,4923135.0,5447132.0,PRT,620,Cervix,Female,Mortality,1.719619373,3.690015223,0.1752188721,201,Europe,2010,4.03,19215.7813014347,27.26,5.06,9.84,281.8,0.66
2018,10325353.0,4896701.0,5428652.0,PRT,620,Lung,Male,Mortality,28.71239762,66.94305695,3.53528298,3278,Europe,2013,4.05,23541.1401075289,27.43,5.09,9.9,,0.66
2018,10325353.0,4896701.0,5428652.0,PRT,620,Lung,Female,Mortality,7.01665051,19.13920372,0.8425827655,1039,Europe,2013,4.05,23541.1401075289,27.43,5.09,9.9,,0.66
2018,10325353.0,4896701.0,5428652.0,PRT,620,Breast,Female,Mortality,12.02844769,32.47585771,1.260549468,1763,Europe,2013,4.05,23541.1401075289,27.43,5.09,9.9,,0.66
2018,10325353.0,4896701.0,5428652.0,PRT,620,Prostate,Male,Mortality,10.89137646,38.06646069,0.7937058612,1864,Europe,2013,4.05,23541.1401075289,27.43,5.09,9.9,,0.66
2018,10325353.0,4896701.0,5428652.0,PRT,620,Cervix,Female,Mortality,1.93062698,4.14467838,0.195244842,225,Europe,2013,4.05,23541.1401075289,27.43,5.09,9.9,,0.66
2022,10417073.0,4962474.0,5454599.0,PRT,620,Lung,Male,Mortality,25.5717614,64.98774603,3.159689822,3225,Europe,2017,7.16,24620.5197587181,,,,,
2022,10417073.0,4962474.0,5454599.0,PRT,620,Lung,Female,Mortality,7.796134104,22.01811315,0.9315868167,1201,Europe,2017,7.16,24620.5197587181,,,,,
2022,10417073.0,4962474.0,5454599.0,PRT,620,Breast,Female,Mortality,12.51590946,34.6863198,1.26141728,1892,Europe,2017,7.16,24620.5197587181,,,,,
2022,10417073.0,4962474.0,5454599.0,PRT,620,Prostate,Male,Mortality,9.392105749,36.23192787,0.662206448,1798,Europe,2017,7.16,24620.5197587181,,,,,
2022,10417073.0,4962474.0,5454599.0,PRT,620,Cervix,Female,Mortality,1.393177927,3.24496755,0.1470514751,177,Europe,2017,7.16,24620.5197587181,,,,,
2015,7177253.0,3417618.0,3759635.0,SRB,688,Lung,Male,Mortality,55.22136906,110.4089763,7.080597575,3815,Europe,2010,1.42,5820.3215576888,13.19,0.3,5.99,90.14,0.2
2015,7177253.0,3417618.0,3759635.0,SRB,688,Lung,Female,Mortality,18.24241919,39.80716738,2.290517261,1449,Europe,2010,1.42,5820.3215576888,13.19,0.3,5.99,90.14,0.2
2015,7177253.0,3417618.0,3759635.0,SRB,688,Breast,Female,Mortality,20.17333362,46.51037569,2.300076123,1693,Europe,2010,1.42,5820.3215576888,13.19,0.3,5.99,90.14,0.2
2015,7177253.0,3417618.0,3759635.0,SRB,688,Prostate,Male,Mortality,12.10555324,31.05342897,1.244945452,1073,Europe,2010,1.42,5820.3215576888,13.19,0.3,5.99,90.14,0.2
2015,7177253.0,3417618.0,3759635.0,SRB,688,Cervix,Female,Mortality,6.093985747,11.64819805,0.6768277034,424,Europe,2010,1.42,5820.3215576888,13.19,0.3,5.99,90.14,0.2
2018,7020019.0,3343694.0,3676325.0,SRB,688,Lung,Male,Mortality,53.32755643,110.856141,6.95184916,3771,Europe,2013,1.47,7559.86165747394,13.67,0.32,6.2,,0.21
2018,7020019.0,3343694.0,3676325.0,SRB,688,Lung,Female,Mortality,19.85766151,45.54723424,2.594870667,1631,Europe,2013,1.47,7559.86165747394,13.67,0.32,6.2,,0.21
2018,7020019.0,3343694.0,3676325.0,SRB,688,Breast,Female,Mortality,19.9363713,47.2227916,2.273332455,1691,Europe,2013,1.47,7559.86165747394,13.67,0.32,6.2,,0.21
2018,7020019.0,3343694.0,3676325.0,SRB,688,Prostate,Male,Mortality,11.29656978,30.60229191,1.078000104,1041,Europe,2013,1.47,7559.86165747394,13.67,0.32,6.2,,0.21
2018,7020019.0,3343694.0,3676325.0,SRB,688,Cervix,Female,Mortality,6.165006276,11.92438321,0.7111160749,427,Europe,2013,1.47,7559.86165747394,13.67,0.32,6.2,,0.21
2022,6791213.0,3230996.0,3560218.0,SRB,688,Lung,Male,Mortality,40.27280537,92.01369282,5.340824554,2982,Europe,2017,4.12,10024.8191112596,,,,,
2022,6791213.0,3230996.0,3560218.0,SRB,688,Lung,Female,Mortality,17.57469425,42.82008525,2.337345152,1466,Europe,2017,4.12,10024.8191112596,,,,,
2022,6791213.0,3230996.0,3560218.0,SRB,688,Breast,Female,Mortality,19.13279054,48.07766734,2.135104736,1646,Europe,2017,4.12,10024.8191112596,,,,,
2022,6791213.0,3230996.0,3560218.0,SRB,688,Prostate,Male,Mortality,10.49777994,29.46783254,1.004531277,955,Europe,2017,4.12,10024.8191112596,,,,,
2022,6791213.0,3230996.0,3560218.0,SRB,688,Cervix,Female,Mortality,5.865268936,11.80035091,0.6637275336,404,Europe,2017,4.12,10024.8191112596,,,,,
2015,2059947.0,1021365.0,1038582.0000000001,SVN,705,Lung,Male,Incidence,48.63629009,97.50096327,5.880339438,997,Europe,2010,3.45,20697.2748530619,12.32,6.9,4.43,133.6,0.99
2015,2059947.0,1021365.0,1038582.0000000001,SVN,705,Lung,Male,Mortality,39.96040994,81.75607352,4.711778392,836,Europe,2010,3.45,20697.2748530619,12.32,6.9,4.43,133.6,0.99
2015,2059947.0,1021365.0,1038582.0000000001,SVN,705,Lung,Female,Incidence,20.52335299,44.97738157,2.6049775,468,Europe,2010,3.45,20697.2748530619,12.32,6.9,4.43,133.6,0.99
2015,2059947.0,1021365.0,1038582.0000000001,SVN,705,Lung,Female,Mortality,14.23862349,34.21356376,1.766134375,356,Europe,2010,3.45,20697.2748530619,12.32,6.9,4.43,133.6,0.99
2015,2059947.0,1021365.0,1038582.0000000001,SVN,705,Breast,Female,Incidence,70.5052597,129.8385523,7.583430902,1351,Europe,2010,3.45,20697.2748530619,12.32,6.9,4.43,133.6,0.99
2015,2059947.0,1021365.0,1038582.0000000001,SVN,705,Breast,Female,Mortality,15.53794851,41.13316092,1.623824777,428,Europe,2010,3.45,20697.2748530619,12.32,6.9,4.43,133.6,0.99
2015,2059947.0,1021365.0,1038582.0000000001,SVN,705,Prostate,Male,Incidence,82.78304176,165.9570057,10.82808903,1697,Europe,2010,3.45,20697.2748530619,12.32,6.9,4.43,133.6,0.99
2015,2059947.0,1021365.0,1038582.0000000001,SVN,705,Prostate,Male,Mortality,15.78150553,39.50891591,1.109247447,404,Europe,2010,3.45,20697.2748530619,12.32,6.9,4.43,133.6,0.99
2015,2059947.0,1021365.0,1038582.0000000001,SVN,705,Cervix,Female,Incidence,7.399593776,11.43655642,0.7118215225,119,Europe,2010,3.45,20697.2748530619,12.32,6.9,4.43,133.6,0.99
2015,2059947.0,1021365.0,1038582.0000000001,SVN,705,Cervix,Female,Mortality,2.215238051,4.709170292,0.2222087388,49,Europe,2010,3.45,20697.2748530619,12.32,6.9,4.43,133.6,0.99
2018,2069481.0000000002,1031009.0,1038471.0,SVN,705,Lung,Male,Mortality,33.35431765,72.75071728,4.075313118,747,Europe,2013,5.79,25888.0481065655,13.51,8.2,8.69,,0.97
2018,2069481.0000000002,1031009.0,1038471.0,SVN,705,Lung,Female,Mortality,17.61758333,43.47834451,2.326501876,452,Europe,2013,5.79,25888.0481065655,13.51,8.2,8.69,,0.97
2018,2069481.0000000002,1031009.0,1038471.0,SVN,705,Breast,Female,Mortality,15.65642048,45.40216507,1.556174495,472,Europe,2013,5.79,25888.0481065655,13.51,8.2,8.69,,0.97
2018,2069481.0000000002,1031009.0,1038471.0,SVN,705,Prostate,Male,Mortality,15.86026559,43.14399967,1.074327172,443,Europe,2013,5.79,25888.0481065655,13.51,8.2,8.69,,0.97
2018,2069481.0000000002,1031009.0,1038471.0,SVN,705,Cervix,Female,Mortality,1.465790941,4.040023163,0.1670551272,42,Europe,2013,5.79,25888.0481065655,13.51,8.2,8.69,,0.97
2015,46683686.0,22979318.0,23704368.0,ESP,724,Lung,Male,Incidence,46.88871043,88.99925731,5.799004972,3728,Europe,2010,4.23,25982.4416197775,14.11,4.84,8.29,,
2015,46683686.0,22979318.0,23704368.0,ESP,724,Lung,Male,Mortality,36.21337453,75.10666766,4.373272272,17259,Europe,2010,4.23,25982.4416197775,14.11,4.84,8.29,,
2015,46683686.0,22979318.0,23704368.0,ESP,724,Lung,Female,Incidence,13.80284668,26.03851971,1.682767242,1114,Europe,2010,4.23,25982.4416197775,14.11,4.84,8.29,,
2015,46683686.0,22979318.0,23704368.0,ESP,724,Lung,Female,Mortality,8.678407696,18.41854632,1.030451503,4366,Europe,2010,4.23,25982.4416197775,14.11,4.84,8.29,,
2015,46683686.0,22979318.0,23704368.0,ESP,724,Breast,Female,Incidence,71.17804577,122.6428303,7.501500433,5247,Europe,2010,4.23,25982.4416197775,14.11,4.84,8.29,,
2015,46683686.0,22979318.0,23704368.0,ESP,724,Breast,Female,Mortality,10.79978964,26.3031691,1.137722301,6235,Europe,2010,4.23,25982.4416197775,14.11,4.84,8.29,,
2015,46683686.0,22979318.0,23704368.0,ESP,724,Prostate,Male,Incidence,63.03142135,115.5462461,8.62004727,4840,Europe,2010,4.23,25982.4416197775,14.11,4.84,8.29,,
2015,46683686.0,22979318.0,23704368.0,ESP,724,Prostate,Male,Mortality,8.271033672,25.05296284,0.5832200578,5757,Europe,2010,4.23,25982.4416197775,14.11,4.84,8.29,,
2015,46683686.0,22979318.0,23704368.0,ESP,724,Cervix,Female,Incidence,5.512169504,8.695089168,0.5579229902,372,Europe,2010,4.23,25982.4416197775,14.11,4.84,8.29,,
2015,46683686.0,22979318.0,23704368.0,ESP,724,Cervix,Female,Mortality,1.420607552,2.780078338,0.1508504408,659,Europe,2010,4.23,25982.4416197775,14.11,4.84,8.29,,
2018,47092821.0,23136074.0,23956747.0,ESP,724,Lung,Male,Mortality,33.95795027,74.3168439,4.170442062,17194,Europe,2013,4.16,30602.4212881113,13.85,4.75,8.14,,
2018,47092821.0,23136074.0,23956747.0,ESP,724,Lung,Female,Mortality,9.243990391,20.69980536,1.141387159,4959,Europe,2013,4.16,30602.4212881113,13.85,4.75,8.14,,
2018,47092821.0,23136074.0,23956747.0,ESP,724,Breast,Female,Mortality,10.78781446,27.27415371,1.12675023,6534,Europe,2013,4.16,30602.4212881113,13.85,4.75,8.14,,
2018,47092821.0,23136074.0,23956747.0,ESP,724,Prostate,Male,Mortality,7.860259855,25.24628854,0.5872544038,5841,Europe,2013,4.16,30602.4212881113,13.85,4.75,8.14,,
2018,47092821.0,23136074.0,23956747.0,ESP,724,Cervix,Female,Mortality,1.29839678,2.663132854,0.1415642504,638,Europe,2013,4.16,30602.4212881113,13.85,4.75,8.14,,
2022,47828382.0,23485640.0,24342743.0,ESP,724,Lung,Male,Mortality,29.88614385,71.36275614,3.696567072,16760,Europe,2017,9.28,30319.4987196616,19.14,6.61,17.22,120.6,1.8
2022,47828382.0,23485640.0,24342743.0,ESP,724,Lung,Male,Mortality,29.88614385,71.36275614,3.696567072,16760,Europe,2017,9.28,30319.4987196616,,,,,
2022,47828382.0,23485640.0,24342743.0,ESP,724,Lung,Female,Mortality,10.15831132,24.51243939,1.330012139,5967,Europe,2017,9.28,30319.4987196616,19.14,6.61,17.22,120.6,1.8
2022,47828382.0,23485640.0,24342743.0,ESP,724,Lung,Female,Mortality,10.15831132,24.51243939,1.330012139,5967,Europe,2017,9.28,30319.4987196616,,,,,
2022,47828382.0,23485640.0,24342743.0,ESP,724,Breast,Female,Mortality,9.995780327,27.42911979,1.039813427,6677,Europe,2017,9.28,30319.4987196616,19.14,6.61,17.22,120.6,1.8
2022,47828382.0,23485640.0,24342743.0,ESP,724,Breast,Female,Mortality,9.995780327,27.42911979,1.039813427,6677,Europe,2017,9.28,30319.4987196616,,,,,
2022,47828382.0,23485640.0,24342743.0,ESP,724,Prostate,Male,Mortality,7.448921464,25.38572506,0.558357679,5962,Europe,2017,9.28,30319.4987196616,19.14,6.61,17.22,120.6,1.8
2022,47828382.0,23485640.0,24342743.0,ESP,724,Prostate,Male,Mortality,7.448921464,25.38572506,0.558357679,5962,Europe,2017,9.28,30319.4987196616,,,,,
2022,47828382.0,23485640.0,24342743.0,ESP,724,Cervix,Female,Mortality,1.298616746,2.690740372,0.1403218931,655,Europe,2017,9.28,30319.4987196616,19.14,6.61,17.22,120.6,1.8
2022,47828382.0,23485640.0,24342743.0,ESP,724,Cervix,Female,Mortality,1.298616746,2.690740372,0.1403218931,655,Europe,2017,9.28,30319.4987196616,,,,,
2015,8644039.0,4237047.0,4406991.0,AUT,40,Lung,Male,Incidence,37.07314972,72.30893935,4.816706817,3058,Europe,2010,5.48,43915.228020857,28.83,,16.8,,2.74
2015,8644039.0,4237047.0,4406991.0,AUT,40,Lung,Male,Mortality,27.59003054,56.54881141,3.542133163,2396,Europe,2010,5.48,43915.228020857,28.83,,16.8,,2.74
2015,8644039.0,4237047.0,4406991.0,AUT,40,Lung,Female,Incidence,21.41665159,44.20009531,2.746907079,1945,Europe,2010,5.48,43915.228020857,28.83,,16.8,,2.74
2015,8644039.0,4237047.0,4406991.0,AUT,40,Lung,Female,Mortality,15.03214077,33.87799067,1.954802286,1493,Europe,2010,5.48,43915.228020857,28.83,,16.8,,2.74
2015,8644039.0,4237047.0,4406991.0,AUT,40,Breast,Female,Incidence,67.77138333,124.8056162,7.368107865,5492,Europe,2010,5.48,43915.228020857,28.83,,16.8,,2.74
2015,8644039.0,4237047.0,4406991.0,AUT,40,Breast,Female,Mortality,13.79191928,35.57983213,1.498606798,1568,Europe,2010,5.48,43915.228020857,28.83,,16.8,,2.74
2015,8644039.0,4237047.0,4406991.0,AUT,40,Prostate,Male,Incidence,60.65427282,118.6784063,7.897522369,5019,Europe,2010,5.48,43915.228020857,28.83,,16.8,,2.74
2015,8644039.0,4237047.0,4406991.0,AUT,40,Prostate,Male,Mortality,9.748910856,26.62231188,0.7040407814,1128,Europe,2010,5.48,43915.228020857,28.83,,16.8,,2.74
2015,8644039.0,4237047.0,4406991.0,AUT,40,Cervix,Female,Incidence,6.103751323,9.067268909,0.608217078,399,Europe,2010,5.48,43915.228020857,28.83,,16.8,,2.74
2015,8644039.0,4237047.0,4406991.0,AUT,40,Cervix,Female,Mortality,1.571439951,3.154079507,0.1561760416,139,Europe,2010,5.48,43915.228020857,28.83,,16.8,,2.74
2018,8841650.0,4348396.0,4493255.0,AUT,40,Lung,Male,Mortality,26.88216607,57.10151513,3.436960107,2483,Europe,2013,5.41,51194.0749841299,28.49,,16.6,,2.71
2018,8841650.0,4348396.0,4493255.0,AUT,40,Lung,Female,Mortality,14.69902493,34.94126585,1.948792211,1570,Europe,2013,5.41,51194.0749841299,28.49,,16.6,,2.71
2018,8841650.0,4348396.0,4493255.0,AUT,40,Breast,Female,Mortality,13.65386712,36.12081176,1.425174418,1623,Europe,2013,5.41,51194.0749841299,28.49,,16.6,,2.71
2018,8841650.0,4348396.0,4493255.0,AUT,40,Prostate,Male,Mortality,9.58262073,27.94133745,0.703236972,1215,Europe,2013,5.41,51194.0749841299,28.49,,16.6,,2.71
2018,8841650.0,4348396.0,4493255.0,AUT,40,Cervix,Female,Mortality,1.518163404,2.959992584,0.1741115044,133,Europe,2013,5.41,51194.0749841299,28.49,,16.6,,2.71
2022,9064677.0,4460698.0,4603980.0,AUT,40,Lung,Male,Mortality,22.59982247,52.9737782,2.832824854,2363,Europe,2017,8.44,52336.7725223758,28.31,10.33,23.1,153.5,2.66
2022,9064677.0,4460698.0,4603980.0,AUT,40,Lung,Male,Mortality,22.59982247,52.9737782,2.832824854,2363,Europe,2017,8.44,52336.7725223758,,,,,
2022,9064677.0,4460698.0,4603980.0,AUT,40,Lung,Female,Mortality,14.52318218,38.27123904,1.841865806,1762,Europe,2017,8.44,52336.7725223758,28.31,10.33,23.1,153.5,2.66
2022,9064677.0,4460698.0,4603980.0,AUT,40,Lung,Female,Mortality,14.52318218,38.27123904,1.841865806,1762,Europe,2017,8.44,52336.7725223758,,,,,
2022,9064677.0,4460698.0,4603980.0,AUT,40,Breast,Female,Mortality,11.68628745,34.49189989,1.183285388,1588,Europe,2017,8.44,52336.7725223758,28.31,10.33,23.1,153.5,2.66
2022,9064677.0,4460698.0,4603980.0,AUT,40,Breast,Female,Mortality,11.68628745,34.49189989,1.183285388,1588,Europe,2017,8.44,52336.7725223758,,,,,
2022,9064677.0,4460698.0,4603980.0,AUT,40,Prostate,Male,Mortality,10.09179784,31.76633251,0.7957442841,1417,Europe,2017,8.44,52336.7725223758,28.31,10.33,23.1,153.5,2.66
2022,9064677.0,4460698.0,4603980.0,AUT,40,Prostate,Male,Mortality,10.09179784,31.76633251,0.7957442841,1417,Europe,2017,8.44,52336.7725223758,,,,,
2022,9064677.0,4460698.0,4603980.0,AUT,40,Cervix,Female,Mortality,1.298201276,2.801923857,0.145830907,129,Europe,2017,8.44,52336.7725223758,28.31,10.33,23.1,153.5,2.66
2022,9064677.0,4460698.0,4603980.0,AUT,40,Cervix,Female,Mortality,1.298201276,2.801923857,0.145830907,129,Europe,2017,8.44,52336.7725223758,,,,,
2015,11275335.0,5547255.0,5728079.0,BEL,56,Lung,Male,Mortality,36.76447377,78.28540172,4.324650251,4338,Europe,2010,8.96,40893.804537772,,,,,
2015,11275335.0,5547255.0,5728079.0,BEL,56,Lung,Female,Mortality,15.68161073,33.81912811,2.007912566,1936,Europe,2010,8.96,40893.804537772,,,,,
2015,11275335.0,5547255.0,5728079.0,BEL,56,Breast,Female,Mortality,15.2539793,37.85436498,1.66327288,2167,Europe,2010,8.96,40893.804537772,,,,,
2015,11275335.0,5547255.0,5728079.0,BEL,56,Prostate,Male,Mortality,9.7403563,27.64712666,0.7098897431,1532,Europe,2010,8.96,40893.804537772,,,,,
2015,11275335.0,5547255.0,5728079.0,BEL,56,Cervix,Female,Mortality,1.475726883,2.812437823,0.1552317986,161,Europe,2010,8.96,40893.804537772,,,,,
2018,11428605.0,5630355.0,5798251.0,BEL,56,Lung,Male,Mortality,31.08573617,70.25454527,3.637623896,3955,Europe,2013,8.28,47487.2100392561,,,,,
2018,11428605.0,5630355.0,5798251.0,BEL,56,Lung,Female,Mortality,14.45431308,33.16925219,1.836191549,1923,Europe,2013,8.28,47487.2100392561,,,,,
2018,11428605.0,5630355.0,5798251.0,BEL,56,Breast,Female,Mortality,15.00599669,38.32661381,1.669709102,2222,Europe,2013,8.28,47487.2100392561,,,,,
2018,11428605.0,5630355.0,5798251.0,BEL,56,Prostate,Male,Mortality,9.346083758,28.45708762,0.666568862,1602,Europe,2013,8.28,47487.2100392561,,,,,
2018,11428605.0,5630355.0,5798251.0,BEL,56,Cervix,Female,Mortality,1.559283845,3.01852269,0.1703242429,175,Europe,2013,8.28,47487.2100392561,,,,,
2015,64916336.0,31416099.0,33500237.999999996,FRA,250,Lung,Male,Incidence,48.23283201,92.74474996,6.007951235,3375,Europe,2010,6.78,36702.4323733379,,,10.37,,
2015,64916336.0,31416099.0,33500237.999999996,FRA,250,Lung,Male,Mortality,36.37620631,72.34507493,4.430292151,22728,Europe,2010,6.78,36702.4323733379,,,10.37,,
2015,64916336.0,31416099.0,33500237.999999996,FRA,250,Lung,Female,Incidence,19.789965,38.50563805,2.391104072,1481,Europe,2010,6.78,36702.4323733379,,,10.37,,
2015,64916336.0,31416099.0,33500237.999999996,FRA,250,Lung,Female,Mortality,12.48697611,27.02965912,1.504917449,9055,Europe,2010,6.78,36702.4323733379,,,10.37,,
2015,64916336.0,31416099.0,33500237.999999996,FRA,250,Breast,Female,Incidence,98.60609052,169.362408,10.72109982,6514,Europe,2010,6.78,36702.4323733379,,,10.37,,
2015,64916336.0,31416099.0,33500237.999999996,FRA,250,Breast,Female,Mortality,14.70511982,36.51615903,1.588024426,12233,Europe,2010,6.78,36702.4323733379,,,10.37,,
2015,64916336.0,31416099.0,33500237.999999996,FRA,250,Prostate,Male,Incidence,86.93674548,172.9036939,11.54578507,6292,Europe,2010,6.78,36702.4323733379,,,10.37,,
2015,64916336.0,31416099.0,33500237.999999996,FRA,250,Prostate,Male,Mortality,9.090873525,27.58140066,0.6598231253,8665,Europe,2010,6.78,36702.4323733379,,,10.37,,
2015,64916336.0,31416099.0,33500237.999999996,FRA,250,Cervix,Female,Incidence,6.561765156,9.28191275,0.6265762844,357,Europe,2010,6.78,36702.4323733379,,,10.37,,
2015,64916336.0,31416099.0,33500237.999999996,FRA,250,Cervix,Female,Mortality,1.229287245,2.158193655,0.1328051713,723,Europe,2010,6.78,36702.4323733379,,,10.37,,
2018,65519543.0,31721037.0,33798505.0,FRA,250,Lung,Male,Mortality,31.90302494,67.58290929,3.891649658,21438,Europe,2013,7.51,41418.1766484844,,,10.13,,
2018,65519543.0,31721037.0,33798505.0,FRA,250,Lung,Female,Mortality,12.03385936,27.37990926,1.459243363,9254,Europe,2013,7.51,41418.1766484844,,,10.13,,
2018,65519543.0,31721037.0,33798505.0,FRA,250,Breast,Female,Mortality,14.61693462,37.07560438,1.577523559,12531,Europe,2013,7.51,41418.1766484844,,,10.13,,
2018,65519543.0,31721037.0,33798505.0,FRA,250,Prostate,Male,Mortality,8.643389291,28.16742674,0.6193317788,8935,Europe,2013,7.51,41418.1766484844,,,10.13,,
2018,65519543.0,31721037.0,33798505.0,FRA,250,Cervix,Female,Mortality,1.309105886,2.432060235,0.1396388839,822,Europe,2013,7.51,41418.1766484844,,,10.13,,
2022,66277409.0,32116982.0,34160427.0,FRA,250,Lung,Male,Mortality,27.6332503,63.33098172,3.397045857,20340,Europe,2017,9.18,40988.6396406579,18.72,7.08,15.84,,2.56
2022,66277409.0,32116982.0,34160427.0,FRA,250,Lung,Male,Mortality,27.6332503,63.33098172,3.397045857,20340,Europe,2017,9.18,40988.6396406579,,,,,
2022,66277409.0,32116982.0,34160427.0,FRA,250,Lung,Female,Mortality,12.08152786,29.80641943,1.518715881,10182,Europe,2017,9.18,40988.6396406579,18.72,7.08,15.84,,2.56
2022,66277409.0,32116982.0,34160427.0,FRA,250,Lung,Female,Mortality,12.08152786,29.80641943,1.518715881,10182,Europe,2017,9.18,40988.6396406579,,,,,
2022,66277409.0,32116982.0,34160427.0,FRA,250,Breast,Female,Mortality,13.43948028,36.67108782,1.410248587,12527,Europe,2017,9.18,40988.6396406579,18.72,7.08,15.84,,2.56
2022,66277409.0,32116982.0,34160427.0,FRA,250,Breast,Female,Mortality,13.43948028,36.67108782,1.410248587,12527,Europe,2017,9.18,40988.6396406579,,,,,
2022,66277409.0,32116982.0,34160427.0,FRA,250,Prostate,Male,Mortality,7.961059971,27.74544632,0.5702635688,8911,Europe,2017,9.18,40988.6396406579,18.72,7.08,15.84,,2.56
2022,66277409.0,32116982.0,34160427.0,FRA,250,Prostate,Male,Mortality,7.961059971,27.74544632,0.5702635688,8911,Europe,2017,9.18,40988.6396406579,,,,,
2022,66277409.0,32116982.0,34160427.0,FRA,250,Cervix,Female,Mortality,1.316348226,2.318472224,0.1395422799,792,Europe,2017,9.18,40988.6396406579,18.72,7.08,15.84,,2.56
2022,66277409.0,32116982.0,34160427.0,FRA,250,Cervix,Female,Mortality,1.316348226,2.318472224,0.1395422799,792,Europe,2017,9.18,40988.6396406579,,,,,
2015,82077550.0,40401847.0,41675704.0,DEU,276,Lung,Male,Incidence,43.65640944,99.27920533,5.430121774,3089,Europe,2010,6.43,41929.7549110722,,,,,
2015,82077550.0,40401847.0,41675704.0,DEU,276,Lung,Male,Mortality,30.84187971,73.1254127,3.760362487,29378,Europe,2010,6.43,41929.7549110722,,,,,
2015,82077550.0,40401847.0,41675704.0,DEU,276,Lung,Female,Incidence,28.58327736,65.68243837,3.716629348,2128,Europe,2010,6.43,41929.7549110722,,,,,
2015,82077550.0,40401847.0,41675704.0,DEU,276,Lung,Female,Mortality,15.17924691,38.25654879,1.933779832,15881,Europe,2010,6.43,41929.7549110722,,,,,
2015,82077550.0,40401847.0,41675704.0,DEU,276,Breast,Female,Incidence,93.44421119,186.5838064,10.04285498,6045,Europe,2010,6.43,41929.7549110722,,,,,
2015,82077550.0,40401847.0,41675704.0,DEU,276,Breast,Female,Mortality,15.44983373,43.688733,1.692762569,18136,Europe,2010,6.43,41929.7549110722,,,,,
2015,82077550.0,40401847.0,41675704.0,DEU,276,Prostate,Male,Incidence,64.11032582,152.6630707,8.214315808,4750,Europe,2010,6.43,41929.7549110722,,,,,
2015,82077550.0,40401847.0,41675704.0,DEU,276,Prostate,Male,Mortality,11.21293894,34.59878945,0.9432650928,13900,Europe,2010,6.43,41929.7549110722,,,,,
2015,82077550.0,40401847.0,41675704.0,DEU,276,Cervix,Female,Incidence,7.880274183,11.72900685,0.7509462729,380,Europe,2010,6.43,41929.7549110722,,,,,
2015,82077550.0,40401847.0,41675704.0,DEU,276,Cervix,Female,Mortality,1.755905016,3.712193293,0.1934546965,1541,Europe,2010,6.43,41929.7549110722,,,,,
2018,83368505.0,41163696.0,42204810.0,DEU,276,Lung,Male,Mortality,28.40200254,69.34337387,3.510514831,28365,Europe,2013,6.44,48916.1686612154,,,,,
2018,83368505.0,41163696.0,42204810.0,DEU,276,Lung,Female,Mortality,15.03156382,39.31842976,1.951454028,16514,Europe,2013,6.44,48916.1686612154,,,,,
2018,83368505.0,41163696.0,42204810.0,DEU,276,Breast,Female,Mortality,15.33619854,44.26359014,1.648614601,18591,Europe,2013,6.44,48916.1686612154,,,,,
2018,83368505.0,41163696.0,42204810.0,DEU,276,Prostate,Male,Mortality,11.04042921,36.57976038,0.8990117837,14963,Europe,2013,6.44,48916.1686612154,,,,,
2018,83368505.0,41163696.0,42204810.0,DEU,276,Cervix,Female,Mortality,1.875882874,3.838034926,0.2126922611,1612,Europe,2013,6.44,48916.1686612154,,,,,
2015,569536.0,285560.0,283976.0,LUX,442,Lung,Male,Mortality,28.94283351,50.77333035,3.677301753,145,Europe,2010,3.94,105462.012584423,19.71,17.74,13.79,183.0,1.97
2015,569536.0,285560.0,283976.0,LUX,442,Lung,Female,Mortality,12.4192356,27.81484468,1.334918564,79,Europe,2010,3.94,105462.012584423,19.71,17.74,13.79,183.0,1.97
2015,569536.0,285560.0,283976.0,LUX,442,Breast,Female,Mortality,17.07515855,32.74405766,1.99013661,93,Europe,2010,3.94,105462.012584423,19.71,17.74,13.79,183.0,1.97
2015,569536.0,285560.0,283976.0,LUX,442,Prostate,Male,Mortality,9.70533121,19.25884944,1.025228201,55,Europe,2010,3.94,105462.012584423,19.71,17.74,13.79,183.0,1.97
2015,569536.0,285560.0,283976.0,LUX,442,Cervix,Female,Mortality,1.846029616,3.520866415,0.1671359209,10,Europe,2010,3.94,105462.012584423,19.71,17.74,13.79,183.0,1.97
2018,608101.0,305733.0,302368.0,LUX,442,Lung,Male,Mortality,24.58751423,45.14968101,2.897245695,138,Europe,2013,3.77,116926.759593905,18.85,16.97,13.2,,1.89
2018,608101.0,305733.0,302368.0,LUX,442,Lung,Female,Mortality,13.39266487,28.11781032,1.822196376,85,Europe,2013,3.77,116926.759593905,18.85,16.97,13.2,,1.89
2018,608101.0,305733.0,302368.0,LUX,442,Breast,Female,Mortality,13.80681561,30.10259693,1.418942574,91,Europe,2013,3.77,116926.759593905,18.85,16.97,13.2,,1.89
2018,608101.0,305733.0,302368.0,LUX,442,Prostate,Male,Mortality,8.326156445,18.64878129,0.7841714654,57,Europe,2013,3.77,116926.759593905,18.85,16.97,13.2,,1.89
2018,608101.0,305733.0,302368.0,LUX,442,Cervix,Female,Mortality,0.5410234722,0.9923933053,0.04776548779,3,Europe,2013,3.77,116926.759593905,18.85,16.97,13.2,,1.89
2015,8283933.999999999,4098434.0,4185501.0,CHE,756,Lung,Male,Incidence,37.25087828,74.20644251,4.613349328,789,Europe,2010,9.79,83806.4476003837,,,,,
2015,8283933.999999999,4098434.0,4185501.0,CHE,756,Lung,Male,Mortality,23.68139665,50.16550836,2.840737768,2056,Europe,2010,9.79,83806.4476003837,,,,,
2015,8283933.999999999,4098434.0,4185501.0,CHE,756,Lung,Female,Incidence,21.35148333,45.19806697,2.76551389,500,Europe,2010,9.79,83806.4476003837,,,,,
2015,8283933.999999999,4098434.0,4185501.0,CHE,756,Lung,Female,Mortality,12.28493994,28.33591825,1.541905287,1186,Europe,2010,9.79,83806.4476003837,,,,,
2015,8283933.999999999,4098434.0,4185501.0,CHE,756,Breast,Female,Incidence,89.06915202,159.0971957,9.847837937,1760,Europe,2010,9.79,83806.4476003837,,,,,
2015,8283933.999999999,4098434.0,4185501.0,CHE,756,Breast,Female,Mortality,13.39742355,34.0222155,1.468217113,1424,Europe,2010,9.79,83806.4476003837,,,,,
2015,8283933.999999999,4098434.0,4185501.0,CHE,756,Prostate,Male,Incidence,76.05008281,148.8831413,9.959566913,1583,Europe,2010,9.79,83806.4476003837,,,,,
2015,8283933.999999999,4098434.0,4185501.0,CHE,756,Prostate,Male,Mortality,11.74730712,33.08581193,0.827827931,1356,Europe,2010,9.79,83806.4476003837,,,,,
2015,8283933.999999999,4098434.0,4185501.0,CHE,756,Cervix,Female,Incidence,3.678188283,5.423768036,0.3788042086,60,Europe,2010,9.79,83806.4476003837,,,,,
2015,8283933.999999999,4098434.0,4185501.0,CHE,756,Cervix,Female,Mortality,0.8396766757,1.791900395,0.09540588762,75,Europe,2010,9.79,83806.4476003837,,,,,
2022,8792182.0,4365224.0,4426958.0,CHE,756,Lung,Male,Mortality,17.50579254,43.2967472,2.019804518,1890,Europe,2017,12.82,94394.5106803525,,,,,
2022,8792182.0,4365224.0,4426958.0,CHE,756,Lung,Female,Mortality,11.91558799,32.34726871,1.518683147,1432,Europe,2017,12.82,94394.5106803525,,,,,
2022,8792182.0,4365224.0,4426958.0,CHE,756,Breast,Female,Mortality,10.95006444,30.63051423,1.112370264,1356,Europe,2017,12.82,94394.5106803525,,,,,
2022,8792182.0,4365224.0,4426958.0,CHE,756,Prostate,Male,Mortality,9.363378939,30.857523,0.6345926096,1347,Europe,2017,12.82,94394.5106803525,,,,,
2022,8792182.0,4365224.0,4426958.0,CHE,756,Cervix,Female,Mortality,0.8062978234,1.739343359,0.09208508974,77,Europe,2017,12.82,94394.5106803525,,,,,
2015,11275065.0,5593658.0,5681406.0,CUB,192,Lung,Male,Mortality,35.80160241,63.26807402,4.262521581,3539,Americas,2010,1.15,7727.91997207998,4.8,1.24,0.8,17.43,
2015,11275065.0,5593658.0,5681406.0,CUB,192,Lung,Female,Mortality,18.19898113,34.9209333,2.219774695,1984,Americas,2010,1.15,7727.91997207998,4.8,1.24,0.8,17.43,
2015,11275065.0,5593658.0,5681406.0,CUB,192,Breast,Female,Mortality,14.3865667,27.40518808,1.528904061,1557,Americas,2010,1.15,7727.91997207998,4.8,1.24,0.8,17.43,
2015,11275065.0,5593658.0,5681406.0,CUB,192,Prostate,Male,Mortality,23.67732823,52.80980239,1.908885149,2954,Americas,2010,1.15,7727.91997207998,4.8,1.24,0.8,17.43,
2015,11275065.0,5593658.0,5681406.0,CUB,192,Cervix,Female,Mortality,5.043795274,8.431011619,0.5505136858,479,Americas,2010,1.15,7727.91997207998,4.8,1.24,0.8,17.43,
2018,11227118.0,5561949.0,5665168.0,CUB,192,Lung,Male,Mortality,33.86855874,63.57483681,4.127042881,3536,Americas,2013,1.15,8911.46205998726,4.79,1.24,0.8,,
2018,11227118.0,5561949.0,5665168.0,CUB,192,Lung,Female,Mortality,17.90437924,36.83915139,2.253365574,2087,Americas,2013,1.15,8911.46205998726,4.79,1.24,0.8,,
2018,11227118.0,5561949.0,5665168.0,CUB,192,Breast,Female,Mortality,13.90180917,28.15450238,1.523674256,1595,Americas,2013,1.15,8911.46205998726,4.79,1.24,0.8,,
2018,11227118.0,5561949.0,5665168.0,CUB,192,Prostate,Male,Mortality,24.88736892,57.38995449,2.157776035,3192,Americas,2013,1.15,8911.46205998726,4.79,1.24,0.8,,
2018,11227118.0,5561949.0,5665168.0,CUB,192,Cervix,Female,Mortality,5.590648273,9.726100821,0.635814052,551,Americas,2013,1.15,8911.46205998726,4.79,1.24,0.8,,
2015,356333.0,179203.0,177130.0,BLZ,84,Lung,Male,Mortality,14.0646842,9.486501267,1.860442957,17,Americas,2010,0.0,6154.62264230369,12.84,0.0,3.21,289.7,0.0
2015,356333.0,179203.0,177130.0,BLZ,84,Lung,Female,Mortality,7.489221625,5.08104263,0.7052846331,9,Americas,2010,0.0,6154.62264230369,12.84,0.0,3.21,289.7,0.0
2015,356333.0,179203.0,177130.0,BLZ,84,Breast,Female,Mortality,12.73914911,9.597524968,1.089228193,17,Americas,2010,0.0,6154.62264230369,12.84,0.0,3.21,289.7,0.0
2015,356333.0,179203.0,177130.0,BLZ,84,Prostate,Male,Mortality,24.83926504,16.74088459,1.657845718,30,Americas,2010,0.0,6154.62264230369,12.84,0.0,3.21,289.7,0.0
2015,356333.0,179203.0,177130.0,BLZ,84,Cervix,Female,Mortality,9.496609661,7.339283799,0.7220514423,13,Americas,2010,0.0,6154.62264230369,12.84,0.0,3.21,289.7,0.0
2015,4818038.0,2385764.0,2432275.0,CRI,188,Lung,Male,Incidence,5.565491564,5.821261049,0.6300842058,142,Americas,2010,1.72,11714.7105980732,3.01,1.07,0.64,69.64,0.0
2015,4818038.0,2385764.0,2432275.0,CRI,188,Lung,Male,Mortality,6.686904122,7.838161662,0.6861559924,187,Americas,2010,1.72,11714.7105980732,3.01,1.07,0.64,69.64,0.0
2015,4818038.0,2385764.0,2432275.0,CRI,188,Lung,Female,Incidence,3.255883015,3.677544537,0.405676742,88,Americas,2010,1.72,11714.7105980732,3.01,1.07,0.64,69.64,0.0
2015,4818038.0,2385764.0,2432275.0,CRI,188,Lung,Female,Mortality,3.405131155,4.645856246,0.3814880347,113,Americas,2010,1.72,11714.7105980732,3.01,1.07,0.64,69.64,0.0
2015,4818038.0,2385764.0,2432275.0,CRI,188,Breast,Female,Incidence,47.30779714,52.07068742,5.441633711,1246,Americas,2010,1.72,11714.7105980732,3.01,1.07,0.64,69.64,0.0
2015,4818038.0,2385764.0,2432275.0,CRI,188,Breast,Female,Mortality,9.861666473,12.95083821,1.101186975,315,Americas,2010,1.72,11714.7105980732,3.01,1.07,0.64,69.64,0.0
2015,4818038.0,2385764.0,2432275.0,CRI,188,Prostate,Male,Incidence,41.11709627,40.62584296,5.526447182,991,Americas,2010,1.72,11714.7105980732,3.01,1.07,0.64,69.64,0.0
2015,4818038.0,2385764.0,2432275.0,CRI,188,Prostate,Male,Mortality,12.79261937,16.26313757,0.8831561302,388,Americas,2010,1.72,11714.7105980732,3.01,1.07,0.64,69.64,0.0
2015,4818038.0,2385764.0,2432275.0,CRI,188,Cervix,Female,Incidence,11.5785035,13.33109895,1.112217522,319,Americas,2010,1.72,11714.7105980732,3.01,1.07,0.64,69.64,0.0
2015,4818038.0,2385764.0,2432275.0,CRI,188,Cervix,Female,Mortality,4.16523657,5.139221511,0.4238126781,125,Americas,2010,1.72,11714.7105980732,3.01,1.07,0.64,69.64,0.0
2018,4957818.0,2454074.0,2503744.0,CRI,188,Lung,Male,Mortality,7.199490255,9.372170521,0.7389985887,230,Americas,2013,2.26,12590.2493781614,5.13,1.23,0.82,,0.21
2018,4957818.0,2454074.0,2503744.0,CRI,188,Lung,Female,Mortality,3.571393238,5.312044682,0.3748724555,133,Americas,2013,2.26,12590.2493781614,5.13,1.23,0.82,,0.21
2018,4957818.0,2454074.0,2503744.0,CRI,188,Breast,Female,Mortality,9.813699539,13.81930421,1.129635528,346,Americas,2013,2.26,12590.2493781614,5.13,1.23,0.82,,0.21
2018,4957818.0,2454074.0,2503744.0,CRI,188,Prostate,Male,Mortality,12.49636848,17.56263259,0.9335890757,431,Americas,2013,2.26,12590.2493781614,5.13,1.23,0.82,,0.21
2018,4957818.0,2454074.0,2503744.0,CRI,188,Cervix,Female,Mortality,3.511222439,4.553181156,0.3775017244,114,Americas,2013,2.26,12590.2493781614,5.13,1.23,0.82,,0.21
2022,5081765.0,2512039.0,2569725.0,CRI,188,Lung,Male,Mortality,5.421611968,8.001466537,0.6187544792,201,Americas,2017,1.37,13625.9008491328,,,,,
2022,5081765.0,2512039.0,2569725.0,CRI,188,Lung,Female,Mortality,2.728050192,4.708675053,0.3091545514,121,Americas,2017,1.37,13625.9008491328,,,,,
2022,5081765.0,2512039.0,2569725.0,CRI,188,Breast,Female,Mortality,9.836689472,15.37129459,1.083770222,395,Americas,2017,1.37,13625.9008491328,,,,,
2022,5081765.0,2512039.0,2569725.0,CRI,188,Prostate,Male,Mortality,11.31047284,17.91373105,0.8412244216,450,Americas,2017,1.37,13625.9008491328,,,,,
2022,5081765.0,2512039.0,2569725.0,CRI,188,Cervix,Female,Mortality,4.225911744,5.681541799,0.433069749,146,Americas,2017,1.37,13625.9008491328,,,,,
2015,15971743.0,7928078.0,8043664.0,GTM,320,Lung,Male,Mortality,4.090229554,2.510066755,0.3912569839,199,Americas,2010,0.83,3893.50533299068,,,,,
2015,15971743.0,7928078.0,8043664.0,GTM,320,Lung,Female,Mortality,2.75073162,1.852389427,0.3339209336,149,Americas,2010,0.83,3893.50533299068,,,,,
2015,15971743.0,7928078.0,8043664.0,GTM,320,Breast,Female,Mortality,6.437010662,4.425843195,0.6971754918,356,Americas,2010,0.83,3893.50533299068,,,,,
2015,15971743.0,7928078.0,8043664.0,GTM,320,Prostate,Male,Mortality,13.88361516,7.568040468,0.8887192521,600,Americas,2010,0.83,3893.50533299068,,,,,
2015,15971743.0,7928078.0,8043664.0,GTM,320,Cervix,Female,Mortality,7.002816839,4.761511077,0.7448916785,383,Americas,2010,0.83,3893.50533299068,,,,,
2018,16845685.0,8361648.999999999,8484035.0,GTM,320,Lung,Male,Mortality,4.588597122,2.762612312,0.4638762386,231,Americas,2013,0.65,4352.94593289707,,,,,
2018,16845685.0,8361648.999999999,8484035.0,GTM,320,Lung,Female,Mortality,3.170472079,2.180566205,0.375872763,185,Americas,2013,0.65,4352.94593289707,,,,,
2018,16845685.0,8361648.999999999,8484035.0,GTM,320,Breast,Female,Mortality,6.213726981,4.431853475,0.6391310774,376,Americas,2013,0.65,4352.94593289707,,,,,
2018,16845685.0,8361648.999999999,8484035.0,GTM,320,Prostate,Male,Mortality,11.44377598,6.55372964,0.6417831194,548,Americas,2013,0.65,4352.94593289707,,,,,
2018,16845685.0,8361648.999999999,8484035.0,GTM,320,Cervix,Female,Mortality,6.4084399,4.632229829,0.708647304,393,Americas,2013,0.65,4352.94593289707,,,,,
2022,17847877.0,8851469.0,8996407.0,GTM,320,Lung,Male,Mortality,3.665433912,2.293404113,0.3914389695,203,Americas,2017,0.78,5358.70156997677,,,,,
2022,17847877.0,8851469.0,8996407.0,GTM,320,Lung,Female,Mortality,2.867786998,2.134184636,0.3042204856,192,Americas,2017,0.78,5358.70156997677,,,,,
2022,17847877.0,8851469.0,8996407.0,GTM,320,Breast,Female,Mortality,5.970389755,4.457333536,0.6429235012,401,Americas,2017,0.78,5358.70156997677,,,,,
2022,17847877.0,8851469.0,8996407.0,GTM,320,Prostate,Male,Mortality,13.03794297,7.241734171,0.7442026666,641,Americas,2017,0.78,5358.70156997677,,,,,
2022,17847877.0,8851469.0,8996407.0,GTM,320,Cervix,Female,Mortality,5.411622085,4.157213822,0.5758976464,374,Americas,2017,0.78,5358.70156997677,,,,,
2015,121072306.0,59066012.0,62006295.0,MEX,484,Lung,Male,Mortality,7.616645431,7.159785963,0.8702593324,4229,Americas,2010,0.58,10021.2386118827,3.94,0.82,1.53,87.91,0.12
2015,121072306.0,59066012.0,62006295.0,MEX,484,Lung,Female,Mortality,3.936900107,4.094745575,0.4316189843,2539,Americas,2010,0.58,10021.2386118827,3.94,0.82,1.53,87.91,0.12
2015,121072306.0,59066012.0,62006295.0,MEX,484,Breast,Female,Mortality,9.838636968,9.947377197,1.092473132,6168,Americas,2010,0.58,10021.2386118827,3.94,0.82,1.53,87.91,0.12
2015,121072306.0,59066012.0,62006295.0,MEX,484,Prostate,Male,Mortality,10.61724471,10.67788368,0.8715608709,6307,Americas,2010,0.58,10021.2386118827,3.94,0.82,1.53,87.91,0.12
2015,121072306.0,59066012.0,62006295.0,MEX,484,Cervix,Female,Mortality,6.109427727,6.288071286,0.6564578325,3899,Americas,2010,0.58,10021.2386118827,3.94,0.82,1.53,87.91,0.12
2018,124573711.0,60641037.0,63932674.0,MEX,484,Lung,Male,Mortality,6.756425079,6.756150954,0.7696920724,4097,Americas,2013,0.54,10084.7937562021,3.65,0.76,1.41,,0.11
2018,124573711.0,60641037.0,63932674.0,MEX,484,Lung,Female,Mortality,3.83941508,4.265424593,0.4265236258,2727,Americas,2013,0.54,10084.7937562021,3.65,0.76,1.41,,0.11
2018,124573711.0,60641037.0,63932674.0,MEX,484,Breast,Female,Mortality,10.32618884,11.1132533,1.136711368,7105,Americas,2013,0.54,10084.7937562021,3.65,0.76,1.41,,0.11
2018,124573711.0,60641037.0,63932674.0,MEX,484,Prostate,Male,Mortality,10.17424448,10.85073793,0.8714411891,6580,Americas,2013,0.54,10084.7937562021,3.65,0.76,1.41,,0.11
2018,124573711.0,60641037.0,63932674.0,MEX,484,Cervix,Female,Mortality,5.836958188,6.341045582,0.631618264,4054,Americas,2013,0.54,10084.7937562021,3.65,0.76,1.41,,0.11
2022,128613117.0,62401721.0,66211395.99999999,MEX,484,Lung,Male,Mortality,5.330155506,5.690548137,0.5767911026,3551,Americas,2017,1.86,11405.7940473759,,,,,
2022,128613117.0,62401721.0,66211395.99999999,MEX,484,Lung,Female,Mortality,3.280207645,3.935878349,0.365243739,2606,Americas,2017,1.86,11405.7940473759,,,,,
2022,128613117.0,62401721.0,66211395.99999999,MEX,484,Breast,Female,Mortality,9.927216949,11.51463413,1.081347717,7624,Americas,2017,1.86,11405.7940473759,,,,,
2022,128613117.0,62401721.0,66211395.99999999,MEX,484,Prostate,Male,Mortality,10.24966928,11.45961975,0.8122336275,7151,Americas,2017,1.86,11405.7940473759,,,,,
2022,128613117.0,62401721.0,66211395.99999999,MEX,484,Cervix,Female,Mortality,5.359302547,6.227024725,0.5670496258,4123,Americas,2017,1.86,11405.7940473759,,,,,
2015,6149417.0,3021397.0,3128020.0,NIC,558,Lung,Male,Mortality,5.653172131,3.640697571,0.6113426256,110,Americas,2010,0.35,2074.45620634731,0.52,0.17,0.17,,0.0
2015,6149417.0,3021397.0,3128020.0,NIC,558,Lung,Female,Mortality,3.260731179,2.653434871,0.3515547569,83,Americas,2010,0.35,2074.45620634731,0.52,0.17,0.17,,0.0
2015,6149417.0,3021397.0,3128020.0,NIC,558,Breast,Female,Mortality,8.028184078,6.297911683,0.8920376059,197,Americas,2010,0.35,2074.45620634731,0.52,0.17,0.17,,0.0
2015,6149417.0,3021397.0,3128020.0,NIC,558,Prostate,Male,Mortality,12.69328875,7.18210339,0.8714192187,217,Americas,2010,0.35,2074.45620634731,0.52,0.17,0.17,,0.0
2015,6149417.0,3021397.0,3128020.0,NIC,558,Cervix,Female,Mortality,9.435982745,7.672582761,1.016481654,240,Americas,2010,0.35,2074.45620634731,0.52,0.17,0.17,,0.0
2018,6400080.0,3146392.0,3253689.0,NIC,558,Lung,Male,Mortality,5.080021987,3.241809425,0.574652403,102,Americas,2013,0.33,2035.16549390507,0.49,0.16,0.16,,0.0
2018,6400080.0,3146392.0,3253689.0,NIC,558,Lung,Female,Mortality,2.677591719,2.243607869,0.3200621411,73,Americas,2013,0.33,2035.16549390507,0.49,0.16,0.16,,0.0
2018,6400080.0,3146392.0,3253689.0,NIC,558,Breast,Female,Mortality,8.021804774,6.638620544,0.9131304059,216,Americas,2013,0.33,2035.16549390507,0.49,0.16,0.16,,0.0
2018,6400080.0,3146392.0,3253689.0,NIC,558,Prostate,Male,Mortality,9.692777132,5.879752389,0.7348150068,185,Americas,2013,0.33,2035.16549390507,0.49,0.16,0.16,,0.0
2018,6400080.0,3146392.0,3253689.0,NIC,558,Cervix,Female,Mortality,9.186870566,7.960197782,0.9922827647,259,Americas,2013,0.33,2035.16549390507,0.49,0.16,0.16,,0.0
2022,6730654.0,3309012.0,3421642.0,NIC,558,Lung,Male,Mortality,4.585779695,2.991829585,0.4293092319,99,Americas,2017,0.91,2322.89053964583,,,,,
2022,6730654.0,3309012.0,3421642.0,NIC,558,Lung,Female,Mortality,2.255178741,1.987350514,0.2611680764,68,Americas,2017,0.91,2322.89053964583,,,,,
2022,6730654.0,3309012.0,3421642.0,NIC,558,Breast,Female,Mortality,8.117853431,7.247984227,0.8697680485,248,Americas,2017,0.91,2322.89053964583,,,,,
2022,6730654.0,3309012.0,3421642.0,NIC,558,Prostate,Male,Mortality,11.75343348,6.588069188,0.6743739906,218,Americas,2017,0.91,2322.89053964583,,,,,
2022,6730654.0,3309012.0,3421642.0,NIC,558,Cervix,Female,Mortality,8.941688563,8.066305027,0.9466350907,276,Americas,2017,0.91,2322.89053964583,,,,,
2015,3960035.0,1983369.0,1976666.0,PAN,591,Lung,Male,Mortality,9.810537902,9.478825916,1.043733247,188,Americas,2010,1.71,14082.6548434996,10.52,2.27,3.13,211.2,0.0
2015,3960035.0,1983369.0,1976666.0,PAN,591,Lung,Female,Mortality,5.366254515,6.070831426,0.6171765446,120,Americas,2010,1.71,14082.6548434996,10.52,2.27,3.13,211.2,0.0
2015,3960035.0,1983369.0,1976666.0,PAN,591,Breast,Female,Mortality,9.686189413,10.67454526,1.093702699,211,Americas,2010,1.71,14082.6548434996,10.52,2.27,3.13,211.2,0.0
2015,3960035.0,1983369.0,1976666.0,PAN,591,Prostate,Male,Mortality,17.82534403,16.7896225,1.225890032,333,Americas,2010,1.71,14082.6548434996,10.52,2.27,3.13,211.2,0.0
2015,3960035.0,1983369.0,1976666.0,PAN,591,Cervix,Female,Mortality,7.485265642,8.145032163,0.8235144972,161,Americas,2010,1.71,14082.6548434996,10.52,2.27,3.13,211.2,0.0
2018,4167859.9999999995,2086965.0000000002,2080896.0000000002,PAN,591,Lung,Male,Mortality,7.486486974,7.71455569,0.7823148608,161,Americas,2013,1.55,16151.3273433486,9.58,2.07,2.85,,0.0
2018,4167859.9999999995,2086965.0000000002,2080896.0000000002,PAN,591,Lung,Female,Mortality,3.29166827,4.132835086,0.3764669164,86,Americas,2013,1.55,16151.3273433486,9.58,2.07,2.85,,0.0
2018,4167859.9999999995,2086965.0000000002,2080896.0000000002,PAN,591,Breast,Female,Mortality,9.755449364,11.43738082,1.03041607,238,Americas,2013,1.55,16151.3273433486,9.58,2.07,2.85,,0.0
2018,4167859.9999999995,2086965.0000000002,2080896.0000000002,PAN,591,Prostate,Male,Mortality,13.25103521,13.99161653,0.9337629002,292,Americas,2013,1.55,16151.3273433486,9.58,2.07,2.85,,0.0
2018,4167859.9999999995,2086965.0000000002,2080896.0000000002,PAN,591,Cervix,Female,Mortality,6.166548771,7.112320846,0.6286130056,148,Americas,2013,1.55,16151.3273433486,9.58,2.07,2.85,,0.0
2022,4400773.0,2201198.0,2199575.0,PAN,591,Lung,Male,Mortality,5.950203358,7.041613665,0.6489934153,155,Americas,2017,2.32,17378.6070017557,,,,,
2022,4400773.0,2201198.0,2199575.0,PAN,591,Lung,Female,Mortality,3.623879275,4.819114974,0.4473635686,106,Americas,2017,2.32,17378.6070017557,,,,,
2022,4400773.0,2201198.0,2199575.0,PAN,591,Breast,Female,Mortality,10.93979866,13.45715125,1.229062055,296,Americas,2017,2.32,17378.6070017557,,,,,
2022,4400773.0,2201198.0,2199575.0,PAN,591,Prostate,Male,Mortality,12.57264031,15.35526077,0.9701944665,338,Americas,2017,2.32,17378.6070017557,,,,,
2022,4400773.0,2201198.0,2199575.0,PAN,591,Cervix,Female,Mortality,7.674045741,9.138133111,0.7917392645,201,Americas,2017,2.32,17378.6070017557,,,,,
2015,43477012.0,21537702.0,21939310.0,ARG,32,Lung,Male,Incidence,22.29273282,25.93462902,2.927441907,231,Americas,2010,2.82,13679.6264980954,,,,,
2015,43477012.0,21537702.0,21939310.0,ARG,32,Lung,Male,Mortality,24.6341104,30.48143205,3.057697221,6565,Americas,2010,2.82,13679.6264980954,,,,,
2015,43477012.0,21537702.0,21939310.0,ARG,32,Lung,Female,Incidence,7.436644244,9.488869769,0.9089905807,89,Americas,2010,2.82,13679.6264980954,,,,,
2015,43477012.0,21537702.0,21939310.0,ARG,32,Lung,Female,Mortality,9.479204505,14.23472297,1.177742141,3123,Americas,2010,2.82,13679.6264980954,,,,,
2015,43477012.0,21537702.0,21939310.0,ARG,32,Breast,Female,Incidence,73.32457987,89.87772152,8.093556196,843,Americas,2010,2.82,13679.6264980954,,,,,
2015,43477012.0,21537702.0,21939310.0,ARG,32,Breast,Female,Mortality,17.80430232,26.96985457,1.936015557,5917,Americas,2010,2.82,13679.6264980954,,,,,
2015,43477012.0,21537702.0,21939310.0,ARG,32,Prostate,Male,Incidence,37.79558403,46.81705758,4.836843669,417,Americas,2010,2.82,13679.6264980954,,,,,
2015,43477012.0,21537702.0,21939310.0,ARG,32,Prostate,Male,Mortality,12.39373709,17.65740839,1.017204652,3803,Americas,2010,2.82,13679.6264980954,,,,,
2015,43477012.0,21537702.0,21939310.0,ARG,32,Cervix,Female,Incidence,11.77164211,13.00721474,1.184641283,122,Americas,2010,2.82,13679.6264980954,,,,,
2015,43477012.0,21537702.0,21939310.0,ARG,32,Cervix,Female,Mortality,4.300167489,5.03662148,0.432773104,1105,Americas,2010,2.82,13679.6264980954,,,,,
2018,44654882.0,22142786.0,22512096.0,ARG,32,Lung,Male,Mortality,21.46606263,27.56202466,2.656230777,6103,Americas,2013,2.75,11752.7998922979,,,,,
2018,44654882.0,22142786.0,22512096.0,ARG,32,Lung,Female,Mortality,8.995469402,13.86810006,1.127222566,3122,Americas,2013,2.75,11752.7998922979,,,,,
2018,44654882.0,22142786.0,22512096.0,ARG,32,Breast,Female,Mortality,16.76762772,25.43077286,1.854871193,5725,Americas,2013,2.75,11752.7998922979,,,,,
2018,44654882.0,22142786.0,22512096.0,ARG,32,Prostate,Male,Mortality,11.38161613,16.86779651,0.9834184221,3735,Americas,2013,2.75,11752.7998922979,,,,,
2018,44654882.0,22142786.0,22512096.0,ARG,32,Cervix,Female,Mortality,4.720670631,5.725810693,0.4804149631,1289,Americas,2013,2.75,11752.7998922979,,,,,
2022,45407904.0,22527129.0,22880775.0,ARG,32,Lung,Male,Mortality,16.96315197,23.11435248,2.113642386,5207,Americas,2017,3.96,13962.1894087223,,,,,
2022,45407904.0,22527129.0,22880775.0,ARG,32,Lung,Female,Mortality,8.678457768,14.22154625,1.114530097,3254,Americas,2017,3.96,13962.1894087223,,,,,
2022,45407904.0,22527129.0,22880775.0,ARG,32,Breast,Female,Mortality,16.02122427,25.1914544,1.745260907,5764,Americas,2017,3.96,13962.1894087223,,,,,
2022,45407904.0,22527129.0,22880775.0,ARG,32,Prostate,Male,Mortality,9.738521264,15.30155041,0.8274760268,3447,Americas,2017,3.96,13962.1894087223,,,,,
2022,45407904.0,22527129.0,22880775.0,ARG,32,Cervix,Female,Mortality,4.783415826,5.856444985,0.472111571,1340,Americas,2017,3.96,13962.1894087223,,,,,
2015,201675532.0,99587454.0,102088079.0,BRA,76,Lung,Male,Mortality,14.79791942,15.57525517,1.681329786,15511,Americas,2010,1.76,8936.1955889444,,,,,
2015,201675532.0,99587454.0,102088079.0,BRA,76,Lung,Female,Mortality,8.60455655,10.75345933,1.006595382,10978,Americas,2010,1.76,8936.1955889444,,,,,
2015,201675532.0,99587454.0,102088079.0,BRA,76,Breast,Female,Mortality,12.26998289,15.08795172,1.313658884,15403,Americas,2010,1.76,8936.1955889444,,,,,
2015,201675532.0,99587454.0,102088079.0,BRA,76,Prostate,Male,Mortality,14.13356869,14.54199248,1.034970633,14482,Americas,2010,1.76,8936.1955889444,,,,,
2015,201675532.0,99587454.0,102088079.0,BRA,76,Cervix,Female,Mortality,4.604653224,5.608882138,0.490326456,5726,Americas,2010,1.76,8936.1955889444,,,,,
2018,206107261.0,101654523.0,104452738.0,BRA,76,Lung,Male,Mortality,13.91825416,16.1025792,1.615761889,16369,Americas,2013,1.74,9300.66072904004,,,,,
2018,206107261.0,101654523.0,104452738.0,BRA,76,Lung,Female,Mortality,8.629302744,11.81874237,1.012424246,12345,Americas,2013,1.74,9300.66072904004,,,,,
2018,206107261.0,101654523.0,104452738.0,BRA,76,Breast,Female,Mortality,12.70746429,16.82291947,1.354554426,17572,Americas,2013,1.74,9300.66072904004,,,,,
2018,206107261.0,101654523.0,104452738.0,BRA,76,Prostate,Male,Mortality,13.13132902,15.3215023,1.000277776,15575,Americas,2013,1.74,9300.66072904004,,,,,
2018,206107261.0,101654523.0,104452738.0,BRA,76,Cervix,Female,Mortality,4.843195263,6.247801757,0.5133950668,6526,Americas,2013,1.74,9300.66072904004,,,,,
2015,18047625.0,8976465.0,9071160.0,CHL,152,Lung,Male,Incidence,10.4012857,14.95631724,1.283567779,29,Americas,2010,0.93,13433.9202987032,12.97,,4.5,35.88,0.0
2015,18047625.0,8976465.0,9071160.0,CHL,152,Lung,Male,Mortality,14.48036936,20.55374805,1.854980285,1845,Americas,2010,0.93,13433.9202987032,12.97,,4.5,35.88,0.0
2015,18047625.0,8976465.0,9071160.0,CHL,152,Lung,Female,Incidence,4.179255312,9.004817577,0.3173807477,18,Americas,2010,0.93,13433.9202987032,12.97,,4.5,35.88,0.0
2015,18047625.0,8976465.0,9071160.0,CHL,152,Lung,Female,Mortality,8.143624,13.91222215,0.9938103554,1262,Americas,2010,0.93,13433.9202987032,12.97,,4.5,35.88,0.0
2015,18047625.0,8976465.0,9071160.0,CHL,152,Breast,Female,Incidence,32.0801792,46.52489082,3.742600736,93,Americas,2010,0.93,13433.9202987032,12.97,,4.5,35.88,0.0
2015,18047625.0,8976465.0,9071160.0,CHL,152,Breast,Female,Mortality,10.4981976,16.65718515,1.142440225,1511,Americas,2010,0.93,13433.9202987032,12.97,,4.5,35.88,0.0
2015,18047625.0,8976465.0,9071160.0,CHL,152,Prostate,Male,Incidence,53.1813926,74.78158619,7.192312267,145,Americas,2010,0.93,13433.9202987032,12.97,,4.5,35.88,0.0
2015,18047625.0,8976465.0,9071160.0,CHL,152,Prostate,Male,Mortality,13.57702633,23.36108925,1.128426895,2097,Americas,2010,0.93,13433.9202987032,12.97,,4.5,35.88,0.0
2015,18047625.0,8976465.0,9071160.0,CHL,152,Cervix,Female,Incidence,12.64543523,17.50936751,1.146197409,35,Americas,2010,0.93,13433.9202987032,12.97,,4.5,35.88,0.0
2015,18047625.0,8976465.0,9071160.0,CHL,152,Cervix,Female,Mortality,4.607123235,6.834847647,0.4838740643,620,Americas,2010,0.93,13433.9202987032,12.97,,4.5,35.88,0.0
2018,18893191.0,9397629.0,9495561.0,CHL,152,Lung,Male,Mortality,13.5186356,20.84568241,1.663146085,1959,Americas,2013,0.91,15659.4808675628,12.6,,4.37,,0.0
2018,18893191.0,9397629.0,9495561.0,CHL,152,Lung,Female,Mortality,7.889194957,14.19610625,0.9461453629,1348,Americas,2013,0.91,15659.4808675628,12.6,,4.37,,0.0
2018,18893191.0,9397629.0,9495561.0,CHL,152,Breast,Female,Mortality,9.791373131,16.34447842,1.026278067,1552,Americas,2013,0.91,15659.4808675628,12.6,,4.37,,0.0
2018,18893191.0,9397629.0,9495561.0,CHL,152,Prostate,Male,Mortality,12.53624567,22.93131475,1.060955734,2155,Americas,2013,0.91,15659.4808675628,12.6,,4.37,,0.0
2018,18893191.0,9397629.0,9495561.0,CHL,152,Cervix,Female,Mortality,4.194127846,6.413522781,0.4269337229,609,Americas,2013,0.91,15659.4808675628,12.6,,4.37,,0.0
2015,46969940.0,23221563.0,23748377.0,COL,170,Lung,Male,Incidence,13.97620701,15.5247637,1.614017791,320,Americas,2010,1.38,6248.51490534512,,,,,
2015,46969940.0,23221563.0,23748377.0,COL,170,Lung,Male,Mortality,11.9324731,11.42903258,1.246974603,2654,Americas,2010,1.38,6248.51490534512,,,,,
2015,46969940.0,23221563.0,23748377.0,COL,170,Lung,Female,Incidence,6.700390788,9.268152941,0.7935996732,209,Americas,2010,1.38,6248.51490534512,,,,,
2015,46969940.0,23221563.0,23748377.0,COL,170,Lung,Female,Mortality,7.124788769,8.341622496,0.7765348487,1981,Americas,2010,1.38,6248.51490534512,,,,,
2015,46969940.0,23221563.0,23748377.0,COL,170,Breast,Female,Incidence,47.90750347,60.84165472,5.366937864,1372,Americas,2010,1.38,6248.51490534512,,,,,
2015,46969940.0,23221563.0,23748377.0,COL,170,Breast,Female,Mortality,10.50729583,12.06398206,1.131656518,2865,Americas,2010,1.38,6248.51490534512,,,,,
2015,46969940.0,23221563.0,23748377.0,COL,170,Prostate,Male,Incidence,48.72746321,52.20201793,6.074874624,1076,Americas,2010,1.38,6248.51490534512,,,,,
2015,46969940.0,23221563.0,23748377.0,COL,170,Prostate,Male,Mortality,13.62441047,12.43671668,0.8965391199,2888,Americas,2010,1.38,6248.51490534512,,,,,
2015,46969940.0,23221563.0,23748377.0,COL,170,Cervix,Female,Incidence,13.01604383,16.49642533,1.303444845,372,Americas,2010,1.38,6248.51490534512,,,,,
2015,46969940.0,23221563.0,23748377.0,COL,170,Cervix,Female,Mortality,5.950967466,6.855205161,0.6308943453,1628,Americas,2010,1.38,6248.51490534512,,,,,
2018,49024465.0,24229130.0,24795336.0,COL,170,Lung,Male,Mortality,10.58345612,11.00328406,1.122040108,2666,Americas,2013,1.45,6816.96818309544,,,,,
2018,49024465.0,24229130.0,24795336.0,COL,170,Lung,Female,Mortality,6.501695915,8.336245339,0.6781656127,2067,Americas,2013,1.45,6816.96818309544,,,,,
2018,49024465.0,24229130.0,24795336.0,COL,170,Breast,Female,Mortality,11.29767529,13.82518095,1.196007063,3428,Americas,2013,1.45,6816.96818309544,,,,,
2018,49024465.0,24229130.0,24795336.0,COL,170,Prostate,Male,Mortality,13.25605079,13.13707921,0.8598752469,3183,Americas,2013,1.45,6816.96818309544,,,,,
2018,49024465.0,24229130.0,24795336.0,COL,170,Cervix,Female,Mortality,5.63197911,6.884359359,0.5832336986,1707,Americas,2013,1.45,6816.96818309544,,,,,
2015,16266225.0,8125597.0,8140628.0,ECU,218,Lung,Male,Incidence,7.132969382,6.372424618,0.8513922827,57,Americas,2010,0.14,5976.1596805651,1.73,0.14,0.14,,0.14
2015,16266225.0,8125597.0,8140628.0,ECU,218,Lung,Male,Mortality,5.893025661,5.008863966,0.4936804606,407,Americas,2010,0.14,5976.1596805651,1.73,0.14,0.14,,0.14
2015,16266225.0,8125597.0,8140628.0,ECU,218,Lung,Female,Incidence,7.289321694,7.363328729,0.927049268,70,Americas,2010,0.14,5976.1596805651,1.73,0.14,0.14,,0.14
2015,16266225.0,8125597.0,8140628.0,ECU,218,Lung,Female,Mortality,3.527577554,3.734354712,0.3841865453,304,Americas,2010,0.14,5976.1596805651,1.73,0.14,0.14,,0.14
2015,16266225.0,8125597.0,8140628.0,ECU,218,Breast,Female,Incidence,35.70553102,36.60626283,4.149535928,348,Americas,2010,0.14,5976.1596805651,1.73,0.14,0.14,,0.14
2015,16266225.0,8125597.0,8140628.0,ECU,218,Breast,Female,Mortality,6.811844917,6.768517916,0.7585409317,551,Americas,2010,0.14,5976.1596805651,1.73,0.14,0.14,,0.14
2015,16266225.0,8125597.0,8140628.0,ECU,218,Prostate,Male,Incidence,58.68949455,50.86760002,7.450228518,455,Americas,2010,0.14,5976.1596805651,1.73,0.14,0.14,,0.14
2015,16266225.0,8125597.0,8140628.0,ECU,218,Prostate,Male,Mortality,13.6631639,11.45762249,0.7798396253,931,Americas,2010,0.14,5976.1596805651,1.73,0.14,0.14,,0.14
2015,16266225.0,8125597.0,8140628.0,ECU,218,Cervix,Female,Incidence,15.29465649,16.30451362,1.673761051,155,Americas,2010,0.14,5976.1596805651,1.73,0.14,0.14,,0.14
2015,16266225.0,8125597.0,8140628.0,ECU,218,Cervix,Female,Mortality,5.432920935,5.466407391,0.5865037917,445,Americas,2010,0.14,5976.1596805651,1.73,0.14,0.14,,0.14
2018,17049547.0,8517638.0,8531909.0,ECU,218,Lung,Male,Mortality,5.612666066,5.189233866,0.5017100903,442,Americas,2013,0.13,6303.91886658338,1.59,0.13,0.13,,0.13
2018,17049547.0,8517638.0,8531909.0,ECU,218,Lung,Female,Mortality,3.492779014,3.94987804,0.3558322593,337,Americas,2013,0.13,6303.91886658338,1.59,0.13,0.13,,0.13
2018,17049547.0,8517638.0,8531909.0,ECU,218,Breast,Female,Mortality,8.081101217,8.54439493,0.8512894553,729,Americas,2013,0.13,6303.91886658338,1.59,0.13,0.13,,0.13
2018,17049547.0,8517638.0,8531909.0,ECU,218,Prostate,Male,Mortality,12.70299194,11.44683941,0.6698977854,975,Americas,2013,0.13,6303.91886658338,1.59,0.13,0.13,,0.13
2018,17049547.0,8517638.0,8531909.0,ECU,218,Cervix,Female,Mortality,4.889848574,5.215714326,0.5134865637,445,Americas,2013,0.13,6303.91886658338,1.59,0.13,0.13,,0.13
2022,17823897.0,8888825.0,8935073.0,ECU,218,Lung,Male,Mortality,4.398404886,4.443783439,0.4318622264,395,Americas,2017,1.59,6515.58528418336,,,,,
2022,17823897.0,8888825.0,8935073.0,ECU,218,Lung,Female,Mortality,3.502978772,4.27528636,0.3577962408,382,Americas,2017,1.59,6515.58528418336,,,,,
2022,17823897.0,8888825.0,8935073.0,ECU,218,Breast,Female,Mortality,7.312578331,8.371503135,0.759204292,748,Americas,2017,1.59,6515.58528418336,,,,,
2022,17823897.0,8888825.0,8935073.0,ECU,218,Prostate,Male,Mortality,12.71293783,12.73509583,0.7444056604,1132,Americas,2017,1.59,6515.58528418336,,,,,
2022,17823897.0,8888825.0,8935073.0,ECU,218,Cervix,Female,Mortality,4.513752895,5.114675044,0.4721540004,457,Americas,2017,1.59,6515.58528418336,,,,,
2015,758781.0,372499.0,386282.0,GUY,328,Lung,Male,Mortality,6.398180472,5.369141931,0.7007270973,20,Americas,2010,1.33,5640.41560569466,3.98,,1.33,66.75,
2015,758781.0,372499.0,386282.0,GUY,328,Lung,Female,Mortality,5.415525171,4.918660882,0.646003762,19,Americas,2010,1.33,5640.41560569466,3.98,,1.33,66.75,
2015,758781.0,372499.0,386282.0,GUY,328,Breast,Female,Mortality,14.5335407,13.72047509,1.563067141,53,Americas,2010,1.33,5640.41560569466,3.98,,1.33,66.75,
2015,758781.0,372499.0,386282.0,GUY,328,Prostate,Male,Mortality,28.53923893,19.59736805,2.478771962,73,Americas,2010,1.33,5640.41560569466,3.98,,1.33,66.75,
2015,758781.0,372499.0,386282.0,GUY,328,Cervix,Female,Mortality,9.290973239,8.284060432,1.165275573,32,Americas,2010,1.33,5640.41560569466,3.98,,1.33,66.75,
2018,791556.0,387895.0,403661.0,GUY,328,Lung,Male,Mortality,9.854058583,8.249697726,1.086890229,32,Americas,2013,1.25,6048.38697180418,3.75,,1.25,,
2018,791556.0,387895.0,403661.0,GUY,328,Lung,Female,Mortality,5.570265885,5.450117797,0.5202086976,22,Americas,2013,1.25,6048.38697180418,3.75,,1.25,,
2018,791556.0,387895.0,403661.0,GUY,328,Breast,Female,Mortality,18.78582611,17.83674915,2.250902332,72,Americas,2013,1.25,6048.38697180418,3.75,,1.25,,
2018,791556.0,387895.0,403661.0,GUY,328,Prostate,Male,Mortality,31.62818008,23.20227485,2.729715877,90,Americas,2013,1.25,6048.38697180418,3.75,,1.25,,
2018,791556.0,387895.0,403661.0,GUY,328,Cervix,Female,Mortality,11.99784179,11.64343348,1.392936569,47,Americas,2013,1.25,6048.38697180418,3.75,,1.25,,
2015,6159103.0,3099586.0,3059517.0,PRY,600,Lung,Male,Mortality,18.93903747,13.93734743,2.236210899,432,Americas,2010,0.62,5879.33792308762,1.08,0.0,0.31,8.03,0.0
2015,6159103.0,3099586.0,3059517.0,PRY,600,Lung,Female,Mortality,3.45184641,3.072379877,0.370899635,94,Americas,2010,0.62,5879.33792308762,1.08,0.0,0.31,8.03,0.0
2015,6159103.0,3099586.0,3059517.0,PRY,600,Breast,Female,Mortality,12.42256173,11.21091806,1.232124517,343,Americas,2010,0.62,5879.33792308762,1.08,0.0,0.31,8.03,0.0
2015,6159103.0,3099586.0,3059517.0,PRY,600,Prostate,Male,Mortality,15.58552541,11.4531443,1.153530937,355,Americas,2010,0.62,5879.33792308762,1.08,0.0,0.31,8.03,0.0
2015,6159103.0,3099586.0,3059517.0,PRY,600,Cervix,Female,Mortality,10.58726771,9.642043231,1.081879485,295,Americas,2010,0.62,5879.33792308762,1.08,0.0,0.31,8.03,0.0
2018,6427382.0,3230943.0,3196439.0,PRY,600,Lung,Male,Mortality,17.16102271,13.27785727,2.106748317,429,Americas,2013,0.59,6258.44991640984,1.03,0.0,0.29,,0.0
2018,6427382.0,3230943.0,3196439.0,PRY,600,Lung,Female,Mortality,3.226745692,3.159766722,0.3430679976,101,Americas,2013,0.59,6258.44991640984,1.03,0.0,0.29,,0.0
2018,6427382.0,3230943.0,3196439.0,PRY,600,Breast,Female,Mortality,13.45523336,12.60778207,1.445888695,403,Americas,2013,0.59,6258.44991640984,1.03,0.0,0.29,,0.0
2018,6427382.0,3230943.0,3196439.0,PRY,600,Prostate,Male,Mortality,15.52664407,11.73032146,1.221947335,379,Americas,2013,0.59,6258.44991640984,1.03,0.0,0.29,,0.0
2018,6427382.0,3230943.0,3196439.0,PRY,600,Cervix,Female,Mortality,11.23893629,10.63683847,1.129866499,340,Americas,2013,0.59,6258.44991640984,1.03,0.0,0.29,,0.0
2015,3368017.0,1632047.0,1735969.0,URY,858,Lung,Male,Mortality,39.70646552,58.63798124,5.014271606,957,Americas,2010,3.86,17125.9016800298,13.06,2.97,2.97,177.8,0.3
2015,3368017.0,1632047.0,1735969.0,URY,858,Lung,Female,Mortality,11.05483065,20.27687146,1.390979945,352,Americas,2010,3.86,17125.9016800298,13.06,2.97,2.97,177.8,0.3
2015,3368017.0,1632047.0,1735969.0,URY,858,Breast,Female,Mortality,20.16829217,37.9039245,2.251580244,658,Americas,2010,3.86,17125.9016800298,13.06,2.97,2.97,177.8,0.3
2015,3368017.0,1632047.0,1735969.0,URY,858,Prostate,Male,Mortality,17.50994092,33.45489839,1.534852408,546,Americas,2010,3.86,17125.9016800298,13.06,2.97,2.97,177.8,0.3
2015,3368017.0,1632047.0,1735969.0,URY,858,Cervix,Female,Mortality,3.34865746,4.665984626,0.3693684323,81,Americas,2010,3.86,17125.9016800298,13.06,2.97,2.97,177.8,0.3
2018,3394534.0,1646166.0,1748368.0,URY,858,Lung,Male,Mortality,38.17854473,59.10700433,4.829026701,973,Americas,2013,3.82,19249.9404677501,12.91,2.94,2.94,,0.29
2018,3394534.0,1646166.0,1748368.0,URY,858,Lung,Female,Mortality,11.67029496,21.33418136,1.479507649,373,Americas,2013,3.82,19249.9404677501,12.91,2.94,2.94,,0.29
2018,3394534.0,1646166.0,1748368.0,URY,858,Breast,Female,Mortality,20.59425632,38.20705938,2.29251055,668,Americas,2013,3.82,19249.9404677501,12.91,2.94,2.94,,0.29
2018,3394534.0,1646166.0,1748368.0,URY,858,Prostate,Male,Mortality,16.08579625,32.49974031,1.3355616,535,Americas,2013,3.82,19249.9404677501,12.91,2.94,2.94,,0.29
2018,3394534.0,1646166.0,1748368.0,URY,858,Cervix,Female,Mortality,2.966462558,4.118126161,0.3210363793,72,Americas,2013,3.82,19249.9404677501,12.91,2.94,2.94,,0.29
2022,3390913.0,1644412.0,1746501.0,URY,858,Lung,Male,Mortality,32.82023521,52.96726125,4.128052794,871,Americas,2017,6.91,20818.6146091144,,,,,
2022,3390913.0,1644412.0,1746501.0,URY,858,Lung,Female,Mortality,12.17596777,23.01742396,1.576480649,402,Americas,2017,6.91,20818.6146091144,,,,,
2022,3390913.0,1644412.0,1746501.0,URY,858,Breast,Female,Mortality,18.7222964,37.61802871,2.131239371,657,Americas,2017,6.91,20818.6146091144,,,,,
2022,3390913.0,1644412.0,1746501.0,URY,858,Prostate,Male,Mortality,14.84885797,30.46681732,1.287271575,501,Americas,2017,6.91,20818.6146091144,,,,,
2022,3390913.0,1644412.0,1746501.0,URY,858,Cervix,Female,Mortality,3.656837237,5.439440986,0.3799266175,95,Americas,2017,6.91,20818.6146091144,,,,,
2015,30573972.0,15195272.0,15378701.0,VEN,862,Lung,Male,Mortality,15.72271117,13.40548737,1.742243954,2037,Americas,2010,2.31,4103.1384987005,,,,,
2015,30573972.0,15195272.0,15378701.0,VEN,862,Lung,Female,Mortality,9.470089815,9.916312177,1.072398983,1525,Americas,2010,2.31,4103.1384987005,,,,,
2015,30573972.0,15195272.0,15378701.0,VEN,862,Breast,Female,Mortality,14.59969495,15.06629201,1.571588512,2317,Americas,2010,2.31,4103.1384987005,,,,,
2015,30573972.0,15195272.0,15378701.0,VEN,862,Prostate,Male,Mortality,22.17124242,17.50544742,1.665217076,2660,Americas,2010,2.31,4103.1384987005,,,,,
2015,30573972.0,15195272.0,15378701.0,VEN,862,Cervix,Female,Mortality,9.740112026,10.17641217,1.023116417,1565,Americas,2010,2.31,4103.1384987005,,,,,
2015,35962234.0,17837661.0,18124573.0,CAN,124,Lung,Male,Incidence,35.36858292,70.07577918,4.220174909,9215,Americas,2010,8.73,43594.1941045394,14.23,21.05,8.26,,1.18
2015,35962234.0,17837661.0,18124573.0,CAN,124,Lung,Male,Mortality,28.5610639,59.75559407,3.281947242,10659,Americas,2010,8.73,43594.1941045394,14.23,21.05,8.26,,1.18
2015,35962234.0,17837661.0,18124573.0,CAN,124,Lung,Female,Incidence,31.78510646,68.36025766,3.989160448,9144,Americas,2010,8.73,43594.1941045394,14.23,21.05,8.26,,1.18
2015,35962234.0,17837661.0,18124573.0,CAN,124,Lung,Female,Mortality,22.57657862,52.0288105,2.762245612,9430,Americas,2010,8.73,43594.1941045394,14.23,21.05,8.26,,1.18
2015,35962234.0,17837661.0,18124573.0,CAN,124,Breast,Female,Incidence,82.60245831,142.9180934,9.279817333,19117,Americas,2010,8.73,43594.1941045394,14.23,21.05,8.26,,1.18
2015,35962234.0,17837661.0,18124573.0,CAN,124,Breast,Female,Mortality,13.03972326,28.37584013,1.416108045,5143,Americas,2010,8.73,43594.1941045394,14.23,21.05,8.26,,1.18
2015,35962234.0,17837661.0,18124573.0,CAN,124,Prostate,Male,Incidence,62.6277203,115.6041232,8.033722567,15202,Americas,2010,8.73,43594.1941045394,14.23,21.05,8.26,,1.18
2015,35962234.0,17837661.0,18124573.0,CAN,124,Prostate,Male,Mortality,9.020610531,22.48613264,0.6660718679,4011,Americas,2010,8.73,43594.1941045394,14.23,21.05,8.26,,1.18
2015,35962234.0,17837661.0,18124573.0,CAN,124,Cervix,Female,Incidence,5.897503074,7.842291151,0.5583204834,1049,Americas,2010,8.73,43594.1941045394,14.23,21.05,8.26,,1.18
2015,35962234.0,17837661.0,18124573.0,CAN,124,Cervix,Female,Mortality,1.31640463,2.173844256,0.1361205348,394,Americas,2010,8.73,43594.1941045394,14.23,21.05,8.26,,1.18
2018,37295005.0,18514929.0,18780076.0,CAN,124,Lung,Male,Mortality,25.34854648,56.8244145,2.843197346,10521,Americas,2013,8.07,46539.1761570405,13.76,20.35,7.99,,1.14
2018,37295005.0,18514929.0,18780076.0,CAN,124,Lung,Female,Mortality,20.22655128,50.48967853,2.409769261,9482,Americas,2013,8.07,46539.1761570405,13.76,20.35,7.99,,1.14
2018,37295005.0,18514929.0,18780076.0,CAN,124,Breast,Female,Mortality,12.27640296,28.06697907,1.308337256,5271,Americas,2013,8.07,46539.1761570405,13.76,20.35,7.99,,1.14
2018,37295005.0,18514929.0,18780076.0,CAN,124,Prostate,Male,Mortality,8.69449611,23.37573101,0.6440517341,4328,Americas,2013,8.07,46539.1761570405,13.76,20.35,7.99,,1.14
2018,37295005.0,18514929.0,18780076.0,CAN,124,Cervix,Female,Mortality,1.16664805,2.023420991,0.1208820336,380,Americas,2013,8.07,46539.1761570405,13.76,20.35,7.99,,1.14
2022,38821259.0,19282356.0,19538904.0,CAN,124,Lung,Male,Mortality,20.68974662,50.97924888,2.350678581,9830,Americas,2017,9.3,56256.8007264015,,,,,
2022,38821259.0,19282356.0,19538904.0,CAN,124,Lung,Female,Mortality,17.43395158,47.70482642,2.065611087,9321,Americas,2017,9.3,56256.8007264015,,,,,
2022,38821259.0,19282356.0,19538904.0,CAN,124,Breast,Female,Mortality,11.23624997,27.48363029,1.16689989,5370,Americas,2017,9.3,56256.8007264015,,,,,
2022,38821259.0,19282356.0,19538904.0,CAN,124,Prostate,Male,Mortality,8.229694019,24.41610414,0.6054469393,4708,Americas,2017,9.3,56256.8007264015,,,,,
2022,38821259.0,19282356.0,19538904.0,CAN,124,Cervix,Female,Mortality,1.233960422,2.118849709,0.1332619922,414,Americas,2017,9.3,56256.8007264015,,,,,
2015,326126497.0,163455402.0,162671094.0,USA,840,Lung,Male,Incidence,33.84343915,58.58308447,4.02425466,8753,Americas,2010,12.76,56572.9188996063,,,,,
2015,326126497.0,163455402.0,162671094.0,USA,840,Lung,Male,Mortality,28.65994017,51.2047927,3.34132417,83697,Americas,2010,12.76,56572.9188996063,,,,,
2015,326126497.0,163455402.0,162671094.0,USA,840,Lung,Female,Incidence,27.41491191,54.870644,3.387241253,8425,Americas,2010,12.76,56572.9188996063,,,,,
2015,326126497.0,163455402.0,162671094.0,USA,840,Lung,Female,Mortality,20.24902573,43.10415469,2.414961641,70118,Americas,2010,12.76,56572.9188996063,,,,,
2015,326126497.0,163455402.0,162671094.0,USA,840,Breast,Female,Incidence,89.60238805,142.6832129,9.976105187,21908,Americas,2010,12.76,56572.9188996063,,,,,
2015,326126497.0,163455402.0,162671094.0,USA,840,Breast,Female,Mortality,13.30598679,25.52573969,1.4747286,41523,Americas,2010,12.76,56572.9188996063,,,,,
2015,326126497.0,163455402.0,162671094.0,USA,840,Prostate,Male,Incidence,75.12492953,121.3224691,9.826343631,18127,Americas,2010,12.76,56572.9188996063,,,,,
2015,326126497.0,163455402.0,162671094.0,USA,840,Prostate,Male,Mortality,8.497292728,17.64885073,0.6849594722,28848,Americas,2010,12.76,56572.9188996063,,,,,
2015,326126497.0,163455402.0,162671094.0,USA,840,Cervix,Female,Incidence,5.464176354,7.066427151,0.5398642156,1085,Americas,2010,12.76,56572.9188996063,,,,,
2015,326126497.0,163455402.0,162671094.0,USA,840,Cervix,Female,Mortality,1.696197001,2.566528507,0.1827714694,4175,Americas,2010,12.76,56572.9188996063,,,,,
2018,335056497.0,168358724.0,166697774.0,USA,840,Lung,Male,Mortality,23.72311176,45.30979933,2.723971517,76283,Americas,2013,12.37,62499.8744390068,,,,,
2018,335056497.0,168358724.0,166697774.0,USA,840,Lung,Female,Mortality,17.55972654,39.51882417,2.050699713,65877,Americas,2013,12.37,62499.8744390068,,,,,
2018,335056497.0,168358724.0,166697774.0,USA,840,Breast,Female,Mortality,12.72033592,25.47424546,1.388941641,42465,Americas,2013,12.37,62499.8744390068,,,,,
2018,335056497.0,168358724.0,166697774.0,USA,840,Prostate,Male,Mortality,8.533137097,18.70292151,0.688370814,31488,Americas,2013,12.37,62499.8744390068,,,,,
2018,335056497.0,168358724.0,166697774.0,USA,840,Cervix,Female,Mortality,1.607717623,2.482336694,0.1713306275,4138,Americas,2013,12.37,62499.8744390068,,,,,
2022,341534046.0,171672742.0,169861303.0,USA,840,Lung,Male,Mortality,19.45387794,40.43274371,2.247641979,69412,Americas,2017,13.16,76657.2488844403,44.56,48.37,40.11,521.6,5.41
2022,341534046.0,171672742.0,169861303.0,USA,840,Lung,Male,Mortality,19.45387794,40.43274371,2.247641979,69412,Americas,2017,13.16,76657.2488844403,,,,,
2022,341534046.0,171672742.0,169861303.0,USA,840,Lung,Female,Mortality,15.22758354,36.83534678,1.776694665,62569,Americas,2017,13.16,76657.2488844403,44.56,48.37,40.11,521.6,5.41
2022,341534046.0,171672742.0,169861303.0,USA,840,Lung,Female,Mortality,15.22758354,36.83534678,1.776694665,62569,Americas,2017,13.16,76657.2488844403,,,,,
2022,341534046.0,171672742.0,169861303.0,USA,840,Breast,Female,Mortality,11.7430766,24.85027446,1.269063155,42211,Americas,2017,13.16,76657.2488844403,44.56,48.37,40.11,521.6,5.41
2022,341534046.0,171672742.0,169861303.0,USA,840,Breast,Female,Mortality,11.7430766,24.85027446,1.269063155,42211,Americas,2017,13.16,76657.2488844403,,,,,
2022,341534046.0,171672742.0,169861303.0,USA,840,Prostate,Male,Mortality,8.136206372,19.43406945,0.6786995086,33363,Americas,2017,13.16,76657.2488844403,44.56,48.37,40.11,521.6,5.41
2022,341534046.0,171672742.0,169861303.0,USA,840,Prostate,Male,Mortality,8.136206372,19.43406945,0.6786995086,33363,Americas,2017,13.16,76657.2488844403,,,,,
2022,341534046.0,171672742.0,169861303.0,USA,840,Cervix,Female,Mortality,1.509663419,2.384886922,0.1606750688,4051,Americas,2017,13.16,76657.2488844403,44.56,48.37,40.11,521.6,5.41
2022,341534046.0,171672742.0,169861303.0,USA,840,Cervix,Female,Mortality,1.509663419,2.384886922,0.1606750688,4051,Americas,2017,13.16,76657.2488844403,,,,,
2015,23948002.0,11892488.0,12055514.0,AUS,36,Lung,Male,Incidence,30.47984347,57.0114728,3.607409272,6744,Western Pacific,2010,4.22,56970.3613028094,,,,,
2015,23948002.0,11892488.0,12055514.0,AUS,36,Lung,Male,Mortality,21.72411701,42.19772445,2.45301701,4991,Western Pacific,2010,4.22,56970.3613028094,,,,,
2015,23948002.0,11892488.0,12055514.0,AUS,36,Lung,Female,Incidence,21.85407172,42.19380772,2.741417343,5058,Western Pacific,2010,4.22,56970.3613028094,,,,,
2015,23948002.0,11892488.0,12055514.0,AUS,36,Lung,Female,Mortality,14.08991107,29.0115156,1.672645953,3478,Western Pacific,2010,4.22,56970.3613028094,,,,,
2015,23948002.0,11892488.0,12055514.0,AUS,36,Breast,Female,Incidence,92.64187325,144.1746894,10.37226167,17283,Western Pacific,2010,4.22,56970.3613028094,,,,,
2015,23948002.0,11892488.0,12055514.0,AUS,36,Breast,Female,Mortality,12.6055439,24.51548141,1.359688271,2939,Western Pacific,2010,4.22,56970.3613028094,,,,,
2015,23948002.0,11892488.0,12055514.0,AUS,36,Prostate,Male,Incidence,95.47259831,163.2401453,12.06199846,19310,Western Pacific,2010,4.22,56970.3613028094,,,,,
2015,23948002.0,11892488.0,12055514.0,AUS,36,Prostate,Male,Mortality,11.24867926,27.0298788,0.8076302889,3197,Western Pacific,2010,4.22,56970.3613028094,,,,,
2015,23948002.0,11892488.0,12055514.0,AUS,36,Cervix,Female,Incidence,5.28236096,6.882145387,0.491974687,825,Western Pacific,2010,4.22,56970.3613028094,,,,,
2015,23948002.0,11892488.0,12055514.0,AUS,36,Cervix,Female,Mortality,1.210938792,1.918530359,0.1310517458,230,Western Pacific,2010,4.22,56970.3613028094,,,,,
2018,25119706.0,12465559.0,12654146.0,AUS,36,Lung,Male,Mortality,20.06517911,40.37861794,2.277937524,5003,Western Pacific,2013,4.03,57410.1737346009,,,,,
2018,25119706.0,12465559.0,12654146.0,AUS,36,Lung,Female,Mortality,13.13160136,28.60883969,1.554441667,3597,Western Pacific,2013,4.03,57410.1737346009,,,,,
2018,25119706.0,12465559.0,12654146.0,AUS,36,Breast,Female,Mortality,11.87279326,23.86853709,1.270301108,3001,Western Pacific,2013,4.03,57410.1737346009,,,,,
2018,25119706.0,12465559.0,12654146.0,AUS,36,Prostate,Male,Mortality,10.39454034,26.57741133,0.7402139753,3293,Western Pacific,2013,4.03,57410.1737346009,,,,,
2018,25119706.0,12465559.0,12654146.0,AUS,36,Cervix,Female,Mortality,1.154507884,1.845218462,0.1228227536,232,Western Pacific,2013,4.03,57410.1737346009,,,,,
2022,26200984.0,13000471.0,13200513.0,AUS,36,Lung,Male,Mortality,17.90943848,39.87685976,1.970590578,5147,Western Pacific,2017,9.29,65169.5191118657,69.88,18.94,14.71,201.2,4.0
2022,26200984.0,13000471.0,13200513.0,AUS,36,Lung,Male,Mortality,17.90943848,39.87685976,1.970590578,5147,Western Pacific,2017,9.29,65169.5191118657,,,,,
2022,26200984.0,13000471.0,13200513.0,AUS,36,Lung,Female,Mortality,12.2033846,29.80538322,1.387339288,3904,Western Pacific,2017,9.29,65169.5191118657,69.88,18.94,14.71,201.2,4.0
2022,26200984.0,13000471.0,13200513.0,AUS,36,Lung,Female,Mortality,12.2033846,29.80538322,1.387339288,3904,Western Pacific,2017,9.29,65169.5191118657,,,,,
2022,26200984.0,13000471.0,13200513.0,AUS,36,Breast,Female,Mortality,10.79106925,23.98020202,1.138148941,3141,Western Pacific,2017,9.29,65169.5191118657,69.88,18.94,14.71,201.2,4.0
2022,26200984.0,13000471.0,13200513.0,AUS,36,Breast,Female,Mortality,10.79106925,23.98020202,1.138148941,3141,Western Pacific,2017,9.29,65169.5191118657,,,,,
2022,26200984.0,13000471.0,13200513.0,AUS,36,Prostate,Male,Mortality,10.45470249,29.43310477,0.7385228629,3799,Western Pacific,2017,9.29,65169.5191118657,69.88,18.94,14.71,201.2,4.0
2022,26200984.0,13000471.0,13200513.0,AUS,36,Prostate,Male,Mortality,10.45470249,29.43310477,0.7385228629,3799,Western Pacific,2017,9.29,65169.5191118657,,,,,
2022,26200984.0,13000471.0,13200513.0,AUS,36,Cervix,Female,Mortality,1.261053262,2.053700841,0.1316883065,269,Western Pacific,2017,9.29,65169.5191118657,69.88,18.94,14.71,201.2,4.0
2022,26200984.0,13000471.0,13200513.0,AUS,36,Cervix,Female,Mortality,1.261053262,2.053700841,0.1316883065,269,Western Pacific,2017,9.29,65169.5191118657,,,,,
2015,4614029.0,2271832.0,2342197.0,NZL,554,Lung,Male,Incidence,27.29607868,50.81603528,3.113798375,1143,Western Pacific,2010,7.1,38665.3723018158,15.8,3.43,9.62,227.9,0.46
2015,4614029.0,2271832.0,2342197.0,NZL,554,Lung,Male,Mortality,22.25138038,41.94852436,2.452767064,953,Western Pacific,2010,7.1,38665.3723018158,15.8,3.43,9.62,227.9,0.46
2015,4614029.0,2271832.0,2342197.0,NZL,554,Lung,Female,Incidence,25.78732078,48.28033411,3.172973741,1128,Western Pacific,2010,7.1,38665.3723018158,15.8,3.43,9.62,227.9,0.46
2015,4614029.0,2271832.0,2342197.0,NZL,554,Lung,Female,Mortality,18.18662485,36.37610329,2.13306205,852,Western Pacific,2010,7.1,38665.3723018158,15.8,3.43,9.62,227.9,0.46
2015,4614029.0,2271832.0,2342197.0,NZL,554,Breast,Female,Incidence,91.04676446,141.3312617,9.639493505,3302,Western Pacific,2010,7.1,38665.3723018158,15.8,3.43,9.62,227.9,0.46
2015,4614029.0,2271832.0,2342197.0,NZL,554,Breast,Female,Mortality,15.77017851,28.56292618,1.701895986,669,Western Pacific,2010,7.1,38665.3723018158,15.8,3.43,9.62,227.9,0.46
2015,4614029.0,2271832.0,2342197.0,NZL,554,Prostate,Male,Incidence,81.62161374,139.1550223,10.41868938,3130,Western Pacific,2010,7.1,38665.3723018158,15.8,3.43,9.62,227.9,0.46
2015,4614029.0,2271832.0,2342197.0,NZL,554,Prostate,Male,Mortality,12.54065275,28.47921853,0.9579691329,647,Western Pacific,2010,7.1,38665.3723018158,15.8,3.43,9.62,227.9,0.46
2015,4614029.0,2271832.0,2342197.0,NZL,554,Cervix,Female,Incidence,4.872911435,6.077843478,0.432553139,142,Western Pacific,2010,7.1,38665.3723018158,15.8,3.43,9.62,227.9,0.46
2015,4614029.0,2271832.0,2342197.0,NZL,554,Cervix,Female,Mortality,1.446799588,2.262832716,0.1447749695,53,Western Pacific,2010,7.1,38665.3723018158,15.8,3.43,9.62,227.9,0.46
2018,4900847.0,2429767.0,2471081.0,NZL,554,Lung,Male,Mortality,19.3341403,37.61678334,2.156628343,914,Western Pacific,2013,6.21,43257.0769238879,,,,,
2018,4900847.0,2429767.0,2471081.0,NZL,554,Lung,Female,Mortality,16.90480668,35.36914317,2.019797302,874,Western Pacific,2013,6.21,43257.0769238879,,,,,
2018,4900847.0,2429767.0,2471081.0,NZL,554,Breast,Female,Mortality,14.24519467,27.72066713,1.468351834,685,Western Pacific,2013,6.21,43257.0769238879,,,,,
2018,4900847.0,2429767.0,2471081.0,NZL,554,Prostate,Male,Mortality,11.96608563,28.85050889,0.7799642898,701,Western Pacific,2013,6.21,43257.0769238879,,,,,
2018,4900847.0,2429767.0,2471081.0,NZL,554,Cervix,Female,Mortality,1.450682868,2.428087632,0.1384223852,60,Western Pacific,2013,6.21,43257.0769238879,,,,,
