Cancer label,Sex,Type,Year,ASR (World),Crude rate,Cumulative risk,Total,Country_harmonized,Region Name,RTCenters,Linac,Protontherapy,XRay,Brachytherapy,Last Update,Population,Population_male,Population_female,GDP_per_capita
Cervix,Female,Incidence,2007,12.88098939,17.99418388,1.285188503,931,Belarus,Eastern Europe,13,31,0,11,17,2024,9563133.0,4450421.0,5112713.0,4735.48107556066
Cervix,Female,Incidence,2008,13.08979635,18.76366303,1.296156652,956,Belarus,Eastern Europe,13,31,0,11,17,2024,9529358.0,4432534.0,5096824.0,6376.17569162063
Cervix,Female,Incidence,2009,12.78925456,18.36783497,1.287708897,934,Belarus,Eastern Europe,13,31,0,11,17,2024,9507337.0,4421224.0,5086114.0,5352.48809190697
Cervix,Female,Incidence,2010,12.68453324,18.3166127,1.270705555,930,Belarus,Eastern Europe,13,31,0,11,17,2024,9490752.0,4412608.0,5078144.0,6034.67885177216
Cervix,Female,Incidence,2011,13.30541953,18.93511665,1.313380819,960,Belarus,Eastern Europe,13,31,0,11,17,2024,9472735.0,4402539.0,5070196.0,6527.6593428786
Cervix,Female,Incidence,2012,12.44898734,17.94107866,1.236945535,909,Belarus,Eastern Europe,13,31,0,11,17,2024,9463076.0,4397152.0,5065925.0,6953.21591683101
Cervix,Female,Incidence,2013,11.97800564,17.17782178,1.194488676,872,Belarus,Eastern Europe,13,31,0,11,17,2024,9464453.0,4398658.0,5065794.0,7998.0802045456
Cervix,Female,Incidence,2014,12.22323863,17.75385753,1.204938166,902,Belarus,Eastern Europe,13,31,0,11,17,2024,9472708.0,4404484.0,5068224.0,8341.31809294883
Cervix,Female,Incidence,2015,11.81860933,17.39439441,1.175950146,885,Belarus,Eastern Europe,13,31,0,11,17,2024,9487293.0,4414172.0,5073122.0,5967.05595058777
Cervix,Female,Incidence,2016,12.67282267,18.65641598,1.266599996,950,Belarus,Eastern Europe,13,31,0,11,17,2024,9499064.0,4422811.0,5076252.0,5039.77560949445
Cervix,Female,Incidence,2017,12.97405218,19.08875662,1.287767838,971,Belarus,Eastern Europe,13,31,0,11,17,2024,9495790.0,4423272.0,5072517.0,5785.54491935194
Cervix,Female,Incidence,2007,6.365741935,8.611732887,0.5935542362,1050,Canada,Northern America,52,296,0,14,52,2025,33092171.000000004,16396809.000000002,16695362.000000002,44660.0838892281
Cervix,Female,Incidence,2008,6.110331987,8.341159757,0.5965456194,1029,Canada,Northern America,52,296,0,14,52,2025,33449085.0,16572555.0,16876530.0,46710.2526864484
Cervix,Female,Incidence,2009,6.702920492,8.82592811,0.6402688524,1102,Canada,Northern America,52,296,0,14,52,2025,33826370.0,16759240.000000002,17067130.0,40874.8831932903
Cervix,Female,Incidence,2010,6.368516449,8.43815587,0.6011551825,1067,Canada,Northern America,52,296,0,14,52,2025,34196899.0,16943012.0,17253887.0,47560.6666009406
Cervix,Female,Incidence,2011,6.097391101,8.138676155,0.5845703056,1040,Canada,Northern America,52,296,0,14,52,2025,34555452.0,17123509.0,17431944.0,52223.8588398531
Cervix,Female,Incidence,2012,5.804452207,7.787033375,0.5497183434,1007,Canada,Northern America,52,296,0,14,52,2025,34922516.0,17311929.0,17610587.0,52670.3447335415
Cervix,Female,Incidence,2013,5.711402123,7.737729321,0.5449343678,1013,Canada,Northern America,52,296,0,14,52,2025,35293433.0,17502586.0,17790847.0,52638.1187235237
Cervix,Female,Incidence,2014,5.863879678,8.020079926,0.5539024828,1063,Canada,Northern America,52,296,0,14,52,2025,35634264.0,17674847.0,17959416.0,50960.8431174661
Cervix,Female,Incidence,2015,5.897503074,7.842291151,0.5583204834,1049,Canada,Northern America,52,296,0,14,52,2025,35962234.0,17837661.0,18124573.0,43594.1941045394
Cervix,Female,Incidence,2016,6.210962439,8.269932973,0.5788617035,1121,Canada,Northern America,52,296,0,14,52,2025,36353343.0,18032655.0,18320689.0,42314.0615817218
Cervix,Female,Incidence,2017,6.225063568,8.256899371,0.5854940057,1134,Canada,Northern America,52,296,0,14,52,2025,36808497.0,18263590.0,18544907.0,45129.628116623
Cervix,Female,Mortality,2007,1.423409855,2.353947162,0.145917706,393,Canada,Northern America,52,296,0,14,52,2025,33092171.000000004,16396809.000000002,16695362.000000002,44660.0838892281
Cervix,Female,Mortality,2008,1.284979609,2.139065381,0.1352713747,361,Canada,Northern America,52,296,0,14,52,2025,33449085.0,16572555.0,16876530.0,46710.2526864484
Cervix,Female,Mortality,2009,1.300551935,2.167909895,0.1364962841,370,Canada,Northern America,52,296,0,14,52,2025,33826370.0,16759240.000000002,17067130.0,40874.8831932903
Cervix,Female,Mortality,2010,1.305563514,2.156035975,0.137074024,372,Canada,Northern America,52,296,0,14,52,2025,34196899.0,16943012.0,17253887.0,47560.6666009406
Cervix,Female,Mortality,2011,1.395059053,2.277428217,0.1439649812,397,Canada,Northern America,52,296,0,14,52,2025,34555452.0,17123509.0,17431944.0,52223.8588398531
Cervix,Female,Mortality,2012,1.528859802,2.515532348,0.1663476364,443,Canada,Northern America,52,296,0,14,52,2025,34922516.0,17311929.0,17610587.0,52670.3447335415
Cervix,Female,Mortality,2013,1.379734243,2.242726274,0.148878147,399,Canada,Northern America,52,296,0,14,52,2025,35293433.0,17502586.0,17790847.0,52638.1187235237
Cervix,Female,Mortality,2014,1.395268012,2.377582879,0.146256395,427,Canada,Northern America,52,296,0,14,52,2025,35634264.0,17674847.0,17959416.0,50960.8431174661
Cervix,Female,Mortality,2015,1.31640463,2.173844256,0.1361205348,394,Canada,Northern America,52,296,0,14,52,2025,35962234.0,17837661.0,18124573.0,43594.1941045394
Cervix,Female,Mortality,2016,1.343474139,2.237907162,0.1361320644,410,Canada,Northern America,52,296,0,14,52,2025,36353343.0,18032655.0,18320689.0,42314.0615817218
Cervix,Female,Mortality,2017,1.303090293,2.210849648,0.1386582545,410,Canada,Northern America,52,296,0,14,52,2025,36808497.0,18263590.0,18544907.0,45129.628116623
Cervix,Female,Mortality,2018,1.16664805,2.023420991,0.1208820336,380,Canada,Northern America,52,296,0,14,52,2025,37295005.0,18514929.0,18780076.0,46539.1761570405
Cervix,Female,Mortality,2019,1.364372785,2.282203268,0.144234899,434,Canada,Northern America,52,296,0,14,52,2025,37782935.0,18766224.0,19016711.0,46352.8693445211
Cervix,Female,Mortality,2020,1.281146952,2.155413262,0.1349287164,414,Canada,Northern America,52,296,0,14,52,2025,38171902.0,18964448.0,19207453.0,43537.839298904
Cervix,Female,Mortality,2021,1.323916101,2.165522459,0.1346744685,419,Canada,Northern America,52,296,0,14,52,2025,38454057.0,19105377.0,19348679.0,52886.6616372703
Cervix,Female,Mortality,2022,1.233960422,2.118849709,0.1332619922,414,Canada,Northern America,52,296,0,14,52,2025,38821259.0,19282356.0,19538904.0,56256.8007264015
Cervix,Female,Incidence,2007,9.881038408,12.24583242,0.8120409058,23,Chile,South America,24,45,0,0,8,2025,16671580.999999998,8289656.999999999,8381923.000000001,10346.4138184533
Cervix,Female,Incidence,2008,11.4336661,15.38632951,1.037270061,29,Chile,South America,24,45,0,0,8,2025,16838988.0,8372794.0,8466193.0,10683.2188772511
Cervix,Female,Incidence,2009,11.88697636,13.73140319,1.07766981,26,Chile,South America,24,45,0,0,8,2025,17009731.0,8457837.0,8551893.0,10098.8017167286
Cervix,Female,Incidence,2010,11.53855439,14.19409105,0.9645538555,27,Chile,South America,24,45,0,0,8,2025,17181464.0,8543399.0,8638065.0,12632.8704724192
Cervix,Female,Incidence,2011,14.45444877,18.33382224,1.439816336,35,Chile,South America,24,45,0,0,8,2025,17351816.0,8628448.0,8723368.0,14487.3927832032
Cervix,Female,Incidence,2012,15.01052418,17.22661878,1.232571,33,Chile,South America,24,45,0,0,8,2025,17519119.0,8712256.0,8806862.0,15241.9069981119
Cervix,Female,Incidence,2013,11.17529475,14.19410438,1.133128873,28,Chile,South America,24,45,0,0,8,2025,17687006.0,8796396.0,8890611.0,15683.5486369155
Cervix,Female,Incidence,2014,12.39161034,15.60879329,1.138522406,31,Chile,South America,24,45,0,0,8,2025,17864195.0,8885067.0,8979128.0,14529.6767206336
Cervix,Female,Incidence,2015,12.64543523,17.50936751,1.146197409,35,Chile,South America,24,45,0,0,8,2025,18047625.0,8976465.0,9071160.0,13433.9202987032
Cervix,Female,Incidence,2016,8.118928325,10.92928751,0.9715305464,22,Chile,South America,24,45,0,0,8,2025,18267221.0,9085689.0,9181532.0,13649.8520452803
Cervix,Female,Incidence,2017,16.67496946,22.69587527,1.621163708,46,Chile,South America,24,45,0,0,8,2025,18558868.0,9230995.0,9327872.0,14879.9086227187
Cervix,Female,Mortality,2007,5.606098788,7.361079313,0.610962401,617,Chile,South America,24,45,0,0,8,2025,16671580.999999998,8289656.999999999,8381923.000000001,10346.4138184533
Cervix,Female,Mortality,2008,5.365879575,7.228750441,0.5807958239,612,Chile,South America,24,45,0,0,8,2025,16838988.0,8372794.0,8466193.0,10683.2188772511
Cervix,Female,Mortality,2009,5.479915776,7.553883099,0.586372634,646,Chile,South America,24,45,0,0,8,2025,17009731.0,8457837.0,8551893.0,10098.8017167286
Cervix,Female,Mortality,2010,4.781032564,6.69131339,0.5306212232,578,Chile,South America,24,45,0,0,8,2025,17181464.0,8543399.0,8638065.0,12632.8704724192
Cervix,Female,Mortality,2011,4.762843446,6.729052743,0.5399720989,587,Chile,South America,24,45,0,0,8,2025,17351816.0,8628448.0,8723368.0,14487.3927832032
Cervix,Female,Mortality,2012,4.616051558,6.631192437,0.4975830747,584,Chile,South America,24,45,0,0,8,2025,17519119.0,8712256.0,8806862.0,15241.9069981119
Cervix,Female,Mortality,2013,4.347483811,6.310027511,0.4627620791,561,Chile,South America,24,45,0,0,8,2025,17687006.0,8796396.0,8890611.0,15683.5486369155
Cervix,Female,Mortality,2014,4.044141912,6.002810072,0.4478580881,539,Chile,South America,24,45,0,0,8,2025,17864195.0,8885067.0,8979128.0,14529.6767206336
Cervix,Female,Mortality,2015,4.607123235,6.834847647,0.4838740643,620,Chile,South America,24,45,0,0,8,2025,18047625.0,8976465.0,9071160.0,13433.9202987032
Cervix,Female,Mortality,2016,4.544829585,6.796251062,0.4697773996,624,Chile,South America,24,45,0,0,8,2025,18267221.0,9085689.0,9181532.0,13649.8520452803
Cervix,Female,Mortality,2017,4.268583422,6.443055477,0.4499408917,601,Chile,South America,24,45,0,0,8,2025,18558868.0,9230995.0,9327872.0,14879.9086227187
Cervix,Female,Mortality,2018,4.194127846,6.413522781,0.4269337229,609,Chile,South America,24,45,0,0,8,2025,18893191.0,9397629.0,9495561.0,15659.4808675628
Cervix,Female,Mortality,2019,4.397282278,6.73673807,0.4622693398,650,Chile,South America,24,45,0,0,8,2025,19197744.0,9549157.0,9648586.0,14495.716721687
Cervix,Female,Mortality,2020,4.402143245,6.798539505,0.4508255568,662,Chile,South America,24,45,0,0,8,2025,19370624.0,9633238.0,9737386.0,13114.815470545
Cervix,Female,Mortality,2021,4.284489348,6.766171636,0.4405791773,662,Chile,South America,24,45,0,0,8,2025,19456334.0,9672367.0,9783967.0,16206.8325493421
Cervix,Female,Incidence,2007,5.995277873,8.9412175,0.5722754345,402,China,Eastern Asia,1624,2932,15,124,255,2025,1325813582.0,678072476.0,647741105.0,2734.72709877693
Cervix,Female,Incidence,2008,6.235632729,9.689888181,0.6035726444,438,China,Eastern Asia,1624,2932,15,124,255,2025,1333821016.0,682278798.0,651542218.0,3523.44302065213
Cervix,Female,Incidence,2009,6.4649225,9.850369146,0.5940116951,447,China,Eastern Asia,1624,2932,15,124,255,2025,1342522716.0,686821005.0,655701711.0,3898.24459158811
Cervix,Female,Incidence,2010,7.190528519,10.58560533,0.6798472689,483,China,Eastern Asia,1624,2932,15,124,255,2025,1351561514.0,691523568.0,660037946.0,4629.24551710077
Cervix,Female,Incidence,2011,6.750326928,10.41848453,0.6487190507,477,China,Eastern Asia,1624,2932,15,124,255,2025,1360250664.0,696018306.0,664232358.0,5703.76027973346
Cervix,Female,Incidence,2012,7.316467135,11.30539398,0.7162015291,519,China,Eastern Asia,1624,2932,15,124,255,2025,1369520864.0,700783226.0,668737638.0,6405.0574241349
Cervix,Female,Incidence,2013,8.189860047,12.36989867,0.8138941257,569,China,Eastern Asia,1624,2932,15,124,255,2025,1379008040.0,705638491.0,673369549.0,7147.03518622344
Cervix,Female,Incidence,2014,8.131735816,12.85177382,0.7971974236,591,China,Eastern Asia,1624,2932,15,124,255,2025,1387951972.0,710181238.0,677770734.0,7781.06597484974
Cervix,Female,Incidence,2015,7.344943443,12.25818609,0.7598848344,564,China,Eastern Asia,1624,2932,15,124,255,2025,1396134174.0,714291689.0,681842484.0,8175.33285077393
Cervix,Female,Incidence,2016,9.125596974,14.51446927,0.9303886918,668,China,Eastern Asia,1624,2932,15,124,255,2025,1404052632.0,718222772.0,685829860.0,8254.86859320357
Cervix,Female,Incidence,2017,9.056697961,14.41936825,0.9073331457,669,China,Eastern Asia,1624,2932,15,124,255,2025,1412354727.0,722262972.0,690091755.0,8979.67652709856
Cervix,Female,Incidence,2007,17.14008403,18.885532,1.876317129,392,Colombia,South America,59,96,0,0,30,2025,43235374.0,21416887.0,21818487.0,4769.926147194
Cervix,Female,Incidence,2008,16.08131255,18.15673061,1.638336962,382,Colombia,South America,59,96,0,0,30,2025,43758808.0,21670024.0,22088785.0,5541.83629665898
Cervix,Female,Incidence,2009,16.76156584,18.9747424,1.726586129,403,Colombia,South America,59,96,0,0,30,2025,44271541.0,21918269.0,22353271.0,5250.97292433518
Cervix,Female,Incidence,2010,16.44914506,19.05066219,1.741300416,409,Colombia,South America,59,96,0,0,30,2025,44777319.0,22163441.0,22613878.0,6398.2958447102
Cervix,Female,Incidence,2011,15.10146758,17.80308953,1.588887201,386,Colombia,South America,59,96,0,0,30,2025,45259614.0,22396798.0,22862816.0,7400.9940695669
Cervix,Female,Incidence,2012,11.96049672,13.96610558,1.249403773,307,Colombia,South America,59,96,0,0,30,2025,45715810.0,22616962.0,23098849.0,8108.59838244229
Cervix,Female,Incidence,2013,13.91984962,17.26734518,1.394026359,381,Colombia,South America,59,96,0,0,30,2025,46151584.0,22827016.0,23324569.0,8279.10255642981
Cervix,Female,Incidence,2014,15.42101312,19.23281252,1.535125441,429,Colombia,South America,59,96,0,0,30,2025,46565429.0,23026431.0,23538998.0,8187.20824890084
Cervix,Female,Incidence,2015,13.01604383,16.49642533,1.303444845,372,Colombia,South America,59,96,0,0,30,2025,46969940.0,23221563.0,23748377.0,6248.51490534512
Cervix,Female,Incidence,2016,12.06570344,15.34313833,1.193622778,350,Colombia,South America,59,96,0,0,30,2025,47437512.0,23448707.0,23988805.0,5959.84250367574
Cervix,Female,Incidence,2017,13.00852315,16.67940367,1.266599216,385,Colombia,South America,59,96,0,0,30,2025,48131078.0,23789069.0,24342009.0,6479.53231292429
Cervix,Female,Mortality,2007,7.817098445,7.310314414,0.8723333275,1595,Colombia,South America,59,96,0,0,30,2025,43235374.0,21416887.0,21818487.0,4769.926147194
Cervix,Female,Mortality,2008,7.695030007,7.447218293,0.8328600801,1645,Colombia,South America,59,96,0,0,30,2025,43758808.0,21670024.0,22088785.0,5541.83629665898
Cervix,Female,Mortality,2009,7.26550253,7.215946158,0.7748339388,1613,Colombia,South America,59,96,0,0,30,2025,44271541.0,21918269.0,22353271.0,5250.97292433518
Cervix,Female,Mortality,2010,7.054392444,7.203540958,0.7584440413,1629,Colombia,South America,59,96,0,0,30,2025,44777319.0,22163441.0,22613878.0,6398.2958447102
Cervix,Female,Mortality,2011,6.423340939,6.709584681,0.6847248025,1534,Colombia,South America,59,96,0,0,30,2025,45259614.0,22396798.0,22862816.0,7400.9940695669
Cervix,Female,Mortality,2012,6.191346331,6.580414604,0.6832440783,1520,Colombia,South America,59,96,0,0,30,2025,45715810.0,22616962.0,23098849.0,8108.59838244229
Cervix,Female,Mortality,2013,5.883118456,6.443848973,0.6378209799,1503,Colombia,South America,59,96,0,0,30,2025,46151584.0,22827016.0,23324569.0,8279.10255642981
Cervix,Female,Mortality,2014,6.157654009,6.933175468,0.6452802551,1632,Colombia,South America,59,96,0,0,30,2025,46565429.0,23026431.0,23538998.0,8187.20824890084
Cervix,Female,Mortality,2015,5.950967466,6.855205161,0.6308943453,1628,Colombia,South America,59,96,0,0,30,2025,46969940.0,23221563.0,23748377.0,6248.51490534512
Cervix,Female,Mortality,2016,6.127902946,7.220034512,0.631741674,1732,Colombia,South America,59,96,0,0,30,2025,47437512.0,23448707.0,23988805.0,5959.84250367574
Cervix,Female,Mortality,2017,5.871432739,7.045433267,0.6162612376,1715,Colombia,South America,59,96,0,0,30,2025,48131078.0,23789069.0,24342009.0,6479.53231292429
Cervix,Female,Mortality,2018,5.63197911,6.884359359,0.5832336986,1707,Colombia,South America,59,96,0,0,30,2025,49024465.0,24229130.0,24795336.0,6816.96818309544
Cervix,Female,Mortality,2019,5.878628382,7.205689476,0.6188300876,1819,Colombia,South America,59,96,0,0,30,2025,49907985.0,24664044.0,25243941.0,6472.54544924705
Cervix,Female,Mortality,2020,5.656242948,7.085167263,0.594459136,1815,Colombia,South America,59,96,0,0,30,2025,50629997.0,25013101.0,25616897.0,5339.68711357943
Cervix,Female,Mortality,2021,5.668972755,7.212066215,0.5856054026,1869,Colombia,South America,59,96,0,0,30,2025,51188173.0,25273270.0,25914904.0,6222.62164397614
Cervix,Female,Incidence,2007,12.42429062,12.81457586,1.229272438,277,Costa Rica,Central America,5,12,0,1,1,2025,4380248.0,2171084.0,2209164.0,6137.71199925542
Cervix,Female,Incidence,2008,14.25247572,15.3691445,1.35112871,337,Costa Rica,Central America,5,12,0,1,1,2025,4440056.0,2200182.0,2239874.0,6937.24261596055
Cervix,Female,Incidence,2009,12.43468072,13.23200796,1.230264419,294,Costa Rica,Central America,5,12,0,1,1,2025,4499791.0,2229289.0,2270502.0,6832.69829924138
Cervix,Female,Incidence,2010,12.01186101,13.29334364,1.121139172,299,Costa Rica,Central America,5,12,0,1,1,2025,4555962.0,2256689.0,2299273.0,8265.78820275582
Cervix,Female,Incidence,2011,13.95709752,15.55672646,1.313421194,354,Costa Rica,Central America,5,12,0,1,1,2025,4609833.0,2283070.0,2326764.0,9276.39107511347
Cervix,Female,Incidence,2012,10.25455944,11.25269424,1.042893825,259,Costa Rica,Central America,5,12,0,1,1,2025,4663934.0,2309765.0,2354169.0,10126.9991024177
Cervix,Female,Incidence,2013,11.85323294,13.42011963,1.127332555,313,Costa Rica,Central America,5,12,0,1,1,2025,4716147.0,2335593.0,2380553.0,10803.2401962173
Cervix,Female,Incidence,2014,11.66279673,13.37391781,1.104647715,316,Costa Rica,Central America,5,12,0,1,1,2025,4767119.0,2360755.0,2406364.0,10911.497878334
Cervix,Female,Incidence,2015,11.5785035,13.33109895,1.112217522,319,Costa Rica,Central America,5,12,0,1,1,2025,4818038.0,2385764.0,2432275.0,11714.7105980732
Cervix,Female,Incidence,2016,11.70650668,13.4981567,1.172146947,327,Costa Rica,Central America,5,12,0,1,1,2025,4866998.0,2409720.0,2457277.0,12091.0301606154
Cervix,Female,Mortality,2007,3.953195402,4.300270215,0.4230412548,95,Costa Rica,Central America,5,12,0,1,1,2025,4380248.0,2171084.0,2209164.0,6137.71199925542
Cervix,Female,Mortality,2008,4.460342239,5.000282382,0.4450783878,112,Costa Rica,Central America,5,12,0,1,1,2025,4440056.0,2200182.0,2239874.0,6937.24261596055
Cervix,Female,Mortality,2009,4.425509694,4.844743585,0.4752293982,110,Costa Rica,Central America,5,12,0,1,1,2025,4499791.0,2229289.0,2270502.0,6832.69829924138
Cervix,Female,Mortality,2010,4.976953496,5.784435823,0.5031904674,133,Costa Rica,Central America,5,12,0,1,1,2025,4555962.0,2256689.0,2299273.0,8265.78820275582
Cervix,Female,Mortality,2011,3.793603116,4.555684323,0.380057032,106,Costa Rica,Central America,5,12,0,1,1,2025,4609833.0,2283070.0,2326764.0,9276.39107511347
Cervix,Female,Mortality,2012,4.716273594,5.734507591,0.4718993935,135,Costa Rica,Central America,5,12,0,1,1,2025,4663934.0,2309765.0,2354169.0,10126.9991024177
Cervix,Female,Mortality,2013,4.433413309,5.502921905,0.4451856215,131,Costa Rica,Central America,5,12,0,1,1,2025,4716147.0,2335593.0,2380553.0,10803.2401962173
Cervix,Female,Mortality,2014,4.134131694,5.194559094,0.420192229,125,Costa Rica,Central America,5,12,0,1,1,2025,4767119.0,2360755.0,2406364.0,10911.497878334
Cervix,Female,Mortality,2015,4.16523657,5.139221511,0.4238126781,125,Costa Rica,Central America,5,12,0,1,1,2025,4818038.0,2385764.0,2432275.0,11714.7105980732
Cervix,Female,Mortality,2016,4.509803415,5.819449741,0.4415543719,143,Costa Rica,Central America,5,12,0,1,1,2025,4866998.0,2409720.0,2457277.0,12091.0301606154
Cervix,Female,Mortality,2017,4.417768219,5.683569104,0.424201889,141,Costa Rica,Central America,5,12,0,1,1,2025,4913177.0,2432341.0,2480836.0,12317.0902771304
Cervix,Female,Mortality,2018,3.511222439,4.553181156,0.3775017244,114,Costa Rica,Central America,5,12,0,1,1,2025,4957818.0,2454074.0,2503744.0,12590.2493781614
Cervix,Female,Mortality,2019,4.080503031,5.504394606,0.3965915616,139,Costa Rica,Central America,5,12,0,1,1,2025,4999553.0,2474298.0,2525255.0,12884.6859951989
Cervix,Female,Mortality,2020,4.279146333,5.543524927,0.4615298787,141,Costa Rica,Central America,5,12,0,1,1,2025,5034320.0,2490812.0,2543508.0,12394.0493969492
Cervix,Female,Mortality,2021,3.885196239,5.200110414,0.4043204355,133,Costa Rica,Central America,5,12,0,1,1,2025,5059988.0,2502349.0,2557638.0,12838.1185358931
Cervix,Female,Mortality,2022,4.225911744,5.681541799,0.433069749,146,Costa Rica,Central America,5,12,0,1,1,2025,5081765.0,2512039.0,2569725.0,13625.9008491328
Cervix,Female,Incidence,2007,11.84250588,17.70499543,1.201321246,405,Croatia,Southern Europe,8,30,0,0,4,2025,4315954.0,2075940.9999999998,2240013.0,13755.8321073292
Cervix,Female,Incidence,2008,10.60290347,16.22937044,1.074246286,371,Croatia,Southern Europe,8,30,0,0,4,2025,4314631.0,2076016.0,2238615.0,15888.0606949392
Cervix,Female,Incidence,2009,11.65155524,17.35059104,1.131603094,396,Croatia,Southern Europe,8,30,0,0,4,2025,4310530.0,2074717.9999999998,2235812.0,14474.6519774194
Cervix,Female,Incidence,2010,10.32022706,14.98594793,0.9920277563,341,Croatia,Southern Europe,8,30,0,0,4,2025,4301145.0,2070681.9999999998,2230463.0,13729.7654965022
Cervix,Female,Incidence,2011,10.49967163,15.52130841,1.049498428,344,Croatia,Southern Europe,8,30,0,0,4,2025,4280824.0,2060489.0,2220335.0,14691.558296292
Cervix,Female,Incidence,2012,9.815701912,14.80403666,0.990542028,327,Croatia,Southern Europe,8,30,0,0,4,2025,4259236.0,2049908.0,2209329.0,13507.7805260991
Cervix,Female,Incidence,2013,10.50963146,16.45704711,1.045183067,363,Croatia,Southern Europe,8,30,0,0,4,2025,4242398.0,2042281.0,2200117.0,14134.9474982889
Cervix,Female,Incidence,2014,10.03522985,15.15605962,1.039117632,333,Croatia,Southern Europe,8,30,0,0,4,2025,4219479.0,2031680.0,2187798.0,14186.7295493276
Cervix,Female,Incidence,2015,9.4365306,14.08854651,0.9556511491,308,Croatia,Southern Europe,8,30,0,0,4,2025,4183729.0000000005,2014755.0,2168973.0,12283.7840620053
Cervix,Female,Incidence,2016,10.12146792,14.99114139,0.9822837434,325,Croatia,Southern Europe,8,30,0,0,4,2025,4136444.0000000005,1992125.0,2144318.0,12820.1653893008
Cervix,Female,Incidence,2017,9.863325383,14.42493821,1.004437689,310,Croatia,Southern Europe,8,30,0,0,4,2025,4079200.0,1964676.0,2114524.0,13901.7878144679
Cervix,Female,Mortality,2007,2.861500924,5.089256178,0.3114078401,114,Croatia,Southern Europe,8,30,0,0,4,2025,4315954.0,2075940.9999999998,2240013.0,13755.8321073292
Cervix,Female,Mortality,2008,3.095357939,5.896504289,0.3558091222,132,Croatia,Southern Europe,8,30,0,0,4,2025,4314631.0,2076016.0,2238615.0,15888.0606949392
Cervix,Female,Mortality,2009,2.585421425,5.098818684,0.2750083415,114,Croatia,Southern Europe,8,30,0,0,4,2025,4310530.0,2074717.9999999998,2235812.0,14474.6519774194
Cervix,Female,Mortality,2010,2.967979963,5.918053785,0.3136827825,132,Croatia,Southern Europe,8,30,0,0,4,2025,4301145.0,2070681.9999999998,2230463.0,13729.7654965022
Cervix,Female,Mortality,2011,2.494155728,4.999245609,0.2562592867,111,Croatia,Southern Europe,8,30,0,0,4,2025,4280824.0,2060489.0,2220335.0,14691.558296292
Cervix,Female,Mortality,2012,2.499416161,4.797837895,0.2699698182,106,Croatia,Southern Europe,8,30,0,0,4,2025,4259236.0,2049908.0,2209329.0,13507.7805260991
Cervix,Female,Mortality,2013,2.848674202,5.772420285,0.3062840377,127,Croatia,Southern Europe,8,30,0,0,4,2025,4242398.0,2042281.0,2200117.0,14134.9474982889
Cervix,Female,Mortality,2014,3.164055946,5.942046308,0.3437509776,130,Croatia,Southern Europe,8,30,0,0,4,2025,4219479.0,2031680.0,2187798.0,14186.7295493276
Cervix,Female,Mortality,2015,2.448095692,5.117629403,0.2736411772,111,Croatia,Southern Europe,8,30,0,0,4,2025,4183729.0000000005,2014755.0,2168973.0,12283.7840620053
Cervix,Female,Mortality,2016,2.6294724,5.363009273,0.3035512117,115,Croatia,Southern Europe,8,30,0,0,4,2025,4136444.0000000005,1992125.0,2144318.0,12820.1653893008
Cervix,Female,Mortality,2017,2.469305398,5.154823224,0.2823491423,109,Croatia,Southern Europe,8,30,0,0,4,2025,4079200.0,1964676.0,2114524.0,13901.7878144679
Cervix,Female,Mortality,2018,3.218379426,5.991318819,0.3556505349,125,Croatia,Southern Europe,8,30,0,0,4,2025,4024868.0,1938516.0,2086351.9999999998,15460.3669595491
Cervix,Female,Mortality,2019,2.624255601,5.614035088,0.2732982037,116,Croatia,Southern Europe,8,30,0,0,4,2025,3986334.0,1920084.0,2066250.0,15563.5987295029
Cervix,Female,Mortality,2020,3.075033926,6.149075552,0.3338050597,126,Croatia,Southern Europe,8,30,0,0,4,2025,3953958.0,1904870.0,2049088.0000000002,14807.5608543265
Cervix,Female,Mortality,2021,2.967958956,5.999419728,0.3364393165,122,Croatia,Southern Europe,8,30,0,0,4,2025,3924610.0,1891080.0,2033530.0,17788.7865816658
Cervix,Female,Mortality,2007,5.897541365,8.357439747,0.6287051549,473,Cuba,Caribbean,9,20,0,7,6,2024,11287272.0,5627645.0,5659628.0,4807.43888960684
Cervix,Female,Mortality,2008,5.599563486,8.328624955,0.5925756932,472,Cuba,Caribbean,9,20,0,7,6,2024,11291762.0,5624560.0,5667202.0,4986.12436479175
Cervix,Female,Mortality,2009,5.510799228,8.230604985,0.6013337306,467,Cuba,Caribbean,9,20,0,7,6,2024,11294719.0,5620775.0,5673945.0,5089.23519757167
Cervix,Female,Mortality,2010,5.06278602,7.728197022,0.5590162126,439,Cuba,Caribbean,9,20,0,7,6,2024,11297409.0,5616912.0,5680497.0,5272.26755824835
Cervix,Female,Mortality,2011,5.425022049,8.192991002,0.596117828,466,Cuba,Caribbean,9,20,0,7,6,2024,11301571.0,5613783.0,5687788.0,6104.46105236166
Cervix,Female,Mortality,2012,5.053825899,7.976578376,0.5394181922,454,Cuba,Caribbean,9,20,0,7,6,2024,11303175.0,5611512.0,5691663.0,6470.83673392653
Cervix,Female,Mortality,2013,4.978932197,7.94354669,0.5605015747,452,Cuba,Caribbean,9,20,0,7,6,2024,11298167.0,5608014.0,5690154.0,6828.36428245396
Cervix,Female,Mortality,2014,5.133102237,8.530926146,0.5689028565,485,Cuba,Caribbean,9,20,0,7,6,2024,11285775.0,5600578.0,5685198.0,7146.70459051328
Cervix,Female,Mortality,2015,5.043795274,8.431011619,0.5505136858,479,Cuba,Caribbean,9,20,0,7,6,2024,11275065.0,5593658.0,5681406.0,7727.91997207998
Cervix,Female,Mortality,2016,5.149283485,8.910376318,0.5710483273,506,Cuba,Caribbean,9,20,0,7,6,2024,11265612.0,5586840.0,5678773.0,8110.55874283616
Cervix,Female,Mortality,2017,5.472848149,9.343179752,0.5995813412,530,Cuba,Caribbean,9,20,0,7,6,2024,11247829.0,5575242.0,5672587.0,8610.60829605429
Cervix,Female,Mortality,2018,5.590648273,9.726100821,0.635814052,551,Cuba,Caribbean,9,20,0,7,6,2024,11227118.0,5561949.0,5665168.0,8911.46205998726
Cervix,Female,Mortality,2019,5.141270838,9.335154042,0.5917690228,528,Cuba,Caribbean,9,20,0,7,6,2024,11202846.0,5546807.0,5656039.0,9232.26115935183
Cervix,Female,Mortality,2020,5.450450745,9.971561567,0.6247230687,563,Cuba,Caribbean,9,20,0,7,6,2024,11176354.0,5530297.0,5646056.0,9605.27914559614
Cervix,Female,Incidence,2007,5.397488071,7.578149668,0.4896265027,30,Cyprus,Western Asia,2,10,0,1,3,2025,1072714.0,543672.0,529042.0,31244.87890625
Cervix,Female,Incidence,2008,4.881962524,6.142445774,0.4426441728,25,Cyprus,Western Asia,2,10,0,1,3,2025,1091026.0,552753.0,538274.0,35397.296875
Cervix,Female,Incidence,2009,5.317616057,6.912414936,0.4609697762,29,Cyprus,Western Asia,2,10,0,1,3,2025,1109371.0,561859.0,547513.0,32236.44921875
Cervix,Female,Incidence,2010,5.880572663,8.120781544,0.5188653828,35,Cyprus,Western Asia,2,10,0,1,3,2025,1127816.0,571052.0,556764.0,31105.02734375
Cervix,Female,Incidence,2011,4.329402087,5.868836029,0.4651628802,26,Cyprus,Western Asia,2,10,0,1,3,2025,1146493.0,580274.0,566219.0,32485.798828125
Cervix,Female,Incidence,2012,5.974890149,7.418430979,0.5567425132,33,Cyprus,Western Asia,2,10,0,1,3,2025,1165397.0,589501.0,575895.0,28991.935546875
Cervix,Female,Incidence,2013,6.335701833,8.808642408,0.5896951493,39,Cyprus,Western Asia,2,10,0,1,3,2025,1183895.0,598543.0,585352.0,27764.73046875
Cervix,Female,Incidence,2014,5.677315695,8.204211951,0.6099329962,36,Cyprus,Western Asia,2,10,0,1,3,2025,1201801.0,607316.0,594485.0,26993.103515625
Cervix,Female,Incidence,2015,5.612759172,8.08006187,0.6101102145,35,Cyprus,Western Asia,2,10,0,1,3,2025,1219502.0,616000.0,603502.0,23088.44140625
Cervix,Female,Incidence,2016,6.149051834,8.482289209,0.6049777896,37,Cyprus,Western Asia,2,10,0,1,3,2025,1237112.0,624635.0,612478.0,24280.056640625
Cervix,Female,Incidence,2017,6.85995262,9.260765075,0.664374555,41,Cyprus,Western Asia,2,10,0,1,3,2025,1254275.0,633043.0,621232.0,26247.44921875
Cervix,Female,Mortality,2007,1.222015339,2.542375036,0.1145448403,10,Cyprus,Western Asia,2,10,0,1,3,2025,1072714.0,543672.0,529042.0,31244.87890625
Cervix,Female,Mortality,2008,1.875566948,2.725355969,0.2037150136,11,Cyprus,Western Asia,2,10,0,1,3,2025,1091026.0,552753.0,538274.0,35397.296875
Cervix,Female,Mortality,2009,0.4691460816,1.443612496,0.0,6,Cyprus,Western Asia,2,10,0,1,3,2025,1109371.0,561859.0,547513.0,32236.44921875
Cervix,Female,Mortality,2010,0.9834586774,1.636557898,0.1029671687,7,Cyprus,Western Asia,2,10,0,1,3,2025,1127816.0,571052.0,556764.0,31105.02734375
Cervix,Female,Mortality,2011,1.026204315,1.605821332,0.09983267239,7,Cyprus,Western Asia,2,10,0,1,3,2025,1146493.0,580274.0,566219.0,32485.798828125
Cervix,Female,Mortality,2012,0.9788646437,1.576818071,0.1109451873,7,Cyprus,Western Asia,2,10,0,1,3,2025,1165397.0,589501.0,575895.0,28991.935546875
Cervix,Female,Mortality,2013,1.148022336,2.032763633,0.08693475104,9,Cyprus,Western Asia,2,10,0,1,3,2025,1183895.0,598543.0,585352.0,27764.73046875
Cervix,Female,Mortality,2014,0.8346410669,1.367368659,0.07275622372,6,Cyprus,Western Asia,2,10,0,1,3,2025,1201801.0,607316.0,594485.0,26993.103515625
Cervix,Female,Mortality,2015,1.967487616,3.232024748,0.1996972236,14,Cyprus,Western Asia,2,10,0,1,3,2025,1219502.0,616000.0,603502.0,23088.44140625
Cervix,Female,Mortality,2016,1.756503091,2.980263776,0.1763122774,13,Cyprus,Western Asia,2,10,0,1,3,2025,1237112.0,624635.0,612478.0,24280.056640625
Cervix,Female,Mortality,2017,1.345438791,2.258723189,0.1339714065,10,Cyprus,Western Asia,2,10,0,1,3,2025,1254275.0,633043.0,621232.0,26247.44921875
Cervix,Female,Mortality,2018,1.143538071,2.454984511,0.1115983497,11,Cyprus,Western Asia,2,10,0,1,3,2025,1270737.0,641146.0,629591.0,29120.375
Cervix,Female,Mortality,2019,1.788770449,2.893293124,0.1878871064,13,Cyprus,Western Asia,2,10,0,1,3,2025,1286671.0,649029.0,637642.0,29227.173828125
Cervix,Female,Mortality,2020,1.227172437,2.181705526,0.1092417715,10,Cyprus,Western Asia,2,10,0,1,3,2025,1302247.0,656653.0,645595.0,28130.341796875
Cervix,Female,Mortality,2021,1.96519642,3.019701395,0.182162576,14,Cyprus,Western Asia,2,10,0,1,3,2025,1317309.0,663942.0,653366.0,32937.83984375
Cervix,Female,Mortality,2022,1.476384119,2.545203881,0.1481752203,12,Cyprus,Western Asia,2,10,0,1,3,2025,1331370.0,670824.0,660545.0,33231.04296875
Cervix,Female,Incidence,2007,13.09383723,19.148415,1.336881399,1010,Czechia,Eastern Europe,36,67,1,30,16,2021,10337543.0,5059730.0,5277813.0,18452.6532812196
Cervix,Female,Incidence,2008,13.30973755,19.28010895,1.308288218,1025,Czechia,Eastern Europe,36,67,1,30,16,2021,10378292.0,5083660.0,5294632.0,22774.7045076205
Cervix,Female,Incidence,2009,13.22223155,19.39717838,1.296378903,1036,Czechia,Eastern Europe,36,67,1,30,16,2021,10420985.0,5108637.0,5312347.0,19817.4215836554
Cervix,Female,Incidence,2010,12.78700671,18.53834572,1.271440974,993,Czechia,Eastern Europe,36,67,1,30,16,2021,10464035.0,5133779.0,5330256.0,20160.4355077059
Cervix,Female,Incidence,2011,13.0152235,19.2377401,1.28656383,1028,Czechia,Eastern Europe,36,67,1,30,16,2021,10495511.0,5152145.0,5343367.0,22049.1080788682
Cervix,Female,Incidence,2012,11.26834175,17.27628196,1.107295198,924,Czechia,Eastern Europe,36,67,1,30,16,2021,10507335.0,5160175.0,5347160.0,20014.0354015165
Cervix,Female,Incidence,2013,11.03849068,16.80655931,1.097305264,899,Czechia,Eastern Europe,36,67,1,30,16,2021,10511163.0,5164705.0,5346458.0,20260.4954999375
Cervix,Female,Incidence,2014,10.03840358,15.49768963,1.00399153,830,Czechia,Eastern Europe,36,67,1,30,16,2021,10517226.0,5170265.0,5346961.0,20038.4163180257
Cervix,Female,Incidence,2015,10.54098523,16.31640778,1.050320786,875,Czechia,Eastern Europe,36,67,1,30,16,2021,10524416.0,5176537.0,5347880.0,17931.5987670768
Cervix,Female,Incidence,2016,9.967638809,15.30078894,1.006741099,822,Czechia,Eastern Europe,36,67,1,30,16,2021,10531948.0,5182958.0,5348990.0,18753.9686718096
Cervix,Female,Incidence,2017,9.265582019,14.58578869,0.944069783,785,Czechia,Eastern Europe,36,67,1,30,16,2021,10541342.0,5190135.0,5351207.0,20913.197632212
Cervix,Female,Mortality,2007,3.404437785,5.953071595,0.3675786247,314,Czechia,Eastern Europe,36,67,1,30,16,2021,10337543.0,5059730.0,5277813.0,18452.6532812196
Cervix,Female,Mortality,2008,3.310534045,5.849867202,0.3706392132,311,Czechia,Eastern Europe,36,67,1,30,16,2021,10378292.0,5083660.0,5294632.0,22774.7045076205
Cervix,Female,Mortality,2009,3.273875114,5.822898144,0.3744860802,311,Czechia,Eastern Europe,36,67,1,30,16,2021,10420985.0,5108637.0,5312347.0,19817.4215836554
Cervix,Female,Mortality,2010,3.597068028,6.384807891,0.3857305422,342,Czechia,Eastern Europe,36,67,1,30,16,2021,10464035.0,5133779.0,5330256.0,20160.4355077059
Cervix,Female,Mortality,2011,3.244924502,5.894832814,0.3500293372,315,Czechia,Eastern Europe,36,67,1,30,16,2021,10495511.0,5152145.0,5343367.0,22049.1080788682
Cervix,Female,Mortality,2012,3.522239339,6.674927123,0.4076911759,357,Czechia,Eastern Europe,36,67,1,30,16,2021,10507335.0,5160175.0,5347160.0,20014.0354015165
Cervix,Female,Mortality,2013,3.646705244,6.898354154,0.3937153026,369,Czechia,Eastern Europe,36,67,1,30,16,2021,10511163.0,5164705.0,5346458.0,20260.4954999375
Cervix,Female,Mortality,2014,3.113579181,5.788293717,0.335506956,310,Czechia,Eastern Europe,36,67,1,30,16,2021,10517226.0,5170265.0,5346961.0,20038.4163180257
Cervix,Female,Mortality,2015,3.390770745,6.601152405,0.3997459098,354,Czechia,Eastern Europe,36,67,1,30,16,2021,10524416.0,5176537.0,5347880.0,17931.5987670768
Cervix,Female,Mortality,2016,3.073099342,5.844826919,0.3304070834,314,Czechia,Eastern Europe,36,67,1,30,16,2021,10531948.0,5182958.0,5348990.0,18753.9686718096
Cervix,Female,Mortality,2017,3.052829465,6.001541077,0.3487591378,323,Czechia,Eastern Europe,36,67,1,30,16,2021,10541342.0,5190135.0,5351207.0,20913.197632212
Cervix,Female,Mortality,2018,2.767865218,5.744935608,0.3247042881,310,Czechia,Eastern Europe,36,67,1,30,16,2021,10548937.0,5196327.0,5352610.0,23705.9329811299
Cervix,Female,Mortality,2019,2.709120895,5.173248394,0.3113219389,280,Czechia,Eastern Europe,36,67,1,30,16,2021,10554875.0,5201455.0,5353420.0,24062.7190013343
Cervix,Female,Mortality,2020,2.721020801,5.399931257,0.3171025839,293,Czechia,Eastern Europe,36,67,1,30,16,2021,10550129.0,5200635.0,5349494.0,23472.8915454417
Cervix,Female,Mortality,2021,2.797948787,5.65057236,0.3214062065,301,Czechia,Eastern Europe,36,67,1,30,16,2021,10530683.0,5191175.0,5339508.0,27696.4619527544
Cervix,Female,Mortality,2022,2.4534362,4.999135186,0.2724154579,274,Czechia,Eastern Europe,36,67,1,30,16,2021,10673213.0,5262083.0,5411131.0,28282.2236715857
Cervix,Female,Mortality,2023,1.966097676,3.983999106,0.2291163341,221,Czechia,Eastern Europe,36,67,1,30,16,2021,10809716.0,5330203.0,5479514.0,31761.5944102491
Cervix,Female,Incidence,2007,9.929497346,13.35985458,0.9250471346,368,Denmark,Northern Europe,8,55,1,8,8,2020,5461607.0,2704747.0,2756860.0,58631.6566433635
Cervix,Female,Incidence,2008,9.960374773,13.25385355,0.8873618437,367,Denmark,Northern Europe,8,55,1,8,8,2020,5493764.0,2722396.0,2771367.0,64616.6657583663
Cervix,Female,Incidence,2009,10.8933281,14.29876075,1.035117936,398,Denmark,Northern Europe,8,55,1,8,8,2020,5523173.0,2737633.0,2785541.0,58412.7472358513
Cervix,Female,Incidence,2010,9.374783864,12.19759096,0.8456731498,341,Denmark,Northern Europe,8,55,1,8,8,2020,5547863.0,2749916.0,2797946.0,58104.5445594981
Cervix,Female,Incidence,2011,11.10333664,14.42967511,1.00660938,405,Denmark,Northern Europe,8,55,1,8,8,2020,5570849.0,2761675.0,2809174.0,61809.737898222
Cervix,Female,Incidence,2012,9.874402252,13.03323973,0.9094417675,367,Denmark,Northern Europe,8,55,1,8,8,2020,5591917.0,2772831.0,2819086.0,58443.7747103968
Cervix,Female,Incidence,2013,10.0553734,13.05675655,0.9173175451,369,Denmark,Northern Europe,8,55,1,8,8,2020,5615333.0,2785644.0,2829688.0,61377.5940590412
Cervix,Female,Incidence,2014,11.73002616,15.00092964,1.072166264,426,Denmark,Northern Europe,8,55,1,8,8,2020,5643794.0,2801731.0,2842063.0,62520.4509747011
Cervix,Female,Incidence,2015,9.65578099,12.7109163,0.8860421208,363,Denmark,Northern Europe,8,55,1,8,8,2020,5683701.0,2824525.0,2859176.0,53094.0133607574
Cervix,Female,Incidence,2016,9.111888342,11.92452022,0.8467339223,343,Denmark,Northern Europe,8,55,1,8,8,2020,5728201.0,2849086.0,2879115.0,54500.9260410217
Cervix,Female,Incidence,2017,9.804192959,12.85532712,0.8992617419,372,Denmark,Northern Europe,8,55,1,8,8,2020,5765168.0,2868316.0,2896852.0,57521.5514992225
Cervix,Female,Incidence,2018,8.520355547,11.4498423,0.7749127509,333,Denmark,Northern Europe,8,55,1,8,8,2020,5793824.0,2882749.0,2911075.0,61324.7665045565
Cervix,Female,Incidence,2019,9.208184022,12.15543202,0.8623209503,355,Denmark,Northern Europe,8,55,1,8,8,2020,5814618.0,2892966.0,2921652.0,59404.2663247723
Cervix,Female,Incidence,2020,7.978910483,10.48611512,0.7588077877,307,Denmark,Northern Europe,8,55,1,8,8,2020,5831530.0,2900837.0,2930693.0,60985.4885601514
Cervix,Female,Incidence,2021,7.078613679,9.321046788,0.6491040706,274,Denmark,Northern Europe,8,55,1,8,8,2020,5856776.0,2913831.0,2942945.0,69340.7334922138
Cervix,Female,Incidence,2022,8.86693538,11.16846349,0.825882249,332,Denmark,Northern Europe,8,55,1,8,8,2020,5902904.0,2935843.0,2967061.0,67781.0940939514
Cervix,Female,Mortality,2007,2.508909045,4.860602279,0.2987682253,134,Denmark,Northern Europe,8,55,1,8,8,2020,5461607.0,2704747.0,2756860.0,58631.6566433635
Cervix,Female,Mortality,2008,2.18905751,4.113493449,0.2227031995,114,Denmark,Northern Europe,8,55,1,8,8,2020,5493764.0,2722396.0,2771367.0,64616.6657583663
Cervix,Female,Mortality,2009,1.762999276,3.159171443,0.2029056387,88,Denmark,Northern Europe,8,55,1,8,8,2020,5523173.0,2737633.0,2785541.0,58412.7472358513
Cervix,Female,Mortality,2010,2.174596762,4.074417448,0.243041955,114,Denmark,Northern Europe,8,55,1,8,8,2020,5547863.0,2749916.0,2797946.0,58104.5445594981
Cervix,Female,Mortality,2011,1.380182143,2.669823941,0.136722197,75,Denmark,Northern Europe,8,55,1,8,8,2020,5570849.0,2761675.0,2809174.0,61809.737898222
Cervix,Female,Mortality,2012,1.949633236,3.369886552,0.1929080871,95,Denmark,Northern Europe,8,55,1,8,8,2020,5591917.0,2772831.0,2819086.0,58443.7747103968
Cervix,Female,Mortality,2013,1.859988152,3.922693951,0.1780382594,111,Denmark,Northern Europe,8,55,1,8,8,2020,5615333.0,2785644.0,2829688.0,61377.5940590412
Cervix,Female,Mortality,2014,1.791601147,3.413013716,0.1791748977,97,Denmark,Northern Europe,8,55,1,8,8,2020,5643794.0,2801731.0,2842063.0,62520.4509747011
Cervix,Female,Mortality,2015,1.668825506,3.392585836,0.1542637079,97,Denmark,Northern Europe,8,55,1,8,8,2020,5683701.0,2824525.0,2859176.0,53094.0133607574
Cervix,Female,Mortality,2016,1.998129491,3.994282272,0.2256418184,115,Denmark,Northern Europe,8,55,1,8,8,2020,5728201.0,2849086.0,2879115.0,54500.9260410217
Cervix,Female,Mortality,2017,1.725428382,3.141341014,0.1838039482,91,Denmark,Northern Europe,8,55,1,8,8,2020,5765168.0,2868316.0,2896852.0,57521.5514992225
Cervix,Female,Mortality,2018,1.376793558,2.645070525,0.1423144495,77,Denmark,Northern Europe,8,55,1,8,8,2020,5793824.0,2882749.0,2911075.0,61324.7665045565
Cervix,Female,Mortality,2019,1.237041392,2.875085739,0.1338026747,84,Denmark,Northern Europe,8,55,1,8,8,2020,5814618.0,2892966.0,2921652.0,59404.2663247723
Cervix,Female,Mortality,2020,1.607479822,2.934459529,0.1608004721,86,Denmark,Northern Europe,8,55,1,8,8,2020,5831530.0,2900837.0,2930693.0,60985.4885601514
Cervix,Female,Mortality,2021,1.303611377,2.684385879,0.1308159286,79,Denmark,Northern Europe,8,55,1,8,8,2020,5856776.0,2913831.0,2942945.0,69340.7334922138
Cervix,Female,Mortality,2022,1.361568968,2.831084363,0.1502852512,84,Denmark,Northern Europe,8,55,1,8,8,2020,5902904.0,2935843.0,2967061.0,67781.0940939514
Cervix,Female,Incidence,2007,21.3069296,19.34605378,2.406449825,156,Ecuador,South America,12,35,0,0,5,2025,14328773.0,7159809.0,7168964.0,3478.92488770671
Cervix,Female,Incidence,2008,14.13218964,14.03216813,1.567628303,114,Ecuador,South America,12,35,0,0,5,2025,14575202.0,7282106.0,7293096.0,4194.75750661981
Cervix,Female,Incidence,2009,17.83623742,18.20436953,1.907765989,150,Ecuador,South America,12,35,0,0,5,2025,14825954.0,7406566.0,7419388.0,4053.36331139298
Cervix,Female,Incidence,2010,19.47809691,19.86762893,2.169693707,166,Ecuador,South America,12,35,0,0,5,2025,15076695.0,7531114.0,7545581.0,4520.30959039763
Cervix,Female,Incidence,2011,16.93287157,16.94492429,1.81391678,144,Ecuador,South America,12,35,0,0,5,2025,15326227.0,7655261.0,7670966.0,5153.6916424375
Cervix,Female,Incidence,2012,19.33731404,19.83450369,2.171301119,171,Ecuador,South America,12,35,0,0,5,2025,15572194.0,7777938.0,7794257.0,5634.08393191094
Cervix,Female,Incidence,2013,17.85623723,18.87307042,1.803890743,173,Ecuador,South America,12,35,0,0,5,2025,15807128.0,7895413.0,7911715.0,6109.29031510341
Cervix,Female,Incidence,2014,20.84705285,21.84926152,2.284907168,204,Ecuador,South America,12,35,0,0,5,2025,16035124.0,8009667.0,8025457.0,6405.79979300441
Cervix,Female,Incidence,2015,15.29465649,16.30451362,1.673761051,155,Ecuador,South America,12,35,0,0,5,2025,16266225.0,8125597.0,8140628.0,5976.1596805651
Cervix,Female,Incidence,2016,16.53306739,18.60293988,1.540972135,180,Ecuador,South America,12,35,0,0,5,2025,16505139.0,8245438.0,8259700.999999999,5917.63771271481
Cervix,Female,Incidence,2017,17.15495873,19.09658913,1.647899268,188,Ecuador,South America,12,35,0,0,5,2025,16759519.0,8372918.0,8386602.000000001,6233.32244797718
Cervix,Female,Mortality,2007,4.637678559,3.989418277,0.5418106788,286,Ecuador,South America,12,35,0,0,5,2025,14328773.0,7159809.0,7168964.0,3478.92488770671
Cervix,Female,Mortality,2008,4.758062224,4.154613033,0.5235432479,303,Ecuador,South America,12,35,0,0,5,2025,14575202.0,7282106.0,7293096.0,4194.75750661981
Cervix,Female,Mortality,2009,5.005924929,4.447805608,0.5537823087,330,Ecuador,South America,12,35,0,0,5,2025,14825954.0,7406566.0,7419388.0,4053.36331139298
Cervix,Female,Mortality,2010,4.67491681,4.373420102,0.5138030407,330,Ecuador,South America,12,35,0,0,5,2025,15076695.0,7531114.0,7545581.0,4520.30959039763
Cervix,Female,Mortality,2011,4.829637718,4.536584622,0.5206791402,348,Ecuador,South America,12,35,0,0,5,2025,15326227.0,7655261.0,7670966.0,5153.6916424375
Cervix,Female,Mortality,2012,4.419745213,4.221056606,0.5070241147,329,Ecuador,South America,12,35,0,0,5,2025,15572194.0,7777938.0,7794257.0,5634.08393191094
Cervix,Female,Mortality,2013,4.598020605,4.512297147,0.4835402325,357,Ecuador,South America,12,35,0,0,5,2025,15807128.0,7895413.0,7911715.0,6109.29031510341
Cervix,Female,Mortality,2014,4.628547957,4.622790281,0.481915009,371,Ecuador,South America,12,35,0,0,5,2025,16035124.0,8009667.0,8025457.0,6405.79979300441
Cervix,Female,Mortality,2015,5.432920935,5.466407391,0.5865037917,445,Ecuador,South America,12,35,0,0,5,2025,16266225.0,8125597.0,8140628.0,5976.1596805651
Cervix,Female,Mortality,2016,4.863504292,5.012287975,0.4867939744,414,Ecuador,South America,12,35,0,0,5,2025,16505139.0,8245438.0,8259700.999999999,5917.63771271481
Cervix,Female,Mortality,2017,4.775689367,5.019912718,0.5016723544,421,Ecuador,South America,12,35,0,0,5,2025,16759519.0,8372918.0,8386602.000000001,6233.32244797718
Cervix,Female,Mortality,2018,4.889848574,5.215714326,0.5134865637,445,Ecuador,South America,12,35,0,0,5,2025,17049547.0,8517638.0,8531909.0,6303.91886658338
Cervix,Female,Mortality,2019,5.25199393,5.634834385,0.5483769479,489,Ecuador,South America,12,35,0,0,5,2025,17340021.0,8661859.0,8678163.0,6205.05765246766
Cervix,Female,Mortality,2020,5.232997677,5.838792642,0.5287992507,513,Ecuador,South America,12,35,0,0,5,2025,17546065.0,8760001.0,8786064.0,5463.64515348598
Cervix,Female,Mortality,2021,5.080092085,5.699204346,0.5119508584,505,Ecuador,South America,12,35,0,0,5,2025,17682454.0,8821568.0,8860886.0,6061.32350181711
Cervix,Female,Mortality,2022,4.513752895,5.114675044,0.4721540004,457,Ecuador,South America,12,35,0,0,5,2025,17823897.0,8888825.0,8935073.0,6515.58528418336
Cervix,Female,Incidence,2007,18.36619942,26.61928156,1.750277253,191,Estonia,Northern Europe,2,10,0,0,3,2025,1340705.0,623140.0,717564.0,16745.4308011148
Cervix,Female,Incidence,2008,18.52076288,27.53684976,1.810727273,197,Estonia,Northern Europe,2,10,0,0,3,2025,1337074.0,621665.0,715409.0,18205.9064113446
Cervix,Female,Incidence,2009,20.21435587,27.47194988,1.910738244,196,Estonia,Northern Europe,2,10,0,0,3,2025,1334528.0,621062.0,713467.0,14712.4494217916
Cervix,Female,Incidence,2010,16.47369444,24.60543429,1.685087841,175,Estonia,Northern Europe,2,10,0,0,3,2025,1331448.0,620244.0,711205.0,14663.7041018705
Cervix,Female,Incidence,2011,15.34222376,23.85253768,1.62409273,169,Estonia,Northern Europe,2,10,0,0,3,2025,1327358.0,618895.0,708462.0,17555.5455239426
Cervix,Female,Incidence,2012,19.37470403,29.33910477,1.979905548,207,Estonia,Northern Europe,2,10,0,0,3,2025,1322616.0,617139.0,705476.0,17568.2137969714
Cervix,Female,Incidence,2013,16.78120607,25.0550214,1.822882305,176,Estonia,Northern Europe,2,10,0,0,3,2025,1317919.0,615521.0,702398.0,19310.3874900757
Cervix,Female,Incidence,2014,17.39689445,25.43253164,1.670466669,178,Estonia,Northern Europe,2,10,0,0,3,2025,1314452.0,614619.0,699833.0,20581.7898991695
Cervix,Female,Incidence,2015,14.22220367,21.31436688,1.42925608,149,Estonia,Northern Europe,2,10,0,0,3,2025,1314576.0,615534.0,699042.0,17722.1557669523
Cervix,Female,Incidence,2016,14.6124339,21.0400663,1.433444694,147,Estonia,Northern Europe,2,10,0,0,3,2025,1315849.0,617157.0,698692.0,18666.3736521706
Cervix,Female,Incidence,2017,13.74747021,21.63097556,1.400878543,151,Estonia,Northern Europe,2,10,0,0,3,2025,1317425.0,619361.0,698064.0,20851.5223496861
Cervix,Female,Mortality,2007,4.328097222,7.386100752,0.4397197683,53,Estonia,Northern Europe,2,10,0,0,3,2025,1340705.0,623140.0,717564.0,16745.4308011148
Cervix,Female,Mortality,2008,5.346047297,10.06417308,0.5295275645,72,Estonia,Northern Europe,2,10,0,0,3,2025,1337074.0,621665.0,715409.0,18205.9064113446
Cervix,Female,Mortality,2009,4.380741095,8.269478476,0.4560495866,59,Estonia,Northern Europe,2,10,0,0,3,2025,1334528.0,621062.0,713467.0,14712.4494217916
Cervix,Female,Mortality,2010,5.563397506,9.983056925,0.6245246814,71,Estonia,Northern Europe,2,10,0,0,3,2025,1331448.0,620244.0,711205.0,14663.7041018705
Cervix,Female,Mortality,2011,5.248061689,10.86860631,0.6025321493,77,Estonia,Northern Europe,2,10,0,0,3,2025,1327358.0,618895.0,708462.0,17555.5455239426
Cervix,Female,Mortality,2012,5.542567409,10.20586795,0.5942594471,72,Estonia,Northern Europe,2,10,0,0,3,2025,1322616.0,617139.0,705476.0,17568.2137969714
Cervix,Female,Mortality,2013,4.308311564,8.969273831,0.5159226018,63,Estonia,Northern Europe,2,10,0,0,3,2025,1317919.0,615521.0,702398.0,19310.3874900757
Cervix,Female,Mortality,2014,4.905930194,9.430814615,0.5433861305,66,Estonia,Northern Europe,2,10,0,0,3,2025,1314452.0,614619.0,699833.0,20581.7898991695
Cervix,Female,Mortality,2015,4.235139652,8.440128376,0.4436570243,59,Estonia,Northern Europe,2,10,0,0,3,2025,1314576.0,615534.0,699042.0,17722.1557669523
Cervix,Female,Mortality,2016,4.472358603,8.4443503,0.5060801387,59,Estonia,Northern Europe,2,10,0,0,3,2025,1315849.0,617157.0,698692.0,18666.3736521706
Cervix,Female,Mortality,2017,4.697884742,10.02773385,0.5085592174,70,Estonia,Northern Europe,2,10,0,0,3,2025,1317425.0,619361.0,698064.0,20851.5223496861
Cervix,Female,Mortality,2018,3.923704328,7.730276343,0.4240443348,54,Estonia,Northern Europe,2,10,0,0,3,2025,1321965.0,623413.0,698552.0,23618.1361254581
Cervix,Female,Mortality,2019,4.224913837,9.008551689,0.4435734913,63,Estonia,Northern Europe,2,10,0,0,3,2025,1326822.0,627486.0,699336.0,24021.2501413306
Cervix,Female,Mortality,2020,4.489990817,9.14718899,0.5095168732,64,Estonia,Northern Europe,2,10,0,0,3,2025,1329669.0,630001.0,699668.0,23933.9939421065
Cervix,Female,Mortality,2021,3.416027054,7.854993955,0.3565698524,55,Estonia,Northern Europe,2,10,0,0,3,2025,1331749.0,631558.0,700192.0,27951.1659277744
Cervix,Female,Mortality,2022,3.474960995,7.753446054,0.4119212053,55,Estonia,Northern Europe,2,10,0,0,3,2025,1350091.0,640730.0,709362.0,28340.3826549406
Cervix,Female,Incidence,2007,3.600077068,5.29932869,0.3317514343,143,Finland,Northern Europe,13,50,0,0,7,2020,5288710.0,2590340.0,2698370.0,48473.0240091455
Cervix,Female,Incidence,2008,4.060886424,5.425998061,0.3601485464,147,Finland,Northern Europe,13,50,0,0,7,2020,5313377.0,2604291.0,2709086.0,53769.4726240385
Cervix,Female,Incidence,2009,4.370986832,5.770975705,0.3809057458,157,Finland,Northern Europe,13,50,0,0,7,2020,5338856.0,2618440.0,2720416.0,47478.3495310999
Cervix,Female,Incidence,2010,3.582442324,5.088574138,0.3472014695,139,Finland,Northern Europe,13,50,0,0,7,2020,5363350.0,2631847.0,2731504.0,46506.2919016566
Cervix,Female,Incidence,2011,4.54568018,5.979298865,0.4115658194,164,Finland,Northern Europe,13,50,0,0,7,2020,5388241.0,2645588.0,2742653.0,51060.3242589767
Cervix,Female,Incidence,2012,4.468774221,5.445846952,0.4057224059,150,Finland,Northern Europe,13,50,0,0,7,2020,5413971.0,2659707.0,2754264.0,47551.6740841369
Cervix,Female,Incidence,2013,4.402512381,6.147217173,0.4141947198,170,Finland,Northern Europe,13,50,0,0,7,2020,5439053.0,2673637.0,2765416.0,49691.0145200739
Cervix,Female,Incidence,2014,5.072681477,6.629679779,0.4519015996,184,Finland,Northern Europe,13,50,0,0,7,2020,5461684.0,2686287.0,2775396.0,50073.7760815871
Cervix,Female,Incidence,2015,4.552155654,6.072902136,0.4256833536,169,Finland,Northern Europe,13,50,0,0,7,2020,5479717.0,2696843.0,2782875.0,42560.3456767103
Cervix,Female,Incidence,2016,4.583412285,6.383602891,0.4588490061,178,Finland,Northern Europe,13,50,0,0,7,2020,5495469.0,2707034.0,2788435.0,43451.2562442158
Cervix,Female,Incidence,2017,4.855333095,6.338441628,0.4467688297,177,Finland,Northern Europe,13,50,0,0,7,2020,5508396.0,2715842.0,2792554.0,46085.0174739036
Cervix,Female,Incidence,2018,4.61182707,6.298504749,0.4178615722,176,Finland,Northern Europe,13,50,0,0,7,2020,5515736.0,2721322.0,2794415.0,49654.2497035329
Cervix,Female,Incidence,2019,4.692156735,6.259323038,0.4341287933,175,Finland,Northern Europe,13,50,0,0,7,2020,5521759.0,2725858.0,2795901.0,48358.1807773701
Cervix,Female,Incidence,2020,4.695477883,6.467733247,0.4371193422,181,Finland,Northern Europe,13,50,0,0,7,2020,5529612.0,2731082.0,2798530.0,48828.6846862799
Cervix,Female,Incidence,2021,6.017553973,7.778595482,0.5348472396,218,Finland,Northern Europe,13,50,0,0,7,2020,5541075.0,2738515.0,2802561.0,53099.1351400148
Cervix,Female,Incidence,2022,5.282980539,6.802438835,0.4895776963,191,Finland,Northern Europe,13,50,0,0,7,2020,5569299.0,2753008.0,2816291.0,50440.560224974
Cervix,Female,Mortality,2007,0.6877534347,1.630614037,0.05897218877,44,Finland,Northern Europe,13,50,0,0,7,2020,5288710.0,2590340.0,2698370.0,48473.0240091455
Cervix,Female,Mortality,2008,1.14839737,2.214768705,0.1030155064,60,Finland,Northern Europe,13,50,0,0,7,2020,5313377.0,2604291.0,2709086.0,53769.4726240385
Cervix,Female,Mortality,2009,0.9992692367,1.984990166,0.1051099172,54,Finland,Northern Europe,13,50,0,0,7,2020,5338856.0,2618440.0,2720416.0,47478.3495310999
Cervix,Female,Mortality,2010,1.017296772,2.013542722,0.09973339806,55,Finland,Northern Europe,13,50,0,0,7,2020,5363350.0,2631847.0,2731504.0,46506.2919016566
Cervix,Female,Mortality,2011,0.8866754474,1.713668898,0.09064046336,47,Finland,Northern Europe,13,50,0,0,7,2020,5388241.0,2645588.0,2742653.0,51060.3242589767
Cervix,Female,Mortality,2012,0.8879823434,1.851674349,0.09512761682,51,Finland,Northern Europe,13,50,0,0,7,2020,5413971.0,2659707.0,2754264.0,47551.6740841369
Cervix,Female,Mortality,2013,0.8710328536,1.952689586,0.08528002953,54,Finland,Northern Europe,13,50,0,0,7,2020,5439053.0,2673637.0,2765416.0,49691.0145200739
Cervix,Female,Mortality,2014,0.914410963,1.909637055,0.1002738801,53,Finland,Northern Europe,13,50,0,0,7,2020,5461684.0,2686287.0,2775396.0,50073.7760815871
Cervix,Female,Mortality,2015,1.143192144,2.263845843,0.1178446882,63,Finland,Northern Europe,13,50,0,0,7,2020,5479717.0,2696843.0,2782875.0,42560.3456767103
Cervix,Female,Mortality,2016,1.118500679,2.187607027,0.1256165041,61,Finland,Northern Europe,13,50,0,0,7,2020,5495469.0,2707034.0,2788435.0,43451.2562442158
Cervix,Female,Mortality,2017,1.049483167,1.969523239,0.1179974848,55,Finland,Northern Europe,13,50,0,0,7,2020,5508396.0,2715842.0,2792554.0,46085.0174739036
Cervix,Female,Mortality,2018,1.030466169,1.968211593,0.1071336816,55,Finland,Northern Europe,13,50,0,0,7,2020,5515736.0,2721322.0,2794415.0,49654.2497035329
Cervix,Female,Mortality,2019,0.9071544854,1.609499049,0.09822300719,45,Finland,Northern Europe,13,50,0,0,7,2020,5521759.0,2725858.0,2795901.0,48358.1807773701
Cervix,Female,Mortality,2020,0.8142127988,1.679453141,0.08924822516,47,Finland,Northern Europe,13,50,0,0,7,2020,5529612.0,2731082.0,2798530.0,48828.6846862799
Cervix,Female,Mortality,2021,1.070299334,2.069536055,0.1104906725,58,Finland,Northern Europe,13,50,0,0,7,2020,5541075.0,2738515.0,2802561.0,53099.1351400148
Cervix,Female,Mortality,2022,0.9827043753,1.952923535,0.1018377693,55,Finland,Northern Europe,13,50,0,0,7,2020,5569299.0,2753008.0,2816291.0,50440.560224974
Cervix,Female,Incidence,2007,6.721955582,9.362798243,0.6552702607,340,France,Western Europe,168,570,4,2,90,2023,62432439.0,30226191.0,32206249.0,41486.1907828787
Cervix,Female,Incidence,2008,6.072731388,8.860346177,0.5880742128,324,France,Western Europe,168,570,4,2,90,2023,62780190.0,30394999.0,32385191.0,45464.8181385158
Cervix,Female,Incidence,2009,6.040149565,8.633637303,0.571628175,318,France,Western Europe,168,570,4,2,90,2023,63106463.0,30554042.0,32552421.0,41728.0884164132
Cervix,Female,Incidence,2010,5.878483887,8.569289714,0.5811039086,318,France,Western Europe,168,570,4,2,90,2023,63417363.0,30708895.0,32708467.0,40694.8211697025
Cervix,Female,Incidence,2011,5.595792214,8.103985636,0.5431778021,303,France,Western Europe,168,570,4,2,90,2023,63733777.0,30861392.0,32872385.000000004,43929.7840873812
Cervix,Female,Incidence,2012,6.386201898,8.786923995,0.6040884895,331,France,Western Europe,168,570,4,2,90,2023,64058465.0,31019013.0,33039453.0,40863.5814412333
Cervix,Female,Incidence,2013,6.267215424,8.82764407,0.6120199947,335,France,Western Europe,168,570,4,2,90,2023,64387734.0,31181964.0,33205769.999999996,42669.1795111893
Cervix,Female,Incidence,2014,6.584274981,9.678364409,0.6500145286,370,France,Western Europe,168,570,4,2,90,2023,64692493.0,31323019.0,33369474.000000004,43148.0459288416
Cervix,Female,Incidence,2015,6.561765156,9.28191275,0.6265762844,357,France,Western Europe,168,570,4,2,90,2023,64916336.0,31416099.0,33500237.999999996,36702.4323733379
Cervix,Female,Incidence,2016,6.044289405,8.897706125,0.5847786946,344,France,Western Europe,168,570,4,2,90,2023,65086855.0,31501022.0,33585834.0,37024.2157133669
Cervix,Female,Incidence,2017,6.886768351,10.1588118,0.6624359828,395,France,Western Europe,168,570,4,2,90,2023,65284776.0,31605558.0,33679217.0,38687.1626407164
Cervix,Female,Mortality,2007,1.221378211,2.120706483,0.1286866935,683,France,Western Europe,168,570,4,2,90,2023,62432439.0,30226191.0,32206249.0,41486.1907828787
Cervix,Female,Mortality,2008,1.395583471,2.288082846,0.1488052239,741,France,Western Europe,168,570,4,2,90,2023,62780190.0,30394999.0,32385191.0,45464.8181385158
Cervix,Female,Mortality,2009,1.387115756,2.423782858,0.1414758426,789,France,Western Europe,168,570,4,2,90,2023,63106463.0,30554042.0,32552421.0,41728.0884164132
Cervix,Female,Mortality,2010,1.325644276,2.277697663,0.1379343402,745,France,Western Europe,168,570,4,2,90,2023,63417363.0,30708895.0,32708467.0,40694.8211697025
Cervix,Female,Mortality,2011,1.347179346,2.357601981,0.141728257,775,France,Western Europe,168,570,4,2,90,2023,63733777.0,30861392.0,32872385.000000004,43929.7840873812
Cervix,Female,Mortality,2012,1.307124865,2.37897401,0.1369500372,786,France,Western Europe,168,570,4,2,90,2023,64058465.0,31019013.0,33039453.0,40863.5814412333
Cervix,Female,Mortality,2013,1.273634183,2.255632112,0.1363121221,749,France,Western Europe,168,570,4,2,90,2023,64387734.0,31181964.0,33205769.999999996,42669.1795111893
Cervix,Female,Mortality,2014,1.266808771,2.199615166,0.1341628461,734,France,Western Europe,168,570,4,2,90,2023,64692493.0,31323019.0,33369474.000000004,43148.0459288416
Cervix,Female,Mortality,2015,1.229287245,2.158193655,0.1328051713,723,France,Western Europe,168,570,4,2,90,2023,64916336.0,31416099.0,33500237.999999996,36702.4323733379
Cervix,Female,Mortality,2016,1.258472696,2.253926496,0.1305248779,757,France,Western Europe,168,570,4,2,90,2023,65086855.0,31501022.0,33585834.0,37024.2157133669
Cervix,Female,Mortality,2017,1.315648327,2.315968297,0.1411007913,780,France,Western Europe,168,570,4,2,90,2023,65284776.0,31605558.0,33679217.0,38687.1626407164
Cervix,Female,Mortality,2018,1.309105886,2.432060235,0.1396388839,822,France,Western Europe,168,570,4,2,90,2023,65519543.0,31721037.0,33798505.0,41418.1766484844
Cervix,Female,Mortality,2019,1.215709053,2.203729545,0.1298210192,747,France,Western Europe,168,570,4,2,90,2023,65729459.0,31832377.0,33897082.0,40408.2848574751
Cervix,Female,Mortality,2020,1.17103485,2.13351172,0.1239119501,725,France,Western Europe,168,570,4,2,90,2023,65905277.0,31923744.0,33981533.0,39169.8606000707
Cervix,Female,Mortality,2021,1.163817954,2.128155186,0.1273465339,725,France,Western Europe,168,570,4,2,90,2023,66083547.99999999,32016483.0,34067065.0,43725.0999521245
Cervix,Female,Mortality,2022,1.316348226,2.318472224,0.1395422799,792,France,Western Europe,168,570,4,2,90,2023,66277409.0,32116982.0,34160427.0,40988.6396406579
Cervix,Female,Mortality,2007,1.17290271,1.732014116,0.1324596067,40,Georgia,Western Asia,9,18,0,1,3,2025,3967590.0,1824345.0,2143244.0,2635.36650276116
Cervix,Female,Mortality,2008,1.734123086,2.464598422,0.1928162281,57,Georgia,Western Asia,9,18,0,1,3,2025,3941195.0,1815557.0,2125638.0,3324.7537205015
Cervix,Female,Mortality,2009,2.679112157,3.713218627,0.2905443155,86,Georgia,Western Asia,9,18,0,1,3,2025,3918941.0,1809179.0,2109761.0,2822.68939668797
Cervix,Female,Mortality,2010,1.709192112,2.56202229,0.1751879237,60,Georgia,Western Asia,9,18,0,1,3,2025,3895925.0,1802763.0,2093161.9999999998,3281.72930937343
Cervix,Female,Mortality,2011,3.412554682,5.153760968,0.3748014786,121,Georgia,Western Asia,9,18,0,1,3,2025,3868724.0,1793996.0,2074726.9999999998,4119.66818307193
Cervix,Female,Mortality,2012,3.604975427,6.044096365,0.4134985703,142,Georgia,Western Asia,9,18,0,1,3,2025,3839208.0,1783928.0,2055280.0000000002,4530.69533409431
Cervix,Female,Mortality,2013,3.482899104,5.79438456,0.3846144295,136,Georgia,Western Asia,9,18,0,1,3,2025,3809125.0,1773432.0,2035693.0,4712.00229382665
Cervix,Female,Mortality,2014,5.008809747,8.101317746,0.5774340884,158,Georgia,Western Asia,9,18,0,1,3,2025,3792916.0,1767561.0,2025355.0,4830.33486170249
Cervix,Female,Mortality,2015,5.428248293,8.535362624,0.5870207311,166,Georgia,Western Asia,9,18,0,1,3,2025,3791573.0,1766794.0,2024778.0,4086.6223465965
Cervix,Female,Mortality,2016,6.018796932,9.522118337,0.6912700618,185,Georgia,Western Asia,9,18,0,1,3,2025,3792057.0,1766804.0,2025253.0,4143.40125686315
Cervix,Female,Mortality,2017,5.059697363,8.095195373,0.5598147826,157,Georgia,Western Asia,9,18,0,1,3,2025,3792859.0,1766916.0,2025943.0,4418.75206546679
Cervix,Female,Mortality,2018,5.101708232,8.577392886,0.5684385221,166,Georgia,Western Asia,9,18,0,1,3,2025,3794877.0,1767621.0,2027255.0,4804.0546040444
Cervix,Female,Mortality,2019,5.098903438,8.499263311,0.6005688641,164,Georgia,Western Asia,9,18,0,1,3,2025,3796722.0,1768266.0,2028457.0,4741.2832715876
Cervix,Female,Mortality,2020,4.61207329,8.136974828,0.5408333244,157,Georgia,Western Asia,9,18,0,1,3,2025,3795678.0,1767457.0,2028222.0,4300.85701291207
Cervix,Female,Mortality,2021,4.449953278,7.842114857,0.5006903515,151,Georgia,Western Asia,9,18,0,1,3,2025,3788451.0,1764339.0,2024112.0,5083.60695484577
Cervix,Female,Mortality,2022,3.434045875,6.222704367,0.4028940202,120,Georgia,Western Asia,9,18,0,1,3,2025,3794784.0,1768050.0,2026734.0,6729.84659930283
Cervix,Female,Mortality,2023,2.681676282,4.918872263,0.3300425231,95,Georgia,Western Asia,9,18,0,1,3,2025,3807492.0,1774407.0,2033085.0,8283.66960652261
Cervix,Female,Incidence,2007,8.688586264,13.38014733,0.8579866515,432,Germany,Western Europe,307,587,7,113,226,2025,81298542.0,39654986.0,41643556.0,42350.9217211489
Cervix,Female,Incidence,2008,8.548768991,13.35328666,0.8399117579,430,Germany,Western Europe,307,587,7,113,226,2025,81110777.0,39572357.0,41538420.0,46379.1647953479
Cervix,Female,Incidence,2009,8.547545937,13.01694595,0.8306075135,419,Germany,Western Europe,307,587,7,113,226,2025,80935283.0,39457179.0,41478103.0,42471.8868625226
Cervix,Female,Incidence,2010,8.517987179,13.69404036,0.862619947,441,Germany,Western Europe,307,587,7,113,226,2025,80830924.0,39383812.0,41447113.0,42396.9665976293
Cervix,Female,Incidence,2011,7.688480779,12.33950444,0.7668273424,395,Germany,Western Europe,307,587,7,113,226,2025,80857874.0,39432270.0,41425604.0,47630.9761883572
Cervix,Female,Incidence,2012,7.700887146,12.18550843,0.7545938784,390,Germany,Western Europe,307,587,7,113,226,2025,80916390.0,39546791.0,41369599.0,44718.0159214069
Cervix,Female,Incidence,2013,8.952052969,14.26060921,0.8709681209,458,Germany,Western Europe,307,587,7,113,226,2025,81041582.0,39699059.0,41342522.0,47206.8353514242
Cervix,Female,Incidence,2014,7.464647341,12.10586486,0.7372680334,390,Germany,Western Europe,307,587,7,113,226,2025,81376080.0,39924825.0,41451255.0,48959.5991203133
Cervix,Female,Incidence,2015,7.880274183,11.72900685,0.7509462729,380,Germany,Western Europe,307,587,7,113,226,2025,82077550.0,40401847.0,41675704.0,41929.7549110722
Cervix,Female,Incidence,2016,8.50762927,12.73708273,0.8272925341,416,Germany,Western Europe,307,587,7,113,226,2025,82760102.0,40841790.0,41918313.0,42948.9381932694
Cervix,Female,Incidence,2017,7.490634144,10.96451487,0.7334923352,360,Germany,Western Europe,307,587,7,113,226,2025,83104007.0,41022496.0,42081511.0,45553.9341495339
Cervix,Female,Mortality,2007,1.885320996,3.730808226,0.1995221169,1566,Germany,Western Europe,307,587,7,113,226,2025,81298542.0,39654986.0,41643556.0,42350.9217211489
Cervix,Female,Mortality,2008,1.916781492,3.81078079,0.2065311824,1596,Germany,Western Europe,307,587,7,113,226,2025,81110777.0,39572357.0,41538420.0,46379.1647953479
Cervix,Female,Mortality,2009,1.919268713,3.787597475,0.2009685726,1581,Germany,Western Europe,307,587,7,113,226,2025,80935283.0,39457179.0,41478103.0,42471.8868625226
Cervix,Female,Mortality,2010,1.831744846,3.658396067,0.1960333597,1524,Germany,Western Europe,307,587,7,113,226,2025,80830924.0,39383812.0,41447113.0,42396.9665976293
Cervix,Female,Mortality,2011,1.879986958,3.906190599,0.1995589135,1626,Germany,Western Europe,307,587,7,113,226,2025,80857874.0,39432270.0,41425604.0,47630.9761883572
Cervix,Female,Mortality,2012,1.87005847,3.882988204,0.2027139152,1617,Germany,Western Europe,307,587,7,113,226,2025,80916390.0,39546791.0,41369599.0,44718.0159214069
Cervix,Female,Mortality,2013,1.795137161,3.764281928,0.193805697,1550,Germany,Western Europe,307,587,7,113,226,2025,81041582.0,39699059.0,41342522.0,47206.8353514242
Cervix,Female,Mortality,2014,1.776844327,3.647709099,0.1878392462,1506,Germany,Western Europe,307,587,7,113,226,2025,81376080.0,39924825.0,41451255.0,48959.5991203133
Cervix,Female,Mortality,2015,1.755905016,3.712193293,0.1934546965,1541,Germany,Western Europe,307,587,7,113,226,2025,82077550.0,40401847.0,41675704.0,41929.7549110722
Cervix,Female,Mortality,2016,1.750823097,3.741939199,0.1863107748,1562,Germany,Western Europe,307,587,7,113,226,2025,82760102.0,40841790.0,41918313.0,42948.9381932694
Cervix,Female,Mortality,2017,1.852357986,3.788794589,0.2006584043,1587,Germany,Western Europe,307,587,7,113,226,2025,83104007.0,41022496.0,42081511.0,45553.9341495339
Cervix,Female,Mortality,2018,1.875882874,3.838034926,0.2126922611,1612,Germany,Western Europe,307,587,7,113,226,2025,83368505.0,41163696.0,42204810.0,48916.1686612154
Cervix,Female,Mortality,2019,1.862601333,3.794176858,0.2066560731,1597,Germany,Western Europe,307,587,7,113,226,2025,83559186.0,41261516.0,42297670.0,47656.199739747
Cervix,Female,Mortality,2020,1.773251195,3.669697767,0.1945881549,1546,Germany,Western Europe,307,587,7,113,226,2025,83628708.0,41291235.0,42337474.0,47394.8734504469
Cervix,Female,Mortality,2007,1.096605241,2.048930601,0.1124743068,115,Greece,Southern Europe,30,58,0,0,17,2023,11045737.0,5433052.0,5612684.0,28440.7625328955
Cervix,Female,Mortality,2008,1.042371892,1.845028761,0.1237472787,104,Greece,Southern Europe,30,58,0,0,17,2023,11076872.0,5440104.0,5636769.0,31695.8331092209
Cervix,Female,Mortality,2009,1.244635734,2.366948148,0.1318552837,134,Greece,Southern Europe,30,58,0,0,17,2023,11108069.0,5446770.0,5661298.0,29425.4573200263
Cervix,Female,Mortality,2010,1.669735864,3.063944792,0.1891223513,174,Greece,Southern Europe,30,58,0,0,17,2023,11124670.0,5445717.0,5678953.0,26653.0488008626
Cervix,Female,Mortality,2011,1.445007821,2.956572699,0.1443056675,168,Greece,Southern Europe,30,58,0,0,17,2023,11108844.0,5426588.0,5682255.0,25504.7866510124
Cervix,Female,Mortality,2012,1.377655592,2.73522807,0.1457011264,155,Greece,Southern Europe,30,58,0,0,17,2023,11048298.0,5381494.0,5666803.0,21624.346052551
Cervix,Female,Mortality,2013,1.249137618,2.498673134,0.1305439281,141,Greece,Southern Europe,30,58,0,0,17,2023,10967540.0,5324546.0,5642995.0,21573.3449762805
Cervix,Female,Mortality,2014,1.325446626,2.526877884,0.1392649274,142,Greece,Southern Europe,30,58,0,0,17,2023,10893166.0,5273583.0,5619583.0,21474.7257123892
Cervix,Female,Mortality,2015,1.208801231,2.484933304,0.1323422971,139,Greece,Southern Europe,30,58,0,0,17,2023,10820903.0,5227191.0,5593712.0,17980.7298238137
Cervix,Female,Mortality,2016,1.44869912,3.12211003,0.1556713302,174,Greece,Southern Europe,30,58,0,0,17,2023,10775504.0,5202350.0,5573154.0,17919.2426377048
Cervix,Female,Mortality,2017,1.053684007,2.356498039,0.1157184495,131,Greece,Southern Europe,30,58,0,0,17,2023,10753533.0,5194437.0,5559096.0,18631.9930129293
Cervix,Female,Mortality,2018,1.264972267,2.669695689,0.1372796776,148,Greece,Southern Europe,30,58,0,0,17,2023,10730844.0,5187141.0,5543703.0,19873.4015238771
Cervix,Female,Mortality,2019,1.415580294,2.640425181,0.1587024676,146,Greece,Southern Europe,30,58,0,0,17,2023,10718576.0,5189163.0,5529413.0,19335.3602002969
Cervix,Female,Mortality,2020,1.308341387,2.683982221,0.1463912137,148,Greece,Southern Europe,30,58,0,0,17,2023,10699369.0,5185175.0,5514194.0,17886.733165236
Cervix,Female,Mortality,2021,1.170062302,2.713588772,0.1220761588,148,Greece,Southern Europe,30,58,0,0,17,2023,10579561.0,5125529.0,5454032.0,20654.7001960815
Cervix,Female,Incidence,2007,13.16980955,14.49268587,1.354987429,124,Argentina,South America,89,131,0,8,47,2025,40016763.0,19750275.0,20266488.0,7185.25155147027
Cervix,Female,Incidence,2008,14.16393751,15.47092217,1.4422597,134,Argentina,South America,89,131,0,8,47,2025,40424148.0,19959757.0,20464391.0,8944.1102657357
Cervix,Female,Incidence,2009,13.2740005,14.12781802,1.360721814,124,Argentina,South America,89,131,0,8,47,2025,40854831.0,20181322.0,20673508.0,8150.23527028221
Cervix,Female,Incidence,2010,13.58664357,14.62378074,1.390164329,130,Argentina,South America,89,131,0,8,47,2025,41288694.0,20404978.0,20883716.0,10260.1313108254
Cervix,Female,Incidence,2011,11.73202971,13.08805352,1.185817303,117,Argentina,South America,89,131,0,8,47,2025,41730660.0,20631650.0,21099011.0,12704.2831819684
Cervix,Female,Incidence,2012,12.2924213,13.81426118,1.277631778,125,Argentina,South America,89,131,0,8,47,2025,42161721.0,20854403.0,21307319.0,12949.717486654
Cervix,Female,Incidence,2013,16.03256631,17.80957521,1.564476771,163,Argentina,South America,89,131,0,8,47,2025,42582455.0,21075385.0,21507071.0,12963.675773326
Cervix,Female,Incidence,2014,13.31246157,14.68328901,1.312065799,136,Argentina,South America,89,131,0,8,47,2025,43024071.0,21305701.0,21718371.0,12233.1444119186
Cervix,Female,Incidence,2015,11.77164211,13.00721474,1.184641283,122,Argentina,South America,89,131,0,8,47,2025,43477012.0,21537702.0,21939310.0,13679.6264980954
Cervix,Female,Incidence,2016,11.71589345,12.64415656,1.246232217,120,Argentina,South America,89,131,0,8,47,2025,43900313.0,21752905.0,22147409.0,12699.9623137756
Cervix,Female,Incidence,2017,10.64379166,11.99474734,1.057738635,115,Argentina,South America,89,131,0,8,47,2025,44288894.0,21953153.0,22335741.0,14532.5009308511
Cervix,Female,Mortality,2007,4.278817108,4.894779993,0.4372900353,992,Argentina,South America,89,131,0,8,47,2025,40016763.0,19750275.0,20266488.0,7185.25155147027
Cervix,Female,Mortality,2008,4.266523461,4.920742572,0.4476660692,1007,Argentina,South America,89,131,0,8,47,2025,40424148.0,19959757.0,20464391.0,8944.1102657357
Cervix,Female,Mortality,2009,4.28150784,5.030592654,0.4466232443,1040,Argentina,South America,89,131,0,8,47,2025,40854831.0,20181322.0,20673508.0,8150.23527028221
Cervix,Female,Mortality,2010,4.038121923,4.692651442,0.4101338403,980,Argentina,South America,89,131,0,8,47,2025,41288694.0,20404978.0,20883716.0,10260.1313108254
Cervix,Female,Mortality,2011,3.900484255,4.493101703,0.4046188626,948,Argentina,South America,89,131,0,8,47,2025,41730660.0,20631650.0,21099011.0,12704.2831819684
Cervix,Female,Mortality,2012,4.048784883,4.735462137,0.4123697234,1009,Argentina,South America,89,131,0,8,47,2025,42161721.0,20854403.0,21307319.0,12949.717486654
Cervix,Female,Mortality,2013,4.27348318,5.040202824,0.4276064254,1084,Argentina,South America,89,131,0,8,47,2025,42582455.0,21075385.0,21507071.0,12963.675773326
Cervix,Female,Mortality,2014,4.262714813,5.083254289,0.4382129134,1104,Argentina,South America,89,131,0,8,47,2025,43024071.0,21305701.0,21718371.0,12233.1444119186
Cervix,Female,Mortality,2015,4.300167489,5.03662148,0.432773104,1105,Argentina,South America,89,131,0,8,47,2025,43477012.0,21537702.0,21939310.0,13679.6264980954
Cervix,Female,Mortality,2016,4.541876803,5.395665019,0.4566127601,1195,Argentina,South America,89,131,0,8,47,2025,43900313.0,21752905.0,22147409.0,12699.9623137756
Cervix,Female,Mortality,2017,4.5850615,5.412849298,0.4684571233,1209,Argentina,South America,89,131,0,8,47,2025,44288894.0,21953153.0,22335741.0,14532.5009308511
Cervix,Female,Mortality,2018,4.720670631,5.725810693,0.4804149631,1289,Argentina,South America,89,131,0,8,47,2025,44654882.0,22142786.0,22512096.0,11752.7998922979
Cervix,Female,Mortality,2019,5.043519306,6.031125727,0.5078589328,1367,Argentina,South America,89,131,0,8,47,2025,44973465.0,22307714.0,22665752.0,9955.97478680428
Cervix,Female,Mortality,2020,4.45031015,5.392473723,0.4585626532,1228,Argentina,South America,89,131,0,8,47,2025,45191965.0,22419484.0,22772480.0,8535.59938004389
Cervix,Female,Mortality,2021,4.476261793,5.452355793,0.4440522424,1245,Argentina,South America,89,131,0,8,47,2025,45312281.0,22478115.0,22834166.0,10738.0179223384
Cervix,Female,Mortality,2022,4.783415826,5.856444985,0.472111571,1340,Argentina,South America,89,131,0,8,47,2025,45407904.0,22527129.0,22880775.0,13962.1894087223
Cervix,Female,Mortality,2007,7.003775552,4.367124982,0.7489310405,300,Guatemala,Central America,5,9,0,1,3,2025,13652040.0,6782532.0,6869508.0,2458.81573919384
Cervix,Female,Mortality,2008,6.607129421,4.006624476,0.7209195284,281,Guatemala,Central America,5,9,0,1,3,2025,13935174.0,6921788.0,7013386.0,2763.05988172926
Cervix,Female,Mortality,2009,8.600181082,5.436088923,0.9336011294,389,Guatemala,Central America,5,9,0,1,3,2025,14215611.0,7059729.0,7155882.0,2611.64632773352
Cervix,Female,Mortality,2010,9.048764052,5.835438178,0.976008796,426,Guatemala,Central America,5,9,0,1,3,2025,14500112.0,7199889.0,7300224.0,2805.25960237322
Cervix,Female,Mortality,2011,7.274658385,4.712660623,0.8091672796,351,Guatemala,Central America,5,9,0,1,3,2025,14792126.0,7344104.0,7448021.0,3168.98370607705
Cervix,Female,Mortality,2012,8.606636539,5.685445615,0.979293037,432,Guatemala,Central America,5,9,0,1,3,2025,15089647.0,7491294.0,7598352.0,3286.61959336267
Cervix,Female,Mortality,2013,7.713395369,5.071834862,0.9123454992,393,Guatemala,Central America,5,9,0,1,3,2025,15387337.0,7638663.0,7748675.0,3444.15802275864
Cervix,Female,Mortality,2014,8.61478655,5.850106594,0.954114552,462,Guatemala,Central America,5,9,0,1,3,2025,15681725.0,7784435.0,7897289.0,3689.14510410202
Cervix,Female,Mortality,2015,7.002816839,4.761511077,0.7448916785,383,Guatemala,Central America,5,9,0,1,3,2025,15971743.0,7928078.0,8043664.0,3893.50533299068
Cervix,Female,Mortality,2016,7.076969078,4.942954039,0.7888518864,405,Guatemala,Central America,5,9,0,1,3,2025,16268760.0,8075277.0,8193483.0,4060.13784737643
Cervix,Female,Mortality,2017,6.681757346,4.781888364,0.6724927659,399,Guatemala,Central America,5,9,0,1,3,2025,16567357.0,8223378.000000001,8343978.999999999,4324.99768915601
Cervix,Female,Mortality,2018,6.4084399,4.632229829,0.708647304,393,Guatemala,Central America,5,9,0,1,3,2025,16845685.0,8361648.999999999,8484035.0,4352.94593289707
Cervix,Female,Mortality,2019,6.153647642,4.481117372,0.6916066408,386,Guatemala,Central America,5,9,0,1,3,2025,17103803.0,8489879.0,8613923.0,4511.99839552697
Cervix,Female,Mortality,2020,5.969867129,4.43766747,0.635103289,388,Guatemala,Central America,5,9,0,1,3,2025,17357325.0,8613994.0,8743332.0,4477.61785000665
Cervix,Female,Mortality,2021,5.356502617,4.025426715,0.5756220624,357,Guatemala,Central America,5,9,0,1,3,2025,17598650.0,8730024.0,8868626.0,4912.62240414681
Cervix,Female,Mortality,2022,5.411622085,4.157213822,0.5758976464,374,Guatemala,Central America,5,9,0,1,3,2025,17847877.0,8851469.0,8996407.0,5358.70156997677
Cervix,Female,Mortality,2007,11.04178241,8.429171254,1.212399064,32,Guyana,South America,1,1,0,0,1,2024,756861.0,377226.0,379635.0,3608.28685240188
Cervix,Female,Mortality,2008,13.8314641,11.09142237,1.849436001,42,Guyana,South America,1,1,0,0,1,2024,754606.0,375935.0,378671.0,4008.9628671603
Cervix,Female,Mortality,2009,9.167219227,7.680328824,1.107446819,29,Guyana,South America,1,1,0,0,1,2024,752094.0,374507.0,377587.0,4209.13230624565
Cervix,Female,Mortality,2010,11.25633304,9.299557341,1.267759105,35,Guyana,South America,1,1,0,0,1,2024,749256.0,372894.0,376362.0,4581.76179693492
Cervix,Female,Mortality,2011,14.04551532,11.99920005,1.6891892,45,Guyana,South America,1,1,0,0,1,2024,746153.0,371129.0,375024.0,4947.22170589917
Cervix,Female,Mortality,2012,14.13000175,12.23700417,1.573122357,46,Guyana,South America,1,1,0,0,1,2024,746288.0,370380.0,375909.0,5444.39751913913
Cervix,Female,Mortality,2013,10.92722792,9.757847155,1.38448006,37,Guyana,South America,1,1,0,0,1,2024,750021.0,370840.0,379182.0,5556.91231156932
Cervix,Female,Mortality,2014,10.18664263,9.40765731,1.210388909,36,Guyana,South America,1,1,0,0,1,2024,754229.0,371563.0,382666.0,5472.68820452237
Cervix,Female,Mortality,2015,9.290973239,8.284060432,1.165275573,32,Guyana,South America,1,1,0,0,1,2024,758781.0,372499.0,386282.0,5640.41560569466
Cervix,Female,Mortality,2016,8.788181306,8.205843586,0.945098732,32,Guyana,South America,1,1,0,0,1,2024,763548.0,373583.0,389965.0,5870.87823759835
Cervix,Female,Mortality,2017,12.45841298,12.19233407,1.271436432,48,Guyana,South America,1,1,0,0,1,2024,768479.0,374785.0,393693.0,6178.6650437298
Cervix,Female,Mortality,2018,11.99784179,11.64343348,1.392936569,47,Guyana,South America,1,1,0,0,1,2024,791556.0,387895.0,403661.0,6048.38697180418
Cervix,Female,Mortality,2019,9.590398321,9.239739634,1.143173592,38,Guyana,South America,1,1,0,0,1,2024,807665.0,396396.0,411269.0,6405.82443444562
Cervix,Female,Mortality,2007,4.854326118,8.048006358,0.5119561905,424,Hungary,Eastern Europe,14,53,0,4,14,2025,10034082.0,4765696.0,5268386.0,13934.605460375
Cervix,Female,Mortality,2008,4.98528752,7.948196016,0.5243807896,418,Hungary,Eastern Europe,14,53,0,4,14,2025,10016657.0,4757602.0,5259055.0,15762.6322515113
Cervix,Female,Mortality,2009,4.375988834,7.542728557,0.4676846945,396,Hungary,Eastern Europe,14,53,0,4,14,2025,10001378.0,4751288.0,5250090.0,13051.1831777184
Cervix,Female,Mortality,2010,4.192364587,7.236503444,0.4427403984,379,Hungary,Eastern Europe,14,53,0,4,14,2025,9979129.0,4741792.0,5237336.0,13189.8433874768
Cervix,Female,Mortality,2011,4.4806605,7.934680332,0.4821903957,414,Hungary,Eastern Europe,14,53,0,4,14,2025,9946676.0,4729075.0,5217601.0,14211.460557822
Cervix,Female,Mortality,2012,4.596353888,8.195107425,0.4916426174,426,Hungary,Eastern Europe,14,53,0,4,14,2025,9916623.0,4718400.0,5198224.0,12950.1594488143
Cervix,Female,Mortality,2013,4.515571804,7.816028068,0.4935208703,405,Hungary,Eastern Europe,14,53,0,4,14,2025,9889346.0,4707686.0,5181660.0,13739.4620151401
Cervix,Female,Mortality,2014,4.332796188,8.131297218,0.4762871077,420,Hungary,Eastern Europe,14,53,0,4,14,2025,9862842.0,4697614.0,5165227.0,14352.501883174
Cervix,Female,Mortality,2015,5.025314222,9.244430012,0.5493388083,476,Hungary,Eastern Europe,14,53,0,4,14,2025,9839211.0,4690164.0,5149047.0,12782.9412577973
Cervix,Female,Mortality,2016,4.067042865,7.718661795,0.4515410802,396,Hungary,Eastern Europe,14,53,0,4,14,2025,9810532.0,4680109.0,5130423.0,13215.8605277789
Cervix,Female,Mortality,2017,4.031515437,7.372780184,0.4410702031,377,Hungary,Eastern Europe,14,53,0,4,14,2025,9785604.0,4672201.0,5113404.0,14736.1668157258
Cervix,Female,Mortality,2018,4.284997142,7.998089084,0.4694899778,408,Hungary,Eastern Europe,14,53,0,4,14,2025,9774394.0,4673175.0,5101218.0,16605.0570511887
Cervix,Female,Mortality,2019,3.94303109,7.580048801,0.4406322057,386,Hungary,Eastern Europe,14,53,0,4,14,2025,9770346.0,4678031.0,5092315.0,17012.8598553199
Cervix,Female,Mortality,2020,4.131156857,7.523560858,0.4525714926,382,Hungary,Eastern Europe,14,53,0,4,14,2025,9749457.0,4672074.0,5077383.0,16386.9308821258
Cervix,Female,Mortality,2021,4.45622685,8.212010768,0.5028436527,415,Hungary,Eastern Europe,14,53,0,4,14,2025,9707850.0,4654276.0,5053574.0,19030.628130329
Cervix,Female,Mortality,2022,4.136511474,7.898125297,0.4655592714,398,Hungary,Eastern Europe,14,53,0,4,14,2025,9684306.0,4645135.0,5039171.0,18428.028825614
Cervix,Female,Mortality,2023,4.029309729,7.70088187,0.4506428597,388,Hungary,Eastern Europe,14,53,0,4,14,2025,9686463.0,4648079.0,5038384.0,22230.6277875187
Cervix,Female,Incidence,2007,5.778368877,7.212783676,0.5585595053,11,Iceland,Northern Europe,1,2,0,0,1,2018,311651.0,158762.0,152888.0,70483.0117228535
Cervix,Female,Incidence,2008,8.260806128,10.24649218,0.7006278969,16,Iceland,Northern Europe,1,2,0,0,1,2018,317514.0,161517.0,155998.0,57489.3399795216
Cervix,Female,Incidence,2009,10.24190365,12.05079091,0.8827464865,19,Iceland,Northern Europe,1,2,0,0,1,2018,318612.0,161041.0,157571.0,41483.7843682814
Cervix,Female,Incidence,2010,10.49692928,12.01520239,0.8952463315,19,Iceland,Northern Europe,1,2,0,0,1,2018,318158.0,160013.0,158145.0,43776.4677400475
Cervix,Female,Incidence,2011,9.410775074,11.96571508,0.7603295233,19,Iceland,Northern Europe,1,2,0,0,1,2018,319137.0,160226.0,158911.0,48254.953927254
Cervix,Female,Incidence,2012,7.317475783,8.136696501,0.7107089022,13,Iceland,Northern Europe,1,2,0,0,1,2018,320841.0,160939.0,159902.0,46594.9869146614
Cervix,Female,Incidence,2013,7.721039799,9.296560273,0.668232035,15,Iceland,Northern Europe,1,2,0,0,1,2018,323885.0,162413.0,161472.0,50173.3360061057
Cervix,Female,Incidence,2014,5.906929718,7.357404308,0.4552188969,12,Iceland,Northern Europe,1,2,0,0,1,2018,327512.0,164291.0,163222.0,55140.364935793
Cervix,Female,Incidence,2015,11.49274666,13.36914644,1.017060857,22,Iceland,Northern Europe,1,2,0,0,1,2018,330952.0,166271.0,164680.0,53505.6964079339
Cervix,Female,Incidence,2016,8.251956816,9.62359706,0.7697483154,16,Iceland,Northern Europe,1,2,0,0,1,2018,335574.0,169190.0,166384.0,62854.0906407932
Cervix,Female,Incidence,2017,10.78311604,13.60471788,0.938404214,23,Iceland,Northern Europe,1,2,0,0,1,2018,343531.0,174353.0,169178.0,72976.3729990975
Cervix,Female,Incidence,2018,6.969776068,8.116036128,0.5040818626,14,Iceland,Northern Europe,1,2,0,0,1,2018,352854.0,180258.0,172595.0,75633.8651351915
Cervix,Female,Incidence,2019,9.31748243,11.95430042,0.8896738295,21,Iceland,Northern Europe,1,2,0,0,1,2018,360700.0,184931.0,175768.0,69296.3144361601
Cervix,Female,Incidence,2020,7.643035718,9.525357061,0.6377812572,17,Iceland,Northern Europe,1,2,0,0,1,2018,366614.0,188041.0,178573.0,60127.9393575616
Cervix,Female,Incidence,2021,5.890183493,7.715411535,0.5950215755,14,Iceland,Northern Europe,1,2,0,0,1,2018,372644.0,190971.0,181672.0,70425.4064277273
Cervix,Female,Incidence,2022,6.242416053,8.085861063,0.5600645538,15,Iceland,Northern Europe,1,2,0,0,1,2018,380356.0,194847.0,185508.0,76350.4550416502
Cervix,Female,Incidence,2007,16.67501979,15.20098017,1.885772476,1447,India,Southern Asia,464,793,1,5,278,2025,1190676021.0,615977569.0,574698451.0,1021.88707706826
Cervix,Female,Incidence,2008,15.76728251,14.69386284,1.783583505,1419,India,Southern Asia,464,793,1,5,278,2025,1207930964.0,624851765.0,583079198.0,992.519584923828
Cervix,Female,Incidence,2009,13.3542075,12.41347669,1.535086472,1217,India,Southern Asia,464,793,1,5,278,2025,1225524753.0,633887203.0,591637549.0,1094.94974598436
Cervix,Female,Incidence,2010,13.9253098,12.92579601,1.639597407,1290,India,Southern Asia,464,793,1,5,278,2025,1243481564.0,643098086.0,600383478.0,1347.51939071367
Cervix,Female,Incidence,2011,13.15339544,13.12007417,1.55365978,1230,India,Southern Asia,464,793,1,5,278,2025,1261224954.0,652190186.0,609034769.0,1445.46127486037
Cervix,Female,Incidence,2012,12.02419544,12.31966352,1.42758955,1164,India,Southern Asia,464,793,1,5,278,2025,1278674502.0,661116668.0,617557834.0,1429.32199520032
Cervix,Female,Incidence,2013,12.22583791,12.67541323,1.396051518,1207,India,Southern Asia,464,793,1,5,278,2025,1295829511.0,669876676.0,625952834.0,1432.84397512195
Cervix,Female,Incidence,2014,11.30887784,11.81621103,1.340992386,1134,India,Southern Asia,464,793,1,5,278,2025,1312277191.0,678266110.0,634011081.0,1553.88396075118
Cervix,Female,Incidence,2015,10.56793387,11.22803361,1.255104757,1086,India,Southern Asia,464,793,1,5,278,2025,1328024498.0,686298736.0,641725761.0,1583.99815907985
Cervix,Female,Incidence,2016,10.56559279,11.28428036,1.271303174,1100,India,Southern Asia,464,793,1,5,278,2025,1343944296.0,694417091.0,649527205.0,1707.50892912243
Cervix,Female,Incidence,2017,10.08046887,10.99286766,1.181932905,1080,India,Southern Asia,464,793,1,5,278,2025,1359657400.0,702419096.0,657238304.0,1950.10468280866
Cervix,Female,Incidence,2007,5.339711947,7.140631553,0.5191004821,751,Australia,Australia and New Zealand,103,224,0,6,10,2025,20954549.0,10416912.0,10537637.0,41128.2476618402
Cervix,Female,Incidence,2008,5.54228489,7.380629556,0.5192975574,788,Australia,Australia and New Zealand,103,224,0,6,10,2025,21370589.0,10632551.0,10738038.0,49811.2067218988
Cervix,Female,Incidence,2009,5.320647162,7.015169386,0.5067440575,764,Australia,Australia and New Zealand,103,224,0,6,10,2025,21783011.0,10844034.0,10938977.0,42954.8494884573
Cervix,Female,Incidence,2010,5.637612366,7.411310564,0.5418177405,820,Australia,Australia and New Zealand,103,224,0,6,10,2025,22141581.0,11023077.0,11118504.0,52313.8939041213
Cervix,Female,Incidence,2011,5.553733689,7.174178447,0.5238010394,805,Australia,Australia and New Zealand,103,224,0,6,10,2025,22479775.0,11189241.0,11290534.0,62799.3895017032
Cervix,Female,Incidence,2012,5.824669891,7.534763075,0.5430037968,860,Australia,Australia and New Zealand,103,224,0,6,10,2025,22852644.0,11372623.0,11480021.0,68301.4402512587
Cervix,Female,Incidence,2013,5.445273037,7.012964864,0.4962441617,815,Australia,Australia and New Zealand,103,224,0,6,10,2025,23236270.0,11558449.0,11677822.0,68476.6788496118
Cervix,Female,Incidence,2014,5.843525903,7.57161785,0.5538711201,894,Australia,Australia and New Zealand,103,224,0,6,10,2025,23595601.0,11727908.0,11867692.0,62817.2061751737
Cervix,Female,Incidence,2015,5.28236096,6.882145387,0.491974687,825,Australia,Australia and New Zealand,103,224,0,6,10,2025,23948002.0,11892488.0,12055514.0,56970.3613028094
Cervix,Female,Incidence,2016,5.663543884,7.369410839,0.5349116751,898,Australia,Australia and New Zealand,103,224,0,6,10,2025,24329963.0,12074040.0,12255924.0,50084.4440606385
Cervix,Female,Incidence,2017,5.170821514,6.776122557,0.4771572985,840,Australia,Australia and New Zealand,103,224,0,6,10,2025,24731038.0,12270986.0,12460053.0,54117.547718609
Cervix,Female,Mortality,2007,1.215001454,1.962833558,0.1224449334,208,Australia,Australia and New Zealand,103,224,0,6,10,2025,20954549.0,10416912.0,10537637.0,41128.2476618402
Cervix,Female,Mortality,2008,1.338964368,2.175439071,0.1455031955,235,Australia,Australia and New Zealand,103,224,0,6,10,2025,21370589.0,10632551.0,10738038.0,49811.2067218988
Cervix,Female,Mortality,2009,1.29936191,2.17758713,0.1306350603,240,Australia,Australia and New Zealand,103,224,0,6,10,2025,21783011.0,10844034.0,10938977.0,42954.8494884573
Cervix,Female,Mortality,2010,1.282911335,2.063002673,0.1366589349,231,Australia,Australia and New Zealand,103,224,0,6,10,2025,22141581.0,11023077.0,11118504.0,52313.8939041213
Cervix,Female,Mortality,2011,1.294788177,2.040672656,0.1395278442,229,Australia,Australia and New Zealand,103,224,0,6,10,2025,22479775.0,11189241.0,11290534.0,62799.3895017032
Cervix,Female,Mortality,2012,1.186212928,1.97101625,0.119964137,225,Australia,Australia and New Zealand,103,224,0,6,10,2025,22852644.0,11372623.0,11480021.0,68301.4402512587
Cervix,Female,Mortality,2013,1.242268202,1.929077799,0.1288968306,224,Australia,Australia and New Zealand,103,224,0,6,10,2025,23236270.0,11558449.0,11677822.0,68476.6788496118
Cervix,Female,Mortality,2014,1.186828466,1.885875604,0.1308051681,223,Australia,Australia and New Zealand,103,224,0,6,10,2025,23595601.0,11727908.0,11867692.0,62817.2061751737
Cervix,Female,Mortality,2015,1.210938792,1.918530359,0.1310517458,230,Australia,Australia and New Zealand,103,224,0,6,10,2025,23948002.0,11892488.0,12055514.0,56970.3613028094
Cervix,Female,Mortality,2016,1.359948772,2.125064039,0.1432160906,259,Australia,Australia and New Zealand,103,224,0,6,10,2025,24329963.0,12074040.0,12255924.0,50084.4440606385
Cervix,Female,Mortality,2017,1.099712211,1.856337852,0.1117860445,230,Australia,Australia and New Zealand,103,224,0,6,10,2025,24731038.0,12270986.0,12460053.0,54117.547718609
Cervix,Female,Mortality,2018,1.154507884,1.845218462,0.1228227536,232,Australia,Australia and New Zealand,103,224,0,6,10,2025,25119706.0,12465559.0,12654146.0,57410.1737346009
Cervix,Female,Mortality,2019,1.156006258,1.810684686,0.120132782,231,Australia,Australia and New Zealand,103,224,0,6,10,2025,25482714.0,12645913.0,12836801.0,55194.7585097428
Cervix,Female,Mortality,2020,1.05605953,1.617570813,0.1068729968,209,Australia,Australia and New Zealand,103,224,0,6,10,2025,25743791.0,12773754.0,12970037.0,51983.4523666382
Cervix,Female,Mortality,2021,1.064102604,1.770253282,0.1187056803,229,Australia,Australia and New Zealand,103,224,0,6,10,2025,25956417.0,12879362.0,13077055.0,60758.9044397144
Cervix,Female,Mortality,2022,1.261053262,2.053700841,0.1316883065,269,Australia,Australia and New Zealand,103,224,0,6,10,2025,26200984.0,13000471.0,13200513.0,65169.5191118657
Cervix,Female,Mortality,2023,1.26177476,1.97570892,0.1330309744,265,Australia,Australia and New Zealand,103,224,0,6,10,2025,26451124.0,13123656.0,13327469.0,65058.3773146674
Cervix,Female,Incidence,2007,10.87438892,13.54959587,1.0423284,296,Ireland,Northern Europe,12,42,0,4,14,2017,4393513.0,2197274.0,2196238.0,61396.417461176
Cervix,Female,Incidence,2008,9.582579933,11.75167116,0.9051720624,264,Ireland,Northern Europe,12,42,0,4,14,2017,4485999.0,2238298.0,2247701.0,61353.1065629523
Cervix,Female,Incidence,2009,12.55141512,15.59717634,1.191367087,355,Ireland,Northern Europe,12,42,0,4,14,2017,4533752.0,2256166.0,2277586.0,52133.0906162544
Cervix,Female,Incidence,2010,11.76478654,14.83044009,1.120087381,340,Ireland,Northern Europe,12,42,0,4,14,2017,4559080.0,2264427.0,2294653.0,48623.9666422487
Cervix,Female,Incidence,2011,11.74649429,14.71110259,1.122107786,339,Ireland,Northern Europe,12,42,0,4,14,2017,4579602.0,2271307.0,2308296.0,52613.8540355689
Cervix,Female,Incidence,2012,10.18376886,12.98152397,0.9666110283,301,Ireland,Northern Europe,12,42,0,4,14,2017,4600132.0,2279138.0,2320994.0,49335.8408099555
Cervix,Female,Incidence,2013,9.351517874,12.28238491,0.9137989533,286,Ireland,Northern Europe,12,42,0,4,14,2017,4624686.0,2290164.0,2334523.0,52537.6108648692
Cervix,Female,Incidence,2014,9.370335323,12.01841631,0.8844117833,282,Ireland,Northern Europe,12,42,0,4,14,2017,4658239.0,2304893.0,2353345.0,57214.5379785709
Cervix,Female,Incidence,2015,8.252259821,10.46383038,0.7471888951,248,Ireland,Northern Europe,12,42,0,4,14,2017,4702487.0,2326423.0,2376064.0,64250.1385181257
Cervix,Female,Incidence,2016,9.531085042,12.20199653,0.8897036064,292,Ireland,Northern Europe,12,42,0,4,14,2017,4753503.0,2352633.0,2400870.0,64129.5571542383
Cervix,Female,Incidence,2017,9.63152489,12.22946442,0.8721680364,296,Ireland,Northern Europe,12,42,0,4,14,2017,4810261.0,2381352.0,2428908.0,72161.4047531385
Cervix,Female,Mortality,2007,2.897976499,3.870253618,0.3185267185,85,Ireland,Northern Europe,12,42,0,4,14,2017,4393513.0,2197274.0,2196238.0,61396.417461176
Cervix,Female,Mortality,2008,2.740526542,3.470212453,0.305548259,78,Ireland,Northern Europe,12,42,0,4,14,2017,4485999.0,2238298.0,2247701.0,61353.1065629523
Cervix,Female,Mortality,2009,3.040045575,4.083270621,0.3426653549,93,Ireland,Northern Europe,12,42,0,4,14,2017,4533752.0,2256166.0,2277586.0,52133.0906162544
Cervix,Female,Mortality,2010,2.899444448,3.878582923,0.323366824,89,Ireland,Northern Europe,12,42,0,4,14,2017,4559080.0,2264427.0,2294653.0,48623.9666422487
Cervix,Female,Mortality,2011,3.15846772,4.245556029,0.3309675297,98,Ireland,Northern Europe,12,42,0,4,14,2017,4579602.0,2271307.0,2308296.0,52613.8540355689
Cervix,Female,Mortality,2012,2.978982985,4.006903939,0.3186894527,93,Ireland,Northern Europe,12,42,0,4,14,2017,4600132.0,2279138.0,2320994.0,49335.8408099555
Cervix,Female,Mortality,2013,2.260379565,3.255483723,0.2478393892,76,Ireland,Northern Europe,12,42,0,4,14,2017,4624686.0,2290164.0,2334523.0,52537.6108648692
Cervix,Female,Mortality,2014,2.822413252,4.079299023,0.337825255,96,Ireland,Northern Europe,12,42,0,4,14,2017,4658239.0,2304893.0,2353345.0,57214.5379785709
Cervix,Female,Mortality,2015,2.580375796,3.661517535,0.2479329327,87,Ireland,Northern Europe,12,42,0,4,14,2017,4702487.0,2326423.0,2376064.0,64250.1385181257
Cervix,Female,Mortality,2016,2.156852303,3.207170734,0.2296104671,77,Ireland,Northern Europe,12,42,0,4,14,2017,4753503.0,2352633.0,2400870.0,64129.5571542383
Cervix,Female,Mortality,2017,2.299958116,3.581856538,0.249319672,87,Ireland,Northern Europe,12,42,0,4,14,2017,4810261.0,2381352.0,2428908.0,72161.4047531385
Cervix,Female,Mortality,2018,2.567505519,3.821796151,0.2847591068,94,Ireland,Northern Europe,12,42,0,4,14,2017,4872556.0,2412979.0,2459577.0,80804.1123164826
Cervix,Female,Mortality,2019,2.53175326,3.975750333,0.2483290523,99,Ireland,Northern Europe,12,42,0,4,14,2017,4933491.0,2443395.0,2490096.0,81827.6688873996
Cervix,Female,Mortality,2020,1.90173808,2.902072159,0.2160368129,73,Ireland,Northern Europe,12,42,0,4,14,2017,4982606.0,2467162.0,2515444.0,86514.0706108754
Cervix,Female,Mortality,2021,1.93283986,2.914758862,0.2124479778,74,Ireland,Northern Europe,12,42,0,4,14,2017,5028426.0,2489622.0,2538803.0,103783.446284479
Cervix,Female,Mortality,2022,2.262298465,3.604730104,0.2505650367,93,Ireland,Northern Europe,12,42,0,4,14,2017,5110016.0,2530072.0,2579943.0,105190.685952731
Cervix,Female,Incidence,2007,5.407231903,5.948961218,0.5420848537,216,Israel,Western Asia,12,37,0,2,14,2025,6962455.0,3441264.0,3521191.0,25721.2594077311
Cervix,Female,Incidence,2008,5.696415469,6.252271862,0.5923054666,231,Israel,Western Asia,12,37,0,2,14,2025,7082620.0,3501450.0,3581171.0,30269.217773489
Cervix,Female,Incidence,2009,5.511560536,6.341851144,0.55333725,240,Israel,Western Asia,12,37,0,2,14,2025,7206096.0,3563756.0,3642340.0,28508.4938886475
Cervix,Female,Incidence,2010,5.433834995,6.073959017,0.5409755745,234,Israel,Western Asia,12,37,0,2,14,2025,7336735.0,3629669.0,3707066.0,31439.0887027614
Cervix,Female,Incidence,2011,5.508188064,6.271133209,0.5491145887,246,Israel,Western Asia,12,37,0,2,14,2025,7471023.0,3697300.0,3773722.0,34522.5215979073
Cervix,Female,Incidence,2012,5.167710129,5.958384937,0.5221742408,238,Israel,Western Asia,12,37,0,2,14,2025,7607780.0,3766281.0,3841499.0,33321.4300881602
Cervix,Female,Incidence,2013,5.6014028,6.317431514,0.5835888211,257,Israel,Western Asia,12,37,0,2,14,2025,7749379.0,3837745.0,3911633.0,37034.3161080785
Cervix,Female,Incidence,2014,5.303361836,6.127278039,0.5524013999,254,Israel,Western Asia,12,37,0,2,14,2025,7897179.0,3912378.0,3984800.0,38343.3046626235
Cervix,Female,Incidence,2015,5.840613442,6.624210211,0.604541153,280,Israel,Western Asia,12,37,0,2,14,2025,8052908.0,3990883.0,4062026.0,36213.1041481958
Cervix,Female,Incidence,2016,5.112039671,5.802107743,0.5099695794,250,Israel,Western Asia,12,37,0,2,14,2025,8210004.999999999,4070463.0,4139542.9999999995,37671.5389138798
Cervix,Female,Incidence,2017,5.04571876,5.943357751,0.5126391713,261,Israel,Western Asia,12,37,0,2,14,2025,8361797.000000001,4148075.0,4213721.0,41138.470964272
Cervix,Female,Mortality,2007,1.454737469,1.790187788,0.1532344679,65,Israel,Western Asia,12,37,0,2,14,2025,6962455.0,3441264.0,3521191.0,25721.2594077311
Cervix,Female,Mortality,2008,1.75305063,2.138211849,0.2025440616,79,Israel,Western Asia,12,37,0,2,14,2025,7082620.0,3501450.0,3581171.0,30269.217773489
Cervix,Female,Mortality,2009,1.548289439,1.955509516,0.1586144471,74,Israel,Western Asia,12,37,0,2,14,2025,7206096.0,3563756.0,3642340.0,28508.4938886475
Cervix,Female,Mortality,2010,1.428012162,1.791166124,0.1740218765,69,Israel,Western Asia,12,37,0,2,14,2025,7336735.0,3629669.0,3707066.0,31439.0887027614
Cervix,Female,Mortality,2011,1.524069208,2.012887064,0.1571217393,79,Israel,Western Asia,12,37,0,2,14,2025,7471023.0,3697300.0,3773722.0,34522.5215979073
Cervix,Female,Mortality,2012,1.496474917,1.902663658,0.1808101768,76,Israel,Western Asia,12,37,0,2,14,2025,7607780.0,3766281.0,3841499.0,33321.4300881602
Cervix,Female,Mortality,2013,1.432777062,2.015678306,0.1432038191,82,Israel,Western Asia,12,37,0,2,14,2025,7749379.0,3837745.0,3911633.0,37034.3161080785
Cervix,Female,Mortality,2014,1.648779765,2.291697916,0.1698715417,95,Israel,Western Asia,12,37,0,2,14,2025,7897179.0,3912378.0,3984800.0,38343.3046626235
Cervix,Female,Mortality,2015,1.386180184,1.84531722,0.1510072084,78,Israel,Western Asia,12,37,0,2,14,2025,8052908.0,3990883.0,4062026.0,36213.1041481958
Cervix,Female,Mortality,2016,1.450737137,1.903089131,0.1650356318,82,Israel,Western Asia,12,37,0,2,14,2025,8210004.999999999,4070463.0,4139542.9999999995,37671.5389138798
Cervix,Female,Mortality,2017,1.313262912,1.844490029,0.1306672919,81,Israel,Western Asia,12,37,0,2,14,2025,8361797.000000001,4148075.0,4213721.0,41138.470964272
Cervix,Female,Mortality,2018,1.599045802,2.145021795,0.1742275454,96,Israel,Western Asia,12,37,0,2,14,2025,8510067.0,4224242.0,4285825.0,42362.6652754196
Cervix,Female,Mortality,2019,1.618120025,2.149132758,0.1908998015,98,Israel,Western Asia,12,37,0,2,14,2025,8657474.0,4300117.0,4357358.0,44250.6313628073
Cervix,Female,Mortality,2020,1.313678971,1.875186615,0.1368315502,87,Israel,Western Asia,12,37,0,2,14,2025,8800376.0,4373531.0,4426845.0,44575.5719045492
Cervix,Female,Mortality,2021,1.220042694,1.674862894,0.1298974203,79,Israel,Western Asia,12,37,0,2,14,2025,8942924.0,4446561.0,4496364.0,52270.9040241956
Cervix,Female,Mortality,2022,1.111534751,1.518010466,0.1077557118,73,Israel,Western Asia,12,37,0,2,14,2025,9103151.0,4528556.0,4574595.0,54949.621556429
Cervix,Female,Incidence,2007,5.248393425,8.35234786,0.5379593052,113,Italy,Southern Europe,204,555,3,12,61,2025,59108720.0,28662014.0,30446706.0,37826.1754554823
Cervix,Female,Incidence,2008,6.320546194,8.96118558,0.6339155458,122,Italy,Southern Europe,204,555,3,12,61,2025,59561684.0,28874948.0,30686735.0,40828.5795580937
Cervix,Female,Incidence,2009,4.972362187,7.154506682,0.4896030157,98,Italy,Southern Europe,204,555,3,12,61,2025,59904010.0,29033655.0,30870356.0,37099.6133958219
Cervix,Female,Incidence,2010,3.892566322,5.744376692,0.4108054537,79,Italy,Southern Europe,204,555,3,12,61,2025,60164213.0,29148832.0,31015381.0,35856.8625485539
Cervix,Female,Incidence,2011,5.073689158,7.830484511,0.5293366102,108,Italy,Southern Europe,204,555,3,12,61,2025,60367880.0,29240980.0,31126900.0,38432.3742820019
Cervix,Female,Incidence,2012,4.085609737,7.025396446,0.4708946038,97,Italy,Southern Europe,204,555,3,12,61,2025,60531515.0,29330450.0,31201065.0,34854.3949441965
Cervix,Female,Incidence,2013,3.945687069,6.277649619,0.4251523393,87,Italy,Southern Europe,204,555,3,12,61,2025,60653868.0,29407591.0,31246277.0,35701.6746002376
Cervix,Female,Incidence,2014,4.991444505,7.25379298,0.4996937756,101,Italy,Southern Europe,204,555,3,12,61,2025,60664171.0,29425983.0,31238189.0,36028.3494022349
Cervix,Female,Incidence,2015,4.534205571,6.964218277,0.445636541,97,Italy,Southern Europe,204,555,3,12,61,2025,60575316.0,29403014.0,31172302.0,30639.8829751432
Cervix,Female,Incidence,2016,4.867764728,7.548482827,0.509172344,105,Italy,Southern Europe,204,555,3,12,61,2025,60478107.0,29391610.0,31086497.0,31391.5692898108
Cervix,Female,Incidence,2017,4.899249952,7.844977487,0.4676384704,109,Italy,Southern Europe,204,555,3,12,61,2025,60390318.0,29393679.0,30996639.0,32844.115660604
Cervix,Female,Mortality,2007,0.6961482015,1.365368792,0.07245294158,417,Italy,Southern Europe,204,555,3,12,61,2025,59108720.0,28662014.0,30446706.0,37826.1754554823
Cervix,Female,Mortality,2008,0.6122662748,1.228026289,0.06876655325,378,Italy,Southern Europe,204,555,3,12,61,2025,59561684.0,28874948.0,30686735.0,40828.5795580937
Cervix,Female,Mortality,2009,0.6034149879,1.259169702,0.06226803566,390,Italy,Southern Europe,204,555,3,12,61,2025,59904010.0,29033655.0,30870356.0,37099.6133958219
Cervix,Female,Mortality,2010,0.6404744905,1.281596205,0.06616967232,399,Italy,Southern Europe,204,555,3,12,61,2025,60164213.0,29148832.0,31015381.0,35856.8625485539
Cervix,Female,Mortality,2011,0.729926218,1.438425224,0.07905990216,441,Italy,Southern Europe,204,555,3,12,61,2025,60367880.0,29240980.0,31126900.0,38432.3742820019
Cervix,Female,Mortality,2012,0.6867678329,1.373178393,0.07432540438,422,Italy,Southern Europe,204,555,3,12,61,2025,60531515.0,29330450.0,31201065.0,34854.3949441965
Cervix,Female,Mortality,2013,0.7096400565,1.40754925,0.07523856839,437,Italy,Southern Europe,204,555,3,12,61,2025,60653868.0,29407591.0,31246277.0,35701.6746002376
Cervix,Female,Mortality,2014,0.7422467478,1.466637777,0.07832681689,459,Italy,Southern Europe,204,555,3,12,61,2025,60664171.0,29425983.0,31238189.0,36028.3494022349
Cervix,Female,Mortality,2015,0.7108459555,1.414326138,0.07723296574,442,Italy,Southern Europe,204,555,3,12,61,2025,60575316.0,29403014.0,31172302.0,30639.8829751432
Cervix,Female,Mortality,2016,0.8035450396,1.632641697,0.08497932895,509,Italy,Southern Europe,204,555,3,12,61,2025,60478107.0,29391610.0,31086497.0,31391.5692898108
Cervix,Female,Mortality,2017,0.7822716163,1.588422292,0.08183736267,494,Italy,Southern Europe,204,555,3,12,61,2025,60390318.0,29393679.0,30996639.0,32844.115660604
Cervix,Female,Mortality,2018,0.8196672045,1.646417521,0.08689594396,506,Italy,Southern Europe,204,555,3,12,61,2025,60277499.0,29379159.0,30898339.0,34904.1081923834
Cervix,Female,Mortality,2019,0.7207406103,1.568205712,0.07630440035,478,Italy,Southern Europe,204,555,3,12,61,2025,60130136.0,29326484.0,30803652.0,33812.788724868
Cervix,Female,Mortality,2020,0.8397128272,1.640382544,0.08979422929,500,Italy,Southern Europe,204,555,3,12,61,2025,59912769.0,29229606.0,30683163.0,32091.4866621366
Cervix,Female,Mortality,2021,0.8173782728,1.644075376,0.0865224365,498,Italy,Southern Europe,204,555,3,12,61,2025,59729350.0,29153420.0,30575930.0,36852.5425414951
Cervix,Female,Incidence,2007,8.283545239,12.50573108,0.8216904889,728,Japan,Eastern Asia,759,1067,24,0,224,2024,128087682.0,62759244.0,65328438.0,35779.0245416427
Cervix,Female,Incidence,2008,8.563988818,13.08368296,0.8474600763,751,Japan,Eastern Asia,759,1067,24,0,224,2024,128155990.0,62759005.0,65396985.0,39876.3039685725
Cervix,Female,Incidence,2009,9.210786817,14.20413253,0.9092934434,816,Japan,Eastern Asia,759,1067,24,0,224,2024,128192470.0,62742753.0,65449717.0,41308.9968370512
Cervix,Female,Incidence,2010,10.26106847,15.21958822,0.9883840551,875,Japan,Eastern Asia,759,1067,24,0,224,2024,128185275.0,62706099.0,65479177.0,44968.1562349739
Cervix,Female,Incidence,2011,11.21144838,16.74686127,1.087835734,962,Japan,Eastern Asia,759,1067,24,0,224,2024,128096432.0,62641616.0,65454816.0,48760.0789494211
Cervix,Female,Incidence,2012,10.87038249,15.90630525,1.029452901,914,Japan,Eastern Asia,759,1067,24,0,224,2024,127928285.0,62548782.0,65379503.0,49145.2804308193
Cervix,Female,Incidence,2013,11.02003016,16.35797127,1.05118904,945,Japan,Eastern Asia,759,1067,24,0,224,2024,127723645.0,62437886.0,65285760.0,40898.6478964744
Cervix,Female,Incidence,2014,10.96811964,16.79944579,1.06907799,970,Japan,Eastern Asia,759,1067,24,0,224,2024,127486605.0,62311510.0,65175094.0,38475.3952461838
Cervix,Female,Incidence,2015,11.8475248,17.62975779,1.156624132,1019,Japan,Eastern Asia,759,1067,24,0,224,2024,127275872.0,62204439.0,65071433.0,34960.6393843385
Cervix,Female,Mortality,2007,1.915166653,3.780159197,0.199397781,2441,Japan,Eastern Asia,759,1067,24,0,224,2024,128087682.0,62759244.0,65328438.0,35779.0245416427
Cervix,Female,Mortality,2008,1.990919655,3.852770244,0.2049082459,2486,Japan,Eastern Asia,759,1067,24,0,224,2024,128155990.0,62759005.0,65396985.0,39876.3039685725
Cervix,Female,Mortality,2009,1.950512155,3.906577131,0.2008576112,2519,Japan,Eastern Asia,759,1067,24,0,224,2024,128192470.0,62742753.0,65449717.0,41308.9968370512
Cervix,Female,Mortality,2010,2.03026233,4.110476715,0.2112835669,2664,Japan,Eastern Asia,759,1067,24,0,224,2024,128185275.0,62706099.0,65479177.0,44968.1562349739
Cervix,Female,Mortality,2011,2.122309636,4.228463725,0.2164510403,2737,Japan,Eastern Asia,759,1067,24,0,224,2024,128096432.0,62641616.0,65454816.0,48760.0789494211
Cervix,Female,Mortality,2012,2.059810541,4.196128793,0.2132011498,2712,Japan,Eastern Asia,759,1067,24,0,224,2024,127928285.0,62548782.0,65379503.0,49145.2804308193
Cervix,Female,Mortality,2013,2.043276478,4.116744424,0.212935593,2656,Japan,Eastern Asia,759,1067,24,0,224,2024,127723645.0,62437886.0,65285760.0,40898.6478964744
Cervix,Female,Mortality,2014,2.237089896,4.503595111,0.2303066535,2900,Japan,Eastern Asia,759,1067,24,0,224,2024,127486605.0,62311510.0,65175094.0,38475.3952461838
Cervix,Female,Mortality,2015,2.116160879,4.373485523,0.2237117214,2812,Japan,Eastern Asia,759,1067,24,0,224,2024,127275872.0,62204439.0,65071433.0,34960.6393843385
Cervix,Female,Mortality,2016,2.042889547,4.224201736,0.2127364506,2710,Japan,Eastern Asia,759,1067,24,0,224,2024,127159951.0,62146727.0,65013224.0,39375.4731620781
Cervix,Female,Mortality,2017,2.03094051,4.369049056,0.2143496489,2795,Japan,Eastern Asia,759,1067,24,0,224,2024,127064690.0,62094983.0,64969707.0,38834.0529341227
Cervix,Female,Mortality,2018,2.061201945,4.50255227,0.2155718956,2871,Japan,Eastern Asia,759,1067,24,0,224,2024,126913432.0,62016416.0,64897017.0,39751.1330982711
Cervix,Female,Mortality,2019,2.178878442,4.59832411,0.2311322988,2921,Japan,Eastern Asia,759,1067,24,0,224,2024,126699424.0,61908356.0,64791067.0,40415.9567649547
Cervix,Female,Mortality,2020,2.079599918,4.553906166,0.2190789605,2887,Japan,Eastern Asia,759,1067,24,0,224,2024,126304543.0,61704209.0,64600334.0,40028.7341726762
Cervix,Female,Mortality,2021,2.051492194,4.586818327,0.2206562951,2894,Japan,Eastern Asia,759,1067,24,0,224,2024,125679338.0,61379113.0,64300226.0,40094.5599795288
Cervix,Female,Incidence,2007,5.674474891,8.735181012,0.5410656233,372,Austria,Western Europe,17,58,1,8,20,2021,8296951.999999999,4036762.0,4260190.0,46622.9622913635
Cervix,Female,Incidence,2008,6.103032061,9.505244975,0.5777524519,406,Austria,Western Europe,17,58,1,8,20,2021,8323253.000000001,4050329.0,4272924.0,51581.3982361071
Cervix,Female,Incidence,2009,6.457761039,9.882512579,0.6622706579,423,Austria,Western Europe,17,58,1,8,20,2021,8345066.000000001,4062236.0,4282829.0,47857.4446635266
Cervix,Female,Incidence,2010,6.129733084,9.325539669,0.6335082713,400,Austria,Western Europe,17,58,1,8,20,2021,8365092.000000001,4073188.0,4291904.0,46611.1393420232
Cervix,Female,Incidence,2011,6.177545215,9.531900015,0.6009989123,410,Austria,Western Europe,17,58,1,8,20,2021,8393270.0,4089115.0,4304155.0,51116.8953522042
Cervix,Female,Incidence,2012,6.468027296,9.543929875,0.6369200752,412,Austria,Western Europe,17,58,1,8,20,2021,8431601.0,4111499.0,4320101.0,48250.4059142637
Cervix,Female,Incidence,2013,6.234510989,9.31189477,0.6013430155,404,Austria,Western Europe,17,58,1,8,20,2021,8481406.0,4140100.9999999995,4341305.0,50305.3545774973
Cervix,Female,Incidence,2014,5.585888265,8.746658753,0.5752864045,382,Austria,Western Europe,17,58,1,8,20,2021,8547817.0,4178453.9999999995,4369364.0,51314.9722616322
Cervix,Female,Incidence,2015,6.103751323,9.067268909,0.608217078,399,Austria,Western Europe,17,58,1,8,20,2021,8644039.0,4237047.0,4406991.0,43915.228020857
Cervix,Female,Incidence,2016,5.973889136,8.954601968,0.5943224995,398,Austria,Western Europe,17,58,1,8,20,2021,8737915.0,4293097.0,4444819.0,45061.4993920192
Cervix,Female,Incidence,2017,6.231707293,9.082091369,0.5981329611,406,Austria,Western Europe,17,58,1,8,20,2021,8798778.0,4326092.0,4472685.0,47163.7425775142
Cervix,Female,Mortality,2007,2.023308397,3.849593111,0.2233919108,164,Austria,Western Europe,17,58,1,8,20,2021,8296951.999999999,4036762.0,4260190.0,46622.9622913635
Cervix,Female,Mortality,2008,1.607557961,3.229638533,0.1577778474,138,Austria,Western Europe,17,58,1,8,20,2021,8323253.000000001,4050329.0,4272924.0,51581.3982361071
Cervix,Female,Mortality,2009,1.769011121,3.292216045,0.1820400586,141,Austria,Western Europe,17,58,1,8,20,2021,8345066.000000001,4062236.0,4282829.0,47857.4446635266
Cervix,Female,Mortality,2010,1.906996853,3.7512493,0.2196023249,161,Austria,Western Europe,17,58,1,8,20,2021,8365092.000000001,4073188.0,4291904.0,46611.1393420232
Cervix,Female,Mortality,2011,1.788834828,3.554704285,0.1957368683,153,Austria,Western Europe,17,58,1,8,20,2021,8393270.0,4089115.0,4304155.0,51116.8953522042
Cervix,Female,Mortality,2012,1.879323494,3.379550226,0.2053305894,146,Austria,Western Europe,17,58,1,8,20,2021,8431601.0,4111499.0,4320101.0,48250.4059142637
Cervix,Female,Mortality,2013,1.676787691,3.363044062,0.1879792541,146,Austria,Western Europe,17,58,1,8,20,2021,8481406.0,4140100.9999999995,4341305.0,50305.3545774973
Cervix,Female,Mortality,2014,1.743274458,3.593200703,0.1936232228,157,Austria,Western Europe,17,58,1,8,20,2021,8547817.0,4178453.9999999995,4369364.0,51314.9722616322
Cervix,Female,Mortality,2015,1.571439951,3.154079507,0.1561760416,139,Austria,Western Europe,17,58,1,8,20,2021,8644039.0,4237047.0,4406991.0,43915.228020857
Cervix,Female,Mortality,2016,1.578793543,3.104738697,0.1721323528,138,Austria,Western Europe,17,58,1,8,20,2021,8737915.0,4293097.0,4444819.0,45061.4993920192
Cervix,Female,Mortality,2017,1.653497962,3.554911647,0.1855783929,159,Austria,Western Europe,17,58,1,8,20,2021,8798778.0,4326092.0,4472685.0,47163.7425775142
Cervix,Female,Mortality,2018,1.518163404,2.959992584,0.1741115044,133,Austria,Western Europe,17,58,1,8,20,2021,8841650.0,4348396.0,4493255.0,51194.0749841299
Cervix,Female,Mortality,2019,1.66987199,3.324182597,0.1897747119,150,Austria,Western Europe,17,58,1,8,20,2021,8880876.0,4368489.0,4512387.0,49885.9947355204
Cervix,Female,Mortality,2020,1.501824126,3.155113894,0.1700149241,143,Austria,Western Europe,17,58,1,8,20,2021,8921405.0,4389081.0,4532324.0,48716.4098900349
Cervix,Female,Mortality,2021,1.45277281,2.89787589,0.1627664365,132,Austria,Western Europe,17,58,1,8,20,2021,8967057.0,4411996.0,4555060.0,53648.6437976214
Cervix,Female,Mortality,2022,1.298201276,2.801923857,0.145830907,129,Austria,Western Europe,17,58,1,8,20,2021,9064677.0,4460698.0,4603980.0,52336.7725223758
Cervix,Female,Mortality,2023,1.254569974,2.954882609,0.1371096531,137,Austria,Western Europe,17,58,1,8,20,2021,9130429.0,4494035.0,4636394.0,56579.504175468
Cervix,Female,Incidence,2007,10.99353088,15.21653819,1.158979225,3729,South Korea,Eastern Asia,65,190,2,0,37,2023,48178118.0,24490415.0,23687703.0,25078.4853957105
Cervix,Female,Incidence,2008,11.50962784,16.26123001,1.189691765,4008,South Korea,Eastern Asia,65,190,2,0,37,2023,48356493.0,24568989.0,23787503.0,22252.3125108061
Cervix,Female,Incidence,2009,10.66229789,15.35895174,1.108030855,3806,South Korea,Eastern Asia,65,190,2,0,37,2023,48546687.0,24655061.0,23891625.0,19937.3029137734
Cervix,Female,Incidence,2010,10.8985142,15.92199771,1.107401738,3965,South Korea,Eastern Asia,65,190,2,0,37,2023,48769332.0,24755452.0,24013880.0,24071.2620526362
Cervix,Female,Incidence,2011,10.21982162,15.06211344,1.05656189,3770,South Korea,Eastern Asia,65,190,2,0,37,2023,49127643.0,24895999.0,24231645.0,26175.2398553363
Cervix,Female,Incidence,2012,9.628035914,14.38518003,0.9697487136,3619,South Korea,Eastern Asia,65,190,2,0,37,2023,49599579.0,25068874.0,24530706.0,26600.5477433903
Cervix,Female,Incidence,2013,9.717336321,14.71355063,0.9718698015,3719,South Korea,Eastern Asia,65,190,2,0,37,2023,50071164.0,25241689.0,24829476.0,28449.3591104972
Cervix,Female,Incidence,2014,9.297528027,14.15198364,0.9355055419,3593,South Korea,Eastern Asia,65,190,2,0,37,2023,50539056.0,25412647.0,25126408.0,30667.0912467447
Cervix,Female,Incidence,2015,9.305538203,14.36435231,0.9303673164,3662,South Korea,Eastern Asia,65,190,2,0,37,2023,50983912.0,25576742.0,25407170.0,30171.7906545222
Cervix,Female,Incidence,2016,9.232784898,14.14101318,0.9100066471,3618,South Korea,Eastern Asia,65,190,2,0,37,2023,51297839.0,25698156.0,25599683.0,30832.0628072516
Cervix,Female,Incidence,2017,8.856329926,13.70939085,0.8708609077,3517,South Korea,Eastern Asia,65,190,2,0,37,2023,51486270.0,25775545.0,25710726.0,33296.9845439195
Cervix,Female,Mortality,2007,2.686715008,4.039788736,0.2925038203,990,South Korea,Eastern Asia,65,190,2,0,37,2023,48178118.0,24490415.0,23687703.0,25078.4853957105
Cervix,Female,Mortality,2008,2.520267029,3.870562232,0.263186155,954,South Korea,Eastern Asia,65,190,2,0,37,2023,48356493.0,24568989.0,23787503.0,22252.3125108061
Cervix,Female,Mortality,2009,2.371305829,3.829649136,0.2455913637,949,South Korea,Eastern Asia,65,190,2,0,37,2023,48546687.0,24655061.0,23891625.0,19937.3029137734
Cervix,Female,Mortality,2010,2.269943463,3.838949175,0.234863907,956,South Korea,Eastern Asia,65,190,2,0,37,2023,48769332.0,24755452.0,24013880.0,24071.2620526362
Cervix,Female,Mortality,2011,2.33783807,3.951307743,0.2350274635,989,South Korea,Eastern Asia,65,190,2,0,37,2023,49127643.0,24895999.0,24231645.0,26175.2398553363
Cervix,Female,Mortality,2012,2.036657192,3.533690259,0.2128765476,889,South Korea,Eastern Asia,65,190,2,0,37,2023,49599579.0,25068874.0,24530706.0,26600.5477433903
Cervix,Female,Mortality,2013,1.949912751,3.529036124,0.1928360198,892,South Korea,Eastern Asia,65,190,2,0,37,2023,50071164.0,25241689.0,24829476.0,28449.3591104972
Cervix,Female,Mortality,2014,2.081157173,3.781213921,0.2120381465,960,South Korea,Eastern Asia,65,190,2,0,37,2023,50539056.0,25412647.0,25126408.0,30667.0912467447
Cervix,Female,Mortality,2015,2.000572763,3.793099039,0.1996196208,967,South Korea,Eastern Asia,65,190,2,0,37,2023,50983912.0,25576742.0,25407170.0,30171.7906545222
Cervix,Female,Mortality,2016,1.835031189,3.50593901,0.1773278322,897,South Korea,Eastern Asia,65,190,2,0,37,2023,51297839.0,25698156.0,25599683.0,30832.0628072516
Cervix,Female,Mortality,2017,1.704596903,3.383494286,0.1700943931,868,South Korea,Eastern Asia,65,190,2,0,37,2023,51486270.0,25775545.0,25710726.0,33296.9845439195
Cervix,Female,Mortality,2018,1.682272263,3.288075407,0.1695408046,845,South Korea,Eastern Asia,65,190,2,0,37,2023,51640894.0,25836216.0,25804678.0,35363.9508228687
Cervix,Female,Mortality,2019,1.716422157,3.48646182,0.1697518629,897,South Korea,Eastern Asia,65,190,2,0,37,2023,51767846.0,25882760.0,25885087.0,33826.9443301597
Cervix,Female,Mortality,2020,1.522062234,3.142580082,0.1563557675,809,South Korea,Eastern Asia,65,190,2,0,37,2023,51858482.0,25903431.0,25955050.0,33645.7719545073
Cervix,Female,Mortality,2021,1.633455778,3.313374042,0.1665911172,853,South Korea,Eastern Asia,65,190,2,0,37,2023,51848397.0,25876232.0,25972166.0,37518.4635305697
Cervix,Female,Mortality,2022,1.408851975,3.052205447,0.1410283898,785,South Korea,Eastern Asia,65,190,2,0,37,2023,51782512.0,25840655.0,25941857.0,34822.4048404971
Cervix,Female,Incidence,2007,3.615526736,2.264838942,0.2652317885,12,Kuwait,Western Asia,2,5,0,0,1,2021,2507887.0,1457170.0,1050716.0,45709.4132876371
Cervix,Female,Incidence,2008,3.379608726,2.38086517,0.3845371799,13,Kuwait,Western Asia,2,5,0,0,1,2021,2651421.0,1528877.0,1122544.0,55585.1889344442
Cervix,Female,Incidence,2009,2.092738096,1.599965867,0.2574283578,9,Kuwait,Western Asia,2,5,0,0,1,2021,2795484.0,1601004.0,1194480.0,37907.1001320042
Cervix,Female,Incidence,2010,3.117449981,2.253056358,0.3677570962,13,Kuwait,Western Asia,2,5,0,0,1,2021,2943372.0,1675765.0,1267607.0,39212.252220155
Cervix,Female,Incidence,2011,1.267041333,0.8426459758,0.1945351687,5,Kuwait,Western Asia,2,5,0,0,1,2021,3132814.0,1785283.0,1347532.0,49169.6063813095
Cervix,Female,Incidence,2012,3.289738642,2.299175253,0.3661454891,14,Kuwait,Western Asia,2,5,0,0,1,2021,3337025.0,1912288.0,1424737.0,52155.2225833921
Cervix,Female,Incidence,2013,2.069341442,1.761905677,0.2074566991,11,Kuwait,Western Asia,2,5,0,0,1,2021,3507746.0,2019494.0,1488253.0,49651.0439275077
Cervix,Female,Incidence,2014,3.483662425,2.812482422,0.3553141178,18,Kuwait,Western Asia,2,5,0,0,1,2021,3665766.0,2127945.0,1537821.0,44368.7813457751
Cervix,Female,Incidence,2015,2.279389733,1.823625063,0.2365528013,12,Kuwait,Western Asia,2,5,0,0,1,2021,3834454.0,2252690.0,1581764.0,29882.2126495698
Cervix,Female,Incidence,2016,4.619345166,4.009396838,0.4377459218,27,Kuwait,Western Asia,2,5,0,0,1,2021,4003971.0,2387750.0,1616221.0,27323.6890735517
Cervix,Female,Incidence,2017,3.767436783,3.192810951,0.38280118,22,Kuwait,Western Asia,2,5,0,0,1,2021,4154685.0000000005,2521516.0,1633168.0,29047.6536135703
Cervix,Female,Mortality,2007,0.7955050681,0.4758659809,0.05696653133,5,Kuwait,Western Asia,2,5,0,0,1,2021,2507887.0,1457170.0,1050716.0,45709.4132876371
Cervix,Female,Mortality,2008,1.342454959,0.5344997305,0.1898896665,6,Kuwait,Western Asia,2,5,0,0,1,2021,2651421.0,1528877.0,1122544.0,55585.1889344442
Cervix,Female,Mortality,2009,2.018878899,0.7534653125,0.3251865825,9,Kuwait,Western Asia,2,5,0,0,1,2021,2795484.0,1601004.0,1194480.0,37907.1001320042
Cervix,Female,Mortality,2010,1.070042074,0.4733320764,0.2100587934,6,Kuwait,Western Asia,2,5,0,0,1,2021,2943372.0,1675765.0,1267607.0,39212.252220155
Cervix,Female,Mortality,2011,1.260779736,0.8163059337,0.1880083528,11,Kuwait,Western Asia,2,5,0,0,1,2021,3132814.0,1785283.0,1347532.0,49169.6063813095
Cervix,Female,Mortality,2012,1.453107076,0.7018839266,0.2634273193,10,Kuwait,Western Asia,2,5,0,0,1,2021,3337025.0,1912288.0,1424737.0,52155.2225833921
Cervix,Female,Mortality,2013,0.6434767554,0.2015782231,0.02066243768,3,Kuwait,Western Asia,2,5,0,0,1,2021,3507746.0,2019494.0,1488253.0,49651.0439275077
Cervix,Female,Mortality,2014,0.6672053202,0.4551901101,0.05558897886,7,Kuwait,Western Asia,2,5,0,0,1,2021,3665766.0,2127945.0,1537821.0,44368.7813457751
Cervix,Female,Mortality,2015,0.3881396015,0.252882385,0.01266901929,4,Kuwait,Western Asia,2,5,0,0,1,2021,3834454.0,2252690.0,1581764.0,29882.2126495698
Cervix,Female,Mortality,2016,0.7277305538,0.3093634414,0.07266384936,5,Kuwait,Western Asia,2,5,0,0,1,2021,4003971.0,2387750.0,1616221.0,27323.6890735517
Cervix,Female,Mortality,2017,1.300570902,0.9184597552,0.1360457546,15,Kuwait,Western Asia,2,5,0,0,1,2021,4154685.0000000005,2521516.0,1633168.0,29047.6536135703
Cervix,Female,Mortality,2018,0.6651170461,0.4213522035,0.1087623257,7,Kuwait,Western Asia,2,5,0,0,1,2021,4323387.0,2662068.0,1661319.0,32067.9623756889
Cervix,Female,Mortality,2019,1.047200516,0.7637265154,0.1479091398,13,Kuwait,Western Asia,2,5,0,0,1,2021,4442194.0,2740012.0,1702181.0,31707.8737443551
Cervix,Female,Mortality,2020,0.6013236353,0.4044863313,0.06543312744,7,Kuwait,Western Asia,2,5,0,0,1,2021,4400144.0,2681470.0,1718674.0,25236.0755848941
Cervix,Female,Mortality,2021,0.5200337707,0.3411028994,0.02862916607,6,Kuwait,Western Asia,2,5,0,0,1,2021,4360742.0,2645300.0,1715441.0,34018.6342592913
Cervix,Female,Mortality,2022,0.6687009627,0.5035215739,0.03409786557,9,Kuwait,Western Asia,2,5,0,0,1,2021,4589511.0,2802100.0,1787410.0,39981.7691035833
Cervix,Female,Mortality,2023,0.7312975717,0.7980816246,0.07801544684,15,Kuwait,Western Asia,2,5,0,0,1,2021,4838782.0,2959273.0,1879508.0,34075.849012909
Cervix,Female,Mortality,2007,8.248985974,7.404903945,0.9570674598,195,Kyrgyzstan,Central Asia,1,1,0,0,1,2025,5313368.0,2589873.0,2723495.0,721.771577544361
Cervix,Female,Mortality,2008,9.33362576,8.023508503,1.050535127,213,Kyrgyzstan,Central Asia,1,1,0,0,1,2025,5342520.0,2622410.0,2720110.0,966.388569370494
Cervix,Female,Mortality,2009,8.536732323,7.591825328,0.8990971506,207,Kyrgyzstan,Central Asia,1,1,0,0,1,2025,5398007.0,2660280.0,2737727.0,870.198894546917
Cervix,Female,Mortality,2010,7.968071127,7.032223897,0.8606200893,194,Kyrgyzstan,Central Asia,1,1,0,0,1,2025,5491761.0,2709868.0,2781892.0,876.954476440354
Cervix,Female,Mortality,2011,8.23128097,7.378117792,0.9040242642,206,Kyrgyzstan,Central Asia,1,1,0,0,1,2025,5594535.0,2765042.0,2829493.0,1117.40174350185
Cervix,Female,Mortality,2012,8.395160166,7.260572063,0.9642245004,206,Kyrgyzstan,Central Asia,1,1,0,0,1,2025,5696519.0,2821032.0,2875487.0,1168.62244675446
Cervix,Female,Mortality,2013,8.726844081,7.433838834,1.014401068,215,Kyrgyzstan,Central Asia,1,1,0,0,1,2025,5797289.0,2875840.0,2921450.0,1269.66303464348
Cervix,Female,Mortality,2014,7.80313428,7.087008801,0.8314710774,209,Kyrgyzstan,Central Asia,1,1,0,0,1,2025,5898319.0,2929640.0,2968680.0,1264.52668823891
Cervix,Female,Mortality,2015,9.23803851,8.609402065,0.9515764941,259,Kyrgyzstan,Central Asia,1,1,0,0,1,2025,6001882.0,2983280.0,3018602.0,1105.65193844261
Cervix,Female,Mortality,2016,7.843229104,7.101043693,0.866217985,222,Kyrgyzstan,Central Asia,1,1,0,0,1,2025,6108462.0,3035405.0,3073057.0,1103.27489428412
Cervix,Female,Mortality,2017,8.001319877,7.26097711,0.8771962353,227,Kyrgyzstan,Central Asia,1,1,0,0,1,2025,6220150.0,3086599.0,3133551.0,1221.39046807082
Cervix,Female,Mortality,2018,8.7657881,8.063023351,0.9823908549,257,Kyrgyzstan,Central Asia,1,1,0,0,1,2025,6341732.0,3142590.0,3199142.0,1283.5203037417
Cervix,Female,Mortality,2019,6.708566414,6.179111222,0.7916766076,201,Kyrgyzstan,Central Asia,1,1,0,0,1,2025,6494035.0,3215903.0,3278131.0,1421.99927504102
Cervix,Female,Incidence,2007,12.94785319,19.15035966,1.285357424,235,Latvia,Northern Europe,6,15,0,2,1,2023,2200776.0,1010554.0,1190222.0,13370.9789452508
Cervix,Female,Incidence,2008,11.23218582,16.62460015,1.144625639,203,Latvia,Northern Europe,6,15,0,2,1,2023,2177711.0,999986.0,1177726.0,15677.6080864506
Cervix,Female,Incidence,2009,13.79131719,19.18407574,1.301443058,233,Latvia,Northern Europe,6,15,0,2,1,2023,2142043.0,981924.0,1160119.0,11996.0322729773
Cervix,Female,Incidence,2010,14.65047335,20.57089202,1.464997997,248,Latvia,Northern Europe,6,15,0,2,1,2023,2097831.0,959524.0,1138307.0,11188.4191700977
Cervix,Female,Incidence,2011,16.82251552,23.15944968,1.608278911,259,Latvia,Northern Europe,6,15,0,2,1,2023,2059940.9999999998,941420.0,1118522.0,12902.574053337
Cervix,Female,Incidence,2012,16.08518749,22.10899918,1.543093798,244,Latvia,Northern Europe,6,15,0,2,1,2023,2034633.0,930739.0,1103895.0,13329.3499931271
Cervix,Female,Incidence,2013,16.41807951,24.9350497,1.595707308,272,Latvia,Northern Europe,6,15,0,2,1,2023,2013010.0,921866.0,1091143.0,14484.4715282132
Cervix,Female,Incidence,2014,17.89944885,24.91534341,1.69744939,269,Latvia,Northern Europe,6,15,0,2,1,2023,1994149.0,914192.0,1079957.0,15185.814581236
Cervix,Female,Incidence,2015,16.10405454,23.27594426,1.49691553,249,Latvia,Northern Europe,6,15,0,2,1,2023,1977867.0,907806.0,1070061.0,13321.9753140616
Cervix,Female,Incidence,2016,16.01312885,23.12311122,1.504201946,245,Latvia,Northern Europe,6,15,0,2,1,2023,1959863.0,900034.0,1059829.0,13838.5266823272
Cervix,Female,Incidence,2017,13.3017416,19.34084863,1.310765236,203,Latvia,Northern Europe,6,15,0,2,1,2023,1942594.0,892736.0,1049858.0,15132.4958333982
Cervix,Female,Mortality,2007,4.90360507,9.160364364,0.4840948497,109,Latvia,Northern Europe,6,15,0,2,1,2023,2200776.0,1010554.0,1190222.0,13370.9789452508
Cervix,Female,Mortality,2008,5.332764283,8.747516937,0.5508465623,103,Latvia,Northern Europe,6,15,0,2,1,2023,2177711.0,999986.0,1177726.0,15677.6080864506
Cervix,Female,Mortality,2009,4.480663465,8.449149912,0.4871397775,98,Latvia,Northern Europe,6,15,0,2,1,2023,2142043.0,981924.0,1160119.0,11996.0322729773
Cervix,Female,Mortality,2010,7.419017961,12.47671599,0.730866621,142,Latvia,Northern Europe,6,15,0,2,1,2023,2097831.0,959524.0,1138307.0,11188.4191700977
Cervix,Female,Mortality,2011,6.245804379,10.81966568,0.6540156219,121,Latvia,Northern Europe,6,15,0,2,1,2023,2059940.9999999998,941420.0,1118522.0,12902.574053337
Cervix,Female,Mortality,2012,6.305851445,11.77938481,0.6428726058,130,Latvia,Northern Europe,6,15,0,2,1,2023,2034633.0,930739.0,1103895.0,13329.3499931271
Cervix,Female,Mortality,2013,6.381084705,12.10083294,0.6895549871,132,Latvia,Northern Europe,6,15,0,2,1,2023,2013010.0,921866.0,1091143.0,14484.4715282132
Cervix,Female,Mortality,2014,5.720550767,10.28105248,0.61104928,111,Latvia,Northern Europe,6,15,0,2,1,2023,1994149.0,914192.0,1079957.0,15185.814581236
Cervix,Female,Mortality,2015,6.063602665,10.93688947,0.6519766066,117,Latvia,Northern Europe,6,15,0,2,1,2023,1977867.0,907806.0,1070061.0,13321.9753140616
Cervix,Female,Mortality,2016,5.766516978,10.85370527,0.5782524994,115,Latvia,Northern Europe,6,15,0,2,1,2023,1959863.0,900034.0,1059829.0,13838.5266823272
Cervix,Female,Mortality,2017,5.57490272,10.19443746,0.6065339007,107,Latvia,Northern Europe,6,15,0,2,1,2023,1942594.0,892736.0,1049858.0,15132.4958333982
Cervix,Female,Mortality,2018,6.409284584,11.73185217,0.6567457293,122,Latvia,Northern Europe,6,15,0,2,1,2023,1927588.0,887388.0,1040200.0,17252.1710428626
Cervix,Female,Mortality,2019,6.560270916,12.12545677,0.7051898213,125,Latvia,Northern Europe,6,15,0,2,1,2023,1914263.0,883052.0,1031211.0,17294.9751600969
Cervix,Female,Mortality,2020,4.989910468,10.75943517,0.5324580103,110,Latvia,Northern Europe,6,15,0,2,1,2023,1901123.0,878254.0,1022870.0,17564.2321549354
Cervix,Female,Mortality,2021,5.378214292,11.1621585,0.5519197463,113,Latvia,Northern Europe,6,15,0,2,1,2023,1885587.0,871887.0,1013700.0,20261.8887788916
Cervix,Female,Mortality,2022,5.520149046,11.10346646,0.6213729886,112,Latvia,Northern Europe,6,15,0,2,1,2023,1881063.0,870579.0,1010484.0,20221.103686109
Cervix,Female,Mortality,2023,6.409997534,12.81142183,0.6971038591,129,Latvia,Northern Europe,6,15,0,2,1,2023,1882396.0,871905.0,1010490.0,22710.2637544197
Cervix,Female,Incidence,2007,19.24276909,27.22274247,1.972825078,491,Lithuania,Northern Europe,5,16,0,4,8,2024,3231374.0,1497320.0,1734054.0,12295.1212779366
Cervix,Female,Incidence,2008,21.29116032,29.63798208,2.073942202,532,Lithuania,Northern Europe,5,16,0,4,8,2024,3198481.0,1480619.0,1717862.0,14955.5345462921
Cervix,Female,Incidence,2009,19.00831412,26.09246812,1.871393226,466,Lithuania,Northern Europe,5,16,0,4,8,2024,3163254.0,1462008.0,1701245.0,11854.3711053096
Cervix,Female,Incidence,2010,19.91444807,29.10231852,2.007100133,512,Lithuania,Northern Europe,5,16,0,4,8,2024,3097720.0,1428943.0,1668777.0,11829.122609457
Cervix,Female,Incidence,2011,20.09988448,28.90831898,1.982220662,472,Lithuania,Northern Europe,5,16,0,4,8,2024,3028642.0,1395602.0,1633039.0,14261.8433787325
Cervix,Female,Incidence,2012,18.33550233,27.42663685,1.853470621,442,Lithuania,Northern Europe,5,16,0,4,8,2024,2988329.0,1376426.0,1611904.0,14288.1853493139
Cervix,Female,Incidence,2013,17.71229363,25.63867892,1.720063279,409,Lithuania,Northern Europe,5,16,0,4,8,2024,2958360.0,1362670.0,1595690.0,15636.5252586048
Cervix,Female,Incidence,2014,15.50020057,23.58906707,1.485471654,373,Lithuania,Northern Europe,5,16,0,4,8,2024,2933168.0,1351378.0,1581790.0,16446.1647181663
Cervix,Female,Incidence,2015,16.69911011,25.65447632,1.635282447,402,Lithuania,Northern Europe,5,16,0,4,8,2024,2905764.0,1338185.0,1567580.0,14269.8039878287
Cervix,Female,Incidence,2016,14.76841816,22.94268723,1.463897194,355,Lithuania,Northern Europe,5,16,0,4,8,2024,2869110.0,1321130.0,1547980.0,14934.2702840428
Cervix,Female,Incidence,2017,14.82888345,23.43037798,1.48978769,357,Lithuania,Northern Europe,5,16,0,4,8,2024,2829313.0,1304959.0,1524353.0,16800.1510246099
Cervix,Female,Mortality,2007,7.004768294,11.53278164,0.7375730848,200,Lithuania,Northern Europe,5,16,0,4,8,2024,3231374.0,1497320.0,1734054.0,12295.1212779366
Cervix,Female,Mortality,2008,7.932163973,13.27244309,0.8332759559,228,Lithuania,Northern Europe,5,16,0,4,8,2024,3198481.0,1480619.0,1717862.0,14955.5345462921
Cervix,Female,Mortality,2009,6.951634465,11.63925368,0.7409694824,198,Lithuania,Northern Europe,5,16,0,4,8,2024,3163254.0,1462008.0,1701245.0,11854.3711053096
Cervix,Female,Mortality,2010,8.194195447,14.5633599,0.8354797943,243,Lithuania,Northern Europe,5,16,0,4,8,2024,3097720.0,1428943.0,1668777.0,11829.122609457
Cervix,Female,Mortality,2011,7.500370035,13.0454914,0.7951678522,213,Lithuania,Northern Europe,5,16,0,4,8,2024,3028642.0,1395602.0,1633039.0,14261.8433787325
Cervix,Female,Mortality,2012,6.654435363,12.59639656,0.7158383418,203,Lithuania,Northern Europe,5,16,0,4,8,2024,2988329.0,1376426.0,1611904.0,14288.1853493139
Cervix,Female,Mortality,2013,6.193611757,11.28352618,0.6614803381,180,Lithuania,Northern Europe,5,16,0,4,8,2024,2958360.0,1362670.0,1595690.0,15636.5252586048
Cervix,Female,Mortality,2014,6.174557823,11.44670547,0.6542449565,181,Lithuania,Northern Europe,5,16,0,4,8,2024,2933168.0,1351378.0,1581790.0,16446.1647181663
Cervix,Female,Mortality,2015,6.966660101,13.14632369,0.7423411508,206,Lithuania,Northern Europe,5,16,0,4,8,2024,2905764.0,1338185.0,1567580.0,14269.8039878287
Cervix,Female,Mortality,2016,6.402792803,12.08530285,0.6687119373,187,Lithuania,Northern Europe,5,16,0,4,8,2024,2869110.0,1321130.0,1547980.0,14934.2702840428
Cervix,Female,Mortality,2017,6.588399695,13.06063086,0.7101473031,199,Lithuania,Northern Europe,5,16,0,4,8,2024,2829313.0,1304959.0,1524353.0,16800.1510246099
Cervix,Female,Mortality,2018,6.853162994,12.55729682,0.7203076354,189,Lithuania,Northern Europe,5,16,0,4,8,2024,2802478.0,1296652.0,1505826.0,19247.2315367967
Cervix,Female,Mortality,2019,6.379830141,12.78306799,0.6880149913,191,Lithuania,Northern Europe,5,16,0,4,8,2024,2795058.0,1300161.0,1494897.0,19608.7943945553
Cervix,Female,Mortality,2020,6.311188018,12.65218799,0.7084578104,188,Lithuania,Northern Europe,5,16,0,4,8,2024,2795765.0,1309124.0,1486640.0,20428.6478157394
Cervix,Female,Mortality,2021,5.423689841,10.71477534,0.570283619,161,Lithuania,Northern Europe,5,16,0,4,8,2024,2794488.0,1313587.0,1480900.0,23870.4594851722
Cervix,Female,Mortality,2022,5.578316478,11.25506561,0.6322670323,170,Lithuania,Northern Europe,5,16,0,4,8,2024,2816919.0,1326195.0,1490725.0,25085.784063499
Cervix,Female,Mortality,2023,5.027475567,10.12674875,0.5716620615,154,Lithuania,Northern Europe,5,16,0,4,8,2024,2854099.0,1345803.0,1508295.0,27786.0057829276
Cervix,Female,Mortality,2007,1.321751892,2.476269088,0.1821861988,6,Luxembourg,Western Europe,1,4,0,0,2,2017,480270.0,237879.0,242392.0,107475.320297978
Cervix,Female,Mortality,2008,3.770808643,7.304186922,0.4227793004,18,Luxembourg,Western Europe,1,4,0,0,2,2017,488990.0,242444.0,246547.0,120422.137934157
Cervix,Female,Mortality,2009,1.444308653,2.393613838,0.1284479231,6,Luxembourg,Western Europe,1,4,0,0,2,2017,498187.0,247386.0,250801.0,109419.746953106
Cervix,Female,Mortality,2010,1.100632827,1.961184241,0.08908917912,5,Luxembourg,Western Europe,1,4,0,0,2,2017,507410.0,252313.0,255097.0,110885.991378721
Cervix,Female,Mortality,2011,1.560041323,2.306512438,0.158096066,6,Luxembourg,Western Europe,1,4,0,0,2,2017,518583.99999999994,258365.0,260219.0,119025.057203467
Cervix,Female,Mortality,2012,1.358701402,2.25702216,0.09720146299,6,Luxembourg,Western Europe,1,4,0,0,2,2017,530947.0,265095.0,265853.0,112584.676270958
Cervix,Female,Mortality,2013,2.346855973,3.313757617,0.2957542728,9,Luxembourg,Western Europe,1,4,0,0,2,2017,543354.0,271741.0,271612.0,120000.140729859
Cervix,Female,Mortality,2014,1.431427,2.8800288,0.1314195721,8,Luxembourg,Western Europe,1,4,0,0,2,2017,556279.0,278518.0,277761.0,123678.702143275
Cervix,Female,Mortality,2015,1.846029616,3.520866415,0.1671359209,10,Luxembourg,Western Europe,1,4,0,0,2,2017,569536.0,285560.0,283976.0,105462.012584423
Cervix,Female,Mortality,2016,0.9230390172,1.376742009,0.1504501782,4,Luxembourg,Western Europe,1,4,0,0,2,2017,583506.0,292946.0,290560.0,106899.293549552
Cervix,Female,Mortality,2017,0.946271124,1.348049541,0.1124713529,4,Luxembourg,Western Europe,1,4,0,0,2,2017,596495.0,299687.0,296808.0,110193.213797228
Cervix,Female,Mortality,2018,0.5410234722,0.9923933053,0.04776548779,3,Luxembourg,Western Europe,1,4,0,0,2,2017,608101.0,305733.0,302368.0,116926.759593905
Cervix,Female,Mortality,2019,1.032650757,1.622528483,0.1105790819,5,Luxembourg,Western Europe,1,4,0,0,2,2017,620163.0,311930.0,308233.0,112696.649059674
Cervix,Female,Mortality,2020,0.3220103705,0.6385390227,0.02124360029,2,Luxembourg,Western Europe,1,4,0,0,2,2017,630597.0,317306.0,313291.0,116860.02817236
Cervix,Female,Mortality,2021,1.477606334,2.202566934,0.1553042028,7,Luxembourg,Western Europe,1,4,0,0,2,2017,640274.0,322375.0,317899.0,134965.815442152
Cervix,Female,Mortality,2022,0.493080014,1.233239504,0.02186365814,4,Luxembourg,Western Europe,1,4,0,0,2,2017,653313.0,328888.0,324425.0,123719.658915996
Cervix,Female,Incidence,2007,6.339164353,7.777902008,0.6043039428,16,Malta,Southern Europe,1,3,0,1,0,2024,417197.0,207200.0,209997.0,19444.1741958382
Cervix,Female,Incidence,2008,3.720803087,4.831244625,0.3856553121,10,Malta,Southern Europe,1,3,0,1,0,2024,418969.0,208133.0,210836.0,22315.3104212988
Cervix,Female,Incidence,2009,2.760092887,4.810074219,0.2489903618,10,Malta,Southern Europe,1,3,0,1,0,2024,420795.0,209103.0,211691.0,21176.3218262672
Cervix,Female,Incidence,2010,4.789693409,6.697154666,0.4502415294,14,Malta,Southern Europe,1,3,0,1,0,2024,422651.0,210088.0,212563.0,21946.6069636029
Cervix,Female,Incidence,2011,4.564663196,6.196200299,0.4189975256,13,Malta,Southern Europe,1,3,0,1,0,2024,424628.0,211141.0,213488.0,23516.9691234302
Cervix,Female,Incidence,2012,2.209942816,3.322322208,0.252658662,7,Malta,Southern Europe,1,3,0,1,0,2024,426611.0,212410.0,214201.0,22878.3130866521
Cervix,Female,Incidence,2013,4.340020402,5.619635005,0.4503855061,12,Malta,Southern Europe,1,3,0,1,0,2024,428452.0,213826.0,214627.0,25415.5566867731
Cervix,Female,Incidence,2014,3.551347687,6.910245129,0.3203213913,15,Malta,Southern Europe,1,3,0,1,0,2024,434485.0,217504.0,216981.0,27424.5765646694
Cervix,Female,Incidence,2015,4.165824315,5.414234021,0.4121797951,12,Malta,Southern Europe,1,3,0,1,0,2024,444981.0,223435.0,221546.0,25529.6813337717
Cervix,Female,Incidence,2016,5.913641184,7.510426239,0.5228165093,17,Malta,Southern Europe,1,3,0,1,0,2024,455269.0,229016.0,226253.0,26459.0770929988
Cervix,Female,Incidence,2017,2.233680949,4.312259322,0.2699601182,10,Malta,Southern Europe,1,3,0,1,0,2024,467902.0,236110.0,231792.0,30317.2443175543
Cervix,Female,Mortality,2007,1.449174641,1.904789116,0.1422780871,4,Malta,Southern Europe,1,3,0,1,0,2024,417197.0,207200.0,209997.0,19444.1741958382
Cervix,Female,Mortality,2008,1.489148583,2.371511507,0.2333336599,5,Malta,Southern Europe,1,3,0,1,0,2024,418969.0,208133.0,210836.0,22315.3104212988
Cervix,Female,Mortality,2009,0.8207321121,1.889542093,0.08608469092,4,Malta,Southern Europe,1,3,0,1,0,2024,420795.0,209103.0,211691.0,21176.3218262672
Cervix,Female,Mortality,2010,0.4390779363,0.9408975221,0.1097092594,2,Malta,Southern Europe,1,3,0,1,0,2024,422651.0,210088.0,212563.0,21946.6069636029
Cervix,Female,Mortality,2011,1.235026333,2.342057498,0.1343431423,5,Malta,Southern Europe,1,3,0,1,0,2024,424628.0,211141.0,213488.0,23516.9691234302
Cervix,Female,Mortality,2012,1.644637533,3.2679586,0.1685745141,7,Malta,Southern Europe,1,3,0,1,0,2024,426611.0,212410.0,214201.0,22878.3130866521
Cervix,Female,Mortality,2013,1.011565394,1.863698416,0.07209689744,4,Malta,Southern Europe,1,3,0,1,0,2024,428452.0,213826.0,214627.0,25415.5566867731
Cervix,Female,Mortality,2014,0.8921080646,1.843483631,0.0984251889,4,Malta,Southern Europe,1,3,0,1,0,2024,434485.0,217504.0,216981.0,27424.5765646694
Cervix,Female,Mortality,2015,1.369617868,2.256872742,0.1345444231,5,Malta,Southern Europe,1,3,0,1,0,2024,444981.0,223435.0,221546.0,25529.6813337717
Cervix,Female,Mortality,2016,0.3563918885,0.4419830897,0.03563283885,1,Malta,Southern Europe,1,3,0,1,0,2024,455269.0,229016.0,226253.0,26459.0770929988
Cervix,Female,Mortality,2017,1.611951653,3.019942405,0.1770027428,7,Malta,Southern Europe,1,3,0,1,0,2024,467902.0,236110.0,231792.0,30317.2443175543
Cervix,Female,Mortality,2018,1.558585394,2.097676194,0.1363999699,5,Malta,Southern Europe,1,3,0,1,0,2024,484558.0,246198.0,238359.0,33382.2677499267
Cervix,Female,Mortality,2019,1.545180979,2.854439877,0.1686250967,7,Malta,Southern Europe,1,3,0,1,0,2024,504015.0,258784.0,245232.0,32421.9179752262
Cervix,Female,Mortality,2020,1.300027721,1.600922131,0.1195372083,4,Malta,Southern Europe,1,3,0,1,0,2024,518207.0,268351.0,249856.0,31823.4363934505
Cervix,Female,Mortality,2021,1.277785114,2.379790816,0.1404497027,6,Malta,Southern Europe,1,3,0,1,0,2024,524376.0,272253.0,252123.0,38096.8360735119
Cervix,Female,Incidence,2007,4.714408345,4.214333331,0.3717528514,11,Bahrain,Western Asia,1,2,0,0,0,2018,1057405.0,651948.0,405457.0,20908.4042548073
Cervix,Female,Incidence,2008,7.523852131,5.638271081,0.8127827046,15,Bahrain,Western Asia,1,2,0,0,0,2018,1120714.0,693505.0,427209.0,23299.4992780392
Cervix,Female,Incidence,2009,3.748528497,2.536231884,0.5337656755,7,Bahrain,Western Asia,1,2,0,0,0,2018,1183605.0,734848.0,448757.0,19465.3140745038
Cervix,Female,Incidence,2010,3.095506747,2.489685588,0.4301250469,7,Bahrain,Western Asia,1,2,0,0,0,2018,1213244.0,754130.0,459114.0,21819.3291098099
Cervix,Female,Incidence,2011,3.515488656,2.42373879,0.5009427587,7,Bahrain,Western Asia,1,2,0,0,0,2018,1206728.0,751875.0,454853.0,25032.7867743333
Cervix,Female,Incidence,2012,2.893945888,2.378727381,0.2372811065,7,Bahrain,Western Asia,1,2,0,0,0,2018,1216303.0,762599.0,453704.0,26438.6733230428
Cervix,Female,Incidence,2013,3.706266508,3.312519668,0.4160707205,10,Bahrain,Western Asia,1,2,0,0,0,2018,1257203.0,785806.0,471397.0,26989.7601148469
Cervix,Female,Incidence,2014,3.112295192,2.904115777,0.2851138902,9,Bahrain,Western Asia,1,2,0,0,0,2018,1312848.0,811788.0,501060.0,26451.7965647453
Cervix,Female,Incidence,2015,2.930158788,2.508245858,0.3826710123,8,Bahrain,Western Asia,1,2,0,0,0,2018,1369650.0,846871.0,522779.0,23734.0551143019
Cervix,Female,Incidence,2016,2.683533593,2.744965276,0.275995646,9,Bahrain,Western Asia,1,2,0,0,0,2018,1429604.0,893569.0,536034.0,23800.001440631
Cervix,Female,Incidence,2017,1.909257076,1.795514804,0.1589782518,6,Bahrain,Western Asia,1,2,0,0,0,2018,1481995.0,934355.0,547640.0,24784.7693514607
Cervix,Female,Mortality,2007,2.693513389,2.853374591,0.3940474889,18,Mauritius,Eastern Africa,1,5,0,0,1,2024,1269518.0,638687.0,630832.0,6677.34962448608
Cervix,Female,Mortality,2008,3.324777525,3.944340621,0.3987392724,25,Mauritius,Eastern Africa,1,5,0,0,1,2024,1274635.0,640816.0,633819.0,8140.50808595895
Cervix,Female,Mortality,2009,3.246524929,3.927871706,0.3925473381,25,Mauritius,Eastern Africa,1,5,0,0,1,2024,1278972.0,642495.0,636477.0,7426.88645617593
Cervix,Female,Mortality,2010,3.076199848,3.756562245,0.3680810913,24,Mauritius,Eastern Africa,1,5,0,0,1,2024,1282709.0,643827.0,638882.0,8113.17670740212
Cervix,Female,Mortality,2011,2.574343442,3.275127048,0.3139331913,21,Mauritius,Eastern Africa,1,5,0,0,1,2024,1286267.0,645071.0,641197.0,9324.24232310496
Cervix,Female,Mortality,2012,2.962907367,3.889125693,0.3657175391,25,Mauritius,Eastern Africa,1,5,0,0,1,2024,1289170.0,646352.0,642818.0,9421.52514098225
Cervix,Female,Mortality,2013,4.167724026,5.438498353,0.5586217318,35,Mauritius,Eastern Africa,1,5,0,0,1,2024,1290984.0,647423.0,643560.0,9877.13865958834
Cervix,Female,Mortality,2014,3.231898735,4.193067462,0.3428175373,27,Mauritius,Eastern Africa,1,5,0,0,1,2024,1292005.0,648085.0,643920.0,10490.3315563853
Cervix,Female,Mortality,2015,3.73173349,5.12474483,0.5158764968,33,Mauritius,Eastern Africa,1,5,0,0,1,2024,1292275.0,648341.0,643934.0,9630.5437837507
Cervix,Female,Mortality,2016,2.829532109,4.039766843,0.366821863,26,Mauritius,Eastern Africa,1,5,0,0,1,2024,1291803.0,648202.0,643601.0,10095.1225574156
Cervix,Female,Mortality,2017,4.342445486,6.687912454,0.4106274187,43,Mauritius,Eastern Africa,1,5,0,0,1,2024,1290655.0,647704.0,642951.0,10986.7034093005
Cervix,Female,Mortality,2018,4.173902299,6.541974555,0.4778447802,42,Mauritius,Eastern Africa,1,5,0,0,1,2024,1288833.0,646826.0,642008.0,11818.7480619272
Cervix,Female,Mortality,2019,3.851065136,5.774199161,0.4230828236,37,Mauritius,Eastern Africa,1,5,0,0,1,2024,1286270.0,645489.0,640782.0,11568.2533399824
Cervix,Female,Mortality,2020,5.769330304,8.913973122,0.5996522387,57,Mauritius,Eastern Africa,1,5,0,0,1,2024,1283223.0,643778.0,639446.0,9135.84773751062
Cervix,Female,Mortality,2021,3.523974531,5.642487302,0.3816207652,36,Mauritius,Eastern Africa,1,5,0,0,1,2024,1279623.0,641607.0,638016.0,9177.71195973013
Cervix,Female,Mortality,2022,3.799935587,5.964241235,0.3636388218,38,Mauritius,Eastern Africa,1,5,0,0,1,2024,1276130.0,638999.0,637130.0,10246.5017455553
Cervix,Female,Mortality,2023,3.13517385,5.651415954,0.3687412058,36,Mauritius,Eastern Africa,1,5,0,0,1,2024,1273588.0,636580.0,637009.0,11269.9684462139
Cervix,Female,Mortality,2007,7.938055831,7.09183222,0.8755420047,3947,Mexico,Central America,114,207,0,2,66,2025,108774360.0,53118785.0,55655575.0,10134.3327138119
Cervix,Female,Mortality,2008,7.660566252,7.038199224,0.8323740713,3974,Mexico,Central America,114,207,0,2,66,2025,110374288.0,53910982.0,56463306.0,10523.7685403244
Cervix,Female,Mortality,2009,7.586433053,7.021037013,0.8457811199,4022,Mexico,Central America,114,207,0,2,66,2025,111999721.0,54714736.0,57284985.0,8423.56933214711
Cervix,Female,Mortality,2010,7.049256015,6.649377825,0.768178504,3864,Mexico,Central America,114,207,0,2,66,2025,113623895.0,55513195.0,58110700.0,9728.80078377082
Cervix,Female,Mortality,2011,6.781006361,6.527150562,0.7304144114,3847,Mexico,Central America,114,207,0,2,66,2025,115243504.0,56305075.0,58938429.0,10664.4944032313
Cervix,Female,Mortality,2012,6.424975416,6.287667271,0.6892217063,3757,Mexico,Central America,114,207,0,2,66,2025,116818208.0,57066319.0,59751889.0,10744.1335242686
Cervix,Female,Mortality,2013,6.14134039,6.099362026,0.6606297427,3693,Mexico,Central America,114,207,0,2,66,2025,118343573.0,57796257.0,60547316.0,11216.8008505428
Cervix,Female,Mortality,2014,6.424606063,6.498344272,0.6896187581,3984,Mexico,Central America,114,207,0,2,66,2025,119784261.0,58476336.0,61307925.0,11391.3773497683
Cervix,Female,Mortality,2015,6.109427727,6.288071286,0.6564578325,3899,Mexico,Central America,114,207,0,2,66,2025,121072306.0,59066012.0,62006295.0,10021.2386118827
Cervix,Female,Mortality,2016,6.033744282,6.340749129,0.6491268526,3973,Mexico,Central America,114,207,0,2,66,2025,122251351.0,59593139.0,62658211.0,9097.92397674769
Cervix,Female,Mortality,2017,5.827598745,6.240842896,0.6226985702,3950,Mexico,Central America,114,207,0,2,66,2025,123400057.0,60107325.0,63292732.0,9649.27816772402
Cervix,Female,Mortality,2018,5.836958188,6.341045582,0.631618264,4054,Mexico,Central America,114,207,0,2,66,2025,124573711.0,60641037.0,63932674.0,10084.7937562021
Cervix,Female,Mortality,2019,5.445320012,6.043807758,0.5903967241,3903,Mexico,Central America,114,207,0,2,66,2025,125762982.0,61184489.0,64578493.0,10369.5553585271
Cervix,Female,Mortality,2020,5.61487948,6.347103802,0.5998573208,4136,Mexico,Central America,114,207,0,2,66,2025,126799054.0,61635476.0,65163579.0,8841.27075039868
Cervix,Female,Mortality,2021,5.503479136,6.295269664,0.5763890119,4134,Mexico,Central America,114,207,0,2,66,2025,127648148.0,61979793.0,65668354.99999999,10314.0506722115
Cervix,Female,Mortality,2022,5.359302547,6.227024725,0.5670496258,4123,Mexico,Central America,114,207,0,2,66,2025,128613117.0,62401721.0,66211395.99999999,11405.7940473759
Cervix,Female,Mortality,2007,5.789766161,7.883559345,0.6190868561,163,Moldova,Eastern Europe,1,4,0,0,1,2025,3851396.0,1783802.0,2067594.0,1531.21618590748
Cervix,Female,Mortality,2008,6.021821803,8.187717733,0.632888616,166,Moldova,Eastern Europe,1,4,0,0,1,2025,3779504.0,1752079.0,2027426.0,2110.55305353857
Cervix,Female,Mortality,2009,5.743757124,8.153663335,0.5953907431,162,Moldova,Eastern Europe,1,4,0,0,1,2025,3706210.0,1719373.0,1986837.0,1898.43975710988
Cervix,Female,Mortality,2010,6.897951396,9.866296269,0.7547614528,192,Moldova,Eastern Europe,1,4,0,0,1,2025,3631992.0,1685973.0,1946018.0,2436.79935102421
Cervix,Female,Mortality,2011,5.566176997,7.716328854,0.5833923513,147,Moldova,Eastern Europe,1,4,0,0,1,2025,3557266.0,1652214.0,1905052.0,2941.36224066021
Cervix,Female,Mortality,2012,5.419035978,8.100345579,0.5832734592,151,Moldova,Eastern Europe,1,4,0,0,1,2025,3482626.0,1618509.0,1864118.0,3044.8084324815
Cervix,Female,Mortality,2013,6.020388801,8.828835745,0.6577984094,161,Moldova,Eastern Europe,1,4,0,0,1,2025,3408738.0,1585166.0,1823572.0,3321.04397795719
Cervix,Female,Mortality,2014,6.676411542,9.447045953,0.7332557949,169,Moldova,Eastern Europe,1,4,0,0,1,2025,3342709.0,1553789.0,1788920.0,3289.95758568777
Cervix,Female,Mortality,2015,5.635379538,8.458911264,0.5937814671,149,Moldova,Eastern Europe,1,4,0,0,1,2025,3287164.0,1525707.0,1761457.0,2749.55137054338
Cervix,Female,Mortality,2016,5.877579802,8.692608635,0.576197119,151,Moldova,Eastern Europe,1,4,0,0,1,2025,3237794.0,1500688.0,1737106.0,2847.08794770479
Cervix,Female,Mortality,2017,6.586579398,9.794068059,0.7214092055,168,Moldova,Eastern Europe,1,4,0,0,1,2025,3193497.0,1478175.0,1715323.0,3453.26727720294
Cervix,Female,Mortality,2018,6.054780349,9.317608984,0.6157592758,158,Moldova,Eastern Europe,1,4,0,0,1,2025,3153773.0,1458062.0,1695711.0,4156.44981956646
Cervix,Female,Mortality,2019,5.569040439,8.661763511,0.5676115629,145,Moldova,Eastern Europe,1,4,0,0,1,2025,3112562.0,1437365.0,1675197.0,4405.33418162155
Cervix,Female,Mortality,2020,5.287941308,8.291281808,0.5499450792,137,Moldova,Eastern Europe,1,4,0,0,1,2025,3069131.0,1415534.0,1653597.0,4375.7788930524
Cervix,Female,Mortality,2021,5.254124175,8.340232423,0.5516653755,136,Moldova,Eastern Europe,1,4,0,0,1,2025,3023778.0,1393129.0,1630650.0,5274.60582195352
Cervix,Female,Mortality,2007,3.43918194,4.695945364,0.3919933521,75,Armenia,Western Asia,2,5,0,0,3,2025,2974819.0,1377697.0,1597122.0,2962.70234594569
Cervix,Female,Mortality,2008,2.893223927,4.08372003,0.3051267888,65,Armenia,Western Asia,2,5,0,0,3,2025,2959990.0,1368304.0,1591686.0,3777.66859313767
Cervix,Female,Mortality,2009,2.834374428,3.96689469,0.3530307978,63,Armenia,Western Asia,2,5,0,0,3,2025,2945517.0,1357372.0,1588144.0,2820.5926553347
Cervix,Female,Mortality,2010,3.752662175,5.110747049,0.3763651054,81,Armenia,Western Asia,2,5,0,0,3,2025,2931078.0,1346182.0,1584896.0,3041.34450723339
Cervix,Female,Mortality,2011,2.941680155,3.791388934,0.2811005295,60,Armenia,Western Asia,2,5,0,0,3,2025,2923271.0,1340737.0,1582534.0,3349.55309771906
Cervix,Female,Mortality,2012,4.189095118,5.502334698,0.4662196378,87,Armenia,Western Asia,2,5,0,0,3,2025,2922528.0,1341380.0,1581147.0,3511.56399687426
Cervix,Female,Mortality,2013,2.651699469,3.923829607,0.296370106,62,Armenia,Western Asia,2,5,0,0,3,2025,2922518.0,1342429.0,1580089.0,3680.16692158886
Cervix,Female,Mortality,2014,2.220207257,3.22993018,0.2482273565,51,Armenia,Western Asia,2,5,0,0,3,2025,2922422.0,1343440.0,1578982.0,3852.11800610384
Cervix,Female,Mortality,2015,3.323610535,4.628057886,0.3491290077,73,Armenia,Western Asia,2,5,0,0,3,2025,2921177.0,1343842.0,1577335.0,3512.39350276709
Cervix,Female,Mortality,2016,2.545284439,3.745653613,0.2977407846,59,Armenia,Western Asia,2,5,0,0,3,2025,2918793.0,1343633.0,1575159.0,3524.42476874707
Cervix,Female,Mortality,2017,2.993667786,4.770035022,0.3003848947,75,Armenia,Western Asia,2,5,0,0,3,2025,2914963.0,1342648.0,1572315.0,3869.05373867752
Cervix,Female,Mortality,2018,2.351709815,3.698618693,0.2380610329,58,Armenia,Western Asia,2,5,0,0,3,2025,2909965.0,1341812.0,1568153.0,4196.00562301769
Cervix,Female,Mortality,2019,2.48883701,3.967021257,0.2841870922,62,Armenia,Western Asia,2,5,0,0,3,2025,2903972.0,1341086.0,1562886.0,4597.22887399548
Cervix,Female,Mortality,2020,2.572035549,4.181523136,0.2909325984,65,Armenia,Western Asia,2,5,0,0,3,2025,2890892.0,1336435.0,1554457.0,4268.68093304583
Cervix,Female,Mortality,2021,2.715210375,4.602820362,0.2923565941,71,Armenia,Western Asia,2,5,0,0,3,2025,2870349.0,1327816.0,1542533.0,4685.17997128509
Cervix,Female,Mortality,2022,3.07413161,4.912939163,0.3462559123,76,Armenia,Western Asia,2,5,0,0,3,2025,2880874.0,1333939.0,1546936.0,6571.97445545099
Cervix,Female,Incidence,2007,5.754981946,7.318982569,0.5391446109,158,New Zealand,Australia and New Zealand,10,35,0,3,4,2024,4223266.0,2066030.0000000002,2157236.0,32479.9817381467
Cervix,Female,Incidence,2008,6.442658736,8.043351366,0.6042312436,175,New Zealand,Australia and New Zealand,10,35,0,3,4,2024,4261824.0,2084369.0000000002,2177456.0,31324.7397977102
Cervix,Female,Incidence,2009,4.90690622,6.460962365,0.4490579011,142,New Zealand,Australia and New Zealand,10,35,0,3,4,2024,4304304.0,2105028.0,2199276.0,28276.7255416225
Cervix,Female,Incidence,2010,6.486423015,8.097165992,0.6098966975,180,New Zealand,Australia and New Zealand,10,35,0,3,4,2024,4347770.0,2126008.0,2221762.0,33761.9009639947
Cervix,Female,Incidence,2011,6.01622897,7.542420537,0.5638996509,169,New Zealand,Australia and New Zealand,10,35,0,3,4,2024,4382700.0,2142664.0,2240036.0,38431.7766788499
Cervix,Female,Incidence,2012,5.755311684,7.454854863,0.5395888018,168,New Zealand,Australia and New Zealand,10,35,0,3,4,2024,4411676.0,2156693.0,2254983.0,40053.6991536369
Cervix,Female,Incidence,2013,5.775462927,7.004683005,0.5154627706,159,New Zealand,Australia and New Zealand,10,35,0,3,4,2024,4453851.0,2179289.0,2274562.0,43000.4646849189
Cervix,Female,Incidence,2014,4.944835783,6.223506576,0.4402718374,143,New Zealand,Australia and New Zealand,10,35,0,3,4,2024,4522983.0,2219117.0,2303866.0,44618.266973847
Cervix,Female,Incidence,2015,4.872911435,6.077843478,0.432553139,142,New Zealand,Australia and New Zealand,10,35,0,3,4,2024,4614029.0,2271832.0,2342197.0,38665.3723018158
Cervix,Female,Incidence,2016,5.622122559,7.18055958,0.5178775064,171,New Zealand,Australia and New Zealand,10,35,0,3,4,2024,4714770.0,2328375.0,2386395.0,40113.7195382428
Cervix,Female,Incidence,2017,5.57846832,6.971645205,0.529343136,169,New Zealand,Australia and New Zealand,10,35,0,3,4,2024,4812752.0,2382153.0,2430599.0,42950.3841711138
Cervix,Female,Mortality,2007,1.93982812,3.01311493,0.2039714985,65,New Zealand,Australia and New Zealand,10,35,0,3,4,2024,4223266.0,2066030.0000000002,2157236.0,32479.9817381467
Cervix,Female,Mortality,2008,1.680698371,2.709584651,0.1807249163,59,New Zealand,Australia and New Zealand,10,35,0,3,4,2024,4261824.0,2084369.0000000002,2177456.0,31324.7397977102
Cervix,Female,Mortality,2009,1.233736038,2.000658398,0.1357545412,44,New Zealand,Australia and New Zealand,10,35,0,3,4,2024,4304304.0,2105028.0,2199276.0,28276.7255416225
Cervix,Female,Mortality,2010,1.574143583,2.340484714,0.1639364925,52,New Zealand,Australia and New Zealand,10,35,0,3,4,2024,4347770.0,2126008.0,2221762.0,33761.9009639947
Cervix,Female,Mortality,2011,1.567508584,2.366033403,0.1763420708,53,New Zealand,Australia and New Zealand,10,35,0,3,4,2024,4382700.0,2142664.0,2240036.0,38431.7766788499
Cervix,Female,Mortality,2012,1.606130122,2.48338901,0.156405299,56,New Zealand,Australia and New Zealand,10,35,0,3,4,2024,4411676.0,2156693.0,2254983.0,40053.6991536369
Cervix,Female,Mortality,2013,1.514023779,2.37408345,0.1436687903,54,New Zealand,Australia and New Zealand,10,35,0,3,4,2024,4453851.0,2179289.0,2274562.0,43000.4646849189
Cervix,Female,Mortality,2014,1.295733681,1.996643902,0.1336950277,46,New Zealand,Australia and New Zealand,10,35,0,3,4,2024,4522983.0,2219117.0,2303866.0,44618.266973847
Cervix,Female,Mortality,2015,1.446799588,2.262832716,0.1447749695,53,New Zealand,Australia and New Zealand,10,35,0,3,4,2024,4614029.0,2271832.0,2342197.0,38665.3723018158
Cervix,Female,Mortality,2016,1.430971401,2.304731614,0.1592357647,55,New Zealand,Australia and New Zealand,10,35,0,3,4,2024,4714770.0,2328375.0,2386395.0,40113.7195382428
Cervix,Female,Mortality,2017,1.223401546,1.851395479,0.1217752746,45,New Zealand,Australia and New Zealand,10,35,0,3,4,2024,4812752.0,2382153.0,2430599.0,42950.3841711138
Cervix,Female,Mortality,2018,1.450682868,2.428087632,0.1384223852,60,New Zealand,Australia and New Zealand,10,35,0,3,4,2024,4900847.0,2429767.0,2471081.0,43257.0769238879
Cervix,Female,Mortality,2007,12.12903358,8.716302916,1.258370514,244,Nicaragua,Central America,1,5,0,1,1,2021,5497243.0,2697891.0,2799352.0,1350.38145753377
Cervix,Female,Mortality,2008,10.9440268,7.607246325,1.220969903,216,Nicaragua,Central America,1,5,0,1,1,2021,5576593.0,2737195.0,2839398.0,1523.68437086409
Cervix,Female,Mortality,2009,12.22345996,8.99375507,1.33758009,259,Nicaragua,Central America,1,5,0,1,1,2021,5656601.0,2776823.0,2879778.0,1467.08288052845
Cervix,Female,Mortality,2010,12.53619763,9.107829858,1.386384531,266,Nicaragua,Central America,1,5,0,1,1,2021,5737450.0,2816887.0,2920564.0,1526.56706951408
Cervix,Female,Mortality,2011,12.67842082,9.589051734,1.37002837,284,Nicaragua,Central America,1,5,0,1,1,2021,5819051.0,2857339.0,2961712.0,1679.71192084633
Cervix,Female,Mortality,2012,10.78464817,8.357807391,1.170168069,251,Nicaragua,Central America,1,5,0,1,1,2021,5901287.0,2898107.0,3003180.0,1784.69836017555
Cervix,Female,Mortality,2013,11.60323719,9.130323545,1.234329421,278,Nicaragua,Central America,1,5,0,1,1,2021,5983845.0,2939044.0,3044800.0,1835.43996363715
Cervix,Female,Mortality,2014,11.26089398,8.942483308,1.176543712,276,Nicaragua,Central America,1,5,0,1,1,2021,6066492.0,2980102.0,3086389.0,1958.37047579547
Cervix,Female,Mortality,2015,9.435982745,7.672582761,1.016481654,240,Nicaragua,Central America,1,5,0,1,1,2021,6149417.0,3021397.0,3128020.0,2074.45620634731
Cervix,Female,Mortality,2016,10.85420661,8.959626472,1.187236951,284,Nicaragua,Central America,1,5,0,1,1,2021,6232666.0,3062890.0,3169775.0,2131.68704828322
Cervix,Female,Mortality,2017,10.19281878,8.469243413,1.133987284,272,Nicaragua,Central America,1,5,0,1,1,2021,6316231.0,3104610.0,3211622.0,2182.61380995674
Cervix,Female,Mortality,2018,9.186870566,7.960197782,0.9922827647,259,Nicaragua,Central America,1,5,0,1,1,2021,6400080.0,3146392.0,3253689.0,2035.16549390507
Cervix,Female,Mortality,2019,7.796458409,6.70572168,0.8873965784,221,Nicaragua,Central America,1,5,0,1,1,2021,6483657.0,3187963.0,3295693.0,1958.62051528095
Cervix,Female,Mortality,2020,9.048761939,7.940619746,0.9720138847,265,Nicaragua,Central America,1,5,0,1,1,2021,6565267.0,3227997.0,3337269.0,1938.44704754382
Cervix,Female,Mortality,2021,8.247244609,7.341157191,0.9054529457,248,Nicaragua,Central America,1,5,0,1,1,2021,6644741.0,3266527.0,3378214.0,2138.38588469449
Cervix,Female,Mortality,2022,8.941688563,8.066305027,0.9466350907,276,Nicaragua,Central America,1,5,0,1,1,2021,6730654.0,3309012.0,3421642.0,2322.89053964583
Cervix,Female,Mortality,2007,1.578233954,2.987361249,0.1752696996,162,Belgium,Western Europe,36,99,1,2,29,2023,10625493.0,5202497.0,5422996.0,44319.165448813
Cervix,Female,Mortality,2008,1.808090423,3.422715004,0.189654365,187,Belgium,Western Europe,36,99,1,2,29,2023,10709708.0,5246141.0,5463566.0,48303.397956286
Cervix,Female,Mortality,2009,1.954460562,3.577873414,0.2115935816,197,Belgium,Western Europe,36,99,1,2,29,2023,10812935.0,5301268.0,5511667.0,44923.3400135081
Cervix,Female,Mortality,2010,1.614598706,2.948793744,0.1744569979,163,Belgium,Western Europe,36,99,1,2,29,2023,10936626.0,5367835.0,5568791.0,44197.393671162
Cervix,Female,Mortality,2011,1.890686754,3.518535718,0.2031124089,197,Belgium,Western Europe,36,99,1,2,29,2023,11038631.0,5421360.0,5617271.0,47760.8298776546
Cervix,Female,Mortality,2012,1.612219972,3.172032245,0.1682826744,179,Belgium,Western Europe,36,99,1,2,29,2023,11107518.0,5457003.0,5650515.0,44874.1709182123
Cervix,Female,Mortality,2013,1.661826675,3.097867259,0.1855796834,176,Belgium,Western Europe,36,99,1,2,29,2023,11160276.0,5483851.0,5676425.0,46964.5946777056
Cervix,Female,Mortality,2014,1.479492203,2.7515374,0.1566386612,157,Belgium,Western Europe,36,99,1,2,29,2023,11210119.0,5509476.0,5700642.0,47995.7786961339
Cervix,Female,Mortality,2015,1.475726883,2.812437823,0.1552317986,161,Belgium,Western Europe,36,99,1,2,29,2023,11275335.0,5547255.0,5728079.0,40893.804537772
Cervix,Female,Mortality,2016,1.333578077,2.535293984,0.1371680154,146,Belgium,Western Europe,36,99,1,2,29,2023,11332701.0,5579932.0,5752768.0,41854.5498296444
Cervix,Female,Mortality,2017,1.658633757,2.944529056,0.1753650323,170,Belgium,Western Europe,36,99,1,2,29,2023,11376581.0,5602466.0,5774114.0,44035.3239358548
Cervix,Female,Mortality,2018,1.559283845,3.01852269,0.1703242429,175,Belgium,Western Europe,36,99,1,2,29,2023,11428605.0,5630355.0,5798251.0,47487.2100392561
Cervix,Female,Mortality,2019,1.209136433,2.45453152,0.1241843833,143,Belgium,Western Europe,36,99,1,2,29,2023,11490618.0,5663949.0,5826669.0,46716.6227467964
Cervix,Female,Mortality,2020,1.345598994,2.462480939,0.1378897538,144,Belgium,Western Europe,36,99,1,2,29,2023,11540107.0,5691736.0,5848370.0,45906.2875805246
Cervix,Female,Mortality,2021,1.424792564,2.794275076,0.1573023283,164,Belgium,Western Europe,36,99,1,2,29,2023,11570844.0,5705524.0,5865320.0,51658.238294958
Cervix,Female,Incidence,2007,9.033287941,11.83225163,0.8707003647,280,Norway,Northern Europe,10,44,0,7,12,2021,4709010.0,2342660.0,2366349.0,85502.2677087731
Cervix,Female,Incidence,2008,9.084167549,12.21328069,0.8123886147,292,Norway,Northern Europe,10,44,0,7,12,2021,4768101.0,2377284.0,2390818.0,97503.5407803783
Cervix,Female,Incidence,2009,9.595438862,12.24241808,0.890117391,296,Norway,Northern Europe,10,44,0,7,12,2021,4828623.0,2410808.0,2417814.0,80347.5700665184
Cervix,Female,Incidence,2010,9.866071096,12.63570347,0.9009696384,309,Norway,Northern Europe,10,44,0,7,12,2021,4889162.0,2443701.0,2445461.0,88163.2085931423
Cervix,Female,Incidence,2011,9.434713299,11.88730111,0.869838877,294,Norway,Northern Europe,10,44,0,7,12,2021,4952968.0,2479758.0,2473209.0,101221.813476644
Cervix,Female,Incidence,2012,9.715228198,12.47409726,0.8895305667,312,Norway,Northern Europe,10,44,0,7,12,2021,5018458.0,2517291.0,2501166.0,102175.919298374
Cervix,Female,Incidence,2013,8.86940446,11.46927549,0.8514393395,290,Norway,Northern Europe,10,44,0,7,12,2021,5080124.0,2551597.0,2528527.0,103553.840134417
Cervix,Female,Incidence,2014,11.35062806,14.01558157,1.018878852,358,Norway,Northern Europe,10,44,0,7,12,2021,5137395.0,2583073.0,2554323.0,97666.6951838749
Cervix,Female,Incidence,2015,12.06004051,15.20602221,1.086942822,392,Norway,Northern Europe,10,44,0,7,12,2021,5189771.0,2611894.0,2577878.0,74809.9658049898
Cervix,Female,Incidence,2016,11.24782122,14.23607765,1.03841172,370,Norway,Northern Europe,10,44,0,7,12,2021,5235983.0,2637061.0,2598921.0,70867.3609970749
Cervix,Female,Incidence,2017,10.23546339,12.68038274,0.9513903497,332,Norway,Northern Europe,10,44,0,7,12,2021,5276802.0,2658717.0,2618086.0,76131.8384032764
Cervix,Female,Incidence,2018,11.70583836,14.53403706,1.068798947,383,Norway,Northern Europe,10,44,0,7,12,2021,5311752.0,2676697.0,2635056.0,82792.8427113304
Cervix,Female,Incidence,2019,11.55448877,14.78085962,1.081390277,392,Norway,Northern Europe,10,44,0,7,12,2021,5347730.0,2695741.0,2651990.0,76430.5889473338
Cervix,Female,Incidence,2020,10.71809281,13.53802121,0.9878682877,361,Norway,Northern Europe,10,44,0,7,12,2021,5379274.0,2712785.0,2666488.0,68340.0181033702
Cervix,Female,Incidence,2021,10.23743379,13.65659412,0.9452638662,366,Norway,Northern Europe,10,44,0,7,12,2021,5408091.0,2728195.0,2679896.0,93072.8925119571
Cervix,Female,Incidence,2022,8.627225796,11.45718377,0.8465149838,310,Norway,Northern Europe,10,44,0,7,12,2021,5456801.0,2751263.0,2705539.0,109269.520580298
Cervix,Female,Incidence,2023,9.130187322,11.82913688,0.8598574743,324,Norway,Northern Europe,10,44,0,7,12,2021,5519167.0,2780922.0,2738245.0,87497.2179649556
Cervix,Female,Mortality,2007,2.130195896,3.54966574,0.2201171872,84,Norway,Northern Europe,10,44,0,7,12,2021,4709010.0,2342660.0,2366349.0,85502.2677087731
Cervix,Female,Mortality,2008,2.148740198,3.889836485,0.2036747441,93,Norway,Northern Europe,10,44,0,7,12,2021,4768101.0,2377284.0,2390818.0,97503.5407803783
Cervix,Female,Mortality,2009,1.709902367,3.019244998,0.1710805258,73,Norway,Northern Europe,10,44,0,7,12,2021,4828623.0,2410808.0,2417814.0,80347.5700665184
Cervix,Female,Mortality,2010,1.702017912,3.189586572,0.1860927349,78,Norway,Northern Europe,10,44,0,7,12,2021,4889162.0,2443701.0,2445461.0,88163.2085931423
Cervix,Female,Mortality,2011,1.483225463,2.668569707,0.1417966051,66,Norway,Northern Europe,10,44,0,7,12,2021,4952968.0,2479758.0,2473209.0,101221.813476644
Cervix,Female,Mortality,2012,1.559478822,2.718713505,0.1592337986,68,Norway,Northern Europe,10,44,0,7,12,2021,5018458.0,2517291.0,2501166.0,102175.919298374
Cervix,Female,Mortality,2013,1.629951624,2.966191938,0.1716994097,75,Norway,Northern Europe,10,44,0,7,12,2021,5080124.0,2551597.0,2528527.0,103553.840134417
Cervix,Female,Mortality,2014,1.246617357,2.466429159,0.1232784644,63,Norway,Northern Europe,10,44,0,7,12,2021,5137395.0,2583073.0,2554323.0,97666.6951838749
Cervix,Female,Mortality,2015,1.742103757,3.064471832,0.1879371032,79,Norway,Northern Europe,10,44,0,7,12,2021,5189771.0,2611894.0,2577878.0,74809.9658049898
Cervix,Female,Mortality,2016,1.985015259,3.655209125,0.1967685717,95,Norway,Northern Europe,10,44,0,7,12,2021,5235983.0,2637061.0,2598921.0,70867.3609970749
Cervix,Female,Mortality,2007,6.476462969,6.248383158,0.6350149063,107,Panama,Central America,3,7,0,0,1,2025,3437490.0,1725045.0,1712445.0,6317.8173051466
Cervix,Female,Mortality,2008,6.546586978,6.420538385,0.7265146659,112,Panama,Central America,3,7,0,0,1,2025,3500648.0,1756247.0,1744401.0,7347.59049046839
Cervix,Female,Mortality,2009,6.307193724,6.303779116,0.6368568247,112,Panama,Central America,3,7,0,0,1,2025,3564381.0,1787670.0,1776711.0,7796.92618363433
Cervix,Female,Mortality,2010,7.31288536,7.406355205,0.7422674666,134,Panama,Central America,3,7,0,0,1,2025,3628535.0,1819276.0,1809258.0,8331.46422259967
Cervix,Female,Mortality,2011,7.499636547,7.491027052,0.8476639571,138,Panama,Central America,3,7,0,0,1,2025,3693505.0,1851300.0,1842205.0,9662.29590911979
Cervix,Female,Mortality,2012,6.962126103,7.41132931,0.7112002758,139,Panama,Central America,3,7,0,0,1,2025,3759256.0,1883747.0,1875508.0,11064.8063662003
Cervix,Female,Mortality,2013,5.894249227,6.18166445,0.645743437,118,Panama,Central America,3,7,0,0,1,2025,3825329.0,1916459.0,1908870.0,12273.3224983788
Cervix,Female,Mortality,2014,7.834118524,8.545582963,0.8338954792,166,Panama,Central America,3,7,0,0,1,2025,3892101.0,1949580.0,1942521.0,13213.1989591137
Cervix,Female,Mortality,2015,7.485265642,8.145032163,0.8235144972,161,Panama,Central America,3,7,0,0,1,2025,3960035.0,1983369.0,1976666.0,14082.6548434996
Cervix,Female,Mortality,2016,6.145992401,6.8115251,0.6294623093,137,Panama,Central America,3,7,0,0,1,2025,4029086.0,2017790.0,2011297.0,14832.3611652459
Cervix,Female,Mortality,2017,6.267093365,7.037476517,0.6582344314,144,Panama,Central America,3,7,0,0,1,2025,4098707.0000000005,2052516.0,2046191.0,15694.6297518495
Cervix,Female,Mortality,2018,6.166548771,7.112320846,0.6286130056,148,Panama,Central America,3,7,0,0,1,2025,4167859.9999999995,2086965.0000000002,2080896.0000000002,16151.3273433486
Cervix,Female,Mortality,2019,6.347034413,7.56660027,0.5976267343,160,Panama,Central America,3,7,0,0,1,2025,4234700.0,2120143.0,2114557.0,16477.9066268111
Cervix,Female,Mortality,2020,6.507320578,7.74622255,0.6617359841,166,Panama,Central America,3,7,0,0,1,2025,4293261.0,2148782.0,2144479.0,13290.5608397749
Cervix,Female,Mortality,2021,7.065845414,8.427730827,0.7614530163,183,Panama,Central America,3,7,0,0,1,2025,4345405.0,2174004.0,2171401.0,15509.8069124139
Cervix,Female,Mortality,2022,7.674045741,9.138133111,0.7917392645,201,Panama,Central America,3,7,0,0,1,2025,4400773.0,2201198.0,2199575.0,17378.6070017557
Cervix,Female,Mortality,2007,10.55863603,8.240717531,1.160704238,227,Paraguay,South America,4,11,0,0,2,2025,5559386.0,2804772.0,2754615.0,3211.93621659546
Cervix,Female,Mortality,2008,10.06278822,8.158636969,0.9526691688,227,Paraguay,South America,4,11,0,0,2,2025,5613574.0,2831246.0,2782327.0,4384.95469437803
Cervix,Female,Mortality,2009,9.337196073,7.646298587,0.9848621163,215,Paraguay,South America,4,11,0,0,2,2025,5671236.0,2859419.0,2811818.0,3941.84815479431
Cervix,Female,Mortality,2010,10.09879264,8.433479438,1.032013969,240,Paraguay,South America,4,11,0,0,2,2025,5737971.0,2892171.0,2845800.0,4750.96273669458
Cervix,Female,Mortality,2011,10.8400086,9.221169934,1.166643498,266,Paraguay,South America,4,11,0,0,2,2025,5814626.0,2929959.0,2884666.0,5805.40154542925
Cervix,Female,Mortality,2012,10.02739816,8.713792909,1.039003378,255,Paraguay,South America,4,11,0,0,2,2025,5897008.0,2970613.0,2926395.0,5642.16991672846
Cervix,Female,Mortality,2013,10.67422306,9.361144013,1.049676401,278,Paraguay,South America,4,11,0,0,2,2025,5982445.0,3012722.0,2969722.0,6435.68342733004
Cervix,Female,Mortality,2014,10.10420033,8.924692351,1.033074477,269,Paraguay,South America,4,11,0,0,2,2025,6069811.0,3055702.0,3014110.0,6652.25478942461
Cervix,Female,Mortality,2015,10.58726771,9.642043231,1.081879485,295,Paraguay,South America,4,11,0,0,2,2025,6159103.0,3099586.0,3059517.0,5879.33792308762
Cervix,Female,Mortality,2016,10.10332926,9.338702336,1.042716515,290,Paraguay,South America,4,11,0,0,2,2025,6249126.0,3143769.0,3105356.0,5775.15963399596
Cervix,Female,Mortality,2017,12.33158868,11.58334119,1.262679416,365,Paraguay,South America,4,11,0,0,2,2025,6338660.0,3187584.0,3151077.0,6152.2671153779
Cervix,Female,Mortality,2018,11.23893629,10.63683847,1.129866499,340,Paraguay,South America,4,11,0,0,2,2025,6427382.0,3230943.0,3196439.0,6258.44991640984
Cervix,Female,Mortality,2019,11.29608389,10.70565211,1.257123886,347,Paraguay,South America,4,11,0,0,2,2025,6515058.0,3273780.0,3241278.0,5821.18199548738
Cervix,Female,Mortality,2020,11.86074567,11.59159436,1.252975914,381,Paraguay,South America,4,11,0,0,2,2025,6603739.0,3316875.0,3286865.0,5365.47220721104
Cervix,Female,Mortality,2021,11.48821926,11.29454059,1.203514313,376,Paraguay,South America,4,11,0,0,2,2025,6684182.0,3355140.0,3329042.0,5976.93179789949
Cervix,Female,Incidence,2007,15.33368072,12.32715827,1.613158996,383,Philippines,South-Eastern Asia,63,78,0,0,19,2025,91075184.0,45676294.0,45398890.0,1712.65543282793
Cervix,Female,Incidence,2008,18.28479367,14.74518188,1.994537258,469,Philippines,South-Eastern Asia,63,78,0,0,19,2025,92699095.0,46469707.0,46229387.0,1959.29233534978
Cervix,Female,Incidence,2009,15.56456807,13.07041949,1.637607779,426,Philippines,South-Eastern Asia,63,78,0,0,19,2025,94384250.0,47294043.0,47090207.0,1864.45043406471
Cervix,Female,Incidence,2010,14.7193342,12.29415148,1.551316869,411,Philippines,South-Eastern Asia,63,78,0,0,19,2025,96337125.0,48292490.0,48044635.0,2162.91375885614
Cervix,Female,Incidence,2011,14.46502654,12.46910764,1.55782649,428,Philippines,South-Eastern Asia,63,78,0,0,19,2025,98248614.0,49271580.0,48977035.0,2383.91892522087
Cervix,Female,Incidence,2012,13.85916717,12.18807043,1.53911714,430,Philippines,South-Eastern Asia,63,78,0,0,19,2025,100175512.0,50264658.0,49910854.0,2614.61644401308
Cervix,Female,Incidence,2013,14.10883936,12.40911459,1.511856144,410,Philippines,South-Eastern Asia,63,78,0,0,19,2025,102076336.0,51244315.0,50832021.0,2781.27957677397
Cervix,Female,Incidence,2014,13.99850798,12.69037052,1.490903966,424,Philippines,South-Eastern Asia,63,78,0,0,19,2025,103767130.0,52095109.0,51672020.0,2866.83803761407
Cervix,Female,Incidence,2015,14.29297766,12.93583706,1.55561985,437,Philippines,South-Eastern Asia,63,78,0,0,19,2025,105312992.0,52836545.0,52476447.0,2909.85818010301
Cervix,Female,Incidence,2016,15.06061711,13.99861016,1.587215238,475,Philippines,South-Eastern Asia,63,78,0,0,19,2025,106735719.0,53493626.0,53242092.0,2985.19564024046
Cervix,Female,Incidence,2017,14.35349022,13.55563797,1.540520786,462,Philippines,South-Eastern Asia,63,78,0,0,19,2025,108119693.0,54120287.0,53999406.0,3038.12124959289
Cervix,Female,Mortality,2007,3.967239187,2.892141259,0.4303601615,1313,Philippines,South-Eastern Asia,63,78,0,0,19,2025,91075184.0,45676294.0,45398890.0,1712.65543282793
Cervix,Female,Mortality,2008,4.110260602,3.041355425,0.4549962246,1406,Philippines,South-Eastern Asia,63,78,0,0,19,2025,92699095.0,46469707.0,46229387.0,1959.29233534978
Cervix,Female,Mortality,2009,4.412543664,3.325532136,0.4801014185,1566,Philippines,South-Eastern Asia,63,78,0,0,19,2025,94384250.0,47294043.0,47090207.0,1864.45043406471
Cervix,Female,Mortality,2010,4.553440689,3.455120359,0.5056835966,1660,Philippines,South-Eastern Asia,63,78,0,0,19,2025,96337125.0,48292490.0,48044635.0,2162.91375885614
Cervix,Female,Mortality,2011,4.681670653,3.650690723,0.5114767646,1788,Philippines,South-Eastern Asia,63,78,0,0,19,2025,98248614.0,49271580.0,48977035.0,2383.91892522087
Cervix,Female,Mortality,2012,4.462585756,3.534811295,0.4855785287,1763,Philippines,South-Eastern Asia,63,78,0,0,19,2025,100175512.0,50264658.0,49910854.0,2614.61644401308
Cervix,Female,Mortality,2013,4.27468043,3.434849686,0.4628769024,1744,Philippines,South-Eastern Asia,63,78,0,0,19,2025,102076336.0,51244315.0,50832021.0,2781.27957677397
Cervix,Female,Mortality,2014,4.110993797,3.348040002,0.4431407424,1730,Philippines,South-Eastern Asia,63,78,0,0,19,2025,103767130.0,52095109.0,51672020.0,2866.83803761407
Cervix,Female,Mortality,2015,4.516494552,3.7402022,0.4930264632,1962,Philippines,South-Eastern Asia,63,78,0,0,19,2025,105312992.0,52836545.0,52476447.0,2909.85818010301
Cervix,Female,Mortality,2016,4.916982523,4.13770368,0.5407752943,2203,Philippines,South-Eastern Asia,63,78,0,0,19,2025,106735719.0,53493626.0,53242092.0,2985.19564024046
Cervix,Female,Mortality,2017,4.605165356,3.972265991,0.4929957182,2145,Philippines,South-Eastern Asia,63,78,0,0,19,2025,108119693.0,54120287.0,53999406.0,3038.12124959289
Cervix,Female,Mortality,2018,4.962218025,4.339332595,0.5386433957,2376,Philippines,South-Eastern Asia,63,78,0,0,19,2025,109465287.0,54710323.0,54754964.0,3168.51036609727
Cervix,Female,Mortality,2019,4.910375323,4.372428901,0.5248966237,2427,Philippines,South-Eastern Asia,63,78,0,0,19,2025,110804683.0,55297777.0,55506906.0,3400.78949767074
Cervix,Female,Incidence,2007,12.53313819,18.95774849,1.3342953,125,Poland,Eastern Europe,47,173,2,0,24,2023,38020421.0,18363305.0,19657116.0,11272.5293683383
Cervix,Female,Incidence,2008,10.23333031,15.20808462,1.06146453,100,Poland,Eastern Europe,47,173,2,0,24,2023,37995902.0,18340997.0,19654906.0,14048.5604672654
Cervix,Female,Incidence,2009,8.470983372,12.49759955,0.9079307435,82,Poland,Eastern Europe,47,173,2,0,24,2023,38002155.0,18297638.0,19704518.0,11556.3026866026
Cervix,Female,Incidence,2010,10.12967974,15.67026119,1.150163388,103,Poland,Eastern Europe,47,173,2,0,24,2023,38095351.0,18358811.0,19736540.0,12567.7317676382
Cervix,Female,Incidence,2011,11.10984321,16.33784838,1.136474846,107,Poland,Eastern Europe,47,173,2,0,24,2023,38208643.0,18494651.0,19713991.0,13867.6669408192
Cervix,Female,Incidence,2012,7.287583318,11.4947109,0.8373436689,75,Poland,Eastern Europe,47,173,2,0,24,2023,38247868.0,18536761.0,19711107.0,13087.420943321
Cervix,Female,Incidence,2013,7.00278624,11.86427881,0.7874710074,77,Poland,Eastern Europe,47,173,2,0,24,2023,38259262.0,18544539.0,19714723.0,13621.9023794031
Cervix,Female,Incidence,2014,7.863340069,13.30227407,0.8848780949,86,Poland,Eastern Europe,47,173,2,0,24,2023,38265113.0,18550127.0,19714986.0,14262.2841914116
Cervix,Female,Incidence,2015,7.417951555,11.95722729,0.786249087,77,Poland,Eastern Europe,47,173,2,0,24,2023,38266314.0,18553765.0,19712550.0,12637.5220324406
Cervix,Female,Incidence,2016,5.941362898,10.7484002,0.6581728705,69,Poland,Eastern Europe,47,173,2,0,24,2023,38263265.0,18555364.0,19707901.0,12464.0110508476
Cervix,Female,Incidence,2017,6.301798566,11.10733914,0.6612616638,71,Poland,Eastern Europe,47,173,2,0,24,2023,38254959.0,18554725.0,19700233.0,13913.3402919927
Cervix,Female,Mortality,2007,5.855767597,9.680747035,0.6503422206,1907,Poland,Eastern Europe,47,173,2,0,24,2023,38020421.0,18363305.0,19657116.0,11272.5293683383
Cervix,Female,Mortality,2008,5.29315826,8.854495222,0.5863709072,1745,Poland,Eastern Europe,47,173,2,0,24,2023,37995902.0,18340997.0,19654906.0,14048.5604672654
Cervix,Female,Mortality,2009,5.281418155,8.859584007,0.5963888079,1748,Poland,Eastern Europe,47,173,2,0,24,2023,38002155.0,18297638.0,19704518.0,11556.3026866026
Cervix,Female,Mortality,2010,5.167609042,8.842990737,0.5803126804,1735,Poland,Eastern Europe,47,173,2,0,24,2023,38095351.0,18358811.0,19736540.0,12567.7317676382
Cervix,Female,Mortality,2011,4.871622073,8.436843021,0.5525729747,1656,Poland,Eastern Europe,47,173,2,0,24,2023,38208643.0,18494651.0,19713991.0,13867.6669408192
Cervix,Female,Mortality,2012,4.866665585,8.500138579,0.5537750972,1669,Poland,Eastern Europe,47,173,2,0,24,2023,38247868.0,18536761.0,19711107.0,13087.420943321
Cervix,Female,Mortality,2013,4.667920113,8.506406512,0.5305653588,1669,Poland,Eastern Europe,47,173,2,0,24,2023,38259262.0,18544539.0,19714723.0,13621.9023794031
Cervix,Female,Mortality,2014,4.491253358,8.302443958,0.5292306999,1628,Poland,Eastern Europe,47,173,2,0,24,2023,38265113.0,18550127.0,19714986.0,14262.2841914116
Cervix,Female,Mortality,2015,4.234191531,8.088048176,0.48364528,1585,Poland,Eastern Europe,47,173,2,0,24,2023,38266314.0,18553765.0,19712550.0,12637.5220324406
Cervix,Female,Mortality,2016,4.115296647,8.015888001,0.4837307498,1570,Poland,Eastern Europe,47,173,2,0,24,2023,38263265.0,18555364.0,19707901.0,12464.0110508476
Cervix,Female,Mortality,2017,4.278122916,8.213832451,0.5032703089,1609,Poland,Eastern Europe,47,173,2,0,24,2023,38254959.0,18554725.0,19700233.0,13913.3402919927
Cervix,Female,Mortality,2018,4.05434685,8.135811359,0.4707236951,1593,Poland,Eastern Europe,47,173,2,0,24,2023,38241071.0,18551882.0,19689189.0,15658.2120316794
Cervix,Female,Mortality,2019,3.960145983,8.01323793,0.4683209809,1569,Poland,Eastern Europe,47,173,2,0,24,2023,38225885.0,18548609.0,19677275.0,15874.5220531254
Cervix,Female,Mortality,2020,3.787055161,7.881357148,0.4430063264,1511,Poland,Eastern Europe,47,173,2,0,24,2023,38171012.0,18518782.0,19652231.0,16150.9304813473
Cervix,Female,Mortality,2021,3.473737088,6.984859432,0.4090163306,1361,Poland,Eastern Europe,47,173,2,0,24,2023,38040302.0,18443925.0,19596376.0,18635.5104895754
Cervix,Female,Mortality,2022,3.445867656,7.229598418,0.3975980831,1374,Poland,Eastern Europe,47,173,2,0,24,2023,38385739.0,18604014.0,19781726.0,18891.2121169279
Cervix,Female,Mortality,2007,2.410513762,4.343779088,0.2740859677,238,Portugal,Southern Europe,24,57,0,0,17,2025,10546825.0,5067726.0,5479098.0,22811.0564844365
Cervix,Female,Mortality,2008,2.517084874,4.531638755,0.2610079055,249,Portugal,Southern Europe,24,57,0,0,17,2025,10564081.0,5069380.0,5494701.0,24949.0413566739
Cervix,Female,Mortality,2009,2.725788896,4.919143619,0.3001099518,271,Portugal,Southern Europe,24,57,0,0,17,2025,10576267.0,5067177.0,5509090.0,23151.2154130712
Cervix,Female,Mortality,2010,2.139179025,4.16798955,0.2336972807,230,Portugal,Southern Europe,24,57,0,0,17,2025,10578660.0,5060414.0,5518246.0,22551.935098809
Cervix,Female,Mortality,2011,2.369374662,4.533860228,0.2629054437,250,Portugal,Southern Europe,24,57,0,0,17,2025,10557052.0,5042988.0,5514065.0,23246.5425416481
Cervix,Female,Mortality,2012,2.061672935,3.9282205,0.2120300684,216,Portugal,Southern Europe,24,57,0,0,17,2025,10513150.0,5014475.0,5498675.0,20593.4274224109
Cervix,Female,Mortality,2013,1.813082583,3.723045561,0.2029742041,204,Portugal,Southern Europe,24,57,0,0,17,2025,10458298.0,4978914.0,5479383.0,21676.4859642714
Cervix,Female,Mortality,2014,1.855267274,3.845624897,0.2149639643,210,Portugal,Southern Europe,24,57,0,0,17,2025,10406199.0,4945448.0,5460751.0,22120.6850127107
Cervix,Female,Mortality,2015,1.719619373,3.690015223,0.1752188721,201,Portugal,Southern Europe,24,57,0,0,17,2025,10370267.0,4923135.0,5447132.0,19215.7813014347
Cervix,Female,Mortality,2016,1.729605692,3.568646315,0.1853771371,194,Portugal,Southern Europe,24,57,0,0,17,2025,10346372.0,4910140.0,5436232.0,19980.2808866516
Cervix,Female,Mortality,2017,1.917131671,3.886513081,0.2001501277,211,Portugal,Southern Europe,24,57,0,0,17,2025,10330844.0,4901811.0,5429033.0,21442.3842768879
Cervix,Female,Mortality,2018,1.93062698,4.14467838,0.195244842,225,Portugal,Southern Europe,24,57,0,0,17,2025,10325353.0,4896701.0,5428652.0,23541.1401075289
Cervix,Female,Mortality,2019,1.893001381,4.065368925,0.1852350171,221,Portugal,Southern Europe,24,57,0,0,17,2025,10343213.0,4907051.0,5436163.0,23343.3628970034
Cervix,Female,Mortality,2020,1.696881917,3.74841106,0.1691927206,204,Portugal,Southern Europe,24,57,0,0,17,2025,10370519.0,4926734.0,5443784.0,22299.4044062173
Cervix,Female,Mortality,2021,1.521494291,3.468875833,0.1560137928,189,Portugal,Southern Europe,24,57,0,0,17,2025,10390956.0,4944983.0,5445973.0,24711.4510062111
Cervix,Female,Mortality,2022,1.393177927,3.24496755,0.1470514751,177,Portugal,Southern Europe,24,57,0,0,17,2025,10417073.0,4962474.0,5454599.0,24620.5197587181
Cervix,Female,Incidence,2007,8.669016914,11.17142924,0.8822313153,229,Puerto Rico,Caribbean,13,20,0,0,1,2021,3763088.0,1806269.0,1956819.0,23664.8823485096
Cervix,Female,Incidence,2008,7.994762539,10.45486441,0.7886636515,215,Puerto Rico,Caribbean,13,20,0,0,1,2021,3749128.0,1798470.0,1950657.0,24898.3345857045
Cervix,Female,Incidence,2009,9.225930082,11.82217511,0.8642180588,244,Puerto Rico,Caribbean,13,20,0,0,1,2021,3735015.0,1790627.0,1944388.0,25768.7258883384
Cervix,Female,Incidence,2010,10.1057653,13.03708406,0.9271285477,253,Puerto Rico,Caribbean,13,20,0,0,1,2021,3714836.0,1779725.0,1935111.0,26414.8810634548
Cervix,Female,Incidence,2011,10.77397706,14.0230029,0.9888173056,271,Puerto Rico,Caribbean,13,20,0,0,1,2021,3683710.0,1763197.0,1920513.0,27170.0766543278
Cervix,Female,Incidence,2012,8.606169574,11.50865372,0.8285040256,220,Puerto Rico,Caribbean,13,20,0,0,1,2021,3646422.0,1743467.0,1902955.0,27742.024476618
Cervix,Female,Incidence,2013,9.802759688,12.60147256,0.9151159877,236,Puerto Rico,Caribbean,13,20,0,0,1,2021,3606769.0,1722618.0,1884151.0,28212.0499737431
Cervix,Female,Incidence,2014,10.97833851,14.8971716,1.091693585,275,Puerto Rico,Caribbean,13,20,0,0,1,2021,3565367.0,1700900.0,1864466.0,28576.0988023209
Cervix,Female,Incidence,2015,10.40959752,13.75992021,1.007525937,250,Puerto Rico,Caribbean,13,20,0,0,1,2021,3521811.0,1677974.0,1843838.0,29242.041465085
Cervix,Female,Incidence,2016,9.708075171,12.65109947,0.9055847754,226,Puerto Rico,Caribbean,13,20,0,0,1,2021,3476008.0,1653869.0,1822139.0,29978.0889268918
Cervix,Female,Incidence,2017,9.646931615,12.84032596,0.9130947473,224,Puerto Rico,Caribbean,13,20,0,0,1,2021,3371874.0,1600828.0,1771045.0,30328.479490518
Cervix,Female,Incidence,2007,2.233459841,1.821825469,0.2082279793,2,Qatar,Western Asia,1,4,0,0,1,2023,1208595.0,904260.0,304335.0,65954.3419525051
Cervix,Female,Incidence,2008,5.291018382,3.491223936,0.5883414212,4,Qatar,Western Asia,1,4,0,0,1,2023,1426938.0,1087070.0,339868.0,80781.4039187792
Cervix,Female,Incidence,2009,8.244861209,4.212725802,0.9418335522,5,Qatar,Western Asia,1,4,0,0,1,2023,1586050.0,1206348.0,379702.0,60785.7351551657
Cervix,Female,Incidence,2010,0.8955223881,0.8012178511,0.07459902675,1,Qatar,Western Asia,1,4,0,0,1,2023,1709229.0,1289774.0,419455.0,76462.6119486736
Cervix,Female,Incidence,2011,4.549753489,2.28581878,0.9722957888,3,Qatar,Western Asia,1,4,0,0,1,2023,1810950.0,1355705.0,455245.0,103261.510293068
Cervix,Female,Incidence,2012,5.442160391,3.697623168,0.6422604139,5,Qatar,Western Asia,1,4,0,0,1,2023,1907117.0,1416633.0,490484.0,108470.387023229
Cervix,Female,Incidence,2013,0.8303349017,0.7380455079,0.06917064122,1,Qatar,Western Asia,1,4,0,0,1,2023,2032641.0,1505988.0,526653.0,103697.062789144
Cervix,Female,Incidence,2014,7.217167246,3.594923967,1.018512503,5,Qatar,Western Asia,1,4,0,0,1,2023,2218372.0,1655541.0,562832.0,95840.6898934238
Cervix,Female,Incidence,2015,3.424121073,2.116282679,0.4039197077,3,Qatar,Western Asia,1,4,0,0,1,2023,2427331.0,1827199.0,600131.0,68985.2433380102
Cervix,Female,Incidence,2016,3.695251759,3.367819808,0.3074640049,5,Qatar,Western Asia,1,4,0,0,1,2023,2599372.0,1959419.0,639953.0,61253.6217997091
Cervix,Female,Incidence,2017,8.722008855,5.883929681,1.239113422,9,Qatar,Western Asia,1,4,0,0,1,2023,2706709.0,2028940.0,677769.0,63279.8767486216
Cervix,Female,Mortality,2007,10.85525923,16.63822228,1.172055337,1837,Romania,Eastern Europe,56,117,0,0,10,2025,20870716.0,10045773.0,10824942.0,8360.33775916596
Cervix,Female,Mortality,2008,10.19608707,15.96106805,1.096141075,1760,Romania,Eastern Europe,56,117,0,0,10,2025,20718742.0,9978198.0,10740544.0,10435.1561230787
Cervix,Female,Mortality,2009,9.916153262,15.87252582,1.082014234,1748,Romania,Eastern Europe,56,117,0,0,10,2025,20576927.0,9913900.0,10663026.0,8548.4543409242
Cervix,Female,Mortality,2010,9.634651238,15.81318077,1.073781215,1739,Romania,Eastern Europe,56,117,0,0,10,2025,20432574.0,9847710.0,10584864.0,8399.5374234284
Cervix,Female,Mortality,2011,9.070190818,15.0248238,1.011878122,1647,Romania,Eastern Europe,56,117,0,0,10,2025,20282011.0,9779487.0,10502524.0,9560.6755277458
Cervix,Female,Mortality,2012,9.100101846,15.92835022,0.9911006318,1639,Romania,Eastern Europe,56,117,0,0,10,2025,20158452.0,9725306.0,10433147.0,8929.95366231474
Cervix,Female,Mortality,2013,9.457885566,16.48687149,1.064182664,1687,Romania,Eastern Europe,56,117,0,0,10,2025,20062921.0,9685080.0,10377841.0,9497.67411615237
Cervix,Female,Mortality,2014,9.463520216,16.83651586,1.046512159,1715,Romania,Eastern Europe,56,117,0,0,10,2025,19968174.0,9645490.0,10322684.0,10031.7710755404
Cervix,Female,Mortality,2015,9.069372096,16.21436095,1.008676579,1644,Romania,Eastern Europe,56,117,0,0,10,2025,19871019.0,9604635.0,10266385.0,8977.01748158196
Cervix,Female,Mortality,2016,8.765130828,15.77625578,0.9934408563,1590,Romania,Eastern Europe,56,117,0,0,10,2025,19777051.0,9564120.0,10212931.0,9404.54005870715
Cervix,Female,Mortality,2017,8.513085973,15.59074232,0.9851854598,1561,Romania,Eastern Europe,56,117,0,0,10,2025,19689401.0,9525743.0,10163659.0,10727.9822007426
Cervix,Female,Mortality,2018,7.964985781,14.7521513,0.922998276,1468,Romania,Eastern Europe,56,117,0,0,10,2025,19597872.0,9485968.0,10111904.0,12416.134317959
Cervix,Female,Mortality,2019,8.282282896,15.56628843,0.969415555,1540,Romania,Eastern Europe,56,117,0,0,10,2025,19501542.0,9444048.0,10057494.0,12909.6104013244
Cervix,Female,Mortality,2007,7.616975099,13.78993214,0.8332173039,523,Serbia,Southern Europe,9,39,0,1,5,2025,7482989.0,3553227.0,3929762.0,6081.08765700202
Cervix,Female,Mortality,2008,7.597084741,13.39897596,0.8356324363,506,Serbia,Southern Europe,9,39,0,1,5,2025,7454279.0,3541967.0,3912312.0,7376.73517910716
Cervix,Female,Mortality,2009,6.758103117,12.52406762,0.7356497979,471,Serbia,Southern Europe,9,39,0,1,5,2025,7425347.0,3530727.0,3894621.0,6414.0448463847
Cervix,Female,Mortality,2010,7.192357202,12.73677178,0.813101596,477,Serbia,Southern Europe,9,39,0,1,5,2025,7395864.0,3519248.0,3876617.0,5970.92660940072
Cervix,Female,Mortality,2011,6.778299008,12.44810259,0.7267845258,462,Serbia,Southern Europe,9,39,0,1,5,2025,7364859.0,3507034.0,3857825.0,7082.2861666075
Cervix,Female,Mortality,2012,6.79019613,12.61722232,0.7493661288,466,Serbia,Southern Europe,9,39,0,1,5,2025,7324623.0,3488863.0,3835760.0,6263.04086072815
Cervix,Female,Mortality,2013,6.666035861,12.73238646,0.7518392805,468,Serbia,Southern Europe,9,39,0,1,5,2025,7276180.0,3465309.0,3810871.0,7040.41812068781
Cervix,Female,Mortality,2014,5.965160291,11.34176961,0.6794017421,415,Serbia,Southern Europe,9,39,0,1,5,2025,7227203.0,3441631.0,3785571.0,6886.67809068704
Cervix,Female,Mortality,2015,6.093985747,11.64819805,0.6768277034,424,Serbia,Southern Europe,9,39,0,1,5,2025,7177253.0,3417618.0,3759635.0,5820.3215576888
Cervix,Female,Mortality,2016,6.727266172,12.51142047,0.7293225341,453,Serbia,Southern Europe,9,39,0,1,5,2025,7126083.0,3393227.0,3732856.0,5982.37030126471
Cervix,Female,Mortality,2017,7.368554106,13.52385962,0.8195143985,487,Serbia,Southern Europe,9,39,0,1,5,2025,7073507.0,3368503.0,3705004.0,6548.03653824187
Cervix,Female,Mortality,2018,6.165006276,11.92438321,0.7111160749,427,Serbia,Southern Europe,9,39,0,1,5,2025,7020019.0,3343694.0,3676325.0,7559.86165747394
Cervix,Female,Mortality,2019,6.471714875,12.29817861,0.7275016372,438,Serbia,Southern Europe,9,39,0,1,5,2025,6966153.0,3318708.0,3647445.0,7755.632986437
Cervix,Female,Mortality,2020,6.484485226,12.80087713,0.7487671893,453,Serbia,Southern Europe,9,39,0,1,5,2025,6907812.0,3291014.0,3616798.0,8098.70955668849
Cervix,Female,Mortality,2021,6.142326586,12.0889852,0.6998725644,424,Serbia,Southern Europe,9,39,0,1,5,2025,6835430.0,3256229.0,3579201.0,9680.52798074468
Cervix,Female,Mortality,2022,5.865268936,11.80035091,0.6637275336,404,Serbia,Southern Europe,9,39,0,1,5,2025,6791213.0,3230996.0,3560218.0,10024.8191112596
Cervix,Female,Mortality,2023,5.128253416,10.22847413,0.5948472241,348,Serbia,Southern Europe,9,39,0,1,5,2025,6773201.0,3216668.0,3556533.0,12281.707946167
Cervix,Female,Mortality,2007,2.927018362,4.204470015,0.3260239066,76,Singapore,South-Eastern Asia,11,28,3,0,6,2024,4596515.0,2364795.0,2231720.0,39432.8860198877
Cervix,Female,Mortality,2008,2.930953096,4.23982171,0.3358016675,78,Singapore,South-Eastern Asia,11,28,3,0,6,2024,4806741.0,2497992.0,2308749.0,40008.5720489092
Cervix,Female,Mortality,2009,2.192613244,3.281831516,0.2374031532,62,Singapore,South-Eastern Asia,11,28,3,0,6,2024,4968568.0,2590232.0,2378336.0,38926.8054365453
Cervix,Female,Mortality,2010,2.431396415,3.611998115,0.3101852005,69,Singapore,South-Eastern Asia,11,28,3,0,6,2024,5077014.0,2642165.0,2434849.0,47236.683084953
Cervix,Female,Mortality,2011,2.474910671,3.799510748,0.2832346965,73,Singapore,South-Eastern Asia,11,28,3,0,6,2024,5182239.0,2694205.0,2488034.0,53891.4570264372
Cervix,Female,Mortality,2012,2.59936755,4.127966976,0.2702226364,80,Singapore,South-Eastern Asia,11,28,3,0,6,2024,5293340.0,2758145.0,2535195.0,55547.5553077786
Cervix,Female,Mortality,2013,2.109899879,3.532579341,0.2439035518,69,Singapore,South-Eastern Asia,11,28,3,0,6,2024,5385588.0,2816050.0,2569539.0,56967.4257940383
Cervix,Female,Mortality,2014,2.449618368,3.911947647,0.2717143181,77,Singapore,South-Eastern Asia,11,28,3,0,6,2024,5457900.0,2857026.0,2600874.0,57564.8023114977
Cervix,Female,Mortality,2015,2.063055491,3.524562677,0.2149687545,70,Singapore,South-Eastern Asia,11,28,3,0,6,2024,5525340.0,2887448.0,2637892.0,55645.6068614606
Cervix,Female,Mortality,2016,2.320964658,3.942050854,0.2563308722,79,Singapore,South-Eastern Asia,11,28,3,0,6,2024,5577930.0,2902713.0,2675217.0,57005.5887176547
Cervix,Female,Mortality,2017,1.937764895,3.560388893,0.2367765108,72,Singapore,South-Eastern Asia,11,28,3,0,6,2024,5604078.0,2897013.0,2707066.0,61236.251270627
Cervix,Female,Mortality,2018,1.714230607,3.090591112,0.1690387583,63,Singapore,South-Eastern Asia,11,28,3,0,6,2024,5634369.0,2904611.0,2729758.0,66881.6067035265
Cervix,Female,Mortality,2019,1.191833475,2.333691652,0.1199105937,48,Singapore,South-Eastern Asia,11,28,3,0,6,2024,5669563.0,2931783.0,2737780.0,65952.0378959293
Cervix,Female,Mortality,2020,1.964702779,3.774216681,0.2165245036,78,Singapore,South-Eastern Asia,11,28,3,0,6,2024,5620150.0,2909604.0,2710547.0,61410.0792630788
Cervix,Female,Mortality,2021,1.953041577,3.687808793,0.1959737751,75,Singapore,South-Eastern Asia,11,28,3,0,6,2024,5546290.0,2866604.0,2679686.0,80056.1288247844
Cervix,Female,Mortality,2022,1.608494473,3.072451773,0.1787807703,64,Singapore,South-Eastern Asia,11,28,3,0,6,2024,5649885.0,2919697.0,2730188.0,90299.0694637269
Cervix,Female,Mortality,2007,5.72269849,8.535400845,0.6395861202,237,Slovakia,Eastern Europe,13,24,0,7,6,2024,5376999.0,2614323.0,2762676.0,16110.4817265237
Cervix,Female,Mortality,2008,4.714866685,7.445836932,0.5334222002,207,Slovakia,Eastern Europe,13,24,0,7,6,2024,5379120.0,2615934.0,2763186.0,18744.3192278346
Cervix,Female,Mortality,2009,4.781237105,7.648263198,0.511873878,213,Slovakia,Eastern Europe,13,24,0,7,6,2024,5385073.0,2619763.0,2765309.0,16586.7527805228
Cervix,Female,Mortality,2010,4.586297382,7.380528589,0.5160168391,206,Slovakia,Eastern Europe,13,24,0,7,6,2024,5391851.0,2624115.0,2767736.0,16899.448680529
Cervix,Female,Mortality,2011,4.681601525,7.655206619,0.5125910059,213,Slovakia,Eastern Europe,13,24,0,7,6,2024,5398109.0,2628148.0,2769961.0,18469.4354316836
Cervix,Female,Mortality,2012,4.985182359,8.256081289,0.5274577774,229,Slovakia,Eastern Europe,13,24,0,7,6,2024,5404871.0,2632552.0,2772319.0,17516.9691054078
Cervix,Female,Mortality,2013,5.168851421,8.645925572,0.5845463154,240,Slovakia,Eastern Europe,13,24,0,7,6,2024,5410422.0,2636149.0,2774272.0,18312.7805149823
Cervix,Female,Mortality,2014,4.84332632,8.207482272,0.5306906818,228,Slovakia,Eastern Europe,13,24,0,7,6,2024,5415230.0,2639229.0,2776001.0,18770.9289896545
Cervix,Female,Mortality,2015,4.454476951,7.769965845,0.5017795006,216,Slovakia,Eastern Europe,13,24,0,7,6,2024,5420278.0,2642755.0,2777523.0,16442.0760860018
Cervix,Female,Mortality,2016,4.372871627,7.764432859,0.4997165602,216,Slovakia,Eastern Europe,13,24,0,7,6,2024,5427259.0,2647457.0,2779802.0,16636.0769133073
Cervix,Female,Mortality,2017,4.071961314,7.109173203,0.4382066587,198,Slovakia,Eastern Europe,13,24,0,7,6,2024,5435700.0,2652718.0,2782983.0,17645.5298716761
Cervix,Female,Mortality,2018,4.744048856,8.464922223,0.5621282316,236,Slovakia,Eastern Europe,13,24,0,7,6,2024,5443232.0,2657468.0,2785764.0,19573.3717031314
Cervix,Female,Mortality,2019,4.180567452,7.56019582,0.4783166537,211,Slovakia,Eastern Europe,13,24,0,7,6,2024,5450626.0,2661918.0,2788708.0,19406.0589683582
Cervix,Female,Mortality,2020,3.42855719,6.301666504,0.3840981309,176,Slovakia,Eastern Europe,13,24,0,7,6,2024,5455024.0,2664405.0,2790618.0,19735.4858280801
Cervix,Female,Mortality,2021,4.258264358,7.948645277,0.4933385433,221,Slovakia,Eastern Europe,13,24,0,7,6,2024,5442759.0,2658236.0,2784523.0,22123.3342114545
Cervix,Female,Mortality,2022,4.064925342,7.855134033,0.4437650654,218,Slovakia,Eastern Europe,13,24,0,7,6,2024,5473197.0,2672668.0,2800528.0,21317.7943982363
Cervix,Female,Mortality,2023,3.921353627,7.429892115,0.4328730503,206,Slovakia,Eastern Europe,13,24,0,7,6,2024,5518055.0,2694215.0,2823840.0,24614.8734642794
Cervix,Female,Incidence,2007,10.52656754,15.0349367,1.016724196,154,Slovenia,Southern Europe,2,12,0,1,5,2023,2014158.0,991986.0,1022172.0,23725.1596001515
Cervix,Female,Incidence,2008,8.762252577,12.67476552,0.8516746161,130,Slovenia,Southern Europe,2,12,0,1,5,2023,2025085.0,1000466.0,1024619.9999999999,27461.9764165315
Cervix,Female,Incidence,2009,8.698042731,12.61440293,0.8620069638,130,Slovenia,Southern Europe,2,12,0,1,5,2023,2035608.0,1007182.0,1028426.9999999999,24501.7897290425
Cervix,Female,Incidence,2010,9.298565878,13.62917998,0.9372272744,141,Slovenia,Southern Europe,2,12,0,1,5,2023,2044612.0,1012559.0,1032053.0000000001,23329.8417691156
Cervix,Female,Incidence,2011,9.00990899,13.69247473,0.8748867009,142,Slovenia,Southern Europe,2,12,0,1,5,2023,2048804.0,1013905.0,1034898.9999999999,24940.6284841605
Cervix,Female,Incidence,2012,7.679332128,11.35873583,0.7946624178,118,Slovenia,Southern Europe,2,12,0,1,5,2023,2053321.0,1016266.0,1037055.0000000001,22442.1417859955
Cervix,Female,Incidence,2013,8.010649632,11.92931687,0.8167197094,124,Slovenia,Southern Europe,2,12,0,1,5,2023,2056440.9999999998,1018495.0,1037946.9999999999,23236.9655321695
Cervix,Female,Incidence,2014,6.873545661,11.05552372,0.6410852276,115,Slovenia,Southern Europe,2,12,0,1,5,2023,2058400.9999999998,1020097.0,1038303.0000000001,24013.0682060959
Cervix,Female,Incidence,2015,7.399593776,11.43655642,0.7118215225,119,Slovenia,Southern Europe,2,12,0,1,5,2023,2059947.0,1021365.0,1038582.0000000001,20697.2748530619
Cervix,Female,Incidence,2016,7.774398467,11.82272828,0.7732530768,123,Slovenia,Southern Europe,2,12,0,1,5,2023,2061373.0,1022794.0,1038579.0,21447.8377796036
Cervix,Female,Incidence,2017,4.917119528,8.267736217,0.5137435066,86,Slovenia,Southern Europe,2,12,0,1,5,2023,2062409.9999999998,1024506.0000000001,1037903.0,23303.077705959
Cervix,Female,Mortality,2007,2.176310668,4.295696201,0.2168495201,44,Slovenia,Southern Europe,2,12,0,1,5,2023,2014158.0,991986.0,1022172.0,23725.1596001515
Cervix,Female,Mortality,2008,2.204168402,4.186454968,0.1957862789,43,Slovenia,Southern Europe,2,12,0,1,5,2023,2025085.0,1000466.0,1024619.9999999999,27461.9764165315
Cervix,Female,Mortality,2009,2.736446648,4.851693435,0.2933078894,50,Slovenia,Southern Europe,2,12,0,1,5,2023,2035608.0,1007182.0,1028426.9999999999,24501.7897290425
Cervix,Female,Mortality,2010,2.156764868,4.156416589,0.2250810682,43,Slovenia,Southern Europe,2,12,0,1,5,2023,2044612.0,1012559.0,1032053.0000000001,23329.8417691156
Cervix,Female,Mortality,2011,2.054080551,3.953255168,0.2161583844,41,Slovenia,Southern Europe,2,12,0,1,5,2023,2048804.0,1013905.0,1034898.9999999999,24940.6284841605
Cervix,Female,Mortality,2012,2.099995366,4.042939872,0.2160195805,42,Slovenia,Southern Europe,2,12,0,1,5,2023,2053321.0,1016266.0,1037055.0000000001,22442.1417859955
Cervix,Female,Mortality,2013,1.880017954,3.944370902,0.2322931508,41,Slovenia,Southern Europe,2,12,0,1,5,2023,2056440.9999999998,1018495.0,1037946.9999999999,23236.9655321695
Cervix,Female,Mortality,2014,2.448689005,4.710614456,0.2772167078,49,Slovenia,Southern Europe,2,12,0,1,5,2023,2058400.9999999998,1020097.0,1038303.0000000001,24013.0682060959
Cervix,Female,Mortality,2015,2.215238051,4.709170292,0.2222087388,49,Slovenia,Southern Europe,2,12,0,1,5,2023,2059947.0,1021365.0,1038582.0000000001,20697.2748530619
Cervix,Female,Mortality,2016,1.730387096,3.940909427,0.1913235034,41,Slovenia,Southern Europe,2,12,0,1,5,2023,2061373.0,1022794.0,1038579.0,21447.8377796036
Cervix,Female,Mortality,2017,2.157286992,4.133868108,0.2092649084,43,Slovenia,Southern Europe,2,12,0,1,5,2023,2062409.9999999998,1024506.0000000001,1037903.0,23303.077705959
Cervix,Female,Mortality,2018,1.465790941,4.040023163,0.1670551272,42,Slovenia,Southern Europe,2,12,0,1,5,2023,2069481.0000000002,1031009.0,1038471.0,25888.0481065655
Cervix,Female,Mortality,2019,2.103856925,4.233798025,0.2274308396,44,Slovenia,Southern Europe,2,12,0,1,5,2023,2083438.9999999998,1042741.0,1040698.0000000001,25814.1687167572
Cervix,Female,Mortality,2020,1.525138499,3.729762452,0.1531562883,39,Slovenia,Southern Europe,2,12,0,1,5,2023,2102419.0,1054876.0,1047544.0000000001,25392.0651093612
Cervix,Female,Mortality,2007,11.3853483,9.821735501,1.267182709,2584,South Africa,Southern Africa,59,102,0,8,23,2022,50528584.0,24219588.0,26308996.0,6591.85535960564
Cervix,Female,Mortality,2008,11.43377568,9.890084445,1.281660419,2629,South Africa,Southern Africa,59,102,0,8,23,2022,51114599.0,24532419.0,26582179.0,6184.75474328399
Cervix,Female,Mortality,2009,12.09697406,10.69550837,1.334448344,2874,South Africa,Southern Africa,59,102,0,8,23,2022,51728516.0,24857423.0,26871093.0,6374.70560042992
Cervix,Female,Mortality,2010,11.7957126,10.4862152,1.310383907,2848,South Africa,Southern Africa,59,102,0,8,23,2022,52344051.0,25184586.0,27159465.0,7973.47195771517
Cervix,Female,Mortality,2011,12.09969706,10.98119409,1.346467456,3016,South Africa,Southern Africa,59,102,0,8,23,2022,52995205.0,25530068.0,27465137.0,8646.05571071635
Cervix,Female,Mortality,2012,12.18882866,11.22771892,1.361618186,3126,South Africa,Southern Africa,59,102,0,8,23,2022,53782567.0,25940758.0,27841808.0,8076.97678479741
Cervix,Female,Mortality,2013,11.81461671,10.9953182,1.33013502,3109,South Africa,Southern Africa,59,102,0,8,23,2022,54678791.0,26403121.0,28275671.0,7331.65467384919
Cervix,Female,Mortality,2014,12.68303022,11.99477393,1.398721954,3443,South Africa,Southern Africa,59,102,0,8,23,2022,55594838.0,26890671.0,28704167.0,6856.73137092522
Cervix,Female,Mortality,2015,12.97197122,12.38941942,1.409322128,3617,South Africa,Southern Africa,59,102,0,8,23,2022,56723537.0,27529271.0,29194266.0,6112.27382485974
Cervix,Female,Mortality,2016,13.49092241,13.06692834,1.477401051,3852,South Africa,Southern Africa,59,102,0,8,23,2022,57259551.0,27780550.0,29479001.0,5651.20585165749
Cervix,Female,Mortality,2017,13.41938541,13.25246081,1.48886462,3940,South Africa,Southern Africa,59,102,0,8,23,2022,57635162.0,27904835.0,29730327.0,6618.33508255701
Cervix,Female,Mortality,2018,13.17551342,13.21997979,1.453089624,3994,South Africa,Southern Africa,59,102,0,8,23,2022,58613001.0,28401154.0,30211846.0,6914.1780318076
Cervix,Female,Mortality,2019,12.25336107,12.45778983,1.337837659,3824,South Africa,Southern Africa,59,102,0,8,23,2022,59587885.0,28892232.0,30695654.0,6533.71121032856
Cervix,Female,Mortality,2020,11.29902743,11.62880141,1.241105521,3626,South Africa,Southern Africa,59,102,0,8,23,2022,60562381.0,29381179.0,31181201.0,5580.60383075189
Cervix,Female,Incidence,2007,6.282989628,9.304865789,0.6316042771,383,Spain,Southern Europe,126,262,3,21,135,2024,45516507.0,22532928.0,22983579.0,32652.015594702
Cervix,Female,Incidence,2008,6.234570547,9.171833586,0.6375773261,384,Spain,Southern Europe,126,262,3,21,135,2024,46235054.0,22910290.0,23324764.0,35603.248328071
Cervix,Female,Incidence,2009,6.251971765,9.092016879,0.6145193897,385,Spain,Southern Europe,126,262,3,21,135,2024,46635180.0,23102179.0,23533001.0,32279.8208476151
Cervix,Female,Incidence,2010,5.75130474,8.560159984,0.6004272259,365,Spain,Southern Europe,126,262,3,21,135,2024,46840471.0,23183193.0,23657279.0,30658.7422282912
Cervix,Female,Incidence,2011,5.223806895,8.013591799,0.5310811639,343,Spain,Southern Europe,126,262,3,21,135,2024,46998043.0,23238104.0,23759939.0,31824.6219134777
Cervix,Female,Incidence,2012,5.089464534,7.78443365,0.5096885035,334,Spain,Southern Europe,126,262,3,21,135,2024,47018323.0,23218588.0,23799734.0,28456.4438151477
Cervix,Female,Incidence,2013,6.487478702,9.702714428,0.6400795307,416,Spain,Southern Europe,126,262,3,21,135,2024,46860389.0,23107380.0,23753008.0,29228.846559842
Cervix,Female,Incidence,2014,5.611289826,8.579866163,0.5692468321,367,Spain,Southern Europe,126,262,3,21,135,2024,46720188.0,23013120.0,23707068.0,29707.765509467
Cervix,Female,Incidence,2015,5.512169504,8.695089168,0.5579229902,372,Spain,Southern Europe,126,262,3,21,135,2024,46683686.0,22979318.0,23704368.0,25982.4416197775
Cervix,Female,Incidence,2016,5.543051787,8.456098599,0.5690522303,362,Spain,Southern Europe,126,262,3,21,135,2024,46732771.0,22987364.0,23745407.0,26755.6061149398
Cervix,Female,Mortality,2007,1.525329897,2.73673652,0.1632969137,629,Spain,Southern Europe,126,262,3,21,135,2024,45516507.0,22532928.0,22983579.0,32652.015594702
Cervix,Female,Mortality,2008,1.506703708,2.640969972,0.1641534287,616,Spain,Southern Europe,126,262,3,21,135,2024,46235054.0,22910290.0,23324764.0,35603.248328071
Cervix,Female,Mortality,2009,1.567919319,2.732333145,0.1653819512,643,Spain,Southern Europe,126,262,3,21,135,2024,46635180.0,23102179.0,23533001.0,32279.8208476151
Cervix,Female,Mortality,2010,1.516297483,2.819428279,0.1667083502,667,Spain,Southern Europe,126,262,3,21,135,2024,46840471.0,23183193.0,23657279.0,30658.7422282912
Cervix,Female,Mortality,2011,1.588200099,2.857751445,0.1699959674,679,Spain,Southern Europe,126,262,3,21,135,2024,46998043.0,23238104.0,23759939.0,31824.6219134777
Cervix,Female,Mortality,2012,1.491918584,2.802552272,0.1543613403,667,Spain,Southern Europe,126,262,3,21,135,2024,47018323.0,23218588.0,23799734.0,28456.4438151477
Cervix,Female,Mortality,2013,1.429960686,2.694395533,0.1478713925,640,Spain,Southern Europe,126,262,3,21,135,2024,46860389.0,23107380.0,23753008.0,29228.846559842
Cervix,Female,Mortality,2014,1.295465722,2.488709274,0.1374091729,590,Spain,Southern Europe,126,262,3,21,135,2024,46720188.0,23013120.0,23707068.0,29707.765509467
Cervix,Female,Mortality,2015,1.420607552,2.780078338,0.1508504408,659,Spain,Southern Europe,126,262,3,21,135,2024,46683686.0,22979318.0,23704368.0,25982.4416197775
Cervix,Female,Mortality,2016,1.346078515,2.611031317,0.1479670251,620,Spain,Southern Europe,126,262,3,21,135,2024,46732771.0,22987364.0,23745407.0,26755.6061149398
Cervix,Female,Mortality,2017,1.416617134,2.853378496,0.1535060234,680,Spain,Southern Europe,126,262,3,21,135,2024,46868596.0,23037197.0,23831398.0,28381.3425596906
Cervix,Female,Mortality,2018,1.29839678,2.663132854,0.1415642504,638,Spain,Southern Europe,126,262,3,21,135,2024,47092821.0,23136074.0,23956747.0,30602.4212881113
Cervix,Female,Mortality,2019,1.321438058,2.726271807,0.1405967758,658,Spain,Southern Europe,126,262,3,21,135,2024,47435119.0,23299594.0,24135524.0,29786.5245689007
Cervix,Female,Mortality,2020,1.354390769,2.773856906,0.1475988084,673,Spain,Southern Europe,126,262,3,21,135,2024,47679489.0,23417243.0,24262247.0,27233.9426461608
Cervix,Female,Mortality,2021,1.359033705,2.869172623,0.1453964562,697,Spain,Southern Europe,126,262,3,21,135,2024,47735664.0,23442946.0,24292717.0,30799.4775937775
Cervix,Female,Mortality,2022,1.298616746,2.690740372,0.1403218931,655,Spain,Southern Europe,126,262,3,21,135,2024,47828382.0,23485640.0,24342743.0,30319.4987196616
Cervix,Female,Incidence,2007,7.340721431,10.16424375,0.6836756064,468,Sweden,Northern Europe,18,80,1,27,23,2024,9148274.0,4543836.0,4604439.0,53568.3057787832
Cervix,Female,Incidence,2008,7.370564158,10.073715,0.6678358572,467,Sweden,Northern Europe,18,80,1,27,23,2024,9219900.0,4583935.0,4635965.0,55817.1759726485
Cervix,Female,Incidence,2009,6.792882247,9.481701921,0.6636949202,443,Sweden,Northern Europe,18,80,1,27,23,2024,9298740.0,4626479.0,4672261.0,46707.6425044751
Cervix,Female,Incidence,2010,6.933532684,9.472227048,0.6400349041,446,Sweden,Northern Europe,18,80,1,27,23,2024,9378232.0,4669743.0,4708489.0,52542.5759090299
Cervix,Female,Incidence,2011,6.825234344,9.112616755,0.6301265215,432,Sweden,Northern Europe,18,80,1,27,23,2024,9449259.0,4708641.0,4740618.0,60379.4814599322
Cervix,Female,Incidence,2012,7.880825802,10.28701182,0.720855928,491,Sweden,Northern Europe,18,80,1,27,23,2024,9519487.0,4746489.0,4772998.0,57749.5615420853
Cervix,Female,Incidence,2013,7.554420496,9.937109324,0.6765233228,478,Sweden,Northern Europe,18,80,1,27,23,2024,9600620.0,4790235.0,4810385.0,60843.9888799369
Cervix,Female,Incidence,2014,8.938167603,11.64272455,0.8028824912,565,Sweden,Northern Europe,18,80,1,27,23,2024,9696433.0,4843383.0,4853050.0,59583.4584491714
Cervix,Female,Incidence,2015,9.12107326,11.76088648,0.8243925842,576,Sweden,Northern Europe,18,80,1,27,23,2024,9799481.0,4901707.0,4897775.0,51188.1652120493
Cervix,Female,Incidence,2016,9.023727541,11.47258275,0.8160805017,568,Sweden,Northern Europe,18,80,1,27,23,2024,9923280.0,4972255.0,4951025.0,51703.5088332851
Cervix,Female,Incidence,2017,8.995457033,11.51765805,0.8023383565,577,Sweden,Northern Europe,18,80,1,27,23,2024,10057862.0,5048116.0,5009745.0,53210.2233318965
Cervix,Female,Incidence,2018,8.492804491,11.14036884,0.785880887,564,Sweden,Northern Europe,18,80,1,27,23,2024,10175405.0,5112667.0,5062738.0,54018.4554391861
Cervix,Female,Incidence,2019,8.411225735,11.09640072,0.7678660326,567,Sweden,Northern Europe,18,80,1,27,23,2024,10279125.0,5169247.0,5109878.0,51648.9892820514
Cervix,Female,Incidence,2020,8.225110486,11.19725698,0.7866848276,576,Sweden,Northern Europe,18,80,1,27,23,2024,10353686.0,5209470.0,5144217.0,52568.5726980146
Cervix,Female,Incidence,2021,7.586031378,10.53336312,0.7025946165,545,Sweden,Northern Europe,18,80,1,27,23,2024,10416131.0,5242007.0,5174124.0,60647.5416365347
Cervix,Female,Incidence,2022,7.477893404,10.06254332,0.7225285112,524,Sweden,Northern Europe,18,80,1,27,23,2024,10487338.0,5279778.0,5207560.0,54836.8907235124
Cervix,Female,Mortality,2007,1.813388908,3.518391305,0.1861199554,162,Sweden,Northern Europe,18,80,1,27,23,2024,9148274.0,4543836.0,4604439.0,53568.3057787832
Cervix,Female,Mortality,2008,1.547607971,2.998386264,0.1549986155,139,Sweden,Northern Europe,18,80,1,27,23,2024,9219900.0,4583935.0,4635965.0,55817.1759726485
Cervix,Female,Mortality,2009,1.583684633,3.38173495,0.1776773813,158,Sweden,Northern Europe,18,80,1,27,23,2024,9298740.0,4626479.0,4672261.0,46707.6425044751
Cervix,Female,Mortality,2010,1.472486779,2.952109771,0.1632211525,139,Sweden,Northern Europe,18,80,1,27,23,2024,9378232.0,4669743.0,4708489.0,52542.5759090299
Cervix,Female,Mortality,2011,1.635110589,2.932068199,0.1733801094,139,Sweden,Northern Europe,18,80,1,27,23,2024,9449259.0,4708641.0,4740618.0,60379.4814599322
Cervix,Female,Mortality,2012,1.256680732,2.514136782,0.1352777439,120,Sweden,Northern Europe,18,80,1,27,23,2024,9519487.0,4746489.0,4772998.0,57749.5615420853
Cervix,Female,Mortality,2013,1.718528431,3.450965881,0.1738116676,166,Sweden,Northern Europe,18,80,1,27,23,2024,9600620.0,4790235.0,4810385.0,60843.9888799369
Cervix,Female,Mortality,2014,1.33398996,2.720072964,0.133339256,132,Sweden,Northern Europe,18,80,1,27,23,2024,9696433.0,4843383.0,4853050.0,59583.4584491714
Cervix,Female,Mortality,2015,1.767416278,3.358877978,0.1841224194,163,Sweden,Northern Europe,18,80,1,27,23,2024,9799481.0,4901707.0,4897775.0,51188.1652120493
Cervix,Female,Mortality,2016,1.340319416,2.726761253,0.142196648,135,Sweden,Northern Europe,18,80,1,27,23,2024,9923280.0,4972255.0,4951025.0,51703.5088332851
Cervix,Female,Mortality,2017,1.499524864,2.97423415,0.1544828216,149,Sweden,Northern Europe,18,80,1,27,23,2024,10057862.0,5048116.0,5009745.0,53210.2233318965
Cervix,Female,Mortality,2018,1.518536804,3.022124619,0.1567146663,153,Sweden,Northern Europe,18,80,1,27,23,2024,10175405.0,5112667.0,5062738.0,54018.4554391861
Cervix,Female,Mortality,2019,1.352979444,2.622431852,0.1307434185,134,Sweden,Northern Europe,18,80,1,27,23,2024,10279125.0,5169247.0,5109878.0,51648.9892820514
Cervix,Female,Mortality,2020,1.059033018,2.080048226,0.1081333576,107,Sweden,Northern Europe,18,80,1,27,23,2024,10353686.0,5209470.0,5144217.0,52568.5726980146
Cervix,Female,Mortality,2021,1.382846978,2.879764887,0.14398554,149,Sweden,Northern Europe,18,80,1,27,23,2024,10416131.0,5242007.0,5174124.0,60647.5416365347
Cervix,Female,Mortality,2022,1.333983896,2.89970543,0.1499217607,151,Sweden,Northern Europe,18,80,1,27,23,2024,10487338.0,5279778.0,5207560.0,54836.8907235124
Cervix,Female,Mortality,2023,1.02200996,2.274808314,0.1071394823,119,Sweden,Northern Europe,18,80,1,27,23,2024,10551494.0,5313529.0,5237965.0,54950.2834725622
Cervix,Female,Incidence,2007,4.630381483,7.360269266,0.431535878,74,Switzerland,Western Europe,38,85,1,10,25,2024,7545381.0,3701578.0,3843803.0,64989.1553256031
Cervix,Female,Incidence,2008,4.438565913,7.361587433,0.4449027092,75,Switzerland,Western Europe,38,85,1,10,25,2024,7641728.0,3755218.0,3886510.0,74175.1927898555
Cervix,Female,Incidence,2009,4.086511885,6.480436336,0.3803653665,67,Switzerland,Western Europe,38,85,1,10,25,2024,7737645.0,3806963.0,3930682.0,71568.3123885672
Cervix,Female,Incidence,2010,2.939984836,4.394638541,0.2868288637,46,Switzerland,Western Europe,38,85,1,10,25,2024,7825753.0,3853626.0,3972128.0,76531.3729407691
Cervix,Female,Incidence,2011,3.221163542,5.216053686,0.3272416165,55,Switzerland,Western Europe,38,85,1,10,25,2024,7914372.0,3900807.0,4013564.0,90476.7589651577
Cervix,Female,Incidence,2012,3.925544011,5.63346428,0.3780550828,60,Switzerland,Western Europe,38,85,1,10,25,2024,7998926.0,3946387.0,4052539.0,85836.2076767359
Cervix,Female,Incidence,2013,4.677678106,7.145521799,0.4235975503,77,Switzerland,Western Europe,38,85,1,10,25,2024,8091202.0,3996219.0,4094983.0,87304.3305813557
Cervix,Female,Incidence,2014,3.658884034,5.582394774,0.3495693978,61,Switzerland,Western Europe,38,85,1,10,25,2024,8190235.0,4048773.0,4141462.0000000005,88724.9909402638
Cervix,Female,Incidence,2015,3.678188283,5.423768036,0.3788042086,60,Switzerland,Western Europe,38,85,1,10,25,2024,8283933.999999999,4098434.0,4185501.0,83806.4476003837
Cervix,Female,Incidence,2016,2.707154105,4.562876437,0.2738518316,51,Switzerland,Western Europe,38,85,1,10,25,2024,8374901.0,4148242.0,4226659.0,82153.0745447889
Cervix,Female,Incidence,2017,4.171262463,6.654983473,0.4243589838,75,Switzerland,Western Europe,38,85,1,10,25,2024,8453628.0,4190849.0,4262779.0,82254.3769269767
Cervix,Female,Mortality,2007,1.175031308,2.367447031,0.1249512451,91,Switzerland,Western Europe,38,85,1,10,25,2024,7545381.0,3701578.0,3843803.0,64989.1553256031
Cervix,Female,Mortality,2008,1.012327258,2.058401746,0.1159294348,80,Switzerland,Western Europe,38,85,1,10,25,2024,7641728.0,3755218.0,3886510.0,74175.1927898555
Cervix,Female,Mortality,2009,0.9505385268,2.086151971,0.1009886701,82,Switzerland,Western Europe,38,85,1,10,25,2024,7737645.0,3806963.0,3930682.0,71568.3123885672
Cervix,Female,Mortality,2010,0.8490552155,1.586051807,0.08301044754,63,Switzerland,Western Europe,38,85,1,10,25,2024,7825753.0,3853626.0,3972128.0,76531.3729407691
Cervix,Female,Mortality,2011,1.042551146,2.267311264,0.1144860685,91,Switzerland,Western Europe,38,85,1,10,25,2024,7914372.0,3900807.0,4013564.0,90476.7589651577
Cervix,Female,Mortality,2012,1.039304755,2.220829954,0.108741742,90,Switzerland,Western Europe,38,85,1,10,25,2024,7998926.0,3946387.0,4052539.0,85836.2076767359
Cervix,Female,Mortality,2013,0.8529573851,1.709408806,0.1037276804,70,Switzerland,Western Europe,38,85,1,10,25,2024,8091202.0,3996219.0,4094983.0,87304.3305813557
Cervix,Female,Mortality,2014,0.8080366683,1.521201933,0.08035761666,63,Switzerland,Western Europe,38,85,1,10,25,2024,8190235.0,4048773.0,4141462.0000000005,88724.9909402638
Cervix,Female,Mortality,2015,0.8396766757,1.791900395,0.09540588762,75,Switzerland,Western Europe,38,85,1,10,25,2024,8283933.999999999,4098434.0,4185501.0,83806.4476003837
Cervix,Female,Mortality,2016,1.06519461,2.058363112,0.1068491068,87,Switzerland,Western Europe,38,85,1,10,25,2024,8374901.0,4148242.0,4226659.0,82153.0745447889
Cervix,Female,Mortality,2017,0.8331456504,1.61866219,0.08550188218,69,Switzerland,Western Europe,38,85,1,10,25,2024,8453628.0,4190849.0,4262779.0,82254.3769269767
Cervix,Female,Mortality,2018,0.8910398822,1.700241784,0.1002417299,73,Switzerland,Western Europe,38,85,1,10,25,2024,8516344.0,4222837.0,4293507.0,85217.3691512274
Cervix,Female,Mortality,2019,0.8124919296,1.734787934,0.08852122329,75,Switzerland,Western Europe,38,85,1,10,25,2024,8577524.0,4254229.0,4323295.0,84121.9310304414
Cervix,Female,Mortality,2020,0.9244267456,2.067310481,0.09540432629,90,Switzerland,Western Europe,38,85,1,10,25,2024,8640582.0,4287099.0,4353483.0,85897.7843338323
Cervix,Female,Mortality,2021,0.8364679689,1.641880729,0.0881089672,72,Switzerland,Western Europe,38,85,1,10,25,2024,8707023.0,4321809.0,4385215.0,93664.7736696111
Cervix,Female,Mortality,2022,0.8062978234,1.739343359,0.09208508974,77,Switzerland,Western Europe,38,85,1,10,25,2024,8792182.0,4365224.0,4426958.0,94394.5106803525
Cervix,Female,Mortality,2007,4.873214747,4.930638835,0.5292464543,4691,Brazil,South America,221,370,0,39,128,2023,188552320.0,93412519.0,95139802.0,7409.69003822861
Cervix,Female,Mortality,2008,4.856349601,5.055437114,0.5200119983,4858,Brazil,South America,221,370,0,39,128,2023,190367302.0,94272742.0,96094559.0,8908.33338467948
Cervix,Female,Mortality,2009,4.894236639,5.215535645,0.5315108279,5059,Brazil,South America,221,370,0,39,128,2023,192079951.0,95081284.0,96998666.0,8678.6584730653
Cervix,Female,Mortality,2010,4.677578143,5.095160242,0.5027371048,4986,Brazil,South America,221,370,0,39,128,2023,193701929.0,95844360.0,97857570.0,11403.2840038694
Cervix,Female,Mortality,2011,4.686738124,5.22808721,0.5042420789,5160,Brazil,South America,221,370,0,39,128,2023,195284734.0,96587069.0,98697665.0,13396.6263158041
Cervix,Female,Mortality,2012,4.643817636,5.287170857,0.4967858308,5263,Brazil,South America,221,370,0,39,128,2023,196876111.0,97333272.0,99542840.0,12521.7238454434
Cervix,Female,Mortality,2013,4.632074792,5.408732404,0.4950074541,5430,Brazil,South America,221,370,0,39,128,2023,198478299.0,98085091.0,100393208.0,12458.8903396625
Cervix,Female,Mortality,2014,4.513669026,5.380976707,0.4790924535,5448,Brazil,South America,221,370,0,39,128,2023,200085127.0,98839567.0,101245560.0,12274.9941630213
Cervix,Female,Mortality,2015,4.604653224,5.608882138,0.490326456,5726,Brazil,South America,221,370,0,39,128,2023,201675532.0,99587454.0,102088079.0,8936.1955889444
Cervix,Female,Mortality,2016,4.589192727,5.680781514,0.4839128821,5846,Brazil,South America,221,370,0,39,128,2023,203218114.0,100309738.0,102908376.0,8836.28546025694
Cervix,Female,Mortality,2017,4.871826608,6.157081676,0.513459859,6385,Brazil,South America,221,370,0,39,128,2023,204703445.0,101001719.0,103701727.0,10080.5078722821
Cervix,Female,Mortality,2018,4.843195263,6.247801757,0.5133950668,6526,Brazil,South America,221,370,0,39,128,2023,206107261.0,101654523.0,104452738.0,9300.66072904004
Cervix,Female,Mortality,2019,4.806251716,6.27146859,0.5085635667,6596,Brazil,South America,221,370,0,39,128,2023,207455459.0,102280732.0,105174727.0,9029.83304401079
Cervix,Female,Mortality,2020,4.709476528,6.262736126,0.4893384205,6627,Brazil,South America,221,370,0,39,128,2023,208660842.0,102844473.0,105816370.0,7074.19407495707
Cervix,Female,Mortality,2021,4.633462719,6.213678937,0.4808143084,6606,Brazil,South America,221,370,0,39,128,2023,209550294.0,103236465.0,106313829.0,7972.53696080695
Cervix,Female,Incidence,2007,16.22222249,21.42471477,1.656262625,596,Thailand,South-Eastern Asia,56,154,1,4,25,2025,67102394.0,33161086.000000004,33941308.0,3918.52817434581
Cervix,Female,Incidence,2008,17.65299819,23.55723501,1.806236883,662,Thailand,South-Eastern Asia,56,154,1,4,25,2025,67619830.0,33407483.999999996,34212346.0,4309.13509292986
Cervix,Female,Incidence,2009,14.94207245,20.23495065,1.563524715,575,Thailand,South-Eastern Asia,56,154,1,4,25,2025,68121080.0,33645653.0,34475427.0,4135.43986952819
Cervix,Female,Incidence,2010,13.83287995,19.46945729,1.448221212,560,Thailand,South-Eastern Asia,56,154,1,4,25,2025,68579447.0,33856529.0,34722918.0,4973.86288823778
Cervix,Female,Incidence,2011,11.23358781,15.9556018,1.189233665,460,Thailand,South-Eastern Asia,56,154,1,4,25,2025,69007208.0,34044537.0,34962671.0,5373.6232832898
Cervix,Female,Incidence,2012,10.7192487,15.2003047,1.188272899,439,Thailand,South-Eastern Asia,56,154,1,4,25,2025,69436098.0,34229836.0,35206262.0,5725.52802835463
Cervix,Female,Incidence,2013,12.89241768,18.17353797,1.429211309,508,Thailand,South-Eastern Asia,56,154,1,4,25,2025,69845114.0,34403336.0,35441779.0,6018.08244729255
Cervix,Female,Incidence,2014,10.97637235,15.64403722,1.160422522,439,Thailand,South-Eastern Asia,56,154,1,4,25,2025,70216367.0,34556461.0,35659906.0,5801.1978916205
Cervix,Female,Incidence,2015,11.68835377,17.11113004,1.197659895,482,Thailand,South-Eastern Asia,56,154,1,4,25,2025,70540795.0,34684565.0,35856230.0,5688.85335397884
Cervix,Female,Incidence,2016,10.59434945,15.1953129,1.087907948,429,Thailand,South-Eastern Asia,56,154,1,4,25,2025,70859841.0,34808522.0,36051319.0,5833.57715617098
Cervix,Female,Incidence,2017,10.46677491,15.01436787,1.048024525,425,Thailand,South-Eastern Asia,56,154,1,4,25,2025,71160187.0,34921723.0,36238464.0,6413.09182530343
Cervix,Female,Incidence,2007,5.358342933,6.127607048,0.5902327583,166,Turkiye,Western Asia,145,300,0,0,31,2025,70750586.0,35465804.0,35284783.0,9766.91734545294
Cervix,Female,Incidence,2008,4.918843359,5.789999215,0.5449419734,163,Turkiye,Western Asia,145,300,0,0,31,2025,71562338.0,35875838.0,35686501.0,10913.4079047769
Cervix,Female,Incidence,2009,5.325172058,6.3523977,0.5984945437,183,Turkiye,Western Asia,145,300,0,0,31,2025,72464848.0,36348190.0,36116658.0,9076.92472236977
Cervix,Female,Incidence,2010,5.568593253,6.632867389,0.6234845664,195,Turkiye,Western Asia,145,300,0,0,31,2025,73346769.0,36810898.0,36535871.0,10698.9699409757
Cervix,Female,Incidence,2011,5.118327926,6.410746548,0.5764749141,192,Turkiye,Western Asia,145,300,0,0,31,2025,74215203.0,37248974.0,36966229.0,11373.6355760885
Cervix,Female,Incidence,2012,5.271925772,6.54458871,0.5527894665,199,Turkiye,Western Asia,145,300,0,0,31,2025,75197198.0,37726635.0,37470564.0,11776.7593362033
Cervix,Female,Incidence,2013,4.86643987,6.158981698,0.5270315115,191,Turkiye,Western Asia,145,300,0,0,31,2025,76403031.0,38318399.0,38084632.0,12635.5570016068
Cervix,Female,Incidence,2014,5.293802591,6.862282838,0.5659519923,217,Turkiye,Western Asia,145,300,0,0,31,2025,78036154.0,39125774.0,38910380.0,12209.3862327674
Cervix,Female,Incidence,2015,5.14656144,6.733753888,0.5588769507,217,Turkiye,Western Asia,145,300,0,0,31,2025,80014226.0,40105684.0,39908542.0,11064.6494504662
Cervix,Female,Incidence,2016,5.942695911,7.792131597,0.607579107,255,Turkiye,Western Asia,145,300,0,0,31,2025,81652088.0,40913630.0,40738458.0,10984.3643169061
Cervix,Female,Incidence,2017,5.133502911,6.841588297,0.5496629415,227,Turkiye,Western Asia,145,300,0,0,31,2025,83083662.0,41617836.0,41465825.0,10756.3877677883
Cervix,Female,Incidence,2007,62.69247118,20.50012718,6.940298397,216,Uganda,Eastern Africa,1,5,0,0,1,2024,29653430.0,14607794.0,15045636.0,401.389130865581
Cervix,Female,Incidence,2008,44.50798329,16.99280364,4.859464626,186,Uganda,Eastern Africa,1,5,0,0,1,2024,30539553.0,15050621.0,15488932.0,472.842681495852
Cervix,Female,Incidence,2009,45.40003161,17.23343568,4.858620418,196,Uganda,Eastern Africa,1,5,0,0,1,2024,31451151.0,15506522.0,15944629.0,798.947089938247
Cervix,Female,Incidence,2010,48.12704314,17.34417528,5.408021389,205,Uganda,Eastern Africa,1,5,0,0,1,2024,32390802.0,15976604.0,16414197.0,823.488144282
Cervix,Female,Incidence,2011,52.0716571,19.45336849,5.925186258,239,Uganda,Eastern Africa,1,5,0,0,1,2024,33354542.999999996,16459060.000000002,16895483.0,835.620060555838
Cervix,Female,Incidence,2012,60.32795013,23.25246382,6.678069631,297,Uganda,Eastern Africa,1,5,0,0,1,2024,34337438.0,16951274.0,17386163.0,795.222867553127
Cervix,Female,Incidence,2013,49.68242332,17.61817352,5.822802157,234,Uganda,Eastern Africa,1,5,0,0,1,2024,35337042.0,17451807.0,17885235.0,818.285427416713
Cervix,Female,Incidence,2014,60.35106711,21.79013566,6.7766275,301,Uganda,Eastern Africa,1,5,0,0,1,2024,36395539.0,17981739.0,18413800.0,896.054795546394
Cervix,Female,Incidence,2015,50.29101434,17.3493678,5.640038171,247,Uganda,Eastern Africa,1,5,0,0,1,2024,37531446.0,18550371.0,18981075.0,862.934610355811
Cervix,Female,Incidence,2016,44.54509311,16.30270925,5.087987183,239,Uganda,Eastern Africa,1,5,0,0,1,2024,38799152.0,19185091.0,19614061.0,752.696571725656
Cervix,Female,Incidence,2017,36.1417977,13.12697029,3.756924863,198,Uganda,Eastern Africa,1,5,0,0,1,2024,40177388.0,19875318.0,20302070.0,765.218332297361
Cervix,Female,Incidence,2007,5.181906301,6.798975854,0.5188543574,974,United States of America,Northern America,2237,3892,44,6,638,2024,301844226.0,150417936.0,151426290.0,48050.2237771135
Cervix,Female,Incidence,2008,5.358712746,6.940574168,0.535855971,1004,United States of America,Northern America,2237,3892,44,6,638,2024,304970333.0,152028632.0,152941701.0,48570.0459804586
Cervix,Female,Incidence,2009,5.468546513,7.072343986,0.5457563017,1033,United States of America,Northern America,2237,3892,44,6,638,2024,308023454.0,153598884.0,154424570.0,47194.9433547336
Cervix,Female,Incidence,2010,5.350304404,7.007402995,0.5225540224,1032,United States of America,Northern America,2237,3892,44,6,638,2024,311062790.0,155157146.0,155905644.0,48642.6100179312
Cervix,Female,Incidence,2011,5.26381215,6.858051854,0.5134968661,1019,United States of America,Northern America,2237,3892,44,6,638,2024,314105078.0,156786614.0,157318464.0,50024.868799398
Cervix,Female,Incidence,2012,5.191287103,6.790675429,0.5195892898,1018,United States of America,Northern America,2237,3892,44,6,638,2024,317115355.0,158465878.0,158649476.0,51708.4011556577
Cervix,Female,Incidence,2013,5.089655483,6.591985734,0.4895710647,996,United States of America,Northern America,2237,3892,44,6,638,2024,320110759.0,160131142.0,159979617.0,53179.0127634561
Cervix,Female,Incidence,2014,5.389524354,6.999416475,0.5162312353,1066,United States of America,Northern America,2237,3892,44,6,638,2024,323115377.0,161794258.0,161321120.0,54973.4207515712
Cervix,Female,Incidence,2015,5.464176354,7.066427151,0.5398642156,1085,United States of America,Northern America,2237,3892,44,6,638,2024,326126497.0,163455402.0,162671094.0,56572.9188996063
Cervix,Female,Incidence,2016,5.054139486,6.683271313,0.4829837391,1035,United States of America,Northern America,2237,3892,44,6,638,2024,329179427.0,165136242.0,164043185.0,57638.1018367192
Cervix,Female,Incidence,2017,4.944225591,6.534057573,0.4796679639,1019,United States of America,Northern America,2237,3892,44,6,638,2024,332204660.0,166798058.0,165406601.0,59635.0984397965
Cervix,Female,Mortality,2007,1.802196294,2.655417374,0.1935951926,4021,United States of America,Northern America,2237,3892,44,6,638,2024,301844226.0,150417936.0,151426290.0,48050.2237771135
Cervix,Female,Mortality,2008,1.783779186,2.620606406,0.1923072035,4008,United States of America,Northern America,2237,3892,44,6,638,2024,304970333.0,152028632.0,152941701.0,48570.0459804586
Cervix,Female,Mortality,2009,1.725630417,2.533923196,0.1842412164,3913,United States of America,Northern America,2237,3892,44,6,638,2024,308023454.0,153598884.0,154424570.0,47194.9433547336
Cervix,Female,Mortality,2010,1.703014321,2.526528161,0.1825829921,3939,United States of America,Northern America,2237,3892,44,6,638,2024,311062790.0,155157146.0,155905644.0,48642.6100179312
Cervix,Female,Mortality,2011,1.735213756,2.601093283,0.185847602,4092,United States of America,Northern America,2237,3892,44,6,638,2024,314105078.0,156786614.0,157318464.0,50024.868799398
Cervix,Female,Mortality,2012,1.723794863,2.567925271,0.1852150059,4074,United States of America,Northern America,2237,3892,44,6,638,2024,317115355.0,158465878.0,158649476.0,51708.4011556577
Cervix,Female,Mortality,2013,1.758421312,2.635960805,0.1857435399,4217,United States of America,Northern America,2237,3892,44,6,638,2024,320110759.0,160131142.0,159979617.0,53179.0127634561
Cervix,Female,Mortality,2014,1.694258797,2.550812945,0.1788976054,4115,United States of America,Northern America,2237,3892,44,6,638,2024,323115377.0,161794258.0,161321120.0,54973.4207515712
Cervix,Female,Mortality,2015,1.696197001,2.566528507,0.1827714694,4175,United States of America,Northern America,2237,3892,44,6,638,2024,326126497.0,163455402.0,162671094.0,56572.9188996063
Cervix,Female,Mortality,2016,1.680992269,2.552986284,0.1805427881,4188,United States of America,Northern America,2237,3892,44,6,638,2024,329179427.0,165136242.0,164043185.0,57638.1018367192
Cervix,Female,Mortality,2017,1.667003148,2.54342932,0.1762816447,4207,United States of America,Northern America,2237,3892,44,6,638,2024,332204660.0,166798058.0,165406601.0,59635.0984397965
Cervix,Female,Mortality,2018,1.607717623,2.482336694,0.1713306275,4138,United States of America,Northern America,2237,3892,44,6,638,2024,335056497.0,168358724.0,166697774.0,62499.8744390068
Cervix,Female,Mortality,2019,1.606452857,2.472270968,0.1720787701,4152,United States of America,Northern America,2237,3892,44,6,638,2024,337790067.0,169847310.0,167942756.0,64746.4506778863
Cervix,Female,Mortality,2020,1.636803221,2.531914817,0.1742556642,4272,United States of America,Northern America,2237,3892,44,6,638,2024,339436159.0,170710103.0,168726055.0,63515.9491807833
Cervix,Female,Mortality,2021,1.676837428,2.581528129,0.1765550395,4366,United States of America,Northern America,2237,3892,44,6,638,2024,340161441.0,171036807.0,169124634.0,70205.050916026
Cervix,Female,Mortality,2022,1.509663419,2.384886922,0.1606750688,4051,United States of America,Northern America,2237,3892,44,6,638,2024,341534046.0,171672742.0,169861303.0,76657.2488844403
Cervix,Female,Mortality,2007,4.160835177,5.592607397,0.4482226885,95,Uruguay,South America,12,23,0,0,5,2025,3295153.0,1596481.0,1698671.0,7222.05403645877
Cervix,Female,Mortality,2008,4.450194387,5.873076934,0.4711992412,100,Uruguay,South America,12,23,0,0,5,2025,3302177.0,1599492.0,1702686.0,9423.96562595893
Cervix,Female,Mortality,2009,3.236302249,4.393634502,0.3345382611,75,Uruguay,South America,12,23,0,0,5,2025,3310091.0,1603078.0,1707013.0,9881.39573127081
Cervix,Female,Mortality,2010,3.139399499,4.557261997,0.3167395185,78,Uruguay,South America,12,23,0,0,5,2025,3318580.0,1607026.0,1711554.0,12641.0576849008
Cervix,Female,Mortality,2011,3.025788836,4.370991073,0.2964087746,75,Uruguay,South America,12,23,0,0,5,2025,3326825.0,1610967.0,1715858.0,15132.2675725587
Cervix,Female,Mortality,2012,3.143935989,4.476317374,0.298973505,77,Uruguay,South America,12,23,0,0,5,2025,3335401.0,1615239.0,1720162.0,16259.5940814256
Cervix,Female,Mortality,2013,3.912988237,5.275224704,0.4219115334,91,Uruguay,South America,12,23,0,0,5,2025,3345337.0,1620293.0,1725044.0,18335.2594772322
Cervix,Female,Mortality,2014,3.434148626,4.97000946,0.3580228734,86,Uruguay,South America,12,23,0,0,5,2025,3356334.0,1625954.0,1730380.0,18322.4276767157
Cervix,Female,Mortality,2015,3.34865746,4.665984626,0.3693684323,81,Uruguay,South America,12,23,0,0,5,2025,3368017.0,1632047.0,1735969.0,17125.9016800298
Cervix,Female,Mortality,2016,3.201557552,4.536973173,0.3095215245,79,Uruguay,South America,12,23,0,0,5,2025,3379283.0,1638035.0,1741247.0,17009.7584207276
Cervix,Female,Mortality,2017,3.754839395,5.213614983,0.3988931777,91,Uruguay,South America,12,23,0,0,5,2025,3388438.0,1643006.0,1745431.0,19184.6502617082
Cervix,Female,Mortality,2018,2.966462558,4.118126161,0.3210363793,72,Uruguay,South America,12,23,0,0,5,2025,3394534.0,1646166.0,1748368.0,19249.9404677501
Cervix,Female,Mortality,2019,3.736937777,5.486535698,0.379495249,96,Uruguay,South America,12,23,0,0,5,2025,3397206.0,1647468.0,1749737.0,18315.7316980028
Cervix,Female,Mortality,2020,4.240395545,6.112658001,0.4177339973,107,Uruguay,South America,12,23,0,0,5,2025,3398968.0,1648503.0,1750466.0,15757.5355995779
Cervix,Female,Mortality,2021,4.331308846,6.116865284,0.4391559988,107,Uruguay,South America,12,23,0,0,5,2025,3396695.0,1647432.0,1749263.0,17881.818721099
Cervix,Female,Mortality,2022,3.656837237,5.439440986,0.3799266175,95,Uruguay,South America,12,23,0,0,5,2025,3390913.0,1644412.0,1746501.0,20818.6146091144
Cervix,Female,Mortality,2007,4.419004447,3.425871156,0.4977452292,462,Uzbekistan,Central Asia,15,20,0,4,9,2023,27076008.0,13609358.0,13466650.0,824.028192334768
Cervix,Female,Mortality,2008,4.496827787,3.560045095,0.5035019802,487,Uzbekistan,Central Asia,15,20,0,4,9,2023,27494774.0,13821283.0,13673491.0,1074.72928796701
Cervix,Female,Mortality,2009,4.649654763,3.762546416,0.5162321904,522,Uzbekistan,Central Asia,15,20,0,4,9,2023,27939328.0,14047006.0,13892323.0,1205.7993547038
Cervix,Female,Mortality,2010,4.83305358,3.93814064,0.5562949963,562,Uzbekistan,Central Asia,15,20,0,4,9,2023,28385506.0,14274243.0,14111263.0,1753.20730243278
Cervix,Female,Mortality,2011,4.847688947,4.038489809,0.5678971355,592,Uzbekistan,Central Asia,15,20,0,4,9,2023,28823196.0,14497574.0,14325622.0,2087.86386135694
Cervix,Female,Mortality,2012,4.784661565,4.095812419,0.5314065343,609,Uzbekistan,Central Asia,15,20,0,4,9,2023,29261903.0,14721442.0,14540460.0,2307.34649117185
Cervix,Female,Mortality,2013,4.88019311,4.113929753,0.5636566173,621,Uzbekistan,Central Asia,15,20,0,4,9,2023,29724065.0,14957337.0,14766728.0,2461.97947403595
Cervix,Female,Mortality,2014,4.634386817,4.080083567,0.514425939,626,Uzbekistan,Central Asia,15,20,0,4,9,2023,30222994.0,15212240.0,15010753.0,2674.9628382103
Cervix,Female,Mortality,2015,5.426418778,4.870745476,0.6130907905,760,Uzbekistan,Central Asia,15,20,0,4,9,2023,30749346.0,15481660.0,15267686.0,2803.19018021751
Cervix,Female,Mortality,2016,5.137868761,4.613068483,0.5857870239,732,Uzbekistan,Central Asia,15,20,0,4,9,2023,31284568.0,15755847.0,15528721.0,2753.37951427589
Cervix,Female,Mortality,2017,5.722336637,5.214165816,0.671386431,841,Uzbekistan,Central Asia,15,20,0,4,9,2023,31819178.0,16029110.0,15790068.0,2190.60411562888
Cervix,Female,Mortality,2018,6.120381244,5.670086562,0.7039706641,930,Uzbekistan,Central Asia,15,20,0,4,9,2023,32373490.0,16311735.0,16061755.0,1813.08530813664
Cervix,Female,Mortality,2019,6.289395339,5.843451655,0.7391089051,976,Uzbekistan,Central Asia,15,20,0,4,9,2023,32964701.0,16612447.0,16352254.0,2041.38480729431
Cervix,Female,Mortality,2007,9.584215571,8.777459542,1.016007426,1215,Venezuela,South America,41,53,0,0,13,2025,27649363.0,13807091.0,13842272.0,8331.62096991844
Cervix,Female,Mortality,2008,9.258377692,8.666904188,0.9795140447,1218,Venezuela,South America,41,53,0,0,13,2025,28053696.0,14000234.0,14053462.0,11262.4514256759
Cervix,Female,Mortality,2009,8.827942164,8.41064722,0.9165955435,1199,Venezuela,South America,41,53,0,0,13,2025,28438298.0,14182559.0,14255738.0,11596.6021921731
Cervix,Female,Mortality,2010,8.857378682,8.566350048,0.9150352982,1238,Venezuela,South America,41,53,0,0,13,2025,28813101.0,14361204.0,14451897.0,13646.3046622664
Cervix,Female,Mortality,2011,9.241072475,9.087234722,0.9863078767,1331,Venezuela,South America,41,53,0,0,13,2025,29185212.0,14538290.0,14646921.0,10843.9229703167
Cervix,Female,Mortality,2012,8.97366418,8.90107323,0.9540947318,1321,Venezuela,South America,41,53,0,0,13,2025,29553826.0,14712919.0,14840907.0,12607.2361246243
Cervix,Female,Mortality,2013,9.133122681,9.222047747,0.9706289163,1386,Venezuela,South America,41,53,0,0,13,2025,29912198.0,14882999.0,15029199.0,8656.35669723668
Cervix,Female,Mortality,2014,9.922532565,10.27655708,1.02353583,1563,Venezuela,South America,41,53,0,0,13,2025,30254079.0,15044704.0,15209374.0,7096.22047105512
Cervix,Female,Mortality,2015,9.740112026,10.17641217,1.023116417,1565,Venezuela,South America,41,53,0,0,13,2025,30573972.0,15195272.0,15378701.0,4103.1384987005
Cervix,Female,Mortality,2016,9.708691568,10.29366921,1.014770395,1594,Venezuela,South America,41,53,0,0,13,2025,30765720.0,15280477.0,15485244.0,3670.15737848208
Cervix,Female,Incidence,2007,8.314284473499999,10.472119439250001,0.735100950975,2912,United Kingdom,Northern Europe,78,358,7,49,56,2024,61535855.0,29985226.0,31550629.0,50629.0799172887
Cervix,Female,Incidence,2008,9.11811502775,11.39395631675,0.7928154283,2991,United Kingdom,Northern Europe,78,358,7,49,56,2024,62027306.0,30250598.0,31776709.0,47652.4030691881
Cervix,Female,Incidence,2009,9.471971662,11.8707356625,0.819318890825,3409,United Kingdom,Northern Europe,78,358,7,49,56,2024,62506226.0,30507995.0,31998231.0,39009.3715547821
Cervix,Female,Incidence,2010,7.8542956265,9.8294170245,0.68425342265,2916,United Kingdom,Northern Europe,78,358,7,49,56,2024,63006483.0,30780549.0,32225934.0,39778.3220528565
Cervix,Female,Incidence,2011,8.17577299025,10.29198205975,0.723753019075,3111,United Kingdom,Northern Europe,78,358,7,49,56,2024,63509285.0,31054232.0,32455054.0,42295.9273835322
Cervix,Female,Incidence,2012,8.4710341515,10.485079204249999,0.74867936765,3111,United Kingdom,Northern Europe,78,358,7,49,56,2024,63960484.0,31295121.0,32665363.0,42688.3263728372
Cervix,Female,Incidence,2013,8.4584183045,10.609868497499999,0.751864545275,3262,United Kingdom,Northern Europe,78,358,7,49,56,2024,64389388.0,31525047.0,32864341.0,43606.9837896348
Cervix,Female,Incidence,2014,8.66918865625,10.7033145525,0.746739074575,3248,United Kingdom,Northern Europe,78,358,7,49,56,2024,64865916.0,31781474.0,33084442.000000004,47746.2421759562
Cervix,Female,Incidence,2015,8.48968665775,10.440495711,0.747581767025,3166,United Kingdom,Northern Europe,78,358,7,49,56,2024,65382110.0,32064103.0,33318006.999999996,45255.3449216209
Cervix,Female,Incidence,2016,8.47435997925,10.32673634475,0.753139393925,3223,United Kingdom,Northern Europe,78,358,7,49,56,2024,65893357.99999999,32345736.0,33547622.000000004,41257.9085545556
Cervix,Female,Incidence,2017,7.44061857125,9.2463748695,0.6732384688999999,3145,United Kingdom,Northern Europe,78,358,7,49,56,2024,66354471.00000001,32591476.0,33762995.0,40916.8115070354
Cervix,Female,Mortality,2007,1.77113159025,2.920425615,0.17605562659500001,1884,United Kingdom,Northern Europe,78,358,7,49,56,2024,61535855.0,29985226.0,31550629.0,50629.0799172887
Cervix,Female,Mortality,2008,1.85620494,3.22679922275,0.1849061018,1918,United Kingdom,Northern Europe,78,358,7,49,56,2024,62027306.0,30250598.0,31776709.0,47652.4030691881
Cervix,Female,Mortality,2009,1.75628142225,3.0632926115,0.1787431091,1918,United Kingdom,Northern Europe,78,358,7,49,56,2024,62506226.0,30507995.0,31998231.0,39009.3715547821
Cervix,Female,Mortality,2010,1.76087345275,3.0524942375,0.17546314547500003,1880,United Kingdom,Northern Europe,78,358,7,49,56,2024,63006483.0,30780549.0,32225934.0,39778.3220528565
Cervix,Female,Mortality,2011,1.87493621875,3.10982403,0.188972139475,1950,United Kingdom,Northern Europe,78,358,7,49,56,2024,63509285.0,31054232.0,32455054.0,42295.9273835322
Cervix,Female,Mortality,2012,1.8275575815,3.0033962457500003,0.1900201905,1840,United Kingdom,Northern Europe,78,358,7,49,56,2024,63960484.0,31295121.0,32665363.0,42688.3263728372
Cervix,Female,Mortality,2013,1.653660412,2.7364479517499998,0.165650035025,1772,United Kingdom,Northern Europe,78,358,7,49,56,2024,64389388.0,31525047.0,32864341.0,43606.9837896348
Cervix,Female,Mortality,2014,1.7017966055,2.8107175507499997,0.17414766004999999,1786,United Kingdom,Northern Europe,78,358,7,49,56,2024,64865916.0,31781474.0,33084442.000000004,47746.2421759562
Cervix,Female,Mortality,2015,1.62677199225,2.80898426925,0.16505330162499998,1710,United Kingdom,Northern Europe,78,358,7,49,56,2024,65382110.0,32064103.0,33318006.999999996,45255.3449216209
Cervix,Female,Mortality,2016,1.7031138225,2.81128236775,0.162986719425,1708,United Kingdom,Northern Europe,78,358,7,49,56,2024,65893357.99999999,32345736.0,33547622.000000004,41257.9085545556
Cervix,Female,Mortality,2017,1.6525741365,2.68559197325,0.16887864405,1704,United Kingdom,Northern Europe,78,358,7,49,56,2024,66354471.00000001,32591476.0,33762995.0,40916.8115070354
Cervix,Female,Mortality,2018,1.4113100832,2.4255713402500003,0.13781848951,1714,United Kingdom,Northern Europe,78,358,7,49,56,2024,66752475.00000001,32800273.0,33952202.0,43702.9976303165
Cervix,Female,Mortality,2019,1.7288187945,2.820946395,0.17888385995,1702,United Kingdom,Northern Europe,78,358,7,49,56,2024,67110958.0,32992981.0,34117977.0,43158.7411267323
Cervix,Female,Mortality,2020,1.5082557213249999,2.651346263,0.15168178954,1752,United Kingdom,Northern Europe,78,358,7,49,56,2024,67351861.0,33128760.000000004,34223101.0,40812.6794663879
Cervix,Female,Mortality,2021,1.4693171403333334,2.432411838333333,0.14822009273333334,1652,United Kingdom,Northern Europe,78,358,7,49,56,2024,67668792.0,33298161.0,34370631.0,47691.3768799404
Cervix,Female,Mortality,2022,1.429071643,2.3593250555,0.14437587465,806,United Kingdom,Northern Europe,78,358,7,49,56,2024,68179315.0,33558255.0,34621061.0,47057.043229179
Cervix,Female,Mortality,2023,1.371508468,2.453356012,0.1488034055,761,United Kingdom,Northern Europe,78,358,7,49,56,2024,68682962.0,33812594.0,34870368.0,49944.4702124201
