Cancer id,Cancer label,Population id,Country label,Sex,Type,Year,ASR (World),Crude rate,Cumulative risk,Total
2,Oesophagus,112,Belarus,1,0,1983,3.961862287,4.129667155,0.4616451031,188
2,Oesophagus,112,Belarus,1,0,1984,3.978175127,4.248421548,0.4883076704,195
2,Oesophagus,112,Belarus,1,0,1985,4.382693402,4.454415223,0.553740994,206
2,Oesophagus,112,Belarus,1,0,1986,4.544756743,4.699313664,0.5572242424,219
2,Oesophagus,112,Belarus,1,0,1987,4.796700605,5.064876169,0.5997788034,238
2,Oesophagus,112,Belarus,1,0,1988,5.110237835,5.278435354,0.6961117122,250
2,Oesophagus,112,Belarus,1,0,1989,5.393369989,5.690020645,0.672510722,272
2,Oesophagus,112,Belarus,1,0,1990,5.543560317,6.292095372,0.702231104,301
2,Oesophagus,112,Belarus,1,0,1991,6.082670916,6.892436428,0.7389507705,330
2,Oesophagus,112,Belarus,1,0,1992,6.047687894,6.831370737,0.7680449387,328
2,Oesophagus,112,Belarus,1,0,1993,6.315628635,7.235918438,0.7877823604,350
2,Oesophagus,112,Belarus,1,0,1994,6.115783584,6.991359999,0.7407280221,339
2,Oesophagus,112,Belarus,1,0,1995,5.820818619,6.760503847,0.7229803421,325
2,Oesophagus,112,Belarus,1,0,1996,5.38936121,6.240214446,0.6801930636,299
2,Oesophagus,112,Belarus,1,0,1997,5.529984984,6.593082287,0.6597588129,315
2,Oesophagus,112,Belarus,1,0,1998,5.820196247,7.036764046,0.7434266292,335
2,Oesophagus,112,Belarus,1,0,1999,6.258603475,7.499170036,0.7685528957,356
2,Oesophagus,112,Belarus,1,0,2000,5.77909009,7.101529763,0.7353622658,334
2,Oesophagus,112,Belarus,1,0,2001,6.622666595,8.063626708,0.8160694696,378
2,Oesophagus,112,Belarus,1,0,2002,5.92559589,7.307441418,0.717739284,341
2,Oesophagus,112,Belarus,1,0,2003,6.766604182,8.412697074,0.8843951167,389
2,Oesophagus,112,Belarus,1,0,2004,6.117872679,7.549003803,0.7945984618,347
2,Oesophagus,112,Belarus,1,0,2005,6.428817754,8.207145732,0.7999433226,375
2,Oesophagus,112,Belarus,1,0,2006,6.991020943,8.954572376,0.9346783679,407
2,Oesophagus,112,Belarus,1,0,2007,6.854918373,8.634735664,0.8877594406,391
2,Oesophagus,112,Belarus,1,0,2008,6.483025885,8.617129003,0.8119961484,382
2,Oesophagus,112,Belarus,1,0,2009,6.848790323,9.294880421,0.8885114907,411
2,Oesophagus,112,Belarus,1,0,2010,7.231852246,9.811419087,0.9361897467,433
2,Oesophagus,112,Belarus,1,0,2011,6.972509232,9.742854502,0.8907878979,429
2,Oesophagus,112,Belarus,1,0,2012,7.091676732,9.845585744,0.8809118068,433
2,Oesophagus,112,Belarus,1,0,2013,7.741292743,11.06048275,1.020941196,483
2,Oesophagus,112,Belarus,1,0,2014,7.018948739,10.07342381,0.9203459726,440
2,Oesophagus,112,Belarus,1,0,2015,8.490581697,12.32498634,1.111565494,539
2,Oesophagus,112,Belarus,1,0,2016,8.236619815,12.1993093,1.045792147,534
2,Oesophagus,112,Belarus,1,0,2017,7.741952178,11.73315646,1.002531277,513
2,Oesophagus,112,Belarus,2,0,1983,0.5115510565,0.8800979434,0.05966297286,46
2,Oesophagus,112,Belarus,2,0,1984,0.5798727354,1.007551695,0.08122031441,53
2,Oesophagus,112,Belarus,2,0,1985,0.4831954886,0.8507367286,0.06691930558,45
2,Oesophagus,112,Belarus,2,0,1986,0.6050181074,1.071388092,0.06726329435,57
2,Oesophagus,112,Belarus,2,0,1987,0.5467537259,1.009189794,0.05510781486,54
2,Oesophagus,112,Belarus,2,0,1988,0.6020551624,1.022532147,0.07031213655,55
2,Oesophagus,112,Belarus,2,0,1989,0.5173445288,0.9422533564,0.06575577371,51
2,Oesophagus,112,Belarus,2,0,1990,0.4759430049,0.9580711228,0.0556659225,52
2,Oesophagus,112,Belarus,2,0,1991,0.6673285501,1.198246136,0.0951988974,65
2,Oesophagus,112,Belarus,2,0,1992,0.5653168419,1.10467271,0.07197066452,60
2,Oesophagus,112,Belarus,2,0,1993,0.4814798668,0.9705494995,0.05380263544,53
2,Oesophagus,112,Belarus,2,0,1994,0.5610693016,1.078499402,0.07986155363,59
2,Oesophagus,112,Belarus,2,0,1995,0.429141058,0.8014731076,0.0563493915,44
2,Oesophagus,112,Belarus,2,0,1996,0.3367872045,0.7126039168,0.04252285684,39
2,Oesophagus,112,Belarus,2,0,1997,0.3377219473,0.6961757235,0.03485868119,38
2,Oesophagus,112,Belarus,2,0,1998,0.5089681466,1.010448775,0.05751820015,55
2,Oesophagus,112,Belarus,2,0,1999,0.304911419,0.6259286526,0.04193444677,34
2,Oesophagus,112,Belarus,2,0,2000,0.4282937045,0.8840788312,0.0522912303,47
2,Oesophagus,112,Belarus,2,0,2001,0.3638049156,0.6977553775,0.03444063307,37
2,Oesophagus,112,Belarus,2,0,2002,0.3164445066,0.6623188274,0.03796032911,35
2,Oesophagus,112,Belarus,2,0,2003,0.2682582775,0.5714434834,0.02961184074,30
2,Oesophagus,112,Belarus,2,0,2004,0.4863112498,0.9181445446,0.05494692419,48
2,Oesophagus,112,Belarus,2,0,2005,0.3199712671,0.6722859528,0.0352868417,35
2,Oesophagus,112,Belarus,2,0,2006,0.4597066561,0.9060525661,0.05927020485,47
2,Oesophagus,112,Belarus,2,0,2007,0.4033717591,1.005045716,0.042867545,52
2,Oesophagus,112,Belarus,2,0,2008,0.277659339,0.6869541904,0.02939908405,35
2,Oesophagus,112,Belarus,2,0,2009,0.4001416353,0.9046257052,0.04557882402,46
2,Oesophagus,112,Belarus,2,0,2010,0.3048323695,0.7484207338,0.02811453976,38
2,Oesophagus,112,Belarus,2,0,2011,0.3500343404,0.7889631939,0.04168617364,40
2,Oesophagus,112,Belarus,2,0,2012,0.452995822,0.9868580119,0.05260287078,50
2,Oesophagus,112,Belarus,2,0,2013,0.6880795319,1.39865292,0.08996432243,71
2,Oesophagus,112,Belarus,2,0,2014,0.505969471,1.180966133,0.05999908708,60
2,Oesophagus,112,Belarus,2,0,2015,0.6494235874,1.316863757,0.07869035349,67
2,Oesophagus,112,Belarus,2,0,2016,0.4518982888,0.9033633001,0.05255920629,46
2,Oesophagus,112,Belarus,2,0,2017,0.553111565,1.140214093,0.06716853405,58
2,Oesophagus,124,Canada,1,0,1978,3.378545263,3.727937757,0.4174954105,309
2,Oesophagus,124,Canada,1,0,1979,3.651674977,4.092462776,0.440136637,341
2,Oesophagus,124,Canada,1,0,1980,4.025553669,4.519672941,0.4921825576,382
2,Oesophagus,124,Canada,1,0,1981,3.322555727,3.827625232,0.4085781875,328
2,Oesophagus,124,Canada,1,0,1982,3.749890159,4.387575817,0.4542755204,380
2,Oesophagus,124,Canada,1,0,1983,3.82485365,4.429998043,0.5007973432,391
2,Oesophagus,124,Canada,1,0,1984,3.993649999,4.689434637,0.5008493832,419
2,Oesophagus,124,Canada,1,0,1985,4.041733178,4.760832915,0.4741998783,430
2,Oesophagus,124,Canada,1,0,1986,3.993700958,4.741838644,0.4646794563,433
2,Oesophagus,124,Canada,1,0,1987,4.456209303,5.374635283,0.5430911322,498
2,Oesophagus,124,Canada,1,0,1988,3.952760901,4.826684963,0.4747302202,456
2,Oesophagus,124,Canada,1,0,1989,3.851284534,4.740673244,0.4683677658,457
2,Oesophagus,124,Canada,1,0,1990,3.880660121,4.885142548,0.4785059222,479
2,Oesophagus,124,Canada,1,0,1991,4.274999167,5.41011056,0.5444718389,537
2,Oesophagus,124,Canada,1,0,1992,4.452879768,5.56108409,0.5590539365,560
2,Oesophagus,124,Canada,1,0,1993,4.093768073,5.269608685,0.517907742,537
2,Oesophagus,124,Canada,1,0,1994,4.279119745,5.676911102,0.5317875814,586
2,Oesophagus,124,Canada,1,0,1995,4.086684101,5.354831708,0.5261657518,560
2,Oesophagus,124,Canada,1,0,1996,4.165868062,5.560258857,0.4962851929,589
2,Oesophagus,124,Canada,1,0,1997,4.287040966,5.827536799,0.5239116239,625
2,Oesophagus,124,Canada,1,0,1998,4.369896936,6.049728213,0.5329644675,657
2,Oesophagus,124,Canada,1,0,1999,4.377143008,6.047656629,0.5549702383,663
2,Oesophagus,124,Canada,1,0,2000,4.460821771,6.30758605,0.558020664,699
2,Oesophagus,124,Canada,1,0,2001,4.053599206,5.867899774,0.509487617,659
2,Oesophagus,124,Canada,1,0,2002,4.293899003,6.264255918,0.5200697486,711
2,Oesophagus,124,Canada,1,0,2003,4.528090256,6.688931127,0.5501621022,767
2,Oesophagus,124,Canada,1,0,2004,4.354311416,6.542126331,0.5445541784,758
2,Oesophagus,124,Canada,1,0,2005,4.223446373,6.563804706,0.5019122216,769
2,Oesophagus,124,Canada,1,0,2006,4.309540917,6.722466796,0.51920341,797
2,Oesophagus,124,Canada,1,0,2007,4.577693887,7.314209092,0.5492512652,878
2,Oesophagus,124,Canada,1,0,2008,4.78413739,7.750045532,0.5668224255,940
2,Oesophagus,124,Canada,1,0,2009,4.979180685,8.064061755,0.6237240079,989
2,Oesophagus,124,Canada,1,0,2010,4.848864133,8.161239013,0.5914579291,1013
2,Oesophagus,124,Canada,1,0,2011,4.710296278,8.063560316,0.5714023773,1011
2,Oesophagus,124,Canada,1,0,2012,5.054621393,8.773187815,0.6135301357,1114
2,Oesophagus,124,Canada,1,0,2013,4.830605935,8.61044713,0.605515896,1108
2,Oesophagus,124,Canada,1,0,2014,4.683456887,8.507105735,0.5679458364,1109
2,Oesophagus,124,Canada,1,0,2015,4.457325439,8.296546401,0.5525813872,1091
2,Oesophagus,124,Canada,1,0,2016,4.678199458,8.697072051,0.5835434437,1159
2,Oesophagus,124,Canada,1,0,2017,4.800776409,9.079171337,0.5976782079,1226
2,Oesophagus,124,Canada,1,1,1951,3.141834421,3.281287072,0.3737039267,234
2,Oesophagus,124,Canada,1,1,1952,3.009221283,3.189855931,0.3406425239,234
2,Oesophagus,124,Canada,1,1,1953,3.205899725,3.430064462,0.3743516372,259
2,Oesophagus,124,Canada,1,1,1954,2.898273046,3.05163816,0.3108547575,237
2,Oesophagus,124,Canada,1,1,1955,2.912870249,3.072706378,0.331380602,245
2,Oesophagus,124,Canada,1,1,1956,3.012752903,3.125274682,0.3322831969,256
2,Oesophagus,124,Canada,1,1,1957,2.661379731,2.750949923,0.2913405907,232
2,Oesophagus,124,Canada,1,1,1958,2.891687595,2.954503474,0.3304445889,256
2,Oesophagus,124,Canada,1,1,1959,3.216826222,3.247250929,0.4169722658,288
2,Oesophagus,124,Canada,1,1,1960,2.780006194,2.860048496,0.3554731106,259
2,Oesophagus,124,Canada,1,1,1961,3.078941306,3.142240675,0.3684337473,290
2,Oesophagus,124,Canada,1,1,1962,3.279707222,3.310880207,0.3615472972,311
2,Oesophagus,124,Canada,1,1,1963,3.137918355,3.128486032,0.3717320243,299
2,Oesophagus,124,Canada,1,1,1964,3.202240226,3.156595841,0.3830984136,307
2,Oesophagus,124,Canada,1,1,1965,3.379376865,3.445109803,0.3715836162,341
2,Oesophagus,124,Canada,1,1,1966,3.220890252,3.216032198,0.3818668516,324
2,Oesophagus,124,Canada,1,1,1967,3.393749307,3.435196841,0.3699004614,352
2,Oesophagus,124,Canada,1,1,1968,3.486574417,3.517787462,0.4118510989,366
2,Oesophagus,124,Canada,1,1,1969,3.363079903,3.460123147,0.382390291,365
2,Oesophagus,124,Canada,1,1,1970,3.535121149,3.618187466,0.4074908444,389
2,Oesophagus,124,Canada,1,1,1971,3.169355079,3.249302162,0.3629000591,357
2,Oesophagus,124,Canada,1,1,1972,3.507838515,3.559853922,0.4085258174,397
2,Oesophagus,124,Canada,1,1,1973,3.534718266,3.668899703,0.4079948968,414
2,Oesophagus,124,Canada,1,1,1974,3.644627908,3.770061088,0.4347093608,431
2,Oesophagus,124,Canada,1,1,1975,3.708280077,3.858327897,0.4241310763,447
2,Oesophagus,124,Canada,1,1,1976,3.427684649,3.615618637,0.3983824949,424
2,Oesophagus,124,Canada,1,1,1977,3.788549088,4.033475994,0.4380011914,478
2,Oesophagus,124,Canada,1,1,1978,3.519039678,3.803895239,0.4165306899,455
2,Oesophagus,124,Canada,1,1,1979,3.670096383,3.982147231,0.4436954201,481
2,Oesophagus,124,Canada,1,1,1980,3.548859329,3.846821531,0.4336169233,470
2,Oesophagus,124,Canada,1,1,1981,3.701871293,4.132744731,0.4467524725,511
2,Oesophagus,124,Canada,1,1,1982,3.607300965,4.094988374,0.4364581985,512
2,Oesophagus,124,Canada,1,1,1983,4.021712952,4.616155944,0.4900810597,583
2,Oesophagus,124,Canada,1,1,1984,4.174402662,4.839749387,0.5138939024,617
2,Oesophagus,124,Canada,1,1,1985,4.195166433,4.903314182,0.5118385275,631
2,Oesophagus,124,Canada,1,1,1986,3.959725733,4.644055805,0.474339104,604
2,Oesophagus,124,Canada,1,1,1987,4.24267244,5.088264298,0.5171267727,670
2,Oesophagus,124,Canada,1,1,1988,4.379899217,5.308941654,0.522516144,709
2,Oesophagus,124,Canada,1,1,1989,3.988764098,4.850661011,0.472220543,658
2,Oesophagus,124,Canada,1,1,1990,4.299962956,5.344187844,0.5268582601,736
2,Oesophagus,124,Canada,1,1,1991,4.193822456,5.260284088,0.5314477981,734
2,Oesophagus,124,Canada,1,1,1992,4.488635527,5.695322154,0.5537152671,804
2,Oesophagus,124,Canada,1,1,1993,4.277229862,5.57012234,0.5128493896,795
2,Oesophagus,124,Canada,1,1,1994,4.432732743,5.802516046,0.5358157742,837
2,Oesophagus,124,Canada,1,1,1995,4.370349706,5.749672173,0.5761694167,838
2,Oesophagus,124,Canada,1,1,1996,4.461526228,6.016524391,0.5439914879,886
2,Oesophagus,124,Canada,1,1,1997,4.566662925,6.320276091,0.5562426022,940
2,Oesophagus,124,Canada,1,1,1998,4.618774115,6.343778767,0.5767008081,952
2,Oesophagus,124,Canada,1,1,1999,4.458922337,6.307621026,0.5383357424,955
2,Oesophagus,124,Canada,1,1,2000,4.782054221,6.880290306,0.5862893979,1052
2,Oesophagus,124,Canada,1,1,2001,4.503284096,6.573389451,0.545972791,1016
2,Oesophagus,124,Canada,1,1,2002,4.600430671,6.920545701,0.5530569339,1081
2,Oesophagus,124,Canada,1,1,2003,4.36018442,6.670566496,0.5109747989,1052
2,Oesophagus,124,Canada,1,1,2004,4.527797398,6.98543822,0.5458154549,1112
2,Oesophagus,124,Canada,1,1,2005,4.537294468,7.210630672,0.5380696815,1159
2,Oesophagus,124,Canada,1,1,2006,4.497141682,7.281542632,0.5359738811,1182
2,Oesophagus,124,Canada,1,1,2007,4.608822441,7.568545576,0.5506228978,1241
2,Oesophagus,124,Canada,1,1,2008,4.883373832,8.188236268,0.5832875398,1357
2,Oesophagus,124,Canada,1,1,2009,4.394602306,7.54210789,0.517953603,1264
2,Oesophagus,124,Canada,1,1,2010,4.655304663,8.074125191,0.5724836579,1368
2,Oesophagus,124,Canada,1,1,2011,4.354280184,7.819658926,0.5102484182,1339
2,Oesophagus,124,Canada,1,1,2012,4.381934694,8.052250906,0.5079994101,1394
2,Oesophagus,124,Canada,1,1,2013,4.484784445,8.313057519,0.5504194559,1455
2,Oesophagus,124,Canada,1,1,2014,4.515137188,8.554529254,0.554754171,1512
2,Oesophagus,124,Canada,1,1,2015,4.286155455,8.414780627,0.5073445683,1501
2,Oesophagus,124,Canada,1,1,2016,4.290488921,8.490153238,0.5284552559,1531
2,Oesophagus,124,Canada,1,1,2017,4.368810236,8.842730263,0.5242713024,1615
2,Oesophagus,124,Canada,1,1,2018,4.349558824,8.92252949,0.5181184411,1652
2,Oesophagus,124,Canada,1,1,2019,4.382014887,9.202703996,0.5141830921,1727
2,Oesophagus,124,Canada,1,1,2020,4.22127761,9.043236876,0.5022135162,1715
2,Oesophagus,124,Canada,1,1,2021,4.335874007,9.541816172,0.5356781655,1823
2,Oesophagus,124,Canada,1,1,2022,3.769869779,8.572604109,0.4452573385,1653
2,Oesophagus,124,Canada,2,0,1978,1.385316777,1.975638688,0.1427380552,164
2,Oesophagus,124,Canada,2,0,1979,1.389389652,1.98212174,0.1524185497,166
2,Oesophagus,124,Canada,2,0,1980,1.432751755,2.080423287,0.1694790354,177
2,Oesophagus,124,Canada,2,0,1981,1.412986827,2.095358734,0.1722946626,181
2,Oesophagus,124,Canada,2,0,1982,1.400430707,2.093325004,0.1652298703,183
2,Oesophagus,124,Canada,2,0,1983,1.324468669,2.022400558,0.1501668146,180
2,Oesophagus,124,Canada,2,0,1984,1.182143896,1.895753302,0.1457895213,171
2,Oesophagus,124,Canada,2,0,1985,1.385395026,2.212891319,0.1478184817,202
2,Oesophagus,124,Canada,2,0,1986,1.297691109,2.121354234,0.1514901208,196
2,Oesophagus,124,Canada,2,0,1987,1.31270434,2.057109407,0.147768562,193
2,Oesophagus,124,Canada,2,0,1988,1.288268127,2.166282596,0.150855914,207
2,Oesophagus,124,Canada,2,0,1989,1.440200156,2.255462037,0.1720247651,220
2,Oesophagus,124,Canada,2,0,1990,1.31933633,2.206503543,0.1538644534,219
2,Oesophagus,124,Canada,2,0,1991,1.465198024,2.526863846,0.1730972113,254
2,Oesophagus,124,Canada,2,0,1992,1.288427821,2.174990102,0.148720075,222
2,Oesophagus,124,Canada,2,0,1993,1.31639552,2.273412375,0.1489643416,235
2,Oesophagus,124,Canada,2,0,1994,1.292195005,2.413865779,0.1425087994,253
2,Oesophagus,124,Canada,2,0,1995,1.28283864,2.183136139,0.140089807,232
2,Oesophagus,124,Canada,2,0,1996,1.484112554,2.654901924,0.1653182136,286
2,Oesophagus,124,Canada,2,0,1997,1.397054375,2.594554315,0.1623898919,283
2,Oesophagus,124,Canada,2,0,1998,1.229164823,2.22767671,0.1411365338,246
2,Oesophagus,124,Canada,2,0,1999,1.354997622,2.492651386,0.1533537281,278
2,Oesophagus,124,Canada,2,0,2000,1.325250007,2.55419913,0.1584313477,288
2,Oesophagus,124,Canada,2,0,2001,1.18206505,2.310640394,0.1274409966,264
2,Oesophagus,124,Canada,2,0,2002,1.338403062,2.522591279,0.1594943215,291
2,Oesophagus,124,Canada,2,0,2003,1.33332596,2.540491661,0.1522478038,296
2,Oesophagus,124,Canada,2,0,2004,1.146266294,2.335197274,0.1295095047,275
2,Oesophagus,124,Canada,2,0,2005,1.181252706,2.435781257,0.1393491918,290
2,Oesophagus,124,Canada,2,0,2006,1.176406407,2.424385734,0.1402202364,292
2,Oesophagus,124,Canada,2,0,2007,1.165317825,2.362075306,0.1412777376,288
2,Oesophagus,124,Canada,2,0,2008,1.116341653,2.334552002,0.1267166014,288
2,Oesophagus,124,Canada,2,0,2009,1.361114533,2.795144202,0.155795862,349
2,Oesophagus,124,Canada,2,0,2010,1.207681347,2.443664633,0.1433297436,309
2,Oesophagus,124,Canada,2,0,2011,1.192826387,2.590290199,0.1346949537,331
2,Oesophagus,124,Canada,2,0,2012,1.205587268,2.520926396,0.1397077125,326
2,Oesophagus,124,Canada,2,0,2013,1.36876692,2.826219002,0.1701196672,370
2,Oesophagus,124,Canada,2,0,2014,1.196562777,2.535039375,0.145700034,336
2,Oesophagus,124,Canada,2,0,2015,1.205489029,2.766108414,0.1386488035,370
2,Oesophagus,124,Canada,2,0,2016,1.164220951,2.589425935,0.1365330102,351
2,Oesophagus,124,Canada,2,0,2017,1.234775436,2.861518036,0.1449868901,393
2,Oesophagus,124,Canada,2,1,1951,1.110379985,1.193909537,0.1263861388,83
2,Oesophagus,124,Canada,2,1,1952,1.304475939,1.371196164,0.1408506515,98
2,Oesophagus,124,Canada,2,1,1953,1.353754013,1.442766442,0.154015829,106
2,Oesophagus,124,Canada,2,1,1954,1.215635225,1.324035778,0.1312387038,100
2,Oesophagus,124,Canada,2,1,1955,1.213012229,1.315306329,0.1372241419,102
2,Oesophagus,124,Canada,2,1,1956,1.185914075,1.280065459,0.1169597013,102
2,Oesophagus,124,Canada,2,1,1957,1.182051103,1.254891717,0.1262247251,103
2,Oesophagus,124,Canada,2,1,1958,1.216891147,1.327116897,0.1399508599,112
2,Oesophagus,124,Canada,2,1,1959,1.331013485,1.445675003,0.1398236898,125
2,Oesophagus,124,Canada,2,1,1960,1.15912969,1.255230196,0.1407176667,111
2,Oesophagus,124,Canada,2,1,1961,1.022523821,1.106930419,0.1045721127,100
2,Oesophagus,124,Canada,2,1,1962,1.09872591,1.214707329,0.1217525557,112
2,Oesophagus,124,Canada,2,1,1963,1.136713694,1.296917175,0.1195217494,122
2,Oesophagus,124,Canada,2,1,1964,1.164591572,1.344310269,0.1343763485,129
2,Oesophagus,124,Canada,2,1,1965,1.175628626,1.399754583,0.1127643484,137
2,Oesophagus,124,Canada,2,1,1966,1.168933994,1.362842207,0.1214056893,136
2,Oesophagus,124,Canada,2,1,1967,1.085689086,1.259605228,0.1256953723,128
2,Oesophagus,124,Canada,2,1,1968,1.037822631,1.200398319,0.1095759212,124
2,Oesophagus,124,Canada,2,1,1969,1.129178803,1.363351148,0.1210798123,143
2,Oesophagus,124,Canada,2,1,1970,1.138199225,1.347206756,0.1222386534,144
2,Oesophagus,124,Canada,2,1,1971,1.191681958,1.448383043,0.1313436765,158
2,Oesophagus,124,Canada,2,1,1972,1.205638803,1.516418274,0.1295282398,168
2,Oesophagus,124,Canada,2,1,1973,1.094268812,1.478421788,0.1113579871,166
2,Oesophagus,124,Canada,2,1,1974,1.189510371,1.571290986,0.1330728295,179
2,Oesophagus,124,Canada,2,1,1975,1.158897904,1.565248779,0.1241641915,181
2,Oesophagus,124,Canada,2,1,1976,1.059027569,1.432361767,0.1096647327,168
2,Oesophagus,124,Canada,2,1,1977,1.126675178,1.532048497,0.1279632576,182
2,Oesophagus,124,Canada,2,1,1978,1.212161563,1.697550505,0.128943249,204
2,Oesophagus,124,Canada,2,1,1979,1.218550137,1.735445412,0.1220321946,211
2,Oesophagus,124,Canada,2,1,1980,1.206542537,1.721352493,0.1337333112,212
2,Oesophagus,124,Canada,2,1,1981,0.9887717272,1.442271924,0.1157491081,180
2,Oesophagus,124,Canada,2,1,1982,1.063982249,1.622210708,0.1168628737,205
2,Oesophagus,124,Canada,2,1,1983,1.10451083,1.728851608,0.128302615,221
2,Oesophagus,124,Canada,2,1,1984,1.127489796,1.718029426,0.1306054677,222
2,Oesophagus,124,Canada,2,1,1985,1.112692538,1.899128916,0.1179389926,248
2,Oesophagus,124,Canada,2,1,1986,1.249686544,2.021937185,0.1311907508,267
2,Oesophagus,124,Canada,2,1,1987,1.006786485,1.615150651,0.113640899,216
2,Oesophagus,124,Canada,2,1,1988,1.180231377,2.062901248,0.1293238035,280
2,Oesophagus,124,Canada,2,1,1989,1.095228979,1.833215303,0.1301794523,253
2,Oesophagus,124,Canada,2,1,1990,1.213532639,1.947569503,0.1436684591,273
2,Oesophagus,124,Canada,2,1,1991,1.167180919,2.119190229,0.1350653201,301
2,Oesophagus,124,Canada,2,1,1992,1.190429624,2.099670234,0.1247430278,302
2,Oesophagus,124,Canada,2,1,1993,1.281946552,2.321737924,0.1367675153,338
2,Oesophagus,124,Canada,2,1,1994,1.132582461,2.105605703,0.1239890117,310
2,Oesophagus,124,Canada,2,1,1995,1.141691392,2.163340614,0.1264048402,322
2,Oesophagus,124,Canada,2,1,1996,1.140332532,2.134153061,0.1229524515,321
2,Oesophagus,124,Canada,2,1,1997,1.129496569,2.238856929,0.1233154223,340
2,Oesophagus,124,Canada,2,1,1998,1.125857125,2.186235838,0.1257819273,335
2,Oesophagus,124,Canada,2,1,1999,1.213264118,2.3869528,0.1268181235,369
2,Oesophagus,124,Canada,2,1,2000,1.100983699,2.179242643,0.1276252612,340
2,Oesophagus,124,Canada,2,1,2001,1.064007737,2.19580494,0.115927876,346
2,Oesophagus,124,Canada,2,1,2002,1.162696297,2.463019831,0.1286116828,392
2,Oesophagus,124,Canada,2,1,2003,1.073366718,2.247022112,0.1239786828,361
2,Oesophagus,124,Canada,2,1,2004,1.050391307,2.319005334,0.1114346259,376
2,Oesophagus,124,Canada,2,1,2005,0.9824208571,2.193480499,0.1054717873,359
2,Oesophagus,124,Canada,2,1,2006,1.03771971,2.287256827,0.1158636771,378
2,Oesophagus,124,Canada,2,1,2007,1.001504319,2.31201935,0.1104167569,386
2,Oesophagus,124,Canada,2,1,2008,0.9780861762,2.222020825,0.1061555262,375
2,Oesophagus,124,Canada,2,1,2009,1.096469644,2.466729907,0.1224658898,421
2,Oesophagus,124,Canada,2,1,2010,1.0746305,2.486396326,0.116614917,429
2,Oesophagus,124,Canada,2,1,2011,0.9723171374,2.306111192,0.1048437281,402
2,Oesophagus,124,Canada,2,1,2012,1.014045057,2.441713114,0.1140264822,430
2,Oesophagus,124,Canada,2,1,2013,1.099165679,2.529390534,0.1236754203,450
2,Oesophagus,124,Canada,2,1,2014,1.065480442,2.483376965,0.1216987107,446
2,Oesophagus,124,Canada,2,1,2015,1.028262874,2.5104039,0.1158277311,455
2,Oesophagus,124,Canada,2,1,2016,1.004037026,2.488989429,0.117635042,456
2,Oesophagus,124,Canada,2,1,2017,1.020411503,2.550565569,0.116948268,473
2,Oesophagus,124,Canada,2,1,2018,1.09361454,2.742267923,0.124333903,515
2,Oesophagus,124,Canada,2,1,2019,0.9822240817,2.529354314,0.1118921781,481
2,Oesophagus,124,Canada,2,1,2020,0.9593797663,2.561505616,0.1090110091,492
2,Oesophagus,124,Canada,2,1,2021,0.8748162058,2.387759847,0.1029724061,462
2,Oesophagus,124,Canada,2,1,2022,0.9256636414,2.558997233,0.1099978058,500
2,Oesophagus,152,Chile,1,0,1998,11.81211537,10.55913393,1.437817158,19
2,Oesophagus,152,Chile,1,0,1999,8.469587964,8.287750704,0.9740455935,15
2,Oesophagus,152,Chile,1,0,2000,10.63362611,10.44076514,0.9745149403,19
2,Oesophagus,152,Chile,1,0,2001,6.960817901,7.10860305,0.8322995073,13
2,Oesophagus,152,Chile,1,0,2002,8.324346664,8.16264339,1.107503389,15
2,Oesophagus,152,Chile,1,0,2003,9.252397831,10.2875645,0.9715406849,19
2,Oesophagus,152,Chile,1,0,2004,7.381742062,8.082985316,0.8335137115,15
2,Oesophagus,152,Chile,1,0,2005,7.932808972,8.043801179,1.153572557,15
2,Oesophagus,152,Chile,1,0,2006,5.734103795,6.945409085,0.4378720455,13
2,Oesophagus,152,Chile,1,0,2007,4.782273017,6.388823818,0.4342439321,12
2,Oesophagus,152,Chile,1,0,2008,6.756975956,7.969185815,1.010962351,15
2,Oesophagus,152,Chile,1,0,2009,5.805243712,7.413447995,0.612447304,14
2,Oesophagus,152,Chile,1,0,2010,7.146753107,9.499232145,0.5583271288,18
2,Oesophagus,152,Chile,1,0,2011,7.669595246,10.53724124,0.8403009584,20
2,Oesophagus,152,Chile,1,0,2012,7.171866746,9.991796209,0.8391014885,19
2,Oesophagus,152,Chile,1,0,2013,3.044360653,4.684377082,0.2187362549,9
2,Oesophagus,152,Chile,1,0,2014,3.923874956,6.216489238,0.3309762574,12
2,Oesophagus,152,Chile,1,0,2015,5.809495215,8.767496312,0.7318411316,17
2,Oesophagus,152,Chile,1,0,2016,5.399818968,8.724167483,0.5690123924,17
2,Oesophagus,152,Chile,1,0,2017,6.245499843,9.703135134,0.7707560197,19
2,Oesophagus,152,Chile,1,1,1956,12.05557206,5.384345453,1.393950134,203
2,Oesophagus,152,Chile,1,1,1957,12.09458731,5.37762557,1.299932934,207
2,Oesophagus,152,Chile,1,1,1958,9.408491114,4.045892122,0.9911312479,159
2,Oesophagus,152,Chile,1,1,1959,13.52626267,4.885462695,0.9904256455,196
2,Oesophagus,152,Chile,1,1,1960,11.97580002,5.299155005,1.116978023,217
2,Oesophagus,152,Chile,1,1,1961,9.799599154,4.905820217,1.008103775,205
2,Oesophagus,152,Chile,1,1,1962,12.40517206,5.536303607,1.277151529,236
2,Oesophagus,152,Chile,1,1,1963,10.77604454,5.083718609,1.215021517,221
2,Oesophagus,152,Chile,1,1,1964,13.23537082,5.754657944,1.202369913,255
2,Oesophagus,152,Chile,1,1,1965,12.09697128,5.981060639,1.254592948,270
2,Oesophagus,152,Chile,1,1,1966,14.66985445,7.048603055,1.603447261,324
2,Oesophagus,152,Chile,1,1,1967,11.1110849,5.856710658,1.224205717,274
2,Oesophagus,152,Chile,1,1,1968,13.54612916,6.408339834,1.499628814,305
2,Oesophagus,152,Chile,1,1,1969,12.97813973,6.259824231,1.321322165,303
2,Oesophagus,152,Chile,1,1,1970,13.31175475,6.401030017,1.288282794,315
2,Oesophagus,152,Chile,1,1,1971,13.78995879,6.438329897,1.276715522,322
2,Oesophagus,152,Chile,1,1,1972,12.49297861,6.119894439,1.24692172,311
2,Oesophagus,152,Chile,1,1,1973,14.14879321,6.566362096,1.250449606,339
2,Oesophagus,152,Chile,1,1,1974,12.31273101,5.873848425,1.254552017,308
2,Oesophagus,152,Chile,1,1,1975,12.38704489,6.122301422,1.263132911,326
2,Oesophagus,152,Chile,1,1,1976,10.96480607,5.789120467,1.069759105,313
2,Oesophagus,152,Chile,1,1,1977,12.87345654,6.011999952,1.127576322,330
2,Oesophagus,152,Chile,1,1,1978,10.48179278,5.438650009,1.006356103,303
2,Oesophagus,152,Chile,1,1,1979,12.85512944,6.686260239,1.166902411,378
2,Oesophagus,152,Chile,1,1,1980,11.0748766,6.240868045,1.106419887,358
2,Oesophagus,152,Chile,1,1,1981,11.28313073,5.893471297,1.036573481,343
2,Oesophagus,152,Chile,1,1,1982,9.957135401,5.657062279,0.9717586483,334
2,Oesophagus,152,Chile,1,1,1983,7.685343246,5.391982523,0.896644815,323
2,Oesophagus,152,Chile,1,1,1984,10.70506902,5.773618397,0.9542081719,351
2,Oesophagus,152,Chile,1,1,1985,11.09378646,5.946728011,0.8591952289,367
2,Oesophagus,152,Chile,1,1,1986,9.283753952,5.632589685,0.944259498,353
2,Oesophagus,152,Chile,1,1,1987,9.451265819,5.701226965,0.8510691025,363
2,Oesophagus,152,Chile,1,1,1988,9.088097421,5.702198731,0.7733171726,369
2,Oesophagus,152,Chile,1,1,1989,8.526944895,5.609107244,0.8156827783,369
2,Oesophagus,152,Chile,1,1,1990,8.292838434,5.277015667,0.7065453403,353
2,Oesophagus,152,Chile,1,1,1991,8.471515209,5.983916057,0.7948700069,407
2,Oesophagus,152,Chile,1,1,1992,8.013297669,5.772653378,0.7789113325,399
2,Oesophagus,152,Chile,1,1,1993,7.419646593,5.612577587,0.7168984403,394
2,Oesophagus,152,Chile,1,1,1994,7.423324224,5.655319635,0.6609284006,403
2,Oesophagus,152,Chile,1,1,1995,6.896519508,5.449073875,0.6742400656,394
2,Oesophagus,152,Chile,1,1,1996,6.903112711,5.904757892,0.6932984698,433
2,Oesophagus,152,Chile,1,1,1997,6.970515316,5.74581252,0.5955138387,427
2,Oesophagus,152,Chile,1,1,1998,6.612762669,5.658704785,0.6041280353,426
2,Oesophagus,152,Chile,1,1,1999,6.638345504,5.85085041,0.6231747018,446
2,Oesophagus,152,Chile,1,1,2000,6.729516875,6.196772013,0.6457438045,478
2,Oesophagus,152,Chile,1,1,2001,5.62250815,5.664920346,0.5742913825,442
2,Oesophagus,152,Chile,1,1,2002,5.975708857,5.857136084,0.5852740208,462
2,Oesophagus,152,Chile,1,1,2003,5.578513232,5.784304297,0.6085574386,461
2,Oesophagus,152,Chile,1,1,2004,4.92689611,5.26697148,0.5080741896,424
2,Oesophagus,152,Chile,1,1,2005,4.895401351,5.572023571,0.5306299771,453
2,Oesophagus,152,Chile,1,1,2006,4.500614008,5.262395271,0.5139710497,432
2,Oesophagus,152,Chile,1,1,2007,4.208139796,5.187186563,0.4441284027,430
2,Oesophagus,152,Chile,1,1,2008,4.166980367,5.207341468,0.4605823398,436
2,Oesophagus,152,Chile,1,1,2009,3.863523654,5.024925106,0.4163085079,425
2,Oesophagus,152,Chile,1,1,2010,3.462589088,4.763911881,0.3693426335,407
2,Oesophagus,152,Chile,1,1,2011,3.623242475,5.076231554,0.3885237786,438
2,Oesophagus,152,Chile,1,1,2012,3.177681897,4.545320721,0.3486736945,396
2,Oesophagus,152,Chile,1,1,2013,2.984047103,4.354056159,0.3266840583,383
2,Oesophagus,152,Chile,1,1,2014,2.766425232,4.231819524,0.2865838891,376
2,Oesophagus,152,Chile,1,1,2015,2.746745773,4.311273981,0.2780056716,387
2,Oesophagus,152,Chile,1,1,2016,2.942269426,4.743723894,0.3095885025,431
2,Oesophagus,152,Chile,1,1,2017,2.692373947,4.33322735,0.2892581605,400
2,Oesophagus,152,Chile,1,1,2018,2.535625621,4.203187623,0.2628251326,395
2,Oesophagus,152,Chile,1,1,2019,2.428277059,4.126018447,0.2409793232,394
2,Oesophagus,152,Chile,1,1,2020,2.22116355,3.944675511,0.2139620047,380
2,Oesophagus,152,Chile,1,1,2021,2.319473816,4.083798723,0.2412669277,395
2,Oesophagus,152,Chile,2,0,1998,6.64953113,7.303863182,0.7711468195,13
2,Oesophagus,152,Chile,2,0,1999,6.906144142,7.807489613,1.15982127,14
2,Oesophagus,152,Chile,2,0,2000,4.289947926,4.982395536,0.4329241867,9
2,Oesophagus,152,Chile,2,0,2001,2.873224249,3.302037357,0.4806638686,6
2,Oesophagus,152,Chile,2,0,2002,3.866964375,4.924033111,0.442176659,9
2,Oesophagus,152,Chile,2,0,2003,3.435088922,5.439157583,0.3037823205,10
2,Oesophagus,152,Chile,2,0,2004,2.853977887,3.785379782,0.3933964291,7
2,Oesophagus,152,Chile,2,0,2005,6.051502749,9.677575445,0.5433595175,18
2,Oesophagus,152,Chile,2,0,2006,2.857397574,4.815100154,0.2386003156,9
2,Oesophagus,152,Chile,2,0,2007,1.913170328,2.662137483,0.2443523116,5
2,Oesophagus,152,Chile,2,0,2008,4.077544466,6.897320126,0.2799254053,13
2,Oesophagus,152,Chile,2,0,2009,1.760781857,3.168785352,0.1700199682,6
2,Oesophagus,152,Chile,2,0,2010,2.47887006,3.679949532,0.2516730312,7
2,Oesophagus,152,Chile,2,0,2011,2.828505804,5.238234924,0.1608042269,10
2,Oesophagus,152,Chile,2,0,2012,1.423634613,3.132112505,0.08691872551,6
2,Oesophagus,152,Chile,2,0,2013,2.513459229,4.562390693,0.3712448597,9
2,Oesophagus,152,Chile,2,0,2014,2.582937108,5.035094609,0.2308374845,10
2,Oesophagus,152,Chile,2,0,2015,1.524702997,3.501873502,0.09454500931,7
2,Oesophagus,152,Chile,2,0,2016,2.450022406,5.464643755,0.2486527158,11
2,Oesophagus,152,Chile,2,0,2017,1.469282295,4.440497336,0.07509198416,9
2,Oesophagus,152,Chile,2,1,1956,5.606820768,2.957510389,0.5946570803,110
2,Oesophagus,152,Chile,2,1,1957,4.885734477,2.524972571,0.4617795878,96
2,Oesophagus,152,Chile,2,1,1958,5.781900247,3.268079395,0.667470187,127
2,Oesophagus,152,Chile,2,1,1959,6.568461548,3.625810787,0.7672244614,144
2,Oesophagus,152,Chile,2,1,1960,6.163810235,3.104704305,0.5227349807,126
2,Oesophagus,152,Chile,2,1,1961,6.401630549,3.449030623,0.5998553646,143
2,Oesophagus,152,Chile,2,1,1962,7.082995645,3.755059145,0.6019305346,159
2,Oesophagus,152,Chile,2,1,1963,6.25928325,3.307939691,0.5185019073,143
2,Oesophagus,152,Chile,2,1,1964,5.910979725,3.468339782,0.6437910419,153
2,Oesophagus,152,Chile,2,1,1965,6.768372549,3.934480016,0.6292992329,177
2,Oesophagus,152,Chile,2,1,1966,7.75155495,4.514655947,0.7482431157,207
2,Oesophagus,152,Chile,2,1,1967,6.580317142,4.003815401,0.6835449203,187
2,Oesophagus,152,Chile,2,1,1968,5.984474726,3.532905333,0.5344299732,168
2,Oesophagus,152,Chile,2,1,1969,6.482993261,3.822400527,0.5923887108,185
2,Oesophagus,152,Chile,2,1,1970,6.069831012,3.817831752,0.591673687,188
2,Oesophagus,152,Chile,2,1,1971,5.897230548,3.613925714,0.6244860736,181
2,Oesophagus,152,Chile,2,1,1972,5.310900828,3.337986224,0.5351593077,170
2,Oesophagus,152,Chile,2,1,1973,5.551757506,3.553711403,0.5602124769,184
2,Oesophagus,152,Chile,2,1,1974,5.339206289,3.610632438,0.5756103368,190
2,Oesophagus,152,Chile,2,1,1975,5.733935839,3.96501473,0.6408963645,212
2,Oesophagus,152,Chile,2,1,1976,5.085649458,3.516486754,0.4414708451,191
2,Oesophagus,152,Chile,2,1,1977,4.93824633,3.625489146,0.5531909815,200
2,Oesophagus,152,Chile,2,1,1978,5.232294156,3.731170088,0.4481674344,209
2,Oesophagus,152,Chile,2,1,1979,5.156333011,3.763369193,0.4968325625,214
2,Oesophagus,152,Chile,2,1,1980,4.619919466,3.447577804,0.4315543891,199
2,Oesophagus,152,Chile,2,1,1981,3.935954072,3.140619354,0.4062339188,184
2,Oesophagus,152,Chile,2,1,1982,4.461333191,3.615821793,0.4168769312,215
2,Oesophagus,152,Chile,2,1,1983,3.462446612,3.197607858,0.3596659755,193
2,Oesophagus,152,Chile,2,1,1984,4.452335335,3.655140139,0.4381561485,224
2,Oesophagus,152,Chile,2,1,1985,4.149451601,3.566944929,0.4058518516,222
2,Oesophagus,152,Chile,2,1,1986,3.78669787,3.290194871,0.3933531829,208
2,Oesophagus,152,Chile,2,1,1987,4.056170188,3.518550233,0.3707970669,226
2,Oesophagus,152,Chile,2,1,1988,3.68366391,3.415930691,0.3392775201,223
2,Oesophagus,152,Chile,2,1,1989,3.546826372,3.420519925,0.3744587936,227
2,Oesophagus,152,Chile,2,1,1990,3.720224974,3.586359917,0.3495909028,242
2,Oesophagus,152,Chile,2,1,1991,3.18243982,3.206564712,0.3085109301,220
2,Oesophagus,152,Chile,2,1,1992,3.193643157,3.341614226,0.3135326039,233
2,Oesophagus,152,Chile,2,1,1993,3.201150272,3.445194614,0.2823467504,244
2,Oesophagus,152,Chile,2,1,1994,3.067920263,3.463036329,0.267295441,249
2,Oesophagus,152,Chile,2,1,1995,2.819042832,3.28911529,0.2547881407,240
2,Oesophagus,152,Chile,2,1,1996,3.393182165,3.972449039,0.3240044425,294
2,Oesophagus,152,Chile,2,1,1997,2.942261282,3.572887675,0.2644326558,268
2,Oesophagus,152,Chile,2,1,1998,2.326098505,3.065961127,0.21240558,233
2,Oesophagus,152,Chile,2,1,1999,3.070065592,3.962845916,0.2871676286,305
2,Oesophagus,152,Chile,2,1,2000,2.568286715,3.414659789,0.2480339493,266
2,Oesophagus,152,Chile,2,1,2001,2.538890204,3.451144013,0.2497371152,272
2,Oesophagus,152,Chile,2,1,2002,2.430576075,3.437844,0.2430651467,274
2,Oesophagus,152,Chile,2,1,2003,2.48825902,3.625118996,0.2429664202,292
2,Oesophagus,152,Chile,2,1,2004,2.33450772,3.576188703,0.2393846455,291
2,Oesophagus,152,Chile,2,1,2005,2.394886801,3.808306403,0.238736181,313
2,Oesophagus,152,Chile,2,1,2006,1.76922794,2.963853636,0.1701355461,246
2,Oesophagus,152,Chile,2,1,2007,1.920116723,3.292800471,0.1767184486,276
2,Oesophagus,152,Chile,2,1,2008,1.582972648,2.858427462,0.1504497492,242
2,Oesophagus,152,Chile,2,1,2009,1.750084359,3.051955865,0.1883919798,261
2,Oesophagus,152,Chile,2,1,2010,1.522469193,2.75524669,0.1500630897,238
2,Oesophagus,152,Chile,2,1,2011,1.539923728,2.808548419,0.1680373601,245
2,Oesophagus,152,Chile,2,1,2012,1.329915132,2.691083232,0.1291341367,237
2,Oesophagus,152,Chile,2,1,2013,1.418127184,2.766963935,0.1454247727,246
2,Oesophagus,152,Chile,2,1,2014,1.540829406,3.051521261,0.1637425156,274
2,Oesophagus,152,Chile,2,1,2015,1.451169386,3.03158565,0.1367395608,275
2,Oesophagus,152,Chile,2,1,2016,1.133867698,2.385222728,0.106466825,219
2,Oesophagus,152,Chile,2,1,2017,1.080102156,2.412125595,0.1012990354,225
2,Oesophagus,152,Chile,2,1,2018,1.141481305,2.580152843,0.100291739,245
2,Oesophagus,152,Chile,2,1,2019,0.9833756454,2.290490944,0.08842087564,221
2,Oesophagus,152,Chile,2,1,2020,1.047684574,2.310681856,0.105263492,225
2,Oesophagus,152,Chile,2,1,2021,0.9171912118,2.197472661,0.0821846934,215
2,Oesophagus,156,China,1,0,2002,10.78878931,14.96039626,1.169261443,670
2,Oesophagus,156,China,1,0,2003,8.5891533,13.69819617,0.9695891999,614
2,Oesophagus,156,China,1,0,2004,9.179123613,14.82659442,1.078926234,667
2,Oesophagus,156,China,1,0,2005,8.355074787,13.84885396,0.897479611,624
2,Oesophagus,156,China,1,0,2006,8.58497198,14.58907908,0.9481690795,658
2,Oesophagus,156,China,1,0,2007,8.122089121,14.08559398,0.9075905341,637
2,Oesophagus,156,China,1,0,2008,7.67321853,14.60728932,0.8701887236,661
2,Oesophagus,156,China,1,0,2009,6.867082532,13.21494338,0.7773236248,597
2,Oesophagus,156,China,1,0,2010,7.22199322,14.74287668,0.8122560272,664
2,Oesophagus,156,China,1,0,2011,7.239798192,14.88825366,0.83721211,670
2,Oesophagus,156,China,1,0,2012,7.729480633,15.83266143,0.8954533951,713
2,Oesophagus,156,China,1,0,2013,6.828092533,14.56625366,0.7863207486,655
2,Oesophagus,156,China,1,0,2014,6.635014961,14.95811171,0.7715896295,670
2,Oesophagus,156,China,1,0,2015,6.119057701,13.85455404,0.6942233242,619
2,Oesophagus,156,China,1,0,2016,6.637053285,15.28487922,0.7804716922,682
2,Oesophagus,156,China,1,0,2017,6.159672016,14.32000391,0.7279787487,642
2,Oesophagus,156,China,2,0,2002,2.599637545,4.645467697,0.3156221238,204
2,Oesophagus,156,China,2,0,2003,2.283499231,4.449738725,0.2809704025,196
2,Oesophagus,156,China,2,0,2004,2.216779148,4.674200334,0.2491260642,207
2,Oesophagus,156,China,2,0,2005,1.820195037,3.980941859,0.2002345018,177
2,Oesophagus,156,China,2,0,2006,1.779951886,4.208814511,0.1793598827,188
2,Oesophagus,156,China,2,0,2007,1.961973864,4.581817923,0.2100853825,206
2,Oesophagus,156,China,2,0,2008,1.664501065,4.380360411,0.1782731289,198
2,Oesophagus,156,China,2,0,2009,1.663327235,4.451397243,0.1663687277,202
2,Oesophagus,156,China,2,0,2010,1.351358707,3.879196984,0.1306167711,177
2,Oesophagus,156,China,2,0,2011,1.249832101,3.647561671,0.1175236963,167
2,Oesophagus,156,China,2,0,2012,1.271101104,3.724898595,0.1295512396,171
2,Oesophagus,156,China,2,0,2013,1.212881114,3.86966953,0.09310115191,178
2,Oesophagus,156,China,2,0,2014,1.08737179,3.522821249,0.1066143277,162
2,Oesophagus,156,China,2,0,2015,0.926729039,2.999343405,0.07904195162,138
2,Oesophagus,156,China,2,0,2016,0.9448507133,3.215780618,0.09058226058,148
2,Oesophagus,156,China,2,0,2017,1.067439407,3.276149438,0.1209582502,152
2,Oesophagus,170,Colombia,1,0,2003,3.480952265,2.954746915,0.4120763233,52
2,Oesophagus,170,Colombia,1,0,2004,3.367135222,2.966239715,0.4264392514,53
2,Oesophagus,170,Colombia,1,0,2005,2.639493463,2.43208002,0.2481330687,44
2,Oesophagus,170,Colombia,1,0,2006,3.219958745,2.82194912,0.3827081577,52
2,Oesophagus,170,Colombia,1,0,2007,2.47096432,2.297344804,0.2910140678,43
2,Oesophagus,170,Colombia,1,0,2008,2.70170342,2.693647344,0.2729214794,52
2,Oesophagus,170,Colombia,1,0,2009,1.752774882,1.640673948,0.1705010431,32
2,Oesophagus,170,Colombia,1,0,2010,1.405602884,1.369382931,0.1485396228,27
2,Oesophagus,170,Colombia,1,0,2011,1.841092243,1.756355372,0.2059977691,35
2,Oesophagus,170,Colombia,1,0,2012,1.75995241,1.737095982,0.1927190921,35
2,Oesophagus,170,Colombia,1,0,2013,2.36969337,2.578728072,0.240073648,52
2,Oesophagus,170,Colombia,1,0,2014,2.057025044,2.354304134,0.2004214926,48
2,Oesophagus,170,Colombia,1,0,2015,2.370943808,2.66831876,0.2381902812,55
2,Oesophagus,170,Colombia,1,0,2016,2.381767588,2.830429904,0.2429729407,59
2,Oesophagus,170,Colombia,1,0,2017,2.314971099,2.702796256,0.2200721854,57
2,Oesophagus,170,Colombia,1,1,1984,5.04103382,2.420320284,0.5945736888,347
2,Oesophagus,170,Colombia,1,1,1985,5.530551624,2.642189929,0.6176662399,387
2,Oesophagus,170,Colombia,1,1,1986,4.859475238,2.31468636,0.5087673534,346
2,Oesophagus,170,Colombia,1,1,1987,5.185340425,2.491402939,0.5072952912,380
2,Oesophagus,170,Colombia,1,1,1988,4.135478868,2.017900967,0.4213644175,314
2,Oesophagus,170,Colombia,1,1,1989,3.71662004,1.889732234,0.4226905344,300
2,Oesophagus,170,Colombia,1,1,1990,4.562883188,2.278110776,0.5250959898,369
2,Oesophagus,170,Colombia,1,1,1991,4.170903467,2.131296202,0.435018442,352
2,Oesophagus,170,Colombia,1,1,1992,4.264932184,2.2335089,0.4218522902,376
2,Oesophagus,170,Colombia,1,1,1993,4.012707429,2.109268683,0.4250662795,362
2,Oesophagus,170,Colombia,1,1,1994,3.917511802,2.132207558,0.4242465221,373
2,Oesophagus,170,Colombia,1,1,1995,3.758639043,1.980764532,0.3987838809,353
2,Oesophagus,170,Colombia,1,1,1996,4.167339613,2.27121649,0.4241780061,412
2,Oesophagus,170,Colombia,1,1,1997,3.573160948,2.020699055,0.3575302318,373
2,Oesophagus,170,Colombia,1,1,1998,3.553270758,2.054921777,0.3893772079,386
2,Oesophagus,170,Colombia,1,1,1999,3.621347094,2.125103259,0.4104485237,406
2,Oesophagus,170,Colombia,1,1,2000,3.713182794,2.220377288,0.4021975779,431
2,Oesophagus,170,Colombia,1,1,2001,3.641787122,2.217268068,0.3685740435,437
2,Oesophagus,170,Colombia,1,1,2002,3.324245292,2.079464434,0.3572171385,416
2,Oesophagus,170,Colombia,1,1,2003,3.349282179,2.103311664,0.3567567444,427
2,Oesophagus,170,Colombia,1,1,2004,3.359837104,2.20923108,0.3219664123,455
2,Oesophagus,170,Colombia,1,1,2005,3.230010319,2.150360639,0.3292736019,449
2,Oesophagus,170,Colombia,1,1,2006,3.186449159,2.169882513,0.3323370202,459
2,Oesophagus,170,Colombia,1,1,2007,3.084438812,2.171183939,0.2925457433,465
2,Oesophagus,170,Colombia,1,1,2008,2.845616486,2.127362665,0.3009124121,461
2,Oesophagus,170,Colombia,1,1,2009,2.865927004,2.16714189,0.2914917389,475
2,Oesophagus,170,Colombia,1,1,2010,2.4535237,1.985251342,0.247867104,440
2,Oesophagus,170,Colombia,1,1,2011,2.30736766,1.884197911,0.2426783443,422
2,Oesophagus,170,Colombia,1,1,2012,2.12604498,1.812798771,0.2185733306,410
2,Oesophagus,170,Colombia,1,1,2013,2.26322777,2.015156121,0.2326911242,460
2,Oesophagus,170,Colombia,1,1,2014,2.126210658,1.945590265,0.2038907196,448
2,Oesophagus,170,Colombia,1,1,2015,2.177943215,2.062737982,0.2182928168,479
2,Oesophagus,170,Colombia,1,1,2016,2.024702627,1.995845656,0.1859327623,468
2,Oesophagus,170,Colombia,1,1,2017,1.929212242,1.967290103,0.1876783525,468
2,Oesophagus,170,Colombia,1,1,2018,1.893781875,1.948068296,0.1713326204,472
2,Oesophagus,170,Colombia,1,1,2019,1.970471944,2.071841909,0.1669994073,511
2,Oesophagus,170,Colombia,1,1,2020,1.870062602,2.018942034,0.1758211797,505
2,Oesophagus,170,Colombia,1,1,2021,1.67684723,1.820104798,0.1494584035,460
2,Oesophagus,170,Colombia,2,0,2003,1.307256475,1.437117143,0.1805153899,28
2,Oesophagus,170,Colombia,2,0,2004,1.203761225,1.262444547,0.1405525764,25
2,Oesophagus,170,Colombia,2,0,2005,1.281846997,1.49562455,0.1222447014,30
2,Oesophagus,170,Colombia,2,0,2006,1.794356666,2.006318435,0.1984444237,41
2,Oesophagus,170,Colombia,2,0,2007,1.471503732,1.686208214,0.2120584975,35
2,Oesophagus,170,Colombia,2,0,2008,0.7812201078,1.045675585,0.0638132348,22
2,Oesophagus,170,Colombia,2,0,2009,1.069618495,1.318344385,0.1354027023,28
2,Oesophagus,170,Colombia,2,0,2010,1.010349844,1.257623176,0.112660759,27
2,Oesophagus,170,Colombia,2,0,2011,1.202417537,1.475903795,0.1394045273,32
2,Oesophagus,170,Colombia,2,0,2012,0.9166933176,1.137305015,0.1412017082,25
2,Oesophagus,170,Colombia,2,0,2013,0.8314926281,1.178349015,0.08230174828,26
2,Oesophagus,170,Colombia,2,0,2014,0.8834501161,1.255288463,0.09510311134,28
2,Oesophagus,170,Colombia,2,0,2015,0.707727475,0.9755950465,0.09327936384,22
2,Oesophagus,170,Colombia,2,0,2016,0.8959010594,1.402801219,0.06809201072,32
2,Oesophagus,170,Colombia,2,0,2017,0.6635203013,1.039755034,0.07093252513,24
2,Oesophagus,170,Colombia,2,1,1984,2.292806716,1.36308884,0.2582474045,195
2,Oesophagus,170,Colombia,2,1,1985,2.527067575,1.538826701,0.2812319501,225
2,Oesophagus,170,Colombia,2,1,1986,2.407277352,1.486831196,0.2551896581,222
2,Oesophagus,170,Colombia,2,1,1987,2.542249616,1.587195712,0.2697158815,242
2,Oesophagus,170,Colombia,2,1,1988,1.785070773,1.136816144,0.2018050968,177
2,Oesophagus,170,Colombia,2,1,1989,2.075758906,1.345826164,0.2297462887,214
2,Oesophagus,170,Colombia,2,1,1990,2.052026765,1.329849743,0.227422755,216
2,Oesophagus,170,Colombia,2,1,1991,2.01081276,1.356843798,0.2319592585,225
2,Oesophagus,170,Colombia,2,1,1992,1.812492339,1.222965231,0.1951986037,207
2,Oesophagus,170,Colombia,2,1,1993,1.948661686,1.325298475,0.2162740833,229
2,Oesophagus,170,Colombia,2,1,1994,1.891192623,1.298642159,0.2267230668,229
2,Oesophagus,170,Colombia,2,1,1995,1.597917598,1.117706071,0.1701289509,201
2,Oesophagus,170,Colombia,2,1,1996,1.786628951,1.277105298,0.193308694,234
2,Oesophagus,170,Colombia,2,1,1997,1.593568765,1.157420369,0.1778259286,216
2,Oesophagus,170,Colombia,2,1,1998,1.429992315,1.07849355,0.1415918705,205
2,Oesophagus,170,Colombia,2,1,1999,1.519571845,1.142124234,0.1671229955,221
2,Oesophagus,170,Colombia,2,1,2000,1.633147184,1.244993443,0.1774224732,245
2,Oesophagus,170,Colombia,2,1,2001,1.437029099,1.09998218,0.1735439658,220
2,Oesophagus,170,Colombia,2,1,2002,1.37634642,1.087623635,0.1384728511,221
2,Oesophagus,170,Colombia,2,1,2003,1.498826305,1.235697977,0.1612579244,255
2,Oesophagus,170,Colombia,2,1,2004,1.198702976,1.026362209,0.121766901,215
2,Oesophagus,170,Colombia,2,1,2005,1.21886901,1.044766921,0.1200931554,222
2,Oesophagus,170,Colombia,2,1,2006,1.145784183,1.040028829,0.1105948919,224
2,Oesophagus,170,Colombia,2,1,2007,1.093664712,1.022069037,0.1109017776,223
2,Oesophagus,170,Colombia,2,1,2008,1.082613434,1.027670853,0.1175300207,227
2,Oesophagus,170,Colombia,2,1,2009,1.034646872,1.01998495,0.1098921868,228
2,Oesophagus,170,Colombia,2,1,2010,0.9980454764,1.012652474,0.1005254364,229
2,Oesophagus,170,Colombia,2,1,2011,0.7851730156,0.8441654781,0.07388664469,193
2,Oesophagus,170,Colombia,2,1,2012,0.7873666726,0.8745024671,0.07961712639,202
2,Oesophagus,170,Colombia,2,1,2013,0.7081130926,0.8145916866,0.06326627252,190
2,Oesophagus,170,Colombia,2,1,2014,0.8487221852,0.9855984733,0.08851177637,232
2,Oesophagus,170,Colombia,2,1,2015,0.7350006979,0.88848175,0.07281748618,211
2,Oesophagus,170,Colombia,2,1,2016,0.7717940779,0.9796236203,0.0657976855,235
2,Oesophagus,170,Colombia,2,1,2017,0.7183187042,0.916111731,0.07096226806,223
2,Oesophagus,170,Colombia,2,1,2018,0.6252631313,0.8469334888,0.05341628738,210
2,Oesophagus,170,Colombia,2,1,2019,0.6378652633,0.8714962533,0.05326108491,220
2,Oesophagus,170,Colombia,2,1,2020,0.570960421,0.8002530517,0.04985925488,205
2,Oesophagus,170,Colombia,2,1,2021,0.5327971434,0.7678979009,0.04530232938,199
2,Oesophagus,188,Costa Rica,1,0,1982,2.673571437,1.607691195,0.400375602,20
2,Oesophagus,188,Costa Rica,1,0,1983,3.780117871,2.187007923,0.5098883314,28
2,Oesophagus,188,Costa Rica,1,0,1984,3.68498533,2.352757242,0.3757283729,31
2,Oesophagus,188,Costa Rica,1,0,1985,4.243109001,2.431524942,0.584395567,33
2,Oesophagus,188,Costa Rica,1,0,1986,2.063030066,1.3591301,0.2428172264,19
2,Oesophagus,188,Costa Rica,1,0,1987,3.068176315,2.017497969,0.2862525449,29
2,Oesophagus,188,Costa Rica,1,0,1988,2.828230445,1.964201413,0.2790770635,29
2,Oesophagus,188,Costa Rica,1,0,1989,3.464034207,2.112326946,0.4954945953,32
2,Oesophagus,188,Costa Rica,1,0,1990,2.844662844,1.933170303,0.2806070627,30
2,Oesophagus,188,Costa Rica,1,0,1991,3.303830106,2.141440913,0.4583859861,34
2,Oesophagus,188,Costa Rica,1,0,1992,2.319957255,1.540604163,0.2640189141,25
2,Oesophagus,188,Costa Rica,1,0,1993,2.668655495,1.861562223,0.3028693907,31
2,Oesophagus,188,Costa Rica,1,0,1994,2.721381689,1.92390658,0.2405806753,33
2,Oesophagus,188,Costa Rica,1,0,1995,3.10986046,2.20958666,0.3367571129,39
2,Oesophagus,188,Costa Rica,1,0,1996,3.452298948,2.371299119,0.3799949437,43
2,Oesophagus,188,Costa Rica,1,0,1997,3.253674341,2.311864002,0.3690312003,43
2,Oesophagus,188,Costa Rica,1,0,1998,1.532720434,1.154326652,0.1624262641,22
2,Oesophagus,188,Costa Rica,1,0,1999,2.455883194,1.844422926,0.2993140279,36
2,Oesophagus,188,Costa Rica,1,0,2000,2.378828323,1.602908477,0.3152307786,32
2,Oesophagus,188,Costa Rica,1,0,2001,2.218572227,1.765962832,0.2568897047,36
2,Oesophagus,188,Costa Rica,1,0,2002,2.125118989,1.586567447,0.2413780129,33
2,Oesophagus,188,Costa Rica,1,0,2003,1.853642512,1.428000908,0.2337111458,30
2,Oesophagus,188,Costa Rica,1,0,2004,2.235414372,1.781443175,0.2615217564,38
2,Oesophagus,188,Costa Rica,1,0,2005,2.207261273,1.801546281,0.2592869681,39
2,Oesophagus,188,Costa Rica,1,0,2006,2.48785765,2.003558137,0.3190413978,44
2,Oesophagus,188,Costa Rica,1,0,2007,1.997582727,1.705919271,0.2726766756,38
2,Oesophagus,188,Costa Rica,1,0,2008,1.743212848,1.549701129,0.2338204036,35
2,Oesophagus,188,Costa Rica,1,0,2009,1.603339319,1.486400528,0.1748697064,34
2,Oesophagus,188,Costa Rica,1,0,2010,2.028711765,1.814809102,0.2318203572,42
2,Oesophagus,188,Costa Rica,1,0,2011,1.817712287,1.709419972,0.2030154385,40
2,Oesophagus,188,Costa Rica,1,0,2012,1.442779438,1.437373833,0.1869747896,34
2,Oesophagus,188,Costa Rica,1,0,2013,1.235659925,1.176051558,0.1585844061,28
2,Oesophagus,188,Costa Rica,1,0,2014,1.087293606,1.161671479,0.1169089722,28
2,Oesophagus,188,Costa Rica,1,0,2015,1.072839432,1.147854291,0.1162067658,28
2,Oesophagus,188,Costa Rica,1,0,2016,1.316245787,1.377729728,0.158387791,34
2,Oesophagus,188,Costa Rica,1,1,1962,6.586516006,3.061589438,0.7209691431,22
2,Oesophagus,188,Costa Rica,1,1,1963,7.134289451,2.819217667,0.5200405612,21
2,Oesophagus,188,Costa Rica,1,1,1964,5.851224484,2.593081917,0.6663647185,20
2,Oesophagus,188,Costa Rica,1,1,1965,6.245723674,2.382049377,0.3620681519,19
2,Oesophagus,188,Costa Rica,1,1,1966,4.29368929,1.942201303,0.6764110159,16
2,Oesophagus,188,Costa Rica,1,1,1967,7.860286926,3.295238028,0.6786223935,28
2,Oesophagus,188,Costa Rica,1,1,1968,6.1265232,2.285669878,0.4806392537,20
2,Oesophagus,188,Costa Rica,1,1,1969,3.604828868,1.777812346,0.4398430568,16
2,Oesophagus,188,Costa Rica,1,1,1970,4.838150457,1.94600906,0.4723001781,18
2,Oesophagus,188,Costa Rica,1,1,1971,5.083557365,2.210805575,0.4130344859,21
2,Oesophagus,188,Costa Rica,1,1,1972,3.239817526,1.436139002,0.3694227977,14
2,Oesophagus,188,Costa Rica,1,1,1973,4.185294113,1.600048801,0.3234501903,16
2,Oesophagus,188,Costa Rica,1,1,1974,3.861642214,1.949987691,0.5159246047,20
2,Oesophagus,188,Costa Rica,1,1,1975,5.497861903,2.851313957,0.5791676424,30
2,Oesophagus,188,Costa Rica,1,1,1976,5.869438113,2.686237295,0.5786562142,29
2,Oesophagus,188,Costa Rica,1,1,1977,4.838321892,2.346422157,0.5746483621,26
2,Oesophagus,188,Costa Rica,1,1,1978,3.301244585,1.582211026,0.1284110669,18
2,Oesophagus,188,Costa Rica,1,1,1979,3.790650048,2.053967131,0.451994504,24
2,Oesophagus,188,Costa Rica,1,1,1980,3.168679237,1.749392086,0.4257852343,21
2,Oesophagus,188,Costa Rica,1,1,1981,2.977623548,1.378368134,0.127706348,17
2,Oesophagus,188,Costa Rica,1,1,1982,0.7297648191,0.3945053298,0.1255540739,5
2,Oesophagus,188,Costa Rica,1,1,1983,4.499926754,2.379774374,0.4839862831,31
2,Oesophagus,188,Costa Rica,1,1,1984,3.43827535,2.016469327,0.4305149863,27
2,Oesophagus,188,Costa Rica,1,1,1985,3.873086973,2.10716075,0.4387921578,29
2,Oesophagus,188,Costa Rica,1,1,1986,4.746704352,2.404394384,0.3478663961,34
2,Oesophagus,188,Costa Rica,1,1,1987,3.157885216,1.721809925,0.344242939,25
2,Oesophagus,188,Costa Rica,1,1,1988,3.957349198,2.147968156,0.3330093065,32
2,Oesophagus,188,Costa Rica,1,1,1989,4.534819651,2.618405954,0.4967675753,40
2,Oesophagus,188,Costa Rica,1,1,1990,4.038572611,2.298602514,0.2165423063,36
2,Oesophagus,188,Costa Rica,1,1,1991,3.200606007,1.868648929,0.4235806819,30
2,Oesophagus,188,Costa Rica,1,1,1992,3.958276832,2.43145796,0.3688735731,40
2,Oesophagus,188,Costa Rica,1,1,1993,3.417526449,2.136473158,0.2976065695,36
2,Oesophagus,188,Costa Rica,1,1,1994,3.153607597,2.144966083,0.3361795235,37
2,Oesophagus,188,Costa Rica,1,1,1995,3.661865177,2.209775708,0.2366238646,39
2,Oesophagus,188,Costa Rica,1,1,1996,3.249301515,2.272079906,0.289188993,41
2,Oesophagus,188,Costa Rica,1,1,1997,2.124687119,1.410366465,0.2429568522,26
2,Oesophagus,188,Costa Rica,1,1,1998,2.675352036,1.806803305,0.2231817399,34
2,Oesophagus,188,Costa Rica,1,1,1999,2.969334014,1.979793601,0.280431352,38
2,Oesophagus,188,Costa Rica,1,1,2000,2.124856694,1.48285222,0.186042959,29
2,Oesophagus,188,Costa Rica,1,1,2001,2.338692608,1.808855251,0.2671711097,36
2,Oesophagus,188,Costa Rica,1,1,2002,2.090998884,1.63147138,0.1964008403,33
2,Oesophagus,188,Costa Rica,1,1,2003,2.104626947,1.655715408,0.2108730458,34
2,Oesophagus,188,Costa Rica,1,1,2004,1.820250248,1.535975916,0.1892004685,32
2,Oesophagus,188,Costa Rica,1,1,2005,2.065628027,1.656271199,0.2320040557,35
2,Oesophagus,188,Costa Rica,1,1,2006,2.652625505,2.287099081,0.2975302259,49
2,Oesophagus,188,Costa Rica,1,1,2007,1.623631481,1.61209792,0.1685882001,35
2,Oesophagus,188,Costa Rica,1,1,2008,1.680753839,1.59077749,0.1800848536,35
2,Oesophagus,188,Costa Rica,1,1,2009,1.33367349,1.256005839,0.1323196339,28
2,Oesophagus,188,Costa Rica,1,1,2010,1.703044343,1.7725087,0.1338231832,40
2,Oesophagus,188,Costa Rica,1,1,2011,1.546606923,1.620625215,0.1368861469,37
2,Oesophagus,188,Costa Rica,1,1,2012,1.987682811,2.07813394,0.2511415449,48
2,Oesophagus,188,Costa Rica,1,1,2013,1.652348538,1.75544246,0.189068621,41
2,Oesophagus,188,Costa Rica,1,1,2014,1.372670972,1.567295209,0.1355192839,37
2,Oesophagus,188,Costa Rica,1,1,2015,1.06135602,1.341289696,0.08823126117,32
2,Oesophagus,188,Costa Rica,1,1,2016,1.239757385,1.493949195,0.1435675629,36
2,Oesophagus,188,Costa Rica,1,1,2017,1.669488458,2.055632402,0.1630252149,50
2,Oesophagus,188,Costa Rica,1,1,2018,1.285700477,1.629942699,0.1437986664,40
2,Oesophagus,188,Costa Rica,1,1,2019,1.348674127,1.737866308,0.1709657263,43
2,Oesophagus,188,Costa Rica,1,1,2020,1.294058253,1.806639762,0.1285104116,45
2,Oesophagus,188,Costa Rica,1,1,2021,1.217589427,1.718385062,0.1234750581,43
2,Oesophagus,188,Costa Rica,1,1,2022,1.131942595,1.552523358,0.136272774,39
2,Oesophagus,188,Costa Rica,2,0,1982,1.066372927,0.6671470125,0.1371276161,8
2,Oesophagus,188,Costa Rica,2,0,1983,1.991073623,1.296340108,0.2425265302,16
2,Oesophagus,188,Costa Rica,2,0,1984,1.289118601,0.8659958086,0.1379807114,11
2,Oesophagus,188,Costa Rica,2,0,1985,1.346938931,0.9169460805,0.1668969025,12
2,Oesophagus,188,Costa Rica,2,0,1986,0.7293650883,0.5192111847,0.07157746832,7
2,Oesophagus,188,Costa Rica,2,0,1987,1.060259926,0.7212285696,0.1570801063,10
2,Oesophagus,188,Costa Rica,2,0,1988,1.96318603,1.33383317,0.2332071367,19
2,Oesophagus,188,Costa Rica,2,0,1989,1.435329747,0.9575248803,0.2092144408,14
2,Oesophagus,188,Costa Rica,2,0,1990,0.7565623854,0.46708237,0.1345709132,7
2,Oesophagus,188,Costa Rica,2,0,1991,0.495223865,0.325959478,0.07170172318,5
2,Oesophagus,188,Costa Rica,2,0,1992,1.162343505,0.8288020177,0.1505521059,13
2,Oesophagus,188,Costa Rica,2,0,1993,0.4164755568,0.3106068512,0.04906735335,5
2,Oesophagus,188,Costa Rica,2,0,1994,1.136102209,0.8447413643,0.1569610753,14
2,Oesophagus,188,Costa Rica,2,0,1995,1.399360538,1.114478662,0.1535322674,19
2,Oesophagus,188,Costa Rica,2,0,1996,1.106509583,0.9136185117,0.1248328512,16
2,Oesophagus,188,Costa Rica,2,0,1997,0.9960615983,0.8349433825,0.09178008512,15
2,Oesophagus,188,Costa Rica,2,0,1998,0.6049078726,0.5431494193,0.06978843007,10
2,Oesophagus,188,Costa Rica,2,0,1999,0.701844771,0.5832981587,0.07458025827,11
2,Oesophagus,188,Costa Rica,2,0,2000,0.8729805084,0.777622714,0.08734314827,15
2,Oesophagus,188,Costa Rica,2,0,2001,0.6605450102,0.5584552924,0.07539234402,11
2,Oesophagus,188,Costa Rica,2,0,2002,0.399244143,0.3980915491,0.02233128327,8
2,Oesophagus,188,Costa Rica,2,0,2003,0.767407688,0.7860820247,0.06355314787,16
2,Oesophagus,188,Costa Rica,2,0,2004,0.6076126325,0.6288772702,0.05830565416,13
2,Oesophagus,188,Costa Rica,2,0,2005,0.5760202403,0.6194393407,0.04326808725,13
2,Oesophagus,188,Costa Rica,2,0,2006,0.5551238685,0.6103349424,0.05540546841,13
2,Oesophagus,188,Costa Rica,2,0,2007,0.3438683102,0.3700960538,0.04311759596,8
2,Oesophagus,188,Costa Rica,2,0,2008,0.4609938907,0.5472692405,0.04159560758,12
2,Oesophagus,188,Costa Rica,2,0,2009,0.8118697857,0.9451434255,0.09711198153,21
2,Oesophagus,188,Costa Rica,2,0,2010,0.7274412181,0.8002681788,0.07213834137,18
2,Oesophagus,188,Costa Rica,2,0,2011,0.4028534056,0.4394555497,0.03459743343,10
2,Oesophagus,188,Costa Rica,2,0,2012,0.3893902109,0.4779136549,0.02450823619,11
2,Oesophagus,188,Costa Rica,2,0,2013,0.2284938733,0.2572546894,0.02389182757,6
2,Oesophagus,188,Costa Rica,2,0,2014,0.2415433854,0.2539351483,0.03676488836,6
2,Oesophagus,188,Costa Rica,2,0,2015,0.5011311381,0.5850639036,0.06970118693,14
2,Oesophagus,188,Costa Rica,2,0,2016,0.3216532728,0.4127876666,0.03039281228,10
2,Oesophagus,188,Costa Rica,2,1,1962,1.021806703,0.5626955367,0.0850563497,4
2,Oesophagus,188,Costa Rica,2,1,1963,2.053163273,1.085899393,0.1824012323,8
2,Oesophagus,188,Costa Rica,2,1,1964,0.7967014766,0.3933513139,0.1471084319,3
2,Oesophagus,188,Costa Rica,2,1,1965,2.581417937,1.141298455,0.2578824626,9
2,Oesophagus,188,Costa Rica,2,1,1966,1.902366798,0.9824286496,0.3057205521,8
2,Oesophagus,188,Costa Rica,2,1,1967,2.719798729,1.190743399,0.4241547035,10
2,Oesophagus,188,Costa Rica,2,1,1968,3.401180474,1.61903242,0.3750032322,14
2,Oesophagus,188,Costa Rica,2,1,1969,2.712422203,1.461833769,0.3334745414,13
2,Oesophagus,188,Costa Rica,2,1,1970,2.389166821,1.203528746,0.270830312,11
2,Oesophagus,188,Costa Rica,2,1,1971,1.114624268,0.5326748052,0.1206004347,5
2,Oesophagus,188,Costa Rica,2,1,1972,3.54075555,1.764561787,0.2069701286,17
2,Oesophagus,188,Costa Rica,2,1,1973,1.970304839,1.011762754,0.188159055,10
2,Oesophagus,188,Costa Rica,2,1,1974,0.6161824847,0.3944788737,0.01304818694,4
2,Oesophagus,188,Costa Rica,2,1,1975,1.746357592,1.057110389,0.1847107026,11
2,Oesophagus,188,Costa Rica,2,1,1976,1.479932345,0.7489251754,0.1040233349,8
2,Oesophagus,188,Costa Rica,2,1,1977,1.849615755,1.002775866,0.2239176091,11
2,Oesophagus,188,Costa Rica,2,1,1978,1.866447908,0.976162121,0.2316464493,11
2,Oesophagus,188,Costa Rica,2,1,1979,1.703710639,0.8635433168,0.1664712025,10
2,Oesophagus,188,Costa Rica,2,1,1980,0.774978383,0.4200916388,0.08912137586,5
2,Oesophagus,188,Costa Rica,2,1,1981,1.507520739,0.8992111057,0.1127961461,11
2,Oesophagus,188,Costa Rica,2,1,1982,1.44884144,0.8748238423,0.1938868907,11
2,Oesophagus,188,Costa Rica,2,1,1983,1.525201916,0.9284271631,0.2046218154,12
2,Oesophagus,188,Costa Rica,2,1,1984,1.089345115,0.8279264094,0.06161525766,11
2,Oesophagus,188,Costa Rica,2,1,1985,2.213617454,1.610972775,0.2421174999,22
2,Oesophagus,188,Costa Rica,2,1,1986,1.068195771,0.7839565432,0.1704164471,11
2,Oesophagus,188,Costa Rica,2,1,1987,1.12170049,0.7634973314,0.1261304556,11
2,Oesophagus,188,Costa Rica,2,1,1988,1.613640597,1.2852401,0.1343524618,19
2,Oesophagus,188,Costa Rica,2,1,1989,1.189350254,0.8574179847,0.1119233902,13
2,Oesophagus,188,Costa Rica,2,1,1990,0.7054504012,0.5142918491,0.05936418441,8
2,Oesophagus,188,Costa Rica,2,1,1991,0.6493255715,0.5010214575,0.1101941889,8
2,Oesophagus,188,Costa Rica,2,1,1992,0.8797288002,0.6710776806,0.1103714576,11
2,Oesophagus,188,Costa Rica,2,1,1993,0.6150270307,0.4755073589,0.09120089612,8
2,Oesophagus,188,Costa Rica,2,1,1994,1.133085846,0.9269169439,0.1372149877,16
2,Oesophagus,188,Costa Rica,2,1,1995,0.9459809353,0.7343425459,0.1130671894,13
2,Oesophagus,188,Costa Rica,2,1,1996,0.7529508203,0.606227945,0.09690958349,11
2,Oesophagus,188,Costa Rica,2,1,1997,1.498819128,1.291559631,0.161529845,24
2,Oesophagus,188,Costa Rica,2,1,1998,0.7167410656,0.6838283023,0.04585640483,13
2,Oesophagus,188,Costa Rica,2,1,1999,0.3000297663,0.308847079,0.02399488144,6
2,Oesophagus,188,Costa Rica,2,1,2000,0.8472166668,0.8576984872,0.05002679182,17
2,Oesophagus,188,Costa Rica,2,1,2001,0.5818793514,0.5448948799,0.05817924771,11
2,Oesophagus,188,Costa Rica,2,1,2002,0.3778438557,0.3896753566,0.03224841433,8
2,Oesophagus,188,Costa Rica,2,1,2003,0.5188005042,0.5275041883,0.04495328846,11
2,Oesophagus,188,Costa Rica,2,1,2004,0.5314986651,0.5669171259,0.05488614491,12
2,Oesophagus,188,Costa Rica,2,1,2005,0.4485052787,0.5120900981,0.03476650095,11
2,Oesophagus,188,Costa Rica,2,1,2006,0.5850511214,0.6884247122,0.04380962415,15
2,Oesophagus,188,Costa Rica,2,1,2007,0.3228481946,0.3621280181,0.04482306974,8
2,Oesophagus,188,Costa Rica,2,1,2008,0.3354992544,0.4018084057,0.03393936841,9
2,Oesophagus,188,Costa Rica,2,1,2009,0.4546738485,0.616603729,0.03937841793,14
2,Oesophagus,188,Costa Rica,2,1,2010,0.5165989872,0.6958719787,0.03910397211,16
2,Oesophagus,188,Costa Rica,2,1,2011,0.4339763681,0.6016941559,0.02967608979,14
2,Oesophagus,188,Costa Rica,2,1,2012,0.5316039079,0.7221231781,0.04421127025,17
2,Oesophagus,188,Costa Rica,2,1,2013,0.4115769407,0.5880985241,0.03512252524,14
2,Oesophagus,188,Costa Rica,2,1,2014,0.3972642626,0.5817906185,0.04076825988,14
2,Oesophagus,188,Costa Rica,2,1,2015,0.3011213455,0.4522514929,0.03784599143,11
2,Oesophagus,188,Costa Rica,2,1,2016,0.4044326538,0.6511272437,0.04605485828,16
2,Oesophagus,188,Costa Rica,2,1,2017,0.1539779039,0.2821630052,0.007229298899,7
2,Oesophagus,188,Costa Rica,2,1,2018,0.2824516388,0.4792822269,0.01894878339,12
2,Oesophagus,188,Costa Rica,2,1,2019,0.3256931685,0.5939994179,0.03190250644,15
2,Oesophagus,188,Costa Rica,2,1,2020,0.299794211,0.5111051351,0.03733082727,13
2,Oesophagus,188,Costa Rica,2,1,2021,0.1550794564,0.2736900218,0.0119430169,7
2,Oesophagus,188,Costa Rica,2,1,2022,0.1421733656,0.3113173589,0.0069942671,8
2,Oesophagus,191,Croatia,1,0,1988,6.31936727,8.357852618,0.725634274,191
2,Oesophagus,191,Croatia,1,0,1989,5.468257611,7.407671967,0.6086691344,168
2,Oesophagus,191,Croatia,1,0,1990,7.675155814,10.10692152,0.901968271,229
2,Oesophagus,191,Croatia,1,0,1991,5.122608916,6.913825726,0.5570874992,158
2,Oesophagus,191,Croatia,1,0,1992,5.560602039,7.416894361,0.6871465003,168
2,Oesophagus,191,Croatia,1,0,1993,6.278570507,8.638054817,0.7385039836,194
2,Oesophagus,191,Croatia,1,0,1994,5.940680249,8.125278324,0.7387798029,181
2,Oesophagus,191,Croatia,1,0,1995,6.624865876,9.093722346,0.8220785546,201
2,Oesophagus,191,Croatia,1,0,1996,6.199954467,8.614461813,0.7514502352,189
2,Oesophagus,191,Croatia,1,0,1997,7.056270427,9.96038795,0.8937373543,217
2,Oesophagus,191,Croatia,1,0,1998,5.952483449,8.501759032,0.7436093765,184
2,Oesophagus,191,Croatia,1,0,1999,6.198724905,9.252044283,0.7928212738,199
2,Oesophagus,191,Croatia,1,0,2000,6.599318806,8.45368355,0.8565727583,178
2,Oesophagus,191,Croatia,1,0,2001,5.767989614,8.692587807,0.675772295,185
2,Oesophagus,191,Croatia,1,0,2002,5.992446423,9.445155833,0.7520548764,201
2,Oesophagus,191,Croatia,1,0,2003,5.435121508,8.739406406,0.710988925,186
2,Oesophagus,191,Croatia,1,0,2004,5.376108379,8.552024739,0.6613848785,182
2,Oesophagus,191,Croatia,1,0,2005,5.482827458,8.779606523,0.6950536202,187
2,Oesophagus,191,Croatia,1,0,2006,5.250403177,8.731504819,0.6693828985,186
2,Oesophagus,191,Croatia,1,0,2007,5.287327024,8.641434929,0.6369755049,184
2,Oesophagus,191,Croatia,1,0,2008,5.021518127,8.453363265,0.6507186564,180
2,Oesophagus,191,Croatia,1,0,2009,5.241356974,8.695480512,0.6391759575,185
2,Oesophagus,191,Croatia,1,0,2010,4.341743807,7.630251214,0.5398311489,162
2,Oesophagus,191,Croatia,1,0,2011,5.624296646,10.12442874,0.6781023772,209
2,Oesophagus,191,Croatia,1,0,2012,4.1464997,7.529019513,0.501991087,155
2,Oesophagus,191,Croatia,1,0,2013,4.439921871,7.828900117,0.5769009461,161
2,Oesophagus,191,Croatia,1,0,2014,4.848859392,9.123081592,0.6194156681,187
2,Oesophagus,191,Croatia,1,0,2015,3.802087213,7.061509672,0.4717462556,144
2,Oesophagus,191,Croatia,1,0,2016,4.402775163,8.15698589,0.5520574178,165
2,Oesophagus,191,Croatia,1,0,2017,4.17790218,7.929312424,0.5613973661,159
2,Oesophagus,191,Croatia,1,1,1986,5.604539731,6.853334922,0.651563335,157
2,Oesophagus,191,Croatia,1,1,1987,6.669857538,8.437434898,0.830001455,194
2,Oesophagus,191,Croatia,1,1,1988,6.449276153,8.148406759,0.8159035927,188
2,Oesophagus,191,Croatia,1,1,1989,4.907458596,6.52351793,0.5505941736,151
2,Oesophagus,191,Croatia,1,1,1990,6.331690938,8.355089585,0.7300150179,194
2,Oesophagus,191,Croatia,1,1,1991,4.944895359,6.646756609,0.5670692149,154
2,Oesophagus,191,Croatia,1,1,1992,4.545456128,6.09831264,0.535888767,140
2,Oesophagus,191,Croatia,1,1,1993,5.122191855,7.355762094,0.6160868923,167
2,Oesophagus,191,Croatia,1,1,1994,4.981267158,7.128903269,0.5924218875,160
2,Oesophagus,191,Croatia,1,1,1995,5.470633937,7.756151993,0.6676586044,172
2,Oesophagus,191,Croatia,1,1,1996,4.74460135,6.893179906,0.5562844902,151
2,Oesophagus,191,Croatia,1,1,1997,6.477283268,9.614629028,0.8241438923,208
2,Oesophagus,191,Croatia,1,1,1998,5.296973547,7.913594783,0.6585288106,169
2,Oesophagus,191,Croatia,1,1,1999,5.236364076,7.97198417,0.654004984,168
2,Oesophagus,191,Croatia,1,1,2000,5.5244643,8.51314957,0.6653230321,177
2,Oesophagus,191,Croatia,1,1,2001,5.543390154,8.658538444,0.6719899168,179
2,Oesophagus,191,Croatia,1,1,2002,5.383243891,8.892327685,0.6629512889,184
2,Oesophagus,191,Croatia,1,1,2003,5.282688962,8.892993843,0.6878235845,184
2,Oesophagus,191,Croatia,1,1,2004,4.465754755,7.291881962,0.5602639618,151
2,Oesophagus,191,Croatia,1,1,2005,5.178213437,8.441653821,0.658492436,175
2,Oesophagus,191,Croatia,1,1,2006,5.433812033,9.157862266,0.6928748781,190
2,Oesophagus,191,Croatia,1,1,2007,4.963624977,8.767106395,0.5929572729,182
2,Oesophagus,191,Croatia,1,1,2008,4.657992027,8.044253994,0.5726834125,167
2,Oesophagus,191,Croatia,1,1,2009,5.078218886,8.916872337,0.6373377737,185
2,Oesophagus,191,Croatia,1,1,2010,4.307508769,7.968387235,0.5418029182,165
2,Oesophagus,191,Croatia,1,1,2011,4.92924339,8.929919063,0.6139284655,184
2,Oesophagus,191,Croatia,1,1,2012,4.5004744,8.488185811,0.558371966,174
2,Oesophagus,191,Croatia,1,1,2013,3.681746553,6.757152115,0.4751673409,138
2,Oesophagus,191,Croatia,1,1,2014,4.437410843,8.367457383,0.5805928507,170
2,Oesophagus,191,Croatia,1,1,2015,3.549202736,6.948733978,0.4798583059,140
2,Oesophagus,191,Croatia,1,1,2016,4.089477723,8.182217481,0.5206865843,163
2,Oesophagus,191,Croatia,1,1,2017,4.01595407,7.787545577,0.5298215977,153
2,Oesophagus,191,Croatia,1,1,2018,4.478163526,8.924352443,0.5733986443,173
2,Oesophagus,191,Croatia,1,1,2019,4.455972627,9.218344297,0.5473178701,177
2,Oesophagus,191,Croatia,1,1,2020,3.709530444,8.084543324,0.4729710827,154
2,Oesophagus,191,Croatia,1,1,2021,4.003915254,8.725172917,0.5172746443,165
2,Oesophagus,191,Croatia,2,0,1988,0.7641711425,1.442120296,0.08179808308,35
2,Oesophagus,191,Croatia,2,0,1989,0.5192265655,1.075690107,0.06017293116,26
2,Oesophagus,191,Croatia,2,0,1990,1.038499854,1.987489581,0.1032645582,48
2,Oesophagus,191,Croatia,2,0,1991,0.903314476,1.689340918,0.1042599765,41
2,Oesophagus,191,Croatia,2,0,1992,0.699081489,1.41103136,0.07789521308,34
2,Oesophagus,191,Croatia,2,0,1993,0.8250993928,1.587951626,0.1034734684,38
2,Oesophagus,191,Croatia,2,0,1994,1.05944679,1.892904511,0.1318759546,45
2,Oesophagus,191,Croatia,2,0,1995,1.112182836,2.201131805,0.1392335465,52
2,Oesophagus,191,Croatia,2,0,1996,0.768393489,1.532969707,0.1062226215,36
2,Oesophagus,191,Croatia,2,0,1997,0.8582199072,1.584448085,0.111266884,37
2,Oesophagus,191,Croatia,2,0,1998,0.8735804709,1.7650632,0.08521096943,41
2,Oesophagus,191,Croatia,2,0,1999,0.9657652528,1.903623851,0.1057156285,44
2,Oesophagus,191,Croatia,2,0,2000,1.069314097,2.021301885,0.1335914317,46
2,Oesophagus,191,Croatia,2,0,2001,0.8827184254,1.876022814,0.08843696642,43
2,Oesophagus,191,Croatia,2,0,2002,0.8384601708,2.006086291,0.1259806997,46
2,Oesophagus,191,Croatia,2,0,2003,0.4405775409,1.046789758,0.03514635283,24
2,Oesophagus,191,Croatia,2,0,2004,0.6698550673,1.352562998,0.0637203064,31
2,Oesophagus,191,Croatia,2,0,2005,0.8351020281,2.049888172,0.09194558986,47
2,Oesophagus,191,Croatia,2,0,2006,0.7678407228,1.877257074,0.07851053692,43
2,Oesophagus,191,Croatia,2,0,2007,0.7543889975,1.967221715,0.08096290521,45
2,Oesophagus,191,Croatia,2,0,2008,0.6637653496,1.574817616,0.08725528391,36
2,Oesophagus,191,Croatia,2,0,2009,0.525632148,1.533511834,0.0488537644,35
2,Oesophagus,191,Croatia,2,0,2010,0.9412415422,2.417088375,0.1046764628,55
2,Oesophagus,191,Croatia,2,0,2011,0.8412272317,1.849923386,0.1005982636,41
2,Oesophagus,191,Croatia,2,0,2012,0.5320500857,1.493985351,0.05758591029,33
2,Oesophagus,191,Croatia,2,0,2013,0.8317434019,1.994793589,0.1022561295,44
2,Oesophagus,191,Croatia,2,0,2014,0.6208452685,1.41092447,0.0691060587,31
2,Oesophagus,191,Croatia,2,0,2015,0.782845066,1.921165434,0.09981925505,42
2,Oesophagus,191,Croatia,2,0,2016,0.665395848,1.752810378,0.07920285611,38
2,Oesophagus,191,Croatia,2,0,2017,0.4611177231,1.116769409,0.058573376,24
2,Oesophagus,191,Croatia,2,1,1986,0.9005148358,1.61147629,0.1060974545,40
2,Oesophagus,191,Croatia,2,1,1987,0.6020410041,1.284659718,0.04553451253,32
2,Oesophagus,191,Croatia,2,1,1988,0.5731261932,1.080504596,0.06630264363,27
2,Oesophagus,191,Croatia,2,1,1989,0.5725057766,1.157208581,0.06989248843,29
2,Oesophagus,191,Croatia,2,1,1990,0.7595302175,1.591642286,0.07145374471,40
2,Oesophagus,191,Croatia,2,1,1991,0.7952935967,1.554876681,0.08725628094,39
2,Oesophagus,191,Croatia,2,1,1992,0.7335331835,1.407592271,0.08557299222,35
2,Oesophagus,191,Croatia,2,1,1993,0.565855134,1.138482813,0.06378448364,28
2,Oesophagus,191,Croatia,2,1,1994,0.7761518802,1.480793187,0.08888732641,36
2,Oesophagus,191,Croatia,2,1,1995,0.9066835153,1.915257755,0.1040297985,46
2,Oesophagus,191,Croatia,2,1,1996,0.6603612532,1.391390581,0.08796582293,33
2,Oesophagus,191,Croatia,2,1,1997,0.6608664977,1.409502868,0.09054148395,33
2,Oesophagus,191,Croatia,2,1,1998,0.791120776,1.774813407,0.08283435145,41
2,Oesophagus,191,Croatia,2,1,1999,0.6791136899,1.448358132,0.08046336773,33
2,Oesophagus,191,Croatia,2,1,2000,0.707610228,1.602158998,0.07690790795,36
2,Oesophagus,191,Croatia,2,1,2001,0.7273695187,1.656406645,0.07223228366,37
2,Oesophagus,191,Croatia,2,1,2002,0.6438615583,1.52017677,0.07555020969,34
2,Oesophagus,191,Croatia,2,1,2003,0.5803311137,1.474767071,0.05417624992,33
2,Oesophagus,191,Croatia,2,1,2004,0.5202380922,1.071782882,0.05642101224,24
2,Oesophagus,191,Croatia,2,1,2005,0.4882973156,1.472627536,0.05529783553,33
2,Oesophagus,191,Croatia,2,1,2006,0.7111162421,1.784853731,0.07445150131,40
2,Oesophagus,191,Croatia,2,1,2007,0.6827708159,1.785703922,0.07973168838,40
2,Oesophagus,191,Croatia,2,1,2008,0.6043835073,1.563467046,0.07066872425,35
2,Oesophagus,191,Croatia,2,1,2009,0.5175205862,1.520700309,0.05750314877,34
2,Oesophagus,191,Croatia,2,1,2010,0.6357416727,1.65884841,0.06692284586,37
2,Oesophagus,191,Croatia,2,1,2011,0.7495700135,1.846568198,0.08981841883,41
2,Oesophagus,191,Croatia,2,1,2012,0.5624883856,1.584191758,0.05027151245,35
2,Oesophagus,191,Croatia,2,1,2013,0.5979436526,1.54537236,0.06755703705,34
2,Oesophagus,191,Croatia,2,1,2014,0.3693997264,1.096993165,0.03401643966,24
2,Oesophagus,191,Croatia,2,1,2015,0.7139362831,1.844190776,0.07803338572,40
2,Oesophagus,191,Croatia,2,1,2016,0.4530131561,1.58558535,0.05641904623,34
2,Oesophagus,191,Croatia,2,1,2017,0.4444724218,1.135006948,0.05924001547,24
2,Oesophagus,191,Croatia,2,1,2018,0.7069898315,2.108944224,0.0839379985,44
2,Oesophagus,191,Croatia,2,1,2019,0.5682855982,1.597096189,0.07801075,33
2,Oesophagus,191,Croatia,2,1,2020,0.6429738814,1.756878729,0.07376391234,36
2,Oesophagus,191,Croatia,2,1,2021,0.6749599398,2.262076291,0.08355621511,46
2,Oesophagus,192,Cuba,1,1,1968,5.61318383,3.748089949,0.4354011394,162
2,Oesophagus,192,Cuba,1,1,1969,5.117244191,3.499935967,0.4498060644,154
2,Oesophagus,192,Cuba,1,1,1970,6.505875128,4.398842859,0.6160045473,197
2,Oesophagus,192,Cuba,1,1,1971,6.867145466,4.608589731,0.553116127,210
2,Oesophagus,192,Cuba,1,1,1972,5.286470068,3.865052658,0.4967714393,179
2,Oesophagus,192,Cuba,1,1,1973,6.067088767,4.53285522,0.5848374907,213
2,Oesophagus,192,Cuba,1,1,1974,4.904784495,3.928261954,0.5430909846,187
2,Oesophagus,192,Cuba,1,1,1975,4.255328607,3.509858445,0.4507442077,169
2,Oesophagus,192,Cuba,1,1,1976,5.112049774,4.215767072,0.5065970465,205
2,Oesophagus,192,Cuba,1,1,1977,5.017804055,4.405180329,0.5339379372,216
2,Oesophagus,192,Cuba,1,1,1978,4.135684518,3.767441507,0.4597187453,186
2,Oesophagus,192,Cuba,1,1,1979,4.227400328,3.968336702,0.4353858631,197
2,Oesophagus,192,Cuba,1,1,1980,4.367701592,4.251817502,0.4877060678,212
2,Oesophagus,192,Cuba,1,1,1981,3.945956437,3.994222756,0.4484050448,200
2,Oesophagus,192,Cuba,1,1,1982,4.563874734,4.547249798,0.5299085119,229
2,Oesophagus,192,Cuba,1,1,1983,4.231345967,4.336926773,0.4367828067,220
2,Oesophagus,192,Cuba,1,1,1984,4.264537405,4.323298618,0.4693240278,221
2,Oesophagus,192,Cuba,1,1,1985,4.318100106,4.483559457,0.4845689207,231
2,Oesophagus,192,Cuba,1,1,1986,4.299451542,4.504957186,0.5128824993,234
2,Oesophagus,192,Cuba,1,1,1987,4.619028249,5.020573374,0.5054338165,263
2,Oesophagus,192,Cuba,1,1,1988,4.638652184,4.805255209,0.5099308174,254
2,Oesophagus,192,Cuba,1,1,1989,3.660620758,3.898524043,0.3997731687,208
2,Oesophagus,192,Cuba,1,1,1990,4.614023531,4.884910669,0.5227499999,263
2,Oesophagus,192,Cuba,1,1,1991,4.342563523,4.73628957,0.4606171443,257
2,Oesophagus,192,Cuba,1,1,1992,4.70488979,5.201923943,0.4988889288,284
2,Oesophagus,192,Cuba,1,1,1993,4.231789157,4.575106989,0.494555626,251
2,Oesophagus,192,Cuba,1,1,1994,4.22532298,4.668269924,0.474946782,257
2,Oesophagus,192,Cuba,1,1,1995,4.827451036,5.489996701,0.5272255018,303
2,Oesophagus,192,Cuba,1,1,1996,4.706276488,5.405169421,0.5546334289,299
2,Oesophagus,192,Cuba,1,1,1997,4.55653219,5.357271378,0.5246226872,297
2,Oesophagus,192,Cuba,1,1,1998,4.501372015,5.435659565,0.5472316758,302
2,Oesophagus,192,Cuba,1,1,1999,4.274339033,5.226562974,0.4880978421,291
2,Oesophagus,192,Cuba,1,1,2000,4.240840619,5.251904084,0.4909895281,293
2,Oesophagus,192,Cuba,1,1,2001,4.491980639,5.564114432,0.5404975501,311
2,Oesophagus,192,Cuba,1,1,2002,4.572374889,6.018325175,0.5179666073,337
2,Oesophagus,192,Cuba,1,1,2003,5.113305852,6.773543076,0.6189471631,380
2,Oesophagus,192,Cuba,1,1,2004,5.170679674,6.993274534,0.6261014437,393
2,Oesophagus,192,Cuba,1,1,2005,5.111553357,6.931808952,0.5875113299,390
2,Oesophagus,192,Cuba,1,1,2006,5.34309515,7.337351525,0.6483884517,413
2,Oesophagus,192,Cuba,1,1,2007,5.855847595,8.22724321,0.7046254525,463
2,Oesophagus,192,Cuba,1,1,2008,5.668421629,8.320651599,0.6592968739,468
2,Oesophagus,192,Cuba,1,1,2009,6.250215896,8.948944669,0.753778488,503
2,Oesophagus,192,Cuba,1,1,2010,5.918533697,8.883884953,0.6931117089,499
2,Oesophagus,192,Cuba,1,1,2011,6.273255684,9.494489678,0.7467520567,533
2,Oesophagus,192,Cuba,1,1,2012,7.007276986,10.9061515,0.816619928,612
2,Oesophagus,192,Cuba,1,1,2013,7.063605552,11.00211233,0.8604781847,617
2,Oesophagus,192,Cuba,1,1,2014,7.721920132,12.49870995,0.9185030223,700
2,Oesophagus,192,Cuba,1,1,2015,7.331963281,11.99572695,0.9038012625,671
2,Oesophagus,192,Cuba,1,1,2016,6.757607738,11.11540792,0.8500169059,621
2,Oesophagus,192,Cuba,1,1,2017,7.120537062,12.17884354,0.879963458,679
2,Oesophagus,192,Cuba,1,1,2018,7.120741359,12.20795085,0.8713599757,679
2,Oesophagus,192,Cuba,1,1,2019,6.697168792,11.79056708,0.8278889575,654
2,Oesophagus,192,Cuba,1,1,2020,7.004208187,12.74795795,0.8782553156,705
2,Oesophagus,192,Cuba,1,1,2021,6.603482991,12.15060751,0.8201875613,668
2,Oesophagus,192,Cuba,2,1,1968,2.848049459,1.815003391,0.2518926992,76
2,Oesophagus,192,Cuba,2,1,1969,2.445974072,1.617227931,0.2094288825,69
2,Oesophagus,192,Cuba,2,1,1970,2.477793894,1.725751807,0.185179929,75
2,Oesophagus,192,Cuba,2,1,1971,2.375541692,1.628083905,0.1770689434,72
2,Oesophagus,192,Cuba,2,1,1972,1.917422186,1.424549778,0.1871316986,64
2,Oesophagus,192,Cuba,2,1,1973,1.902329093,1.426595046,0.1896019856,65
2,Oesophagus,192,Cuba,2,1,1974,1.647753226,1.300444373,0.1747501756,60
2,Oesophagus,192,Cuba,2,1,1975,1.659600788,1.350564391,0.1690687591,63
2,Oesophagus,192,Cuba,2,1,1976,1.964968613,1.720277011,0.2371975888,81
2,Oesophagus,192,Cuba,2,1,1977,1.818002894,1.62271925,0.2324999571,77
2,Oesophagus,192,Cuba,2,1,1978,1.51430825,1.403158258,0.1450985621,67
2,Oesophagus,192,Cuba,2,1,1979,1.453348056,1.396107028,0.167674521,67
2,Oesophagus,192,Cuba,2,1,1980,1.555511746,1.514933771,0.154403055,73
2,Oesophagus,192,Cuba,2,1,1981,1.527078116,1.48696167,0.1724648297,72
2,Oesophagus,192,Cuba,2,1,1982,1.659199239,1.681475441,0.1867039915,82
2,Oesophagus,192,Cuba,2,1,1983,1.63124656,1.728236094,0.1951490713,85
2,Oesophagus,192,Cuba,2,1,1984,1.647434244,1.793826275,0.1892575497,89
2,Oesophagus,192,Cuba,2,1,1985,1.775438274,1.997973655,0.2185194079,100
2,Oesophagus,192,Cuba,2,1,1986,1.144901742,1.287136614,0.1483535748,65
2,Oesophagus,192,Cuba,2,1,1987,1.361303212,1.549962806,0.1550774713,79
2,Oesophagus,192,Cuba,2,1,1988,1.428944278,1.632112196,0.165496801,84
2,Oesophagus,192,Cuba,2,1,1989,1.453140625,1.673755921,0.1737517485,87
2,Oesophagus,192,Cuba,2,1,1990,1.383055878,1.61970383,0.1714854612,85
2,Oesophagus,192,Cuba,2,1,1991,1.428366848,1.719754967,0.1650338152,91
2,Oesophagus,192,Cuba,2,1,1992,1.307096314,1.670958903,0.1467813287,89
2,Oesophagus,192,Cuba,2,1,1993,1.346517421,1.680728607,0.1362683134,90
2,Oesophagus,192,Cuba,2,1,1994,1.201028337,1.523945599,0.1477107911,82
2,Oesophagus,192,Cuba,2,1,1995,1.232135106,1.535264943,0.1349385553,83
2,Oesophagus,192,Cuba,2,1,1996,1.072800868,1.491638949,0.1110549249,81
2,Oesophagus,192,Cuba,2,1,1997,1.146045858,1.540135096,0.1268927584,84
2,Oesophagus,192,Cuba,2,1,1998,1.399662876,1.916474913,0.1509222403,105
2,Oesophagus,192,Cuba,2,1,1999,1.424466914,2.034692229,0.1604730144,112
2,Oesophagus,192,Cuba,2,1,2000,1.28304693,1.808259569,0.1490377065,100
2,Oesophagus,192,Cuba,2,1,2001,1.378044575,2.016294903,0.1697054826,112
2,Oesophagus,192,Cuba,2,1,2002,1.247860775,1.900372607,0.1426708764,106
2,Oesophagus,192,Cuba,2,1,2003,1.215822074,1.89308668,0.1397149384,106
2,Oesophagus,192,Cuba,2,1,2004,1.194458665,1.83304322,0.13686819,103
2,Oesophagus,192,Cuba,2,1,2005,0.9403664517,1.543561159,0.1004714867,87
2,Oesophagus,192,Cuba,2,1,2006,1.180343302,2.017764648,0.1358516605,114
2,Oesophagus,192,Cuba,2,1,2007,1.456095256,2.367646778,0.1733692957,134
2,Oesophagus,192,Cuba,2,1,2008,1.372119467,2.417418684,0.1431601887,137
2,Oesophagus,192,Cuba,2,1,2009,1.223166343,2.203052726,0.1298750373,125
2,Oesophagus,192,Cuba,2,1,2010,1.227863159,2.182907587,0.1340071716,124
2,Oesophagus,192,Cuba,2,1,2011,1.214498496,2.197690719,0.1411711574,125
2,Oesophagus,192,Cuba,2,1,2012,1.18334796,2.26647271,0.1405422735,129
2,Oesophagus,192,Cuba,2,1,2013,1.290772605,2.530687441,0.1493724141,144
2,Oesophagus,192,Cuba,2,1,2014,1.215660958,2.480124921,0.1498114905,141
2,Oesophagus,192,Cuba,2,1,2015,1.022094439,2.059349393,0.118983162,117
2,Oesophagus,192,Cuba,2,1,2016,1.284378186,2.588587586,0.1400872566,147
2,Oesophagus,192,Cuba,2,1,2017,1.274680583,2.661924797,0.1374846623,151
2,Oesophagus,192,Cuba,2,1,2018,1.319956625,2.788972649,0.1475443513,158
2,Oesophagus,192,Cuba,2,1,2019,1.193692646,2.51059067,0.1423927515,142
2,Oesophagus,192,Cuba,2,1,2020,1.20115389,2.745278939,0.1438388865,155
2,Oesophagus,192,Cuba,2,1,2021,1.026014397,2.382433571,0.1149728344,134
2,Oesophagus,196,Cyprus,1,0,1998,0.7401146874,1.189325801,0.04608932029,4
2,Oesophagus,196,Cyprus,1,0,1999,1.609262136,2.06084801,0.2314065995,7
2,Oesophagus,196,Cyprus,1,0,2000,1.182928252,1.458733877,0.1372259309,5
2,Oesophagus,196,Cyprus,1,0,2001,0.8253550091,1.155474929,0.09893998765,4
2,Oesophagus,196,Cyprus,1,0,2002,1.383743794,1.713614956,0.1822388934,6
2,Oesophagus,196,Cyprus,1,0,2003,0.8976405683,1.128152481,0.130876709,4
2,Oesophagus,196,Cyprus,1,0,2004,0.3485152225,0.5566053751,0.04877334927,2
2,Oesophagus,196,Cyprus,1,0,2005,1.158440876,1.645720304,0.1149468864,6
2,Oesophagus,196,Cyprus,1,0,2006,2.294330601,3.230026325,0.365814284,12
2,Oesophagus,196,Cyprus,1,0,2007,1.843483036,2.62841102,0.2409296966,10
2,Oesophagus,196,Cyprus,1,0,2008,1.055034902,1.538753507,0.118069864,6
2,Oesophagus,196,Cyprus,1,0,2009,1.448535978,2.252224071,0.1177746753,9
2,Oesophagus,196,Cyprus,1,0,2010,1.795822025,2.691078829,0.2488066618,11
2,Oesophagus,196,Cyprus,1,0,2011,0.5080042599,0.7160024153,0.04715860231,3
2,Oesophagus,196,Cyprus,1,0,2012,0.9669918478,1.425042751,0.1453044901,6
2,Oesophagus,196,Cyprus,1,0,2013,1.274034498,2.147033634,0.1892592918,9
2,Oesophagus,196,Cyprus,1,0,2014,1.410304727,2.654651553,0.1813905877,11
2,Oesophagus,196,Cyprus,1,0,2015,0.9490864443,1.707516978,0.1005500115,7
2,Oesophagus,196,Cyprus,1,0,2016,1.199958674,2.175857651,0.1513075097,9
2,Oesophagus,196,Cyprus,1,0,2017,0.6816128286,1.660703949,0.04425029268,7
2,Oesophagus,196,Cyprus,1,1,2005,0.3798910979,0.8238657428,0,3
2,Oesophagus,196,Cyprus,1,1,2006,2.13483508,3.241123373,0.2604934459,12
2,Oesophagus,196,Cyprus,1,1,2007,1.482560951,2.378718399,0.2078558243,9
2,Oesophagus,196,Cyprus,1,1,2008,1.750477757,2.83846795,0.1568226638,11
2,Oesophagus,196,Cyprus,1,1,2009,0.8615241833,1.510486553,0.08442264694,6
2,Oesophagus,196,Cyprus,1,1,2010,0.7155715301,0.9834606505,0.09707930845,4
2,Oesophagus,196,Cyprus,1,1,2011,0.9235092477,1.452608643,0.1531026836,6
2,Oesophagus,196,Cyprus,1,1,2012,1.459986995,2.142806124,0.2135552386,9
2,Oesophagus,196,Cyprus,1,1,2013,0.6073618803,0.9542371709,0.1170840845,4
2,Oesophagus,196,Cyprus,1,1,2014,1.703885325,2.895983512,0.2334884055,12
2,Oesophagus,196,Cyprus,1,1,2015,0.621049668,1.463585981,0.02228213632,6
2,Oesophagus,196,Cyprus,1,1,2016,0.911563537,1.692333728,0.1229973471,7
2,Oesophagus,196,Cyprus,1,1,2017,1.112984011,2.135190791,0.1554722208,9
2,Oesophagus,196,Cyprus,1,1,2018,0.5315186306,0.9349486129,0.0710616131,4
2,Oesophagus,196,Cyprus,1,1,2019,0.8960739276,1.854999339,0.09276868493,8
2,Oesophagus,196,Cyprus,1,1,2020,1.535686845,2.970410145,0.204846334,13
2,Oesophagus,196,Cyprus,1,1,2021,1.112510214,2.493861699,0.1411097465,11
2,Oesophagus,196,Cyprus,1,1,2022,1.255735834,2.671261236,0.1039328387,12
2,Oesophagus,196,Cyprus,2,0,1998,0.3798910979,0.8657084236,0,3
2,Oesophagus,196,Cyprus,2,0,1999,0,0,0,0
2,Oesophagus,196,Cyprus,2,0,2000,0.7058982296,0.845508658,0.0856201963,3
2,Oesophagus,196,Cyprus,2,0,2001,0.1687621298,0.2782717101,0.04218163349,1
2,Oesophagus,196,Cyprus,2,0,2002,0.1653986107,0.2750403622,0.04134110487,1
2,Oesophagus,196,Cyprus,2,0,2003,0.8306559458,1.08597973,0.1068711948,4
2,Oesophagus,196,Cyprus,2,0,2004,0,0,0,0
2,Oesophagus,196,Cyprus,2,0,2005,0.2301893307,0.26355253,0.02876952712,1
2,Oesophagus,196,Cyprus,2,0,2006,0.3538883482,0.5175956646,0.04423115182,2
2,Oesophagus,196,Cyprus,2,0,2007,0.5120662277,1.010419956,0.06891469947,4
2,Oesophagus,196,Cyprus,2,0,2008,0.3346762277,0.7370934929,0.03038867087,3
2,Oesophagus,196,Cyprus,2,0,2009,0.865394176,1.66851395,0.08815632648,7
2,Oesophagus,196,Cyprus,2,0,2010,0.1743071292,0.2320223298,0.02178601765,1
2,Oesophagus,196,Cyprus,2,0,2011,0.6636404582,0.9028978507,0.0897877651,4
2,Oesophagus,196,Cyprus,2,0,2012,0.156355866,0.2248009388,0.02605591585,1
2,Oesophagus,196,Cyprus,2,0,2013,0.153704273,0.2258626258,0.01921118854,1
2,Oesophagus,196,Cyprus,2,0,2014,0,0,0,0
2,Oesophagus,196,Cyprus,2,0,2015,0.2984473975,0.4617178212,0.04792515886,2
2,Oesophagus,196,Cyprus,2,0,2016,0,0,0,0
2,Oesophagus,196,Cyprus,2,0,2017,0.6320497845,1.129361594,0.08256133989,5
2,Oesophagus,196,Cyprus,2,1,2005,0.2800352947,0.528123919,0.02294893851,2
2,Oesophagus,196,Cyprus,2,1,2006,0.1775804661,0.2597240691,0.02219509479,1
2,Oesophagus,196,Cyprus,2,1,2007,0.3809438662,0.7627125108,0.07523321944,3
2,Oesophagus,196,Cyprus,2,1,2008,0.1431545136,0.495519267,0,2
2,Oesophagus,196,Cyprus,2,1,2009,0.6417052588,1.443612496,0.05270244782,6
2,Oesophagus,196,Cyprus,2,1,2010,0,0,0,0
2,Oesophagus,196,Cyprus,2,1,2011,0.2576514956,0.4588060948,0.02138351323,2
2,Oesophagus,196,Cyprus,2,1,2012,0.4826005648,0.6757791734,0.06682878222,3
2,Oesophagus,196,Cyprus,2,1,2013,0,0,0,0
2,Oesophagus,196,Cyprus,2,1,2014,0,0,0,0
2,Oesophagus,196,Cyprus,2,1,2015,0.06914672936,0.2308589106,0,1
2,Oesophagus,196,Cyprus,2,1,2016,0.1161642563,0.2292510597,0.02903684756,1
2,Oesophagus,196,Cyprus,2,1,2017,0.262056051,0.6776169567,0.02148735461,3
2,Oesophagus,196,Cyprus,2,1,2018,0.1291600293,0.2231804101,0.02152435472,1
2,Oesophagus,196,Cyprus,2,1,2019,0.1894441708,0.2225610095,0.01894262274,1
2,Oesophagus,196,Cyprus,2,1,2020,0.04468275246,0.2181705526,0,1
2,Oesophagus,196,Cyprus,2,1,2021,0.4988402052,1.078464784,0.06191158735,5
2,Oesophagus,196,Cyprus,2,1,2022,0.4325119482,1.060501617,0.03972353052,5
2,Oesophagus,203,Czechia,1,0,1983,3.152939795,3.874969515,0.3509371195,194
2,Oesophagus,203,Czechia,1,0,1984,3.630746406,4.60909856,0.4023982135,231
2,Oesophagus,203,Czechia,1,0,1985,2.959455448,3.845494027,0.3397910986,193
2,Oesophagus,203,Czechia,1,0,1986,3.10475796,3.942259831,0.3723367926,198
2,Oesophagus,203,Czechia,1,0,1987,3.721631655,4.635893355,0.4129386913,233
2,Oesophagus,203,Czechia,1,0,1988,3.688498955,4.55177897,0.4425701565,229
2,Oesophagus,203,Czechia,1,0,1989,4.289533728,5.322635102,0.4768756907,268
2,Oesophagus,203,Czechia,1,0,1990,3.868553268,4.864489229,0.4344170701,245
2,Oesophagus,203,Czechia,1,0,1991,4.385011099,5.616068752,0.497182531,281
2,Oesophagus,203,Czechia,1,0,1992,4.719856775,5.968778696,0.5216093387,299
2,Oesophagus,203,Czechia,1,0,1993,4.702556741,6.159120581,0.5317540782,309
2,Oesophagus,203,Czechia,1,0,1994,5.443212468,7.069730243,0.6029130238,355
2,Oesophagus,203,Czechia,1,0,1995,4.759340606,6.254776986,0.5737962389,314
2,Oesophagus,203,Czechia,1,0,1996,5.037296851,6.740228215,0.5646133715,338
2,Oesophagus,203,Czechia,1,0,1997,5.530073365,7.504194665,0.6339470177,376
2,Oesophagus,203,Czechia,1,0,1998,5.352967066,7.329035762,0.60823051,367
2,Oesophagus,203,Czechia,1,0,1999,5.309801935,7.375835603,0.6272154725,369
2,Oesophagus,203,Czechia,1,0,2000,4.6059766,6.540881711,0.5764313886,327
2,Oesophagus,203,Czechia,1,0,2001,4.399834135,6.366802967,0.5133168419,317
2,Oesophagus,203,Czechia,1,0,2002,5.714054913,8.339043765,0.680217157,414
2,Oesophagus,203,Czechia,1,0,2003,5.389954589,7.970711259,0.6327021095,396
2,Oesophagus,203,Czechia,1,0,2004,5.231715111,7.944920581,0.6283212906,395
2,Oesophagus,203,Czechia,1,0,2005,5.054764275,7.933583882,0.6174412867,396
2,Oesophagus,203,Czechia,1,0,2006,5.391407664,8.517785615,0.6519294883,427
2,Oesophagus,203,Czechia,1,0,2007,5.390457913,8.419007464,0.6740695543,425
2,Oesophagus,203,Czechia,1,0,2008,5.766413548,9.211214918,0.695556458,471
2,Oesophagus,203,Czechia,1,0,2009,5.976791735,9.591285056,0.735409688,494
2,Oesophagus,203,Czechia,1,0,2010,5.894726404,9.746584917,0.7341627294,503
2,Oesophagus,203,Czechia,1,0,2011,5.095798758,8.655137222,0.6471429038,446
2,Oesophagus,203,Czechia,1,0,2012,6.121051208,10.48264135,0.7682232798,541
2,Oesophagus,203,Czechia,1,0,2013,5.946567273,10.24872632,0.7590425067,529
2,Oesophagus,203,Czechia,1,0,2014,5.880409382,10.36921766,0.7490483416,536
2,Oesophagus,203,Czechia,1,0,2015,5.816349698,10.57865636,0.7593475513,548
2,Oesophagus,203,Czechia,1,0,2016,5.508654539,9.936429956,0.7060111448,516
2,Oesophagus,203,Czechia,1,0,2017,5.594987502,10.54233496,0.7236843711,549
2,Oesophagus,203,Czechia,1,1,1987,3.755858557,4.695582969,0.4193814242,236
2,Oesophagus,203,Czechia,1,1,1988,3.767249829,4.810176903,0.446103199,242
2,Oesophagus,203,Czechia,1,1,1989,4.126636215,5.064447578,0.4522613222,255
2,Oesophagus,203,Czechia,1,1,1990,4.19442332,5.460140971,0.4564940271,275
2,Oesophagus,203,Czechia,1,1,1991,4.152137937,5.276306585,0.4832082945,264
2,Oesophagus,203,Czechia,1,1,1992,4.783434596,6.12847846,0.5190977135,307
2,Oesophagus,203,Czechia,1,1,1993,4.600174936,5.979669125,0.5177120115,300
2,Oesophagus,203,Czechia,1,1,1994,4.672551343,6.093918031,0.505410034,306
2,Oesophagus,203,Czechia,1,1,1995,4.832470602,6.374248038,0.5569581477,320
2,Oesophagus,203,Czechia,1,1,1996,4.727761187,6.361551501,0.56174809,319
2,Oesophagus,203,Czechia,1,1,1997,5.173751349,7.085121245,0.6006973484,355
2,Oesophagus,203,Czechia,1,1,1998,5.166595115,7.169102963,0.5963785648,359
2,Oesophagus,203,Czechia,1,1,1999,4.460686706,6.236478884,0.5249836667,312
2,Oesophagus,203,Czechia,1,1,2000,4.78822427,6.860924853,0.5896846558,343
2,Oesophagus,203,Czechia,1,1,2001,4.333386902,6.319180827,0.5071035878,317
2,Oesophagus,203,Czechia,1,1,2002,4.635707943,6.868632667,0.5375537033,341
2,Oesophagus,203,Czechia,1,1,2003,5.151555135,7.709046496,0.6231423038,383
2,Oesophagus,203,Czechia,1,1,2004,4.760550186,7.220826553,0.5667598879,359
2,Oesophagus,203,Czechia,1,1,2005,4.723431987,7.512863525,0.5530041125,375
2,Oesophagus,203,Czechia,1,1,2006,4.789625543,7.640074685,0.5643663207,383
2,Oesophagus,203,Czechia,1,1,2007,4.265307631,6.675777684,0.5131774154,337
2,Oesophagus,203,Czechia,1,1,2008,4.409265468,7.196872802,0.5480094767,368
2,Oesophagus,203,Czechia,1,1,2009,4.240700166,6.989600445,0.5174046824,360
2,Oesophagus,203,Czechia,1,1,2010,4.600910366,7.634501903,0.5625030734,394
2,Oesophagus,203,Czechia,1,1,2011,4.382807534,7.52958126,0.5450419366,388
2,Oesophagus,203,Czechia,1,1,2012,4.730026175,8.176847779,0.5912869981,422
2,Oesophagus,203,Czechia,1,1,2013,4.900744391,8.505086681,0.6250230925,439
2,Oesophagus,203,Czechia,1,1,2014,4.467444601,8.047751021,0.5534226766,416
2,Oesophagus,203,Czechia,1,1,2015,4.637668885,8.551724031,0.5892416328,443
2,Oesophagus,203,Czechia,1,1,2016,4.242861228,8.010765236,0.5655484108,416
2,Oesophagus,203,Czechia,1,1,2017,4.539201344,8.564446983,0.5829492589,446
2,Oesophagus,203,Czechia,1,1,2018,4.485803844,8.546235613,0.5735534074,447
2,Oesophagus,203,Czechia,1,1,2019,4.670134997,9.149941866,0.6015052886,481
2,Oesophagus,203,Czechia,1,1,2020,4.532814993,9.044094225,0.5722677449,477
2,Oesophagus,203,Czechia,1,1,2021,4.453603217,8.832699776,0.5663532998,457
2,Oesophagus,203,Czechia,1,1,2022,3.962285377,8.146134839,0.5035758693,430
2,Oesophagus,203,Czechia,1,1,2023,4.268473804,8.722808287,0.556731647,465
2,Oesophagus,203,Czechia,2,0,1983,0.3801884018,0.827638304,0.03530262163,44
2,Oesophagus,203,Czechia,2,0,1984,0.4044736349,0.7896733291,0.03787771032,42
2,Oesophagus,203,Czechia,2,0,1985,0.2787996825,0.6201289342,0.02111438303,33
2,Oesophagus,203,Czechia,2,0,1986,0.3420604547,0.7140843747,0.03660780443,38
2,Oesophagus,203,Czechia,2,0,1987,0.4131802336,0.8641581034,0.04571912226,46
2,Oesophagus,203,Czechia,2,0,1988,0.4379141709,0.7886879612,0.05108756729,42
2,Oesophagus,203,Czechia,2,0,1989,0.5530718399,1.051248357,0.07171717688,56
2,Oesophagus,203,Czechia,2,0,1990,0.5908596773,1.220382261,0.05449631942,65
2,Oesophagus,203,Czechia,2,0,1991,0.5401721627,0.9990574929,0.0669938149,53
2,Oesophagus,203,Czechia,2,0,1992,0.5400344662,1.149100499,0.05923977381,61
2,Oesophagus,203,Czechia,2,0,1993,0.5095531122,0.9597909688,0.05696074548,51
2,Oesophagus,203,Czechia,2,0,1994,0.5363943444,1.07248614,0.05919288862,57
2,Oesophagus,203,Czechia,2,0,1995,0.4939470776,0.9415139092,0.05459322885,50
2,Oesophagus,203,Czechia,2,0,1996,0.687516905,1.396045719,0.07432347915,74
2,Oesophagus,203,Czechia,2,0,1997,0.627573341,1.284688721,0.06149983974,68
2,Oesophagus,203,Czechia,2,0,1998,0.6485083456,1.286061009,0.07225825513,68
2,Oesophagus,203,Czechia,2,0,1999,0.7817448846,1.477283639,0.09041251883,78
2,Oesophagus,203,Czechia,2,0,2000,0.5382338176,1.137833985,0.0525374474,60
2,Oesophagus,203,Czechia,2,0,2001,0.5080067143,1.067634452,0.05473655839,56
2,Oesophagus,203,Czechia,2,0,2002,0.5187540646,1.088580674,0.05242880453,57
2,Oesophagus,203,Czechia,2,0,2003,0.6489384576,1.394870164,0.07090546698,73
2,Oesophagus,203,Czechia,2,0,2004,0.7728892586,1.623626865,0.07960828106,85
2,Oesophagus,203,Czechia,2,0,2005,0.8545492984,1.602242224,0.0936694,84
2,Oesophagus,203,Czechia,2,0,2006,0.64690325,1.484694513,0.06885603905,78
2,Oesophagus,203,Czechia,2,0,2007,0.8868826893,1.839006193,0.101392226,97
2,Oesophagus,203,Czechia,2,0,2008,0.9135225872,1.786936927,0.1114299698,95
2,Oesophagus,203,Czechia,2,0,2009,0.9509300522,2.003376532,0.1058568865,107
2,Oesophagus,203,Czechia,2,0,2010,0.9898830182,1.960248037,0.1184456817,105
2,Oesophagus,203,Czechia,2,0,2011,0.7982604952,1.702951702,0.09987342433,91
2,Oesophagus,203,Czechia,2,0,2012,1.093934315,2.468040281,0.1361250714,132
2,Oesophagus,203,Czechia,2,0,2013,0.9922695345,2.205977751,0.1232622854,118
2,Oesophagus,203,Czechia,2,0,2014,1.03079833,2.259301741,0.1213874418,121
2,Oesophagus,203,Czechia,2,0,2015,1.095101955,2.368210043,0.1340774303,127
2,Oesophagus,203,Czechia,2,0,2016,0.9412769731,2.103393127,0.1157560177,113
2,Oesophagus,203,Czechia,2,0,2017,0.8945777978,2.081029723,0.1128326138,112
2,Oesophagus,203,Czechia,2,1,1987,0.4827789129,1.033232515,0.0531022562,55
2,Oesophagus,203,Czechia,2,1,1988,0.4414909705,0.8450228156,0.05095716667,45
2,Oesophagus,203,Czechia,2,1,1989,0.5521753086,1.07002065,0.06475943594,57
2,Oesophagus,203,Czechia,2,1,1990,0.4939236335,1.070181368,0.04029583953,57
2,Oesophagus,203,Czechia,2,1,1991,0.6479418408,1.300659755,0.06773984807,69
2,Oesophagus,203,Czechia,2,1,1992,0.6792134814,1.450503909,0.07445105801,77
2,Oesophagus,203,Czechia,2,1,1993,0.584700083,1.147975987,0.0569959818,61
2,Oesophagus,203,Czechia,2,1,1994,0.5120264964,1.053661474,0.05098889035,56
2,Oesophagus,203,Czechia,2,1,1995,0.5952876914,1.280506177,0.0699411852,68
2,Oesophagus,203,Czechia,2,1,1996,0.7032545196,1.414934158,0.07670180764,75
2,Oesophagus,203,Czechia,2,1,1997,0.5865142521,1.057981145,0.05695732044,56
2,Oesophagus,203,Czechia,2,1,1998,0.5531646579,1.134730312,0.05656335746,60
2,Oesophagus,203,Czechia,2,1,1999,0.6951123898,1.477283639,0.07835308579,78
2,Oesophagus,203,Czechia,2,1,2000,0.5979645489,1.213689584,0.05739453627,64
2,Oesophagus,203,Czechia,2,1,2001,0.5505678591,1.176245383,0.05891904504,62
2,Oesophagus,203,Czechia,2,1,2002,0.5416745757,1.126776487,0.05789347468,59
2,Oesophagus,203,Czechia,2,1,2003,0.5952866987,1.20379206,0.0720077561,63
2,Oesophagus,203,Czechia,2,1,2004,0.7357653827,1.58542388,0.07001467483,83
2,Oesophagus,203,Czechia,2,1,2005,0.6019553846,1.335201853,0.06069115893,70
2,Oesophagus,203,Czechia,2,1,2006,0.6026923706,1.313383607,0.07283956268,69
2,Oesophagus,203,Czechia,2,1,2007,0.6075596576,1.383994352,0.06402373684,73
2,Oesophagus,203,Czechia,2,1,2008,0.7642975085,1.580028441,0.08500300595,84
2,Oesophagus,203,Czechia,2,1,2009,0.603489808,1.404235887,0.06306590334,75
2,Oesophagus,203,Czechia,2,1,2010,0.7986140812,1.624205516,0.09672196177,87
2,Oesophagus,203,Czechia,2,1,2011,0.7717092703,1.590669172,0.09732330419,85
2,Oesophagus,203,Czechia,2,1,2012,0.8590948737,2.056700234,0.1088914119,110
2,Oesophagus,203,Czechia,2,1,2013,0.7949995916,1.75730431,0.09986961864,94
2,Oesophagus,203,Czechia,2,1,2014,0.842918904,1.997894928,0.1008813259,107
2,Oesophagus,203,Czechia,2,1,2015,0.6468146435,1.547727824,0.08595309629,83
2,Oesophagus,203,Czechia,2,1,2016,0.7950637146,1.861409847,0.101122452,100
2,Oesophagus,203,Czechia,2,1,2017,0.7854844021,1.988126611,0.1004292696,107
2,Oesophagus,203,Czechia,2,1,2018,0.6109138263,1.556692229,0.08038883423,84
2,Oesophagus,203,Czechia,2,1,2019,0.6594644368,1.866064599,0.07530950783,101
2,Oesophagus,203,Czechia,2,1,2020,0.7685382331,1.842979951,0.1071527007,100
2,Oesophagus,203,Czechia,2,1,2021,0.8078603847,2.121311218,0.09363118661,113
2,Oesophagus,203,Czechia,2,1,2022,0.9613128065,2.244137328,0.1180314158,123
2,Oesophagus,203,Czechia,2,1,2023,0.9151436029,2.307474595,0.1147934941,128
2,Oesophagus,208,Denmark,1,0,1943,6.914576323,7.417695552,0.8417903078,145
2,Oesophagus,208,Denmark,1,0,1944,4.643275477,5.100346798,0.482553774,101
2,Oesophagus,208,Denmark,1,0,1945,5.870524666,6.481341837,0.6070871839,130
2,Oesophagus,208,Denmark,1,0,1946,4.001125734,4.630284127,0.4607017545,94
2,Oesophagus,208,Denmark,1,0,1947,4.623356794,5.160265179,0.5263085116,106
2,Oesophagus,208,Denmark,1,0,1948,4.310686425,5.151110474,0.4582826986,107
2,Oesophagus,208,Denmark,1,0,1949,4.291717769,4.860120259,0.4762339696,102
2,Oesophagus,208,Denmark,1,0,1950,3.999020828,4.912196843,0.4440272498,104
2,Oesophagus,208,Denmark,1,0,1951,4.160139347,5.064484249,0.4536771667,108
2,Oesophagus,208,Denmark,1,0,1952,3.443746066,4.328965035,0.3617517224,93
2,Oesophagus,208,Denmark,1,0,1953,3.435314754,4.429154634,0.4151421046,96
2,Oesophagus,208,Denmark,1,0,1954,3.007247007,3.932830007,0.3058608571,86
2,Oesophagus,208,Denmark,1,0,1955,2.962259034,3.904548322,0.3184981678,86
2,Oesophagus,208,Denmark,1,0,1956,2.728020071,3.656274121,0.2630586259,81
2,Oesophagus,208,Denmark,1,0,1957,2.709572551,3.54871248,0.3118520181,79
2,Oesophagus,208,Denmark,1,0,1958,2.56218045,3.394040511,0.2859693432,76
2,Oesophagus,208,Denmark,1,0,1959,3.101361666,4.299808348,0.3211677685,97
2,Oesophagus,208,Denmark,1,0,1960,2.625080418,3.65451533,0.2748156914,83
2,Oesophagus,208,Denmark,1,0,1961,2.520904216,3.367065205,0.2582932419,77
2,Oesophagus,208,Denmark,1,0,1962,2.376173293,3.38422176,0.2528687333,78
2,Oesophagus,208,Denmark,1,0,1963,2.973549975,4.305186027,0.2996316687,100
2,Oesophagus,208,Denmark,1,0,1964,2.315572952,3.203582545,0.2614306312,75
2,Oesophagus,208,Denmark,1,0,1965,2.68341891,3.773046585,0.3091092073,89
2,Oesophagus,208,Denmark,1,0,1966,2.678112779,3.701491533,0.321235726,88
2,Oesophagus,208,Denmark,1,0,1967,3.016136367,4.340122008,0.3469607708,104
2,Oesophagus,208,Denmark,1,0,1968,2.759537666,3.816611011,0.305853477,92
2,Oesophagus,208,Denmark,1,0,1969,3.111530107,4.537416568,0.3481655303,110
2,Oesophagus,208,Denmark,1,0,1970,2.567275795,3.883649936,0.3089562479,95
2,Oesophagus,208,Denmark,1,0,1971,2.49370857,3.732246222,0.2647323146,92
2,Oesophagus,208,Denmark,1,0,1972,2.406272833,3.471238368,0.3024643961,86
2,Oesophagus,208,Denmark,1,0,1973,3.059362782,4.535443184,0.3273233809,113
2,Oesophagus,208,Denmark,1,0,1974,3.139552153,4.637791484,0.3917211885,116
2,Oesophagus,208,Denmark,1,0,1975,2.484432825,3.87143561,0.3016726226,97
2,Oesophagus,208,Denmark,1,0,1976,2.671763643,4.024168118,0.3015855632,101
2,Oesophagus,208,Denmark,1,0,1977,3.137145119,4.768839449,0.3512588717,120
2,Oesophagus,208,Denmark,1,0,1978,2.691832754,3.963982463,0.325172622,100
2,Oesophagus,208,Denmark,1,0,1979,2.889620068,4.510706994,0.3196391471,114
2,Oesophagus,208,Denmark,1,0,1980,3.029826436,4.428535108,0.3644844037,112
2,Oesophagus,208,Denmark,1,0,1981,2.934133194,4.311325139,0.3489208195,109
2,Oesophagus,208,Denmark,1,0,1982,3.034615227,4.477331035,0.3602267749,113
2,Oesophagus,208,Denmark,1,0,1983,3.244677608,5.076907212,0.4175489085,128
2,Oesophagus,208,Denmark,1,0,1984,3.912028045,5.798386142,0.5083193391,146
2,Oesophagus,208,Denmark,1,0,1985,3.902983515,5.919576397,0.5040962344,149
2,Oesophagus,208,Denmark,1,0,1986,3.285679176,5.236925242,0.3943458688,132
2,Oesophagus,208,Denmark,1,0,1987,4.859009834,7.402950095,0.6214502255,187
2,Oesophagus,208,Denmark,1,0,1988,4.472218224,7.159821455,0.527711013,181
2,Oesophagus,208,Denmark,1,0,1989,4.397560516,6.80335342,0.5079585515,172
2,Oesophagus,208,Denmark,1,0,1990,5.013338245,7.508109746,0.6026381597,190
2,Oesophagus,208,Denmark,1,0,1991,4.933075344,8.042923981,0.6201479406,204
2,Oesophagus,208,Denmark,1,0,1992,5.351403451,8.17464179,0.6413101387,208
2,Oesophagus,208,Denmark,1,0,1993,5.179757783,8.024758533,0.6006065417,205
2,Oesophagus,208,Denmark,1,0,1994,5.598248318,8.699241098,0.7163663231,223
2,Oesophagus,208,Denmark,1,0,1995,5.513931447,8.743555028,0.6956489653,225
2,Oesophagus,208,Denmark,1,0,1996,6.260348313,9.837120432,0.8226986276,255
2,Oesophagus,208,Denmark,1,0,1997,6.385535919,10.09621346,0.8346490882,263
2,Oesophagus,208,Denmark,1,0,1998,5.974270005,9.634246535,0.7385929816,252
2,Oesophagus,208,Denmark,1,0,1999,5.911838553,9.446104072,0.6918207242,248
2,Oesophagus,208,Denmark,1,0,2000,5.879713838,9.452865129,0.7162373258,249
2,Oesophagus,208,Denmark,1,0,2001,6.637292862,10.77782219,0.8468608909,285
2,Oesophagus,208,Denmark,1,0,2002,6.868120333,11.45377835,0.8731069093,304
2,Oesophagus,208,Denmark,1,0,2003,6.152807645,10.70473194,0.7248630625,285
2,Oesophagus,208,Denmark,1,0,2004,6.405828811,11.00337699,0.7493908008,294
2,Oesophagus,208,Denmark,1,0,2005,5.832262371,10.00053361,0.7156313354,268
2,Oesophagus,208,Denmark,1,0,2006,5.697665792,9.999334617,0.7198413393,269
2,Oesophagus,208,Denmark,1,0,2007,5.579385656,9.878300814,0.6663432005,267
2,Oesophagus,208,Denmark,1,0,2008,6.253905509,11.28669831,0.7771272346,307
2,Oesophagus,208,Denmark,1,0,2009,6.462247411,11.4766795,0.8025599814,314
2,Oesophagus,208,Denmark,1,0,2010,6.821856568,12.51735236,0.8665662701,344
2,Oesophagus,208,Denmark,1,0,2011,7.095969711,13.47757722,0.8811090958,372
2,Oesophagus,208,Denmark,1,0,2012,7.810436299,15.22801609,0.9926252191,422
2,Oesophagus,208,Denmark,1,0,2013,7.176976338,13.94348791,0.9156738002,388
2,Oesophagus,208,Denmark,1,0,2014,6.109526986,12.50046877,0.7960229256,350
2,Oesophagus,208,Denmark,1,0,2015,7.280213825,14.52594919,0.9304531868,410
2,Oesophagus,208,Denmark,1,0,2016,6.604444794,13.48300404,0.8510775466,384
2,Oesophagus,208,Denmark,1,0,2017,6.782841918,14.54506389,0.8602562821,417
2,Oesophagus,208,Denmark,1,0,2018,7.935939095,16.55318883,1.005572074,477
2,Oesophagus,208,Denmark,1,0,2019,6.801030261,14.89310826,0.8570124486,431
2,Oesophagus,208,Denmark,1,0,2020,6.011423022,13.39013327,0.7718332949,388
2,Oesophagus,208,Denmark,1,0,2021,5.408182624,12.02499137,0.6687574996,350
2,Oesophagus,208,Denmark,1,0,2022,5.504412476,12.9002788,0.703029422,379
2,Oesophagus,208,Denmark,1,1,1952,3.856993776,4.841039353,0.3618639813,104
2,Oesophagus,208,Denmark,1,1,1953,4.039801083,5.167481775,0.4808791313,112
2,Oesophagus,208,Denmark,1,1,1954,3.693466759,4.801865868,0.3936985976,105
2,Oesophagus,208,Denmark,1,1,1955,3.746289696,4.858183053,0.386162771,107
2,Oesophagus,208,Denmark,1,1,1956,3.41223944,4.423889908,0.3427720203,98
2,Oesophagus,208,Denmark,1,1,1957,3.0212149,4.088041132,0.3308933377,91
2,Oesophagus,208,Denmark,1,1,1958,3.078927129,4.198217499,0.3200353492,94
2,Oesophagus,208,Denmark,1,1,1959,4.029775597,5.45277421,0.4180812925,123
2,Oesophagus,208,Denmark,1,1,1960,2.655182388,3.74275639,0.2741781508,85
2,Oesophagus,208,Denmark,1,1,1961,3.238179466,4.46030135,0.3349880654,102
2,Oesophagus,208,Denmark,1,1,1962,2.595701113,3.68794837,0.2581801797,85
2,Oesophagus,208,Denmark,1,1,1963,3.259756916,4.563509959,0.3670613583,106
2,Oesophagus,208,Denmark,1,1,1964,2.672063161,3.844285917,0.2544160839,90
2,Oesophagus,208,Denmark,1,1,1965,3.021258561,4.154615279,0.3174712128,98
2,Oesophagus,208,Denmark,1,1,1966,2.574268182,3.575294546,0.3001105943,85
2,Oesophagus,208,Denmark,1,1,1967,2.469446698,3.588861676,0.2989517884,86
2,Oesophagus,208,Denmark,1,1,1968,2.402558663,3.360180205,0.2796869245,81
2,Oesophagus,208,Denmark,1,1,1969,2.721941275,4.001047697,0.267047489,97
2,Oesophagus,208,Denmark,1,1,1970,3.293094245,4.823843851,0.375460077,118
2,Oesophagus,208,Denmark,1,1,1971,2.746025944,4.137933552,0.3303230333,102
2,Oesophagus,208,Denmark,1,1,1972,2.378718617,3.471237668,0.2692975287,86
2,Oesophagus,208,Denmark,1,1,1973,3.097040007,4.57565882,0.3757597134,114
2,Oesophagus,208,Denmark,1,1,1974,3.328502237,5.077728224,0.3938495373,127
2,Oesophagus,208,Denmark,1,1,1975,3.030205025,4.669660438,0.3674978492,117
2,Oesophagus,208,Denmark,1,1,1976,2.98485681,4.621712807,0.3432631745,116
2,Oesophagus,208,Denmark,1,1,1977,3.408798462,5.086709521,0.3880905941,128
2,Oesophagus,208,Denmark,1,1,1978,2.724637162,4.122537676,0.3043775211,104
2,Oesophagus,208,Denmark,1,1,1979,3.618072506,5.776958364,0.435565789,146
2,Oesophagus,208,Denmark,1,1,1980,3.637561089,5.655339115,0.4326529132,143
2,Oesophagus,208,Denmark,1,1,1981,4.04358942,6.096596615,0.489540316,154
2,Oesophagus,208,Denmark,1,1,1982,3.715526607,5.708573743,0.4399969888,144
2,Oesophagus,208,Denmark,1,1,1983,4.56724243,7.143981186,0.5981383348,180
2,Oesophagus,208,Denmark,1,1,1984,4.820561002,7.18951094,0.6177961524,181
2,Oesophagus,208,Denmark,1,1,1985,4.463760177,6.828428973,0.5556546121,172
2,Oesophagus,208,Denmark,1,1,1986,3.816689046,6.261503779,0.4715952848,158
2,Oesophagus,208,Denmark,1,1,1987,4.782132672,7.439410356,0.5901483359,188
2,Oesophagus,208,Denmark,1,1,1988,4.92016204,7.989932685,0.5831299918,202
2,Oesophagus,208,Denmark,1,1,1989,4.794981405,7.432423751,0.5672399512,188
2,Oesophagus,208,Denmark,1,1,1990,5.364746775,8.328208788,0.6709142136,211
2,Oesophagus,208,Denmark,1,1,1991,5.106901914,8.541630708,0.6130183379,217
2,Oesophagus,208,Denmark,1,1,1992,5.369134784,8.55042456,0.6698233768,218
2,Oesophagus,208,Denmark,1,1,1993,5.129955845,7.815313207,0.6470318378,200
2,Oesophagus,208,Denmark,1,1,1994,5.894479181,9.305221183,0.7017917029,239
2,Oesophagus,208,Denmark,1,1,1995,5.698960343,9.021231255,0.7577313531,233
2,Oesophagus,208,Denmark,1,1,1996,6.287734708,9.890151968,0.790935658,257
2,Oesophagus,208,Denmark,1,1,1997,5.563091508,9.041239738,0.6964283483,236
2,Oesophagus,208,Denmark,1,1,1998,6.259616784,10.49411843,0.7513612668,275
2,Oesophagus,208,Denmark,1,1,1999,6.598154687,11.10366642,0.7556515395,292
2,Oesophagus,208,Denmark,1,1,2000,6.496000795,10.60912881,0.783650168,280
2,Oesophagus,208,Denmark,1,1,2001,6.597514315,10.94647363,0.8339181501,290
2,Oesophagus,208,Denmark,1,1,2002,7.119472254,12.150682,0.8480281675,323
2,Oesophagus,208,Denmark,1,1,2003,5.736785082,10.23904418,0.6765993922,273
2,Oesophagus,208,Denmark,1,1,2004,6.242593752,10.99595899,0.7367033191,294
2,Oesophagus,208,Denmark,1,1,2005,6.131410613,10.81438873,0.7440541564,290
2,Oesophagus,208,Denmark,1,1,2006,5.661570263,10.32945192,0.6866575581,278
2,Oesophagus,208,Denmark,1,1,2007,5.474317181,9.94547734,0.6544780104,269
2,Oesophagus,208,Denmark,1,1,2008,4.518017116,8.632100431,0.5286448609,235
2,Oesophagus,208,Denmark,1,1,2009,5.08851258,9.606840947,0.6355633532,263
2,Oesophagus,208,Denmark,1,1,2010,5.441080859,10.29122157,0.6493445564,283
2,Oesophagus,208,Denmark,1,1,2011,5.756450394,11.11644201,0.6932533635,307
2,Oesophagus,208,Denmark,1,1,2012,5.80631732,11.64874665,0.7014149024,323
2,Oesophagus,208,Denmark,1,1,2013,5.071756468,10.08743219,0.6442490479,281
2,Oesophagus,208,Denmark,1,1,2014,5.091551063,10.42212832,0.6489251357,292
2,Oesophagus,208,Denmark,1,1,2015,5.040143098,10.58585072,0.6000732268,299
2,Oesophagus,208,Denmark,1,1,2016,5.048846833,10.7753874,0.5951345588,307
2,Oesophagus,208,Denmark,1,1,2017,5.438940246,12.02796345,0.6471765076,345
2,Oesophagus,208,Denmark,1,1,2018,4.736414496,10.30266596,0.5837671153,297
2,Oesophagus,208,Denmark,1,1,2019,5.972767643,13.895771,0.7416567098,402
2,Oesophagus,208,Denmark,1,1,2020,4.547891351,10.51420676,0.5739676174,305
2,Oesophagus,208,Denmark,1,1,2021,4.323310543,10.63891306,0.5103958277,310
2,Oesophagus,208,Denmark,1,1,2022,4.856009508,11.58100273,0.6218389321,340
2,Oesophagus,208,Denmark,2,0,1943,2.380800209,3.008207141,0.254774061,60
2,Oesophagus,208,Denmark,2,0,1944,2.630641902,3.023146898,0.2461501751,61
2,Oesophagus,208,Denmark,2,0,1945,2.2978995,2.740559994,0.2025191679,56
2,Oesophagus,208,Denmark,2,0,1946,2.481140926,3.286377602,0.2826232731,68
2,Oesophagus,208,Denmark,2,0,1947,2.653740489,3.489763996,0.3072394495,73
2,Oesophagus,208,Denmark,2,0,1948,1.892135996,2.461683541,0.1819511622,52
2,Oesophagus,208,Denmark,2,0,1949,1.306677989,1.735122323,0.1281696819,37
2,Oesophagus,208,Denmark,2,0,1950,1.850406123,2.417155482,0.1814305772,52
2,Oesophagus,208,Denmark,2,0,1951,1.789680594,2.352523854,0.1774885475,51
2,Oesophagus,208,Denmark,2,0,1952,1.660425146,2.151972775,0.1554568835,47
2,Oesophagus,208,Denmark,2,0,1953,1.874988611,2.497933528,0.1691643889,55
2,Oesophagus,208,Denmark,2,0,1954,1.547692883,2.072208352,0.1393483279,46
2,Oesophagus,208,Denmark,2,0,1955,1.421233087,2.056834817,0.1370811728,46
2,Oesophagus,208,Denmark,2,0,1956,1.377303833,2.04340004,0.1262859001,46
2,Oesophagus,208,Denmark,2,0,1957,1.490525649,2.164591567,0.1595385269,49
2,Oesophagus,208,Denmark,2,0,1958,1.355082778,2.107976716,0.1058463433,48
2,Oesophagus,208,Denmark,2,0,1959,1.489791548,2.311641558,0.163383889,53
2,Oesophagus,208,Denmark,2,0,1960,1.094634206,1.862730212,0.09500372042,43
2,Oesophagus,208,Denmark,2,0,1961,1.286126058,2.064667982,0.1240359449,48
2,Oesophagus,208,Denmark,2,0,1962,0.9893189358,1.707276369,0.08829139352,40
2,Oesophagus,208,Denmark,2,0,1963,1.326879318,2.074774448,0.1173523049,49
2,Oesophagus,208,Denmark,2,0,1964,1.156200901,2.100008274,0.107422284,50
2,Oesophagus,208,Denmark,2,0,1965,1.381848559,2.416450193,0.1129120882,58
2,Oesophagus,208,Denmark,2,0,1966,1.21926322,2.107437581,0.1423131293,51
2,Oesophagus,208,Denmark,2,0,1967,1.380028507,2.541912863,0.1183118833,62
2,Oesophagus,208,Denmark,2,0,1968,1.299926866,2.322391069,0.1121550945,57
2,Oesophagus,208,Denmark,2,0,1969,1.47651554,2.63416779,0.1596563341,65
2,Oesophagus,208,Denmark,2,0,1970,1.352965156,2.416816694,0.1364754939,60
2,Oesophagus,208,Denmark,2,0,1971,1.032081632,1.961473459,0.08490674604,49
2,Oesophagus,208,Denmark,2,0,1972,0.9755743944,1.949012636,0.09142631109,49
2,Oesophagus,208,Denmark,2,0,1973,1.100094272,2.213112017,0.09637101343,56
2,Oesophagus,208,Denmark,2,0,1974,1.112784704,2.161859183,0.1220083787,55
2,Oesophagus,208,Denmark,2,0,1975,1.211605318,2.427250031,0.1084661612,62
2,Oesophagus,208,Denmark,2,0,1976,1.280357386,2.57534795,0.150420349,66
2,Oesophagus,208,Denmark,2,0,1977,1.15311281,2.566013117,0.1064255862,66
2,Oesophagus,208,Denmark,2,0,1978,1.06663093,2.285465485,0.1081586135,59
2,Oesophagus,208,Denmark,2,0,1979,1.067891482,2.201214568,0.1052700073,57
2,Oesophagus,208,Denmark,2,0,1980,1.254229058,2.699563288,0.1285077391,70
2,Oesophagus,208,Denmark,2,0,1981,1.172254074,2.311458207,0.1479670853,60
2,Oesophagus,208,Denmark,2,0,1982,1.256189212,2.388906228,0.1498954792,62
2,Oesophagus,208,Denmark,2,0,1983,1.236257462,2.620177525,0.1245075205,68
2,Oesophagus,208,Denmark,2,0,1984,0.9642660107,2.0815762,0.09504548115,54
2,Oesophagus,208,Denmark,2,0,1985,1.230193628,2.621397698,0.1445159825,68
2,Oesophagus,208,Denmark,2,0,1986,1.42363575,2.927907971,0.1613535659,76
2,Oesophagus,208,Denmark,2,0,1987,1.463049236,3.193813698,0.1636182036,83
2,Oesophagus,208,Denmark,2,0,1988,1.395893455,2.88322035,0.158833924,75
2,Oesophagus,208,Denmark,2,0,1989,1.253968135,2.652200769,0.1543888144,69
2,Oesophagus,208,Denmark,2,0,1990,1.372434951,2.840896003,0.1762697218,74
2,Oesophagus,208,Denmark,2,0,1991,1.439227847,3.179981594,0.189571048,83
2,Oesophagus,208,Denmark,2,0,1992,1.481977212,3.476371371,0.1732071409,91
2,Oesophagus,208,Denmark,2,0,1993,1.462029585,3.084515731,0.1765678399,81
2,Oesophagus,208,Denmark,2,0,1994,1.767204615,3.759684035,0.2086443852,99
2,Oesophagus,208,Denmark,2,0,1995,1.666295419,3.141090996,0.2040764867,83
2,Oesophagus,208,Denmark,2,0,1996,1.81898502,3.723477276,0.2132657188,99
2,Oesophagus,208,Denmark,2,0,1997,1.961832312,4.306819305,0.2435707336,115
2,Oesophagus,208,Denmark,2,0,1998,1.715079443,3.396547689,0.1974140325,91
2,Oesophagus,208,Denmark,2,0,1999,1.869123734,3.794422645,0.2281051303,102
2,Oesophagus,208,Denmark,2,0,2000,1.824666678,3.820619326,0.2220072136,103
2,Oesophagus,208,Denmark,2,0,2001,2.137955097,4.325494576,0.2670923837,117
2,Oesophagus,208,Denmark,2,0,2002,1.971898736,4.015904455,0.2582278461,109
2,Oesophagus,208,Denmark,2,0,2003,1.7043729,3.675080273,0.1999630745,100
2,Oesophagus,208,Denmark,2,0,2004,2.203320235,4.579979262,0.2695080326,125
2,Oesophagus,208,Denmark,2,0,2005,1.96244798,4.276126677,0.2480090181,117
2,Oesophagus,208,Denmark,2,0,2006,2.378364892,4.955567507,0.2908885666,136
2,Oesophagus,208,Denmark,2,0,2007,1.858639411,4.066042699,0.2093919038,112
2,Oesophagus,208,Denmark,2,0,2008,1.879423429,4.225342957,0.2087268626,117
2,Oesophagus,208,Denmark,2,0,2009,1.833185515,3.808212662,0.2289364569,106
2,Oesophagus,208,Denmark,2,0,2010,1.926460497,4.328177437,0.2303541489,121
2,Oesophagus,208,Denmark,2,0,2011,2.20383139,4.774262875,0.2628722135,134
2,Oesophagus,208,Denmark,2,0,2012,2.427288397,5.149372647,0.3192815439,145
2,Oesophagus,208,Denmark,2,0,2013,1.893481157,4.281483856,0.2540753778,121
2,Oesophagus,208,Denmark,2,0,2014,2.162425919,5.317230927,0.2685284454,151
2,Oesophagus,208,Denmark,2,0,2015,1.867772981,4.41205359,0.2370992641,126
2,Oesophagus,208,Denmark,2,0,2016,2.415273764,5.736285237,0.3141218465,165
2,Oesophagus,208,Denmark,2,0,2017,2.394286673,5.114484982,0.3168196219,148
2,Oesophagus,208,Denmark,2,0,2018,2.239021052,5.295122264,0.286233108,154
2,Oesophagus,208,Denmark,2,0,2019,2.078179133,5.512745227,0.277538452,161
2,Oesophagus,208,Denmark,2,0,2020,2.103761317,5.225979197,0.28492781,153
2,Oesophagus,208,Denmark,2,0,2021,1.514608601,4.082210272,0.2164710263,120
2,Oesophagus,208,Denmark,2,0,2022,1.865169554,4.978712639,0.2211152313,148
2,Oesophagus,208,Denmark,2,1,1952,1.794265518,2.381024335,0.130512618,52
2,Oesophagus,208,Denmark,2,1,1953,2.012857525,2.770578186,0.1847198056,61
2,Oesophagus,208,Denmark,2,1,1954,1.543370746,2.072298438,0.1470984829,46
2,Oesophagus,208,Denmark,2,1,1955,1.580800521,2.235766996,0.1560987799,50
2,Oesophagus,208,Denmark,2,1,1956,1.504916101,2.265568621,0.1251399503,51
2,Oesophagus,208,Denmark,2,1,1957,1.690979921,2.473882319,0.1500658577,56
2,Oesophagus,208,Denmark,2,1,1958,1.556176659,2.503266873,0.1293840947,57
2,Oesophagus,208,Denmark,2,1,1959,1.60791963,2.39886756,0.1386834895,55
2,Oesophagus,208,Denmark,2,1,1960,1.424641152,2.382717242,0.1071414545,55
2,Oesophagus,208,Denmark,2,1,1961,1.068565936,1.89286431,0.06562813161,44
2,Oesophagus,208,Denmark,2,1,1962,1.424117034,2.262383079,0.1317889,53
2,Oesophagus,208,Denmark,2,1,1963,1.292009571,2.1173055,0.1267695832,50
2,Oesophagus,208,Denmark,2,1,1964,1.198060965,2.226185486,0.09175560796,53
2,Oesophagus,208,Denmark,2,1,1965,1.567102124,2.624985234,0.1331368579,63
2,Oesophagus,208,Denmark,2,1,1966,1.086823686,1.900999264,0.1127663661,46
2,Oesophagus,208,Denmark,2,1,1967,0.9726273468,1.84508313,0.06729718678,45
2,Oesophagus,208,Denmark,2,1,1968,1.159581604,2.281792397,0.07684583565,56
2,Oesophagus,208,Denmark,2,1,1969,0.9975344084,1.783229055,0.08814579083,44
2,Oesophagus,208,Denmark,2,1,1970,1.466091649,2.457213765,0.1544028254,61
2,Oesophagus,208,Denmark,2,1,1971,1.216464513,2.401860481,0.1269285247,60
2,Oesophagus,208,Denmark,2,1,1972,1.004645969,1.949030467,0.1065138824,49
2,Oesophagus,208,Denmark,2,1,1973,1.04850403,2.134125015,0.06689236255,54
2,Oesophagus,208,Denmark,2,1,1974,0.8470639834,1.807810843,0.063751044,46
2,Oesophagus,208,Denmark,2,1,1975,1.276088443,2.700729784,0.1054834494,69
2,Oesophagus,208,Denmark,2,1,1976,1.12629839,2.18501412,0.1368613944,56
2,Oesophagus,208,Denmark,2,1,1977,1.066978794,2.488132773,0.08816527593,64
2,Oesophagus,208,Denmark,2,1,1978,1.260337903,2.672734678,0.1315718259,69
2,Oesophagus,208,Denmark,2,1,1979,0.9532184392,2.278364382,0.1105088372,59
2,Oesophagus,208,Denmark,2,1,1980,1.415064149,2.890733734,0.1364517718,75
2,Oesophagus,208,Denmark,2,1,1981,1.039613615,2.388630581,0.1177159443,62
2,Oesophagus,208,Denmark,2,1,1982,1.263968569,2.542988057,0.1376997549,66
2,Oesophagus,208,Denmark,2,1,1983,1.460664038,2.928862553,0.1545388401,76
2,Oesophagus,208,Denmark,2,1,1984,1.066548394,2.312785774,0.1120883997,60
2,Oesophagus,208,Denmark,2,1,1985,1.144202264,2.620425407,0.1099386884,68
2,Oesophagus,208,Denmark,2,1,1986,1.389790204,3.157085202,0.150483962,82
2,Oesophagus,208,Denmark,2,1,1987,1.372891185,3.269167272,0.1538398687,85
2,Oesophagus,208,Denmark,2,1,1988,1.375183887,3.036758034,0.1414653639,79
2,Oesophagus,208,Denmark,2,1,1989,1.296364349,2.881005817,0.1476734951,75
2,Oesophagus,208,Denmark,2,1,1990,1.42516279,2.838003319,0.1735495166,74
2,Oesophagus,208,Denmark,2,1,1991,1.106141525,2.945850674,0.1183564375,77
2,Oesophagus,208,Denmark,2,1,1992,1.591791753,3.737909959,0.1776553118,98
2,Oesophagus,208,Denmark,2,1,1993,1.43215459,3.308540198,0.1734608103,87
2,Oesophagus,208,Denmark,2,1,1994,1.576998513,3.374101835,0.1911580591,89
2,Oesophagus,208,Denmark,2,1,1995,1.939595001,4.150060138,0.2302069212,110
2,Oesophagus,208,Denmark,2,1,1996,1.743259534,3.640425765,0.1971050046,97
2,Oesophagus,208,Denmark,2,1,1997,1.76188406,4.149884093,0.1984198607,111
2,Oesophagus,208,Denmark,2,1,1998,1.548818052,3.390782252,0.1804756173,91
2,Oesophagus,208,Denmark,2,1,1999,1.729001985,3.863230496,0.1962420622,104
2,Oesophagus,208,Denmark,2,1,2000,2.261741816,4.888124893,0.2770963834,132
2,Oesophagus,208,Denmark,2,1,2001,1.867078699,4.022774068,0.2282176506,109
2,Oesophagus,208,Denmark,2,1,2002,1.942639582,4.194766697,0.2363327177,114
2,Oesophagus,208,Denmark,2,1,2003,1.609664714,3.854121855,0.1787403334,105
2,Oesophagus,208,Denmark,2,1,2004,1.872347196,4.430792396,0.2135486562,121
2,Oesophagus,208,Denmark,2,1,2005,1.881343353,4.127187501,0.2564882802,113
2,Oesophagus,208,Denmark,2,1,2006,1.95414615,4.479101441,0.2245461232,123
2,Oesophagus,208,Denmark,2,1,2007,1.843357898,4.171412404,0.2063227244,115
2,Oesophagus,208,Denmark,2,1,2008,1.705536385,4.041326898,0.1952551239,112
2,Oesophagus,208,Denmark,2,1,2009,1.164253506,2.836074363,0.1341219465,79
2,Oesophagus,208,Denmark,2,1,2010,1.44960135,3.395347873,0.1592747523,95
2,Oesophagus,208,Denmark,2,1,2011,1.437514795,3.595362907,0.1421385611,101
2,Oesophagus,208,Denmark,2,1,2012,1.859696592,4.434061252,0.2264063477,125
2,Oesophagus,208,Denmark,2,1,2013,1.441994059,3.392600174,0.1928276556,96
2,Oesophagus,208,Denmark,2,1,2014,1.439777305,3.694499383,0.1613919022,105
2,Oesophagus,208,Denmark,2,1,2015,1.255094444,3.392585836,0.160508587,97
2,Oesophagus,208,Denmark,2,1,2016,1.732895257,4.376344054,0.2187154973,126
2,Oesophagus,208,Denmark,2,1,2017,1.135051285,2.96873986,0.1405278459,86
2,Oesophagus,208,Denmark,2,1,2018,1.604108515,3.675617482,0.1962524284,107
2,Oesophagus,208,Denmark,2,1,2019,1.891406466,5.134081677,0.2445194332,150
2,Oesophagus,208,Denmark,2,1,2020,1.357567735,3.78750009,0.1709123251,111
2,Oesophagus,208,Denmark,2,1,2021,1.721446063,4.825098668,0.2231351517,142
2,Oesophagus,208,Denmark,2,1,2022,1.342338154,3.976999462,0.1562808084,118
2,Oesophagus,218,Ecuador,1,0,1985,4.660128035,2.709106557,0.3973847966,13
2,Oesophagus,218,Ecuador,1,0,1986,3.582744026,2.215517484,0.3822579223,11
2,Oesophagus,218,Ecuador,1,0,1987,3.833161409,2.336102913,0.4152005578,12
2,Oesophagus,218,Ecuador,1,0,1988,3.278384437,2.064324347,0.323203487,11
2,Oesophagus,218,Ecuador,1,0,1989,2.208368061,1.266365513,0.2679090641,7
2,Oesophagus,218,Ecuador,1,0,1990,4.846615059,2.487700236,0.7290911133,13
2,Oesophagus,218,Ecuador,1,0,1991,2.294157406,1.497364638,0.0997108303,8
2,Oesophagus,218,Ecuador,1,0,1992,3.651225054,2.196177188,0.3788099893,12
2,Oesophagus,218,Ecuador,1,0,1993,2.795593267,1.789513807,0.3088447022,10
2,Oesophagus,218,Ecuador,1,0,1994,3.010130144,1.924762773,0.3923798383,11
2,Oesophagus,218,Ecuador,1,0,1995,1.057147035,0.8554671193,0.08840504783,5
2,Oesophagus,218,Ecuador,1,0,1996,2.441584268,1.672948589,0.2893013511,10
2,Oesophagus,218,Ecuador,1,0,1997,3.858031579,3.108028528,0.3152267692,19
2,Oesophagus,218,Ecuador,1,0,1998,1.912143418,1.502388046,0.2409749422,10
2,Oesophagus,218,Ecuador,1,0,1999,2.483430671,1.775531402,0.3634055259,12
2,Oesophagus,218,Ecuador,1,0,2000,1.098410414,0.8745068146,0.1382967696,6
2,Oesophagus,218,Ecuador,1,0,2001,2.494384998,2.010489008,0.3930895822,14
2,Oesophagus,218,Ecuador,1,0,2002,2.004621249,1.839809226,0.1711766412,13
2,Oesophagus,218,Ecuador,1,0,2003,1.055701944,0.9789826412,0.07080762876,7
2,Oesophagus,218,Ecuador,1,0,2004,2.081306181,1.657646308,0.2461713302,12
2,Oesophagus,218,Ecuador,1,0,2005,3.332678153,3.274126218,0.2363651615,24
2,Oesophagus,218,Ecuador,1,0,2006,2.387816092,2.019818459,0.3231474555,15
2,Oesophagus,218,Ecuador,1,0,2007,2.108102723,1.726588129,0.1443064068,13
2,Oesophagus,218,Ecuador,1,0,2008,2.67103909,2.496862495,0.2435772864,19
2,Oesophagus,218,Ecuador,1,0,2009,1.96124543,1.683320752,0.2204228509,13
2,Oesophagus,218,Ecuador,1,0,2010,1.715693047,1.658975825,0.08761442092,13
2,Oesophagus,218,Ecuador,1,0,2011,0.668043583,0.752813641,0.03121836889,6
2,Oesophagus,218,Ecuador,1,0,2012,1.647533848,1.484108904,0.1358204551,12
2,Oesophagus,218,Ecuador,1,0,2013,1.23092899,1.044849588,0.1629758961,9
2,Oesophagus,218,Ecuador,1,0,2014,2.216490092,2.050275022,0.2225250942,18
2,Oesophagus,218,Ecuador,1,0,2015,1.825266133,1.78875077,0.1138121523,16
2,Oesophagus,218,Ecuador,1,0,2016,1.981580698,1.975846376,0.1213091296,18
2,Oesophagus,218,Ecuador,1,0,2017,1.312609587,1.185990221,0.1763338428,11
2,Oesophagus,218,Ecuador,1,1,1969,2.70793772,1.340577367,0.2654214944,40
2,Oesophagus,218,Ecuador,1,1,1970,1.553341653,0.7807020854,0.1835485543,24
2,Oesophagus,218,Ecuador,1,1,1971,2.712078465,1.421019724,0.2996568666,45
2,Oesophagus,218,Ecuador,1,1,1972,2.498209021,1.195790816,0.2622667846,39
2,Oesophagus,218,Ecuador,1,1,1973,1.755287988,0.8635838312,0.1934667388,29
2,Oesophagus,218,Ecuador,1,1,1974,3.021647589,1.272953669,0.2401614049,44
2,Oesophagus,218,Ecuador,1,1,1975,1.810716784,0.8997377265,0.1922156521,32
2,Oesophagus,218,Ecuador,1,1,1976,1.84189032,0.8745487192,0.1856548973,32
2,Oesophagus,218,Ecuador,1,1,1977,2.242088447,1.063414038,0.2187276168,40
2,Oesophagus,218,Ecuador,1,1,1978,3.085994735,1.344914078,0.295459765,52
2,Oesophagus,218,Ecuador,1,1,1979,2.898170945,1.233309422,0.2452594086,49
2,Oesophagus,218,Ecuador,1,1,1980,2.294964267,1.053443904,0.2409650796,43
2,Oesophagus,218,Ecuador,1,1,1981,3.02094959,1.359517157,0.2555036065,57
2,Oesophagus,218,Ecuador,1,1,1982,3.2397614,1.440128627,0.2855926653,62
2,Oesophagus,218,Ecuador,1,1,1983,3.911861789,1.674175949,0.3694817629,74
2,Oesophagus,218,Ecuador,1,1,1984,3.140076345,1.388374676,0.3252727782,63
2,Oesophagus,218,Ecuador,1,1,1985,2.923624486,1.395950969,0.2297329123,65
2,Oesophagus,218,Ecuador,1,1,1986,2.877385438,1.2358138,0.3070332966,59
2,Oesophagus,218,Ecuador,1,1,1987,2.780393689,1.247148681,0.2229340776,61
2,Oesophagus,218,Ecuador,1,1,1988,3.274500826,1.47789282,0.3120528281,74
2,Oesophagus,218,Ecuador,1,1,1989,3.244948942,1.483573523,0.306163559,76
2,Oesophagus,218,Ecuador,1,1,1990,2.932025093,1.317132225,0.3560888176,69
2,Oesophagus,218,Ecuador,1,1,1991,2.686338945,1.270354156,0.2614911636,68
2,Oesophagus,218,Ecuador,1,1,1992,2.536677727,1.280534107,0.2565103662,70
2,Oesophagus,218,Ecuador,1,1,1993,2.48450135,1.254868216,0.248705329,70
2,Oesophagus,218,Ecuador,1,1,1994,2.695760402,1.353979231,0.2761265151,77
2,Oesophagus,218,Ecuador,1,1,1995,1.230616262,0.67291198,0.0972218075,39
2,Oesophagus,218,Ecuador,1,1,1996,1.353562471,0.7111990138,0.129578065,42
2,Oesophagus,218,Ecuador,1,1,1997,2.239743069,1.2302039,0.212560553,74
2,Oesophagus,218,Ecuador,1,1,1998,1.983880836,1.142856956,0.1219378131,70
2,Oesophagus,218,Ecuador,1,1,1999,1.85937338,1.074646898,0.1386631502,67
2,Oesophagus,218,Ecuador,1,1,2000,1.977185917,1.166516806,0.1858578743,74
2,Oesophagus,218,Ecuador,1,1,2001,1.54447036,0.8986221024,0.1121964377,58
2,Oesophagus,218,Ecuador,1,1,2002,1.62786164,1.050549072,0.10854219,69
2,Oesophagus,218,Ecuador,1,1,2003,1.571233696,0.9873462601,0.1125069733,66
2,Oesophagus,218,Ecuador,1,1,2004,1.447796974,0.9702694732,0.1434829387,66
2,Oesophagus,218,Ecuador,1,1,2005,1.604462573,1.083780104,0.1680300008,75
2,Oesophagus,218,Ecuador,1,1,2006,1.692226278,1.207494935,0.1291424615,85
2,Oesophagus,218,Ecuador,1,1,2007,0.9144752829,0.6564421839,0.0697883458,47
2,Oesophagus,218,Ecuador,1,1,2008,1.541381725,1.071119006,0.1331126035,78
2,Oesophagus,218,Ecuador,1,1,2009,1.392235995,1.012614886,0.1587959557,75
2,Oesophagus,218,Ecuador,1,1,2010,1.253989662,0.9161992391,0.1153968332,69
2,Oesophagus,218,Ecuador,1,1,2011,1.037979328,0.8099005377,0.09275370439,62
2,Oesophagus,218,Ecuador,1,1,2012,1.475911692,1.182832624,0.1155713791,92
2,Oesophagus,218,Ecuador,1,1,2013,1.179777117,0.9625839807,0.1118461774,76
2,Oesophagus,218,Ecuador,1,1,2014,1.213637274,1.023763166,0.1147763984,82
2,Oesophagus,218,Ecuador,1,1,2015,1.244268397,1.095304405,0.1155008242,89
2,Oesophagus,218,Ecuador,1,1,2016,1.201194413,1.067257086,0.09980330018,88
2,Oesophagus,218,Ecuador,1,1,2017,1.494693349,1.337645488,0.1287551164,112
2,Oesophagus,218,Ecuador,1,1,2018,0.9627217482,0.9274875009,0.07896012191,79
2,Oesophagus,218,Ecuador,1,1,2019,1.108514279,1.062127411,0.09031047785,92
2,Oesophagus,218,Ecuador,1,1,2020,1.142572597,1.107305683,0.09976442351,97
2,Oesophagus,218,Ecuador,1,1,2021,1.006912034,0.9975550832,0.08253986624,88
2,Oesophagus,218,Ecuador,1,1,2022,0.8193304309,0.8550064339,0.07247851254,76
2,Oesophagus,218,Ecuador,2,0,1985,0.850258734,0.5746708094,0.162522311,3
2,Oesophagus,218,Ecuador,2,0,1986,0,0,0,0
2,Oesophagus,218,Ecuador,2,0,1987,0.5264794432,0.3578944355,0.05664759379,2
2,Oesophagus,218,Ecuador,2,0,1988,0.8369531657,0.6900156461,0.05340655007,4
2,Oesophagus,218,Ecuador,2,0,1989,1.308404674,0.9977550511,0.1386049713,6
2,Oesophagus,218,Ecuador,2,0,1990,0.7984072177,0.5274456335,0.06497516306,3
2,Oesophagus,218,Ecuador,2,0,1991,0.6284412576,0.5165209217,0.02780171797,3
2,Oesophagus,218,Ecuador,2,0,1992,1.836232533,1.517023532,0.09937125466,9
2,Oesophagus,218,Ecuador,2,0,1993,1.674165002,1.320149441,0.124783843,8
2,Oesophagus,218,Ecuador,2,0,1994,0.5403354715,0.4846604953,0.03118665186,3
2,Oesophagus,218,Ecuador,2,0,1995,0.2731867231,0.3163220601,0,2
2,Oesophagus,218,Ecuador,2,0,1996,0.4831882217,0.3096799767,0.09914586874,2
2,Oesophagus,218,Ecuador,2,0,1997,1.138773453,1.212707354,0.1156941385,8
2,Oesophagus,218,Ecuador,2,0,1998,0.5426205383,0.5629164702,0.09228496945,4
2,Oesophagus,218,Ecuador,2,0,1999,0.4903576204,0.6920118306,0.01415728744,5
2,Oesophagus,218,Ecuador,2,0,2000,0.9900685682,0.8169078133,0.1755638648,6
2,Oesophagus,218,Ecuador,2,0,2001,1.09633562,0.8038337511,0.1649378468,6
2,Oesophagus,218,Ecuador,2,0,2002,0.393507562,0.39558579,0.02904151264,3
2,Oesophagus,218,Ecuador,2,0,2003,0.8186686946,0.6515328614,0.1271432609,5
2,Oesophagus,218,Ecuador,2,0,2004,1.055951459,0.9009101767,0.1227889997,7
2,Oesophagus,218,Ecuador,2,0,2005,0.6925259989,0.5082992561,0.09039883098,4
2,Oesophagus,218,Ecuador,2,0,2006,0.4045905206,0.5017146097,0.03904877142,4
2,Oesophagus,218,Ecuador,2,0,2007,0.4415409759,0.3720394957,0.04900621142,3
2,Oesophagus,218,Ecuador,2,0,2008,0.7539012139,0.8616243589,0.07439300847,7
2,Oesophagus,218,Ecuador,2,0,2009,0.7411653957,0.8495372449,0.0778082885,7
2,Oesophagus,218,Ecuador,2,0,2010,0.7715786137,0.8377915814,0.07587763493,7
2,Oesophagus,218,Ecuador,2,0,2011,0.6238270386,0.706038512,0.04976177769,6
2,Oesophagus,218,Ecuador,2,0,2012,1.045672234,1.043921247,0.1095888327,9
2,Oesophagus,218,Ecuador,2,0,2013,0.6874391499,0.7636502482,0.06198593121,7
2,Oesophagus,218,Ecuador,2,0,2014,0.6804833006,0.7497295618,0.07101619452,7
2,Oesophagus,218,Ecuador,2,0,2015,0.2684020967,0.3155712313,0.02030085866,3
2,Oesophagus,218,Ecuador,2,0,2016,0.8781856501,1.03349666,0.09591397359,10
2,Oesophagus,218,Ecuador,2,0,2017,0.2853372329,0.4063104069,0,4
2,Oesophagus,218,Ecuador,2,1,1969,0.4392732436,0.3342861603,0.02602240341,10
2,Oesophagus,218,Ecuador,2,1,1970,0.6288154951,0.3894544814,0.06400303904,12
2,Oesophagus,218,Ecuador,2,1,1971,0.1635331238,0.126051347,0.005396624949,4
2,Oesophagus,218,Ecuador,2,1,1972,0.4508699319,0.306035666,0.03606589662,10
2,Oesophagus,218,Ecuador,2,1,1973,0.8772042531,0.4756333057,0.0627502138,16
2,Oesophagus,218,Ecuador,2,1,1974,0.4793779927,0.3177315584,0.02088399534,11
2,Oesophagus,218,Ecuador,2,1,1975,0.8688474507,0.5334589676,0.09480277023,19
2,Oesophagus,218,Ecuador,2,1,1976,0.6385047945,0.3821476974,0.07174795307,14
2,Oesophagus,218,Ecuador,2,1,1977,0.5963259462,0.3452536127,0.06320767147,13
2,Oesophagus,218,Ecuador,2,1,1978,0.8763228965,0.4909879168,0.06702936137,19
2,Oesophagus,218,Ecuador,2,1,1979,0.9729273662,0.5533448312,0.07848365019,22
2,Oesophagus,218,Ecuador,2,1,1980,0.9784421015,0.5631694983,0.04994007093,23
2,Oesophagus,218,Ecuador,2,1,1981,0.9041280873,0.5006862979,0.05560213051,21
2,Oesophagus,218,Ecuador,2,1,1982,0.8549782658,0.5109000526,0.0773401815,22
2,Oesophagus,218,Ecuador,2,1,1983,1.012939476,0.5655683781,0.08907530248,25
2,Oesophagus,218,Ecuador,2,1,1984,0.7247478413,0.4187695141,0.05028024707,19
2,Oesophagus,218,Ecuador,2,1,1985,0.8074827947,0.4511441984,0.09313201178,21
2,Oesophagus,218,Ecuador,2,1,1986,0.9774970199,0.5239094458,0.06686649704,25
2,Oesophagus,218,Ecuador,2,1,1987,0.6053279044,0.3273234029,0.06581400892,16
2,Oesophagus,218,Ecuador,2,1,1988,0.8866686897,0.4796472674,0.08956513416,24
2,Oesophagus,218,Ecuador,2,1,1989,0.7805327135,0.4492990447,0.06409753675,23
2,Oesophagus,218,Ecuador,2,1,1990,0.7928758475,0.4775532768,0.0994800476,25
2,Oesophagus,218,Ecuador,2,1,1991,0.4966959805,0.3177840952,0.03938433327,17
2,Oesophagus,218,Ecuador,2,1,1992,0.790019107,0.4941742349,0.07333511744,27
2,Oesophagus,218,Ecuador,2,1,1993,0.5134620203,0.3407461767,0.04179153403,19
2,Oesophagus,218,Ecuador,2,1,1994,0.620464141,0.3693765065,0.08638323623,21
2,Oesophagus,218,Ecuador,2,1,1995,0.3121817764,0.2070818543,0.03152816825,12
2,Oesophagus,218,Ecuador,2,1,1996,0.2458616369,0.1862692156,0.01624528891,11
2,Oesophagus,218,Ecuador,2,1,1997,0.5678993365,0.4155676979,0.0633339672,25
2,Oesophagus,218,Ecuador,2,1,1998,0.51714744,0.3917610688,0.05115774416,24
2,Oesophagus,218,Ecuador,2,1,1999,0.3882156981,0.320708535,0.02263008904,20
2,Oesophagus,218,Ecuador,2,1,2000,0.4837535171,0.393977999,0.04330359096,25
2,Oesophagus,218,Ecuador,2,1,2001,0.575532079,0.4491658139,0.06658926204,29
2,Oesophagus,218,Ecuador,2,1,2002,0.3276932325,0.2891721762,0.02070780176,19
2,Oesophagus,218,Ecuador,2,1,2003,0.3510330633,0.2990555825,0.03694501364,20
2,Oesophagus,218,Ecuador,2,1,2004,0.2824738984,0.2644543008,0.01740844137,18
2,Oesophagus,218,Ecuador,2,1,2005,0.4923697177,0.4331540749,0.04751184085,30
2,Oesophagus,218,Ecuador,2,1,2006,0.394870284,0.354772873,0.04188473497,25
2,Oesophagus,218,Ecuador,2,1,2007,0.3214476749,0.306878329,0.02909704626,22
2,Oesophagus,218,Ecuador,2,1,2008,0.2974992185,0.32907826,0.01722242563,24
2,Oesophagus,218,Ecuador,2,1,2009,0.3609855577,0.3234767715,0.04261556805,24
2,Oesophagus,218,Ecuador,2,1,2010,0.2716337791,0.2783085519,0.02573118585,21
2,Oesophagus,218,Ecuador,2,1,2011,0.2568497365,0.2867955795,0.01492897609,22
2,Oesophagus,218,Ecuador,2,1,2012,0.3366622825,0.3592388601,0.0267073118,28
2,Oesophagus,218,Ecuador,2,1,2013,0.3587904356,0.3665451464,0.03563058079,29
2,Oesophagus,218,Ecuador,2,1,2014,0.3052882285,0.3488898326,0.01906709286,28
2,Oesophagus,218,Ecuador,2,1,2015,0.2877913039,0.2948174773,0.0367045247,24
2,Oesophagus,218,Ecuador,2,1,2016,0.2810884513,0.338995322,0.02091118442,28
2,Oesophagus,218,Ecuador,2,1,2017,0.2444211735,0.2742470131,0.02350819362,23
2,Oesophagus,218,Ecuador,2,1,2018,0.256086158,0.3047383651,0.0203967672,26
2,Oesophagus,218,Ecuador,2,1,2019,0.2589243345,0.3111258249,0.02241888416,27
2,Oesophagus,218,Ecuador,2,1,2020,0.3041031234,0.3755948483,0.03541414972,33
2,Oesophagus,218,Ecuador,2,1,2021,0.3104451939,0.4062799138,0.02531860744,36
2,Oesophagus,218,Ecuador,2,1,2022,0.2741904026,0.3469473224,0.02593282809,31
2,Oesophagus,233,Estonia,1,0,1983,3.572277281,4.139787786,0.4399165719,29
2,Oesophagus,233,Estonia,1,0,1984,4.810498868,5.102156511,0.5911574678,36
2,Oesophagus,233,Estonia,1,0,1985,5.598259212,6.469924696,0.6519812057,46
2,Oesophagus,233,Estonia,1,0,1986,5.396143048,5.995170402,0.5768289232,43
2,Oesophagus,233,Estonia,1,0,1987,6.055748641,7.18373933,0.7575080808,52
2,Oesophagus,233,Estonia,1,0,1988,5.501902762,6.307599698,0.5553220153,46
2,Oesophagus,233,Estonia,1,0,1989,5.2742655,6.139447313,0.6367900289,45
2,Oesophagus,233,Estonia,1,0,1990,5.729589302,6.402885931,0.7570343516,47
2,Oesophagus,233,Estonia,1,0,1991,6.293718899,7.395720343,0.8605205346,54
2,Oesophagus,233,Estonia,1,0,1992,5.202018336,6.433296505,0.654928906,46
2,Oesophagus,233,Estonia,1,0,1993,8.302669444,10.07697368,1.120331079,70
2,Oesophagus,233,Estonia,1,0,1994,5.643660127,7.073052847,0.6179971457,48
2,Oesophagus,233,Estonia,1,0,1995,5.581225918,7.064376005,0.7369629427,47
2,Oesophagus,233,Estonia,1,0,1996,6.192654371,7.79312463,0.741790517,51
2,Oesophagus,233,Estonia,1,0,1997,5.122275156,6.808563316,0.5994905765,44
2,Oesophagus,233,Estonia,1,0,1998,5.682669869,7.817031435,0.7009913946,50
2,Oesophagus,233,Estonia,1,0,1999,5.280158344,7.093853255,0.7090644027,45
2,Oesophagus,233,Estonia,1,0,2000,5.337814211,7.372422532,0.5553556577,48
2,Oesophagus,233,Estonia,1,0,2001,4.891439804,6.803930816,0.6877330008,44
2,Oesophagus,233,Estonia,1,0,2002,4.889624345,7.007763044,0.6605250988,45
2,Oesophagus,233,Estonia,1,0,2003,4.332668341,5.958727968,0.5143293627,38
2,Oesophagus,233,Estonia,1,0,2004,6.83734332,9.627829161,0.7676350465,61
2,Oesophagus,233,Estonia,1,0,2005,5.019059643,7.621225112,0.6406544204,48
2,Oesophagus,233,Estonia,1,0,2006,5.743696968,8.624889194,0.7120507614,54
2,Oesophagus,233,Estonia,1,0,2007,5.218363316,7.863212202,0.6648224776,49
2,Oesophagus,233,Estonia,1,0,2008,7.20319836,10.77716207,0.9168890881,67
2,Oesophagus,233,Estonia,1,0,2009,6.12498247,9.338872251,0.8515984685,58
2,Oesophagus,233,Estonia,1,0,2010,5.227193535,7.900040306,0.6343601166,49
2,Oesophagus,233,Estonia,1,0,2011,6.912519191,10.66375406,0.9798273856,66
2,Oesophagus,233,Estonia,1,0,2012,5.688019819,8.749856194,0.765825898,54
2,Oesophagus,233,Estonia,1,0,2013,4.662583072,7.31061843,0.5739176872,45
2,Oesophagus,233,Estonia,1,0,2014,6.55152989,10.73774839,0.8085288333,66
2,Oesophagus,233,Estonia,1,0,2015,6.857939121,11.20950566,0.9750899049,69
2,Oesophagus,233,Estonia,1,0,2016,6.3945423,11.50499981,0.7226475026,71
2,Oesophagus,233,Estonia,1,0,2017,7.02262976,12.11023218,0.9300867538,75
2,Oesophagus,233,Estonia,1,1,1995,4.327309593,5.321822429,0.5176317743,36
2,Oesophagus,233,Estonia,1,1,1996,6.855221292,8.837607465,0.8893720949,59
2,Oesophagus,233,Estonia,1,1,1997,5.516823188,7.256691085,0.6756709151,48
2,Oesophagus,233,Estonia,1,1,1998,4.768232238,6.545239784,0.5558794934,43
2,Oesophagus,233,Estonia,1,1,1999,4.92418966,6.728559217,0.6919769149,44
2,Oesophagus,233,Estonia,1,1,2000,4.268105163,5.835927505,0.4879367717,38
2,Oesophagus,233,Estonia,1,1,2001,5.212911626,7.11280444,0.6254030049,46
2,Oesophagus,233,Estonia,1,1,2002,3.892014206,5.606131862,0.5195084366,36
2,Oesophagus,233,Estonia,1,1,2003,4.09947332,5.80165551,0.489655917,37
2,Oesophagus,233,Estonia,1,1,2004,5.328433887,7.733408879,0.648401502,49
2,Oesophagus,233,Estonia,1,1,2005,5.328014128,8.256327205,0.6271383183,52
2,Oesophagus,233,Estonia,1,1,2006,5.300376005,7.66667838,0.6589328323,48
2,Oesophagus,233,Estonia,1,1,2007,3.824208987,6.098143196,0.4662478639,38
2,Oesophagus,233,Estonia,1,1,2008,5.331471476,7.721200325,0.7122321345,48
2,Oesophagus,233,Estonia,1,1,2009,5.634004533,8.694791096,0.7338786778,54
2,Oesophagus,233,Estonia,1,1,2010,5.076168867,7.738896095,0.6497569176,48
2,Oesophagus,233,Estonia,1,1,2011,5.116909306,7.755758247,0.6658395518,48
2,Oesophagus,233,Estonia,1,1,2012,5.768685342,9.398199273,0.7977004025,58
2,Oesophagus,233,Estonia,1,1,2013,3.309924249,5.523771306,0.4383007626,34
2,Oesophagus,233,Estonia,1,1,2014,5.539236578,9.111343053,0.7288694062,56
2,Oesophagus,233,Estonia,1,1,2015,5.98918445,9.747625844,0.7857536446,60
2,Oesophagus,233,Estonia,1,1,2016,6.234694333,11.01826602,0.7216018389,68
2,Oesophagus,233,Estonia,1,1,2017,5.24733112,9.041584021,0.7144668344,56
2,Oesophagus,233,Estonia,1,1,2018,5.486798849,9.784853528,0.7748118155,61
2,Oesophagus,233,Estonia,1,1,2019,6.356962742,11.47435959,0.8649146825,72
2,Oesophagus,233,Estonia,1,1,2020,5.820816344,9.682524313,0.76640942,61
2,Oesophagus,233,Estonia,1,1,2021,6.237856704,10.92536236,0.784014393,69
2,Oesophagus,233,Estonia,1,1,2022,4.927321407,8.740037723,0.6527203468,56
2,Oesophagus,233,Estonia,2,0,1983,0.6211782408,1.361338964,0.0773409259,11
2,Oesophagus,233,Estonia,2,0,1984,0.7984254967,1.476254447,0.06935100207,12
2,Oesophagus,233,Estonia,2,0,1985,0.6992692969,1.345279415,0.07217707606,11
2,Oesophagus,233,Estonia,2,0,1986,0.3391932978,0.6076360406,0.03475060164,5
2,Oesophagus,233,Estonia,2,0,1987,0.6892495733,1.207280384,0.0733287542,10
2,Oesophagus,233,Estonia,2,0,1988,0.466660247,1.080951237,0.03278213639,9
2,Oesophagus,233,Estonia,2,0,1989,0.502498663,0.9578934008,0.06423584594,8
2,Oesophagus,233,Estonia,2,0,1990,1.048865164,2.275094895,0.1282231138,19
2,Oesophagus,233,Estonia,2,0,1991,0.9885325639,1.925015821,0.09932832464,16
2,Oesophagus,233,Estonia,2,0,1992,0.3093036447,0.7334416382,0.03897815118,6
2,Oesophagus,233,Estonia,2,0,1993,0.4525336395,0.7504925107,0.07249840384,6
2,Oesophagus,233,Estonia,2,0,1994,0.3972172741,0.8929915472,0.05083662817,7
2,Oesophagus,233,Estonia,2,0,1995,1.052141986,2.592944081,0.11731264,20
2,Oesophagus,233,Estonia,2,0,1996,0.5794231315,1.839271333,0.05294646988,14
2,Oesophagus,233,Estonia,2,0,1997,0.5195018923,0.9292569927,0.04880590481,7
2,Oesophagus,233,Estonia,2,0,1998,0.4297204667,1.339536279,0.04943264627,10
2,Oesophagus,233,Estonia,2,0,1999,0.7272625864,1.754191844,0.09279009172,13
2,Oesophagus,233,Estonia,2,0,2000,0.5302256495,1.206579882,0.05660207576,9
2,Oesophagus,233,Estonia,2,0,2001,0.6556843985,1.483619492,0.09355784725,11
2,Oesophagus,233,Estonia,2,0,2002,0.2987570718,0.813884876,0.03724901601,6
2,Oesophagus,233,Estonia,2,0,2003,0.750732562,2.04638472,0.08202439815,15
2,Oesophagus,233,Estonia,2,0,2004,0.4028062522,0.9602589956,0.03248810862,7
2,Oesophagus,233,Estonia,2,0,2005,0.6369267845,1.655275155,0.07883908049,12
2,Oesophagus,233,Estonia,2,0,2006,0.7778548967,1.665013216,0.07428915798,12
2,Oesophagus,233,Estonia,2,0,2007,0.9417471548,1.811783562,0.1141055999,13
2,Oesophagus,233,Estonia,2,0,2008,0.6068657608,1.397809632,0.07108238549,10
2,Oesophagus,233,Estonia,2,0,2009,0.5727950037,1.261467086,0.0691951977,9
2,Oesophagus,233,Estonia,2,0,2010,0.7791156794,2.109037225,0.0923865067,15
2,Oesophagus,233,Estonia,2,0,2011,0.7018041455,1.834810591,0.08137009077,13
2,Oesophagus,233,Estonia,2,0,2012,1.051429604,2.692961308,0.152677912,19
2,Oesophagus,233,Estonia,2,0,2013,1.615127142,3.843668055,0.2029242535,27
2,Oesophagus,233,Estonia,2,0,2014,0.6436518475,1.428793912,0.08127302261,10
2,Oesophagus,233,Estonia,2,0,2015,0.8419141632,2.145741633,0.1060543295,15
2,Oesophagus,233,Estonia,2,0,2016,1.078784109,2.719464351,0.1356416403,19
2,Oesophagus,233,Estonia,2,0,2017,0.8989524602,1.719017925,0.08918506124,12
2,Oesophagus,233,Estonia,2,1,1995,0.5666668636,1.545760302,0.04617626031,12
2,Oesophagus,233,Estonia,2,1,1996,0.619700106,1.694805876,0.05777496161,13
2,Oesophagus,233,Estonia,2,1,1997,0.4372165996,0.9210071871,0.04891729704,7
2,Oesophagus,233,Estonia,2,1,1998,0.2462256351,0.7955064492,0.01109127005,6
2,Oesophagus,233,Estonia,2,1,1999,0.3167262351,0.9337709607,0.02287963017,7
2,Oesophagus,233,Estonia,2,1,2000,0.2193229637,0.6703688906,0.03705304719,5
2,Oesophagus,233,Estonia,2,1,2001,0.4739640276,0.8092246212,0.05610483541,6
2,Oesophagus,233,Estonia,2,1,2002,0.5364210598,1.356334966,0.05888324828,10
2,Oesophagus,233,Estonia,2,1,2003,0.4792525696,1.227661673,0.04617572647,9
2,Oesophagus,233,Estonia,2,1,2004,0.6590716452,1.783114319,0.08392360458,13
2,Oesophagus,233,Estonia,2,1,2005,0.3674211834,0.9654806197,0.02116964485,7
2,Oesophagus,233,Estonia,2,1,2006,0.2976905122,0.8324147867,0.01083717149,6
2,Oesophagus,233,Estonia,2,1,2007,0.5044592132,1.254243524,0.05593876717,9
2,Oesophagus,233,Estonia,2,1,2008,0.3493277031,1.118241453,0.03455939074,8
2,Oesophagus,233,Estonia,2,1,2009,0.5945855365,1.261445869,0.06864454901,9
2,Oesophagus,233,Estonia,2,1,2010,0.824660067,1.968490098,0.1047700451,14
2,Oesophagus,233,Estonia,2,1,2011,0.3744628109,1.411507313,0.03601099163,10
2,Oesophagus,233,Estonia,2,1,2012,1.232488127,2.693215153,0.1395435943,19
2,Oesophagus,233,Estonia,2,1,2013,0.6960593487,2.135541388,0.07102292143,15
2,Oesophagus,233,Estonia,2,1,2014,1.066397305,2.429149219,0.1364245023,17
2,Oesophagus,233,Estonia,2,1,2015,0.520822714,1.430530233,0.05553498934,10
2,Oesophagus,233,Estonia,2,1,2016,0.8948697665,2.289993302,0.09480721334,16
2,Oesophagus,233,Estonia,2,1,2017,0.8699972226,2.292053451,0.1014449041,16
2,Oesophagus,233,Estonia,2,1,2018,0.5806776337,1.288379391,0.08965469183,9
2,Oesophagus,233,Estonia,2,1,2019,1.02344726,2.859857679,0.1022219405,20
2,Oesophagus,233,Estonia,2,1,2020,0.6664051039,2.14387242,0.06719998527,15
2,Oesophagus,233,Estonia,2,1,2021,0.599069311,1.428180719,0.07780018809,10
2,Oesophagus,233,Estonia,2,1,2022,0.7271843996,2.39651969,0.08901853872,17
2,Oesophagus,246,Finland,1,0,1953,9.160025046,7.569627325,1.161918022,150
2,Oesophagus,246,Finland,1,0,1954,8.941410539,7.227580047,1.07378931,145
2,Oesophagus,246,Finland,1,0,1955,8.781212536,7.582327957,1.174248065,154
2,Oesophagus,246,Finland,1,0,1956,10.21036167,8.660154846,1.268588657,178
2,Oesophagus,246,Finland,1,0,1957,8.156952589,6.835089037,0.8778553316,142
2,Oesophagus,246,Finland,1,0,1958,7.774123094,6.7734535,0.8668381887,142
2,Oesophagus,246,Finland,1,0,1959,7.526430753,6.761432317,0.8989720915,143
2,Oesophagus,246,Finland,1,0,1960,7.356959047,6.327737426,0.920509182,135
2,Oesophagus,246,Finland,1,0,1961,6.256216224,5.627728983,0.8246606766,121
2,Oesophagus,246,Finland,1,0,1962,7.220254948,6.371195548,0.8462150969,138
2,Oesophagus,246,Finland,1,0,1963,6.321936257,5.590077338,0.5891344905,122
2,Oesophagus,246,Finland,1,0,1964,7.242667852,6.649824998,0.8971432148,146
2,Oesophagus,246,Finland,1,0,1965,6.034922152,5.490528838,0.6880525544,121
2,Oesophagus,246,Finland,1,0,1966,5.086339402,4.744850199,0.6189452478,105
2,Oesophagus,246,Finland,1,0,1967,5.582674812,5.391817782,0.6694507443,120
2,Oesophagus,246,Finland,1,0,1968,5.019773835,4.963923234,0.6083976759,111
2,Oesophagus,246,Finland,1,0,1969,5.644781771,5.503481287,0.615079575,123
2,Oesophagus,246,Finland,1,0,1970,4.709698516,5.033479379,0.6769211843,112
2,Oesophagus,246,Finland,1,0,1971,4.511215056,4.66993652,0.6074126909,104
2,Oesophagus,246,Finland,1,0,1972,4.367163479,4.461210666,0.5232050759,100
2,Oesophagus,246,Finland,1,0,1973,4.291648887,4.699422082,0.5096633545,106
2,Oesophagus,246,Finland,1,0,1974,4.359349965,4.54148926,0.4797621579,103
2,Oesophagus,246,Finland,1,0,1975,3.692091627,4.038693316,0.3905039963,92
2,Oesophagus,246,Finland,1,0,1976,3.384540131,3.764906952,0.3411127885,86
2,Oesophagus,246,Finland,1,0,1977,3.757971005,4.408497488,0.4067365157,101
2,Oesophagus,246,Finland,1,0,1978,3.569789312,4.133617668,0.3771397649,95
2,Oesophagus,246,Finland,1,0,1979,3.877401129,4.644526599,0.4468891424,107
2,Oesophagus,246,Finland,1,0,1980,3.781796655,4.673678772,0.4460235817,108
2,Oesophagus,246,Finland,1,0,1981,3.57817515,4.308194444,0.3751798493,100
2,Oesophagus,246,Finland,1,0,1982,3.301084802,3.939754305,0.3656094992,92
2,Oesophagus,246,Finland,1,0,1983,3.572500431,4.51059895,0.4229879983,106
2,Oesophagus,246,Finland,1,0,1984,3.272811948,3.977657414,0.3441194441,94
2,Oesophagus,246,Finland,1,0,1985,3.33406531,4.339575581,0.3530578794,103
2,Oesophagus,246,Finland,1,0,1986,3.302671503,4.282434085,0.3456982361,102
2,Oesophagus,246,Finland,1,0,1987,3.410392947,4.268913064,0.364657984,102
2,Oesophagus,246,Finland,1,0,1988,3.234381429,4.380259962,0.4011366609,105
2,Oesophagus,246,Finland,1,0,1989,3.279993742,4.195983156,0.395882142,101
2,Oesophagus,246,Finland,1,0,1990,3.885097956,5.290388604,0.4172934168,128
2,Oesophagus,246,Finland,1,0,1991,3.497811976,4.682449808,0.4209337295,114
2,Oesophagus,246,Finland,1,0,1992,3.631972662,4.89763534,0.4535772147,120
2,Oesophagus,246,Finland,1,0,1993,2.823025504,3.977694066,0.3119920066,98
2,Oesophagus,246,Finland,1,0,1994,3.808554402,5.331346195,0.4607957447,132
2,Oesophagus,246,Finland,1,0,1995,3.361884657,4.785506751,0.3799748429,119
2,Oesophagus,246,Finland,1,0,1996,3.257413985,4.80740629,0.3993291278,120
2,Oesophagus,246,Finland,1,0,1997,3.113665799,4.55117618,0.3834408659,114
2,Oesophagus,246,Finland,1,0,1998,3.372804768,5.173951225,0.3800651833,130
2,Oesophagus,246,Finland,1,0,1999,3.260993231,5.040581643,0.4098048273,127
2,Oesophagus,246,Finland,1,0,2000,3.080332672,4.789834151,0.3919910093,121
2,Oesophagus,246,Finland,1,0,2001,3.877510759,6.354922835,0.4739978771,161
2,Oesophagus,246,Finland,1,0,2002,3.86197403,6.492851076,0.4496832067,165
2,Oesophagus,246,Finland,1,0,2003,3.520089274,5.845648591,0.4201899523,149
2,Oesophagus,246,Finland,1,0,2004,3.363916879,5.591430644,0.3792842199,143
2,Oesophagus,246,Finland,1,0,2005,3.552448016,6.037674701,0.4573263194,155
2,Oesophagus,246,Finland,1,0,2006,3.673555884,6.36140705,0.4871068778,164
2,Oesophagus,246,Finland,1,0,2007,3.450989264,6.254187555,0.4219417644,162
2,Oesophagus,246,Finland,1,0,2008,3.362277176,6.412668669,0.4381837651,167
2,Oesophagus,246,Finland,1,0,2009,4.000765011,7.52379352,0.4631414536,197
2,Oesophagus,246,Finland,1,0,2010,4.223001503,7.979507106,0.5147987762,210
2,Oesophagus,246,Finland,1,0,2011,4.026802469,7.786881373,0.5154603904,206
2,Oesophagus,246,Finland,1,0,2012,3.863728542,7.670389814,0.4951445695,204
2,Oesophagus,246,Finland,1,0,2013,3.794528713,8.004509456,0.4710257762,214
2,Oesophagus,246,Finland,1,0,2014,4.131862743,8.041357895,0.5294914245,216
2,Oesophagus,246,Finland,1,0,2015,3.934535638,8.232355642,0.5385372348,222
2,Oesophagus,246,Finland,1,0,2016,4.239423251,8.977030439,0.600111038,243
2,Oesophagus,246,Finland,1,0,2017,4.892433808,10.60488731,0.6380504664,288
2,Oesophagus,246,Finland,1,0,2018,4.041408617,8.746107661,0.5264047732,238
2,Oesophagus,246,Finland,1,0,2019,4.559607574,9.648628501,0.566553942,263
2,Oesophagus,246,Finland,1,0,2020,4.477680979,10.179291,0.5851255682,278
2,Oesophagus,246,Finland,1,0,2021,4.355836114,9.932609799,0.5798591694,272
2,Oesophagus,246,Finland,1,0,2022,4.093123211,9.314886462,0.5221014953,256
2,Oesophagus,246,Finland,1,1,1953,8.37848847,7.165783686,1.13435444,142
2,Oesophagus,246,Finland,1,1,1954,7.939744838,6.380063895,0.9156590104,128
2,Oesophagus,246,Finland,1,1,1955,8.201912214,6.892918511,1.106279871,140
2,Oesophagus,246,Finland,1,1,1956,8.964605678,7.541105716,1.091693278,155
2,Oesophagus,246,Finland,1,1,1957,8.753011519,7.364558903,0.9939158115,153
2,Oesophagus,246,Finland,1,1,1958,6.918293858,5.914846718,0.738273635,124
2,Oesophagus,246,Finland,1,1,1959,6.726726531,5.910335948,0.6981350421,125
2,Oesophagus,246,Finland,1,1,1960,7.179844373,6.187096389,0.8990393939,132
2,Oesophagus,246,Finland,1,1,1961,6.588220654,5.953135337,0.8503162556,128
2,Oesophagus,246,Finland,1,1,1962,6.458634909,5.631978373,0.7340819006,122
2,Oesophagus,246,Finland,1,1,1963,5.577459891,5.222773031,0.6220264255,114
2,Oesophagus,246,Finland,1,1,1964,6.62013599,5.647017248,0.7090055042,124
2,Oesophagus,246,Finland,1,1,1965,5.110503515,4.718545563,0.594737475,104
2,Oesophagus,246,Finland,1,1,1966,5.565608879,5.196100846,0.723700316,115
2,Oesophagus,246,Finland,1,1,1967,5.074636439,4.67228419,0.4736017269,104
2,Oesophagus,246,Finland,1,1,1968,4.604484842,4.471582978,0.5222303841,100
2,Oesophagus,246,Finland,1,1,1969,4.824307283,4.519156189,0.4623991406,101
2,Oesophagus,246,Finland,1,1,1970,5.170791474,5.348321818,0.6279116528,119
2,Oesophagus,246,Finland,1,1,1971,4.659400722,4.804823144,0.5882006225,107
2,Oesophagus,246,Finland,1,1,1972,4.176365879,4.193723245,0.4863914347,94
2,Oesophagus,246,Finland,1,1,1973,4.100026855,4.389253157,0.4813323192,99
2,Oesophagus,246,Finland,1,1,1974,3.634445707,3.836158127,0.4424839367,87
2,Oesophagus,246,Finland,1,1,1975,3.83895679,4.258382868,0.4021549835,97
2,Oesophagus,246,Finland,1,1,1976,3.752074084,4.027789118,0.3303428628,92
2,Oesophagus,246,Finland,1,1,1977,3.279240804,3.797583558,0.4007275913,87
2,Oesophagus,246,Finland,1,1,1978,3.699034269,4.22077251,0.412240819,97
2,Oesophagus,246,Finland,1,1,1979,3.215846805,3.776471109,0.311220818,87
2,Oesophagus,246,Finland,1,1,1980,3.574143404,4.284245402,0.4301176798,99
2,Oesophagus,246,Finland,1,1,1981,3.854276877,4.911348014,0.4468980734,114
2,Oesophagus,246,Finland,1,1,1982,3.491278043,3.939725624,0.3504287395,92
2,Oesophagus,246,Finland,1,1,1983,2.881999243,3.702052043,0.3363844518,87
2,Oesophagus,246,Finland,1,1,1984,2.593711852,3.300571634,0.2703771451,78
2,Oesophagus,246,Finland,1,1,1985,3.214372353,3.960329297,0.3182257033,94
2,Oesophagus,246,Finland,1,1,1986,2.71647322,3.694586968,0.2526476691,88
2,Oesophagus,246,Finland,1,1,1987,3.133906032,4.059580411,0.3156512739,97
2,Oesophagus,246,Finland,1,1,1988,2.930756901,3.921299519,0.3369750304,94
2,Oesophagus,246,Finland,1,1,1989,2.952979093,3.94663485,0.3126499249,95
2,Oesophagus,246,Finland,1,1,1990,2.902758802,3.761028389,0.3722539766,91
2,Oesophagus,246,Finland,1,1,1991,3.457617213,4.723360963,0.4030715064,115
2,Oesophagus,246,Finland,1,1,1992,2.874707939,3.836358887,0.3443931766,94
2,Oesophagus,246,Finland,1,1,1993,3.17806891,4.424037052,0.361868307,109
2,Oesophagus,246,Finland,1,1,1994,2.613825364,3.675270839,0.29066334,91
2,Oesophagus,246,Finland,1,1,1995,3.904804182,5.468935042,0.4572454588,136
2,Oesophagus,246,Finland,1,1,1996,2.744011302,4.126189284,0.3216786317,103
2,Oesophagus,246,Finland,1,1,1997,2.727113827,4.032047995,0.3339778875,101
2,Oesophagus,246,Finland,1,1,1998,2.633734447,4.019649319,0.3063850696,101
2,Oesophagus,246,Finland,1,1,1999,3.352366137,5.119821687,0.3920742547,129
2,Oesophagus,246,Finland,1,1,2000,2.495678193,3.918860585,0.2892370794,99
2,Oesophagus,246,Finland,1,1,2001,3.339970841,5.525866086,0.3751708189,140
2,Oesophagus,246,Finland,1,1,2002,2.892039066,4.761256437,0.3650510204,121
2,Oesophagus,246,Finland,1,1,2003,3.036040643,5.100022224,0.3435166807,130
2,Oesophagus,246,Finland,1,1,2004,2.721528297,4.652833155,0.3321116938,119
2,Oesophagus,246,Finland,1,1,2005,2.99239871,5.219533989,0.3524972533,134
2,Oesophagus,246,Finland,1,1,2006,2.37309142,4.266702248,0.2857840923,110
2,Oesophagus,246,Finland,1,1,2007,3.602430494,6.408425149,0.4435773779,166
2,Oesophagus,246,Finland,1,1,2008,2.560814363,4.761373587,0.3281332628,124
2,Oesophagus,246,Finland,1,1,2009,3.02057977,5.957745833,0.3736874559,156
2,Oesophagus,246,Finland,1,1,2010,3.347163074,6.535335552,0.3931969517,172
2,Oesophagus,246,Finland,1,1,2011,3.234779184,6.236799955,0.4130422975,165
2,Oesophagus,246,Finland,1,1,2012,3.399836071,6.767661482,0.4183151776,180
2,Oesophagus,246,Finland,1,1,2013,3.202005907,6.994219296,0.378338574,187
2,Oesophagus,246,Finland,1,1,2014,3.265810186,6.886828011,0.4304026335,185
2,Oesophagus,246,Finland,1,1,2015,2.993911245,6.229507285,0.368493179,168
2,Oesophagus,246,Finland,1,1,2016,3.594781071,7.757567877,0.4698576976,210
2,Oesophagus,246,Finland,1,1,2017,3.502467845,8.137439512,0.4605340142,221
2,Oesophagus,246,Finland,1,1,2018,3.838009148,8.5252698,0.4942116763,232
2,Oesophagus,246,Finland,1,1,2019,3.756682548,8.401024558,0.4757436145,229
2,Oesophagus,246,Finland,1,1,2020,3.829057439,9.007419038,0.4973766036,246
2,Oesophagus,246,Finland,1,1,2021,4.195522471,9.384649963,0.5521810575,257
2,Oesophagus,246,Finland,1,1,2022,3.95314898,9.662156873,0.4742240456,266
2,Oesophagus,246,Finland,2,0,1953,6.17177776,7.090505905,0.7307761396,153
2,Oesophagus,246,Finland,2,0,1954,6.56355153,7.566391647,0.7276431566,165
2,Oesophagus,246,Finland,2,0,1955,5.930100509,6.806294007,0.7181330249,150
2,Oesophagus,246,Finland,2,0,1956,6.826709161,7.860537005,0.8784848229,175
2,Oesophagus,246,Finland,2,0,1957,5.880164603,6.944147686,0.7052518224,156
2,Oesophagus,246,Finland,2,0,1958,5.862334823,7.157587319,0.6763896052,162
2,Oesophagus,246,Finland,2,0,1959,5.90564787,7.281520925,0.6925250833,166
2,Oesophagus,246,Finland,2,0,1960,5.926572158,7.577836136,0.7065071009,174
2,Oesophagus,246,Finland,2,0,1961,5.28178609,6.923600021,0.6096358893,160
2,Oesophagus,246,Finland,2,0,1962,5.244442295,6.57938871,0.5626057019,153
2,Oesophagus,246,Finland,2,0,1963,4.583880721,5.937963236,0.4611631115,139
2,Oesophagus,246,Finland,2,0,1964,5.495489021,7.352327128,0.6221223886,173
2,Oesophagus,246,Finland,2,0,1965,4.21190335,5.805240946,0.4241357631,137
2,Oesophagus,246,Finland,2,0,1966,4.276167367,6.123456915,0.4173396992,145
2,Oesophagus,246,Finland,2,0,1967,3.914159428,5.461842935,0.4066930749,130
2,Oesophagus,246,Finland,2,0,1968,3.698265898,5.354900194,0.3652406443,128
2,Oesophagus,246,Finland,2,0,1969,4.20418995,6.111764498,0.430409838,146
2,Oesophagus,246,Finland,2,0,1970,3.449360332,5.207446396,0.3600063347,124
2,Oesophagus,246,Finland,2,0,1971,3.584131795,5.660109186,0.3842188753,135
2,Oesophagus,246,Finland,2,0,1972,3.687874631,5.921323541,0.3977717674,142
2,Oesophagus,246,Finland,2,0,1973,2.569902226,4.190029017,0.2763333324,101
2,Oesophagus,246,Finland,2,0,1974,3.546184833,6.067872247,0.3926988837,147
2,Oesophagus,246,Finland,2,0,1975,2.46065369,4.232630292,0.2455795957,103
2,Oesophagus,246,Finland,2,0,1976,2.787832572,5.119990039,0.2799581881,125
2,Oesophagus,246,Finland,2,0,1977,2.89497604,5.229032651,0.3001182874,128
2,Oesophagus,246,Finland,2,0,1978,2.119091457,3.911504652,0.2221516105,96
2,Oesophagus,246,Finland,2,0,1979,2.607479433,5.120071779,0.2815769425,126
2,Oesophagus,246,Finland,2,0,1980,2.530057395,4.901322405,0.2643096503,121
2,Oesophagus,246,Finland,2,0,1981,2.367401475,4.962066414,0.2549324132,123
2,Oesophagus,246,Finland,2,0,1982,2.237109393,4.61520896,0.2236273526,115
2,Oesophagus,246,Finland,2,0,1983,2.340132582,4.709138842,0.2713208762,118
2,Oesophagus,246,Finland,2,0,1984,2.236520364,4.843955161,0.2263393647,122
2,Oesophagus,246,Finland,2,0,1985,2.27584994,5.022339524,0.2404705505,127
2,Oesophagus,246,Finland,2,0,1986,1.965018214,4.494681491,0.2237045253,114
2,Oesophagus,246,Finland,2,0,1987,1.850104859,4.286687358,0.1801916442,109
2,Oesophagus,246,Finland,2,0,1988,1.929560073,4.197127713,0.2148842015,107
2,Oesophagus,246,Finland,2,0,1989,1.845704879,4.223192601,0.2142022204,108
2,Oesophagus,246,Finland,2,0,1990,1.465329556,3.506108518,0.1582723877,90
2,Oesophagus,246,Finland,2,0,1991,1.730896658,3.993614869,0.1943522707,103
2,Oesophagus,246,Finland,2,0,1992,1.29127776,3.163787748,0.1185763509,82
2,Oesophagus,246,Finland,2,0,1993,1.203239142,2.804771031,0.1199200581,73
2,Oesophagus,246,Finland,2,0,1994,1.30702722,3.521651747,0.1280184214,92
2,Oesophagus,246,Finland,2,0,1995,1.543159283,3.662563451,0.176926489,96
2,Oesophagus,246,Finland,2,0,1996,1.501937192,3.880651698,0.1444951603,102
2,Oesophagus,246,Finland,2,0,1997,1.546669948,3.833035261,0.172610688,101
2,Oesophagus,246,Finland,2,0,1998,1.205071906,3.256452035,0.1102859147,86
2,Oesophagus,246,Finland,2,0,1999,1.10278695,2.910137047,0.1150460308,77
2,Oesophagus,246,Finland,2,0,2000,1.250267734,3.245252403,0.141691047,86
2,Oesophagus,246,Finland,2,0,2001,0.9724247476,2.674664038,0.09412051611,71
2,Oesophagus,246,Finland,2,0,2002,1.301789612,3.121073394,0.145049598,83
2,Oesophagus,246,Finland,2,0,2003,0.9727420807,2.740128125,0.1110349232,73
2,Oesophagus,246,Finland,2,0,2004,1.281258362,3.295032944,0.1353317606,88
2,Oesophagus,246,Finland,2,0,2005,1.105292863,3.172965439,0.1115394278,85
2,Oesophagus,246,Finland,2,0,2006,1.202393364,3.161941827,0.1321063001,85
2,Oesophagus,246,Finland,2,0,2007,1.049854151,2.705251709,0.1241109519,73
2,Oesophagus,246,Finland,2,0,2008,1.11539315,3.248216526,0.1225136371,88
2,Oesophagus,246,Finland,2,0,2009,1.2322058,3.308202633,0.1410928496,90
2,Oesophagus,246,Finland,2,0,2010,1.325351524,3.33136868,0.156314874,91
2,Oesophagus,246,Finland,2,0,2011,0.8699507776,2.989649433,0.07979837869,82
2,Oesophagus,246,Finland,2,0,2012,1.039579476,2.868146061,0.1138509105,79
2,Oesophagus,246,Finland,2,0,2013,0.9488942868,2.892808081,0.1028874601,80
2,Oesophagus,246,Finland,2,0,2014,1.370855827,3.819272047,0.1573235661,106
2,Oesophagus,246,Finland,2,0,2015,0.9008733916,2.731009244,0.1042593367,76
2,Oesophagus,246,Finland,2,0,2016,1.512332689,4.124237823,0.1761774589,115
2,Oesophagus,246,Finland,2,0,2017,1.209362059,3.545230063,0.1387234623,99
2,Oesophagus,246,Finland,2,0,2018,1.157835888,3.614482839,0.1400361396,101
2,Oesophagus,246,Finland,2,0,2019,1.372095894,3.970199184,0.1699186734,111
2,Oesophagus,246,Finland,2,0,2020,1.311536285,3.75199995,0.1481432354,105
2,Oesophagus,246,Finland,2,0,2021,1.106110797,3.532481434,0.1279073329,99
2,Oesophagus,246,Finland,2,0,2022,1.137874713,3.597101164,0.1271104259,101
2,Oesophagus,246,Finland,2,1,1953,6.489961467,7.367508223,0.7623329206,159
2,Oesophagus,246,Finland,2,1,1954,5.452560194,6.373210142,0.5715926742,139
2,Oesophagus,246,Finland,2,1,1955,6.000572278,6.805417021,0.7275270114,150
2,Oesophagus,246,Finland,2,1,1956,4.969404378,5.883597294,0.6068788548,131
2,Oesophagus,246,Finland,2,1,1957,6.256840166,7.344214195,0.7303631993,165
2,Oesophagus,246,Finland,2,1,1958,5.776511876,6.980461996,0.6303981809,158
2,Oesophagus,246,Finland,2,1,1959,5.746675924,7.105858429,0.6557692514,162
2,Oesophagus,246,Finland,2,1,1960,4.953335703,6.489118858,0.5888198137,149
2,Oesophagus,246,Finland,2,1,1961,5.294192016,6.750711583,0.6069471922,156
2,Oesophagus,246,Finland,2,1,1962,4.082050702,5.289119164,0.4445358218,123
2,Oesophagus,246,Finland,2,1,1963,4.693297665,6.065395212,0.4924613997,142
2,Oesophagus,246,Finland,2,1,1964,4.901945476,6.62916514,0.4852775624,156
2,Oesophagus,246,Finland,2,1,1965,4.297523692,5.889627117,0.4567788116,139
2,Oesophagus,246,Finland,2,1,1966,3.883616496,5.531525791,0.3340476817,131
2,Oesophagus,246,Finland,2,1,1967,3.484943461,4.99840912,0.3646673911,119
2,Oesophagus,246,Finland,2,1,1968,3.335349297,4.893348016,0.3229826142,117
2,Oesophagus,246,Finland,2,1,1969,3.598459598,5.273834436,0.3908818249,126
2,Oesophagus,246,Finland,2,1,1970,3.219841561,4.745291243,0.33751819,113
2,Oesophagus,246,Finland,2,1,1971,3.563459222,5.576055829,0.3779572555,133
2,Oesophagus,246,Finland,2,1,1972,3.171767917,5.12905302,0.3357191029,123
2,Oesophagus,246,Finland,2,1,1973,2.747549837,4.646521094,0.2785234576,112
2,Oesophagus,246,Finland,2,1,1974,2.309064081,3.797790759,0.2099067008,92
2,Oesophagus,246,Finland,2,1,1975,2.981908153,5.301425056,0.2981516784,129
2,Oesophagus,246,Finland,2,1,1976,2.65238935,4.71078832,0.2727515253,115
2,Oesophagus,246,Finland,2,1,1977,2.141216497,4.044689323,0.1682675426,99
2,Oesophagus,246,Finland,2,1,1978,2.26960766,4.278574306,0.223285098,105
2,Oesophagus,246,Finland,2,1,1979,2.082782236,4.063882609,0.2138810994,100
2,Oesophagus,246,Finland,2,1,1980,2.165934073,4.415534173,0.1948143492,109
2,Oesophagus,246,Finland,2,1,1981,2.178337773,4.599198045,0.2197984231,114
2,Oesophagus,246,Finland,2,1,1982,2.182363382,4.85613402,0.2021935109,121
2,Oesophagus,246,Finland,2,1,1983,2.027878531,4.389921618,0.2110791452,110
2,Oesophagus,246,Finland,2,1,1984,1.648318007,3.891052901,0.1702601304,98
2,Oesophagus,246,Finland,2,1,1985,2.284760279,4.864120016,0.2425734081,123
2,Oesophagus,246,Finland,2,1,1986,1.956547039,4.573425559,0.2007553404,116
2,Oesophagus,246,Finland,2,1,1987,1.468364555,3.500013961,0.1358550933,89
2,Oesophagus,246,Finland,2,1,1988,1.809279077,4.196960616,0.1674758108,107
2,Oesophagus,246,Finland,2,1,1989,1.61297448,3.910202206,0.1549124452,100
2,Oesophagus,246,Finland,2,1,1990,1.325494915,3.272271705,0.1368172679,84
2,Oesophagus,246,Finland,2,1,1991,1.141407837,2.985453089,0.1108315351,77
2,Oesophagus,246,Finland,2,1,1992,1.314340462,3.472345469,0.1292222628,90
2,Oesophagus,246,Finland,2,1,1993,1.416203997,3.34258371,0.1246863373,87
2,Oesophagus,246,Finland,2,1,1994,0.9890732413,2.756033081,0.08191714252,72
2,Oesophagus,246,Finland,2,1,1995,1.131831481,3.052096036,0.1091344177,80
2,Oesophagus,246,Finland,2,1,1996,1.0605426,3.195779745,0.08782201676,84
2,Oesophagus,246,Finland,2,1,1997,1.292857111,3.491468388,0.130266265,92
2,Oesophagus,246,Finland,2,1,1998,1.027349008,2.764218591,0.106977026,73
2,Oesophagus,246,Finland,2,1,1999,0.9992307743,2.910166193,0.09283701306,77
2,Oesophagus,246,Finland,2,1,2000,0.9798742406,2.905707527,0.101070976,77
2,Oesophagus,246,Finland,2,1,2001,0.8416392939,2.335716706,0.08251193872,62
2,Oesophagus,246,Finland,2,1,2002,0.9054138258,2.632370638,0.07802077123,70
2,Oesophagus,246,Finland,2,1,2003,0.6559996385,2.027067736,0.06798615189,54
2,Oesophagus,246,Finland,2,1,2004,0.9507695535,2.583721469,0.1078886437,69
2,Oesophagus,246,Finland,2,1,2005,0.9912237974,3.061068694,0.08830287773,82
2,Oesophagus,246,Finland,2,1,2006,1.024774096,3.013232555,0.1009312307,81
2,Oesophagus,246,Finland,2,1,2007,1.144356467,3.001812205,0.1408895812,81
2,Oesophagus,246,Finland,2,1,2008,0.7683459477,2.214768705,0.08824231674,60
2,Oesophagus,246,Finland,2,1,2009,0.9071242578,2.83044894,0.08852395557,77
2,Oesophagus,246,Finland,2,1,2010,1.029901844,3.00200915,0.1170162716,82
2,Oesophagus,246,Finland,2,1,2011,0.8724896693,2.807500109,0.0861099363,77
2,Oesophagus,246,Finland,2,1,2012,1.019081959,3.122431256,0.1031964463,86
2,Oesophagus,246,Finland,2,1,2013,0.787765513,2.386620605,0.0828468321,66
2,Oesophagus,246,Finland,2,1,2014,1.096069035,3.206749018,0.1323660535,89
2,Oesophagus,246,Finland,2,1,2015,0.7780477703,2.335713965,0.08405603805,65
2,Oesophagus,246,Finland,2,1,2016,0.8885556868,2.868992822,0.08548144614,80
2,Oesophagus,246,Finland,2,1,2017,0.8504536721,2.685713508,0.09606077988,75
2,Oesophagus,246,Finland,2,1,2018,0.845822406,3.041781554,0.08765952075,85
2,Oesophagus,246,Finland,2,1,2019,0.9831499817,3.075931515,0.103640341,86
2,Oesophagus,246,Finland,2,1,2020,1.247866676,3.930635012,0.1546401121,110
2,Oesophagus,246,Finland,2,1,2021,0.9345814991,3.21134905,0.09784806976,90
2,Oesophagus,246,Finland,2,1,2022,0.9684785144,3.160185357,0.1096825096,89
2,Oesophagus,250,France (metropolitan),1,0,1998,11.70807114,17.10236299,1.430444329,544
2,Oesophagus,250,France (metropolitan),1,0,1999,11.60429778,16.9534548,1.436192264,543
2,Oesophagus,250,France (metropolitan),1,0,2000,10.75671054,15.94608921,1.291165395,515
2,Oesophagus,250,France (metropolitan),1,0,2001,9.351793902,14.21092387,1.182395205,463
2,Oesophagus,250,France (metropolitan),1,0,2002,9.503416267,14.38991185,1.190481627,473
2,Oesophagus,250,France (metropolitan),1,0,2003,9.115825379,14.3546961,1.103836432,476
2,Oesophagus,250,France (metropolitan),1,0,2004,8.461160165,13.65930758,1.026425963,457
2,Oesophagus,250,France (metropolitan),1,0,2005,9.268218971,15.51708464,1.120156089,524
2,Oesophagus,250,France (metropolitan),1,0,2006,8.640497969,14.43697556,1.072850479,492
2,Oesophagus,250,France (metropolitan),1,0,2007,8.135591393,13.67896289,0.9633781616,470
2,Oesophagus,250,France (metropolitan),1,0,2008,7.821128521,13.51847482,0.9187476291,468
2,Oesophagus,250,France (metropolitan),1,0,2009,7.503316355,13.24634328,0.9200448051,462
2,Oesophagus,250,France (metropolitan),1,0,2010,7.912562984,13.77053453,0.9688642574,484
2,Oesophagus,250,France (metropolitan),1,0,2011,8.104265655,14.53758757,1.047763766,515
2,Oesophagus,250,France (metropolitan),1,0,2012,7.971375505,14.81596831,0.9697084977,529
2,Oesophagus,250,France (metropolitan),1,0,2013,7.563464227,14.0127516,0.9069075981,504
2,Oesophagus,250,France (metropolitan),1,0,2014,6.937483583,13.17790951,0.8275088794,477
2,Oesophagus,250,France (metropolitan),1,0,2015,7.018863317,13.60256333,0.8363064821,495
2,Oesophagus,250,France (metropolitan),1,0,2016,6.920425453,13.67846471,0.8419139613,500
2,Oesophagus,250,France (metropolitan),1,0,2017,6.470665642,12.63251206,0.8012469408,464
2,Oesophagus,250,France (metropolitan),1,1,1952,11.02327213,13.77895543,1.348851944,2840
2,Oesophagus,250,France (metropolitan),1,1,1953,10.76927575,13.60629567,1.326294867,2837
2,Oesophagus,250,France (metropolitan),1,1,1954,10.15942397,12.81154651,1.240868423,2702
2,Oesophagus,250,France (metropolitan),1,1,1955,10.31944156,12.94673046,1.298279627,2762
2,Oesophagus,250,France (metropolitan),1,1,1956,11.14473945,13.97078363,1.353185406,3014
2,Oesophagus,250,France (metropolitan),1,1,1957,11.42041317,14.36937835,1.404804834,3134
2,Oesophagus,250,France (metropolitan),1,1,1958,11.89575325,15.03353124,1.479357046,3315
2,Oesophagus,250,France (metropolitan),1,1,1959,12.15776597,15.35918554,1.481387242,3425
2,Oesophagus,250,France (metropolitan),1,1,1960,12.26801724,15.67911665,1.520112795,3535
2,Oesophagus,250,France (metropolitan),1,1,1961,12.75976339,16.21640868,1.583619955,3696
2,Oesophagus,250,France (metropolitan),1,1,1962,13.53430462,17.26173338,1.673740529,3976
2,Oesophagus,250,France (metropolitan),1,1,1963,13.67993586,17.59207355,1.689097186,4094
2,Oesophagus,250,France (metropolitan),1,1,1964,14.25356782,18.24724188,1.743770522,4292
2,Oesophagus,250,France (metropolitan),1,1,1965,13.91271272,17.84252725,1.734301138,4237
2,Oesophagus,250,France (metropolitan),1,1,1966,14.88901748,19.01824043,1.839931867,4555
2,Oesophagus,250,France (metropolitan),1,1,1967,14.73258869,18.93252729,1.823441664,4571
2,Oesophagus,250,France (metropolitan),1,1,1968,14.43127794,18.51314197,1.777462839,4505
2,Oesophagus,250,France (metropolitan),1,1,1969,14.16850758,18.32790839,1.743812459,4501
2,Oesophagus,250,France (metropolitan),1,1,1970,14.29977209,18.29878077,1.749597087,4541
2,Oesophagus,250,France (metropolitan),1,1,1971,14.46534852,18.50664163,1.781972841,4641
2,Oesophagus,250,France (metropolitan),1,1,1972,14.63921061,18.71528829,1.765927973,4738
2,Oesophagus,250,France (metropolitan),1,1,1973,14.09168076,18.04107904,1.723703053,4608
2,Oesophagus,250,France (metropolitan),1,1,1974,14.70287703,18.98008333,1.802756904,4882
2,Oesophagus,250,France (metropolitan),1,1,1975,14.6665393,19.01626522,1.765529426,4912
2,Oesophagus,250,France (metropolitan),1,1,1976,14.56664776,18.84481587,1.728723431,4884
2,Oesophagus,250,France (metropolitan),1,1,1977,14.70216767,19.09092967,1.77501816,4967
2,Oesophagus,250,France (metropolitan),1,1,1978,13.86619536,18.15767594,1.655880038,4742
2,Oesophagus,250,France (metropolitan),1,1,1979,13.92381524,18.39420112,1.657067613,4822
2,Oesophagus,250,France (metropolitan),1,1,1980,13.74259529,17.85846517,1.647159819,4704
2,Oesophagus,250,France (metropolitan),1,1,1981,13.01552332,17.09832707,1.551647245,4529
2,Oesophagus,250,France (metropolitan),1,1,1982,13.44880548,17.69229551,1.628962173,4713
2,Oesophagus,250,France (metropolitan),1,1,1983,13.00413182,17.28883433,1.556395466,4628
2,Oesophagus,250,France (metropolitan),1,1,1984,13.09558451,17.44867167,1.557320007,4691
2,Oesophagus,250,France (metropolitan),1,1,1985,12.57858909,16.63146045,1.510244634,4491
2,Oesophagus,250,France (metropolitan),1,1,1986,12.31952992,16.44889514,1.476139813,4462
2,Oesophagus,250,France (metropolitan),1,1,1987,12.03195291,16.29186631,1.445820806,4441
2,Oesophagus,250,France (metropolitan),1,1,1988,11.72944527,15.79782636,1.404945256,4329
2,Oesophagus,250,France (metropolitan),1,1,1989,11.57816787,15.71827052,1.376501718,4331
2,Oesophagus,250,France (metropolitan),1,1,1990,11.39622818,15.56524252,1.397478313,4311
2,Oesophagus,250,France (metropolitan),1,1,1991,10.88860825,15.08564111,1.339530496,4198
2,Oesophagus,250,France (metropolitan),1,1,1992,10.53138874,14.81467122,1.277661369,4142
2,Oesophagus,250,France (metropolitan),1,1,1993,10.12715278,14.44694597,1.22912172,4055
2,Oesophagus,250,France (metropolitan),1,1,1994,9.942318735,14.27562169,1.222514425,4019
2,Oesophagus,250,France (metropolitan),1,1,1995,9.534411419,13.98322905,1.160348473,3948
2,Oesophagus,250,France (metropolitan),1,1,1996,9.248103717,13.62509086,1.116268657,3858
2,Oesophagus,250,France (metropolitan),1,1,1997,8.521886127,12.73306465,1.046793429,3616
2,Oesophagus,250,France (metropolitan),1,1,1998,8.605187126,13.00631094,1.046846383,3709
2,Oesophagus,250,France (metropolitan),1,1,1999,8.392699379,12.77286593,1.031446253,3663
2,Oesophagus,250,France (metropolitan),1,1,2000,7.7469019,12.0491754,0.9415890616,3477
2,Oesophagus,250,France (metropolitan),1,1,2001,7.3724157,11.61543665,0.900200977,3374
2,Oesophagus,250,France (metropolitan),1,1,2002,7.310053497,11.72710443,0.8891646432,3429
2,Oesophagus,250,France (metropolitan),1,1,2003,6.912550307,11.32169009,0.824565079,3332
2,Oesophagus,250,France (metropolitan),1,1,2004,6.477502641,10.73291861,0.7838330071,3180
2,Oesophagus,250,France (metropolitan),1,1,2005,6.498782903,10.92129046,0.7888079759,3258
2,Oesophagus,250,France (metropolitan),1,1,2006,6.032527726,10.4077402,0.7289814507,3126
2,Oesophagus,250,France (metropolitan),1,1,2007,5.942823033,10.37841669,0.7098107934,3137
2,Oesophagus,250,France (metropolitan),1,1,2008,5.76112526,10.26813654,0.6806537027,3121
2,Oesophagus,250,France (metropolitan),1,1,2009,5.528976873,10.1230469,0.6514737442,3093
2,Oesophagus,250,France (metropolitan),1,1,2010,5.523567899,10.16969188,0.6706604925,3123
2,Oesophagus,250,France (metropolitan),1,1,2011,5.129418422,9.636635962,0.6194510349,2974
2,Oesophagus,250,France (metropolitan),1,1,2012,5.125301781,9.793993281,0.6238029068,3038
2,Oesophagus,250,France (metropolitan),1,1,2013,4.746558824,9.226487318,0.579770289,2877
2,Oesophagus,250,France (metropolitan),1,1,2014,4.682860054,9.357335575,0.5666108777,2931
2,Oesophagus,250,France (metropolitan),1,1,2015,4.666172407,9.425104139,0.5688302561,2961
2,Oesophagus,250,France (metropolitan),1,1,2016,4.505880865,9.35842653,0.5460775505,2948
2,Oesophagus,250,France (metropolitan),1,1,2017,4.388617843,9.194585187,0.5430342776,2906
2,Oesophagus,250,France (metropolitan),1,1,2018,4.237905831,8.997183651,0.5304551739,2854
2,Oesophagus,250,France (metropolitan),1,1,2019,4.09641439,8.909168032,0.5027899978,2836
2,Oesophagus,250,France (metropolitan),1,1,2020,3.816020698,8.391872833,0.4666144056,2679
2,Oesophagus,250,France (metropolitan),1,1,2021,3.75295164,8.44877309,0.4554694039,2705
2,Oesophagus,250,France (metropolitan),1,1,2022,3.799514366,8.674538598,0.4708867159,2786
2,Oesophagus,250,France (metropolitan),2,0,1998,1.353243479,2.626235375,0.1726828052,88
2,Oesophagus,250,France (metropolitan),2,0,1999,1.229333236,2.39923722,0.1489474336,81
2,Oesophagus,250,France (metropolitan),2,0,2000,1.490893882,2.935308444,0.1805300848,100
2,Oesophagus,250,France (metropolitan),2,0,2001,1.272932728,2.703989082,0.1394321806,93
2,Oesophagus,250,France (metropolitan),2,0,2002,1.463007584,2.994884507,0.1658169065,104
2,Oesophagus,250,France (metropolitan),2,0,2003,1.265095279,2.539041326,0.1445648922,89
2,Oesophagus,250,France (metropolitan),2,0,2004,1.104826175,2.260309696,0.1309647107,80
2,Oesophagus,250,France (metropolitan),2,0,2005,1.255269783,2.742366427,0.1375825952,98
2,Oesophagus,250,France (metropolitan),2,0,2006,1.419914789,2.857830956,0.1640109315,103
2,Oesophagus,250,France (metropolitan),2,0,2007,1.491868175,3.001602966,0.1815577104,109
2,Oesophagus,250,France (metropolitan),2,0,2008,1.144396698,2.871408483,0.1147558537,105
2,Oesophagus,250,France (metropolitan),2,0,2009,1.381202074,3.312275946,0.1454438984,122
2,Oesophagus,250,France (metropolitan),2,0,2010,1.557233993,3.314536587,0.1839940955,123
2,Oesophagus,250,France (metropolitan),2,0,2011,1.481779732,3.583940843,0.1665782673,134
2,Oesophagus,250,France (metropolitan),2,0,2012,1.497273672,3.477604361,0.1779671939,131
2,Oesophagus,250,France (metropolitan),2,0,2013,1.627422585,3.452004099,0.2053168795,131
2,Oesophagus,250,France (metropolitan),2,0,2014,1.209088269,2.955824806,0.1514788831,113
2,Oesophagus,250,France (metropolitan),2,0,2015,1.329107153,3.223969695,0.1536427883,124
2,Oesophagus,250,France (metropolitan),2,0,2016,1.456120126,3.388370646,0.1928010056,131
2,Oesophagus,250,France (metropolitan),2,0,2017,1.5788935,3.780621102,0.1951836996,147
2,Oesophagus,250,France (metropolitan),2,1,1952,1.159650066,2.088489574,0.1244508518,463
2,Oesophagus,250,France (metropolitan),2,1,1953,1.141447642,2.082473317,0.1201098534,466
2,Oesophagus,250,France (metropolitan),2,1,1954,1.077220284,2.001191151,0.117413436,452
2,Oesophagus,250,France (metropolitan),2,1,1955,1.121699859,2.048019344,0.1143792164,467
2,Oesophagus,250,France (metropolitan),2,1,1956,1.096148133,2.046497999,0.1131816444,471
2,Oesophagus,250,France (metropolitan),2,1,1957,1.118341712,2.096778332,0.1173887208,487
2,Oesophagus,250,France (metropolitan),2,1,1958,1.090410016,2.094460555,0.1185093625,491
2,Oesophagus,250,France (metropolitan),2,1,1959,1.092727949,2.129781129,0.1101283461,504
2,Oesophagus,250,France (metropolitan),2,1,1960,1.118010921,2.189913622,0.11201514,523
2,Oesophagus,250,France (metropolitan),2,1,1961,1.133745754,2.294405358,0.1167077828,553
2,Oesophagus,250,France (metropolitan),2,1,1962,1.156734105,2.278052838,0.1158098654,554
2,Oesophagus,250,France (metropolitan),2,1,1963,1.085757671,2.175509028,0.1152693753,534
2,Oesophagus,250,France (metropolitan),2,1,1964,1.088184854,2.270369652,0.1086597166,563
2,Oesophagus,250,France (metropolitan),2,1,1965,1.142224394,2.341546621,0.1104531451,586
2,Oesophagus,250,France (metropolitan),2,1,1966,1.159848442,2.338118484,0.1219641878,590
2,Oesophagus,250,France (metropolitan),2,1,1967,1.171707203,2.418282166,0.1200606557,615
2,Oesophagus,250,France (metropolitan),2,1,1968,1.0179367,2.221511998,0.09545843282,569
2,Oesophagus,250,France (metropolitan),2,1,1969,1.100706691,2.329717516,0.105298729,601
2,Oesophagus,250,France (metropolitan),2,1,1970,1.189850255,2.400257197,0.122600814,624
2,Oesophagus,250,France (metropolitan),2,1,1971,1.093107659,2.319231939,0.1061047269,608
2,Oesophagus,250,France (metropolitan),2,1,1972,1.024782703,2.126558818,0.1023714692,562
2,Oesophagus,250,France (metropolitan),2,1,1973,1.206363421,2.479292228,0.1240677298,660
2,Oesophagus,250,France (metropolitan),2,1,1974,1.137839523,2.38583838,0.1180867066,639
2,Oesophagus,250,France (metropolitan),2,1,1975,1.095849627,2.258895758,0.1069492142,608
2,Oesophagus,250,France (metropolitan),2,1,1976,1.058079337,2.274225732,0.1025876924,615
2,Oesophagus,250,France (metropolitan),2,1,1977,1.096840538,2.339994893,0.1086328519,636
2,Oesophagus,250,France (metropolitan),2,1,1978,1.132921002,2.36508828,0.1165120701,646
2,Oesophagus,250,France (metropolitan),2,1,1979,1.09586804,2.215250014,0.1160791909,608
2,Oesophagus,250,France (metropolitan),2,1,1980,1.117349561,2.286181232,0.1161979891,631
2,Oesophagus,250,France (metropolitan),2,1,1981,0.9797542376,2.124821333,0.09762395654,590
2,Oesophagus,250,France (metropolitan),2,1,1982,1.025272606,2.086338372,0.1078482762,583
2,Oesophagus,250,France (metropolitan),2,1,1983,1.049428877,2.119436242,0.1126499949,596
2,Oesophagus,250,France (metropolitan),2,1,1984,1.068091548,2.212635627,0.1125666148,626
2,Oesophagus,250,France (metropolitan),2,1,1985,1.016928427,2.178181615,0.1056549341,620
2,Oesophagus,250,France (metropolitan),2,1,1986,1.009012519,2.17631342,0.1082811102,623
2,Oesophagus,250,France (metropolitan),2,1,1987,1.05159541,2.170940705,0.1142786656,625
2,Oesophagus,250,France (metropolitan),2,1,1988,1.04547344,2.172010489,0.1093072691,629
2,Oesophagus,250,France (metropolitan),2,1,1989,1.027155623,2.162632727,0.108733221,630
2,Oesophagus,250,France (metropolitan),2,1,1990,1.139487857,2.406643195,0.1204492203,705
2,Oesophagus,250,France (metropolitan),2,1,1991,1.008763125,2.190615583,0.1144281087,645
2,Oesophagus,250,France (metropolitan),2,1,1992,1.019373695,2.233402449,0.1103358112,661
2,Oesophagus,250,France (metropolitan),2,1,1993,1.053160915,2.115490975,0.1147608401,629
2,Oesophagus,250,France (metropolitan),2,1,1994,1.053699481,2.24478345,0.1126740389,670
2,Oesophagus,250,France (metropolitan),2,1,1995,1.034175242,2.223084085,0.1151110277,666
2,Oesophagus,250,France (metropolitan),2,1,1996,1.048741346,2.378162099,0.1136441205,715
2,Oesophagus,250,France (metropolitan),2,1,1997,1.059555583,2.346689966,0.1149319843,708
2,Oesophagus,250,France (metropolitan),2,1,1998,1.080791643,2.389143534,0.1173542906,723
2,Oesophagus,250,France (metropolitan),2,1,1999,1.056550151,2.298871026,0.1157583953,699
2,Oesophagus,250,France (metropolitan),2,1,2000,1.041989683,2.269241783,0.1179881175,695
2,Oesophagus,250,France (metropolitan),2,1,2001,0.9624764177,2.223116978,0.1090552025,686
2,Oesophagus,250,France (metropolitan),2,1,2002,1.049166087,2.390044022,0.1194487896,743
2,Oesophagus,250,France (metropolitan),2,1,2003,0.9760376022,2.15899321,0.109999477,676
2,Oesophagus,250,France (metropolitan),2,1,2004,0.9439160481,2.174548918,0.1066885549,686
2,Oesophagus,250,France (metropolitan),2,1,2005,0.9077749573,2.101065497,0.1024784063,668
2,Oesophagus,250,France (metropolitan),2,1,2006,0.9396071137,2.220868738,0.1062244171,711
2,Oesophagus,250,France (metropolitan),2,1,2007,1.005692605,2.393945386,0.1103678502,771
2,Oesophagus,250,France (metropolitan),2,1,2008,0.9366517624,2.365278624,0.1056839862,766
2,Oesophagus,250,France (metropolitan),2,1,2009,1.046259236,2.512869934,0.1199108805,818
2,Oesophagus,250,France (metropolitan),2,1,2010,1.000320743,2.455021777,0.1159337721,803
2,Oesophagus,250,France (metropolitan),2,1,2011,1.035060124,2.564462542,0.1182216267,843
2,Oesophagus,250,France (metropolitan),2,1,2012,0.8914039608,2.294226844,0.1012957117,758
2,Oesophagus,250,France (metropolitan),2,1,2013,0.9174727526,2.333931758,0.1050577222,775
2,Oesophagus,250,France (metropolitan),2,1,2014,0.9453278907,2.472319499,0.1089677437,825
2,Oesophagus,250,France (metropolitan),2,1,2015,0.9615001925,2.582071247,0.1151198868,865
2,Oesophagus,250,France (metropolitan),2,1,2016,0.9471803857,2.62908467,0.113915243,883
2,Oesophagus,250,France (metropolitan),2,1,2017,0.9896039695,2.642579211,0.1189894321,890
2,Oesophagus,250,France (metropolitan),2,1,2018,0.9009958374,2.488275739,0.1088711977,841
2,Oesophagus,250,France (metropolitan),2,1,2019,0.9473434555,2.590193495,0.1102663254,878
2,Oesophagus,250,France (metropolitan),2,1,2020,0.8750024127,2.607298461,0.1016875632,886
2,Oesophagus,250,France (metropolitan),2,1,2021,0.8739385684,2.568463156,0.100771825,875
2,Oesophagus,250,France (metropolitan),2,1,2022,0.9145105099,2.675610622,0.1083928514,914
2,Oesophagus,268,Georgia,1,1,2004,1.592868548,2.113645301,0.1866195915,43
2,Oesophagus,268,Georgia,1,1,2005,0.971768227,1.310488764,0.1469347391,27
2,Oesophagus,268,Georgia,1,1,2006,0.4119622105,0.6244895998,0.03730668694,13
2,Oesophagus,268,Georgia,1,1,2007,0.6623310546,1.010125304,0.07810227873,21
2,Oesophagus,268,Georgia,1,1,2008,0.8593393564,1.197949111,0.1159553671,25
2,Oesophagus,268,Georgia,1,1,2009,1.222313776,1.623027902,0.1709992564,34
2,Oesophagus,268,Georgia,1,1,2010,0.3628308527,0.5170873878,0.03584536933,11
2,Oesophagus,268,Georgia,1,1,2011,1.135227934,1.638883686,0.1472308788,35
2,Oesophagus,268,Georgia,1,1,2012,1.1342282,1.634521085,0.1509013773,35
2,Oesophagus,268,Georgia,1,1,2013,1.189614368,1.775617962,0.1821649691,38
2,Oesophagus,268,Georgia,1,1,2014,1.772931029,2.645353746,0.2293221533,47
2,Oesophagus,268,Georgia,1,1,2015,1.746943941,2.583649877,0.2536687423,46
2,Oesophagus,268,Georgia,1,1,2016,1.504418111,2.241320766,0.1756975139,40
2,Oesophagus,268,Georgia,1,1,2017,1.626278222,2.348228932,0.2052337557,42
2,Oesophagus,268,Georgia,1,1,2018,1.641427634,2.456412633,0.213550478,44
2,Oesophagus,268,Georgia,1,1,2019,1.817535928,2.904064238,0.1657655347,52
2,Oesophagus,268,Georgia,1,1,2020,2.285472442,3.624701729,0.2702724501,65
2,Oesophagus,268,Georgia,1,1,2021,1.846394402,2.804092629,0.2080886098,50
2,Oesophagus,268,Georgia,1,1,2022,1.552787539,2.410819309,0.1811585066,43
2,Oesophagus,268,Georgia,1,1,2023,1.524416991,2.354067436,0.1868251728,42
2,Oesophagus,268,Georgia,2,1,2004,0.3234525568,0.7443245255,0.03403944516,17
2,Oesophagus,268,Georgia,2,1,2005,0.3117986417,0.608404676,0.03262056293,14
2,Oesophagus,268,Georgia,2,1,2006,0.2423953235,0.3885507059,0.03766425231,9
2,Oesophagus,268,Georgia,2,1,2007,0.2804138181,0.5196042348,0.03393149288,12
2,Oesophagus,268,Georgia,2,1,2008,0.138776858,0.3459085504,0.01456487878,8
2,Oesophagus,268,Georgia,2,1,2009,0.171654351,0.4317696077,0.01857098045,10
2,Oesophagus,268,Georgia,2,1,2010,0.1210093227,0.2135018575,0.01090813989,5
2,Oesophagus,268,Georgia,2,1,2011,0.3189094793,0.553709856,0.04038155563,13
2,Oesophagus,268,Georgia,2,1,2012,0.170412463,0.3830765302,0.02761882637,9
2,Oesophagus,268,Georgia,2,1,2013,0.263888128,0.6390865323,0.02495205036,15
2,Oesophagus,268,Georgia,2,1,2014,0.4403810525,0.974209096,0.05736983151,19
2,Oesophagus,268,Georgia,2,1,2015,0.487580107,0.9769390956,0.0447436682,19
2,Oesophagus,268,Georgia,2,1,2016,0.3099539931,0.6691218291,0.03229747533,13
2,Oesophagus,268,Georgia,2,1,2017,0.4640321579,1.031235079,0.0557161401,20
2,Oesophagus,268,Georgia,2,1,2018,0.5725749045,1.446789161,0.05705019286,28
2,Oesophagus,268,Georgia,2,1,2019,0.6460767163,1.554743289,0.05092890551,30
2,Oesophagus,268,Georgia,2,1,2020,0.5224230937,1.192040898,0.05243191048,23
2,Oesophagus,268,Georgia,2,1,2021,0.4324326595,0.9867561741,0.03806098004,19
2,Oesophagus,268,Georgia,2,1,2022,0.1889863032,0.5185586972,0.01801086679,10
2,Oesophagus,268,Georgia,2,1,2023,0.1186745617,0.3624432194,0.01474817489,7
2,Oesophagus,276,Germany,1,0,2003,6.221571024,11.39685729,0.8104643073,347
2,Oesophagus,276,Germany,1,0,2004,7.322929757,13.26114979,0.9311003862,404
2,Oesophagus,276,Germany,1,0,2005,7.164055825,13.30777541,0.8916643842,406
2,Oesophagus,276,Germany,1,0,2006,6.919147869,12.85316512,0.8469146838,395
2,Oesophagus,276,Germany,1,0,2007,6.863513082,13.17161018,0.8674640204,406
2,Oesophagus,276,Germany,1,0,2008,7.079874161,13.87888511,0.9018139539,427
2,Oesophagus,276,Germany,1,0,2009,7.115425926,13.52993368,0.9259554364,416
2,Oesophagus,276,Germany,1,0,2010,8.138429408,16.19804857,1.003363286,499
2,Oesophagus,276,Germany,1,0,2011,7.219442119,14.85935129,0.9181029161,450
2,Oesophagus,276,Germany,1,0,2012,7.207646578,15.30079584,0.919622825,464
2,Oesophagus,276,Germany,1,0,2013,7.404994486,15.05177614,0.9335302698,459
2,Oesophagus,276,Germany,1,0,2014,7.703838138,16.26041693,1.005691773,499
2,Oesophagus,276,Germany,1,0,2015,8.451092764,18.25528929,1.098469785,568
2,Oesophagus,276,Germany,1,0,2016,7.567491473,16.08822057,0.9713569801,507
2,Oesophagus,276,Germany,1,0,2017,6.855136385,15.10541149,0.8291987756,479
2,Oesophagus,276,Germany,1,1,1991,5.110671617,7.449945677,0.5913044291,2880
2,Oesophagus,276,Germany,1,1,1992,5.099245397,7.375850937,0.6101583206,2881
2,Oesophagus,276,Germany,1,1,1993,5.190845111,7.617946299,0.6093180687,3004
2,Oesophagus,276,Germany,1,1,1994,5.12832107,7.623384105,0.6169517877,3017
2,Oesophagus,276,Germany,1,1,1995,5.194401337,7.860380711,0.6230155077,3123
2,Oesophagus,276,Germany,1,1,1996,5.217754454,7.979923585,0.6321098186,3183
2,Oesophagus,276,Germany,1,1,1997,5.208844938,8.069719173,0.6309326542,3227
2,Oesophagus,276,Germany,1,1,1998,4.807148476,7.613965688,0.5843404795,3045
2,Oesophagus,276,Germany,1,1,1999,4.904262876,7.937994252,0.6008533612,3179
2,Oesophagus,276,Germany,1,1,2000,4.860943846,7.946961956,0.5928519081,3188
2,Oesophagus,276,Germany,1,1,2001,4.931498423,8.283108749,0.611936685,3331
2,Oesophagus,276,Germany,1,1,2002,5.064970402,8.623078444,0.6260683174,3476
2,Oesophagus,276,Germany,1,1,2003,4.969395368,8.647011589,0.6068541604,3489
2,Oesophagus,276,Germany,1,1,2004,4.854721236,8.614602629,0.6021572298,3476
2,Oesophagus,276,Germany,1,1,2005,5.005643308,9.073338299,0.615079541,3661
2,Oesophagus,276,Germany,1,1,2006,4.837011188,9.033229412,0.5914818798,3642
2,Oesophagus,276,Germany,1,1,2007,4.828944644,9.24596993,0.5960944649,3725
2,Oesophagus,276,Germany,1,1,2008,4.654394338,9.083319137,0.5818554094,3655
2,Oesophagus,276,Germany,1,1,2009,4.68974677,9.408652721,0.581416421,3776
2,Oesophagus,276,Germany,1,1,2010,4.706048836,9.568609335,0.5831191677,3837
2,Oesophagus,276,Germany,1,1,2011,4.730648195,9.877225293,0.5947333344,3966
2,Oesophagus,276,Germany,1,1,2012,4.782731855,10.11070075,0.5948962201,4072
2,Oesophagus,276,Germany,1,1,2013,5.040843023,10.75271078,0.6322116049,4244
2,Oesophagus,276,Germany,1,1,2014,4.666755067,10.34603286,0.5886741732,4107
2,Oesophagus,276,Germany,1,1,2015,4.823875307,10.62605987,0.6053944925,4269
2,Oesophagus,276,Germany,1,1,2016,4.854574402,10.91966723,0.6087670965,4434
2,Oesophagus,276,Germany,1,1,2017,4.589014877,10.46348454,0.5794053799,4266
2,Oesophagus,276,Germany,1,1,2018,4.582064425,10.45834491,0.5768754505,4278
2,Oesophagus,276,Germany,1,1,2019,4.703200997,10.99942105,0.5970370957,4510
2,Oesophagus,276,Germany,1,1,2020,4.690340992,11.10351001,0.5845980497,4556
2,Oesophagus,276,Germany,2,0,2003,1.647376418,3.758236673,0.1847436495,121
2,Oesophagus,276,Germany,2,0,2004,1.638159432,3.820397818,0.2011962352,123
2,Oesophagus,276,Germany,2,0,2005,2.188520292,4.970177383,0.2515252876,160
2,Oesophagus,276,Germany,2,0,2006,1.521546696,3.7555503,0.172246702,121
2,Oesophagus,276,Germany,2,0,2007,1.782211014,4.36713142,0.2161615004,141
2,Oesophagus,276,Germany,2,0,2008,1.933279071,4.564960789,0.2347116652,147
2,Oesophagus,276,Germany,2,0,2009,1.710903966,4.318270853,0.2018655938,139
2,Oesophagus,276,Germany,2,0,2010,1.732616423,4.067844189,0.2160983301,131
2,Oesophagus,276,Germany,2,0,2011,1.80375728,4.279777489,0.2291526883,137
2,Oesophagus,276,Germany,2,0,2012,1.745051485,4.374285078,0.2109811801,140
2,Oesophagus,276,Germany,2,0,2013,1.818461097,4.514821693,0.2068747578,145
2,Oesophagus,276,Germany,2,0,2014,1.783024115,4.314654398,0.2239127297,139
2,Oesophagus,276,Germany,2,0,2015,2.113239522,5.247187276,0.2837376151,170
2,Oesophagus,276,Germany,2,0,2016,2.238879649,5.541855707,0.2957143795,181
2,Oesophagus,276,Germany,2,0,2017,2.098898188,4.994945663,0.2738983644,164
2,Oesophagus,276,Germany,2,1,1991,0.8714704598,1.960006195,0.09236534963,810
2,Oesophagus,276,Germany,2,1,1992,0.8331326066,1.993547455,0.09091156143,828
2,Oesophagus,276,Germany,2,1,1993,0.9422787213,2.158306125,0.1030034656,901
2,Oesophagus,276,Germany,2,1,1994,0.9117177051,2.141174109,0.09745529559,896
2,Oesophagus,276,Germany,2,1,1995,0.9641327952,2.265675493,0.1081818815,950
2,Oesophagus,276,Germany,2,1,1996,0.9870592097,2.282893061,0.112542059,959
2,Oesophagus,276,Germany,2,1,1997,0.9667918315,2.210985029,0.1083436551,930
2,Oesophagus,276,Germany,2,1,1998,0.9167234012,2.19092704,0.09912176447,921
2,Oesophagus,276,Germany,2,1,1999,0.9360416721,2.283610102,0.1040012015,960
2,Oesophagus,276,Germany,2,1,2000,0.9246330649,2.227152699,0.1065341822,937
2,Oesophagus,276,Germany,2,1,2001,0.9704535349,2.290779054,0.1096936043,965
2,Oesophagus,276,Germany,2,1,2002,1.038087571,2.48269706,0.1179061241,1047
2,Oesophagus,276,Germany,2,1,2003,0.9966388443,2.359442665,0.1149917347,995
2,Oesophagus,276,Germany,2,1,2004,1.044734256,2.540853954,0.1166599922,1071
2,Oesophagus,276,Germany,2,1,2005,1.041183116,2.680732288,0.117620862,1129
2,Oesophagus,276,Germany,2,1,2006,1.002144452,2.554223562,0.1150392041,1074
2,Oesophagus,276,Germany,2,1,2007,1.038602255,2.668266419,0.1178704183,1120
2,Oesophagus,276,Germany,2,1,2008,1.081351024,2.710047742,0.1279230659,1135
2,Oesophagus,276,Germany,2,1,2009,1.049091848,2.781404597,0.1229290284,1161
2,Oesophagus,276,Germany,2,1,2010,1.04391732,2.741396528,0.1260862933,1142
2,Oesophagus,276,Germany,2,1,2011,1.036570641,2.815532215,0.1229728717,1172
2,Oesophagus,276,Germany,2,1,2012,1.068609235,2.85280766,0.1277820912,1188
2,Oesophagus,276,Germany,2,1,2013,1.024264584,2.894854231,0.1220148269,1192
2,Oesophagus,276,Germany,2,1,2014,1.058309267,2.993737349,0.1240919708,1236
2,Oesophagus,276,Germany,2,1,2015,1.004365315,2.982281179,0.1253928089,1238
2,Oesophagus,276,Germany,2,1,2016,1.029865047,2.982531564,0.1276193352,1245
2,Oesophagus,276,Germany,2,1,2017,1.022888198,2.943657043,0.1270400647,1233
2,Oesophagus,276,Germany,2,1,2018,1.07739546,3.233282525,0.1282265992,1358
2,Oesophagus,276,Germany,2,1,2019,1.034605415,3.164585833,0.1252909458,1332
2,Oesophagus,276,Germany,2,1,2020,1.102435289,3.31839423,0.1321438726,1398
2,Oesophagus,300,Greece,1,1,1962,1.734590814,1.635667756,0.2248510207,68
2,Oesophagus,300,Greece,1,1,1963,1.94856478,1.896987572,0.2609147504,79
2,Oesophagus,300,Greece,1,1,1964,2.245013406,2.181329355,0.265370322,91
2,Oesophagus,300,Greece,1,1,1965,1.472379049,1.656250094,0.1601208392,69
2,Oesophagus,300,Greece,1,1,1966,1.863051484,2.133255098,0.2422940154,89
2,Oesophagus,300,Greece,1,1,1967,1.573968359,1.828177872,0.1719710409,77
2,Oesophagus,300,Greece,1,1,1968,1.978021526,2.379481893,0.2429829383,101
2,Oesophagus,300,Greece,1,1,1969,1.929485892,2.325494811,0.230597426,99
2,Oesophagus,300,Greece,1,1,1970,2.066476546,2.645900949,0.246961981,113
2,Oesophagus,300,Greece,1,1,1971,1.600149215,2.025363841,0.1516746565,87
2,Oesophagus,300,Greece,1,1,1972,1.987383431,2.611940126,0.239278022,113
2,Oesophagus,300,Greece,1,1,1973,1.887431335,2.529326971,0.2017960755,110
2,Oesophagus,300,Greece,1,1,1974,2.111917229,2.839143083,0.2544559451,124
2,Oesophagus,300,Greece,1,1,1975,2.024702325,2.81060118,0.2614371767,124
2,Oesophagus,300,Greece,1,1,1976,2.354240833,3.414608073,0.2542883389,153
2,Oesophagus,300,Greece,1,1,1977,2.250421274,3.173081341,0.2620485873,144
2,Oesophagus,300,Greece,1,1,1978,1.992696581,2.874120699,0.2283301227,132
2,Oesophagus,300,Greece,1,1,1979,2.11003463,3.100794424,0.2578302754,145
2,Oesophagus,300,Greece,1,1,1980,1.74945244,2.589896246,0.1887100198,123
2,Oesophagus,300,Greece,1,1,1981,2.012876877,3.003873746,0.2346617892,144
2,Oesophagus,300,Greece,1,1,1982,1.83124188,2.937067132,0.2178691055,142
2,Oesophagus,300,Greece,1,1,1983,2.030858103,3.140837945,0.2510773831,153
2,Oesophagus,300,Greece,1,1,1984,1.907648286,2.895187485,0.2014493895,142
2,Oesophagus,300,Greece,1,1,1985,1.869325129,2.878246135,0.2319722375,142
2,Oesophagus,300,Greece,1,1,1986,1.551617708,2.500431778,0.1885084442,124
2,Oesophagus,300,Greece,1,1,1987,1.54451492,2.589552081,0.1846476344,129
2,Oesophagus,300,Greece,1,1,1988,1.797559776,2.998693469,0.2069066859,150
2,Oesophagus,300,Greece,1,1,1989,1.44490975,2.349632014,0.1653054566,118
2,Oesophagus,300,Greece,1,1,1990,1.523223368,2.618360299,0.1788527296,132
2,Oesophagus,300,Greece,1,1,1991,1.457884897,2.566353818,0.1556643575,130
2,Oesophagus,300,Greece,1,1,1992,1.44893737,2.532372903,0.1740488149,129
2,Oesophagus,300,Greece,1,1,1993,1.524288091,2.694013638,0.1781311183,138
2,Oesophagus,300,Greece,1,1,1994,1.340442603,2.426646834,0.1575610813,125
2,Oesophagus,300,Greece,1,1,1995,1.411752752,2.490529713,0.1609422927,129
2,Oesophagus,300,Greece,1,1,1996,1.319268736,2.420025829,0.1427172103,126
2,Oesophagus,300,Greece,1,1,1997,1.779534855,3.095100399,0.2153467926,162
2,Oesophagus,300,Greece,1,1,1998,1.318554022,2.394293828,0.1474379982,126
2,Oesophagus,300,Greece,1,1,1999,1.287666918,2.343752732,0.1489637509,124
2,Oesophagus,300,Greece,1,1,2000,1.454097992,2.688219798,0.1703145383,143
2,Oesophagus,300,Greece,1,1,2001,1.405807011,2.485545293,0.1652232624,133
2,Oesophagus,300,Greece,1,1,2002,1.555897749,2.809455212,0.1807960833,151
2,Oesophagus,300,Greece,1,1,2003,1.587565067,3.025473466,0.1777355698,163
2,Oesophagus,300,Greece,1,1,2004,1.596446999,2.981628906,0.176611179,161
2,Oesophagus,300,Greece,1,1,2005,1.47520772,2.900069962,0.1732434207,157
2,Oesophagus,300,Greece,1,1,2006,1.434660155,2.74617197,0.1623405465,149
2,Oesophagus,300,Greece,1,1,2007,1.490195835,2.944937491,0.149038704,160
2,Oesophagus,300,Greece,1,1,2008,1.362189682,2.794064488,0.1634523202,152
2,Oesophagus,300,Greece,1,1,2009,1.429038113,2.88244199,0.1664506097,157
2,Oesophagus,300,Greece,1,1,2010,1.541253154,3.084993499,0.1720734209,168
2,Oesophagus,300,Greece,1,1,2011,1.264310792,2.561461957,0.1336603061,139
2,Oesophagus,300,Greece,1,1,2012,1.602743786,3.289049472,0.1739050084,177
2,Oesophagus,300,Greece,1,1,2013,1.549153299,3.249103609,0.1766225255,173
2,Oesophagus,300,Greece,1,1,2014,1.531681754,3.128802265,0.1926305291,165
2,Oesophagus,300,Greece,1,1,2015,1.350981808,3.022655954,0.1556100253,158
2,Oesophagus,300,Greece,1,1,2016,1.385332285,2.979422761,0.1682974081,155
2,Oesophagus,300,Greece,1,1,2017,1.599293041,3.56150243,0.1883424993,185
2,Oesophagus,300,Greece,1,1,2018,1.63327326,3.566512224,0.2041785079,185
2,Oesophagus,300,Greece,1,1,2019,1.555786488,3.526580298,0.2039624501,183
2,Oesophagus,300,Greece,1,1,2020,1.743312469,3.683579019,0.2228574555,191
2,Oesophagus,300,Greece,1,1,2021,1.669140162,3.902036258,0.2141368049,200
2,Oesophagus,300,Greece,2,1,1962,0.7375455618,0.8804341467,0.08710514209,38
2,Oesophagus,300,Greece,2,1,1963,0.6976831037,0.8557134193,0.08716770266,37
2,Oesophagus,300,Greece,2,1,1964,1.015994442,1.177221729,0.1341123202,51
2,Oesophagus,300,Greece,2,1,1965,0.4768213063,0.5969703068,0.05022989134,26
2,Oesophagus,300,Greece,2,1,1966,0.6292411394,0.8847623171,0.06664275374,39
2,Oesophagus,300,Greece,2,1,1967,0.4886273936,0.6976776898,0.06222360505,31
2,Oesophagus,300,Greece,2,1,1968,0.6845148064,0.9389051092,0.07072535766,42
2,Oesophagus,300,Greece,2,1,1969,0.7954647706,1.091334934,0.1117978748,49
2,Oesophagus,300,Greece,2,1,1970,0.6855684376,1.005133103,0.06365667874,45
2,Oesophagus,300,Greece,2,1,1971,0.8151066776,1.202267476,0.1120074815,54
2,Oesophagus,300,Greece,2,1,1972,0.4845809391,0.7516981746,0.05193402784,34
2,Oesophagus,300,Greece,2,1,1973,0.801646609,1.166266212,0.09377179863,53
2,Oesophagus,300,Greece,2,1,1974,0.6100407768,0.9864961826,0.0818626973,45
2,Oesophagus,300,Greece,2,1,1975,0.6877178349,1.129183108,0.0609443334,52
2,Oesophagus,300,Greece,2,1,1976,0.6982132685,1.260829106,0.06976736637,59
2,Oesophagus,300,Greece,2,1,1977,0.6494612437,1.138317005,0.08055173259,54
2,Oesophagus,300,Greece,2,1,1978,0.6235784612,1.063107411,0.06909098038,51
2,Oesophagus,300,Greece,2,1,1979,0.6785604329,1.257788365,0.0851541766,61
2,Oesophagus,300,Greece,2,1,1980,0.5272423557,0.9175829072,0.05098715851,45
2,Oesophagus,300,Greece,2,1,1981,0.5555609199,0.9877853288,0.0465502768,49
2,Oesophagus,300,Greece,2,1,1982,0.7742938946,1.419229358,0.08626622725,71
2,Oesophagus,300,Greece,2,1,1983,0.4387239969,0.8531438798,0.04583280744,43
2,Oesophagus,300,Greece,2,1,1984,0.5276695962,1.005106136,0.06279120294,51
2,Oesophagus,300,Greece,2,1,1985,0.3963410637,0.7249959194,0.03827262957,37
2,Oesophagus,300,Greece,2,1,1986,0.4946214326,1.052709763,0.05492009993,54
2,Oesophagus,300,Greece,2,1,1987,0.5674380494,1.183781495,0.0600558129,61
2,Oesophagus,300,Greece,2,1,1988,0.467651213,0.9275670612,0.04899768326,48
2,Oesophagus,300,Greece,2,1,1989,0.5032888623,1.19323107,0.05107974211,62
2,Oesophagus,300,Greece,2,1,1990,0.4071326273,0.9583750865,0.03944097833,50
2,Oesophagus,300,Greece,2,1,1991,0.4038527068,0.9730797488,0.03942778321,51
2,Oesophagus,300,Greece,2,1,1992,0.464112698,1.19638623,0.04840517526,63
2,Oesophagus,300,Greece,2,1,1993,0.3580633609,0.8317136969,0.03285365706,44
2,Oesophagus,300,Greece,2,1,1994,0.4473697781,0.9595270548,0.05591091717,51
2,Oesophagus,300,Greece,2,1,1995,0.4638523505,1.198588624,0.03570930662,64
2,Oesophagus,300,Greece,2,1,1996,0.2987907799,0.7457783353,0.0316783123,40
2,Oesophagus,300,Greece,2,1,1997,0.3322084902,0.816592264,0.03199386166,44
2,Oesophagus,300,Greece,2,1,1998,0.3726278711,0.9052453797,0.04044187955,49
2,Oesophagus,300,Greece,2,1,1999,0.3095586708,0.8092266552,0.03567601346,44
2,Oesophagus,300,Greece,2,1,2000,0.3022086649,0.7870946497,0.02779895801,43
2,Oesophagus,300,Greece,2,1,2001,0.3417738623,0.8375476241,0.03563049613,46
2,Oesophagus,300,Greece,2,1,2002,0.2563062727,0.7070881782,0.02483722241,39
2,Oesophagus,300,Greece,2,1,2003,0.2149306283,0.6689707587,0.01783105099,37
2,Oesophagus,300,Greece,2,1,2004,0.3771422973,1.045491027,0.03504743838,58
2,Oesophagus,300,Greece,2,1,2005,0.1886600967,0.5927074355,0.0145525027,33
2,Oesophagus,300,Greece,2,1,2006,0.1834733521,0.5724130196,0.0195616673,32
2,Oesophagus,300,Greece,2,1,2007,0.3465612476,0.9977401186,0.03503191489,56
2,Oesophagus,300,Greece,2,1,2008,0.2221067688,0.7451077688,0.0176471253,42
2,Oesophagus,300,Greece,2,1,2009,0.3447852647,0.9008533996,0.03221505057,51
2,Oesophagus,300,Greece,2,1,2010,0.2823460781,0.8452261495,0.02909001961,48
2,Oesophagus,300,Greece,2,1,2011,0.3306535669,0.8799323508,0.03660972355,50
2,Oesophagus,300,Greece,2,1,2012,0.1921054595,0.5117523486,0.01955543308,29
2,Oesophagus,300,Greece,2,1,2013,0.3262145655,1.045544077,0.03432487313,59
2,Oesophagus,300,Greece,2,1,2014,0.2832274946,0.9253355632,0.03173657025,52
2,Oesophagus,300,Greece,2,1,2015,0.2038629419,0.5184393224,0.02195999911,29
2,Oesophagus,300,Greece,2,1,2016,0.3664718157,1.004817021,0.03330727293,56
2,Oesophagus,300,Greece,2,1,2017,0.2836194067,0.9533923363,0.02511195917,53
2,Oesophagus,300,Greece,2,1,2018,0.2575293584,0.7215393754,0.02846313409,40
2,Oesophagus,300,Greece,2,1,2019,0.258741759,0.7053190551,0.03039889414,39
2,Oesophagus,300,Greece,2,1,2020,0.268903131,0.8704807203,0.0286333258,48
2,Oesophagus,300,Greece,2,1,2021,0.2658106831,0.7334023709,0.02756556554,40
2,Oesophagus,32,Argentina,1,0,2003,6.786921931,7.432581361,0.7966315292,58
2,Oesophagus,32,Argentina,1,0,2004,7.334419079,7.991627818,0.6781027189,63
2,Oesophagus,32,Argentina,1,0,2005,5.286275159,6.399486033,0.412836065,51
2,Oesophagus,32,Argentina,1,0,2006,6.474672493,7.661320218,0.8408677477,62
2,Oesophagus,32,Argentina,1,0,2007,6.41271421,7.323896899,0.8233125679,60
2,Oesophagus,32,Argentina,1,0,2008,5.849801563,6.631115848,0.7247140876,55
2,Oesophagus,32,Argentina,1,0,2009,4.788550165,5.710213788,0.5169365484,48
2,Oesophagus,32,Argentina,1,0,2010,6.237675754,7.39863865,0.7571626807,63
2,Oesophagus,32,Argentina,1,0,2011,5.615212614,6.599065525,0.6417086303,56
2,Oesophagus,32,Argentina,1,0,2012,3.906366016,4.772697377,0.4919461949,41
2,Oesophagus,32,Argentina,1,0,2013,3.780674334,4.603097885,0.4309099126,40
2,Oesophagus,32,Argentina,1,0,2014,4.968368562,5.798815222,0.6720533854,51
2,Oesophagus,32,Argentina,1,0,2015,4.892168405,5.725827186,0.5775977784,51
2,Oesophagus,32,Argentina,1,0,2016,4.936712602,5.88014707,0.5755154091,53
2,Oesophagus,32,Argentina,1,0,2017,4.337823726,5.600524473,0.4071524879,51
2,Oesophagus,32,Argentina,1,1,1977,12.66423803,11.2489077,1.307163196,1482
2,Oesophagus,32,Argentina,1,1,1978,13.12837664,11.58376311,1.382214417,1550
2,Oesophagus,32,Argentina,1,1,1979,11.90891657,10.70515992,1.281964295,1455
2,Oesophagus,32,Argentina,1,1,1980,10.21781558,10.36517879,1.162700779,1431
2,Oesophagus,32,Argentina,1,1,1981,10.26098167,10.37451685,1.21113149,1455
2,Oesophagus,32,Argentina,1,1,1982,10.65220238,9.622831674,1.13705237,1371
2,Oesophagus,32,Argentina,1,1,1983,10.2511552,9.230007681,1.046160431,1336
2,Oesophagus,32,Argentina,1,1,1984,10.48694181,9.717627109,1.152747361,1429
2,Oesophagus,32,Argentina,1,1,1985,9.979229874,9.192190254,1.084669619,1373
2,Oesophagus,32,Argentina,1,1,1986,10.02996992,9.354597077,1.10370506,1419
2,Oesophagus,32,Argentina,1,1,1987,10.38936802,9.770171802,1.14013006,1505
2,Oesophagus,32,Argentina,1,1,1988,10.31487463,9.812063193,1.116540245,1535
2,Oesophagus,32,Argentina,1,1,1989,8.979144837,8.718820616,0.9982603288,1385
2,Oesophagus,32,Argentina,1,1,1990,8.929982763,8.632590796,0.9577073113,1392
2,Oesophagus,32,Argentina,1,1,1991,8.765681389,8.477689115,0.9759781126,1387
2,Oesophagus,32,Argentina,1,1,1992,8.520163596,8.378347866,0.9492299392,1390
2,Oesophagus,32,Argentina,1,1,1993,8.071077055,7.878527964,0.8827898546,1325
2,Oesophagus,32,Argentina,1,1,1994,8.173352148,8.206277304,0.90639529,1399
2,Oesophagus,32,Argentina,1,1,1995,7.514535693,7.663512973,0.853701352,1324
2,Oesophagus,32,Argentina,1,1,1996,7.62390373,7.74947081,0.8513475585,1356
2,Oesophagus,32,Argentina,1,1,1997,7.260252466,7.395358848,0.8204815071,1310
2,Oesophagus,32,Argentina,1,1,1998,7.160531003,7.447798464,0.8395269568,1335
2,Oesophagus,32,Argentina,1,1,1999,7.100457033,7.488420244,0.8352877771,1358
2,Oesophagus,32,Argentina,1,1,2000,7.231662942,7.610201759,0.8331417066,1396
2,Oesophagus,32,Argentina,1,1,2001,6.773423873,7.28926241,0.7911852468,1352
2,Oesophagus,32,Argentina,1,1,2002,6.55165988,7.195447229,0.7587714285,1349
2,Oesophagus,32,Argentina,1,1,2003,6.398648659,7.015491435,0.733657294,1329
2,Oesophagus,32,Argentina,1,1,2004,5.983929519,6.604013009,0.715803547,1264
2,Oesophagus,32,Argentina,1,1,2005,6.143898213,6.92276109,0.7174763999,1339
2,Oesophagus,32,Argentina,1,1,2006,6.035450306,6.890794137,0.7114018273,1347
2,Oesophagus,32,Argentina,1,1,2007,5.849722129,6.8201582,0.6559968597,1347
2,Oesophagus,32,Argentina,1,1,2008,5.384422767,6.232540807,0.6248725079,1244
2,Oesophagus,32,Argentina,1,1,2009,4.993685561,5.901496297,0.5671658224,1191
2,Oesophagus,32,Argentina,1,1,2010,4.890215304,5.753498135,0.5802065843,1174
2,Oesophagus,32,Argentina,1,1,2011,5.097024625,6.1895195,0.5656162558,1277
2,Oesophagus,32,Argentina,1,1,2012,4.725391769,5.754180544,0.5402942809,1200
2,Oesophagus,32,Argentina,1,1,2013,4.708726125,5.75078476,0.5485863716,1212
2,Oesophagus,32,Argentina,1,1,2014,4.523257942,5.632295319,0.5454656285,1200
2,Oesophagus,32,Argentina,1,1,2015,4.299148586,5.385904216,0.4904141532,1160
2,Oesophagus,32,Argentina,1,1,2016,4.305512533,5.470533831,0.5065999521,1190
2,Oesophagus,32,Argentina,1,1,2017,4.13241563,5.329530569,0.489357381,1170
2,Oesophagus,32,Argentina,1,1,2018,3.974994323,5.18001676,0.4564702467,1147
2,Oesophagus,32,Argentina,1,1,2019,3.927959435,5.177581288,0.4716374523,1155
2,Oesophagus,32,Argentina,1,1,2020,3.420817814,4.527311946,0.4099863271,1015
2,Oesophagus,32,Argentina,1,1,2021,3.397813056,4.586683536,0.4118363188,1031
2,Oesophagus,32,Argentina,1,1,2022,3.368166298,4.563386661,0.3998625905,1028
2,Oesophagus,32,Argentina,2,0,2003,2.529555479,3.652914661,0.2649323223,30
2,Oesophagus,32,Argentina,2,0,2004,2.403943321,3.494279022,0.2734610239,29
2,Oesophagus,32,Argentina,2,0,2005,1.653246081,2.268740694,0.2241477849,19
2,Oesophagus,32,Argentina,2,0,2006,2.076280227,3.430787413,0.2209032473,29
2,Oesophagus,32,Argentina,2,0,2007,1.869615132,2.921912474,0.153084278,25
2,Oesophagus,32,Argentina,2,0,2008,1.598137101,2.540002147,0.1958510171,22
2,Oesophagus,32,Argentina,2,0,2009,1.368862538,2.392614341,0.1727795302,21
2,Oesophagus,32,Argentina,2,0,2010,2.393568073,3.03724677,0.3324073692,27
2,Oesophagus,32,Argentina,2,0,2011,1.312464555,2.34913781,0.12091957,21
2,Oesophagus,32,Argentina,2,0,2012,2.716353385,4.531077667,0.2824995649,41
2,Oesophagus,32,Argentina,2,0,2013,1.924511858,3.168574731,0.1867847525,29
2,Oesophagus,32,Argentina,2,0,2014,1.955581825,3.346926172,0.171736089,31
2,Oesophagus,32,Argentina,2,0,2015,1.417268161,1.812480742,0.1744134191,17
2,Oesophagus,32,Argentina,2,0,2016,1.548924092,2.42346334,0.1576819699,23
2,Oesophagus,32,Argentina,2,0,2017,1.228561271,2.086043016,0.1632988348,20
2,Oesophagus,32,Argentina,2,1,1977,3.645419497,4.073276846,0.3471931156,551
2,Oesophagus,32,Argentina,2,1,1978,3.490736521,3.9196126,0.3402828124,539
2,Oesophagus,32,Argentina,2,1,1979,3.179886597,3.655922987,0.3016131978,511
2,Oesophagus,32,Argentina,2,1,1980,2.636885127,3.47746352,0.2871153966,494
2,Oesophagus,32,Argentina,2,1,1981,2.766054622,3.677486638,0.2925095235,531
2,Oesophagus,32,Argentina,2,1,1982,2.59861968,3.14099112,0.2481731237,461
2,Oesophagus,32,Argentina,2,1,1983,2.61752297,3.237958907,0.2418301742,483
2,Oesophagus,32,Argentina,2,1,1984,2.496016638,3.140285596,0.2437433559,476
2,Oesophagus,32,Argentina,2,1,1985,2.645930873,3.227304581,0.2392619757,497
2,Oesophagus,32,Argentina,2,1,1986,2.416433717,3.113220046,0.2090658467,487
2,Oesophagus,32,Argentina,2,1,1987,2.59084473,3.291847764,0.2332840969,523
2,Oesophagus,32,Argentina,2,1,1988,2.550182434,3.327854355,0.2352797516,537
2,Oesophagus,32,Argentina,2,1,1989,2.36658785,3.228410599,0.2226968494,529
2,Oesophagus,32,Argentina,2,1,1990,2.222423359,3.024479281,0.205846368,503
2,Oesophagus,32,Argentina,2,1,1991,2.308844489,3.135799038,0.2261902159,529
2,Oesophagus,32,Argentina,2,1,1992,2.145396294,3.057917215,0.2032882052,523
2,Oesophagus,32,Argentina,2,1,1993,2.20863748,3.201642194,0.2247330564,555
2,Oesophagus,32,Argentina,2,1,1994,2.118751311,3.085582238,0.2142406016,542
2,Oesophagus,32,Argentina,2,1,1995,1.877535299,2.680777108,0.1929405137,477
2,Oesophagus,32,Argentina,2,1,1996,1.90090052,2.903003573,0.193671992,523
2,Oesophagus,32,Argentina,2,1,1997,1.935395706,2.956019638,0.2017829147,539
2,Oesophagus,32,Argentina,2,1,1998,1.876951923,2.927130707,0.1983929046,540
2,Oesophagus,32,Argentina,2,1,1999,1.880407052,2.963555873,0.1922885558,553
2,Oesophagus,32,Argentina,2,1,2000,1.965823676,3.084230249,0.2086814582,582
2,Oesophagus,32,Argentina,2,1,2001,1.798192483,2.982649967,0.1803918869,569
2,Oesophagus,32,Argentina,2,1,2002,1.802737157,2.857678829,0.1921728133,551
2,Oesophagus,32,Argentina,2,1,2003,1.765657367,2.900337499,0.1844454539,565
2,Oesophagus,32,Argentina,2,1,2004,1.753213834,2.917253972,0.1856405226,574
2,Oesophagus,32,Argentina,2,1,2005,1.685248273,2.842796474,0.1781223141,565
2,Oesophagus,32,Argentina,2,1,2006,1.773695668,2.954026456,0.1886978962,593
2,Oesophagus,32,Argentina,2,1,2007,1.714345748,2.906275621,0.1780854393,589
2,Oesophagus,32,Argentina,2,1,2008,1.509994291,2.633843343,0.1597190708,539
2,Oesophagus,32,Argentina,2,1,2009,1.57981864,2.728129093,0.1635116969,564
2,Oesophagus,32,Argentina,2,1,2010,1.611976467,2.767706667,0.1760932774,578
2,Oesophagus,32,Argentina,2,1,2011,1.44245624,2.568840847,0.1517696295,542
2,Oesophagus,32,Argentina,2,1,2012,1.592453307,2.895718671,0.1580910623,617
2,Oesophagus,32,Argentina,2,1,2013,1.591768938,2.720035657,0.1675386293,585
2,Oesophagus,32,Argentina,2,1,2014,1.429985489,2.6106931,0.1507591572,567
2,Oesophagus,32,Argentina,2,1,2015,1.481544751,2.598076238,0.1592662175,570
2,Oesophagus,32,Argentina,2,1,2016,1.404281552,2.496906071,0.1523129755,553
2,Oesophagus,32,Argentina,2,1,2017,1.37193645,2.435558328,0.1535747546,544
2,Oesophagus,32,Argentina,2,1,2018,1.331907389,2.40315251,0.150366361,541
2,Oesophagus,32,Argentina,2,1,2019,1.337085561,2.38244908,0.1451186819,540
2,Oesophagus,32,Argentina,2,1,2020,1.21763968,2.200023888,0.134253535,501
2,Oesophagus,32,Argentina,2,1,2021,1.214672481,2.176562915,0.136645259,497
2,Oesophagus,32,Argentina,2,1,2022,1.219900978,2.202722591,0.1402948533,504
2,Oesophagus,320,Guatemala,1,1,1984,1.021187808,0.4174929548,0.09332902376,16
2,Oesophagus,320,Guatemala,1,1,1985,0.8732341748,0.3807498945,0.104680679,15
2,Oesophagus,320,Guatemala,1,1,1986,1.155979592,0.5930630893,0.154121232,24
2,Oesophagus,320,Guatemala,1,1,1987,1.164392287,0.5533673486,0.1304532661,23
2,Oesophagus,320,Guatemala,1,1,1988,1.025275256,0.4916827185,0.09198564634,21
2,Oesophagus,320,Guatemala,1,1,1989,0.8917988133,0.4556157373,0.0776278258,20
2,Oesophagus,320,Guatemala,1,1,1990,0.5696167985,0.2660073821,0.09407698291,12
2,Oesophagus,320,Guatemala,1,1,1991,1.409665925,0.66934491,0.1548775668,31
2,Oesophagus,320,Guatemala,1,1,1992,1.328030915,0.6523271139,0.1376192466,31
2,Oesophagus,320,Guatemala,1,1,1993,1.019572532,0.5331117775,0.06904589059,26
2,Oesophagus,320,Guatemala,1,1,1994,1.055511705,0.5593328278,0.1375556402,28
2,Oesophagus,320,Guatemala,1,1,1995,1.473372041,0.7589713331,0.1442471776,39
2,Oesophagus,320,Guatemala,1,1,1996,1.13414326,0.5690727188,0.09583837492,30
2,Oesophagus,320,Guatemala,1,1,1997,1.602553515,0.7953011389,0.1628279262,43
2,Oesophagus,320,Guatemala,1,1,1998,1.59348026,0.79345658,0.2027209952,44
2,Oesophagus,320,Guatemala,1,1,1999,1.351503636,0.6859808383,0.1465726177,39
2,Oesophagus,320,Guatemala,1,1,2000,1.857174383,0.8933627273,0.1975487896,52
2,Oesophagus,320,Guatemala,1,1,2001,1.459187838,0.806081211,0.1480591298,48
2,Oesophagus,320,Guatemala,1,1,2002,1.959120933,0.9521439326,0.1704113158,58
2,Oesophagus,320,Guatemala,1,1,2003,1.269391099,0.690329226,0.1620350374,43
2,Oesophagus,320,Guatemala,1,1,2004,1.957572294,0.9737067761,0.2038844575,62
2,Oesophagus,320,Guatemala,1,1,2005,1.765809486,0.8608595744,0.2055634874,56
2,Oesophagus,320,Guatemala,1,1,2006,1.747190747,0.9333655294,0.2197744218,62
2,Oesophagus,320,Guatemala,1,1,2007,1.660631575,0.8698818877,0.1806718356,59
2,Oesophagus,320,Guatemala,1,1,2008,1.732530642,0.8957220603,0.1596259621,62
2,Oesophagus,320,Guatemala,1,1,2009,2.037568048,1.090693734,0.171183147,77
2,Oesophagus,320,Guatemala,1,1,2010,1.361654907,0.7639006657,0.1470832879,55
2,Oesophagus,320,Guatemala,1,1,2011,1.634691914,0.9259126878,0.1406087922,68
2,Oesophagus,320,Guatemala,1,1,2012,1.975923398,1.107952778,0.2222876894,83
2,Oesophagus,320,Guatemala,1,1,2013,1.781755176,1.00802994,0.167287203,77
2,Oesophagus,320,Guatemala,1,1,2014,1.71975515,0.9506150351,0.165319156,74
2,Oesophagus,320,Guatemala,1,1,2015,1.327066675,0.7820308483,0.1517671989,62
2,Oesophagus,320,Guatemala,1,1,2016,1.417067376,0.8296929009,0.1250233233,67
2,Oesophagus,320,Guatemala,1,1,2017,1.294550951,0.7904292396,0.1163014047,65
2,Oesophagus,320,Guatemala,1,1,2018,1.093866267,0.6577648362,0.09097766946,55
2,Oesophagus,320,Guatemala,1,1,2019,1.31314722,0.8009536059,0.1382724654,68
2,Oesophagus,320,Guatemala,1,1,2020,1.079528386,0.638495769,0.1154587366,55
2,Oesophagus,320,Guatemala,1,1,2021,1.296097096,0.8018303726,0.1115128862,70
2,Oesophagus,320,Guatemala,1,1,2022,0.9195297423,0.542282746,0.08964282647,48
2,Oesophagus,320,Guatemala,2,1,1984,0.2177779391,0.1053108249,0.01814651491,4
2,Oesophagus,320,Guatemala,2,1,1985,0.4180297779,0.2045430547,0.03616152156,8
2,Oesophagus,320,Guatemala,2,1,1986,0.740844161,0.3727603626,0.05783286707,15
2,Oesophagus,320,Guatemala,2,1,1987,0.5922498919,0.3140008637,0.08646874918,13
2,Oesophagus,320,Guatemala,2,1,1988,0.6337748869,0.3285575923,0.09707833393,14
2,Oesophagus,320,Guatemala,2,1,1989,0.7363727119,0.3876071506,0.1047541229,17
2,Oesophagus,320,Guatemala,2,1,1990,0.5487000724,0.2880172208,0.05366415691,13
2,Oesophagus,320,Guatemala,2,1,1991,0.6152054912,0.3016467759,0.07224403281,14
2,Oesophagus,320,Guatemala,2,1,1992,0.7156210156,0.3983184254,0.04332752746,19
2,Oesophagus,320,Guatemala,2,1,1993,0.4204230967,0.2243646096,0.03817370127,11
2,Oesophagus,320,Guatemala,2,1,1994,0.7760224327,0.4168521824,0.1026641076,21
2,Oesophagus,320,Guatemala,2,1,1995,0.6837411141,0.3671877189,0.07514220268,19
2,Oesophagus,320,Guatemala,2,1,1996,0.5134796664,0.282390416,0.03657165611,15
2,Oesophagus,320,Guatemala,2,1,1997,1.3304094,0.7521558438,0.1544751715,41
2,Oesophagus,320,Guatemala,2,1,1998,0.8497358529,0.4826785441,0.09927332204,27
2,Oesophagus,320,Guatemala,2,1,1999,0.8151153767,0.4357167095,0.07678358863,25
2,Oesophagus,320,Guatemala,2,1,2000,1.046596787,0.578537386,0.09527562906,34
2,Oesophagus,320,Guatemala,2,1,2001,0.9176312581,0.5320307447,0.06352647482,32
2,Oesophagus,320,Guatemala,2,1,2002,0.9444177235,0.5361147182,0.09171715103,33
2,Oesophagus,320,Guatemala,2,1,2003,0.8972138094,0.5081845504,0.0829608557,32
2,Oesophagus,320,Guatemala,2,1,2004,1.156727542,0.6211198449,0.1140097206,40
2,Oesophagus,320,Guatemala,2,1,2005,0.6554283635,0.3797949107,0.06305554144,25
2,Oesophagus,320,Guatemala,2,1,2006,1.042733649,0.5650697943,0.1168779073,38
2,Oesophagus,320,Guatemala,2,1,2007,0.7498407625,0.4658266647,0.09317245274,32
2,Oesophagus,320,Guatemala,2,1,2008,1.089317017,0.6273718041,0.1083137262,44
2,Oesophagus,320,Guatemala,2,1,2009,0.7057143995,0.4471846929,0.0637338647,32
2,Oesophagus,320,Guatemala,2,1,2010,0.7935917711,0.5068338323,0.08335696263,37
2,Oesophagus,320,Guatemala,2,1,2011,0.7934876762,0.496776191,0.07675465555,37
2,Oesophagus,320,Guatemala,2,1,2012,0.7354962896,0.4737871345,0.08368444204,36
2,Oesophagus,320,Guatemala,2,1,2013,0.9309957484,0.5678390176,0.119438423,44
2,Oesophagus,320,Guatemala,2,1,2014,0.6143338194,0.4305273251,0.05390341295,34
2,Oesophagus,320,Guatemala,2,1,2015,0.738924444,0.5345821836,0.07642767916,43
2,Oesophagus,320,Guatemala,2,1,2016,0.7651511418,0.5126026411,0.07980372243,42
2,Oesophagus,320,Guatemala,2,1,2017,0.685391392,0.4434332568,0.07667533979,37
2,Oesophagus,320,Guatemala,2,1,2018,0.6603728983,0.4596869296,0.0645926573,39
2,Oesophagus,320,Guatemala,2,1,2019,0.5558655565,0.4179280451,0.04974006526,36
2,Oesophagus,320,Guatemala,2,1,2020,0.5159624589,0.3774304807,0.05191201325,33
2,Oesophagus,320,Guatemala,2,1,2021,0.6364334716,0.4848553186,0.05799229814,43
2,Oesophagus,320,Guatemala,2,1,2022,0.4950880649,0.3445818943,0.03291100071,31
2,Oesophagus,328,Guyana,1,1,1988,1.328163243,0.7970689119,0.06583711659,3
2,Oesophagus,328,Guyana,1,1,1989,1.899425358,0.8025424545,0.1549108106,3
2,Oesophagus,328,Guyana,1,1,1990,2.569348165,1.347215037,0.3893681844,5
2,Oesophagus,328,Guyana,1,1,1991,1.113593326,0.5405668384,0.2055124464,2
2,Oesophagus,328,Guyana,1,1,1992,0,0,0,0
2,Oesophagus,328,Guyana,1,1,1993,2.048894248,1.072391809,0.3195877231,4
2,Oesophagus,328,Guyana,1,1,1994,2.08934276,1.067307051,0.3066276333,4
2,Oesophagus,328,Guyana,1,1,1995,2.370342401,1.06267667,0.1974682112,4
2,Oesophagus,328,Guyana,1,1,1996,1.024881693,0.5293483986,0.07354563175,2
2,Oesophagus,328,Guyana,1,1,1997,1.146371302,0.52768917,0.1665920646,2
2,Oesophagus,328,Guyana,1,1,1998,1.241431112,0.789465374,0.205504857,3
2,Oesophagus,328,Guyana,1,1,1999,1.704289838,1.050453271,0.2033476488,4
2,Oesophagus,328,Guyana,1,1,2000,1.004002194,0.524763594,0.1488855701,2
2,Oesophagus,328,Guyana,1,1,2001,2.958937877,1.310749985,0.3152740271,5
2,Oesophagus,328,Guyana,1,1,2002,3.13827554,1.835535977,0.3775533158,7
2,Oesophagus,328,Guyana,1,1,2003,0.9670186592,0.5247470719,0.06928566202,2
2,Oesophagus,328,Guyana,1,1,2004,1.436451738,0.788289176,0.2440585736,3
2,Oesophagus,328,Guyana,1,1,2005,1.064679265,0.5268717778,0.1329963895,2
2,Oesophagus,328,Guyana,1,1,2006,1.851107667,1.056965136,0,4
2,Oesophagus,328,Guyana,1,1,2007,1.901036453,1.325461857,0.14147737,5
2,Oesophagus,328,Guyana,1,1,2008,1.650170233,0.7980102943,0.2044119155,3
2,Oesophagus,328,Guyana,1,1,2009,1.611230708,1.06806512,0.1380602946,4
2,Oesophagus,328,Guyana,1,1,2010,1.621520917,1.072688022,0.13060015,4
2,Oesophagus,328,Guyana,1,1,2011,1.040593326,0.8083420904,0.08878060698,3
2,Oesophagus,328,Guyana,1,1,2012,1.41559031,0.8099789405,0.1477322822,3
2,Oesophagus,328,Guyana,1,1,2013,0.284522003,0.2696573464,0.02370735628,1
2,Oesophagus,328,Guyana,1,1,2014,1.240705632,1.076536352,0.117302925,4
2,Oesophagus,328,Guyana,1,1,2015,0.7853183959,0.5369141931,0.02649919162,2
2,Oesophagus,328,Guyana,1,1,2016,1.765687404,1.6060645,0.2085883151,6
2,Oesophagus,328,Guyana,1,1,2017,1.364131391,1.067281421,0.1826210419,4
2,Oesophagus,328,Guyana,1,1,2018,0.9047554984,0.7734091618,0.02340769166,3
2,Oesophagus,328,Guyana,1,1,2019,0.8343002413,0.5045434134,0.05804841075,2
2,Oesophagus,328,Guyana,2,1,1988,0.5100089252,0.2609031423,0.06373079894,1
2,Oesophagus,328,Guyana,2,1,1989,1.200000308,0.7872858582,0.1581611831,3
2,Oesophagus,328,Guyana,2,1,1990,0,0,0,0
2,Oesophagus,328,Guyana,2,1,1991,0,0,0,0
2,Oesophagus,328,Guyana,2,1,1992,0.3834355828,0.2640082793,0,1
2,Oesophagus,328,Guyana,2,1,1993,0.4812319538,0.2631807499,0.08017316976,1
2,Oesophagus,328,Guyana,2,1,1994,1.706161187,1.049744781,0.2028379413,4
2,Oesophagus,328,Guyana,2,1,1995,0.9259648562,0.5235876224,0.1873787094,2
2,Oesophagus,328,Guyana,2,1,1996,0,0,0,0
2,Oesophagus,328,Guyana,2,1,1997,0.852174782,0.7828115459,0.07803429997,3
2,Oesophagus,328,Guyana,2,1,1998,1.058416052,0.7821054278,0,3
2,Oesophagus,328,Guyana,2,1,1999,1.258122926,0.7818689796,0.08655759868,3
2,Oesophagus,328,Guyana,2,1,2000,0.3538570418,0.2608534604,0,1
2,Oesophagus,328,Guyana,2,1,2001,0.5349023803,0.2610856988,0.06684044935,1
2,Oesophagus,328,Guyana,2,1,2002,0.2595717067,0.2615815219,0.02162863623,1
2,Oesophagus,328,Guyana,2,1,2003,0.9883813178,0.523608184,0.1814683134,2
2,Oesophagus,328,Guyana,2,1,2004,0.4806921968,0.2618849958,0.08008328234,1
2,Oesophagus,328,Guyana,2,1,2005,0.2528764698,0.2622503704,0.02107081894,1
2,Oesophagus,328,Guyana,2,1,2006,0.2351834431,0.2627968948,0,1
2,Oesophagus,328,Guyana,2,1,2007,0.6218050785,0.5268232034,0.02424771453,2
2,Oesophagus,328,Guyana,2,1,2008,0.3511235955,0.264081485,0,1
2,Oesophagus,328,Guyana,2,1,2009,0,0,0,0
2,Oesophagus,328,Guyana,2,1,2010,0.6989890188,0.5314032766,0.1372194671,2
2,Oesophagus,328,Guyana,2,1,2011,0,0,0,0
2,Oesophagus,328,Guyana,2,1,2012,0.6431937132,0.5320436595,0.07362409571,2
2,Oesophagus,328,Guyana,2,1,2013,0.8924505272,0.7911767964,0.1060163901,3
2,Oesophagus,328,Guyana,2,1,2014,0.2802690583,0.2613238142,0,1
2,Oesophagus,328,Guyana,2,1,2015,0.4752777177,0.517753777,0,2
2,Oesophagus,328,Guyana,2,1,2016,0,0,0,0
2,Oesophagus,328,Guyana,2,1,2017,0.3179650238,0.2540069598,0.05298013121,1
2,Oesophagus,328,Guyana,2,1,2018,0.2984183826,0.2477326271,0.07457677333,1
2,Oesophagus,328,Guyana,2,1,2019,0.2743484225,0.243151043,0.03428767325,1
2,Oesophagus,348,Hungary,1,1,1956,2.103198737,2.354356016,0.3201332212,112
2,Oesophagus,348,Hungary,1,1,1957,2.900411351,3.229883814,0.3847826833,153
2,Oesophagus,348,Hungary,1,1,1958,2.333623603,2.668193069,0.323794514,127
2,Oesophagus,348,Hungary,1,1,1959,2.693170888,3.193714436,0.3357199098,153
2,Oesophagus,348,Hungary,1,1,1960,2.165096355,2.595540011,0.2491112232,125
2,Oesophagus,348,Hungary,1,1,1961,2.344689336,2.768604766,0.2927431017,134
2,Oesophagus,348,Hungary,1,1,1962,2.64898759,3.231833852,0.3028100336,157
2,Oesophagus,348,Hungary,1,1,1963,2.792374845,3.46831545,0.3334263222,169
2,Oesophagus,348,Hungary,1,1,1964,2.749809593,3.476683824,0.364810324,170
2,Oesophagus,348,Hungary,1,1,1965,2.276947204,2.895096878,0.2651288888,142
2,Oesophagus,348,Hungary,1,1,1966,2.936827165,3.840340974,0.3532563283,189
2,Oesophagus,348,Hungary,1,1,1967,2.586183095,3.419907932,0.330362846,169
2,Oesophagus,348,Hungary,1,1,1968,2.3235951,2.962412726,0.2741056446,147
2,Oesophagus,348,Hungary,1,1,1969,2.490815821,3.291675904,0.3027658343,164
2,Oesophagus,348,Hungary,1,1,1970,2.282391373,3.120299861,0.273672755,156
2,Oesophagus,348,Hungary,1,1,1971,2.485065591,3.331376731,0.2935100707,167
2,Oesophagus,348,Hungary,1,1,1972,2.697415966,3.719701218,0.3335782437,187
2,Oesophagus,348,Hungary,1,1,1973,2.277091601,3.093149606,0.2954339442,156
2,Oesophagus,348,Hungary,1,1,1974,2.96422974,4.066246258,0.3631733872,206
2,Oesophagus,348,Hungary,1,1,1975,3.005980305,4.081286673,0.3457790181,208
2,Oesophagus,348,Hungary,1,1,1976,3.288530186,4.409660591,0.4378329622,226
2,Oesophagus,348,Hungary,1,1,1977,2.872487755,3.86474781,0.3437906098,199
2,Oesophagus,348,Hungary,1,1,1978,3.291207879,4.471034086,0.3953766048,231
2,Oesophagus,348,Hungary,1,1,1979,3.639734868,4.961769278,0.437461539,257
2,Oesophagus,348,Hungary,1,1,1980,4.442673144,5.81003184,0.5167642368,301
2,Oesophagus,348,Hungary,1,1,1981,4.607026018,6.171806453,0.5533600444,319
2,Oesophagus,348,Hungary,1,1,1982,4.738924093,6.306780429,0.5552472466,325
2,Oesophagus,348,Hungary,1,1,1983,5.024321486,6.64375254,0.5611620633,341
2,Oesophagus,348,Hungary,1,1,1984,5.427092248,7.066484165,0.6334302633,361
2,Oesophagus,348,Hungary,1,1,1985,5.699109232,7.531142898,0.6715064044,383
2,Oesophagus,348,Hungary,1,1,1986,6.269043185,8.057471098,0.7763221764,408
2,Oesophagus,348,Hungary,1,1,1987,6.209341792,7.972873191,0.736121597,402
2,Oesophagus,348,Hungary,1,1,1988,6.986451159,9.319941029,0.8049532978,468
2,Oesophagus,348,Hungary,1,1,1989,7.336319506,9.661379645,0.8484872757,483
2,Oesophagus,348,Hungary,1,1,1990,7.852733818,10.41290896,0.9221682248,519
2,Oesophagus,348,Hungary,1,1,1991,7.967816173,10.52480515,0.9190172078,524
2,Oesophagus,348,Hungary,1,1,1992,7.876850206,10.38015507,0.9159293456,516
2,Oesophagus,348,Hungary,1,1,1993,7.981481113,10.52657052,0.9046950381,522
2,Oesophagus,348,Hungary,1,1,1994,8.857928885,11.8691842,1.046714418,587
2,Oesophagus,348,Hungary,1,1,1995,8.964541881,12.1235786,0.9926794913,598
2,Oesophagus,348,Hungary,1,1,1996,8.929055502,11.99496374,1.042175716,590
2,Oesophagus,348,Hungary,1,1,1997,9.34296996,12.703853,1.17028413,623
2,Oesophagus,348,Hungary,1,1,1998,9.227133346,12.68603845,1.109125326,620
2,Oesophagus,348,Hungary,1,1,1999,8.936891748,12.46897393,1.06482126,607
2,Oesophagus,348,Hungary,1,1,2000,8.608704743,12.12204425,1.010623598,588
2,Oesophagus,348,Hungary,1,1,2001,8.167992634,11.70309012,0.9669171308,566
2,Oesophagus,348,Hungary,1,1,2002,8.265644143,11.92921309,0.9857502493,575
2,Oesophagus,348,Hungary,1,1,2003,8.511676175,12.24132396,0.9800174375,588
2,Oesophagus,348,Hungary,1,1,2004,7.738596885,11.37701788,0.9262543362,545
2,Oesophagus,348,Hungary,1,1,2005,7.054358593,10.35440081,0.8507579757,495
2,Oesophagus,348,Hungary,1,1,2006,6.872161119,10.28603666,0.8333524568,491
2,Oesophagus,348,Hungary,1,1,2007,7.57011126,11.68769472,0.9165430438,557
2,Oesophagus,348,Hungary,1,1,2008,6.77244966,10.4254202,0.8320612468,496
2,Oesophagus,348,Hungary,1,1,2009,7.208231352,11.15486883,0.8830448009,530
2,Oesophagus,348,Hungary,1,1,2010,6.747579636,10.46017935,0.8421311962,496
2,Oesophagus,348,Hungary,1,1,2011,6.050033717,9.875081279,0.761233185,467
2,Oesophagus,348,Hungary,1,1,2012,5.753100965,9.685487632,0.710124038,457
2,Oesophagus,348,Hungary,1,1,2013,6.532975003,11.08824897,0.8356691177,522
2,Oesophagus,348,Hungary,1,1,2014,5.450397063,9.1961569,0.681675973,432
2,Oesophagus,348,Hungary,1,1,2015,5.748157382,9.893043197,0.7536886797,464
2,Oesophagus,348,Hungary,1,1,2016,5.758848749,10.06386817,0.7684019818,471
2,Oesophagus,348,Hungary,1,1,2017,5.048540783,9.139161607,0.6701879979,427
2,Oesophagus,348,Hungary,1,1,2018,5.46340882,9.822016081,0.6904843349,459
2,Oesophagus,348,Hungary,1,1,2019,5.371628613,9.619431765,0.7024921618,450
2,Oesophagus,348,Hungary,1,1,2020,4.511204768,8.36887519,0.614435574,391
2,Oesophagus,348,Hungary,1,1,2021,4.306070972,7.971164581,0.5700484809,371
2,Oesophagus,348,Hungary,1,1,2022,3.778338021,7.125734774,0.499503302,331
2,Oesophagus,348,Hungary,1,1,2023,3.872859613,7.207277758,0.5172032099,335
2,Oesophagus,348,Hungary,2,1,1956,0.8254321184,1.059478121,0.08954585631,54
2,Oesophagus,348,Hungary,2,1,1957,0.5959686652,0.8233816874,0.05893208599,42
2,Oesophagus,348,Hungary,2,1,1958,0.5588558678,0.7225289607,0.04141474737,37
2,Oesophagus,348,Hungary,2,1,1959,0.5460106585,0.7384116493,0.06137291318,38
2,Oesophagus,348,Hungary,2,1,1960,0.5789922507,0.8321366531,0.0666532851,43
2,Oesophagus,348,Hungary,2,1,1961,0.4270774135,0.6362634906,0.0382433242,33
2,Oesophagus,348,Hungary,2,1,1962,0.4627164195,0.6922886544,0.06818595681,36
2,Oesophagus,348,Hungary,2,1,1963,0.5696661949,0.8251524109,0.07226442147,43
2,Oesophagus,348,Hungary,2,1,1964,0.4783042787,0.7656009374,0.06087264535,40
2,Oesophagus,348,Hungary,2,1,1965,0.5939874267,0.916682271,0.06504357911,48
2,Oesophagus,348,Hungary,2,1,1966,0.47424331,0.7239520389,0.06491235076,38
2,Oesophagus,348,Hungary,2,1,1967,0.4325034621,0.7027330809,0.05586133285,37
2,Oesophagus,348,Hungary,2,1,1968,0.6852716113,1.079060593,0.06211991417,57
2,Oesophagus,348,Hungary,2,1,1969,0.5630240299,0.9246461507,0.05334789404,49
2,Oesophagus,348,Hungary,2,1,1970,0.5760363265,0.9594358968,0.06004049702,51
2,Oesophagus,348,Hungary,2,1,1971,0.3967338856,0.7128083119,0.05436987955,38
2,Oesophagus,348,Hungary,2,1,1972,0.4741353643,0.8228885708,0.04871180261,44
2,Oesophagus,348,Hungary,2,1,1973,0.5483268843,0.8389205442,0.05808490488,45
2,Oesophagus,348,Hungary,2,1,1974,0.3796743558,0.6681743278,0.03600921112,36
2,Oesophagus,348,Hungary,2,1,1975,0.5661545002,0.959547684,0.05811914399,52
2,Oesophagus,348,Hungary,2,1,1976,0.434962144,0.7341253873,0.05084704244,40
2,Oesophagus,348,Hungary,2,1,1977,0.3361049716,0.584578188,0.02904789601,32
2,Oesophagus,348,Hungary,2,1,1978,0.6817707559,1.146789408,0.07372792249,63
2,Oesophagus,348,Hungary,2,1,1979,0.4352368636,0.8713571033,0.04690891916,48
2,Oesophagus,348,Hungary,2,1,1980,0.5711819374,0.9792060162,0.05450971775,54
2,Oesophagus,348,Hungary,2,1,1981,0.5086222753,0.925478309,0.05757358164,51
2,Oesophagus,348,Hungary,2,1,1982,0.6000063657,1.108499978,0.06403006548,61
2,Oesophagus,348,Hungary,2,1,1983,0.5052823077,0.9106891686,0.05097563327,50
2,Oesophagus,348,Hungary,2,1,1984,0.5052454929,0.9131243453,0.05492182324,50
2,Oesophagus,348,Hungary,2,1,1985,0.5284106023,1.025318876,0.05387088018,56
2,Oesophagus,348,Hungary,2,1,1986,0.6318090337,0.9912850441,0.067869924,54
2,Oesophagus,348,Hungary,2,1,1987,0.7487590163,1.233202675,0.07943158312,67
2,Oesophagus,348,Hungary,2,1,1988,0.6643958989,1.273288258,0.07875217985,69
2,Oesophagus,348,Hungary,2,1,1989,0.6740576573,1.165774094,0.06455078702,63
2,Oesophagus,348,Hungary,2,1,1990,0.6915722086,1.241411333,0.08083723085,67
2,Oesophagus,348,Hungary,2,1,1991,0.7993609769,1.351986675,0.08867324153,73
2,Oesophagus,348,Hungary,2,1,1992,0.882692672,1.592459888,0.1030433342,86
2,Oesophagus,348,Hungary,2,1,1993,0.7005229388,1.22267733,0.06888261345,66
2,Oesophagus,348,Hungary,2,1,1994,0.9471344354,1.779637499,0.1042226972,96
2,Oesophagus,348,Hungary,2,1,1995,1.067301063,1.818097154,0.1214680149,98
2,Oesophagus,348,Hungary,2,1,1996,0.9041422643,1.708924151,0.095500046,92
2,Oesophagus,348,Hungary,2,1,1997,0.7977768423,1.395458527,0.08684689498,75
2,Oesophagus,348,Hungary,2,1,1998,1.170968795,2.106458551,0.1200243345,113
2,Oesophagus,348,Hungary,2,1,1999,1.142306239,2.167530487,0.1212552118,116
2,Oesophagus,348,Hungary,2,1,2000,1.34718586,2.509395016,0.1477995735,134
2,Oesophagus,348,Hungary,2,1,2001,1.065913536,2.044889834,0.1200500486,109
2,Oesophagus,348,Hungary,2,1,2002,1.025185408,1.880276938,0.1137284464,100
2,Oesophagus,348,Hungary,2,1,2003,1.204043924,2.205233339,0.1332891254,117
2,Oesophagus,348,Hungary,2,1,2004,1.203420395,2.32275667,0.1282703744,123
2,Oesophagus,348,Hungary,2,1,2005,0.9198712095,1.721811952,0.1058459941,91
2,Oesophagus,348,Hungary,2,1,2006,0.902422966,1.800442208,0.09639419435,95
2,Oesophagus,348,Hungary,2,1,2007,1.101613716,2.144869619,0.1240808699,113
2,Oesophagus,348,Hungary,2,1,2008,0.983215076,1.977541593,0.1080568993,104
2,Oesophagus,348,Hungary,2,1,2009,0.9126140133,1.676161902,0.1072428427,88
2,Oesophagus,348,Hungary,2,1,2010,1.023457985,2.081210753,0.1220795147,109
2,Oesophagus,348,Hungary,2,1,2011,1.256442043,2.472400393,0.159589262,129
2,Oesophagus,348,Hungary,2,1,2012,1.045688055,2.270006282,0.1296246476,118
2,Oesophagus,348,Hungary,2,1,2013,0.9201977773,2.026377647,0.1100303447,105
2,Oesophagus,348,Hungary,2,1,2014,0.9879095498,2.168345925,0.1230400231,112
2,Oesophagus,348,Hungary,2,1,2015,0.9037021963,2.194581074,0.1210424155,113
2,Oesophagus,348,Hungary,2,1,2016,0.7190279618,1.695766606,0.09077779258,87
2,Oesophagus,348,Hungary,2,1,2017,0.8099353048,2.033870396,0.09454188065,104
2,Oesophagus,348,Hungary,2,1,2018,0.7263814301,1.744681197,0.08680235834,89
2,Oesophagus,348,Hungary,2,1,2019,0.7839874741,2.022655509,0.100453641,103
2,Oesophagus,348,Hungary,2,1,2020,0.823395274,2.028604106,0.1119275408,103
2,Oesophagus,348,Hungary,2,1,2021,0.8189206156,2.11731362,0.1084207269,107
2,Oesophagus,348,Hungary,2,1,2022,0.810979717,2.202743487,0.09366568936,111
2,Oesophagus,348,Hungary,2,1,2023,0.6947996314,1.845829933,0.08789414347,93
2,Oesophagus,352,Iceland,1,0,1955,6.33942182,6.282275189,0.1327139818,5
2,Oesophagus,352,Iceland,1,0,1956,8.197471404,8.609874296,0.7393911984,7
2,Oesophagus,352,Iceland,1,0,1957,8.185630058,8.407701455,0.5865353411,7
2,Oesophagus,352,Iceland,1,0,1958,4.636954056,4.697537316,0.4803457196,4
2,Oesophagus,352,Iceland,1,0,1959,8.612064613,9.197728161,1.028892802,8
2,Oesophagus,352,Iceland,1,0,1960,9.199393383,7.880575507,0.6667240174,7
2,Oesophagus,352,Iceland,1,0,1961,10.04189449,8.849655417,0.6689194695,8
2,Oesophagus,352,Iceland,1,0,1962,4.842671604,5.43371949,0.6215664558,5
2,Oesophagus,352,Iceland,1,0,1963,8.775409108,8.530421616,0.7111529633,8
2,Oesophagus,352,Iceland,1,0,1964,3.880013189,4.190851371,0.2106144985,4
2,Oesophagus,352,Iceland,1,0,1965,6.028996945,6.174046367,0.8266343962,6
2,Oesophagus,352,Iceland,1,0,1966,8.883213392,10.11337089,0.903663884,10
2,Oesophagus,352,Iceland,1,0,1967,4.10521061,4.977154859,0.3121046388,5
2,Oesophagus,352,Iceland,1,0,1968,4.0978827,3.930894868,0.6634394256,4
2,Oesophagus,352,Iceland,1,0,1969,6.350308178,6.824407983,1.169837943,7
2,Oesophagus,352,Iceland,1,0,1970,5.446986049,5.814855016,0.3852829122,6
2,Oesophagus,352,Iceland,1,0,1971,2.602057817,2.879327389,0.2177225353,3
2,Oesophagus,352,Iceland,1,0,1972,3.78874378,4.727640624,0.596518861,5
2,Oesophagus,352,Iceland,1,0,1973,2.125621542,2.795638803,0,3
2,Oesophagus,352,Iceland,1,0,1974,4.15508234,3.675389591,0.3532403263,4
2,Oesophagus,352,Iceland,1,0,1975,5.423179292,5.446474769,0.6090261236,6
2,Oesophagus,352,Iceland,1,0,1976,3.372202065,3.598384325,0.3027377856,4
2,Oesophagus,352,Iceland,1,0,1977,4.496934103,5.359104672,0.3174944833,6
2,Oesophagus,352,Iceland,1,0,1978,4.80905143,5.319714863,0.5930531522,6
2,Oesophagus,352,Iceland,1,0,1979,5.41866934,7.0269748,0.4005670686,8
2,Oesophagus,352,Iceland,1,0,1980,2.549712898,2.607992628,0.4575195203,3
2,Oesophagus,352,Iceland,1,0,1981,3.576813167,4.298708668,0.4740428915,5
2,Oesophagus,352,Iceland,1,0,1982,5.901270242,6.785123616,0.6709154288,8
2,Oesophagus,352,Iceland,1,0,1983,6.591275239,6.702974445,0.8796753856,8
2,Oesophagus,352,Iceland,1,0,1984,4.405566074,5.809948291,0.3460093672,7
2,Oesophagus,352,Iceland,1,0,1985,6.104671175,6.591903495,0.9069816816,8
2,Oesophagus,352,Iceland,1,0,1986,0.8849139244,1.636701392,0,2
2,Oesophagus,352,Iceland,1,0,1987,2.558593945,3.237817711,0.4453436545,4
2,Oesophagus,352,Iceland,1,0,1988,4.980866921,5.57684494,0.6693428424,7
2,Oesophagus,352,Iceland,1,0,1989,8.78814,11.03213503,1.165658159,14
2,Oesophagus,352,Iceland,1,0,1990,6.185891838,7.819036226,0.6928483066,10
2,Oesophagus,352,Iceland,1,0,1991,7.635371494,10.04706664,1.02921068,13
2,Oesophagus,352,Iceland,1,0,1992,3.792288872,4.582286408,0.6186565164,6
2,Oesophagus,352,Iceland,1,0,1993,2.358941387,3.78214826,0.1136751043,5
2,Oesophagus,352,Iceland,1,0,1994,6.168731585,8.995502249,0.7232831302,12
2,Oesophagus,352,Iceland,1,0,1995,4.584864139,6.714814373,0.430365333,9
2,Oesophagus,352,Iceland,1,0,1996,8.774280353,12.61370888,1.006360278,17
2,Oesophagus,352,Iceland,1,0,1997,4.949943731,7.365180373,0.2659774528,10
2,Oesophagus,352,Iceland,1,0,1998,5.339397114,7.294637712,0.5605354834,10
2,Oesophagus,352,Iceland,1,0,1999,4.010945588,5.764643997,0.373024711,8
2,Oesophagus,352,Iceland,1,0,2000,5.340470571,7.106663919,0.6233487954,10
2,Oesophagus,352,Iceland,1,0,2001,5.377060495,7.005352089,0.6299132973,10
2,Oesophagus,352,Iceland,1,0,2002,5.872313547,7.646748047,0.759795033,11
2,Oesophagus,352,Iceland,1,0,2003,3.325502289,4.837361012,0.386818828,7
2,Oesophagus,352,Iceland,1,0,2004,7.499568868,9.54387113,1.100334046,14
2,Oesophagus,352,Iceland,1,0,2005,3.831067897,5.389491838,0.3858397364,8
2,Oesophagus,352,Iceland,1,0,2006,5.256662637,7.778015439,0.6861869616,12
2,Oesophagus,352,Iceland,1,0,2007,6.569665744,9.442157344,0.8486483139,15
2,Oesophagus,352,Iceland,1,0,2008,7.511565404,11.644226,0.8371628812,19
2,Oesophagus,352,Iceland,1,0,2009,8.527878088,11.14268204,1.156336933,18
2,Oesophagus,352,Iceland,1,0,2010,5.438189598,8.133591106,0.5946456013,13
2,Oesophagus,352,Iceland,1,0,2011,6.972453831,11.23777892,0.8142450452,18
2,Oesophagus,352,Iceland,1,0,2012,8.621808799,12.43085338,1.1900452,20
2,Oesophagus,352,Iceland,1,0,2013,7.388080997,12.31762221,0.8836744962,20
2,Oesophagus,352,Iceland,1,0,2014,4.184731671,6.088650755,0.566445378,10
2,Oesophagus,352,Iceland,1,0,2015,4.489673802,7.219608457,0.6596873216,12
2,Oesophagus,352,Iceland,1,0,2016,4.994439478,8.868812525,0.6237248956,15
2,Oesophagus,352,Iceland,1,0,2017,7.036138029,11.47473264,0.9453853536,20
2,Oesophagus,352,Iceland,1,0,2018,6.93440659,12.20784409,0.8253927827,22
2,Oesophagus,352,Iceland,1,0,2019,5.015045982,9.194904941,0.5264100069,17
2,Oesophagus,352,Iceland,1,0,2020,6.145897768,10.63875059,0.8839283867,20
2,Oesophagus,352,Iceland,1,0,2021,8.329269763,13.60715108,0.9441135495,26
2,Oesophagus,352,Iceland,1,0,2022,4.768002887,8.142327892,0.56031572,16
2,Oesophagus,352,Iceland,2,0,1955,4.776377848,6.373242578,0.3834372597,5
2,Oesophagus,352,Iceland,2,0,1956,4.512086205,6.245784096,0.4381683224,5
2,Oesophagus,352,Iceland,2,0,1957,3.765319148,4.88680928,0.5390822489,4
2,Oesophagus,352,Iceland,2,0,1958,1.826005326,2.39182951,0.1295504418,2
2,Oesophagus,352,Iceland,2,0,1959,8.641798564,10.5467926,1.022143056,9
2,Oesophagus,352,Iceland,2,0,1960,4.897239791,5.74507934,0.7650238443,5
2,Oesophagus,352,Iceland,2,0,1961,4.243319564,6.779431206,0.2416041346,6
2,Oesophagus,352,Iceland,2,0,1962,6.20956391,7.775186049,0.609191462,7
2,Oesophagus,352,Iceland,2,0,1963,7.788450027,10.90572005,0.7902009161,10
2,Oesophagus,352,Iceland,2,0,1964,7.614611746,9.636077474,1.026183797,9
2,Oesophagus,352,Iceland,2,0,1965,5.734244828,8.411666982,0.1643925324,8
2,Oesophagus,352,Iceland,2,0,1966,2.828885961,4.135350006,0.1655354695,4
2,Oesophagus,352,Iceland,2,0,1967,2.273206747,4.072822058,0,4
2,Oesophagus,352,Iceland,2,0,1968,4.3391862,6.031484348,0.2768622922,6
2,Oesophagus,352,Iceland,2,0,1969,1.522070015,1.993143586,0,2
2,Oesophagus,352,Iceland,2,0,1970,1.578533456,1.981787374,0.1102414176,2
2,Oesophagus,352,Iceland,2,0,1971,2.280343576,3.925494122,0.1174122209,4
2,Oesophagus,352,Iceland,2,0,1972,1.497521648,2.898298699,0.1846721543,3
2,Oesophagus,352,Iceland,2,0,1973,3.311905043,4.75959296,0.494908329,5
2,Oesophagus,352,Iceland,2,0,1974,2.008744632,2.817218842,0.1272750242,3
2,Oesophagus,352,Iceland,2,0,1975,3.285454317,3.708407888,0.5972082869,4
2,Oesophagus,352,Iceland,2,0,1976,3.681836503,5.506355252,0.2206296051,6
2,Oesophagus,352,Iceland,2,0,1977,1.691014652,3.641063919,0,4
2,Oesophagus,352,Iceland,2,0,1978,1.622914123,1.805233372,0.2851289561,2
2,Oesophagus,352,Iceland,2,0,1979,3.525056186,4.468594716,0.5513539803,5
2,Oesophagus,352,Iceland,2,0,1980,0.6907644105,1.767987058,0,2
2,Oesophagus,352,Iceland,2,0,1981,2.228275388,3.494090619,0.2310956386,4
2,Oesophagus,352,Iceland,2,0,1982,2.462804535,4.307337118,0.2595378764,5
2,Oesophagus,352,Iceland,2,0,1983,5.735862048,9.347144447,0.5756501547,11
2,Oesophagus,352,Iceland,2,0,1984,0,0,0,0
2,Oesophagus,352,Iceland,2,0,1985,2.674981924,4.165868209,0.4148945875,5
2,Oesophagus,352,Iceland,2,0,1986,1.739251615,3.305921732,0.2861228374,4
2,Oesophagus,352,Iceland,2,0,1987,2.35237905,4.084733716,0.2353493852,5
2,Oesophagus,352,Iceland,2,0,1988,1.166326766,2.412525834,0.1396062875,3
2,Oesophagus,352,Iceland,2,0,1989,1.532318597,3.180004134,0.1384849522,4
2,Oesophagus,352,Iceland,2,0,1990,1.807819966,3.15270936,0.2293935383,4
2,Oesophagus,352,Iceland,2,0,1991,0.2390057361,0.7779255836,0,1
2,Oesophagus,352,Iceland,2,0,1992,4.995043605,6.14755673,0.7484043075,8
2,Oesophagus,352,Iceland,2,0,1993,1.559139726,3.803525107,0.1242081569,5
2,Oesophagus,352,Iceland,2,0,1994,2.793891921,3.771279444,0.4308731439,5
2,Oesophagus,352,Iceland,2,0,1995,2.510061266,4.500416289,0.3351808148,6
2,Oesophagus,352,Iceland,2,0,1996,0.214961307,0.7455564834,0,1
2,Oesophagus,352,Iceland,2,0,1997,3.309587747,6.660746004,0.3825668587,9
2,Oesophagus,352,Iceland,2,0,1998,0.6700810565,1.463207644,0.1153269391,2
2,Oesophagus,352,Iceland,2,0,1999,0.8978288727,2.167833684,0.1140120729,3
2,Oesophagus,352,Iceland,2,0,2000,1.060906028,2.13650866,0.09957183285,3
2,Oesophagus,352,Iceland,2,0,2001,1.304495831,2.108562874,0.2074635997,3
2,Oesophagus,352,Iceland,2,0,2002,1.920047057,2.783983742,0.3111205005,4
2,Oesophagus,352,Iceland,2,0,2003,0.4356746832,1.383709587,0,2
2,Oesophagus,352,Iceland,2,0,2004,1.892725951,4.113364321,0.2102831461,6
2,Oesophagus,352,Iceland,2,0,2005,2.31558493,4.749079018,0.3182801435,7
2,Oesophagus,352,Iceland,2,0,2006,2.408429834,3.999493398,0.2879208912,6
2,Oesophagus,352,Iceland,2,0,2007,1.765432955,1.967122821,0.2488916454,3
2,Oesophagus,352,Iceland,2,0,2008,0.570939195,0.6404057611,0.0713419389,1
2,Oesophagus,352,Iceland,2,0,2009,1.713680183,3.80551292,0.1689204906,6
2,Oesophagus,352,Iceland,2,0,2010,1.151040788,2.529516293,0.08491126262,4
2,Oesophagus,352,Iceland,2,0,2011,2.130985839,5.038195822,0.1173001611,8
2,Oesophagus,352,Iceland,2,0,2012,0.5497302417,1.877699193,0,3
2,Oesophagus,352,Iceland,2,0,2013,1.529047994,4.338394794,0.07474399831,7
2,Oesophagus,352,Iceland,2,0,2014,1.731761705,3.065585128,0.3114421792,5
2,Oesophagus,352,Iceland,2,0,2015,3.152404816,6.076884746,0.2751817211,10
2,Oesophagus,352,Iceland,2,0,2016,0.8882422795,1.804424449,0.06637902179,3
2,Oesophagus,352,Iceland,2,0,2017,1.003887311,1.774528419,0.09794125949,3
2,Oesophagus,352,Iceland,2,0,2018,1.524664702,3.478301198,0.1860464579,6
2,Oesophagus,352,Iceland,2,0,2019,0.73381031,1.138504802,0.09168423305,2
2,Oesophagus,352,Iceland,2,0,2020,2.395614589,5.042836091,0.2222417919,9
2,Oesophagus,352,Iceland,2,0,2021,0.6765758871,2.204403296,0.06939143431,4
2,Oesophagus,352,Iceland,2,0,2022,0.5896417146,1.617172213,0.06676904339,3
2,Oesophagus,356,India,1,0,2003,5.708115349,4.167205929,0.6924104012,435
2,Oesophagus,356,India,1,0,2004,6.154596586,4.50947225,0.7935771883,478
2,Oesophagus,356,India,1,0,2005,5.33359066,3.976983672,0.6583127513,428
2,Oesophagus,356,India,1,0,2006,5.463694387,4.052131449,0.7038374538,443
2,Oesophagus,356,India,1,0,2007,5.324674902,4.007555097,0.6537098382,445
2,Oesophagus,356,India,1,0,2008,5.070878207,3.873809972,0.6144222833,435
2,Oesophagus,356,India,1,0,2009,5.082753877,3.901295973,0.6455682614,441
2,Oesophagus,356,India,1,0,2010,4.255057135,3.306932842,0.4881465487,383
2,Oesophagus,356,India,1,0,2011,4.69365299,4.084968498,0.5971259775,425
2,Oesophagus,356,India,1,0,2012,4.177735399,3.687467495,0.5132413717,385
2,Oesophagus,356,India,1,0,2013,3.971890254,3.645811859,0.458905956,382
2,Oesophagus,356,India,1,0,2014,4.097414157,3.880159745,0.4653304732,408
2,Oesophagus,356,India,1,0,2015,3.744832498,3.638935357,0.4311852741,384
2,Oesophagus,356,India,1,0,2016,3.638762148,3.465438296,0.4478494903,367
2,Oesophagus,356,India,1,0,2017,3.915830961,3.867033147,0.4641278782,411
2,Oesophagus,356,India,2,0,2003,3.81953276,3.148822357,0.4921258114,283
2,Oesophagus,356,India,2,0,2004,4.024616096,3.378578867,0.5041804013,308
2,Oesophagus,356,India,2,0,2005,3.540915337,3.022338318,0.4072300604,280
2,Oesophagus,356,India,2,0,2006,3.346104579,2.899170166,0.4023171866,272
2,Oesophagus,356,India,2,0,2007,2.985974505,2.636797529,0.3189368349,251
2,Oesophagus,356,India,2,0,2008,3.015063194,2.713031758,0.35949052,262
2,Oesophagus,356,India,2,0,2009,2.887783116,2.641816321,0.3441247525,259
2,Oesophagus,356,India,2,0,2010,3.223528782,2.965919085,0.3914110631,296
2,Oesophagus,356,India,2,0,2011,3.292642139,3.27468518,0.3715370053,307
2,Oesophagus,356,India,2,0,2012,2.925381168,2.910573425,0.3825736943,275
2,Oesophagus,356,India,2,0,2013,3.124090462,3.234488214,0.3575147304,308
2,Oesophagus,356,India,2,0,2014,3.116465683,3.271860902,0.3492635422,314
2,Oesophagus,356,India,2,0,2015,2.710936891,2.874211182,0.3090005359,278
2,Oesophagus,356,India,2,0,2016,2.916007544,3.139081628,0.3365712726,306
2,Oesophagus,356,India,2,0,2017,2.874660802,3.185895907,0.3072919307,313
2,Oesophagus,36,Australia,1,0,1993,5.003829415,6.450280058,0.6070587185,567
2,Oesophagus,36,Australia,1,0,1994,5.328344342,6.987021607,0.662409535,620
2,Oesophagus,36,Australia,1,0,1995,4.957496084,6.565609782,0.5956388945,589
2,Oesophagus,36,Australia,1,0,1996,5.135148535,6.984982838,0.6176080742,634
2,Oesophagus,36,Australia,1,0,1997,4.876876417,6.817990419,0.5772727116,625
2,Oesophagus,36,Australia,1,0,1998,4.756696846,6.817514161,0.565349309,631
2,Oesophagus,36,Australia,1,0,1999,5.27360054,7.676085444,0.635938175,718
2,Oesophagus,36,Australia,1,0,2000,5.248561574,7.621072254,0.6240415099,721
2,Oesophagus,36,Australia,1,0,2001,5.005600189,7.378273104,0.5955413119,707
2,Oesophagus,36,Australia,1,0,2002,4.996837762,7.52344248,0.5967766197,730
2,Oesophagus,36,Australia,1,0,2003,5.062990734,7.82642059,0.6005979736,768
2,Oesophagus,36,Australia,1,0,2004,5.300940907,8.221896078,0.6200846613,816
2,Oesophagus,36,Australia,1,0,2005,5.088521441,8.107289179,0.5872192393,815
2,Oesophagus,36,Australia,1,0,2006,5.211504062,8.383403332,0.6055354525,855
2,Oesophagus,36,Australia,1,0,2007,5.177353242,8.394748815,0.6088930613,872
2,Oesophagus,36,Australia,1,0,2008,5.409650449,8.771032619,0.6460388923,927
2,Oesophagus,36,Australia,1,0,2009,5.198390135,8.354148469,0.6430564921,902
2,Oesophagus,36,Australia,1,0,2010,5.541740853,9.185173834,0.662380686,1007
2,Oesophagus,36,Australia,1,0,2011,5.366505459,9.068156099,0.6323851494,1008
2,Oesophagus,36,Australia,1,0,2012,5.264485008,8.782707071,0.642479334,993
2,Oesophagus,36,Australia,1,0,2013,5.144988829,8.662152674,0.6453425897,997
2,Oesophagus,36,Australia,1,0,2014,5.145501423,9.005203482,0.6224095823,1051
2,Oesophagus,36,Australia,1,0,2015,4.878534436,8.664999943,0.5908989705,1025
2,Oesophagus,36,Australia,1,0,2016,5.250836223,9.330405141,0.6546523517,1120
2,Oesophagus,36,Australia,1,0,2017,5.19736248,9.408272133,0.6337114717,1148
2,Oesophagus,36,Australia,1,1,1951,4.127269144,4.372663799,0.4558945513,186
2,Oesophagus,36,Australia,1,1,1952,4.450021092,4.528198326,0.4473801555,198
2,Oesophagus,36,Australia,1,1,1953,3.985355159,4.167973827,0.4066292036,186
2,Oesophagus,36,Australia,1,1,1954,3.514496444,3.673478366,0.3860920791,167
2,Oesophagus,36,Australia,1,1,1955,3.722416827,3.822777742,0.3984399139,178
2,Oesophagus,36,Australia,1,1,1956,2.973843329,2.994137353,0.3184135233,143
2,Oesophagus,36,Australia,1,1,1957,2.727046706,2.744608074,0.3012441055,134
2,Oesophagus,36,Australia,1,1,1958,3.504519705,3.596833179,0.3697579765,179
2,Oesophagus,36,Australia,1,1,1959,3.01375694,3.129798039,0.3321877472,159
2,Oesophagus,36,Australia,1,1,1960,3.513210384,3.524449666,0.4060581084,183
2,Oesophagus,36,Australia,1,1,1961,2.922380461,3.030702332,0.3246968384,161
2,Oesophagus,36,Australia,1,1,1962,3.463113655,3.444954808,0.3679729441,186
2,Oesophagus,36,Australia,1,1,1963,3.518206374,3.545519009,0.3756235806,195
2,Oesophagus,36,Australia,1,1,1964,3.590405255,3.675158781,0.3987917133,206
2,Oesophagus,36,Australia,1,1,1965,3.558187657,3.639863505,0.4276371092,208
2,Oesophagus,36,Australia,1,1,1966,3.355706222,3.438553057,0.3953189921,200
2,Oesophagus,36,Australia,1,1,1967,3.464915634,3.535770209,0.3885414087,210
2,Oesophagus,36,Australia,1,1,1968,3.695042208,3.855509407,0.4346756325,233
2,Oesophagus,36,Australia,1,1,1969,3.475246056,3.597821859,0.3742954188,222
2,Oesophagus,36,Australia,1,1,1970,4.013074153,4.084357071,0.4513002851,257
2,Oesophagus,36,Australia,1,1,1971,3.876016149,3.882919831,0.4541791923,249
2,Oesophagus,36,Australia,1,1,1972,4.088772345,4.115226337,0.497195299,268
2,Oesophagus,36,Australia,1,1,1973,4.458173873,4.549107617,0.5394999565,300
2,Oesophagus,36,Australia,1,1,1974,4.03546477,4.105396731,0.4521131034,275
2,Oesophagus,36,Australia,1,1,1975,4.436509529,4.643089607,0.5219403325,321
2,Oesophagus,36,Australia,1,1,1976,4.25933701,4.527609823,0.484020225,316
2,Oesophagus,36,Australia,1,1,1977,4.617948173,4.890010205,0.5376725956,345
2,Oesophagus,36,Australia,1,1,1978,4.300834943,4.594545378,0.5241058322,328
2,Oesophagus,36,Australia,1,1,1979,4.348085949,4.734481422,0.5156523321,342
2,Oesophagus,36,Australia,1,1,1980,4.121087553,4.631590453,0.4911741069,339
2,Oesophagus,36,Australia,1,1,1981,4.284724537,4.792203608,0.5028112386,357
2,Oesophagus,36,Australia,1,1,1982,3.90533108,4.461280572,0.4768777528,338
2,Oesophagus,36,Australia,1,1,1983,4.260986165,4.872773703,0.4873450726,374
2,Oesophagus,36,Australia,1,1,1984,4.523500764,5.282688244,0.5224336806,410
2,Oesophagus,36,Australia,1,1,1985,4.613447713,5.432017097,0.5447368247,427
2,Oesophagus,36,Australia,1,1,1986,4.268644207,5.012437345,0.514122785,401
2,Oesophagus,36,Australia,1,1,1987,4.394212515,5.369193636,0.5529738883,436
2,Oesophagus,36,Australia,1,1,1988,5.012297288,6.11609684,0.6041991972,505
2,Oesophagus,36,Australia,1,1,1989,4.848835927,6.020864382,0.6091764418,505
2,Oesophagus,36,Australia,1,1,1990,4.716280775,5.886223183,0.5849951757,501
2,Oesophagus,36,Australia,1,1,1991,4.743338241,6.024166309,0.5725420976,519
2,Oesophagus,36,Australia,1,1,1992,4.998661214,6.371254735,0.593524974,555
2,Oesophagus,36,Australia,1,1,1993,4.801689887,6.241331484,0.5750955956,549
2,Oesophagus,36,Australia,1,1,1994,4.887890152,6.437889003,0.5756167905,572
2,Oesophagus,36,Australia,1,1,1995,4.986377921,6.774494972,0.5932881124,609
2,Oesophagus,36,Australia,1,1,1996,4.767856762,6.631387102,0.5538756362,604
2,Oesophagus,36,Australia,1,1,1997,5.08449299,7.084514674,0.6068517635,652
2,Oesophagus,36,Australia,1,1,1998,4.833307664,6.950216866,0.5792467804,646
2,Oesophagus,36,Australia,1,1,1999,4.64444333,6.864222904,0.5415773574,645
2,Oesophagus,36,Australia,1,1,2000,4.831382027,7.185441517,0.5463225208,683
2,Oesophagus,36,Australia,1,1,2001,4.696411828,7.247692057,0.5510192364,698
2,Oesophagus,36,Australia,1,1,2002,4.558836882,7.023657542,0.5206375856,686
2,Oesophagus,36,Australia,1,1,2003,4.95789047,7.768310297,0.5959989159,767
2,Oesophagus,36,Australia,1,1,2004,4.865361692,7.720850066,0.5634628121,772
2,Oesophagus,36,Australia,1,1,2005,4.911890656,7.850167919,0.573780757,790
2,Oesophagus,36,Australia,1,1,2006,4.98736844,8.017326905,0.5859719284,812
2,Oesophagus,36,Australia,1,1,2007,4.618675496,7.541386701,0.5282809024,790
2,Oesophagus,36,Australia,1,1,2008,4.708437011,7.881360377,0.5537048198,843
2,Oesophagus,36,Australia,1,1,2009,4.491912953,7.50203813,0.5364102416,820
2,Oesophagus,36,Australia,1,1,2010,4.785846949,7.918744849,0.5792695693,879
2,Oesophagus,36,Australia,1,1,2011,4.668499901,8.112799209,0.5361907527,902
2,Oesophagus,36,Australia,1,1,2012,4.392237026,7.769943895,0.4972332802,879
2,Oesophagus,36,Australia,1,1,2013,4.386324541,7.665840952,0.5165682442,882
2,Oesophagus,36,Australia,1,1,2014,4.121223369,7.440455805,0.4751768552,869
2,Oesophagus,36,Australia,1,1,2015,4.338522021,8.023570528,0.5087982996,949
2,Oesophagus,36,Australia,1,1,2016,4.437269534,8.23124877,0.5261680885,988
2,Oesophagus,36,Australia,1,1,2017,4.102284894,7.587541879,0.4899078221,926
2,Oesophagus,36,Australia,1,1,2018,4.175340083,7.982101368,0.494308992,989
2,Oesophagus,36,Australia,1,1,2019,4.268781602,8.237113747,0.4983804675,1036
2,Oesophagus,36,Australia,1,1,2020,4.007941739,8.05270697,0.4509074138,1025
2,Oesophagus,36,Australia,1,1,2021,3.788024704,7.741534706,0.4527082723,987
2,Oesophagus,36,Australia,1,1,2022,3.929902449,8.026506064,0.4572830447,1036
2,Oesophagus,36,Australia,1,1,2023,3.644811919,7.719855006,0.4327844289,1021
2,Oesophagus,36,Australia,2,0,1993,2.231364149,3.982607401,0.2572848047,353
2,Oesophagus,36,Australia,2,0,1994,2.095396466,3.785726538,0.2334420237,339
2,Oesophagus,36,Australia,2,0,1995,2.242660285,3.996447357,0.2641937855,362
2,Oesophagus,36,Australia,2,0,1996,2.093317089,3.858913753,0.2373551412,354
2,Oesophagus,36,Australia,2,0,1997,1.99063759,3.751343288,0.2375646197,348
2,Oesophagus,36,Australia,2,0,1998,2.119353554,4.019076649,0.2394466056,377
2,Oesophagus,36,Australia,2,0,1999,2.107269052,3.930482515,0.2365588836,373
2,Oesophagus,36,Australia,2,0,2000,1.899983982,3.778925567,0.2041592408,363
2,Oesophagus,36,Australia,2,0,2001,2.004101972,3.872131336,0.238308809,377
2,Oesophagus,36,Australia,2,0,2002,1.808153971,3.708480513,0.1954574476,365
2,Oesophagus,36,Australia,2,0,2003,1.894407801,3.995041331,0.2040564836,398
2,Oesophagus,36,Australia,2,0,2004,1.905058891,4.002240858,0.1942750428,403
2,Oesophagus,36,Australia,2,0,2005,1.664622911,3.550986924,0.1803240034,362
2,Oesophagus,36,Australia,2,0,2006,1.614265578,3.502689669,0.176554955,362
2,Oesophagus,36,Australia,2,0,2007,1.6992497,3.822282136,0.1804372651,402
2,Oesophagus,36,Australia,2,0,2008,1.654206628,3.596651967,0.1919254449,384
2,Oesophagus,36,Australia,2,0,2009,1.625956425,3.443309581,0.1896874931,375
2,Oesophagus,36,Australia,2,0,2010,1.789337777,3.7508462,0.2010551483,415
2,Oesophagus,36,Australia,2,0,2011,1.678618184,3.671753441,0.1883994314,412
2,Oesophagus,36,Australia,2,0,2012,1.61489219,3.662245309,0.168492565,418
2,Oesophagus,36,Australia,2,0,2013,1.579598687,3.648462702,0.1665520831,424
2,Oesophagus,36,Australia,2,0,2014,1.734711324,3.811217038,0.2009299608,450
2,Oesophagus,36,Australia,2,0,2015,1.531271162,3.436901697,0.1680421663,412
2,Oesophagus,36,Australia,2,0,2016,1.506826135,3.323620702,0.1659429542,405
2,Oesophagus,36,Australia,2,0,2017,1.569439547,3.428395342,0.1794228589,425
2,Oesophagus,36,Australia,2,1,1951,1.113739291,1.391554702,0.1269834999,58
2,Oesophagus,36,Australia,2,1,1952,1.275655444,1.57133141,0.1526049108,67
2,Oesophagus,36,Australia,2,1,1953,1.33014266,1.677119949,0.1209796991,73
2,Oesophagus,36,Australia,2,1,1954,1.233617088,1.576434555,0.1277667901,70
2,Oesophagus,36,Australia,2,1,1955,0.9683617431,1.32059691,0.1038715805,60
2,Oesophagus,36,Australia,2,1,1956,1.347710209,1.763630498,0.1221246824,82
2,Oesophagus,36,Australia,2,1,1957,1.315595468,1.702431745,0.1426826774,81
2,Oesophagus,36,Australia,2,1,1958,1.427426288,1.870196062,0.1563003644,91
2,Oesophagus,36,Australia,2,1,1959,1.243178565,1.688035047,0.1237667423,84
2,Oesophagus,36,Australia,2,1,1960,0.9774938522,1.298522439,0.09702722582,66
2,Oesophagus,36,Australia,2,1,1961,1.34168582,1.77062684,0.1628091617,92
2,Oesophagus,36,Australia,2,1,1962,1.414848258,1.810876577,0.1506613982,96
2,Oesophagus,36,Australia,2,1,1963,1.176931363,1.572036249,0.1225773422,85
2,Oesophagus,36,Australia,2,1,1964,1.420362305,1.994054093,0.1273410967,110
2,Oesophagus,36,Australia,2,1,1965,1.441455249,1.937295606,0.1695403198,109
2,Oesophagus,36,Australia,2,1,1966,1.623765882,2.214820111,0.1944416343,127
2,Oesophagus,36,Australia,2,1,1967,1.551416743,2.030855348,0.1782461872,119
2,Oesophagus,36,Australia,2,1,1968,1.585270033,2.196070542,0.1744643696,131
2,Oesophagus,36,Australia,2,1,1969,1.416184229,1.98595063,0.1427246336,121
2,Oesophagus,36,Australia,2,1,1970,1.703441174,2.316863225,0.1788101907,144
2,Oesophagus,36,Australia,2,1,1971,1.564096251,2.159861264,0.1601180139,137
2,Oesophagus,36,Australia,2,1,1972,1.585590806,2.171721089,0.1783372302,140
2,Oesophagus,36,Australia,2,1,1973,1.710138829,2.386379281,0.1779787847,156
2,Oesophagus,36,Australia,2,1,1974,1.643616624,2.304320978,0.1672632028,153
2,Oesophagus,36,Australia,2,1,1975,1.755854675,2.551689948,0.1873876904,175
2,Oesophagus,36,Australia,2,1,1976,1.885146852,2.724834924,0.1877881652,189
2,Oesophagus,36,Australia,2,1,1977,1.69622691,2.407750392,0.1949357336,169
2,Oesophagus,36,Australia,2,1,1978,1.949925426,2.869480821,0.1991517438,204
2,Oesophagus,36,Australia,2,1,1979,1.609610561,2.472874786,0.1817846202,178
2,Oesophagus,36,Australia,2,1,1980,1.515287817,2.316115504,0.1720388882,169
2,Oesophagus,36,Australia,2,1,1981,1.636023458,2.581180121,0.1762101398,193
2,Oesophagus,36,Australia,2,1,1982,1.630661062,2.486155141,0.1765622829,189
2,Oesophagus,36,Australia,2,1,1983,1.736294107,2.739085846,0.1883671692,211
2,Oesophagus,36,Australia,2,1,1984,1.597035666,2.642821404,0.1903737568,206
2,Oesophagus,36,Australia,2,1,1985,1.957555973,3.165518639,0.2239662002,250
2,Oesophagus,36,Australia,2,1,1986,1.570847269,2.70634307,0.1715105725,217
2,Oesophagus,36,Australia,2,1,1987,1.892601088,3.19308329,0.2121436325,260
2,Oesophagus,36,Australia,2,1,1988,1.951867763,3.393309987,0.2030248423,281
2,Oesophagus,36,Australia,2,1,1989,1.850961926,3.192158445,0.2167710539,269
2,Oesophagus,36,Australia,2,1,1990,1.515528445,2.618719166,0.1666320083,224
2,Oesophagus,36,Australia,2,1,1991,1.793657645,3.19547788,0.2097667774,277
2,Oesophagus,36,Australia,2,1,1992,1.595327289,2.94121,0.1667049707,258
2,Oesophagus,36,Australia,2,1,1993,1.695388269,3.14859329,0.1921213292,279
2,Oesophagus,36,Australia,2,1,1994,1.736461225,3.384075857,0.1838892943,303
2,Oesophagus,36,Australia,2,1,1995,1.667043893,3.229148298,0.1766149507,293
2,Oesophagus,36,Australia,2,1,1996,1.83352986,3.5202851,0.2074107104,324
2,Oesophagus,36,Australia,2,1,1997,1.552162344,3.134933216,0.1643365473,292
2,Oesophagus,36,Australia,2,1,1998,1.666566503,3.504450705,0.1683807793,330
2,Oesophagus,36,Australia,2,1,1999,1.501403697,3.085219104,0.1641559767,294
2,Oesophagus,36,Australia,2,1,2000,1.369016171,2.985059466,0.1321587263,288
2,Oesophagus,36,Australia,2,1,2001,1.638840193,3.485785152,0.177849038,341
2,Oesophagus,36,Australia,2,1,2002,1.486799278,3.212338288,0.1628791473,318
2,Oesophagus,36,Australia,2,1,2003,1.610079742,3.630290786,0.1623705408,363
2,Oesophagus,36,Australia,2,1,2004,1.423755858,3.118259908,0.1479107012,316
2,Oesophagus,36,Australia,2,1,2005,1.425812265,3.284220029,0.1401687146,335
2,Oesophagus,36,Australia,2,1,2006,1.456017694,3.496732698,0.13527222,359
2,Oesophagus,36,Australia,2,1,2007,1.227144864,2.906503538,0.1069677309,308
2,Oesophagus,36,Australia,2,1,2008,1.404943476,3.4159022,0.1395251741,369
2,Oesophagus,36,Australia,2,1,2009,1.387976604,3.239160856,0.1414963534,357
2,Oesophagus,36,Australia,2,1,2010,1.323894116,3.07217714,0.135976941,344
2,Oesophagus,36,Australia,2,1,2011,1.240823995,2.913973617,0.1401742712,327
2,Oesophagus,36,Australia,2,1,2012,1.171043276,2.8382634,0.1141503065,324
2,Oesophagus,36,Australia,2,1,2013,1.211845005,3.126139469,0.1202934819,363
2,Oesophagus,36,Australia,2,1,2014,1.079984468,2.782300778,0.09788370935,329
2,Oesophagus,36,Australia,2,1,2015,1.313705693,3.169745811,0.1415493718,380
2,Oesophagus,36,Australia,2,1,2016,1.167473963,2.871708161,0.1165696824,350
2,Oesophagus,36,Australia,2,1,2017,1.131292328,2.744151608,0.1231598223,340
2,Oesophagus,36,Australia,2,1,2018,1.025945943,2.736013582,0.09727627029,344
2,Oesophagus,36,Australia,2,1,2019,1.120904332,2.868877035,0.1160304233,366
2,Oesophagus,36,Australia,2,1,2020,0.9553654278,2.461184299,0.09750689106,318
2,Oesophagus,36,Australia,2,1,2021,1.156317696,2.991650743,0.1277494282,387
2,Oesophagus,36,Australia,2,1,2022,1.028021962,2.77135095,0.1047192477,363
2,Oesophagus,36,Australia,2,1,2023,0.9665985169,2.773447993,0.08998854533,372
2,Oesophagus,372,Ireland,1,0,1994,7.672952175,9.654758196,0.9190189702,172
2,Oesophagus,372,Ireland,1,0,1995,7.567987691,9.436759473,0.8896418998,169
2,Oesophagus,372,Ireland,1,0,1996,8.22573869,10.44309845,1.034949984,188
2,Oesophagus,372,Ireland,1,0,1997,8.614261592,11.1025979,1.033443704,202
2,Oesophagus,372,Ireland,1,0,1998,6.544983955,8.429140027,0.8198767437,155
2,Oesophagus,372,Ireland,1,0,1999,8.095728001,10.43789105,0.9554325112,194
2,Oesophagus,372,Ireland,1,0,2000,7.377880922,9.771921234,0.8959474461,184
2,Oesophagus,372,Ireland,1,0,2001,8.513312438,11.23813984,1.005790122,215
2,Oesophagus,372,Ireland,1,0,2002,7.39801914,9.814178045,0.853294582,191
2,Oesophagus,372,Ireland,1,0,2003,7.322000614,9.66152296,0.8876750448,191
2,Oesophagus,372,Ireland,1,0,2004,8.762295864,11.73012365,1.038467707,236
2,Oesophagus,372,Ireland,1,0,2005,7.883718652,10.47612535,0.8978845885,216
2,Oesophagus,372,Ireland,1,0,2006,7.788494574,10.29602488,0.9587555623,218
2,Oesophagus,372,Ireland,1,0,2007,8.997790356,12.0477804,0.988304447,264
2,Oesophagus,372,Ireland,1,0,2008,7.723888465,10.09568115,0.981768643,226
2,Oesophagus,372,Ireland,1,0,2009,8.325721008,11.38507147,0.9787418336,257
2,Oesophagus,372,Ireland,1,0,2010,7.699205287,10.78605116,0.8973286879,244
2,Oesophagus,372,Ireland,1,0,2011,7.567968031,10.7465032,0.9581156938,244
2,Oesophagus,372,Ireland,1,0,2012,7.249640123,10.505416,0.9175008892,239
2,Oesophagus,372,Ireland,1,0,2013,7.729956602,11.54789467,0.9542796906,264
2,Oesophagus,372,Ireland,1,0,2014,6.956063089,10.87409924,0.8479215594,250
2,Oesophagus,372,Ireland,1,0,2015,7.125533557,11.21793074,0.8278624592,260
2,Oesophagus,372,Ireland,1,0,2016,7.788837593,12.74213248,0.94736527,299
2,Oesophagus,372,Ireland,1,0,2017,8.918917493,14.20678503,1.077372947,337
2,Oesophagus,372,Ireland,1,1,1951,4.809168706,6.360526705,0.6150246402,95
2,Oesophagus,372,Ireland,1,1,1952,4.101510459,5.419258237,0.5273813273,81
2,Oesophagus,372,Ireland,1,1,1953,4.034419125,5.582892672,0.5074993996,83
2,Oesophagus,372,Ireland,1,1,1954,4.332839391,6.157058442,0.5564409269,91
2,Oesophagus,372,Ireland,1,1,1955,4.569460352,5.994023686,0.6215871808,88
2,Oesophagus,372,Ireland,1,1,1956,4.340579139,5.965922241,0.5587059155,87
2,Oesophagus,372,Ireland,1,1,1957,4.188530338,5.520637523,0.5194604149,80
2,Oesophagus,372,Ireland,1,1,1958,4.433018921,6.251760478,0.5733596537,90
2,Oesophagus,372,Ireland,1,1,1959,4.365257191,5.943904229,0.4961227565,85
2,Oesophagus,372,Ireland,1,1,1960,4.764848388,6.820045026,0.6435737594,97
2,Oesophagus,372,Ireland,1,1,1961,5.780539075,7.889190682,0.7276980999,112
2,Oesophagus,372,Ireland,1,1,1962,5.963944496,8.504725218,0.7148312767,121
2,Oesophagus,372,Ireland,1,1,1963,4.23030491,6.020269407,0.52140598,86
2,Oesophagus,372,Ireland,1,1,1964,5.947524433,8.289222826,0.6954467715,119
2,Oesophagus,372,Ireland,1,1,1965,4.958651984,7.135632439,0.5445248883,103
2,Oesophagus,372,Ireland,1,1,1966,4.682777764,6.615253741,0.5815025603,96
2,Oesophagus,372,Ireland,1,1,1967,4.405864072,5.823840473,0.5729661862,85
2,Oesophagus,372,Ireland,1,1,1968,4.675326537,6.402031215,0.5640127897,94
2,Oesophagus,372,Ireland,1,1,1969,5.770725435,7.717948258,0.6621164808,114
2,Oesophagus,372,Ireland,1,1,1970,4.834568568,6.455528303,0.5326684914,96
2,Oesophagus,372,Ireland,1,1,1971,5.681234069,7.31880307,0.6709831858,110
2,Oesophagus,372,Ireland,1,1,1972,4.929738019,6.227778712,0.5547574574,95
2,Oesophagus,372,Ireland,1,1,1973,6.093073198,7.679889306,0.7342108971,119
2,Oesophagus,372,Ireland,1,1,1974,5.094765287,6.735348156,0.5561241171,106
2,Oesophagus,372,Ireland,1,1,1975,5.709346781,7.383255402,0.606557831,118
2,Oesophagus,372,Ireland,1,1,1976,5.759182029,7.456271433,0.6698074243,121
2,Oesophagus,372,Ireland,1,1,1977,6.175884927,7.767350851,0.7028221901,128
2,Oesophagus,372,Ireland,1,1,1978,7.143380481,8.961783371,0.8305968136,150
2,Oesophagus,372,Ireland,1,1,1979,5.220744932,6.188932185,0.6346751256,105
2,Oesophagus,372,Ireland,1,1,1980,6.095588092,7.052928146,0.6869800517,121
2,Oesophagus,372,Ireland,1,1,1981,6.011917278,7.681618292,0.6093982716,133
2,Oesophagus,372,Ireland,1,1,1982,6.136611112,6.998697497,0.7308980891,122
2,Oesophagus,372,Ireland,1,1,1983,6.544742022,7.874060676,0.742448386,138
2,Oesophagus,372,Ireland,1,1,1984,5.9898692,7.100999792,0.6583345568,125
2,Oesophagus,372,Ireland,1,1,1985,6.595691377,7.69956305,0.7955084923,136
2,Oesophagus,372,Ireland,1,1,1986,6.25271547,7.346523357,0.6945378997,130
2,Oesophagus,372,Ireland,1,1,1987,6.469563279,7.870716405,0.7962732728,139
2,Oesophagus,372,Ireland,1,1,1988,7.032791779,8.433841358,0.8723245686,148
2,Oesophagus,372,Ireland,1,1,1989,6.745216335,8.249277114,0.8608927729,144
2,Oesophagus,372,Ireland,1,1,1990,7.487683481,9.272376046,0.8131286374,162
2,Oesophagus,372,Ireland,1,1,1991,7.846725115,9.898247157,0.9652024453,174
2,Oesophagus,372,Ireland,1,1,1992,6.999613067,9.038217822,0.8162508341,160
2,Oesophagus,372,Ireland,1,1,1993,7.928713779,10.45600551,0.9022271736,186
2,Oesophagus,372,Ireland,1,1,1994,8.548308311,10.98294869,0.9818414093,196
2,Oesophagus,372,Ireland,1,1,1995,6.823392015,9.088790232,0.7573550798,163
2,Oesophagus,372,Ireland,1,1,1996,8.052370329,10.46064762,0.9444204354,189
2,Oesophagus,372,Ireland,1,1,1997,8.643112727,11.18720666,1.031450162,204
2,Oesophagus,372,Ireland,1,1,1998,7.833652094,10.25406758,0.9148258827,189
2,Oesophagus,372,Ireland,1,1,1999,7.459179478,9.975653506,0.8307402747,186
2,Oesophagus,372,Ireland,1,1,2000,8.188962921,11.00415857,1.00108663,208
2,Oesophagus,372,Ireland,1,1,2001,7.238391687,9.945241293,0.7614891532,191
2,Oesophagus,372,Ireland,1,1,2002,7.157202886,9.732190603,0.8204652685,190
2,Oesophagus,372,Ireland,1,1,2003,7.921048093,10.37938412,0.8990289739,206
2,Oesophagus,372,Ireland,1,1,2004,7.403853634,9.929895432,0.9247979009,201
2,Oesophagus,372,Ireland,1,1,2005,6.598363646,9.113119855,0.7213102438,189
2,Oesophagus,372,Ireland,1,1,2006,7.161033758,9.740896828,0.7705045402,208
2,Oesophagus,372,Ireland,1,1,2007,7.046987018,9.511783803,0.8022540188,209
2,Oesophagus,372,Ireland,1,1,2008,8.462556428,11.25855198,1.01044593,252
2,Oesophagus,372,Ireland,1,1,2009,7.231862577,10.23860833,0.7997772821,231
2,Oesophagus,372,Ireland,1,1,2010,6.568631223,9.362189781,0.7872669295,212
2,Oesophagus,372,Ireland,1,1,2011,7.004412669,10.21438542,0.8065381611,232
2,Oesophagus,372,Ireland,1,1,2012,6.654254866,10.09153461,0.8141891277,230
2,Oesophagus,372,Ireland,1,1,2013,7.240663644,11.26556875,0.8660150096,258
2,Oesophagus,372,Ireland,1,1,2014,7.442188376,11.71420973,0.9159218863,270
2,Oesophagus,372,Ireland,1,1,2015,7.096555745,11.77773775,0.7954541231,274
2,Oesophagus,372,Ireland,1,1,2016,7.188620478,12.19909778,0.8214389816,287
2,Oesophagus,372,Ireland,1,1,2017,6.535133471,11.17012286,0.7587696943,266
2,Oesophagus,372,Ireland,1,1,2018,6.937574572,12.2255519,0.7920789438,295
2,Oesophagus,372,Ireland,1,1,2019,6.458363035,11.41853855,0.6944061512,279
2,Oesophagus,372,Ireland,1,1,2020,6.899354161,12.07865311,0.8237584925,298
2,Oesophagus,372,Ireland,1,1,2021,6.554204556,12.09018879,0.7524749399,301
2,Oesophagus,372,Ireland,1,1,2022,6.897555604,12.92453337,0.7674933643,327
2,Oesophagus,372,Ireland,2,0,1994,4.049451555,7.093629256,0.4288608723,128
2,Oesophagus,372,Ireland,2,0,1995,4.289656049,7.437422355,0.4616064591,135
2,Oesophagus,372,Ireland,2,0,1996,3.560764297,6.07934365,0.359750073,111
2,Oesophagus,372,Ireland,2,0,1997,3.298580868,5.691306773,0.361091029,105
2,Oesophagus,372,Ireland,2,0,1998,3.481654114,6.276073195,0.3830332617,117
2,Oesophagus,372,Ireland,2,0,1999,3.359145177,6.107165351,0.320626784,115
2,Oesophagus,372,Ireland,2,0,2000,3.745193744,6.503758018,0.411360958,124
2,Oesophagus,372,Ireland,2,0,2001,3.612964161,6.256236848,0.425307315,121
2,Oesophagus,372,Ireland,2,0,2002,3.33133664,5.834486279,0.3563760683,115
2,Oesophagus,372,Ireland,2,0,2003,3.803960783,6.490462266,0.4430539742,130
2,Oesophagus,372,Ireland,2,0,2004,3.495402682,6.344447428,0.4215028123,129
2,Oesophagus,372,Ireland,2,0,2005,3.217519706,5.888008154,0.3146528732,122
2,Oesophagus,372,Ireland,2,0,2006,3.482306732,5.955737526,0.3875849994,126
2,Oesophagus,372,Ireland,2,0,2007,3.459988327,6.179714332,0.3801272671,135
2,Oesophagus,372,Ireland,2,0,2008,3.583674177,6.098405111,0.3771364145,137
2,Oesophagus,372,Ireland,2,0,2009,3.091131356,5.404092084,0.3780079433,123
2,Oesophagus,372,Ireland,2,0,2010,3.136652335,5.45236768,0.3743057049,125
2,Oesophagus,372,Ireland,2,0,2011,3.126805147,5.988590433,0.3516761037,138
2,Oesophagus,372,Ireland,2,0,2012,3.40519995,6.210430072,0.4047159153,144
2,Oesophagus,372,Ireland,2,0,2013,2.799875453,5.282284421,0.2925119765,123
2,Oesophagus,372,Ireland,2,0,2014,3.212261272,6.05182665,0.3623957644,142
2,Oesophagus,372,Ireland,2,0,2015,3.401996241,6.666472579,0.3621202286,158
2,Oesophagus,372,Ireland,2,0,2016,3.072291127,5.80848465,0.3687257588,139
2,Oesophagus,372,Ireland,2,0,2017,2.885253566,5.742890384,0.3268871784,139
2,Oesophagus,372,Ireland,2,1,1951,3.19067272,4.226492905,0.3522456263,61
2,Oesophagus,372,Ireland,2,1,1952,3.269888627,4.285340059,0.3601621319,62
2,Oesophagus,372,Ireland,2,1,1953,2.805976151,3.951758047,0.3198221274,57
2,Oesophagus,372,Ireland,2,1,1954,3.828698106,5.357658494,0.4783727711,77
2,Oesophagus,372,Ireland,2,1,1955,3.199609586,4.191674078,0.4299302878,60
2,Oesophagus,372,Ireland,2,1,1956,3.044791146,4.209132133,0.4096209593,60
2,Oesophagus,372,Ireland,2,1,1957,3.523540758,5.00003169,0.4158256361,71
2,Oesophagus,372,Ireland,2,1,1958,3.267881274,4.87837642,0.3812665102,69
2,Oesophagus,372,Ireland,2,1,1959,3.086200677,4.612608316,0.4140790981,65
2,Oesophagus,372,Ireland,2,1,1960,3.360541239,4.909594094,0.4539819182,69
2,Oesophagus,372,Ireland,2,1,1961,3.195165667,4.341548944,0.3351107716,61
2,Oesophagus,372,Ireland,2,1,1962,3.27927759,4.75596572,0.4346047336,67
2,Oesophagus,372,Ireland,2,1,1963,3.773569532,5.726297811,0.4287838557,81
2,Oesophagus,372,Ireland,2,1,1964,4.108609912,5.979315087,0.5006143632,85
2,Oesophagus,372,Ireland,2,1,1965,3.279688207,4.966102851,0.3909786551,71
2,Oesophagus,372,Ireland,2,1,1966,4.57926776,6.607796992,0.530673661,95
2,Oesophagus,372,Ireland,2,1,1967,4.080625292,6.017005302,0.4912197994,87
2,Oesophagus,372,Ireland,2,1,1968,4.5408814,6.875165219,0.5377907075,100
2,Oesophagus,372,Ireland,2,1,1969,3.396647444,5.19240597,0.4078294872,76
2,Oesophagus,372,Ireland,2,1,1970,4.348795634,6.782852406,0.4764715536,100
2,Oesophagus,372,Ireland,2,1,1971,3.992533416,6.375229215,0.4286925356,95
2,Oesophagus,372,Ireland,2,1,1972,4.340771614,6.284193039,0.503319963,95
2,Oesophagus,372,Ireland,2,1,1973,4.42971526,6.514942346,0.5070340562,100
2,Oesophagus,372,Ireland,2,1,1974,4.332782734,6.352706092,0.5514011894,99
2,Oesophagus,372,Ireland,2,1,1975,3.768480161,5.752548743,0.3941891797,91
2,Oesophagus,372,Ireland,2,1,1976,3.857849216,5.480794952,0.4628965835,88
2,Oesophagus,372,Ireland,2,1,1977,3.585814196,5.276615849,0.3945549472,86
2,Oesophagus,372,Ireland,2,1,1978,3.981877454,5.859579113,0.4584897521,97
2,Oesophagus,372,Ireland,2,1,1979,3.476546569,5.002310591,0.3700434149,84
2,Oesophagus,372,Ireland,2,1,1980,4.193675104,6.236614813,0.4370631671,106
2,Oesophagus,372,Ireland,2,1,1981,3.84758037,5.822685824,0.4189857679,100
2,Oesophagus,372,Ireland,2,1,1982,3.766995703,5.599315844,0.4500044048,97
2,Oesophagus,372,Ireland,2,1,1983,4.121922566,6.131743664,0.4364213429,107
2,Oesophagus,372,Ireland,2,1,1984,3.435937534,5.809850431,0.3974829791,102
2,Oesophagus,372,Ireland,2,1,1985,3.502483738,5.439289176,0.3963934537,96
2,Oesophagus,372,Ireland,2,1,1986,3.80077238,5.924427996,0.4013546109,105
2,Oesophagus,372,Ireland,2,1,1987,3.599731825,5.748614767,0.42162307,102
2,Oesophagus,372,Ireland,2,1,1988,3.49252323,6.270263614,0.37350675,111
2,Oesophagus,372,Ireland,2,1,1989,4.134526525,7.023653285,0.4504855086,124
2,Oesophagus,372,Ireland,2,1,1990,3.955157404,7.01796883,0.4008335087,124
2,Oesophagus,372,Ireland,2,1,1991,3.233012905,5.516859353,0.3778146911,98
2,Oesophagus,372,Ireland,2,1,1992,4.040365969,7.04634735,0.4257659494,126
2,Oesophagus,372,Ireland,2,1,1993,3.075022113,5.508446284,0.3234416187,99
2,Oesophagus,372,Ireland,2,1,1994,4.009128384,7.033782092,0.4570155704,127
2,Oesophagus,372,Ireland,2,1,1995,3.842409704,6.933442801,0.445278474,126
2,Oesophagus,372,Ireland,2,1,1996,3.381200022,6.223599178,0.3485360837,114
2,Oesophagus,372,Ireland,2,1,1997,2.970136898,5.787597341,0.3041692088,107
2,Oesophagus,372,Ireland,2,1,1998,2.99299483,5.567742428,0.3330301105,104
2,Oesophagus,372,Ireland,2,1,1999,3.37306248,6.248682746,0.314874979,118
2,Oesophagus,372,Ireland,2,1,2000,3.052643233,5.961125617,0.3074412892,114
2,Oesophagus,372,Ireland,2,1,2001,3.756835176,6.795490986,0.3863992292,132
2,Oesophagus,372,Ireland,2,1,2002,2.652734884,5.060321563,0.2657997117,100
2,Oesophagus,372,Ireland,2,1,2003,3.040651153,6.025201776,0.2662044064,121
2,Oesophagus,372,Ireland,2,1,2004,3.307553108,6.072852683,0.3772971373,124
2,Oesophagus,372,Ireland,2,1,2005,3.022100576,5.477211676,0.3354551048,114
2,Oesophagus,372,Ireland,2,1,2006,2.940971975,5.577818656,0.2847762097,119
2,Oesophagus,372,Ireland,2,1,2007,2.781051829,5.46388746,0.2669456547,120
2,Oesophagus,372,Ireland,2,1,2008,2.756985833,5.249808582,0.2915052072,118
2,Oesophagus,372,Ireland,2,1,2009,2.706306064,5.224830149,0.2951424026,119
2,Oesophagus,372,Ireland,2,1,2010,2.414236261,4.924492924,0.2228146339,113
2,Oesophagus,372,Ireland,2,1,2011,2.710797303,5.501894038,0.2809332029,127
2,Oesophagus,372,Ireland,2,1,2012,3.110652708,6.290408334,0.3545199639,146
2,Oesophagus,372,Ireland,2,1,2013,2.534344783,4.883225585,0.2434600557,114
2,Oesophagus,372,Ireland,2,1,2014,2.389527959,4.84416759,0.2617527188,114
2,Oesophagus,372,Ireland,2,1,2015,2.577977641,5.555405915,0.2792534793,132
2,Oesophagus,372,Ireland,2,1,2016,2.774361509,5.914522652,0.3040142078,142
2,Oesophagus,372,Ireland,2,1,2017,2.564776952,5.599224013,0.272423284,136
2,Oesophagus,372,Ireland,2,1,2018,2.384010718,5.529407197,0.2231146535,136
2,Oesophagus,372,Ireland,2,1,2019,2.888088792,6.58609146,0.2882189797,164
2,Oesophagus,372,Ireland,2,1,2020,2.459753725,5.645126666,0.2615345421,142
2,Oesophagus,372,Ireland,2,1,2021,1.902233346,4.569081459,0.1973007588,116
2,Oesophagus,372,Ireland,2,1,2022,2.030857322,5.000109499,0.2061031521,129
2,Oesophagus,376,Israel,1,0,1963,2.421280871,1.985341561,0.2114886404,24
2,Oesophagus,376,Israel,1,0,1964,2.586618416,2.147757781,0.236809187,27
2,Oesophagus,376,Israel,1,0,1965,2.205890821,1.846756173,0.2837499708,24
2,Oesophagus,376,Israel,1,0,1966,2.250730767,2.026562987,0.2148427468,27
2,Oesophagus,376,Israel,1,0,1967,2.213725566,1.915711635,0.1999344571,26
2,Oesophagus,376,Israel,1,0,1968,1.661587396,1.482143349,0.2122773313,21
2,Oesophagus,376,Israel,1,0,1969,2.430228594,2.272046598,0.2942321738,33
2,Oesophagus,376,Israel,1,0,1970,2.239655277,2.07883478,0.2924691705,31
2,Oesophagus,376,Israel,1,0,1971,1.791487099,1.695008071,0.1778372515,26
2,Oesophagus,376,Israel,1,0,1972,1.6614262,1.643684585,0.2287264593,26
2,Oesophagus,376,Israel,1,0,1973,1.812118548,1.763203047,0.181253425,29
2,Oesophagus,376,Israel,1,0,1974,2.135378486,2.126380227,0.2413062687,36
2,Oesophagus,376,Israel,1,0,1975,2.53874971,2.599455154,0.2837907588,45
2,Oesophagus,376,Israel,1,0,1976,1.883042646,1.978435058,0.2016772745,35
2,Oesophagus,376,Israel,1,0,1977,1.729937077,1.834187249,0.1372414828,33
2,Oesophagus,376,Israel,1,0,1978,1.917799943,2.057228859,0.2144580181,38
2,Oesophagus,376,Israel,1,0,1979,1.712732115,1.796172462,0.1737293616,34
2,Oesophagus,376,Israel,1,0,1980,1.533444578,1.688869328,0.1852726685,33
2,Oesophagus,376,Israel,1,0,1981,1.6464706,1.769838115,0.2093753153,35
2,Oesophagus,376,Israel,1,0,1982,1.315019213,1.388999127,0.1343952813,28
2,Oesophagus,376,Israel,1,0,1983,1.651691803,1.772683829,0.158053115,36
2,Oesophagus,376,Israel,1,0,1984,1.079092688,1.342481385,0.09431635301,28
2,Oesophagus,376,Israel,1,0,1985,1.835824676,2.035695687,0.2384455517,43
2,Oesophagus,376,Israel,1,0,1986,0.8761096355,1.072211086,0.09428097317,23
2,Oesophagus,376,Israel,1,0,1987,1.289643517,1.514456173,0.1267320633,33
2,Oesophagus,376,Israel,1,0,1988,1.455001323,1.58013544,0.1773103176,35
2,Oesophagus,376,Israel,1,0,1989,1.764742901,2.174491879,0.1868127033,49
2,Oesophagus,376,Israel,1,0,1990,1.709285507,1.766556077,0.199868704,41
2,Oesophagus,376,Israel,1,0,1991,1.668248066,1.952273422,0.1867649933,48
2,Oesophagus,376,Israel,1,0,1992,1.730011002,2.241976086,0.17747901,57
2,Oesophagus,376,Israel,1,0,1993,2.605580203,2.835466319,0.3009100909,74
2,Oesophagus,376,Israel,1,0,1994,2.495650913,2.765424717,0.2962447568,74
2,Oesophagus,376,Israel,1,0,1995,3.225585232,3.313428488,0.3771800686,91
2,Oesophagus,376,Israel,1,0,1996,1.563563715,1.881300582,0.1366865241,53
2,Oesophagus,376,Israel,1,0,1997,2.192550386,2.503912363,0.2656598066,72
2,Oesophagus,376,Israel,1,0,1998,2.296401468,2.580207096,0.2338676587,76
2,Oesophagus,376,Israel,1,0,1999,2.190312813,2.448871534,0.2958396209,74
2,Oesophagus,376,Israel,1,0,2000,2.056521829,2.462964011,0.2140077815,74
2,Oesophagus,376,Israel,1,0,2001,1.995856868,2.285341169,0.2329645573,70
2,Oesophagus,376,Israel,1,0,2002,1.916438772,2.245172878,0.2090112979,70
2,Oesophagus,376,Israel,1,0,2003,1.707165847,2.049891198,0.2090192553,65
2,Oesophagus,376,Israel,1,0,2004,2.279724469,2.726399603,0.2659505829,88
2,Oesophagus,376,Israel,1,0,2005,1.876294984,2.404870624,0.1783325438,79
2,Oesophagus,376,Israel,1,0,2006,1.757292768,2.037019238,0.2253747481,71
2,Oesophagus,376,Israel,1,0,2007,1.867596047,2.197676492,0.2341807414,78
2,Oesophagus,376,Israel,1,0,2008,1.9481374,2.434897617,0.2020745334,88
2,Oesophagus,376,Israel,1,0,2009,1.577092842,2.107462769,0.1597565489,78
2,Oesophagus,376,Israel,1,0,2010,1.830506045,2.333601609,0.1830299358,88
2,Oesophagus,376,Israel,1,0,2011,1.66230592,2.055663196,0.1970932573,79
2,Oesophagus,376,Israel,1,0,2012,1.402101731,1.864100915,0.1456910661,73
2,Oesophagus,376,Israel,1,0,2013,1.467876983,1.954227483,0.1715374166,78
2,Oesophagus,376,Israel,1,0,2014,1.51754553,1.916334789,0.1988601905,78
2,Oesophagus,376,Israel,1,0,2015,1.712219272,2.16698706,0.1969502297,90
2,Oesophagus,376,Israel,1,0,2016,1.698144957,2.100427826,0.2129881469,89
2,Oesophagus,376,Israel,1,0,2017,1.458141797,1.874215172,0.1857170684,81
2,Oesophagus,376,Israel,1,1,1976,2.35046267,2.37395433,0.272588761,42
2,Oesophagus,376,Israel,1,1,1977,2.288601628,2.211777716,0.1935307772,40
2,Oesophagus,376,Israel,1,1,1978,1.937943183,2.003140057,0.2401412823,37
2,Oesophagus,376,Israel,1,1,1979,2.131736926,2.271766695,0.2211362113,43
2,Oesophagus,376,Israel,1,1,1980,1.505232237,1.599009646,0.1375477356,31
2,Oesophagus,376,Israel,1,1,1981,1.728033101,1.875316776,0.1513061684,37
2,Oesophagus,376,Israel,1,1,1982,1.841536653,1.988961265,0.2093519975,40
2,Oesophagus,376,Israel,1,1,1983,1.732097578,1.938658846,0.1559274551,39
2,Oesophagus,376,Israel,1,1,1984,1.657231483,1.927060751,0.1878944994,40
2,Oesophagus,376,Israel,1,1,1985,1.876962838,2.035792065,0.1773483865,43
2,Oesophagus,376,Israel,1,1,1986,1.531261585,1.632005968,0.1872010548,35
2,Oesophagus,376,Israel,1,1,1987,1.304783187,1.468563561,0.1453485967,32
2,Oesophagus,376,Israel,1,1,1988,1.985393519,2.076749436,0.2301428668,46
2,Oesophagus,376,Israel,1,1,1989,1.693213126,1.863850182,0.1918522862,42
2,Oesophagus,376,Israel,1,1,1990,1.796796946,2.154151049,0.1835074345,50
2,Oesophagus,376,Israel,1,1,1991,1.652346479,2.033925884,0.1556812564,50
2,Oesophagus,376,Israel,1,1,1992,1.354673676,1.65178747,0.08543523667,42
2,Oesophagus,376,Israel,1,1,1993,1.67615133,2.031273954,0.1724536869,53
2,Oesophagus,376,Israel,1,1,1994,2.032156935,2.35434807,0.2363240676,63
2,Oesophagus,376,Israel,1,1,1995,2.062764535,2.330323332,0.2066704317,64
2,Oesophagus,376,Israel,1,1,1996,2.177970129,2.567302549,0.2425492393,72
2,Oesophagus,376,Israel,1,1,1997,1.609134162,1.982332893,0.2101635817,57
2,Oesophagus,376,Israel,1,1,1998,1.46301332,1.663554575,0.1634069493,49
2,Oesophagus,376,Israel,1,1,1999,1.632447434,1.919407393,0.1629093643,58
2,Oesophagus,376,Israel,1,1,2000,1.198736269,1.482710627,0.1402406895,46
2,Oesophagus,376,Israel,1,1,2001,1.743227708,2.109204869,0.1775832766,67
2,Oesophagus,376,Israel,1,1,2002,1.34086748,1.665773884,0.141249523,54
2,Oesophagus,376,Israel,1,1,2003,2.03171861,2.332027045,0.2188670776,77
2,Oesophagus,376,Israel,1,1,2004,1.705339464,2.052369327,0.1917962406,69
2,Oesophagus,376,Israel,1,1,2005,1.91060733,2.395467075,0.1779683688,82
2,Oesophagus,376,Israel,1,1,2006,1.77335033,2.094386842,0.2313525749,73
2,Oesophagus,376,Israel,1,1,2007,1.4904844,1.831388305,0.165576823,65
2,Oesophagus,376,Israel,1,1,2008,1.852047342,2.158195748,0.2213572709,78
2,Oesophagus,376,Israel,1,1,2009,1.474137502,1.999251091,0.1308067637,74
2,Oesophagus,376,Israel,1,1,2010,1.319747301,1.723534008,0.1426284325,65
2,Oesophagus,376,Israel,1,1,2011,1.523196758,2.030657196,0.1452585627,78
2,Oesophagus,376,Israel,1,1,2012,1.461239911,2.068371067,0.1449293775,81
2,Oesophagus,376,Israel,1,1,2013,1.490284982,2.004335953,0.1777312596,80
2,Oesophagus,376,Israel,1,1,2014,1.246633587,1.744356244,0.1340527651,71
2,Oesophagus,376,Israel,1,1,2015,1.435927743,1.950287676,0.1695057869,81
2,Oesophagus,376,Israel,1,1,2016,1.350398903,1.840824822,0.1486918985,78
2,Oesophagus,376,Israel,1,1,2017,1.305797347,1.827937882,0.1286982943,79
2,Oesophagus,376,Israel,1,1,2018,0.9333591104,1.429451465,0.1037699174,63
2,Oesophagus,376,Israel,1,1,2019,1.270827379,1.780129565,0.1513030257,80
2,Oesophagus,376,Israel,1,1,2020,1.139899606,1.595426518,0.1269306691,73
2,Oesophagus,376,Israel,1,1,2021,1.390326135,1.998037626,0.1575002683,93
2,Oesophagus,376,Israel,1,1,2022,0.9645992775,1.453065357,0.1238631981,69
2,Oesophagus,376,Israel,2,0,1963,2.698430515,2.293858576,0.3669703598,27
2,Oesophagus,376,Israel,2,0,1964,1.335454655,1.141627912,0.1477766837,14
2,Oesophagus,376,Israel,2,0,1965,1.204829636,1.102727755,0.1036775331,14
2,Oesophagus,376,Israel,2,0,1966,1.894296081,1.764543869,0.2113888518,23
2,Oesophagus,376,Israel,2,0,1967,1.77489727,1.729509263,0.1645067088,23
2,Oesophagus,376,Israel,2,0,1968,1.408732373,1.367110066,0.2023103574,19
2,Oesophagus,376,Israel,2,0,1969,1.735917521,1.682282689,0.1841314997,24
2,Oesophagus,376,Israel,2,0,1970,1.747461753,1.704216231,0.1795617526,25
2,Oesophagus,376,Israel,2,0,1971,2.248066901,2.249208312,0.2472429659,34
2,Oesophagus,376,Israel,2,0,1972,1.224890013,1.277244422,0.1140417784,20
2,Oesophagus,376,Israel,2,0,1973,1.379108593,1.469565303,0.1573637306,24
2,Oesophagus,376,Israel,2,0,1974,1.249191349,1.365685432,0.09710987473,23
2,Oesophagus,376,Israel,2,0,1975,1.366633901,1.508008686,0.14636909,26
2,Oesophagus,376,Israel,2,0,1976,1.606114186,1.757304861,0.2021460436,31
2,Oesophagus,376,Israel,2,0,1977,2.021716773,2.271672028,0.2045299581,41
2,Oesophagus,376,Israel,2,0,1978,0.9423982625,1.137921505,0.07820494077,21
2,Oesophagus,376,Israel,2,0,1979,0.8967656987,1.003435446,0.06603711869,19
2,Oesophagus,376,Israel,2,0,1980,1.371827243,1.78859703,0.1049696128,35
2,Oesophagus,376,Israel,2,0,1981,1.029111928,1.211047783,0.1059269072,24
2,Oesophagus,376,Israel,2,0,1982,1.110728171,1.385304688,0.1139015393,28
2,Oesophagus,376,Israel,2,0,1983,1.055083162,1.472954349,0.1027890454,30
2,Oesophagus,376,Israel,2,0,1984,1.177814566,1.439920056,0.1275400398,30
2,Oesophagus,376,Israel,2,0,1985,0.7786098257,1.037148784,0.08122061062,22
2,Oesophagus,376,Israel,2,0,1986,0.9532138081,1.485677144,0.07433544802,32
2,Oesophagus,376,Israel,2,0,1987,0.7183387766,0.9139514692,0.09620765689,20
2,Oesophagus,376,Israel,2,0,1988,0.9960568178,1.347587818,0.1118819199,30
2,Oesophagus,376,Israel,2,0,1989,1.207588632,1.456953642,0.167461053,33
2,Oesophagus,376,Israel,2,0,1990,1.244909378,1.667450511,0.1515011718,39
2,Oesophagus,376,Israel,2,0,1991,0.893384514,1.364120189,0.08302888243,34
2,Oesophagus,376,Israel,2,0,1992,0.8797281788,1.317727308,0.08648702533,34
2,Oesophagus,376,Israel,2,0,1993,0.9987650556,1.545828149,0.07837224906,41
2,Oesophagus,376,Israel,2,0,1994,1.052629413,1.762567473,0.07208863712,48
2,Oesophagus,376,Israel,2,0,1995,1.175111111,1.500911268,0.1399954017,42
2,Oesophagus,376,Israel,2,0,1996,1.163548073,1.775642365,0.1091873977,51
2,Oesophagus,376,Israel,2,0,1997,1.135767912,1.591386199,0.1382714876,47
2,Oesophagus,376,Israel,2,0,1998,0.7871323026,1.388337961,0.0875703809,42
2,Oesophagus,376,Israel,2,0,1999,0.9461468974,1.57891345,0.08980773201,49
2,Oesophagus,376,Israel,2,0,2000,1.05715995,1.678559204,0.1197002393,51
2,Oesophagus,376,Israel,2,0,2001,0.9981844995,1.626949947,0.1008434265,51
2,Oesophagus,376,Israel,2,0,2002,0.7874445524,1.254783863,0.08992026628,40
2,Oesophagus,376,Israel,2,0,2003,0.6361825118,1.2344536,0.04499294822,40
2,Oesophagus,376,Israel,2,0,2004,1.055516561,1.57814871,0.1055802446,52
2,Oesophagus,376,Israel,2,0,2005,0.9612457384,1.462904911,0.1117209103,49
2,Oesophagus,376,Israel,2,0,2006,0.8778709741,1.457321499,0.07899812212,52
2,Oesophagus,376,Israel,2,0,2007,0.9627444303,1.597406253,0.08511059069,58
2,Oesophagus,376,Israel,2,0,2008,0.9069061311,1.732231165,0.06265208592,64
2,Oesophagus,376,Israel,2,0,2009,0.706041275,1.215521469,0.06731294437,46
2,Oesophagus,376,Israel,2,0,2010,0.8053212068,1.323811581,0.08026077959,51
2,Oesophagus,376,Israel,2,0,2011,0.7747282901,1.274620571,0.08232584317,50
2,Oesophagus,376,Israel,2,0,2012,0.8001801003,1.351902465,0.08686509883,54
2,Oesophagus,376,Israel,2,0,2013,0.7764131612,1.474886735,0.08027358065,60
2,Oesophagus,376,Israel,2,0,2014,0.9509367068,1.568004223,0.09531191294,65
2,Oesophagus,376,Israel,2,0,2015,0.7893384291,1.159236787,0.08685153336,49
2,Oesophagus,376,Israel,2,0,2016,0.8732607217,1.531756444,0.08727118955,66
2,Oesophagus,376,Israel,2,0,2017,0.8153647404,1.25243171,0.09946092608,55
2,Oesophagus,376,Israel,2,1,1976,1.191153677,1.247306951,0.1214054825,22
2,Oesophagus,376,Israel,2,1,1977,1.889198477,1.994680851,0.1743178214,36
2,Oesophagus,376,Israel,2,1,1978,1.353804486,1.51720401,0.1679042314,28
2,Oesophagus,376,Israel,2,1,1979,1.024015884,1.161808196,0.1143249643,22
2,Oesophagus,376,Israel,2,1,1980,1.366801578,1.648464867,0.1317476084,32
2,Oesophagus,376,Israel,2,1,1981,1.010083708,1.214083367,0.09985377495,24
2,Oesophagus,376,Israel,2,1,1982,1.342055012,1.587459073,0.1317598287,32
2,Oesophagus,376,Israel,2,1,1983,1.102250951,1.381897147,0.1118932488,28
2,Oesophagus,376,Israel,2,1,1984,1.086732464,1.392022272,0.08415329153,29
2,Oesophagus,376,Israel,2,1,1985,0.570590966,0.8488964346,0.05363254047,18
2,Oesophagus,376,Israel,2,1,1986,0.6931691492,1.067582622,0.04023818782,23
2,Oesophagus,376,Israel,2,1,1987,0.8383523824,1.141604639,0.09404059833,25
2,Oesophagus,376,Israel,2,1,1988,0.7959243103,1.077876583,0.0850818729,24
2,Oesophagus,376,Israel,2,1,1989,0.8297848857,1.147801519,0.0949305516,26
2,Oesophagus,376,Israel,2,1,1990,0.8113747611,1.111538626,0.09117618226,26
2,Oesophagus,376,Israel,2,1,1991,1.17898112,1.768417668,0.1299012317,44
2,Oesophagus,376,Israel,2,1,1992,0.6256720536,1.04626831,0.05166944567,27
2,Oesophagus,376,Israel,2,1,1993,0.831782531,1.319758673,0.06134781747,35
2,Oesophagus,376,Israel,2,1,1994,0.623760497,1.101483331,0.04549350666,30
2,Oesophagus,376,Israel,2,1,1995,0.6152014824,1.000607512,0.05308255823,28
2,Oesophagus,376,Israel,2,1,1996,0.8115522502,1.388599597,0.07751366182,40
2,Oesophagus,376,Israel,2,1,1997,0.7310346783,1.083533674,0.08685410201,32
2,Oesophagus,376,Israel,2,1,1998,0.6886784113,1.090800912,0.09098229905,33
2,Oesophagus,376,Israel,2,1,1999,0.670857848,1.224470988,0.05994915939,38
2,Oesophagus,376,Israel,2,1,2000,0.8416792385,1.537596912,0.07057502249,49
2,Oesophagus,376,Israel,2,1,2001,0.5972162721,1.07279825,0.05208583471,35
2,Oesophagus,376,Israel,2,1,2002,0.6444639489,1.081659103,0.06706632827,36
2,Oesophagus,376,Israel,2,1,2003,0.5902863042,1.033088039,0.05807238907,35
2,Oesophagus,376,Israel,2,1,2004,0.5765122075,1.102408051,0.04936341311,38
2,Oesophagus,376,Israel,2,1,2005,1.017699239,1.511265127,0.1023818982,53
2,Oesophagus,376,Israel,2,1,2006,0.7101107589,1.177060437,0.07352484832,42
2,Oesophagus,376,Israel,2,1,2007,0.6859085315,1.294443477,0.05123046457,47
2,Oesophagus,376,Israel,2,1,2008,0.6611133134,1.245034747,0.05336208848,46
2,Oesophagus,376,Israel,2,1,2009,0.5593585759,1.109883779,0.04516343548,42
2,Oesophagus,376,Israel,2,1,2010,0.5810860104,1.246028608,0.04261814872,48
2,Oesophagus,376,Israel,2,1,2011,0.5006942735,0.9682241571,0.04219049723,38
2,Oesophagus,376,Israel,2,1,2012,0.7413544397,1.527137936,0.05393365298,61
2,Oesophagus,376,Israel,2,1,2013,0.629526016,1.351979352,0.04856241067,55
2,Oesophagus,376,Israel,2,1,2014,0.6748151222,1.182033662,0.07691009192,49
2,Oesophagus,376,Israel,2,1,2015,0.5894413054,1.040948175,0.05214083315,44
2,Oesophagus,376,Israel,2,1,2016,0.5969872667,1.021169778,0.06332634666,44
2,Oesophagus,376,Israel,2,1,2017,0.4691500658,0.8425448283,0.04992566706,37
2,Oesophagus,376,Israel,2,1,2018,0.5237098811,1.050166921,0.06128375819,47
2,Oesophagus,376,Israel,2,1,2019,0.426504346,0.8771970442,0.03770054335,40
2,Oesophagus,376,Israel,2,1,2020,0.4891485156,0.9268163731,0.03847277875,43
2,Oesophagus,376,Israel,2,1,2021,0.4186435018,0.8480318453,0.04346070324,40
2,Oesophagus,376,Israel,2,1,2022,0.3281982255,0.5822505898,0.0380201835,28
2,Oesophagus,380,Italy,1,0,2003,3.924831327,6.762169718,0.4959990073,85
2,Oesophagus,380,Italy,1,0,2004,3.478526104,5.933938648,0.3785693049,75
2,Oesophagus,380,Italy,1,0,2005,3.581167289,6.766347022,0.4308617864,86
2,Oesophagus,380,Italy,1,0,2006,2.712696012,4.779414357,0.3322133227,61
2,Oesophagus,380,Italy,1,0,2007,3.271283881,6.00121739,0.4166910164,77
2,Oesophagus,380,Italy,1,0,2008,3.087565702,5.889267817,0.3776012872,76
2,Oesophagus,380,Italy,1,0,2009,2.570853087,4.856052723,0.3157056592,63
2,Oesophagus,380,Italy,1,0,2010,3.141864534,5.370210827,0.4289016814,70
2,Oesophagus,380,Italy,1,0,2011,2.722171752,5.207974328,0.3211735288,68
2,Oesophagus,380,Italy,1,0,2012,2.314938828,5.121564539,0.276278657,67
2,Oesophagus,380,Italy,1,0,2013,2.930908934,5.624476506,0.3693284592,74
2,Oesophagus,380,Italy,1,0,2014,2.824928411,5.665893587,0.336633115,75
2,Oesophagus,380,Italy,1,0,2015,2.553508939,5.053102831,0.3270829899,67
2,Oesophagus,380,Italy,1,0,2016,2.195568303,5.127076089,0.3035014173,68
2,Oesophagus,380,Italy,1,0,2017,2.350135333,5.12853388,0.2782846173,68
2,Oesophagus,380,Italy,1,1,1952,3.687940374,3.895669764,0.4609714834,909
2,Oesophagus,380,Italy,1,1,1953,3.95730223,4.199390109,0.4922404142,986
2,Oesophagus,380,Italy,1,1,1954,3.591387258,3.847682511,0.4550005146,910
2,Oesophagus,380,Italy,1,1,1955,3.853109997,4.253478783,0.4994526399,1013
2,Oesophagus,380,Italy,1,1,1956,3.859634322,4.261749028,0.503603848,1021
2,Oesophagus,380,Italy,1,1,1957,3.888272561,4.314013694,0.5086107007,1039
2,Oesophagus,380,Italy,1,1,1958,4.181453573,4.688867242,0.5269038535,1136
2,Oesophagus,380,Italy,1,1,1959,4.152872822,4.7411232,0.5364200117,1157
2,Oesophagus,380,Italy,1,1,1960,4.358370343,5.052251343,0.5498651707,1242
2,Oesophagus,380,Italy,1,1,1961,4.285258322,5.020616056,0.5568642634,1242
2,Oesophagus,380,Italy,1,1,1962,4.348762853,5.147286323,0.5673892402,1281
2,Oesophagus,380,Italy,1,1,1963,4.330604889,5.116886123,0.5492052968,1282
2,Oesophagus,380,Italy,1,1,1964,4.445457085,5.347699499,0.5719163948,1350
2,Oesophagus,380,Italy,1,1,1965,4.343708079,5.269884967,0.5284803865,1340
2,Oesophagus,380,Italy,1,1,1966,4.586284939,5.588295062,0.5781470255,1430
2,Oesophagus,380,Italy,1,1,1967,4.287440442,5.255001573,0.5365050072,1353
2,Oesophagus,380,Italy,1,1,1968,4.722268591,5.865612221,0.5759221307,1519
2,Oesophagus,380,Italy,1,1,1969,4.76551626,5.968969038,0.5757698677,1555
2,Oesophagus,380,Italy,1,1,1970,4.514131132,5.680344254,0.5585964713,1489
2,Oesophagus,380,Italy,1,1,1971,4.710558638,5.952809764,0.5906346266,1570
2,Oesophagus,380,Italy,1,1,1972,4.626548317,5.892949145,0.577034043,1567
2,Oesophagus,380,Italy,1,1,1973,4.879998999,6.211366276,0.5878460656,1658
2,Oesophagus,380,Italy,1,1,1974,4.47616891,5.980578799,0.5267154733,1621
2,Oesophagus,380,Italy,1,1,1975,4.509336165,6.090459623,0.5284552643,1663
2,Oesophagus,380,Italy,1,1,1976,4.792495182,6.499133449,0.5598635159,1785
2,Oesophagus,380,Italy,1,1,1977,4.561491235,6.256815654,0.5347223599,1727
2,Oesophagus,380,Italy,1,1,1978,4.964172652,6.808046989,0.5850391823,1887
2,Oesophagus,380,Italy,1,1,1979,4.790481163,6.549464462,0.555066688,1821
2,Oesophagus,380,Italy,1,1,1980,4.556885987,6.300636522,0.5372870031,1756
2,Oesophagus,380,Italy,1,1,1981,4.782546085,6.829348651,0.5754998337,1907
2,Oesophagus,380,Italy,1,1,1982,4.681113755,6.571805141,0.5528544987,1810
2,Oesophagus,380,Italy,1,1,1983,4.854631867,6.894105811,0.5718859178,1905
2,Oesophagus,380,Italy,1,1,1984,4.638313862,6.629830266,0.5445413529,1837
2,Oesophagus,380,Italy,1,1,1985,4.782679813,6.947170532,0.562804663,1929
2,Oesophagus,380,Italy,1,1,1986,4.646626375,6.853082988,0.5524481735,1906
2,Oesophagus,380,Italy,1,1,1987,4.487783657,6.614862804,0.5291942433,1843
2,Oesophagus,380,Italy,1,1,1988,4.441247479,6.734923444,0.5213080693,1880
2,Oesophagus,380,Italy,1,1,1989,4.336523668,6.625193622,0.5266142341,1852
2,Oesophagus,380,Italy,1,1,1990,4.17010584,6.427414117,0.5056923069,1801
2,Oesophagus,380,Italy,1,1,1991,4.128512616,6.551505911,0.4907592409,1822
2,Oesophagus,380,Italy,1,1,1992,3.986883558,6.492713952,0.4859890788,1789
2,Oesophagus,380,Italy,1,1,1993,3.971941433,6.571871173,0.4863030912,1812
2,Oesophagus,380,Italy,1,1,1994,3.906258086,6.541827754,0.4816431654,1804
2,Oesophagus,380,Italy,1,1,1995,3.632223248,6.191745406,0.4343018742,1707
2,Oesophagus,380,Italy,1,1,1996,3.455400461,5.983245317,0.4161872692,1649
2,Oesophagus,380,Italy,1,1,1997,3.260085718,5.804088647,0.3925368888,1600
2,Oesophagus,380,Italy,1,1,1998,3.264880355,5.886496594,0.4063778557,1623
2,Oesophagus,380,Italy,1,1,1999,3.348233771,6.134869612,0.4144124046,1691
2,Oesophagus,380,Italy,1,1,2000,3.016864692,5.674275953,0.3730171588,1564
2,Oesophagus,380,Italy,1,1,2001,3.097971118,5.867351583,0.3807388938,1618
2,Oesophagus,380,Italy,1,1,2002,2.772210496,5.372744055,0.3378994985,1487
2,Oesophagus,380,Italy,1,1,2003,2.612628264,5.179561536,0.321222272,1446
2,Oesophagus,380,Italy,1,1,2004,2.460882434,4.952601386,0.2972663825,1384
2,Oesophagus,380,Italy,1,1,2005,2.399309352,4.887616851,0.2926066927,1373
2,Oesophagus,380,Italy,1,1,2006,2.257911794,4.573298897,0.2713294585,1309
2,Oesophagus,380,Italy,1,1,2007,2.281087147,4.6264669,0.2697604923,1334
2,Oesophagus,380,Italy,1,1,2008,2.177047807,4.605679009,0.2542706573,1338
2,Oesophagus,380,Italy,1,1,2009,2.174183323,4.59960223,0.2545898709,1344
2,Oesophagus,380,Italy,1,1,2010,2.266433455,4.868767301,0.2692864889,1429
2,Oesophagus,380,Italy,1,1,2011,2.093519657,4.763076298,0.2464960024,1368
2,Oesophagus,380,Italy,1,1,2012,2.045858439,4.741721535,0.2395049662,1366
2,Oesophagus,380,Italy,1,1,2013,2.034886036,4.645890309,0.243505996,1356
2,Oesophagus,380,Italy,1,1,2014,1.941300181,4.607860087,0.225814228,1359
2,Oesophagus,380,Italy,1,1,2015,1.933228811,4.610067186,0.2259297832,1359
2,Oesophagus,380,Italy,1,1,2016,1.99645072,4.811376552,0.239019434,1417
2,Oesophagus,380,Italy,1,1,2017,1.964303945,4.786545384,0.2366288238,1409
2,Oesophagus,380,Italy,1,1,2018,1.88908393,4.693959663,0.2308019861,1368
2,Oesophagus,380,Italy,1,1,2019,1.881370012,4.841466992,0.2200369392,1402
2,Oesophagus,380,Italy,1,1,2020,1.811267455,4.675710471,0.2130467856,1354
2,Oesophagus,380,Italy,1,1,2021,1.768326824,4.583499451,0.2129511064,1322
2,Oesophagus,380,Italy,2,0,2003,0.8238115337,1.657054495,0.09590916815,22
2,Oesophagus,380,Italy,2,0,2004,0.7170802806,1.72459041,0.09481250628,23
2,Oesophagus,380,Italy,2,0,2005,0.5887715614,1.268139997,0.0704852026,17
2,Oesophagus,380,Italy,2,0,2006,0.5009508354,1.26322485,0.0669493192,17
2,Oesophagus,380,Italy,2,0,2007,0.425976349,1.03480416,0.05599227893,14
2,Oesophagus,380,Italy,2,0,2008,0.4690425156,1.395594476,0.0500988756,19
2,Oesophagus,380,Italy,2,0,2009,0.5883336366,1.241087894,0.072456774,17
2,Oesophagus,380,Italy,2,0,2010,0.5628883709,1.599699838,0.0775149829,22
2,Oesophagus,380,Italy,2,0,2011,0.4798218449,1.305080752,0.0614743524,18
2,Oesophagus,380,Italy,2,0,2012,0.5338880747,1.593388885,0.05210712594,22
2,Oesophagus,380,Italy,2,0,2013,0.9161307971,1.876079197,0.1147690115,26
2,Oesophagus,380,Italy,2,0,2014,0.5112428935,1.292755184,0.06369831167,18
2,Oesophagus,380,Italy,2,0,2015,0.7910108301,1.938493747,0.1007867385,27
2,Oesophagus,380,Italy,2,0,2016,0.493477284,1.36591594,0.06572752667,19
2,Oesophagus,380,Italy,2,0,2017,0.6937933234,2.159168116,0.08158803254,30
2,Oesophagus,380,Italy,2,1,1952,0.7675263568,0.9534338001,0.09144722314,232
2,Oesophagus,380,Italy,2,1,1953,0.9166854382,1.139840913,0.1047690427,279
2,Oesophagus,380,Italy,2,1,1954,0.8553399096,1.099476227,0.09343869754,271
2,Oesophagus,380,Italy,2,1,1955,0.8973699102,1.152440474,0.1047844704,286
2,Oesophagus,380,Italy,2,1,1956,0.8124145391,1.077607791,0.09697106419,269
2,Oesophagus,380,Italy,2,1,1957,0.87700162,1.171459423,0.1040607999,294
2,Oesophagus,380,Italy,2,1,1958,0.7353129337,1.02980901,0.07799350794,260
2,Oesophagus,380,Italy,2,1,1959,0.8638088201,1.230936219,0.09906735381,313
2,Oesophagus,380,Italy,2,1,1960,0.9447026112,1.315676461,0.1121495544,337
2,Oesophagus,380,Italy,2,1,1961,0.8548773558,1.25652501,0.09459496337,324
2,Oesophagus,380,Italy,2,1,1962,0.8353982026,1.240546611,0.09419811168,322
2,Oesophagus,380,Italy,2,1,1963,0.8336880403,1.22399489,0.09618334022,320
2,Oesophagus,380,Italy,2,1,1964,0.8811529985,1.316618226,0.09559708984,347
2,Oesophagus,380,Italy,2,1,1965,0.775830976,1.212363091,0.08921832029,322
2,Oesophagus,380,Italy,2,1,1966,0.8181595695,1.282612191,0.09729503033,343
2,Oesophagus,380,Italy,2,1,1967,0.8383529302,1.307563437,0.0921643005,352
2,Oesophagus,380,Italy,2,1,1968,0.7722272116,1.288298265,0.08622772012,349
2,Oesophagus,380,Italy,2,1,1969,0.8587113826,1.379037168,0.09232250872,376
2,Oesophagus,380,Italy,2,1,1970,0.7575754131,1.264199474,0.08535248991,347
2,Oesophagus,380,Italy,2,1,1971,0.8493100448,1.429579631,0.0937689193,395
2,Oesophagus,380,Italy,2,1,1972,0.7900410026,1.337162699,0.08788066836,372
2,Oesophagus,380,Italy,2,1,1973,0.8026573353,1.44180888,0.08824030606,403
2,Oesophagus,380,Italy,2,1,1974,0.8308071374,1.458910304,0.08908043989,413
2,Oesophagus,380,Italy,2,1,1975,0.9397614476,1.651188961,0.1014533422,471
2,Oesophagus,380,Italy,2,1,1976,0.8305985378,1.564296415,0.08796652745,449
2,Oesophagus,380,Italy,2,1,1977,0.6791392504,1.247427181,0.07295085642,360
2,Oesophagus,380,Italy,2,1,1978,0.9219318795,1.762226958,0.09918685711,511
2,Oesophagus,380,Italy,2,1,1979,0.8186976589,1.604270727,0.08266413691,467
2,Oesophagus,380,Italy,2,1,1980,0.8452779466,1.732930125,0.09217813393,506
2,Oesophagus,380,Italy,2,1,1981,0.7433976774,1.499736948,0.08507200738,439
2,Oesophagus,380,Italy,2,1,1982,0.7920095613,1.584274103,0.08152117961,461
2,Oesophagus,380,Italy,2,1,1983,0.7468433103,1.547717288,0.07492417154,452
2,Oesophagus,380,Italy,2,1,1984,0.7672164655,1.583736663,0.07357809335,464
2,Oesophagus,380,Italy,2,1,1985,0.7804322872,1.664635516,0.08320770097,489
2,Oesophagus,380,Italy,2,1,1986,0.7456660501,1.613785465,0.07568566777,475
2,Oesophagus,380,Italy,2,1,1987,0.7144627284,1.580555772,0.07165038899,466
2,Oesophagus,380,Italy,2,1,1988,0.7415309012,1.68937219,0.07701320103,499
2,Oesophagus,380,Italy,2,1,1989,0.653944283,1.531088188,0.06432444927,453
2,Oesophagus,380,Italy,2,1,1990,0.6506539099,1.541798945,0.06848055898,457
2,Oesophagus,380,Italy,2,1,1991,0.6742012967,1.66772527,0.07030527374,491
2,Oesophagus,380,Italy,2,1,1992,0.6247186642,1.594854848,0.06023972443,466
2,Oesophagus,380,Italy,2,1,1993,0.6784159019,1.627395271,0.0727112904,476
2,Oesophagus,380,Italy,2,1,1994,0.6787482793,1.698216302,0.06908100578,497
2,Oesophagus,380,Italy,2,1,1995,0.6007640773,1.581530187,0.06347899663,463
2,Oesophagus,380,Italy,2,1,1996,0.632926509,1.622051541,0.06310607177,475
2,Oesophagus,380,Italy,2,1,1997,0.5816152328,1.504626984,0.05970867748,441
2,Oesophagus,380,Italy,2,1,1998,0.6283801614,1.725031305,0.06133440945,506
2,Oesophagus,380,Italy,2,1,1999,0.6253468669,1.652731415,0.06418892491,485
2,Oesophagus,380,Italy,2,1,2000,0.5554985219,1.553105161,0.05886165711,456
2,Oesophagus,380,Italy,2,1,2001,0.6094542372,1.728810484,0.06201819175,508
2,Oesophagus,380,Italy,2,1,2002,0.5649273808,1.641753509,0.0585337787,484
2,Oesophagus,380,Italy,2,1,2003,0.5103888805,1.488854793,0.05719058054,442
2,Oesophagus,380,Italy,2,1,2004,0.459390775,1.348332938,0.04937037632,401
2,Oesophagus,380,Italy,2,1,2005,0.4892172527,1.445875218,0.05308322106,432
2,Oesophagus,380,Italy,2,1,2006,0.4769188514,1.408365483,0.05124476893,427
2,Oesophagus,380,Italy,2,1,2007,0.4741742268,1.407934246,0.05037868812,430
2,Oesophagus,380,Italy,2,1,2008,0.4713312941,1.42944859,0.05148932024,440
2,Oesophagus,380,Italy,2,1,2009,0.4686528937,1.417373074,0.05207986653,439
2,Oesophagus,380,Italy,2,1,2010,0.4412768113,1.419713089,0.04593309258,442
2,Oesophagus,380,Italy,2,1,2011,0.4501154394,1.438425224,0.04860299331,441
2,Oesophagus,380,Italy,2,1,2012,0.4559663939,1.461035778,0.05293967653,449
2,Oesophagus,380,Italy,2,1,2013,0.4342256139,1.446200488,0.04768018609,449
2,Oesophagus,380,Italy,2,1,2014,0.425457471,1.489004802,0.04467305063,466
2,Oesophagus,380,Italy,2,1,2015,0.4775570733,1.551918953,0.05509938941,485
2,Oesophagus,380,Italy,2,1,2016,0.4809635428,1.651886983,0.05124582532,515
2,Oesophagus,380,Italy,2,1,2017,0.4987040972,1.646300028,0.05650692204,512
2,Oesophagus,380,Italy,2,1,2018,0.4699250187,1.646417521,0.05263411289,506
2,Oesophagus,380,Italy,2,1,2019,0.4996749772,1.725682436,0.05566233003,526
2,Oesophagus,380,Italy,2,1,2020,0.5196116464,1.797859268,0.05917559708,548
2,Oesophagus,380,Italy,2,1,2021,0.43958743,1.545034691,0.04691557937,468
2,Oesophagus,392,Japan,1,0,1978,9.150341244,8.060351249,1.13714127,415
2,Oesophagus,392,Japan,1,0,1979,9.760730741,8.857370287,1.257868403,459
2,Oesophagus,392,Japan,1,0,1980,9.116600138,8.195536305,1.101865376,428
2,Oesophagus,392,Japan,1,0,1981,9.172302326,8.824023193,1.123128007,462
2,Oesophagus,392,Japan,1,0,1982,10.18292668,10.10391429,1.217918731,531
2,Oesophagus,392,Japan,1,0,1983,9.2131339,9.448266669,1.123803951,499
2,Oesophagus,392,Japan,1,0,1984,9.782068734,10.31289861,1.213132414,548
2,Oesophagus,392,Japan,1,0,1985,9.486815561,10.14490967,1.105245977,543
2,Oesophagus,392,Japan,1,0,1986,10.86955799,12.14098508,1.369835603,649
2,Oesophagus,392,Japan,1,0,1987,10.70748442,12.42281113,1.34616229,664
2,Oesophagus,392,Japan,1,0,1988,9.61422841,11.64307527,1.192036856,623
2,Oesophagus,392,Japan,1,0,1989,10.928319,13.38817887,1.393158099,718
2,Oesophagus,392,Japan,1,0,1990,10.93477946,14.01135403,1.352819377,754
2,Oesophagus,392,Japan,1,0,1991,10.04027213,13.31940338,1.23589878,717
2,Oesophagus,392,Japan,1,0,1992,10.958705,15.06121866,1.328190866,812
2,Oesophagus,392,Japan,1,0,1993,10.15142186,14.2804767,1.291742414,772
2,Oesophagus,392,Japan,1,0,1994,11.44640515,16.80459827,1.42054731,912
2,Oesophagus,392,Japan,1,0,1995,11.90896703,18.03962117,1.497708768,984
2,Oesophagus,392,Japan,1,0,1996,12.26449973,19.14732655,1.574456225,1042
2,Oesophagus,392,Japan,1,0,1997,12.21648283,19.63048329,1.569087748,1067
2,Oesophagus,392,Japan,1,0,1998,12.29660196,20.55760816,1.56816231,1121
2,Oesophagus,392,Japan,1,0,1999,12.90087474,22.19205814,1.664229361,1210
2,Oesophagus,392,Japan,1,0,2000,12.65671956,22.57727582,1.600381024,1231
2,Oesophagus,392,Japan,1,0,2001,12.97243938,23.93934485,1.628630721,1305
2,Oesophagus,392,Japan,1,0,2002,12.29667869,23.15295129,1.534446714,1262
2,Oesophagus,392,Japan,1,0,2003,12.6110284,24.49425527,1.602163491,1351
2,Oesophagus,392,Japan,1,0,2004,12.52416526,24.82094241,1.633416246,1367
2,Oesophagus,392,Japan,1,0,2005,12.91296795,26.82284986,1.623843801,1470
2,Oesophagus,392,Japan,1,0,2006,12.98248095,27.32844369,1.683662662,1496
2,Oesophagus,392,Japan,1,0,2007,13.68697163,29.65034361,1.791391899,1621
2,Oesophagus,392,Japan,1,0,2008,12.69397637,28.39814233,1.676353264,1529
2,Oesophagus,392,Japan,1,0,2009,13.50502705,30.83803618,1.751898588,1659
2,Oesophagus,392,Japan,1,0,2010,13.99628676,32.78131606,1.842847686,1762
2,Oesophagus,392,Japan,1,0,2011,13.64062016,32.89782261,1.777601822,1764
2,Oesophagus,392,Japan,1,0,2012,13.47351057,33.04942288,1.74536386,1772
2,Oesophagus,392,Japan,1,0,2013,14.03345014,34.2962963,1.852639117,1852
2,Oesophagus,392,Japan,1,0,2014,14.00349375,35.34211014,1.846013826,1906
2,Oesophagus,392,Japan,1,0,2015,13.39424567,34.66172382,1.734863049,1870
2,Oesophagus,392,Japan,1,1,1951,6.568654382,4.576785886,0.889960205,1899
2,Oesophagus,392,Japan,1,1,1952,6.989372887,4.911265066,0.9383988729,2070
2,Oesophagus,392,Japan,1,1,1953,6.952831165,4.914734848,0.9252030873,2101
2,Oesophagus,392,Japan,1,1,1954,6.933576122,4.967841582,0.921831247,2155
2,Oesophagus,392,Japan,1,1,1955,6.633988556,4.792477953,0.893583778,2102
2,Oesophagus,392,Japan,1,1,1956,7.033799485,5.122424133,0.9240097823,2272
2,Oesophagus,392,Japan,1,1,1957,6.836287342,5.130897069,0.9077225076,2297
2,Oesophagus,392,Japan,1,1,1958,6.848077564,5.149237232,0.8660248372,2329
2,Oesophagus,392,Japan,1,1,1959,6.924984166,5.277321956,0.8965932364,2412
2,Oesophagus,392,Japan,1,1,1960,6.77346873,5.38823873,0.8931159185,2472
2,Oesophagus,392,Japan,1,1,1961,7.134162313,5.777038701,0.9112676012,2675
2,Oesophagus,392,Japan,1,1,1962,7.019809418,5.739896883,0.9187876015,2683
2,Oesophagus,392,Japan,1,1,1963,7.198615886,5.922083422,0.9338434103,2797
2,Oesophagus,392,Japan,1,1,1964,7.398133747,6.139119871,0.9507747321,2931
2,Oesophagus,392,Japan,1,1,1965,7.095165192,5.948852307,0.915880561,2870
2,Oesophagus,392,Japan,1,1,1966,7.328396084,6.325703827,0.938548538,3076
2,Oesophagus,392,Japan,1,1,1967,7.423197252,6.503200474,0.9631091296,3180
2,Oesophagus,392,Japan,1,1,1968,7.828749463,6.960669388,0.9931102406,3444
2,Oesophagus,392,Japan,1,1,1969,7.856831232,7.033791741,0.9992360515,3524
2,Oesophagus,392,Japan,1,1,1970,7.967515736,7.258807208,1.015572436,3673
2,Oesophagus,392,Japan,1,1,1971,7.839733268,7.294981162,1.002127022,3737
2,Oesophagus,392,Japan,1,1,1972,7.60358243,7.103503306,0.9593888862,3739
2,Oesophagus,392,Japan,1,1,1973,7.696039188,7.314557864,0.9724366194,3901
2,Oesophagus,392,Japan,1,1,1974,7.604876434,7.349105812,0.955453471,3945
2,Oesophagus,392,Japan,1,1,1975,7.168876358,7.050754107,0.8978178577,3861
2,Oesophagus,392,Japan,1,1,1976,7.044691047,7.091608986,0.8943408082,3924
2,Oesophagus,392,Japan,1,1,1977,7.077648911,7.262669841,0.8757398715,4057
2,Oesophagus,392,Japan,1,1,1978,6.944251392,7.327892122,0.8668377852,4130
2,Oesophagus,392,Japan,1,1,1979,7.058824315,7.602255318,0.8807780083,4347
2,Oesophagus,392,Japan,1,1,1980,7.135402808,7.802575719,0.8645021121,4490
2,Oesophagus,392,Japan,1,1,1981,6.843126094,7.679005833,0.8287065726,4454
2,Oesophagus,392,Japan,1,1,1982,6.86961682,7.955193392,0.8156414785,4646
2,Oesophagus,392,Japan,1,1,1983,6.895877426,8.17332375,0.8391332506,4776
2,Oesophagus,392,Japan,1,1,1984,6.703247623,8.148929294,0.8183152523,4791
2,Oesophagus,392,Japan,1,1,1985,6.865158391,8.546168959,0.8166107689,5046
2,Oesophagus,392,Japan,1,1,1986,6.841335639,8.750294424,0.8248272281,5201
2,Oesophagus,392,Japan,1,1,1987,7.088832085,9.331413358,0.8571890658,5573
2,Oesophagus,392,Japan,1,1,1988,6.901545592,9.380628377,0.8344880047,5625
2,Oesophagus,392,Japan,1,1,1989,6.923901656,9.632227079,0.8415006153,5796
2,Oesophagus,392,Japan,1,1,1990,6.937528037,9.965294087,0.8590667907,6004
2,Oesophagus,392,Japan,1,1,1991,7.054328579,10.36491518,0.870400115,6263
2,Oesophagus,392,Japan,1,1,1992,7.137863962,10.82084626,0.8793771171,6557
2,Oesophagus,392,Japan,1,1,1993,7.10921977,11.08842417,0.8716780443,6734
2,Oesophagus,392,Japan,1,1,1994,6.954474377,11.14088003,0.8528682306,6778
2,Oesophagus,392,Japan,1,1,1995,7.183502192,11.90593442,0.8812492961,7253
2,Oesophagus,392,Japan,1,1,1996,7.392447778,12.55174671,0.9214072085,7671
2,Oesophagus,392,Japan,1,1,1997,7.57383584,13.2543702,0.9323485331,8113
2,Oesophagus,392,Japan,1,1,1998,7.440581492,13.43923801,0.9183432047,8240
2,Oesophagus,392,Japan,1,1,1999,7.42971128,13.76837576,0.9202332968,8448
2,Oesophagus,392,Japan,1,1,2000,7.391169118,14.15723278,0.9186450441,8705
2,Oesophagus,392,Japan,1,1,2001,7.488773235,14.647055,0.9366943776,9022
2,Oesophagus,392,Japan,1,1,2002,7.258827739,14.71271086,0.9030068223,9062
2,Oesophagus,392,Japan,1,1,2003,7.336807362,15.24829601,0.9162171803,9396
2,Oesophagus,392,Japan,1,1,2004,7.117677975,15.26672944,0.8840687817,9404
2,Oesophagus,392,Japan,1,1,2005,6.904485623,15.36079788,0.8514503559,9465
2,Oesophagus,392,Japan,1,1,2006,6.874215677,15.67474498,0.8580272889,9650
2,Oesophagus,392,Japan,1,1,2007,6.906713767,16.09494391,0.8642297802,9900
2,Oesophagus,392,Japan,1,1,2008,6.769968593,16.27539724,0.8491761013,9997
2,Oesophagus,392,Japan,1,1,2009,6.506995619,16.15148847,0.8220455168,9907
2,Oesophagus,392,Japan,1,1,2010,6.372192214,16.22822761,0.7953308425,9992
2,Oesophagus,392,Japan,1,1,2011,6.331678054,16.49987796,0.7943108857,10140
2,Oesophagus,392,Japan,1,1,2012,5.932683446,15.85272392,0.7486496159,9722
2,Oesophagus,392,Japan,1,1,2013,5.710333922,15.7979897,0.713823379,9666
2,Oesophagus,392,Japan,1,1,2014,5.55559537,15.77188355,0.6975673082,9627
2,Oesophagus,392,Japan,1,1,2015,5.477257116,16.01042077,0.6867410136,9770
2,Oesophagus,392,Japan,1,1,2016,5.242309571,15.66205089,0.6644844559,9533
2,Oesophagus,392,Japan,1,1,2017,5.124130166,15.78873759,0.636506081,9580
2,Oesophagus,392,Japan,1,1,2018,4.812199493,15.47928749,0.5859279012,9358
2,Oesophagus,392,Japan,1,1,2019,4.81639139,15.89474272,0.5757302993,9570
2,Oesophagus,392,Japan,1,1,2020,4.418353672,14.9626256,0.524715066,8978
2,Oesophagus,392,Japan,1,1,2021,4.30940139,14.85089386,0.5061526372,8864
2,Oesophagus,392,Japan,2,0,1978,2.199813524,2.523397342,0.2657096651,132
2,Oesophagus,392,Japan,2,0,1979,2.630103735,3.147630109,0.3234886189,166
2,Oesophagus,392,Japan,2,0,1980,2.785038018,3.287850154,0.3357068026,175
2,Oesophagus,392,Japan,2,0,1981,2.309956962,2.788922549,0.2722336676,149
2,Oesophagus,392,Japan,2,0,1982,2.015586175,2.626373258,0.2345678443,141
2,Oesophagus,392,Japan,2,0,1983,2.22733571,2.981058061,0.2624457096,161
2,Oesophagus,392,Japan,2,0,1984,1.838579197,2.629171857,0.2255667872,143
2,Oesophagus,392,Japan,2,0,1985,2.033187214,2.899749108,0.2343827314,159
2,Oesophagus,392,Japan,2,0,1986,2.120637192,3.13566948,0.2542238688,172
2,Oesophagus,392,Japan,2,0,1987,1.782904337,2.675895046,0.2107580979,147
2,Oesophagus,392,Japan,2,0,1988,1.870380391,2.977584057,0.2269086889,164
2,Oesophagus,392,Japan,2,0,1989,1.878395986,3.129405814,0.1976560237,173
2,Oesophagus,392,Japan,2,0,1990,1.764863961,2.988511334,0.202264953,166
2,Oesophagus,392,Japan,2,0,1991,1.799037875,3.074382251,0.2200830355,171
2,Oesophagus,392,Japan,2,0,1992,1.676960359,3.120624512,0.1861590931,174
2,Oesophagus,392,Japan,2,0,1993,1.983125586,3.699263793,0.2135649104,207
2,Oesophagus,392,Japan,2,0,1994,1.876936024,3.522016785,0.2137584554,198
2,Oesophagus,392,Japan,2,0,1995,1.859009721,3.608052324,0.2184885421,204
2,Oesophagus,392,Japan,2,0,1996,1.890580247,3.89262581,0.2071187207,220
2,Oesophagus,392,Japan,2,0,1997,1.714949499,3.377303706,0.1953954134,191
2,Oesophagus,392,Japan,2,0,1998,1.862413742,3.7305442,0.214213943,212
2,Oesophagus,392,Japan,2,0,1999,1.981210396,4.181002264,0.2221924641,238
2,Oesophagus,392,Japan,2,0,2000,1.801218791,4.051004781,0.2031991279,231
2,Oesophagus,392,Japan,2,0,2001,1.975126374,4.464589763,0.2222709393,255
2,Oesophagus,392,Japan,2,0,2002,2.010023935,4.701803413,0.2448001618,269
2,Oesophagus,392,Japan,2,0,2003,2.168724909,4.864255474,0.253250585,283
2,Oesophagus,392,Japan,2,0,2004,1.938295828,4.463345377,0.2252538309,260
2,Oesophagus,392,Japan,2,0,2005,1.948877917,4.868848197,0.2186831048,283
2,Oesophagus,392,Japan,2,0,2006,2.159184692,5.105357738,0.2588624569,297
2,Oesophagus,392,Japan,2,0,2007,2.220219002,5.600093862,0.2732304498,326
2,Oesophagus,392,Japan,2,0,2008,2.159773317,5.348456282,0.2569732922,307
2,Oesophagus,392,Japan,2,0,2009,2.314966692,5.918388555,0.2846227914,340
2,Oesophagus,392,Japan,2,0,2010,2.449241429,6.018260027,0.3160559916,346
2,Oesophagus,392,Japan,2,0,2011,2.086054798,5.692540161,0.2638909596,327
2,Oesophagus,392,Japan,2,0,2012,2.418729283,6.160647766,0.301955004,354
2,Oesophagus,392,Japan,2,0,2013,2.471062036,6.854768911,0.2999031093,396
2,Oesophagus,392,Japan,2,0,2014,2.655402424,6.719778317,0.3292361693,388
2,Oesophagus,392,Japan,2,0,2015,2.752279879,7.422145329,0.3303645688,429
2,Oesophagus,392,Japan,2,1,1951,2.325974737,1.822275872,0.2921463669,785
2,Oesophagus,392,Japan,2,1,1952,2.364879352,1.933461468,0.3044485622,845
2,Oesophagus,392,Japan,2,1,1953,2.411058993,1.97583832,0.2999790815,875
2,Oesophagus,392,Japan,2,1,1954,2.265648077,1.890321288,0.2923212911,849
2,Oesophagus,392,Japan,2,1,1955,2.24427946,1.917898107,0.2766431965,871
2,Oesophagus,392,Japan,2,1,1956,2.428459594,2.095632284,0.3080294364,962
2,Oesophagus,392,Japan,2,1,1957,2.300354446,2.010061101,0.2931402801,931
2,Oesophagus,392,Japan,2,1,1958,2.31839183,2.062759181,0.2922654829,965
2,Oesophagus,392,Japan,2,1,1959,2.213374198,2.009986459,0.2765255054,950
2,Oesophagus,392,Japan,2,1,1960,2.28047381,2.092934715,0.2709050406,995
2,Oesophagus,392,Japan,2,1,1961,2.285273002,2.169699243,0.280369908,1041
2,Oesophagus,392,Japan,2,1,1962,2.145693827,2.052319699,0.2597406209,994
2,Oesophagus,392,Japan,2,1,1963,2.144814067,2.080693292,0.2617023459,1018
2,Oesophagus,392,Japan,2,1,1964,2.250541061,2.228784079,0.2698176633,1102
2,Oesophagus,392,Japan,2,1,1965,2.177791462,2.174677796,0.2713048049,1088
2,Oesophagus,392,Japan,2,1,1966,2.111851867,2.161540445,0.2528156943,1090
2,Oesophagus,392,Japan,2,1,1967,2.194565554,2.294048088,0.2659647677,1164
2,Oesophagus,392,Japan,2,1,1968,2.153023226,2.303375166,0.2585965824,1182
2,Oesophagus,392,Japan,2,1,1969,2.152139162,2.359489965,0.2584705345,1225
2,Oesophagus,392,Japan,2,1,1970,1.952959106,2.189687903,0.2372719513,1150
2,Oesophagus,392,Japan,2,1,1971,2.079702359,2.377635542,0.2447321898,1263
2,Oesophagus,392,Japan,2,1,1972,1.859508266,2.161154078,0.2177113878,1182
2,Oesophagus,392,Japan,2,1,1973,1.839764911,2.179565893,0.2128617001,1207
2,Oesophagus,392,Japan,2,1,1974,1.851536297,2.264326982,0.2114349844,1262
2,Oesophagus,392,Japan,2,1,1975,1.6128411,2.008344805,0.1830237944,1135
2,Oesophagus,392,Japan,2,1,1976,1.587334571,2.04253232,0.1744260541,1166
2,Oesophagus,392,Japan,2,1,1977,1.535425634,2.054057805,0.1715706208,1184
2,Oesophagus,392,Japan,2,1,1978,1.482110335,2.055065435,0.1640879036,1195
2,Oesophagus,392,Japan,2,1,1979,1.345007497,1.920183469,0.1442128972,1132
2,Oesophagus,392,Japan,2,1,1980,1.441730418,2.089364931,0.1650191757,1242
2,Oesophagus,392,Japan,2,1,1981,1.319307822,1.977231775,0.1415723466,1184
2,Oesophagus,392,Japan,2,1,1982,1.288746536,2.003605827,0.1420304416,1208
2,Oesophagus,392,Japan,2,1,1983,1.246818511,2.021474019,0.1314732763,1220
2,Oesophagus,392,Japan,2,1,1984,1.150622689,1.921620287,0.1206293059,1167
2,Oesophagus,392,Japan,2,1,1985,1.091407299,1.880055405,0.116245692,1151
2,Oesophagus,392,Japan,2,1,1986,1.070178212,1.923327047,0.1137854058,1183
2,Oesophagus,392,Japan,2,1,1987,0.9934735048,1.82330006,0.1086554629,1127
2,Oesophagus,392,Japan,2,1,1988,0.9968850293,1.930327737,0.10748202,1198
2,Oesophagus,392,Japan,2,1,1989,0.9931685593,1.995504896,0.1008235441,1243
2,Oesophagus,392,Japan,2,1,1990,1.005937032,2.03290749,0.1035291043,1270
2,Oesophagus,392,Japan,2,1,1991,0.9815795914,2.062990618,0.1014496273,1293
2,Oesophagus,392,Japan,2,1,1992,0.9452286787,2.062659033,0.09718257141,1297
2,Oesophagus,392,Japan,2,1,1993,0.9260737225,2.071141983,0.09425870602,1306
2,Oesophagus,392,Japan,2,1,1994,0.944216294,2.158819529,0.09782555287,1365
2,Oesophagus,392,Japan,2,1,1995,0.895205324,2.18523883,0.0886288575,1385
2,Oesophagus,392,Japan,2,1,1996,0.9534266896,2.306821398,0.0981352152,1467
2,Oesophagus,392,Japan,2,1,1997,0.9354538064,2.330870704,0.09404785217,1486
2,Oesophagus,392,Japan,2,1,1998,0.8924975337,2.289646544,0.09036542266,1464
2,Oesophagus,392,Japan,2,1,1999,0.9195985117,2.406592378,0.09328316491,1542
2,Oesophagus,392,Japan,2,1,2000,0.9065958561,2.417168019,0.09462629239,1550
2,Oesophagus,392,Japan,2,1,2001,0.9317779874,2.567092701,0.09805526698,1651
2,Oesophagus,392,Japan,2,1,2002,0.934958684,2.600326011,0.1006290756,1675
2,Oesophagus,392,Japan,2,1,2003,0.9007327821,2.557425835,0.09688571618,1650
2,Oesophagus,392,Japan,2,1,2004,0.9507119101,2.736056486,0.1020811804,1767
2,Oesophagus,392,Japan,2,1,2005,0.8964951309,2.658429345,0.09804341276,1717
2,Oesophagus,392,Japan,2,1,2006,0.8417764644,2.624367133,0.0916868373,1695
2,Oesophagus,392,Japan,2,1,2007,0.8914867823,2.737944064,0.09767009822,1768
2,Oesophagus,392,Japan,2,1,2008,0.8764558668,2.710577296,0.09978690586,1749
2,Oesophagus,392,Japan,2,1,2009,0.8572978748,2.799274205,0.0966363797,1805
2,Oesophagus,392,Japan,2,1,2010,0.8724059493,2.893072012,0.09922133058,1875
2,Oesophagus,392,Japan,2,1,2011,0.8439668543,2.825670498,0.0937033447,1829
2,Oesophagus,392,Japan,2,1,2012,0.8619970759,2.890253903,0.09844452063,1868
2,Oesophagus,392,Japan,2,1,2013,0.8401547625,2.907760745,0.09677179723,1876
2,Oesophagus,392,Japan,2,1,2014,0.8654826252,3.02362058,0.0999492312,1947
2,Oesophagus,392,Japan,2,1,2015,0.8600952841,3.056151868,0.09777861638,1965
2,Oesophagus,392,Japan,2,1,2016,0.8463394009,3.039554755,0.09614790906,1950
2,Oesophagus,392,Japan,2,1,2017,0.8586077035,3.107574069,0.1001491183,1988
2,Oesophagus,392,Japan,2,1,2018,0.856076552,3.116186472,0.09830364025,1987
2,Oesophagus,392,Japan,2,1,2019,0.8580010445,3.224021834,0.09763446764,2048
2,Oesophagus,392,Japan,2,1,2020,0.8228019566,3.157921768,0.09407075339,2002
2,Oesophagus,392,Japan,2,1,2021,0.8465202256,3.318865783,0.09786556851,2094
2,Oesophagus,40,Austria,1,0,1998,4.438050107,6.619652424,0.5353743728,255
2,Oesophagus,40,Austria,1,0,1999,4.488879211,6.550704524,0.5639106659,253
2,Oesophagus,40,Austria,1,0,2000,4.520626975,6.684359142,0.5937408729,259
2,Oesophagus,40,Austria,1,0,2001,4.98650872,7.473188972,0.6224992964,291
2,Oesophagus,40,Austria,1,0,2002,4.522144916,6.991686527,0.5728031211,274
2,Oesophagus,40,Austria,1,0,2003,4.780585701,7.28373709,0.580260017,287
2,Oesophagus,40,Austria,1,0,2004,4.878669429,7.636664154,0.6169313152,303
2,Oesophagus,40,Austria,1,0,2005,5.147819554,8.127129308,0.6366599095,325
2,Oesophagus,40,Austria,1,0,2006,4.712099627,7.656899314,0.5699538821,308
2,Oesophagus,40,Austria,1,0,2007,4.931557512,8.22484955,0.5902852173,332
2,Oesophagus,40,Austria,1,0,2008,5.133659204,8.56744642,0.6652428273,347
2,Oesophagus,40,Austria,1,0,2009,4.370474707,7.534728079,0.533240537,306
2,Oesophagus,40,Austria,1,0,2010,4.777678538,8.080018213,0.6148764756,329
2,Oesophagus,40,Austria,1,0,2011,4.413821043,7.902743891,0.556619022,323
2,Oesophagus,40,Austria,1,0,2012,4.467233418,7.957306011,0.5876585601,327
2,Oesophagus,40,Austria,1,0,2013,4.848771866,8.577587175,0.6321078209,355
2,Oesophagus,40,Austria,1,0,2014,4.629460242,8.715327244,0.6066475074,364
2,Oesophagus,40,Austria,1,0,2015,4.470083901,8.252393667,0.57825503,349
2,Oesophagus,40,Austria,1,0,2016,4.387506186,8.171981326,0.5795705006,351
2,Oesophagus,40,Austria,1,0,2017,4.147258723,8.162346057,0.5305392047,353
2,Oesophagus,40,Austria,1,1,1956,4.449279051,6.653773819,0.5035719708,215
2,Oesophagus,40,Austria,1,1,1957,4.678791985,6.761297039,0.5059140783,219
2,Oesophagus,40,Austria,1,1,1958,4.123223797,6.060317075,0.5035369329,197
2,Oesophagus,40,Austria,1,1,1959,4.65768305,6.830013222,0.5245402116,223
2,Oesophagus,40,Austria,1,1,1960,4.23221186,6.184264581,0.5000395669,203
2,Oesophagus,40,Austria,1,1,1961,4.427515374,6.3584677,0.5031967003,210
2,Oesophagus,40,Austria,1,1,1962,4.402991433,6.464882159,0.5145411164,215
2,Oesophagus,40,Austria,1,1,1963,3.520461435,5.253067261,0.4013973917,176
2,Oesophagus,40,Austria,1,1,1964,3.754302651,5.597363849,0.4583267704,189
2,Oesophagus,40,Austria,1,1,1965,4.819851318,7.110191814,0.5447010849,242
2,Oesophagus,40,Austria,1,1,1966,4.75034816,6.84400802,0.5544822672,235
2,Oesophagus,40,Austria,1,1,1967,4.696948339,6.72320798,0.5515900402,233
2,Oesophagus,40,Austria,1,1,1968,4.784039069,6.824333624,0.5346691784,238
2,Oesophagus,40,Austria,1,1,1969,4.436660512,6.281798033,0.5116408586,220
2,Oesophagus,40,Austria,1,1,1970,3.931057396,5.770975292,0.4134584648,203
2,Oesophagus,40,Austria,1,1,1971,4.191212115,5.993669893,0.4933932147,212
2,Oesophagus,40,Austria,1,1,1972,4.128003528,5.83887184,0.4407566561,208
2,Oesophagus,40,Austria,1,1,1973,3.685039309,5.324656281,0.4322889044,191
2,Oesophagus,40,Austria,1,1,1974,4.274420157,6.149671313,0.4805249802,221
2,Oesophagus,40,Austria,1,1,1975,3.538588114,5.027513767,0.3638393321,180
2,Oesophagus,40,Austria,1,1,1976,3.781618369,5.374574985,0.441779636,192
2,Oesophagus,40,Austria,1,1,1977,3.919227848,5.455084859,0.4247250954,195
2,Oesophagus,40,Austria,1,1,1978,3.646103591,5.26296709,0.4399299304,188
2,Oesophagus,40,Austria,1,1,1979,3.903685284,5.356496582,0.4687482803,191
2,Oesophagus,40,Austria,1,1,1980,3.982048875,5.663101529,0.4115541066,202
2,Oesophagus,40,Austria,1,1,1981,4.16236578,5.921824101,0.4592835923,212
2,Oesophagus,40,Austria,1,1,1982,3.588724036,4.99141073,0.3886763499,179
2,Oesophagus,40,Austria,1,1,1983,4.137422918,5.66597619,0.4693315956,203
2,Oesophagus,40,Austria,1,1,1984,3.788689395,5.103791741,0.4161187543,183
2,Oesophagus,40,Austria,1,1,1985,3.812493904,5.17953277,0.4302551796,186
2,Oesophagus,40,Austria,1,1,1986,3.53277162,4.863534773,0.4306342596,175
2,Oesophagus,40,Austria,1,1,1987,3.596499668,4.992401842,0.4055881773,180
2,Oesophagus,40,Austria,1,1,1988,3.527722522,4.839510761,0.409500362,175
2,Oesophagus,40,Austria,1,1,1989,3.817547056,5.385483868,0.4245368176,196
2,Oesophagus,40,Austria,1,1,1990,3.770935882,5.195493358,0.4570097541,191
2,Oesophagus,40,Austria,1,1,1991,4.042215127,5.695434746,0.4464827506,212
2,Oesophagus,40,Austria,1,1,1992,3.72032677,5.118394023,0.473352144,193
2,Oesophagus,40,Austria,1,1,1993,3.581777566,4.884652605,0.4399187834,186
2,Oesophagus,40,Austria,1,1,1994,3.528935313,4.938665175,0.4069038919,189
2,Oesophagus,40,Austria,1,1,1995,3.906087339,5.501897568,0.475028275,211
2,Oesophagus,40,Austria,1,1,1996,3.887564079,5.440719779,0.458575633,209
2,Oesophagus,40,Austria,1,1,1997,3.827245674,5.510862117,0.4366274691,212
2,Oesophagus,40,Austria,1,1,1998,3.912196716,5.736041887,0.4652369391,221
2,Oesophagus,40,Austria,1,1,1999,4.109823987,6.213120921,0.5119112946,240
2,Oesophagus,40,Austria,1,1,2000,3.533566107,5.341561919,0.4306593585,207
2,Oesophagus,40,Austria,1,1,2001,4.025261745,6.240349768,0.5190417097,243
2,Oesophagus,40,Austria,1,1,2002,4.191064052,6.533680741,0.5158864634,256
2,Oesophagus,40,Austria,1,1,2003,3.629230161,5.632317732,0.4421153139,222
2,Oesophagus,40,Austria,1,1,2004,3.66574067,5.794502504,0.4663188662,230
2,Oesophagus,40,Austria,1,1,2005,3.783960668,6.224862275,0.4502713682,249
2,Oesophagus,40,Austria,1,1,2006,3.994750573,6.56287627,0.4799109445,264
2,Oesophagus,40,Austria,1,1,2007,3.79651762,6.34171724,0.4548326413,256
2,Oesophagus,40,Austria,1,1,2008,4.024477301,6.814262102,0.5194379986,276
2,Oesophagus,40,Austria,1,1,2009,3.797233456,6.720436725,0.4566647038,273
2,Oesophagus,40,Austria,1,1,2010,3.533450721,6.334104883,0.4282946402,258
2,Oesophagus,40,Austria,1,1,2011,3.451764522,6.382799993,0.4319543155,261
2,Oesophagus,40,Austria,1,1,2012,3.821151627,6.90745554,0.4870774033,284
2,Oesophagus,40,Austria,1,1,2013,3.681917606,6.932197194,0.4653416156,287
2,Oesophagus,40,Austria,1,1,2014,3.53728683,6.74890761,0.4585769776,282
2,Oesophagus,40,Austria,1,1,2015,3.206507448,6.301557865,0.419511848,267
2,Oesophagus,40,Austria,1,1,2016,3.345461515,6.452218527,0.4389998304,277
2,Oesophagus,40,Austria,1,1,2017,3.60928329,7.304513253,0.4564069671,316
2,Oesophagus,40,Austria,1,1,2018,3.726305589,7.589005233,0.4988430869,330
2,Oesophagus,40,Austria,1,1,2019,3.095733039,6.638451721,0.3715060544,290
2,Oesophagus,40,Austria,1,1,2020,3.640118346,7.564226721,0.4636130088,332
2,Oesophagus,40,Austria,1,1,2021,3.192602049,7.275618564,0.4112668394,321
2,Oesophagus,40,Austria,1,1,2022,3.104420862,6.725405612,0.3995298088,300
2,Oesophagus,40,Austria,1,1,2023,3.080115828,7.053794641,0.4047798003,317
2,Oesophagus,40,Austria,2,0,1998,0.7520647903,1.575901604,0.08323073521,65
2,Oesophagus,40,Austria,2,0,1999,0.7602053269,1.380097493,0.09746629554,57
2,Oesophagus,40,Austria,2,0,2000,0.6877867765,1.47455225,0.08441242343,61
2,Oesophagus,40,Austria,2,0,2001,1.024324625,1.976678568,0.1202247821,82
2,Oesophagus,40,Austria,2,0,2002,0.9224962445,1.897587446,0.1097058256,79
2,Oesophagus,40,Austria,2,0,2003,0.9391467464,1.986615477,0.1047434469,83
2,Oesophagus,40,Austria,2,0,2004,0.6686031673,1.404180173,0.08503251986,59
2,Oesophagus,40,Austria,2,0,2005,0.7684979793,1.561640063,0.09910574937,66
2,Oesophagus,40,Austria,2,0,2006,1.02373314,2.049261418,0.1071638713,87
2,Oesophagus,40,Austria,2,0,2007,0.7899231965,1.714161865,0.0950974926,73
2,Oesophagus,40,Austria,2,0,2008,0.7486409093,1.638835341,0.0899258059,70
2,Oesophagus,40,Austria,2,0,2009,0.8528782745,1.845670198,0.09752080485,79
2,Oesophagus,40,Austria,2,0,2010,1.066562125,2.401326465,0.1248232068,103
2,Oesophagus,40,Austria,2,0,2011,0.9073399735,1.952877076,0.1120899742,84
2,Oesophagus,40,Austria,2,0,2012,1.057982315,2.08483905,0.1490613037,90
2,Oesophagus,40,Austria,2,0,2013,1.116674703,2.443219915,0.1352041447,106
2,Oesophagus,40,Austria,2,0,2014,0.817163186,1.671481908,0.1042184011,73
2,Oesophagus,40,Austria,2,0,2015,0.9235526328,2.022523641,0.1245182225,89
2,Oesophagus,40,Austria,2,0,2016,1.086428983,2.407392991,0.1476272447,107
2,Oesophagus,40,Austria,2,0,2017,0.9754648962,2.348816733,0.11823132,105
2,Oesophagus,40,Austria,2,1,1956,0.7371102734,1.424342552,0.07013184578,53
2,Oesophagus,40,Austria,2,1,1957,0.9656841558,1.770951089,0.09852180831,66
2,Oesophagus,40,Austria,2,1,1958,0.7126831867,1.364846844,0.06952733548,51
2,Oesophagus,40,Austria,2,1,1959,0.7150137098,1.306923346,0.06251720686,49
2,Oesophagus,40,Austria,2,1,1960,0.9217892497,1.64685592,0.09169278094,62
2,Oesophagus,40,Austria,2,1,1961,0.8237635802,1.585885618,0.1011539398,60
2,Oesophagus,40,Austria,2,1,1962,0.7606811303,1.445877265,0.06984531043,55
2,Oesophagus,40,Austria,2,1,1963,0.7170761063,1.490168807,0.06507962024,57
2,Oesophagus,40,Austria,2,1,1964,0.926923739,1.923674322,0.0788119914,74
2,Oesophagus,40,Austria,2,1,1965,0.807221592,1.706815625,0.08583845619,66
2,Oesophagus,40,Austria,2,1,1966,0.7681125082,1.543266241,0.07481644735,60
2,Oesophagus,40,Austria,2,1,1967,0.7750113652,1.687685382,0.0673683893,66
2,Oesophagus,40,Austria,2,1,1968,0.7825254276,1.629699854,0.07499276745,64
2,Oesophagus,40,Austria,2,1,1969,0.5931362292,1.371212834,0.05050832741,54
2,Oesophagus,40,Austria,2,1,1970,0.7397440313,1.544805957,0.07765981291,61
2,Oesophagus,40,Austria,2,1,1971,0.6264340066,1.413224424,0.06332978684,56
2,Oesophagus,40,Austria,2,1,1972,0.487609015,1.080150427,0.05031581374,43
2,Oesophagus,40,Austria,2,1,1973,0.7607735798,1.675829745,0.07214661434,67
2,Oesophagus,40,Austria,2,1,1974,0.5954816454,1.373530837,0.06138586345,55
2,Oesophagus,40,Austria,2,1,1975,0.532865057,1.17572557,0.04300229366,47
2,Oesophagus,40,Austria,2,1,1976,0.4552668958,1.077132318,0.04861645497,43
2,Oesophagus,40,Austria,2,1,1977,0.5295104037,1.302380426,0.05174105192,52
2,Oesophagus,40,Austria,2,1,1978,0.5313318214,1.203286476,0.05449144711,48
2,Oesophagus,40,Austria,2,1,1979,0.6418105338,1.481452652,0.06705540397,59
2,Oesophagus,40,Austria,2,1,1980,0.4338270617,0.954424713,0.04283346653,38
2,Oesophagus,40,Austria,2,1,1981,0.5220178646,1.253893968,0.04485594194,50
2,Oesophagus,40,Austria,2,1,1982,0.43823714,1.053445293,0.03256065883,42
2,Oesophagus,40,Austria,2,1,1983,0.5323457235,1.28193092,0.04736270069,51
2,Oesophagus,40,Austria,2,1,1984,0.5324063315,1.232659438,0.05485723355,49
2,Oesophagus,40,Austria,2,1,1985,0.3983718078,1.006732144,0.03820505568,40
2,Oesophagus,40,Austria,2,1,1986,0.5835224843,1.435338384,0.05429545601,57
2,Oesophagus,40,Austria,2,1,1987,0.4103069083,0.9826557481,0.03497195755,39
2,Oesophagus,40,Austria,2,1,1988,0.3836902618,0.8565798179,0.0407396343,34
2,Oesophagus,40,Austria,2,1,1989,0.4374634472,1.055013026,0.04496500781,42
2,Oesophagus,40,Austria,2,1,1990,0.4348674705,1.099076364,0.04514129646,44
2,Oesophagus,40,Austria,2,1,1991,0.4622698467,1.065712185,0.04957260976,43
2,Oesophagus,40,Austria,2,1,1992,0.523319425,1.203340473,0.05231057017,49
2,Oesophagus,40,Austria,2,1,1993,0.4507535821,1.000085251,0.0427642348,41
2,Oesophagus,40,Austria,2,1,1994,0.457032787,1.070244527,0.04780342453,44
2,Oesophagus,40,Austria,2,1,1995,0.4777675289,0.9233877346,0.05233742195,38
2,Oesophagus,40,Austria,2,1,1996,0.681305221,1.359384645,0.08236223224,56
2,Oesophagus,40,Austria,2,1,1997,0.5712895776,1.212751696,0.06308419962,50
2,Oesophagus,40,Austria,2,1,1998,0.6220263978,1.527037841,0.06432189936,63
2,Oesophagus,40,Austria,2,1,1999,0.7281560582,1.403984581,0.09033991901,58
2,Oesophagus,40,Austria,2,1,2000,0.649112239,1.425927765,0.07317832867,59
2,Oesophagus,40,Austria,2,1,2001,0.7118767432,1.615150595,0.08305735009,67
2,Oesophagus,40,Austria,2,1,2002,0.6428495842,1.513158171,0.06998208259,63
2,Oesophagus,40,Austria,2,1,2003,0.6476761866,1.363289671,0.06960248161,57
2,Oesophagus,40,Austria,2,1,2004,0.5741321907,1.331997689,0.06675739675,56
2,Oesophagus,40,Austria,2,1,2005,0.5806514606,1.371445002,0.07216883327,58
2,Oesophagus,40,Austria,2,1,2006,0.6875978437,1.506849573,0.07887620626,64
2,Oesophagus,40,Austria,2,1,2007,0.5640930996,1.314495209,0.05844794179,56
2,Oesophagus,40,Austria,2,1,2008,0.5833024385,1.380787489,0.07530489576,59
2,Oesophagus,40,Austria,2,1,2009,0.6122781255,1.400942998,0.07050859894,60
2,Oesophagus,40,Austria,2,1,2010,0.5594471373,1.677577327,0.06217941505,72
2,Oesophagus,40,Austria,2,1,2011,0.5206394106,1.231368151,0.0601730157,53
2,Oesophagus,40,Austria,2,1,2012,0.7569899684,1.712922717,0.09665512543,74
2,Oesophagus,40,Austria,2,1,2013,0.7114525691,1.635452934,0.09326116602,71
2,Oesophagus,40,Austria,2,1,2014,0.7608948189,1.808043666,0.09542170811,79
2,Oesophagus,40,Austria,2,1,2015,0.6591682758,1.520311705,0.08912437639,67
2,Oesophagus,40,Austria,2,1,2016,0.9422232669,2.182316331,0.1356016147,97
2,Oesophagus,40,Austria,2,1,2017,0.6313567155,1.699203051,0.08034153805,76
2,Oesophagus,40,Austria,2,1,2018,0.6593873094,1.802702251,0.07869667654,81
2,Oesophagus,40,Austria,2,1,2019,0.6070685831,1.662091299,0.08194291751,75
2,Oesophagus,40,Austria,2,1,2020,0.7835145296,2.029863484,0.09478167517,92
2,Oesophagus,40,Austria,2,1,2021,0.6273949256,1.558705971,0.08033883082,71
2,Oesophagus,40,Austria,2,1,2022,0.7414079918,2.019991618,0.09392636127,93
2,Oesophagus,40,Austria,2,1,2023,0.667539831,1.660773437,0.07802134761,77
2,Oesophagus,410,"Korea, Republic of",1,0,1999,8.853668774,7.25102832,1.141858566,1717
2,Oesophagus,410,"Korea, Republic of",1,0,2000,8.007277652,6.763552248,1.047778162,1614
2,Oesophagus,410,"Korea, Republic of",1,0,2001,8.320253822,7.223616967,1.122554332,1736
2,Oesophagus,410,"Korea, Republic of",1,0,2002,8.218300999,7.407458934,1.046423925,1789
2,Oesophagus,410,"Korea, Republic of",1,0,2003,7.725707704,7.183774062,1.014433313,1741
2,Oesophagus,410,"Korea, Republic of",1,0,2004,7.672724142,7.459918974,1.021185009,1814
2,Oesophagus,410,"Korea, Republic of",1,0,2005,7.584695065,7.705964326,1.032462858,1881
2,Oesophagus,410,"Korea, Republic of",1,0,2006,7.195381918,7.638751058,0.952893499,1872
2,Oesophagus,410,"Korea, Republic of",1,0,2007,6.937921914,7.695703673,0.9052955352,1895
2,Oesophagus,410,"Korea, Republic of",1,0,2008,6.969191176,8.086575638,0.9203248753,2002
2,Oesophagus,410,"Korea, Republic of",1,0,2009,6.60675614,8.051802637,0.8761061755,2003
2,Oesophagus,410,"Korea, Republic of",1,0,2010,6.479924261,8.191481116,0.8475546937,2046
2,Oesophagus,410,"Korea, Republic of",1,0,2011,6.268894935,8.264960356,0.812887656,2073
2,Oesophagus,410,"Korea, Republic of",1,0,2012,6.128596911,8.464516801,0.7912851788,2132
2,Oesophagus,410,"Korea, Republic of",1,0,2013,6.02393362,8.721302071,0.7561414576,2205
2,Oesophagus,410,"Korea, Republic of",1,0,2014,5.639604652,8.544017454,0.7341538778,2168
2,Oesophagus,410,"Korea, Republic of",1,0,2015,5.537475015,8.775215586,0.7086491723,2234
2,Oesophagus,410,"Korea, Republic of",1,0,2016,5.457065236,8.911849818,0.6831682855,2275
2,Oesophagus,410,"Korea, Republic of",1,0,2017,5.205648069,8.906527132,0.6594105706,2278
2,Oesophagus,410,"Korea, Republic of",1,1,1986,5.141950911,3.101085857,0.6525217251,650
2,Oesophagus,410,"Korea, Republic of",1,1,1987,6.392952099,3.802698628,0.803528967,797
2,Oesophagus,410,"Korea, Republic of",1,1,1988,6.217683114,3.880824191,0.8172269611,821
2,Oesophagus,410,"Korea, Republic of",1,1,1989,6.303035638,4.143724014,0.8246903765,885
2,Oesophagus,410,"Korea, Republic of",1,1,1990,7.259441791,4.780185644,0.9290270123,1031
2,Oesophagus,410,"Korea, Republic of",1,1,1991,6.900361037,4.638261524,0.904433653,1010
2,Oesophagus,410,"Korea, Republic of",1,1,1992,6.875068484,4.741018454,0.9234368984,1042
2,Oesophagus,410,"Korea, Republic of",1,1,1993,7.235870666,5.090745125,0.9399936501,1129
2,Oesophagus,410,"Korea, Republic of",1,1,1994,7.403273688,5.286820043,0.9262982064,1183
2,Oesophagus,410,"Korea, Republic of",1,1,1995,7.703979194,5.569425773,1.052004961,1276
2,Oesophagus,410,"Korea, Republic of",1,1,1996,7.156488568,5.293451676,0.9712305813,1225
2,Oesophagus,410,"Korea, Republic of",1,1,1997,7.590010619,5.757417387,1.030663974,1344
2,Oesophagus,410,"Korea, Republic of",1,1,1998,6.765049929,5.276405412,0.8866756214,1241
2,Oesophagus,410,"Korea, Republic of",1,1,1999,6.82760528,5.45621933,0.8727886832,1292
2,Oesophagus,410,"Korea, Republic of",1,1,2000,6.783780904,5.682370809,0.8602509605,1356
2,Oesophagus,410,"Korea, Republic of",1,1,2001,6.283400173,5.359457749,0.8266576102,1288
2,Oesophagus,410,"Korea, Republic of",1,1,2002,6.509145076,5.763657259,0.8258382891,1392
2,Oesophagus,410,"Korea, Republic of",1,1,2003,6.164808176,5.648814405,0.7800636065,1369
2,Oesophagus,410,"Korea, Republic of",1,1,2004,5.861065703,5.629894518,0.7657866749,1369
2,Oesophagus,410,"Korea, Republic of",1,1,2005,5.341211608,5.379017097,0.7097083592,1313
2,Oesophagus,410,"Korea, Republic of",1,1,2006,5.29087381,5.529116901,0.6961761936,1355
2,Oesophagus,410,"Korea, Republic of",1,1,2007,4.884771876,5.368717159,0.6267636032,1322
2,Oesophagus,410,"Korea, Republic of",1,1,2008,4.36291369,5.024825222,0.5604059009,1244
2,Oesophagus,410,"Korea, Republic of",1,1,2009,4.301594812,5.21377314,0.5531762615,1297
2,Oesophagus,410,"Korea, Republic of",1,1,2010,4.011185668,5.020586105,0.5041893831,1254
2,Oesophagus,410,"Korea, Republic of",1,1,2011,4.148105034,5.454156726,0.4809682522,1368
2,Oesophagus,410,"Korea, Republic of",1,1,2012,3.683531401,5.073945812,0.4453651445,1278
2,Oesophagus,410,"Korea, Republic of",1,1,2013,3.572602545,5.220914287,0.4274216713,1320
2,Oesophagus,410,"Korea, Republic of",1,1,2014,3.615150743,5.544939905,0.436036636,1407
2,Oesophagus,410,"Korea, Republic of",1,1,2015,3.420572403,5.503167876,0.3913462512,1401
2,Oesophagus,410,"Korea, Republic of",1,1,2016,3.224494847,5.40195088,0.366463731,1379
2,Oesophagus,410,"Korea, Republic of",1,1,2017,2.897569281,5.043642758,0.3150170739,1290
2,Oesophagus,410,"Korea, Republic of",1,1,2018,2.775852664,5.132418346,0.3070957111,1314
2,Oesophagus,410,"Korea, Republic of",1,1,2019,2.893487264,5.564374384,0.3314611481,1425
2,Oesophagus,410,"Korea, Republic of",1,1,2020,2.725974079,5.483072663,0.3123580699,1404
2,Oesophagus,410,"Korea, Republic of",1,1,2021,2.627106149,5.502342364,0.3039751338,1408
2,Oesophagus,410,"Korea, Republic of",1,1,2022,2.597548437,5.704767439,0.3037953115,1457
2,Oesophagus,410,"Korea, Republic of",2,0,1999,0.5688136278,0.672801366,0.06951469527,158
2,Oesophagus,410,"Korea, Republic of",2,0,2000,0.5565553314,0.6970613583,0.0616970908,165
2,Oesophagus,410,"Korea, Republic of",2,0,2001,0.5830337817,0.7381071025,0.06258879224,176
2,Oesophagus,410,"Korea, Republic of",2,0,2002,0.5251991004,0.6798912608,0.0605822002,163
2,Oesophagus,410,"Korea, Republic of",2,0,2003,0.5956494926,0.8058746099,0.06806883707,194
2,Oesophagus,410,"Korea, Republic of",2,0,2004,0.4661209512,0.6702883477,0.04720990608,162
2,Oesophagus,410,"Korea, Republic of",2,0,2005,0.4331977874,0.65503843,0.0426145012,159
2,Oesophagus,410,"Korea, Republic of",2,0,2006,0.4700633418,0.693179483,0.05612152277,169
2,Oesophagus,410,"Korea, Republic of",2,0,2007,0.5124619698,0.8161189699,0.05333940219,200
2,Oesophagus,410,"Korea, Republic of",2,0,2008,0.4969685119,0.8033242368,0.05288561662,198
2,Oesophagus,410,"Korea, Republic of",2,0,2009,0.3822563934,0.6577795936,0.03907724267,163
2,Oesophagus,410,"Korea, Republic of",2,0,2010,0.4414217635,0.7509239778,0.04554727765,187
2,Oesophagus,410,"Korea, Republic of",2,0,2011,0.4331825462,0.7790748331,0.04915393982,195
2,Oesophagus,410,"Korea, Republic of",2,0,2012,0.4826340378,0.8784539338,0.0509811856,221
2,Oesophagus,410,"Korea, Republic of",2,0,2013,0.4165426599,0.7952201335,0.0441625577,201
2,Oesophagus,410,"Korea, Republic of",2,0,2014,0.4431265564,0.8507732998,0.04977586183,216
2,Oesophagus,410,"Korea, Republic of",2,0,2015,0.4325769326,0.8668819934,0.04968139238,221
2,Oesophagus,410,"Korea, Republic of",2,0,2016,0.4826278483,1.000580258,0.05125557357,256
2,Oesophagus,410,"Korea, Republic of",2,0,2017,0.4778609259,0.9706108393,0.05297854047,249
2,Oesophagus,410,"Korea, Republic of",2,1,1986,0.7395111895,0.611404143,0.09074018628,126
2,Oesophagus,410,"Korea, Republic of",2,1,1987,0.8742628626,0.7275796336,0.1023043269,150
2,Oesophagus,410,"Korea, Republic of",2,1,1988,0.6631728639,0.574822763,0.08155420956,120
2,Oesophagus,410,"Korea, Republic of",2,1,1989,0.7595255477,0.6637650651,0.09700760992,140
2,Oesophagus,410,"Korea, Republic of",2,1,1990,0.6799502975,0.624386763,0.08363720228,133
2,Oesophagus,410,"Korea, Republic of",2,1,1991,0.6110551199,0.5769320244,0.07741512391,124
2,Oesophagus,410,"Korea, Republic of",2,1,1992,0.6663980751,0.650228041,0.07208542174,141
2,Oesophagus,410,"Korea, Republic of",2,1,1993,0.712107612,0.7175896301,0.07330595633,157
2,Oesophagus,410,"Korea, Republic of",2,1,1994,0.750069808,0.7428579194,0.08757903735,164
2,Oesophagus,410,"Korea, Republic of",2,1,1995,0.7643135948,0.8197985764,0.08448764096,186
2,Oesophagus,410,"Korea, Republic of",2,1,1996,0.6317046174,0.698083325,0.06913310962,160
2,Oesophagus,410,"Korea, Republic of",2,1,1997,0.6620334089,0.7479140547,0.07494437232,173
2,Oesophagus,410,"Korea, Republic of",2,1,1998,0.5506216992,0.6389940775,0.06584991843,149
2,Oesophagus,410,"Korea, Republic of",2,1,1999,0.478678428,0.5876366362,0.05726144568,138
2,Oesophagus,410,"Korea, Republic of",2,1,2000,0.4938191234,0.6336908589,0.0535592015,150
2,Oesophagus,410,"Korea, Republic of",2,1,2001,0.4711211605,0.6164871822,0.04934621902,147
2,Oesophagus,410,"Korea, Republic of",2,1,2002,0.4023147205,0.5547578999,0.03642983058,133
2,Oesophagus,410,"Korea, Republic of",2,1,2003,0.4094000484,0.5898669335,0.03970321428,142
2,Oesophagus,410,"Korea, Republic of",2,1,2004,0.3591353417,0.5461608307,0.03570832938,132
2,Oesophagus,410,"Korea, Republic of",2,1,2005,0.2931086807,0.465530399,0.02871360279,113
2,Oesophagus,410,"Korea, Republic of",2,1,2006,0.3185302223,0.5127066762,0.02963412045,125
2,Oesophagus,410,"Korea, Republic of",2,1,2007,0.310722177,0.5263967141,0.02539226258,129
2,Oesophagus,410,"Korea, Republic of",2,1,2008,0.3193589371,0.5720642293,0.02743492752,141
2,Oesophagus,410,"Korea, Republic of",2,1,2009,0.2393506911,0.4398648638,0.02013198813,109
2,Oesophagus,410,"Korea, Republic of",2,1,2010,0.1980273675,0.3935324468,0.01623986086,98
2,Oesophagus,410,"Korea, Republic of",2,1,2011,0.2811167039,0.555340522,0.02886565565,139
2,Oesophagus,410,"Korea, Republic of",2,1,2012,0.2314678045,0.4769885613,0.02144341342,120
2,Oesophagus,410,"Korea, Republic of",2,1,2013,0.2515517488,0.5064087711,0.02579837022,128
2,Oesophagus,410,"Korea, Republic of",2,1,2014,0.2424915894,0.5238556786,0.02238073604,133
2,Oesophagus,410,"Korea, Republic of",2,1,2015,0.2209051399,0.5099305843,0.01971820986,130
2,Oesophagus,410,"Korea, Republic of",2,1,2016,0.2358921711,0.5628263293,0.02235940631,144
2,Oesophagus,410,"Korea, Republic of",2,1,2017,0.2097595549,0.5184386406,0.01879687724,133
2,Oesophagus,410,"Korea, Republic of",2,1,2018,0.2002382032,0.4708368335,0.02127475725,121
2,Oesophagus,410,"Korea, Republic of",2,1,2019,0.2058584143,0.5013975193,0.01916490115,129
2,Oesophagus,410,"Korea, Republic of",2,1,2020,0.2587261194,0.6215238728,0.02563304188,160
2,Oesophagus,410,"Korea, Republic of",2,1,2021,0.2362366561,0.625384784,0.02151918348,161
2,Oesophagus,410,"Korea, Republic of",2,1,2022,0.2325619431,0.6259937286,0.02279185611,161
2,Oesophagus,414,Kuwait,1,0,1998,2.543394777,1.046961456,0.2497909874,4
2,Oesophagus,414,Kuwait,1,0,1999,3.465024739,1.519799184,0.2077839365,6
2,Oesophagus,414,Kuwait,1,0,2000,1.250721547,0.4900963775,0.2400851403,2
2,Oesophagus,414,Kuwait,1,0,2001,2.855507548,1.184915551,0.3100323452,5
2,Oesophagus,414,Kuwait,1,0,2002,1.324798792,0.6885376837,0.1796516399,3
2,Oesophagus,414,Kuwait,1,0,2003,0.9990999172,0.4449893091,0.04877334927,2
2,Oesophagus,414,Kuwait,1,0,2004,0.9762871751,0.431593508,0.08346548217,2
2,Oesophagus,414,Kuwait,1,0,2005,1.117023496,0.4190974318,0.2094950968,2
2,Oesophagus,414,Kuwait,1,0,2006,0.6364965798,0.4050099734,0.01699610785,2
2,Oesophagus,414,Kuwait,1,0,2007,1.980015726,0.7862268776,0.1170548854,4
2,Oesophagus,414,Kuwait,1,0,2008,0.6169844866,0.3814398975,0.05676832443,2
2,Oesophagus,414,Kuwait,1,0,2009,0.8874488069,0.3703888898,0.06454527627,2
2,Oesophagus,414,Kuwait,1,0,2010,2.746902394,1.25849484,0.1778013995,7
2,Oesophagus,414,Kuwait,1,0,2011,1.248288814,0.7004284871,0.1880199926,4
2,Oesophagus,414,Kuwait,1,0,2012,2.35927661,1.192723704,0.1172967145,7
2,Oesophagus,414,Kuwait,1,0,2013,3.254578411,1.327388844,0.4324340787,8
2,Oesophagus,414,Kuwait,1,0,2014,2.050800981,1.132228063,0.2925648202,7
2,Oesophagus,414,Kuwait,1,0,2015,1.231630287,0.6315413873,0.1885293874,4
2,Oesophagus,414,Kuwait,1,0,2016,1.266131093,0.6171172909,0.1743416785,4
2,Oesophagus,414,Kuwait,1,0,2017,2.116525322,1.357656504,0.1148391927,9
2,Oesophagus,414,Kuwait,1,1,1993,0.3894484787,0.2120906518,0.05698369885,2
2,Oesophagus,414,Kuwait,1,1,1994,2.144671027,0.7374794428,0.1951353998,7
2,Oesophagus,414,Kuwait,1,1,1995,0.6390187974,0.2068179609,0.01002838031,2
2,Oesophagus,414,Kuwait,1,1,1996,1.381747875,0.4001776789,0.1259672187,4
2,Oesophagus,414,Kuwait,1,1,1997,4.57675662,0.8686336393,0.206251191,9
2,Oesophagus,414,Kuwait,1,1,1998,2.401431762,0.5595683863,0.08516019002,6
2,Oesophagus,414,Kuwait,1,1,1999,3.068979138,0.6317968935,0.2386831844,7
2,Oesophagus,414,Kuwait,1,1,2000,2.476095197,0.6998316905,0.2003494182,8
2,Oesophagus,414,Kuwait,1,1,2001,1.610566487,0.3396493969,0.1151278043,4
2,Oesophagus,414,Kuwait,1,1,2002,1.67745722,0.5778099517,0.3053309264,7
2,Oesophagus,414,Kuwait,1,1,2003,0.3275823725,0.241098832,0.03511819547,3
2,Oesophagus,414,Kuwait,1,1,2004,0.7177715304,0.1567518508,0.1499186275,2
2,Oesophagus,414,Kuwait,1,1,2005,1.296849041,0.3785922728,0.1502752744,5
2,Oesophagus,414,Kuwait,1,1,2006,0.6587624407,0.2886617281,0.01137478942,4
2,Oesophagus,414,Kuwait,1,1,2007,1.490153974,0.3431306278,0.002612555419,5
2,Oesophagus,414,Kuwait,1,1,2008,0.9644125423,0.3270376407,0.08902502474,5
2,Oesophagus,414,Kuwait,1,1,2009,0.850461128,0.4372256409,0.07689317254,7
2,Oesophagus,414,Kuwait,1,1,2010,1.064458432,0.2983706575,0.1353105443,5
2,Oesophagus,414,Kuwait,1,1,2011,1.388988973,0.5601349701,0.07132307442,10
2,Oesophagus,414,Kuwait,1,1,2012,1.677210519,0.7321072976,0.1530437905,14
2,Oesophagus,414,Kuwait,1,1,2013,0.9935693104,0.3466214804,0.08810687262,7
2,Oesophagus,414,Kuwait,1,1,2014,0.3379780397,0.2819620423,0.04138090476,6
2,Oesophagus,414,Kuwait,1,1,2015,0.9302661547,0.3551311344,0.04110271361,8
2,Oesophagus,414,Kuwait,1,1,2016,0.344664065,0.2094025076,0.06303863073,5
2,Oesophagus,414,Kuwait,1,1,2017,0.2446768756,0.1586346632,0.04691822353,4
2,Oesophagus,414,Kuwait,1,1,2018,0.4530832226,0.2253887675,0.01534244766,6
2,Oesophagus,414,Kuwait,1,1,2019,0.5010121803,0.3284658346,0.05919404188,9
2,Oesophagus,414,Kuwait,1,1,2020,0.3256753555,0.1448903687,0.02897879086,4
2,Oesophagus,414,Kuwait,1,1,2021,0.3570642863,0.1438123134,0.03218638239,4
2,Oesophagus,414,Kuwait,1,1,2022,0.4093997502,0.1427500803,0.03716767859,4
2,Oesophagus,414,Kuwait,1,1,2023,0.4445283007,0.3041286478,0.05760066301,9
2,Oesophagus,414,Kuwait,2,0,1998,2.596694498,1.281394157,0.2906336097,5
2,Oesophagus,414,Kuwait,2,0,1999,0.600240096,0.2475504879,0.07500187153,1
2,Oesophagus,414,Kuwait,2,0,2000,1.563433921,0.717128617,0.1027525939,3
2,Oesophagus,414,Kuwait,2,0,2001,1.373723575,0.6922698837,0.09966114383,3
2,Oesophagus,414,Kuwait,2,0,2002,2.281804783,0.8914602565,0.45930496,4
2,Oesophagus,414,Kuwait,2,0,2003,1.503939694,0.646480667,0.1696064722,3
2,Oesophagus,414,Kuwait,2,0,2004,0.9929776595,0.4171072362,0.1899916924,2
2,Oesophagus,414,Kuwait,2,0,2005,0.4848484848,0.2015844538,0.121138689,1
2,Oesophagus,414,Kuwait,2,0,2006,0.4189359028,0.1944484955,0,1
2,Oesophagus,414,Kuwait,2,0,2007,0.8514261388,0.3774731569,0.2126301558,2
2,Oesophagus,414,Kuwait,2,0,2008,1.999711862,0.915717373,0.451739179,5
2,Oesophagus,414,Kuwait,2,0,2009,1.574565463,0.7110959411,0.09113277415,4
2,Oesophagus,414,Kuwait,2,0,2010,1.331934056,0.8665601375,0.1242249707,5
2,Oesophagus,414,Kuwait,2,0,2011,0.6079461961,0.3370583903,0.05530667411,2
2,Oesophagus,414,Kuwait,2,0,2012,0.5360633302,0.3284536076,0,2
2,Oesophagus,414,Kuwait,2,0,2013,1.035769473,0.6406929735,0.1112776107,4
2,Oesophagus,414,Kuwait,2,0,2014,0.2826455625,0.1562490234,0.07063643133,1
2,Oesophagus,414,Kuwait,2,0,2015,0.4140399867,0.3039375104,0,2
2,Oesophagus,414,Kuwait,2,0,2016,1.060742196,0.742480896,0.09148285077,5
2,Oesophagus,414,Kuwait,2,0,2017,0.6274018969,0.4353833115,0.05498432808,3
2,Oesophagus,414,Kuwait,2,1,1993,0.4476275739,0.1371442991,0.1118443011,1
2,Oesophagus,414,Kuwait,2,1,1994,3.348428469,1.118593257,0.4446327976,8
2,Oesophagus,414,Kuwait,2,1,1995,0.6633491919,0.2799234689,0.07525113514,2
2,Oesophagus,414,Kuwait,2,1,1996,4.15303182,0.9579999151,0.3425584159,7
2,Oesophagus,414,Kuwait,2,1,1997,0.6278777731,0.1330544512,0.1045915604,1
2,Oesophagus,414,Kuwait,2,1,1998,2.331524369,0.6476281267,0.1484482258,5
2,Oesophagus,414,Kuwait,2,1,1999,0.4537205082,0.1262501925,0,1
2,Oesophagus,414,Kuwait,2,1,2000,2.304111633,0.6160806918,0.1921624093,5
2,Oesophagus,414,Kuwait,2,1,2001,1.065039542,0.3612560149,0.0761677956,3
2,Oesophagus,414,Kuwait,2,1,2002,1.789272468,0.4714179309,0.268905894,4
2,Oesophagus,414,Kuwait,2,1,2003,1.176371567,0.3465892155,0.1260926099,3
2,Oesophagus,414,Kuwait,2,1,2004,1.248181359,0.34036026,0.2288867051,3
2,Oesophagus,414,Kuwait,2,1,2005,1.12359533,0.3274733791,0.04139244115,3
2,Oesophagus,414,Kuwait,2,1,2006,1.180686926,0.4085701678,0.1799673384,4
2,Oesophagus,414,Kuwait,2,1,2007,1.054677953,0.2855195885,0.1893938827,3
2,Oesophagus,414,Kuwait,2,1,2008,0.350385424,0.08908328842,0.08755800158,1
2,Oesophagus,414,Kuwait,2,1,2009,1.668945038,0.5860285764,0.2173632493,7
2,Oesophagus,414,Kuwait,2,1,2010,0.9065779211,0.2366660382,0,3
2,Oesophagus,414,Kuwait,2,1,2011,1.281752876,0.5194674123,0.1433953366,7
2,Oesophagus,414,Kuwait,2,1,2012,1.479090687,0.4913187487,0.0614062001,7
2,Oesophagus,414,Kuwait,2,1,2013,0.5819533311,0.2015782231,0.07684638538,3
2,Oesophagus,414,Kuwait,2,1,2014,0.3538572398,0.1300543172,0.01130211687,2
2,Oesophagus,414,Kuwait,2,1,2015,0.1337524243,0.06322059626,0.01671765548,1
2,Oesophagus,414,Kuwait,2,1,2016,0.5710198714,0.2474907531,0.05805121035,4
2,Oesophagus,414,Kuwait,2,1,2017,0.5382068141,0.2449226014,0.03179308303,4
2,Oesophagus,414,Kuwait,2,1,2018,0.2886284137,0.1805795158,0.02452504703,3
2,Oesophagus,414,Kuwait,2,1,2019,0.1510888199,0.117496387,0.02202868292,2
2,Oesophagus,414,Kuwait,2,1,2020,0,0,0,0
2,Oesophagus,414,Kuwait,2,1,2021,0,0,0,0
2,Oesophagus,414,Kuwait,2,1,2022,0.1448255515,0.1118936831,0.01687714384,2
2,Oesophagus,414,Kuwait,2,1,2023,0.3736761493,0.1596163249,0.0170372263,3
2,Oesophagus,417,Kyrgyzstan,1,1,2001,6.411165114,3.903354584,0.8620508965,95
2,Oesophagus,417,Kyrgyzstan,1,1,2002,6.310248267,3.872147399,0.8361833095,95
2,Oesophagus,417,Kyrgyzstan,1,1,2003,6.742348767,3.956814199,0.9026211388,98
2,Oesophagus,417,Kyrgyzstan,1,1,2004,5.277377629,3.35423742,0.7449083249,84
2,Oesophagus,417,Kyrgyzstan,1,1,2005,5.230762868,3.203484125,0.7541644648,81
2,Oesophagus,417,Kyrgyzstan,1,1,2006,5.848494834,3.48632967,0.7801374128,89
2,Oesophagus,417,Kyrgyzstan,1,1,2007,5.450473638,3.34155771,0.7949893852,86
2,Oesophagus,417,Kyrgyzstan,1,1,2008,5.810809463,3.54468109,0.7086948011,92
2,Oesophagus,417,Kyrgyzstan,1,1,2009,5.731579049,3.199506147,0.6924004464,85
2,Oesophagus,417,Kyrgyzstan,1,1,2010,5.000698526,2.751716011,0.6498537874,74
2,Oesophagus,417,Kyrgyzstan,1,1,2011,6.322980742,3.746262002,0.7302991124,102
2,Oesophagus,417,Kyrgyzstan,1,1,2012,6.512806985,3.862440795,0.7719260013,107
2,Oesophagus,417,Kyrgyzstan,1,1,2013,5.244838269,3.218195038,0.6471772924,91
2,Oesophagus,417,Kyrgyzstan,1,1,2014,4.852119962,2.979120522,0.60386666,86
2,Oesophagus,417,Kyrgyzstan,1,1,2015,5.027174268,2.712846549,0.7212143256,80
2,Oesophagus,417,Kyrgyzstan,1,1,2016,5.456424863,3.385235944,0.6094229096,104
2,Oesophagus,417,Kyrgyzstan,1,1,2017,5.765785355,3.580538018,0.7104475839,110
2,Oesophagus,417,Kyrgyzstan,1,1,2018,4.875776271,3.093383508,0.597331277,97
2,Oesophagus,417,Kyrgyzstan,1,1,2019,4.425300589,2.871751331,0.4882576927,92
2,Oesophagus,417,Kyrgyzstan,2,1,2001,1.688788457,1.403793612,0.2625206991,35
2,Oesophagus,417,Kyrgyzstan,2,1,2002,2.020729001,1.671963873,0.2703350655,42
2,Oesophagus,417,Kyrgyzstan,2,1,2003,2.641114831,2.367700773,0.2911148193,60
2,Oesophagus,417,Kyrgyzstan,2,1,2004,1.903156142,1.718258685,0.2318169326,44
2,Oesophagus,417,Kyrgyzstan,2,1,2005,1.88038199,1.816598531,0.2361067049,47
2,Oesophagus,417,Kyrgyzstan,2,1,2006,2.52969759,2.335931451,0.3302224802,61
2,Oesophagus,417,Kyrgyzstan,2,1,2007,2.48860458,2.164510384,0.2736320195,57
2,Oesophagus,417,Kyrgyzstan,2,1,2008,1.904192558,1.770445538,0.2470566183,47
2,Oesophagus,417,Kyrgyzstan,2,1,2009,2.197721919,1.980476172,0.2143691625,54
2,Oesophagus,417,Kyrgyzstan,2,1,2010,2.429995844,2.211163184,0.2986174495,61
2,Oesophagus,417,Kyrgyzstan,2,1,2011,1.933396569,1.826621395,0.1569915622,51
2,Oesophagus,417,Kyrgyzstan,2,1,2012,2.061571025,1.868011259,0.2771389141,53
2,Oesophagus,417,Kyrgyzstan,2,1,2013,2.327287349,1.901679702,0.2737314029,55
2,Oesophagus,417,Kyrgyzstan,2,1,2014,2.191491848,1.865002316,0.2681811914,55
2,Oesophagus,417,Kyrgyzstan,2,1,2015,1.734766429,1.562323927,0.1671462777,47
2,Oesophagus,417,Kyrgyzstan,2,1,2016,2.008294748,1.791254265,0.2335425985,56
2,Oesophagus,417,Kyrgyzstan,2,1,2017,1.731847518,1.599334165,0.1668908358,50
2,Oesophagus,417,Kyrgyzstan,2,1,2018,1.749855007,1.600055218,0.190717797,51
2,Oesophagus,417,Kyrgyzstan,2,1,2019,1.552020319,1.444866803,0.1824955302,47
2,Oesophagus,428,Latvia,1,0,1983,4.035260331,4.513327088,0.554686974,53
2,Oesophagus,428,Latvia,1,0,1984,3.659527163,4.226899992,0.4652059138,50
2,Oesophagus,428,Latvia,1,0,1985,3.966854699,4.530961571,0.5237313545,54
2,Oesophagus,428,Latvia,1,0,1986,3.51443181,3.989693292,0.4412995605,48
2,Oesophagus,428,Latvia,1,0,1987,5.731592766,6.409202958,0.7876751656,78
2,Oesophagus,428,Latvia,1,0,1988,3.414408838,4.139946424,0.4077110572,51
2,Oesophagus,428,Latvia,1,0,1989,5.159063449,6.203673864,0.6456412445,77
2,Oesophagus,428,Latvia,1,0,1990,5.463124839,6.436041834,0.6421349076,80
2,Oesophagus,428,Latvia,1,0,1991,4.274388336,5.404097435,0.471526721,67
2,Oesophagus,428,Latvia,1,0,1992,4.981419119,5.962590868,0.6666374502,73
2,Oesophagus,428,Latvia,1,0,1993,5.204235234,6.494587843,0.6602947095,78
2,Oesophagus,428,Latvia,1,0,1994,5.173121787,6.518242614,0.6878240192,77
2,Oesophagus,428,Latvia,1,0,1995,5.47267262,6.778206778,0.6606461235,79
2,Oesophagus,428,Latvia,1,0,1996,6.062909719,7.803017167,0.7794292874,90
2,Oesophagus,428,Latvia,1,0,1997,6.045499184,7.958023612,0.6850857,91
2,Oesophagus,428,Latvia,1,0,1998,5.203278148,6.96403385,0.6563109175,79
2,Oesophagus,428,Latvia,1,0,1999,6.756453555,8.877052818,0.8208080966,100
2,Oesophagus,428,Latvia,1,0,2000,6.177461292,8.421823508,0.7265074316,92
2,Oesophagus,428,Latvia,1,0,2001,5.339435153,7.561199612,0.6966399327,82
2,Oesophagus,428,Latvia,1,0,2002,5.353343135,7.616662657,0.7441015503,82
2,Oesophagus,428,Latvia,1,0,2003,5.795890824,8.218945229,0.6956041716,88
2,Oesophagus,428,Latvia,1,0,2004,6.645465077,9.571829543,0.8550202398,102
2,Oesophagus,428,Latvia,1,0,2005,6.078467217,8.489757108,0.7463488494,90
2,Oesophagus,428,Latvia,1,0,2006,6.100220975,8.632473849,0.7794871239,91
2,Oesophagus,428,Latvia,1,0,2007,7.325235067,10.86781402,1.018173191,114
2,Oesophagus,428,Latvia,1,0,2008,7.229526864,10.52619491,0.9144347452,110
2,Oesophagus,428,Latvia,1,0,2009,6.433996015,9.708877856,0.8070468122,101
2,Oesophagus,428,Latvia,1,0,2010,7.976353973,11.99898202,1.042080377,124
2,Oesophagus,428,Latvia,1,0,2011,7.157902626,11.36635241,0.944265578,107
2,Oesophagus,428,Latvia,1,0,2012,8.239733695,12.89357642,1.017047381,120
2,Oesophagus,428,Latvia,1,0,2013,6.192731202,9.65488662,0.8176784732,89
2,Oesophagus,428,Latvia,1,0,2014,8.347353738,13.78365783,1.094671508,126
2,Oesophagus,428,Latvia,1,0,2015,6.981026405,11.89750956,0.9155689535,108
2,Oesophagus,428,Latvia,1,0,2016,7.52481962,12.66679333,0.9958697597,114
2,Oesophagus,428,Latvia,1,0,2017,7.290299257,12.21060037,1.007767117,109
2,Oesophagus,428,Latvia,1,1,1997,5.839160074,7.608220376,0.6884817153,87
2,Oesophagus,428,Latvia,1,1,1998,4.804293141,6.435119887,0.6084438203,73
2,Oesophagus,428,Latvia,1,1,1999,6.387785941,8.433200178,0.7464172684,95
2,Oesophagus,428,Latvia,1,1,2000,5.594344802,7.706945242,0.7082239652,84
2,Oesophagus,428,Latvia,1,1,2001,5.661003697,7.909875806,0.7132773879,85
2,Oesophagus,428,Latvia,1,1,2002,4.836915885,6.883305344,0.6228417055,73
2,Oesophagus,428,Latvia,1,1,2003,6.197239884,8.955400202,0.8108704664,94
2,Oesophagus,428,Latvia,1,1,2004,5.515616617,7.993936166,0.7071625525,83
2,Oesophagus,428,Latvia,1,1,2005,5.669121699,7.983767637,0.701808148,82
2,Oesophagus,428,Latvia,1,1,2006,6.004119337,8.743276764,0.7882469794,89
2,Oesophagus,428,Latvia,1,1,2007,5.656796685,8.511345822,0.7758253415,86
2,Oesophagus,428,Latvia,1,1,2008,5.843140206,9.001395216,0.69308675,90
2,Oesophagus,428,Latvia,1,1,2009,6.580223115,10.08363304,0.8476169136,99
2,Oesophagus,428,Latvia,1,1,2010,7.557691076,12.19467708,1.018086606,117
2,Oesophagus,428,Latvia,1,1,2011,6.322301125,9.985393706,0.7938100711,94
2,Oesophagus,428,Latvia,1,1,2012,6.974827392,11.38932584,0.9200065828,106
2,Oesophagus,428,Latvia,1,1,2013,6.91053799,10.95666909,0.8768134027,101
2,Oesophagus,428,Latvia,1,1,2014,7.430917271,12.36153441,1.000814281,113
2,Oesophagus,428,Latvia,1,1,2015,6.830485193,11.67718531,0.8450704582,106
2,Oesophagus,428,Latvia,1,1,2016,5.501632158,9.666763334,0.7244514701,87
2,Oesophagus,428,Latvia,1,1,2017,6.475599911,11.53845723,0.8852369957,103
2,Oesophagus,428,Latvia,1,1,2018,6.323956645,11.04497899,0.8339654316,98
2,Oesophagus,428,Latvia,1,1,2019,6.695148266,11.66567093,0.8605194611,103
2,Oesophagus,428,Latvia,1,1,2020,6.298990521,11.16058083,0.8201986886,98
2,Oesophagus,428,Latvia,1,1,2021,6.239589428,11.92467732,0.8218132965,104
2,Oesophagus,428,Latvia,1,1,2022,6.188888539,11.37030559,0.744661922,99
2,Oesophagus,428,Latvia,1,1,2023,5.682616676,10.10877269,0.6883868166,88
2,Oesophagus,428,Latvia,2,0,1983,0.4935774038,0.9477981919,0.06165840435,13
2,Oesophagus,428,Latvia,2,0,1984,0.542650921,1.305199043,0.07750617375,18
2,Oesophagus,428,Latvia,2,0,1985,0.7344562629,1.441649247,0.1086372599,20
2,Oesophagus,428,Latvia,2,0,1986,0.4366153668,0.7157683774,0.07927414485,10
2,Oesophagus,428,Latvia,2,0,1987,0.6017196271,1.135234852,0.0693430104,16
2,Oesophagus,428,Latvia,2,0,1988,0.5591585239,1.055000703,0.0656659445,15
2,Oesophagus,428,Latvia,2,0,1989,0.7787872827,1.399972001,0.08102990521,20
2,Oesophagus,428,Latvia,2,0,1990,0.7281529654,1.541047913,0.09040299241,22
2,Oesophagus,428,Latvia,2,0,1991,0.6907931685,1.335488859,0.08116078866,19
2,Oesophagus,428,Latvia,2,0,1992,0.5328720817,1.2789541,0.0628401664,18
2,Oesophagus,428,Latvia,2,0,1993,0.5979417337,1.155151253,0.07338183742,16
2,Oesophagus,428,Latvia,2,0,1994,0.6123990261,1.170960187,0.07195313279,16
2,Oesophagus,428,Latvia,2,0,1995,0.3548453261,0.8146337851,0.04783250264,11
2,Oesophagus,428,Latvia,2,0,1996,0.3112998738,0.8973304419,0.03468037414,12
2,Oesophagus,428,Latvia,2,0,1997,0.5814868994,1.282051282,0.07206207025,17
2,Oesophagus,428,Latvia,2,0,1998,0.7194730772,1.369237791,0.08148404096,18
2,Oesophagus,428,Latvia,2,0,1999,0.4386096532,0.9958633369,0.04397385498,13
2,Oesophagus,428,Latvia,2,0,2000,0.3126300366,0.8589723567,0.04054249529,11
2,Oesophagus,428,Latvia,2,0,2001,0.4722696558,1.259319951,0.03233863026,16
2,Oesophagus,428,Latvia,2,0,2002,0.6789129598,1.426265632,0.06987857424,18
2,Oesophagus,428,Latvia,2,0,2003,0.3196829529,0.797038206,0.04256269233,10
2,Oesophagus,428,Latvia,2,0,2004,0.6098875213,1.443242099,0.06811141354,18
2,Oesophagus,428,Latvia,2,0,2005,0.7326509601,1.773605684,0.07578538971,22
2,Oesophagus,428,Latvia,2,0,2006,0.9719142774,2.026278399,0.1356167349,25
2,Oesophagus,428,Latvia,2,0,2007,0.7378301619,1.792799628,0.1064346163,22
2,Oesophagus,428,Latvia,2,0,2008,0.7049171594,1.883575386,0.06326129368,23
2,Oesophagus,428,Latvia,2,0,2009,0.6864956033,1.564366691,0.07535775474,19
2,Oesophagus,428,Latvia,2,0,2010,0.6287822733,1.74189005,0.08185548057,21
2,Oesophagus,428,Latvia,2,0,2011,0.5976032388,1.520118319,0.08257390872,17
2,Oesophagus,428,Latvia,2,0,2012,0.419288821,0.9061065237,0.05125931322,10
2,Oesophagus,428,Latvia,2,0,2013,0.7961478115,1.833459536,0.1044390914,20
2,Oesophagus,428,Latvia,2,0,2014,0.9540416687,2.408174456,0.1307687194,26
2,Oesophagus,428,Latvia,2,0,2015,1.101852876,2.710852947,0.1402814559,29
2,Oesophagus,428,Latvia,2,0,2016,1.531476029,3.303301603,0.1878903747,35
2,Oesophagus,428,Latvia,2,0,2017,0.8413370284,2.286602794,0.1032799173,24
2,Oesophagus,428,Latvia,2,1,1997,0.2800896476,0.754147813,0.02744833709,10
2,Oesophagus,428,Latvia,2,1,1998,0.7557255946,1.445306557,0.07984222546,19
2,Oesophagus,428,Latvia,2,1,1999,0.5564266514,1.302282825,0.0585876746,17
2,Oesophagus,428,Latvia,2,1,2000,0.3168223627,0.7827028922,0.03945522919,10
2,Oesophagus,428,Latvia,2,1,2001,0.5076041667,1.346466397,0.04074551951,17
2,Oesophagus,428,Latvia,2,1,2002,0.5613865357,1.280372845,0.05939187718,16
2,Oesophagus,428,Latvia,2,1,2003,0.3380877746,0.8883081686,0.03355965736,11
2,Oesophagus,428,Latvia,2,1,2004,0.5291068602,1.224654749,0.05445742484,15
2,Oesophagus,428,Latvia,2,1,2005,0.4973964343,1.237914856,0.0619914084,15
2,Oesophagus,428,Latvia,2,1,2006,0.6148999005,1.499460194,0.075269821,18
2,Oesophagus,428,Latvia,2,1,2007,0.7064005708,1.512720721,0.09634369781,18
2,Oesophagus,428,Latvia,2,1,2008,0.4804251682,1.52869228,0.04171503471,18
2,Oesophagus,428,Latvia,2,1,2009,0.6993976075,1.638100493,0.07691146205,19
2,Oesophagus,428,Latvia,2,1,2010,0.6491059352,1.581555548,0.07431605415,18
2,Oesophagus,428,Latvia,2,1,2011,0.5574033328,1.698955768,0.06911774125,19
2,Oesophagus,428,Latvia,2,1,2012,0.42417228,1.177938481,0.05795559703,13
2,Oesophagus,428,Latvia,2,1,2013,0.6818211845,1.375094652,0.08500058239,15
2,Oesophagus,428,Latvia,2,1,2014,0.6086230509,1.852441889,0.06387222052,20
2,Oesophagus,428,Latvia,2,1,2015,0.8768059556,1.963031444,0.1262608003,21
2,Oesophagus,428,Latvia,2,1,2016,1.100396014,2.642641282,0.1391432845,28
2,Oesophagus,428,Latvia,2,1,2017,0.9793723217,2.762978376,0.1310616355,29
2,Oesophagus,428,Latvia,2,1,2018,0.9341865861,2.500230791,0.1118383813,26
2,Oesophagus,428,Latvia,2,1,2019,1.077655489,2.522095007,0.1433408701,26
2,Oesophagus,428,Latvia,2,1,2020,0.9566521772,2.249700081,0.1359391681,23
2,Oesophagus,428,Latvia,2,1,2021,0.7291306574,2.667064421,0.08627390173,27
2,Oesophagus,428,Latvia,2,1,2022,1.123233256,2.875004709,0.1571147487,29
2,Oesophagus,428,Latvia,2,1,2023,0.8980484709,2.482833688,0.1121676849,25
2,Oesophagus,440,Lithuania,1,0,1988,5.154435793,5.728440666,0.6479549265,99
2,Oesophagus,440,Lithuania,1,0,1989,4.274707145,5.036759761,0.4987741793,88
2,Oesophagus,440,Lithuania,1,0,1990,5.567979487,6.322289831,0.6708423792,111
2,Oesophagus,440,Lithuania,1,0,1991,5.100186933,5.75625965,0.6389434814,102
2,Oesophagus,440,Lithuania,1,0,1992,5.329598864,6.322636223,0.6288394295,112
2,Oesophagus,440,Lithuania,1,0,1993,7.001237246,8.08578852,0.9027907303,143
2,Oesophagus,440,Lithuania,1,0,1994,6.874416969,8.140596643,0.8167169221,143
2,Oesophagus,440,Lithuania,1,0,1995,5.212182759,5.991150215,0.6376721723,105
2,Oesophagus,440,Lithuania,1,0,1996,6.625258203,7.947212215,0.7580392498,139
2,Oesophagus,440,Lithuania,1,0,1997,6.253894916,7.612815631,0.7676018374,133
2,Oesophagus,440,Lithuania,1,0,1998,6.524577724,8.049909439,0.8323048785,134
2,Oesophagus,440,Lithuania,1,0,1999,7.023457253,8.9645953,0.832060999,148
2,Oesophagus,440,Lithuania,1,0,2000,6.906210661,8.610050799,0.8147692845,141
2,Oesophagus,440,Lithuania,1,0,2001,7.152032022,9.215406439,0.8706896133,150
2,Oesophagus,440,Lithuania,1,0,2002,6.354706894,8.267058056,0.7832103561,134
2,Oesophagus,440,Lithuania,1,0,2003,6.635174213,8.865490057,0.7728887558,143
2,Oesophagus,440,Lithuania,1,0,2004,7.563618852,10.04103102,0.9848731456,161
2,Oesophagus,440,Lithuania,1,0,2005,6.366244942,8.414960544,0.7992506701,134
2,Oesophagus,440,Lithuania,1,0,2006,7.571385704,10.05179519,1.016168249,159
2,Oesophagus,440,Lithuania,1,0,2007,7.753381061,10.43270934,0.9450933598,164
2,Oesophagus,440,Lithuania,1,0,2008,8.169819776,11.25953222,1.064980558,176
2,Oesophagus,440,Lithuania,1,0,2009,7.208811096,9.977476651,0.9113774216,155
2,Oesophagus,440,Lithuania,1,0,2010,7.097636578,9.950835019,0.9274393941,152
2,Oesophagus,440,Lithuania,1,0,2011,6.775979279,10.46319714,0.8566333045,146
2,Oesophagus,440,Lithuania,1,0,2012,8.569617756,13.22481236,1.160591039,182
2,Oesophagus,440,Lithuania,1,0,2013,7.671998759,12.11059839,0.964500243,165
2,Oesophagus,440,Lithuania,1,0,2014,8.761695496,14.06234504,1.059569798,190
2,Oesophagus,440,Lithuania,1,0,2015,8.386882275,13.7525674,1.132788907,184
2,Oesophagus,440,Lithuania,1,0,2016,7.513979247,12.49151145,0.9751860774,165
2,Oesophagus,440,Lithuania,1,0,2017,8.662890115,14.71557552,1.180096607,192
2,Oesophagus,440,Lithuania,1,1,1994,5.592971142,6.7814529,0.6997849284,117
2,Oesophagus,440,Lithuania,1,1,1995,5.366649215,6.318028494,0.6505656367,108
2,Oesophagus,440,Lithuania,1,1,1996,6.153567861,7.498340918,0.7607442037,127
2,Oesophagus,440,Lithuania,1,1,1997,5.028844017,6.135495569,0.5910140678,103
2,Oesophagus,440,Lithuania,1,1,1998,5.950268153,7.449169928,0.7463397015,124
2,Oesophagus,440,Lithuania,1,1,1999,6.587517393,8.298307811,0.7669198625,137
2,Oesophagus,440,Lithuania,1,1,2000,5.882782165,7.449853934,0.6645688874,122
2,Oesophagus,440,Lithuania,1,1,2001,6.944765888,8.999890275,0.8440832423,146
2,Oesophagus,440,Lithuania,1,1,2002,5.730291357,7.776891558,0.7167621897,125
2,Oesophagus,440,Lithuania,1,1,2003,6.029150103,8.100175943,0.6844860172,129
2,Oesophagus,440,Lithuania,1,1,2004,6.96067048,9.535063926,0.8998723768,150
2,Oesophagus,440,Lithuania,1,1,2005,5.589246275,7.829870503,0.697242696,121
2,Oesophagus,440,Lithuania,1,1,2006,6.788922556,9.422592742,0.8709544412,143
2,Oesophagus,440,Lithuania,1,1,2007,7.615301207,11.15484732,0.9693599005,167
2,Oesophagus,440,Lithuania,1,1,2008,7.224543279,10.47024222,0.9023272457,155
2,Oesophagus,440,Lithuania,1,1,2009,7.1824112,10.53512987,0.9444031517,154
2,Oesophagus,440,Lithuania,1,1,2010,6.782174647,10.00902212,0.9007611224,143
2,Oesophagus,440,Lithuania,1,1,2011,6.399825108,9.889871267,0.8307134955,138
2,Oesophagus,440,Lithuania,1,1,2012,7.302807469,11.40821726,0.9987527332,157
2,Oesophagus,440,Lithuania,1,1,2013,7.084267006,11.37662273,0.8972861679,155
2,Oesophagus,440,Lithuania,1,1,2014,7.861107821,12.80413522,0.9793235328,173
2,Oesophagus,440,Lithuania,1,1,2015,7.647572875,12.85566083,0.9891939077,172
2,Oesophagus,440,Lithuania,1,1,2016,6.842148401,11.28021337,0.9270751953,149
2,Oesophagus,440,Lithuania,1,1,2017,7.05536463,12.10969235,0.941174737,158
2,Oesophagus,440,Lithuania,1,1,2018,7.23167915,12.26433577,0.9996633645,159
2,Oesophagus,440,Lithuania,1,1,2019,7.6384913,13.46181805,1.032695739,175
2,Oesophagus,440,Lithuania,1,1,2020,7.974460596,14.28597621,1.00116031,187
2,Oesophagus,440,Lithuania,1,1,2021,6.442564757,11.64053418,0.7969669956,152
2,Oesophagus,440,Lithuania,1,1,2022,6.929273448,12.94270582,0.8781084919,171
2,Oesophagus,440,Lithuania,1,1,2023,7.231906242,13.39886191,0.9575979917,181
2,Oesophagus,440,Lithuania,2,0,1988,0.4983297832,0.9343587055,0.04921452135,18
2,Oesophagus,440,Lithuania,2,0,1989,0.5514455893,0.8751180766,0.07843157368,17
2,Oesophagus,440,Lithuania,2,0,1990,0.4777445577,0.8194378861,0.05388021471,16
2,Oesophagus,440,Lithuania,2,0,1991,0.4640719145,0.9138136643,0.04730684404,18
2,Oesophagus,440,Lithuania,2,0,1992,0.4408477889,0.8628311622,0.04340918838,17
2,Oesophagus,440,Lithuania,2,0,1993,0.5688263925,1.016283401,0.07006200392,20
2,Oesophagus,440,Lithuania,2,0,1994,0.4321434138,0.6628912461,0.04646651585,13
2,Oesophagus,440,Lithuania,2,0,1995,0.7128066826,1.173906608,0.07520538035,23
2,Oesophagus,440,Lithuania,2,0,1996,0.6962608713,1.429905034,0.08152104278,28
2,Oesophagus,440,Lithuania,2,0,1997,0.8080039368,1.686334609,0.08109796419,33
2,Oesophagus,440,Lithuania,2,0,1998,0.6179958835,1.167276569,0.07213271296,22
2,Oesophagus,440,Lithuania,2,0,1999,0.5820869626,1.014245884,0.06738788048,19
2,Oesophagus,440,Lithuania,2,0,2000,0.7361763657,1.450112115,0.09868252022,27
2,Oesophagus,440,Lithuania,2,0,2001,0.5392011912,1.186884708,0.0488487223,22
2,Oesophagus,440,Lithuania,2,0,2002,0.4904261424,0.9198243244,0.05913992332,17
2,Oesophagus,440,Lithuania,2,0,2003,0.6265124846,1.194867068,0.06878024313,22
2,Oesophagus,440,Lithuania,2,0,2004,0.5264839272,1.200761938,0.0671785681,22
2,Oesophagus,440,Lithuania,2,0,2005,0.6150382726,1.207529274,0.07295911725,22
2,Oesophagus,440,Lithuania,2,0,2006,0.6314439897,1.379481591,0.06843628301,25
2,Oesophagus,440,Lithuania,2,0,2007,0.9258425239,2.106851759,0.1028562069,38
2,Oesophagus,440,Lithuania,2,0,2008,0.9935975654,2.005577735,0.1098732758,36
2,Oesophagus,440,Lithuania,2,0,2009,0.8478078379,1.735765047,0.09563161645,31
2,Oesophagus,440,Lithuania,2,0,2010,0.7633654633,1.307330715,0.0807070346,23
2,Oesophagus,440,Lithuania,2,0,2011,0.8119256397,1.776146717,0.09397732364,29
2,Oesophagus,440,Lithuania,2,0,2012,0.7175189379,1.675382794,0.07874189842,27
2,Oesophagus,440,Lithuania,2,0,2013,0.7342398282,1.880587696,0.07706966325,30
2,Oesophagus,440,Lithuania,2,0,2014,0.7615032829,1.897244,0.08596432272,30
2,Oesophagus,440,Lithuania,2,0,2015,1.045017589,2.361232895,0.124703865,37
2,Oesophagus,440,Lithuania,2,0,2016,1.061856826,2.391209655,0.1313214122,37
2,Oesophagus,440,Lithuania,2,0,2017,1.049170841,2.625252434,0.1322564918,40
2,Oesophagus,440,Lithuania,2,1,1994,0.5739616778,0.9835091399,0.05763103238,19
2,Oesophagus,440,Lithuania,2,1,1995,0.3265965067,0.6771820891,0.03577508776,13
2,Oesophagus,440,Lithuania,2,1,1996,0.4896779016,0.8910245524,0.05465097662,17
2,Oesophagus,440,Lithuania,2,1,1997,0.6758191779,1.265559127,0.07558532431,24
2,Oesophagus,440,Lithuania,2,1,1998,0.5708128125,1.167276569,0.06370623129,22
2,Oesophagus,440,Lithuania,2,1,1999,0.4168579189,0.8007204349,0.04961878443,15
2,Oesophagus,440,Lithuania,2,1,2000,0.6421015993,1.288992008,0.06725409749,24
2,Oesophagus,440,Lithuania,2,1,2001,0.4509550785,0.919626783,0.0549047174,17
2,Oesophagus,440,Lithuania,2,1,2002,0.5046825666,0.9805304779,0.06890409623,18
2,Oesophagus,440,Lithuania,2,1,2003,0.4942230292,0.9875703301,0.05880672852,18
2,Oesophagus,440,Lithuania,2,1,2004,0.419406534,1.053253611,0.05107211154,19
2,Oesophagus,440,Lithuania,2,1,2005,0.4781875521,1.069119113,0.04229900604,19
2,Oesophagus,440,Lithuania,2,1,2006,0.534744913,1.255507111,0.04859343635,22
2,Oesophagus,440,Lithuania,2,1,2007,0.7130268574,1.672253338,0.08467499156,29
2,Oesophagus,440,Lithuania,2,1,2008,0.7594248636,1.746374091,0.08356152844,30
2,Oesophagus,440,Lithuania,2,1,2009,0.7801092887,1.587170956,0.09599573504,27
2,Oesophagus,440,Lithuania,2,1,2010,0.5308533721,1.198630445,0.066463723,20
2,Oesophagus,440,Lithuania,2,1,2011,0.7433327715,1.592407402,0.08357248918,26
2,Oesophagus,440,Lithuania,2,1,2012,0.7325213457,1.737434009,0.07367904113,28
2,Oesophagus,440,Lithuania,2,1,2013,0.4639516368,1.253725131,0.05061581456,20
2,Oesophagus,440,Lithuania,2,1,2014,0.7943167182,1.834002533,0.09435121246,29
2,Oesophagus,440,Lithuania,2,1,2015,0.7817916341,1.978330264,0.09500994416,31
2,Oesophagus,440,Lithuania,2,1,2016,0.8843630913,1.938818639,0.1048276985,30
2,Oesophagus,440,Lithuania,2,1,2017,0.8970040465,2.29709588,0.1141393577,35
2,Oesophagus,440,Lithuania,2,1,2018,0.7773870758,1.661018098,0.1042228199,25
2,Oesophagus,440,Lithuania,2,1,2019,0.8071960781,1.740103496,0.09387893686,26
2,Oesophagus,440,Lithuania,2,1,2020,0.8955424093,2.153563913,0.09427874061,32
2,Oesophagus,440,Lithuania,2,1,2021,0.8889017672,2.063093389,0.1211997976,31
2,Oesophagus,440,Lithuania,2,1,2022,1.141049222,2.913075804,0.1434753391,44
2,Oesophagus,440,Lithuania,2,1,2023,1.140930833,2.959114896,0.1421842928,45
2,Oesophagus,442,Luxembourg,1,1,1968,7.082850301,9.685230024,0.7202331701,16
2,Oesophagus,442,Luxembourg,1,1,1969,9.723508849,13.85542169,1.073113138,23
2,Oesophagus,442,Luxembourg,1,1,1970,8.096796871,11.40456182,0.9022440132,19
2,Oesophagus,442,Luxembourg,1,1,1971,8.194730716,11.77856302,1.011969042,20
2,Oesophagus,442,Luxembourg,1,1,1972,5.84006216,7.580174927,0.5531339688,13
2,Oesophagus,442,Luxembourg,1,1,1973,5.775016555,8.045977011,0.7888739666,14
2,Oesophagus,442,Luxembourg,1,1,1974,8.44802454,11.83098592,1.023979611,21
2,Oesophagus,442,Luxembourg,1,1,1975,6.873344634,8.943543879,0.7791998807,16
2,Oesophagus,442,Luxembourg,1,1,1976,4.613576972,6.718924972,0.5813925013,12
2,Oesophagus,442,Luxembourg,1,1,1977,8.62745098,11.76470588,1.189265428,21
2,Oesophagus,442,Luxembourg,1,1,1978,7.661003644,10.89449541,0.9016608771,19
2,Oesophagus,442,Luxembourg,1,1,1979,5.485675329,7.336343115,0.8703878174,13
2,Oesophagus,442,Luxembourg,1,1,1980,6.659032757,8.983717013,0.8221107082,16
2,Oesophagus,442,Luxembourg,1,1,1981,6.320331546,8.431703204,0.6484540561,15
2,Oesophagus,442,Luxembourg,1,1,1982,8.209601155,11.79112858,1.177300251,21
2,Oesophagus,442,Luxembourg,1,1,1983,6.587299708,9.003939223,0.8848057083,16
2,Oesophagus,442,Luxembourg,1,1,1984,7.062236047,8.998875141,0.842752045,16
2,Oesophagus,442,Luxembourg,1,1,1985,7.308950693,8.993816751,0.7743808361,16
2,Oesophagus,442,Luxembourg,1,1,1986,9.099412947,12.89237668,1.071725413,23
2,Oesophagus,442,Luxembourg,1,1,1987,4.808099308,7.206208426,0.3797208605,13
2,Oesophagus,442,Luxembourg,1,1,1988,5.442088739,8.232711306,0.6253773514,15
2,Oesophagus,442,Luxembourg,1,1,1989,4.429347826,6.507592191,0.4949537593,12
2,Oesophagus,442,Luxembourg,1,1,1990,3.826354543,5.350454789,0.4092984658,10
2,Oesophagus,442,Luxembourg,1,1,1991,6.016992344,7.890583903,0.8600796977,15
2,Oesophagus,442,Luxembourg,1,1,1992,5.028688808,7.268951194,0.5232327191,14
2,Oesophagus,442,Luxembourg,1,1,1993,7.33250455,10.23017903,0.8456742547,20
2,Oesophagus,442,Luxembourg,1,1,1994,4.434563897,6.051437216,0.5340577118,12
2,Oesophagus,442,Luxembourg,1,1,1995,6.962139185,10.44256589,0.7161764078,21
2,Oesophagus,442,Luxembourg,1,1,1996,7.823958438,11.28003923,0.8882232612,23
2,Oesophagus,442,Luxembourg,1,1,1997,4.797171585,6.769825919,0.6493345489,14
2,Oesophagus,442,Luxembourg,1,1,1998,8.217007134,11.4437753,0.988743806,24
2,Oesophagus,442,Luxembourg,1,1,1999,4.213272478,5.634940387,0.347703365,12
2,Oesophagus,442,Luxembourg,1,1,2000,5.28037656,7.863817189,0.81833384,17
2,Oesophagus,442,Luxembourg,1,1,2001,3.845450927,5.972014223,0.4156003406,13
2,Oesophagus,442,Luxembourg,1,1,2002,4.473718374,6.820631045,0.5339791526,15
2,Oesophagus,442,Luxembourg,1,1,2003,4.4751038,6.281857994,0.5055778262,14
2,Oesophagus,442,Luxembourg,1,1,2004,6.895658745,10.15730575,0.9125437211,23
2,Oesophagus,442,Luxembourg,1,1,2005,6.386809864,9.125078758,0.8802624837,21
2,Oesophagus,442,Luxembourg,1,1,2006,6.410838477,9.831034439,0.7679276356,23
2,Oesophagus,442,Luxembourg,1,1,2007,5.253295847,7.993067066,0.6013567696,19
2,Oesophagus,442,Luxembourg,1,1,2008,4.40265751,6.605374298,0.4114780008,16
2,Oesophagus,442,Luxembourg,1,1,2009,3.800946766,6.474430048,0.4354410602,16
2,Oesophagus,442,Luxembourg,1,1,2010,4.615064134,7.142346975,0.5885909537,18
2,Oesophagus,442,Luxembourg,1,1,2011,5.767576798,8.906857506,0.7536954015,23
2,Oesophagus,442,Luxembourg,1,1,2012,4.74584215,7.920821955,0.5104774004,21
2,Oesophagus,442,Luxembourg,1,1,2013,5.405440428,9.199124243,0.6483462063,25
2,Oesophagus,442,Luxembourg,1,1,2014,4.28505855,7.898213568,0.4672420026,22
2,Oesophagus,442,Luxembourg,1,1,2015,2.434548186,4.201930787,0.3051115755,12
2,Oesophagus,442,Luxembourg,1,1,2016,4.498270148,7.852053653,0.5275970855,23
2,Oesophagus,442,Luxembourg,1,1,2017,3.821643907,6.007790101,0.4686809159,18
2,Oesophagus,442,Luxembourg,1,1,2018,4.339546349,7.524946835,0.5864678417,23
2,Oesophagus,442,Luxembourg,1,1,2019,4.002169916,7.054820767,0.4011509611,22
2,Oesophagus,442,Luxembourg,1,1,2020,3.794891665,6.93529371,0.398775344,22
2,Oesophagus,442,Luxembourg,1,1,2021,2.769794813,4.96487352,0.2636061554,16
2,Oesophagus,442,Luxembourg,1,1,2022,2.498586343,4.562682127,0.2498494017,15
2,Oesophagus,442,Luxembourg,2,1,1968,1.604789043,3.50262697,0.09975258554,6
2,Oesophagus,442,Luxembourg,2,1,1969,1.992975066,4.057971014,0.2175476263,7
2,Oesophagus,442,Luxembourg,2,1,1970,0,0,0,0
2,Oesophagus,442,Luxembourg,2,1,1971,0.8632189882,1.710376283,0.06754474583,3
2,Oesophagus,442,Luxembourg,2,1,1972,1.971600098,3.961516695,0.1591479128,7
2,Oesophagus,442,Luxembourg,2,1,1973,1.419459427,2.802690583,0.04131377756,5
2,Oesophagus,442,Luxembourg,2,1,1974,0.6847826087,1.109262341,0.1059221237,2
2,Oesophagus,442,Luxembourg,2,1,1975,0.9547267183,1.651982379,0.09066182516,3
2,Oesophagus,442,Luxembourg,2,1,1976,3.547040894,5.48245614,0.3331638742,10
2,Oesophagus,442,Luxembourg,2,1,1977,0.306122449,0.545553737,0.05100739497,1
2,Oesophagus,442,Luxembourg,2,1,1978,1.315348432,2.742731761,0.1124587192,5
2,Oesophagus,442,Luxembourg,2,1,1979,0.9705882353,2.162162162,0.05880623177,4
2,Oesophagus,442,Luxembourg,2,1,1980,2.183823529,4.312668464,0.2839099368,8
2,Oesophagus,442,Luxembourg,2,1,1981,0.9220157658,2.678093198,0.04503490129,5
2,Oesophagus,442,Luxembourg,2,1,1982,1.540905498,3.198294243,0.2142438416,6
2,Oesophagus,442,Luxembourg,2,1,1983,0.5492577598,1.066098081,0.05261773096,2
2,Oesophagus,442,Luxembourg,2,1,1984,1.442577031,2.127659574,0.1399579897,4
2,Oesophagus,442,Luxembourg,2,1,1985,0.8059342422,2.126528442,0.1722652459,4
2,Oesophagus,442,Luxembourg,2,1,1986,0.8083305367,2.119766826,0.04236390532,4
2,Oesophagus,442,Luxembourg,2,1,1987,0.4166666667,1.050972149,0,2
2,Oesophagus,442,Luxembourg,2,1,1988,1.230194712,2.085505735,0.1432201759,4
2,Oesophagus,442,Luxembourg,2,1,1989,0.4879406308,1.551991723,0.05100739497,3
2,Oesophagus,442,Luxembourg,2,1,1990,2.248768473,3.586065574,0.1753387126,7
2,Oesophagus,442,Luxembourg,2,1,1991,1.684774702,2.535496957,0.1300075964,5
2,Oesophagus,442,Luxembourg,2,1,1992,1.489663687,2.501250625,0.1984950112,5
2,Oesophagus,442,Luxembourg,2,1,1993,2.117223522,3.950617284,0.1764567071,8
2,Oesophagus,442,Luxembourg,2,1,1994,1.057105465,1.460564752,0.1405978892,3
2,Oesophagus,442,Luxembourg,2,1,1995,1.788216437,3.357314149,0.2346996902,7
2,Oesophagus,442,Luxembourg,2,1,1996,1.595879553,2.36294896,0.1806805832,5
2,Oesophagus,442,Luxembourg,2,1,1997,1.278336278,2.33426704,0.1351462531,5
2,Oesophagus,442,Luxembourg,2,1,1998,0.8408793209,2.306868933,0.09938576351,5
2,Oesophagus,442,Luxembourg,2,1,1999,3.138787209,5.466820953,0.3550394698,12
2,Oesophagus,442,Luxembourg,2,1,2000,1.145536179,2.695054575,0.08135876424,6
2,Oesophagus,442,Luxembourg,2,1,2001,0.6771894724,2.230967615,0.05108034828,5
2,Oesophagus,442,Luxembourg,2,1,2002,1.30001294,3.09374489,0.1900517529,7
2,Oesophagus,442,Luxembourg,2,1,2003,1.184503581,3.059761513,0.1544041285,7
2,Oesophagus,442,Luxembourg,2,1,2004,0.5923342745,1.726593862,0.05045154022,4
2,Oesophagus,442,Luxembourg,2,1,2005,1.778754445,2.978305174,0.1569425428,7
2,Oesophagus,442,Luxembourg,2,1,2006,0.4287959337,0.8378823362,0.03232584423,2
2,Oesophagus,442,Luxembourg,2,1,2007,1.601075691,2.888980603,0.2352668346,7
2,Oesophagus,442,Luxembourg,2,1,2008,0.1734637758,0.8115763247,0,2
2,Oesophagus,442,Luxembourg,2,1,2009,1.212759796,2.393613838,0.1715354259,6
2,Oesophagus,442,Luxembourg,2,1,2010,1.689906299,3.922368483,0.1823895602,10
2,Oesophagus,442,Luxembourg,2,1,2011,2.111526581,4.228606136,0.2898832456,11
2,Oesophagus,442,Luxembourg,2,1,2012,1.280350067,3.00936288,0.09434489319,8
2,Oesophagus,442,Luxembourg,2,1,2013,0.2830455703,0.3681952908,0.02358434932,1
2,Oesophagus,442,Luxembourg,2,1,2014,0.6826025716,1.4400144,0.07276024945,4
2,Oesophagus,442,Luxembourg,2,1,2015,1.121796774,2.46460649,0.1202167641,7
2,Oesophagus,442,Luxembourg,2,1,2016,1.032223658,2.753484018,0.1230821404,8
2,Oesophagus,442,Luxembourg,2,1,2017,0.8445716407,2.359086696,0.06161486514,7
2,Oesophagus,442,Luxembourg,2,1,2018,1.092654468,2.646382148,0.1791872474,8
2,Oesophagus,442,Luxembourg,2,1,2019,0.5315045965,1.298022787,0.02984807309,4
2,Oesophagus,442,Luxembourg,2,1,2020,0.3258220092,0.6385390227,0.0354798648,2
2,Oesophagus,442,Luxembourg,2,1,2021,0.5775001064,1.258609677,0.05629679522,4
2,Oesophagus,442,Luxembourg,2,1,2022,0.6316466906,1.849859257,0.06797461393,6
2,Oesophagus,470,Malta,1,0,1993,4.135364027,4.436409614,0.608736508,8
2,Oesophagus,470,Malta,1,0,1994,5.129141485,6.591378477,0.6852780329,12
2,Oesophagus,470,Malta,1,0,1995,3.269315625,4.357630756,0.3726163099,8
2,Oesophagus,470,Malta,1,0,1996,3.857935,4.869471121,0.664269216,9
2,Oesophagus,470,Malta,1,0,1997,1.587450409,2.688013074,0.06300799993,5
2,Oesophagus,470,Malta,1,0,1998,3.446321248,4.807846405,0.4698251102,9
2,Oesophagus,470,Malta,1,0,1999,4.097060666,5.305687166,0.5489148231,10
2,Oesophagus,470,Malta,1,0,2000,0.6583841696,1.057210972,0.05139010114,2
2,Oesophagus,470,Malta,1,0,2001,3.560300141,5.654073503,0.4552705706,11
2,Oesophagus,470,Malta,1,0,2002,2.300062184,3.569188723,0.2447324546,7
2,Oesophagus,470,Malta,1,0,2003,3.967773041,5.569789462,0.5263273903,11
2,Oesophagus,470,Malta,1,0,2004,1.766694547,2.514306403,0.2197797498,5
2,Oesophagus,470,Malta,1,0,2005,1.960747864,2.998440811,0.1470908951,6
2,Oesophagus,470,Malta,1,0,2006,4.115652135,6.443714157,0.5936964187,13
2,Oesophagus,470,Malta,1,0,2007,4.694688797,7.375320212,0.6638060341,15
2,Oesophagus,470,Malta,1,0,2008,5.100919808,8.779845377,0.8034232345,18
2,Oesophagus,470,Malta,1,0,2009,2.294100792,4.366939358,0.2298120132,9
2,Oesophagus,470,Malta,1,0,2010,2.612920187,4.832061696,0.3560213161,10
2,Oesophagus,470,Malta,1,0,2011,3.34649406,6.749427504,0.3323396174,14
2,Oesophagus,470,Malta,1,0,2012,3.711481048,7.183529603,0.2816030277,15
2,Oesophagus,470,Malta,1,0,2013,3.834252519,8.000677704,0.3852042201,17
2,Oesophagus,470,Malta,1,0,2014,3.651820529,6.895378717,0.3996631826,15
2,Oesophagus,470,Malta,1,0,2015,2.367305679,4.922427025,0.2609716827,11
2,Oesophagus,470,Malta,1,0,2016,1.081212379,1.746282601,0.06528693765,4
2,Oesophagus,470,Malta,1,0,2017,1.38197478,3.38754822,0.109480996,8
2,Oesophagus,470,Malta,1,1,1967,3.89323771,3.273108143,0.3104097974,5
2,Oesophagus,470,Malta,1,1,1968,0.5992509363,0.654604488,0.07487831923,1
2,Oesophagus,470,Malta,1,1,1969,5.900044085,6.506392531,1.030412373,10
2,Oesophagus,470,Malta,1,1,1970,2.98108701,3.233556557,0.4908455329,5
2,Oesophagus,470,Malta,1,1,1971,1.392255076,1.285739541,0.1426331212,2
2,Oesophagus,470,Malta,1,1,1972,0.5249343832,0.6391021892,0,1
2,Oesophagus,470,Malta,1,1,1973,0.6470397929,0.6350657928,0.08084727508,1
2,Oesophagus,470,Malta,1,1,1974,4.481112662,5.044454253,0.4232371327,8
2,Oesophagus,470,Malta,1,1,1975,0.9197190929,1.251446986,0.1232893445,2
2,Oesophagus,470,Malta,1,1,1976,1.020724896,1.241599801,0.2095316338,2
2,Oesophagus,470,Malta,1,1,1977,2.906921004,3.07915902,0.4277965845,5
2,Oesophagus,470,Malta,1,1,1978,1.289837961,1.832587063,0.1127522713,3
2,Oesophagus,470,Malta,1,1,1979,3.584472743,4.847779717,0.2927388428,8
2,Oesophagus,470,Malta,1,1,1980,4.307162963,4.809412019,0.5360378316,8
2,Oesophagus,470,Malta,1,1,1981,6.731307268,5.965376952,0.4665708834,10
2,Oesophagus,470,Malta,1,1,1982,6.592881532,7.103723239,0.798218379,12
2,Oesophagus,470,Malta,1,1,1983,2.338522019,2.349603358,0.3255161436,4
2,Oesophagus,470,Malta,1,1,1984,2.914519153,3.497583753,0.38311117,6
2,Oesophagus,470,Malta,1,1,1985,2.142439198,2.31443979,0.2124724801,4
2,Oesophagus,470,Malta,1,1,1986,2.976501766,3.443377954,0.2799750185,6
2,Oesophagus,470,Malta,1,1,1987,2.187673512,2.843348555,0.120062418,5
2,Oesophagus,470,Malta,1,1,1988,2.236165735,2.816385732,0.2950526804,5
2,Oesophagus,470,Malta,1,1,1989,3.756158558,5.020066321,0.3815111032,9
2,Oesophagus,470,Malta,1,1,1990,3.543069816,3.86598294,0.2845405001,7
2,Oesophagus,470,Malta,1,1,1991,6.453948482,8.202413697,0.8621191614,15
2,Oesophagus,470,Malta,1,1,1992,1.125676941,1.62435229,0.1789400484,3
2,Oesophagus,470,Malta,1,1,1993,3.524762725,3.753461898,0.4607344025,7
2,Oesophagus,470,Malta,1,1,1994,4.304416292,5.313171618,0.5996231185,10
2,Oesophagus,470,Malta,1,1,1995,3.932665564,5.267246942,0.4125394725,10
2,Oesophagus,470,Malta,1,1,1996,4.180165994,5.744425296,0.4609916061,11
2,Oesophagus,470,Malta,1,1,1997,2.483828868,3.62478316,0.2653476914,7
2,Oesophagus,470,Malta,1,1,1998,3.50195344,5.134419092,0.5798775117,10
2,Oesophagus,470,Malta,1,1,1999,2.943906838,4.072666553,0.3415531615,8
2,Oesophagus,470,Malta,1,1,2000,1.495684676,2.020048986,0.2755640128,4
2,Oesophagus,470,Malta,1,1,2001,2.967081676,4.510950332,0.4309960372,9
2,Oesophagus,470,Malta,1,1,2002,3.839018651,5.4729091,0.4015266171,11
2,Oesophagus,470,Malta,1,1,2003,2.866572024,3.952354368,0.2991253464,8
2,Oesophagus,470,Malta,1,1,2004,0.8331539073,1.472081966,0.06498050533,3
2,Oesophagus,470,Malta,1,1,2005,2.542996377,3.899167528,0.2572369369,8
2,Oesophagus,470,Malta,1,1,2006,0.6661068581,0.9694431519,0.1362004755,2
2,Oesophagus,470,Malta,1,1,2007,4.605849179,7.722026356,0.621314222,16
2,Oesophagus,470,Malta,1,1,2008,5.123663532,8.648316221,0.4938921958,18
2,Oesophagus,470,Malta,1,1,2009,3.188498225,5.738798583,0.4034032797,12
2,Oesophagus,470,Malta,1,1,2010,1.118116933,2.379960731,0.1984651372,5
2,Oesophagus,470,Malta,1,1,2011,3.232138829,6.630640188,0.2349385068,14
2,Oesophagus,470,Malta,1,1,2012,3.341525205,6.120253567,0.4895675348,13
2,Oesophagus,470,Malta,1,1,2013,2.363914878,4.209039614,0.2071718917,9
2,Oesophagus,470,Malta,1,1,2014,4.153779026,9.195233191,0.4022392085,20
2,Oesophagus,470,Malta,1,1,2015,2.694195541,5.370689462,0.3188168488,12
2,Oesophagus,470,Malta,1,1,2016,1.65180429,3.929856429,0.1506869905,9
2,Oesophagus,470,Malta,1,1,2017,2.413204763,5.505908263,0.2540688409,13
2,Oesophagus,470,Malta,1,1,2018,2.730957704,5.280292122,0.3549659871,13
2,Oesophagus,470,Malta,1,1,2019,3.357739367,6.569197804,0.3682088973,17
2,Oesophagus,470,Malta,1,1,2020,4.297953364,8.198233281,0.4275678561,22
2,Oesophagus,470,Malta,1,1,2021,3.845266101,6.978789988,0.4295740284,19
2,Oesophagus,470,Malta,2,0,1993,1.526445088,2.71195266,0.1141422088,5
2,Oesophagus,470,Malta,2,0,1994,1.404658847,2.689241956,0.1113957777,5
2,Oesophagus,470,Malta,2,0,1995,0.5868121123,1.068164946,0.03446255609,2
2,Oesophagus,470,Malta,2,0,1996,0.9438908131,2.124788849,0.06319115114,4
2,Oesophagus,470,Malta,2,0,1997,1.439066547,2.641840412,0.1707918598,5
2,Oesophagus,470,Malta,2,0,1998,1.073642089,2.10129282,0.1244551695,4
2,Oesophagus,470,Malta,2,0,1999,0.4301691999,0.5220187509,0.0358410089,1
2,Oesophagus,470,Malta,2,0,2000,0.1605136437,0.5202209899,0,1
2,Oesophagus,470,Malta,2,0,2001,0.4974116498,1.007439944,0.03270004222,2
2,Oesophagus,470,Malta,2,0,2002,0.6503882074,1.50080293,0.03689356165,3
2,Oesophagus,470,Malta,2,0,2003,0.7772165153,1.988694273,0.05416237749,4
2,Oesophagus,470,Malta,2,0,2004,0.4836905236,0.9879031262,0.05329637991,2
2,Oesophagus,470,Malta,2,0,2005,2.135577858,3.933039994,0.2320084819,8
2,Oesophagus,470,Malta,2,0,2006,0,0,0,0
2,Oesophagus,470,Malta,2,0,2007,0.9801080717,2.430594378,0.1476023969,5
2,Oesophagus,470,Malta,2,0,2008,0.2986263189,1.449373388,0,3
2,Oesophagus,470,Malta,2,0,2009,0.8783734146,3.367051954,0,7
2,Oesophagus,470,Malta,2,0,2010,0.7713539111,1.435104571,0.1430178465,3
2,Oesophagus,470,Malta,2,0,2011,1.052638803,1.906523169,0.1265007735,4
2,Oesophagus,470,Malta,2,0,2012,0.8875952838,2.373087292,0.1758808246,5
2,Oesophagus,470,Malta,2,0,2013,1.224412783,2.809817502,0.134459437,6
2,Oesophagus,470,Malta,2,0,2014,0.6955514813,1.842732035,0.1201708253,4
2,Oesophagus,470,Malta,2,0,2015,0.9351187117,1.804744674,0.1652575288,4
2,Oesophagus,470,Malta,2,0,2016,1.697111472,3.976108009,0.1950872519,9
2,Oesophagus,470,Malta,2,0,2017,1.138615773,3.018581525,0.1443867406,7
2,Oesophagus,470,Malta,2,1,1967,3.153736737,4.092298878,0.283408128,7
2,Oesophagus,470,Malta,2,1,1968,1.712995094,1.756975192,0,3
2,Oesophagus,470,Malta,2,1,1969,0.3314001657,0.5845970373,0,1
2,Oesophagus,470,Malta,2,1,1970,2.177071742,2.917450732,0.3092621623,5
2,Oesophagus,470,Malta,2,1,1971,0.5735589332,0.5822755328,0.07166917202,1
2,Oesophagus,470,Malta,2,1,1972,1.838523735,2.323696769,0.352433843,4
2,Oesophagus,470,Malta,2,1,1973,0,0,0,0
2,Oesophagus,470,Malta,2,1,1974,1.298750039,1.733212394,0.1979820806,3
2,Oesophagus,470,Malta,2,1,1975,1.152884337,1.727757285,0.1470912436,3
2,Oesophagus,470,Malta,2,1,1976,0.5356545028,0.5740412793,0.06693440178,1
2,Oesophagus,470,Malta,2,1,1977,1.086311971,1.71645826,0.05344449662,3
2,Oesophagus,470,Malta,2,1,1978,1.006181158,1.140523957,0.1319552849,2
2,Oesophagus,470,Malta,2,1,1979,2.830833792,3.978470789,0.3038783157,7
2,Oesophagus,470,Malta,2,1,1980,2.470236965,3.398730574,0.4783981198,6
2,Oesophagus,470,Malta,2,1,1981,1.058603497,1.693786064,0.04919565011,3
2,Oesophagus,470,Malta,2,1,1982,1.005638735,1.688058114,0.0684181692,3
2,Oesophagus,470,Malta,2,1,1983,0,0,0,0
2,Oesophagus,470,Malta,2,1,1984,1.852458655,2.793233671,0.166223366,5
2,Oesophagus,470,Malta,2,1,1985,0.3708167238,0.5563653763,0.09266122391,1
2,Oesophagus,470,Malta,2,1,1986,0.9250693802,2.212034574,0,4
2,Oesophagus,470,Malta,2,1,1987,0,0,0,0
2,Oesophagus,470,Malta,2,1,1988,1.046433318,1.63317301,0.05868888851,3
2,Oesophagus,470,Malta,2,1,1989,0.8709615518,1.079674586,0.1254447901,2
2,Oesophagus,470,Malta,2,1,1990,0.1713796058,0.5352130014,0,1
2,Oesophagus,470,Malta,2,1,1991,1.097668618,2.122483199,0.174550488,4
2,Oesophagus,470,Malta,2,1,1992,1.215917329,2.104094832,0.1133621408,4
2,Oesophagus,470,Malta,2,1,1993,0.399078431,1.04317438,0,2
2,Oesophagus,470,Malta,2,1,1994,1.846727609,3.104907047,0.1612989596,6
2,Oesophagus,470,Malta,2,1,1995,0.5472983995,1.540855791,0,3
2,Oesophagus,470,Malta,2,1,1996,0.3266372693,1.019711014,0,2
2,Oesophagus,470,Malta,2,1,1997,1.356779943,2.530825454,0.1875061161,5
2,Oesophagus,470,Malta,2,1,1998,0.7319287246,2.009944199,0,4
2,Oesophagus,470,Malta,2,1,1999,0.6801116433,0.9977202093,0.1191309722,2
2,Oesophagus,470,Malta,2,1,2000,0.1697216565,0.4953437686,0,1
2,Oesophagus,470,Malta,2,1,2001,0.3075785595,0.9839130221,0,2
2,Oesophagus,470,Malta,2,1,2002,0.6163032263,0.977638953,0.06887456326,2
2,Oesophagus,470,Malta,2,1,2003,0.4420964258,1.457616166,0,3
2,Oesophagus,470,Malta,2,1,2004,0.4283624662,0.9661625713,0.05187798182,2
2,Oesophagus,470,Malta,2,1,2005,1.406576917,2.402142711,0.1808985543,5
2,Oesophagus,470,Malta,2,1,2006,1.157408399,2.868747624,0.09870494774,6
2,Oesophagus,470,Malta,2,1,2007,0.6305127829,1.428591837,0.08900777374,3
2,Oesophagus,470,Malta,2,1,2008,0.3776240191,1.422906904,0,3
2,Oesophagus,470,Malta,2,1,2009,0.5943064567,2.361927616,0,5
2,Oesophagus,470,Malta,2,1,2010,0.5976703842,1.881795044,0.05486968312,4
2,Oesophagus,470,Malta,2,1,2011,1.449965091,2.810468997,0.1561151162,6
2,Oesophagus,470,Malta,2,1,2012,0.3228390326,0.933702457,0.05791393827,2
2,Oesophagus,470,Malta,2,1,2013,0.5801433135,1.397773812,0.06746386718,3
2,Oesophagus,470,Malta,2,1,2014,0.7306858489,2.304354539,0.06549779051,5
2,Oesophagus,470,Malta,2,1,2015,0.8635365997,2.256872742,0.1629406218,5
2,Oesophagus,470,Malta,2,1,2016,0.9146290456,2.209915449,0.1406402895,5
2,Oesophagus,470,Malta,2,1,2017,0.9460206542,3.019942405,0.1107077371,7
2,Oesophagus,470,Malta,2,1,2018,0.4338402402,2.097676194,0,5
2,Oesophagus,470,Malta,2,1,2019,0.5753396986,2.038885627,0.03302073672,5
2,Oesophagus,470,Malta,2,1,2020,0.281659627,0.8004610656,0.03489305244,2
2,Oesophagus,470,Malta,2,1,2021,0.3380773639,1.586527211,0,4
2,Oesophagus,474,"France, Martinique",1,0,1993,10.47213505,10.86477924,1.569618533,19
2,Oesophagus,474,"France, Martinique",1,0,1994,9.246212108,10.24887689,1.318127978,18
2,Oesophagus,474,"France, Martinique",1,0,1995,6.567082171,7.931292347,0.9509711277,14
2,Oesophagus,474,"France, Martinique",1,0,1996,4.616459643,5.632628691,0.5462817556,10
2,Oesophagus,474,"France, Martinique",1,0,1997,8.235824861,9.51331024,1.017515127,17
2,Oesophagus,474,"France, Martinique",1,0,1998,8.995773967,11.11098766,1.334889521,20
2,Oesophagus,474,"France, Martinique",1,0,1999,6.043997293,8.283631544,0.9950352254,15
2,Oesophagus,474,"France, Martinique",1,0,2000,7.043593024,8.796041781,0.8074995551,16
2,Oesophagus,474,"France, Martinique",1,0,2001,8.02009695,10.39739956,0.967863482,19
2,Oesophagus,474,"France, Martinique",1,0,2002,6.010633761,8.72234064,0.6890198843,16
2,Oesophagus,474,"France, Martinique",1,0,2003,6.203946934,8.694990599,0.7829973948,16
2,Oesophagus,474,"France, Martinique",1,0,2004,6.492190086,8.668891682,0.8183718487,16
2,Oesophagus,474,"France, Martinique",1,0,2005,2.931543683,4.319234632,0.3678832082,8
2,Oesophagus,474,"France, Martinique",1,0,2006,4.846965199,7.527812579,0.4323870396,14
2,Oesophagus,474,"France, Martinique",1,0,2007,2.841728185,3.770739065,0.4338352773,7
2,Oesophagus,474,"France, Martinique",1,0,2008,5.683155369,8.680838135,0.660438678,16
2,Oesophagus,474,"France, Martinique",1,0,2009,1.951301759,3.813529312,0.1962232324,7
2,Oesophagus,474,"France, Martinique",1,0,2010,4.815840178,8.238770556,0.5813637484,15
2,Oesophagus,474,"France, Martinique",1,0,2011,4.253831261,8.303440946,0.5813347778,15
2,Oesophagus,474,"France, Martinique",1,0,2012,3.62277405,7.261150054,0.3626388892,13
2,Oesophagus,474,"France, Martinique",1,0,2013,3.294627857,6.18926781,0.3413756918,11
2,Oesophagus,474,"France, Martinique",1,0,2014,3.222216842,6.22203619,0.5382281722,11
2,Oesophagus,474,"France, Martinique",1,0,2015,2.277866967,4.577104181,0.3511352528,8
2,Oesophagus,474,"France, Martinique",1,0,2016,3.174807029,6.382065236,0.3707692613,11
2,Oesophagus,474,"France, Martinique",1,0,2017,2.513495888,5.292125318,0.2610741114,9
2,Oesophagus,474,"France, Martinique",2,0,1993,1.753301736,2.637617704,0.2124370444,5
2,Oesophagus,474,"France, Martinique",2,0,1994,1.619404428,3.138682695,0.134338661,6
2,Oesophagus,474,"France, Martinique",2,0,1995,0.5490483163,0.5183925683,0.0457435608,1
2,Oesophagus,474,"France, Martinique",2,0,1996,1.575733023,3.593466052,0.1676445542,7
2,Oesophagus,474,"France, Martinique",2,0,1997,1.31552985,2.032086648,0.1191185088,4
2,Oesophagus,474,"France, Martinique",2,0,1998,0.8763216328,1.004853442,0.1264415877,2
2,Oesophagus,474,"France, Martinique",2,0,1999,1.230048248,1.491572615,0.1719855717,3
2,Oesophagus,474,"France, Martinique",2,0,2000,1.083168381,2.461247656,0.06480461182,5
2,Oesophagus,474,"France, Martinique",2,0,2001,0.4208701631,0.974768127,0.07331915501,2
2,Oesophagus,474,"France, Martinique",2,0,2002,1.159019627,1.931956492,0.1945080706,4
2,Oesophagus,474,"France, Martinique",2,0,2003,0.5993685507,1.437194596,0.05909816033,3
2,Oesophagus,474,"France, Martinique",2,0,2004,1.395885279,2.377103737,0.1448871232,5
2,Oesophagus,474,"France, Martinique",2,0,2005,0.4308951847,0.4725205665,0.05384739518,1
2,Oesophagus,474,"France, Martinique",2,0,2006,0.528433876,1.409231405,0.06432936414,3
2,Oesophagus,474,"France, Martinique",2,0,2007,0.4108095393,0.9341298347,0.06226262173,2
2,Oesophagus,474,"France, Martinique",2,0,2008,0.6738794527,1.874756867,0.06158014461,4
2,Oesophagus,474,"France, Martinique",2,0,2009,0,0,0,0
2,Oesophagus,474,"France, Martinique",2,0,2010,0.6653299576,0.9429825595,0.08285219276,2
2,Oesophagus,474,"France, Martinique",2,0,2011,0.8050603056,1.890144785,0.1021761318,4
2,Oesophagus,474,"France, Martinique",2,0,2012,0.09358038555,0.4777579774,0,1
2,Oesophagus,474,"France, Martinique",2,0,2013,0.5778926693,0.9661835749,0.07706457623,2
2,Oesophagus,474,"France, Martinique",2,0,2014,0.9126621153,1.94547798,0.1160262299,4
2,Oesophagus,474,"France, Martinique",2,0,2015,0,0,0,0
2,Oesophagus,474,"France, Martinique",2,0,2016,0.2220741728,0.4946136573,0.0555031345,1
2,Oesophagus,474,"France, Martinique",2,0,2017,0.4968121222,0.998711662,0.08276774896,2
2,Oesophagus,48,Bahrain,1,0,1998,3.664195482,2.087933311,0.3187955275,4
2,Oesophagus,48,Bahrain,1,0,1999,3.355921406,2.0388399,0.3781072933,4
2,Oesophagus,48,Bahrain,1,0,2000,1.757630397,0.9955052936,0.2299378153,2
2,Oesophagus,48,Bahrain,1,0,2001,3.556984337,1.943804609,0.353361063,4
2,Oesophagus,48,Bahrain,1,0,2002,9.342747623,4.743540484,1.305375896,10
2,Oesophagus,48,Bahrain,1,0,2003,5.270114397,2.779746765,0.8127956786,6
2,Oesophagus,48,Bahrain,1,0,2004,4.893838141,2.714698736,0.5446434896,6
2,Oesophagus,48,Bahrain,1,0,2005,2.263441106,1.326330309,0.394887044,3
2,Oesophagus,48,Bahrain,1,0,2006,2.874544882,1.727921483,0.2627771776,4
2,Oesophagus,48,Bahrain,1,0,2007,2.017629221,1.126041588,0.2260045506,3
2,Oesophagus,48,Bahrain,1,0,2008,2.392819965,1.472325796,0.2702155443,4
2,Oesophagus,48,Bahrain,1,0,2009,1.879903909,1.063788292,0.338409152,3
2,Oesophagus,48,Bahrain,1,0,2010,0.3622969627,0.3481421395,0.03018685641,1
2,Oesophagus,48,Bahrain,1,0,2011,1.941018172,1.351908557,0.1923201544,4
2,Oesophagus,48,Bahrain,1,0,2012,1.497071648,1.309955003,0.2471371217,4
2,Oesophagus,48,Bahrain,1,0,2013,0.9302469429,0.6390899359,0.05710695979,2
2,Oesophagus,48,Bahrain,1,0,2014,2.280655684,1.558414033,0.2623499962,5
2,Oesophagus,48,Bahrain,1,0,2015,1.362206797,0.912167401,0.1743825633,3
2,Oesophagus,48,Bahrain,1,0,2016,2.441336399,1.781292862,0.1122164741,6
2,Oesophagus,48,Bahrain,1,0,2017,1.167422044,0.8737694414,0.06060874397,3
2,Oesophagus,48,Bahrain,2,0,1998,1.089720305,0.5323169628,0.1814552214,1
2,Oesophagus,48,Bahrain,2,0,1999,0.9587727709,0.5194157612,0.239406158,1
2,Oesophagus,48,Bahrain,2,0,2000,1.014198783,0.5067961362,0.16889035,1
2,Oesophagus,48,Bahrain,2,0,2001,3.102064226,1.978386132,0.6962113384,4
2,Oesophagus,48,Bahrain,2,0,2002,2.751987891,1.448400724,0.4903039658,3
2,Oesophagus,48,Bahrain,2,0,2003,0.8648648649,0.4795266113,0.1080496923,1
2,Oesophagus,48,Bahrain,2,0,2004,1.243125458,0.9208611894,0.1402546394,2
2,Oesophagus,48,Bahrain,2,0,2005,3.326689138,1.799345938,0.2948111069,4
2,Oesophagus,48,Bahrain,2,0,2006,2.462311253,1.318565401,0.2485952956,3
2,Oesophagus,48,Bahrain,2,0,2007,0,0,0,0
2,Oesophagus,48,Bahrain,2,0,2008,0.687600275,0.3758847387,0.1145344051,1
2,Oesophagus,48,Bahrain,2,0,2009,0.474608448,0.3623188406,0.05930846158,1
2,Oesophagus,48,Bahrain,2,0,2010,1.068817157,0.7113387395,0.1189302684,2
2,Oesophagus,48,Bahrain,2,0,2011,1.866285726,1.384993594,0.303950016,4
2,Oesophagus,48,Bahrain,2,0,2012,0.3231017771,0.3398181973,0.03230495853,1
2,Oesophagus,48,Bahrain,2,0,2013,0.338123415,0.3312519668,0.04225649631,1
2,Oesophagus,48,Bahrain,2,0,2014,1.665692217,0.9680385925,0.3004330132,3
2,Oesophagus,48,Bahrain,2,0,2015,0.4029008864,0.3135307323,0,1
2,Oesophagus,48,Bahrain,2,0,2016,0.6286763483,0.6099922836,0.03516050736,2
2,Oesophagus,48,Bahrain,2,0,2017,0.6939723589,0.5985049347,0.02606950114,2
2,Oesophagus,480,Mauritius,1,1,1962,1.896660774,0.8275496806,0.06502795973,3
2,Oesophagus,480,Mauritius,1,1,1963,6.455169542,3.509245512,0.5475880698,13
2,Oesophagus,480,Mauritius,1,1,1964,2.145087652,1.321581828,0.2791024554,5
2,Oesophagus,480,Mauritius,1,1,1965,3.230905073,1.553623308,0.2799115953,6
2,Oesophagus,480,Mauritius,1,1,1966,3.73880269,2.284362523,0.4607451881,9
2,Oesophagus,480,Mauritius,1,1,1967,3.809721952,1.992041793,0.3711335728,8
2,Oesophagus,480,Mauritius,1,1,1968,2.125956317,1.467112832,0.2253952845,6
2,Oesophagus,480,Mauritius,1,1,1969,2.931999308,1.922596274,0.3776391942,8
2,Oesophagus,480,Mauritius,1,1,1970,4.818583643,1.891217187,0.3903972352,8
2,Oesophagus,480,Mauritius,1,1,1971,4.584758212,2.327792799,0.6008794205,10
2,Oesophagus,480,Mauritius,1,1,1972,4.722860937,2.524661351,0.4995245282,11
2,Oesophagus,480,Mauritius,1,1,1973,5.164251433,2.265295559,0.4811380727,10
2,Oesophagus,480,Mauritius,1,1,1974,3.638158605,1.565547226,0.2821984143,7
2,Oesophagus,480,Mauritius,1,1,1975,3.349607304,1.987353805,0.5194225125,9
2,Oesophagus,480,Mauritius,1,1,1976,4.296247286,1.962201459,0.1799003529,9
2,Oesophagus,480,Mauritius,1,1,1977,5.319063727,2.582372296,0.4462624716,12
2,Oesophagus,480,Mauritius,1,1,1978,4.091790204,1.061218512,0.09439010928,5
2,Oesophagus,480,Mauritius,1,1,1979,2.675540319,1.673085389,0.378009642,8
2,Oesophagus,480,Mauritius,1,1,1980,1.0485348,0.6178388614,0.1846735848,3
2,Oesophagus,480,Mauritius,1,1,1981,2.913011745,1.825113563,0.4067099808,9
2,Oesophagus,480,Mauritius,1,1,1982,3.676047912,1.998209604,0.3033099727,10
2,Oesophagus,480,Mauritius,1,1,1983,3.093423612,2.167365971,0.3478758047,11
2,Oesophagus,480,Mauritius,1,1,1984,4.494073818,2.719817073,0.6959973338,14
2,Oesophagus,480,Mauritius,1,1,1985,4.213549172,2.682015458,0.547315575,14
2,Oesophagus,480,Mauritius,1,1,1986,4.304913573,2.64635526,0.5095831077,14
2,Oesophagus,480,Mauritius,1,1,1987,2.597177056,1.306284535,0.2933541387,7
2,Oesophagus,480,Mauritius,1,1,1988,3.055876547,2.027193885,0.353519033,11
2,Oesophagus,480,Mauritius,1,1,1989,1.888919863,1.275352179,0.1995894659,7
2,Oesophagus,480,Mauritius,1,1,1990,4.662159898,2.522611155,0.4145372491,14
2,Oesophagus,480,Mauritius,1,1,1991,2.529266657,1.780626781,0.3210355688,10
2,Oesophagus,480,Mauritius,1,1,1992,2.163254121,1.58298537,0.2448843082,9
2,Oesophagus,480,Mauritius,1,1,1993,3.400738444,2.432479157,0.4386763971,14
2,Oesophagus,480,Mauritius,1,1,1994,4.433074675,3.263273149,0.6810705182,19
2,Oesophagus,480,Mauritius,1,1,1995,2.301415604,1.699332078,0.3483405394,10
2,Oesophagus,480,Mauritius,1,1,1996,2.668943655,1.85087033,0.4208499371,11
2,Oesophagus,480,Mauritius,1,1,1997,5.484018556,4.167812815,0.6901786,25
2,Oesophagus,480,Mauritius,1,1,1998,2.570402089,1.984077776,0.2998642786,12
2,Oesophagus,480,Mauritius,1,1,1999,2.785376371,2.131778338,0.3779536083,13
2,Oesophagus,480,Mauritius,1,1,2000,2.689876141,2.2770596,0.3761055658,14
2,Oesophagus,480,Mauritius,1,1,2001,4.130271288,3.069196654,0.618924792,19
2,Oesophagus,480,Mauritius,1,1,2002,1.67654432,1.605548777,0.1614052024,10
2,Oesophagus,480,Mauritius,1,1,2003,2.248528628,1.915433606,0.1842236496,12
2,Oesophagus,480,Mauritius,1,1,2004,2.345252227,2.063580503,0.2931007511,13
2,Oesophagus,480,Mauritius,1,1,2005,1.485100991,1.263215404,0.1828940568,8
2,Oesophagus,480,Mauritius,1,1,2006,3.492274208,3.143638337,0.3588094376,20
2,Oesophagus,480,Mauritius,1,1,2007,3.42334202,3.131426764,0.4703202397,20
2,Oesophagus,480,Mauritius,1,1,2008,2.453401002,2.496818507,0.2624970289,16
2,Oesophagus,480,Mauritius,1,1,2009,3.883183106,3.424151161,0.4789577343,22
2,Oesophagus,480,Mauritius,1,1,2010,3.809513895,3.883027674,0.542609763,25
2,Oesophagus,480,Mauritius,1,1,2011,3.367178797,3.41047994,0.3518295337,22
2,Oesophagus,480,Mauritius,1,1,2012,2.454539223,2.475431344,0.3695565782,16
2,Oesophagus,480,Mauritius,1,1,2013,4.362218423,4.788210499,0.625326737,31
2,Oesophagus,480,Mauritius,1,1,2014,3.157903403,3.703220799,0.3193175416,24
2,Oesophagus,480,Mauritius,1,1,2015,2.421017113,2.930556605,0.2535508651,19
2,Oesophagus,480,Mauritius,1,1,2016,2.054052205,2.468366343,0.2843048741,16
2,Oesophagus,480,Mauritius,1,1,2017,1.923130443,2.624655707,0.2202682276,17
2,Oesophagus,480,Mauritius,1,1,2018,2.054404882,2.62822044,0.3035667705,17
2,Oesophagus,480,Mauritius,1,1,2019,3.152998557,4.492721404,0.3551067586,29
2,Oesophagus,480,Mauritius,1,1,2020,2.017447982,2.951330234,0.2649771212,19
2,Oesophagus,480,Mauritius,1,1,2021,2.170801227,3.273031622,0.2529971383,21
2,Oesophagus,480,Mauritius,1,1,2022,1.995903778,3.129895352,0.2149741727,20
2,Oesophagus,480,Mauritius,1,1,2023,1.890764346,2.984701832,0.2223746408,19
2,Oesophagus,480,Mauritius,2,1,1962,0.4662656782,0.2917506057,0.04661569932,1
2,Oesophagus,480,Mauritius,2,1,1963,1.272610208,0.8573865999,0.1208401545,3
2,Oesophagus,480,Mauritius,2,1,1964,1.714437887,1.116688349,0.1292810419,4
2,Oesophagus,480,Mauritius,2,1,1965,0.8663164936,0.5457524767,0.08964055484,2
2,Oesophagus,480,Mauritius,2,1,1966,0.6376687711,0.5338073543,0.05312494795,2
2,Oesophagus,480,Mauritius,2,1,1967,0.8081645785,0.522658555,0.07503563841,2
2,Oesophagus,480,Mauritius,2,1,1968,0.3189877456,0.2562039794,0.02657877935,1
2,Oesophagus,480,Mauritius,2,1,1969,2.151129385,1.508913909,0.2964832431,6
2,Oesophagus,480,Mauritius,2,1,1970,0.9130878182,0.7413127413,0.09146229934,3
2,Oesophagus,480,Mauritius,2,1,1971,1.856368914,1.215022539,0.1636089193,5
2,Oesophagus,480,Mauritius,2,1,1972,1.650978541,1.196454188,0.09137009183,5
2,Oesophagus,480,Mauritius,2,1,1973,1.678113718,1.18007746,0.1335123981,5
2,Oesophagus,480,Mauritius,2,1,1974,1.654841003,1.164591752,0.153202507,5
2,Oesophagus,480,Mauritius,2,1,1975,0.8690356951,0.6894023915,0.07255074075,3
2,Oesophagus,480,Mauritius,2,1,1976,0.6418752784,0.4533261103,0.06835117589,2
2,Oesophagus,480,Mauritius,2,1,1977,0.5872112335,0.4469693245,0.05361367012,2
2,Oesophagus,480,Mauritius,2,1,1978,0.613569379,0.4404122258,0.08375720008,2
2,Oesophagus,480,Mauritius,2,1,1979,1.716665529,1.300873645,0.2296685901,6
2,Oesophagus,480,Mauritius,2,1,1980,2.789678926,2.133777159,0.3158807435,10
2,Oesophagus,480,Mauritius,2,1,1981,2.944465904,2.100407899,0.4282331261,10
2,Oesophagus,480,Mauritius,2,1,1982,1.024649031,0.8278805327,0.09713807,4
2,Oesophagus,480,Mauritius,2,1,1983,1.465674448,1.224894761,0.1755433126,6
2,Oesophagus,480,Mauritius,2,1,1984,1.313202729,1.007054416,0.2538471191,5
2,Oesophagus,480,Mauritius,2,1,1985,1.937409874,1.590242273,0.1911842749,8
2,Oesophagus,480,Mauritius,2,1,1986,1.254473819,0.9817116929,0.1332248238,5
2,Oesophagus,480,Mauritius,2,1,1987,0.5694707913,0.3881682438,0.0519632711,2
2,Oesophagus,480,Mauritius,2,1,1988,1.123747413,0.9597453987,0.1641637092,5
2,Oesophagus,480,Mauritius,2,1,1989,2.262275665,1.897122824,0.3106396483,10
2,Oesophagus,480,Mauritius,2,1,1990,1.933759872,1.685257554,0.245374806,9
2,Oesophagus,480,Mauritius,2,1,1991,1.777365045,1.662230973,0.1818039363,9
2,Oesophagus,480,Mauritius,2,1,1992,0.8352064972,0.7284329223,0.1210754544,4
2,Oesophagus,480,Mauritius,2,1,1993,0.9489932183,0.7183275897,0.1527631319,4
2,Oesophagus,480,Mauritius,2,1,1994,1.723905981,1.594866656,0.1457535961,9
2,Oesophagus,480,Mauritius,2,1,1995,2.593720359,2.275296926,0.3286831367,13
2,Oesophagus,480,Mauritius,2,1,1996,0.9037523106,0.8649501443,0.07847969335,5
2,Oesophagus,480,Mauritius,2,1,1997,1.046650674,1.026582498,0.1369820258,6
2,Oesophagus,480,Mauritius,2,1,1998,0.8633631714,0.8470405673,0.06818841781,5
2,Oesophagus,480,Mauritius,2,1,1999,1.662643687,1.67764968,0.1904456238,10
2,Oesophagus,480,Mauritius,2,1,2000,1.417162435,1.495512217,0.2054321534,9
2,Oesophagus,480,Mauritius,2,1,2001,1.890969979,1.977761718,0.2212710024,12
2,Oesophagus,480,Mauritius,2,1,2002,2.100127556,2.126805024,0.2645487892,13
2,Oesophagus,480,Mauritius,2,1,2003,1.04339789,0.9746454118,0.1506477503,6
2,Oesophagus,480,Mauritius,2,1,2004,1.269532828,1.452019234,0.1609696192,9
2,Oesophagus,480,Mauritius,2,1,2005,1.059871039,1.282235192,0.09810556139,8
2,Oesophagus,480,Mauritius,2,1,2006,1.263872991,1.593435048,0.1057259441,10
2,Oesophagus,480,Mauritius,2,1,2007,1.283622793,1.426687296,0.1086715267,9
2,Oesophagus,480,Mauritius,2,1,2008,1.610138809,1.893283498,0.121336703,12
2,Oesophagus,480,Mauritius,2,1,2009,0.851215994,1.256918946,0.04037214513,8
2,Oesophagus,480,Mauritius,2,1,2010,1.460001361,1.878281122,0.1595517726,12
2,Oesophagus,480,Mauritius,2,1,2011,1.428834998,2.027459601,0.1218864973,13
2,Oesophagus,480,Mauritius,2,1,2012,0.7565891868,1.244520222,0.04103930775,8
2,Oesophagus,480,Mauritius,2,1,2013,1.542766209,2.330785008,0.1711275784,15
2,Oesophagus,480,Mauritius,2,1,2014,0.527126787,0.7764939744,0.04089812132,5
2,Oesophagus,480,Mauritius,2,1,2015,0.2944373493,0.4658858937,0.0320389591,3
2,Oesophagus,480,Mauritius,2,1,2016,0.9353495196,1.39838083,0.1002915683,9
2,Oesophagus,480,Mauritius,2,1,2017,0.9344745013,1.39979563,0.07639200329,9
2,Oesophagus,480,Mauritius,2,1,2018,0.9636754941,1.713374288,0.09029216694,11
2,Oesophagus,480,Mauritius,2,1,2019,0.3724055638,0.6242377472,0.0608350352,4
2,Oesophagus,480,Mauritius,2,1,2020,0.9446683082,1.720240427,0.06131071993,11
2,Oesophagus,480,Mauritius,2,1,2021,0.7064867663,1.253886067,0.05488258344,8
2,Oesophagus,480,Mauritius,2,1,2022,1.175758599,2.040398317,0.1322807139,13
2,Oesophagus,480,Mauritius,2,1,2023,0.486927742,0.9419026591,0.1093413539,6
2,Oesophagus,484,Mexico,1,1,1956,1.0993604,0.5164933227,0.1335466071,84
2,Oesophagus,484,Mexico,1,1,1957,1.362979034,0.6324731966,0.161668398,106
2,Oesophagus,484,Mexico,1,1,1958,1.312120538,0.6078175408,0.155418991,105
2,Oesophagus,484,Mexico,1,1,1959,1.291482989,0.5726928752,0.1790591904,102
2,Oesophagus,484,Mexico,1,1,1960,1.301748465,0.5881237716,0.1642633539,108
2,Oesophagus,484,Mexico,1,1,1961,1.537428993,0.7072673302,0.1609124753,134
2,Oesophagus,484,Mexico,1,1,1962,1.757211365,0.8177021058,0.1559946457,160
2,Oesophagus,484,Mexico,1,1,1963,1.535078125,0.6381111909,0.167398601,129
2,Oesophagus,484,Mexico,1,1,1964,1.955873863,0.8041953146,0.2429345108,168
2,Oesophagus,484,Mexico,1,1,1965,1.405853269,0.5789497842,0.1472169754,125
2,Oesophagus,484,Mexico,1,1,1966,1.979569226,0.8065633826,0.2006634944,180
2,Oesophagus,484,Mexico,1,1,1967,1.699616658,0.7023619892,0.1857742728,162
2,Oesophagus,484,Mexico,1,1,1968,1.555070587,0.6503927082,0.1730756989,155
2,Oesophagus,484,Mexico,1,1,1969,1.764568221,0.6866457697,0.1924831418,169
2,Oesophagus,484,Mexico,1,1,1970,1.899872756,0.7597602173,0.1918324645,193
2,Oesophagus,484,Mexico,1,1,1971,1.897809104,0.7480357859,0.2287952147,196
2,Oesophagus,484,Mexico,1,1,1972,2.10799336,0.8144869687,0.2500482935,220
2,Oesophagus,484,Mexico,1,1,1973,1.990753134,0.7582300754,0.2190855775,211
2,Oesophagus,484,Mexico,1,1,1974,1.976115766,0.7853192626,0.2028639398,225
2,Oesophagus,484,Mexico,1,1,1975,2.02586078,0.7565251781,0.2373970725,223
2,Oesophagus,484,Mexico,1,1,1976,2.243755303,0.8778088294,0.2287492805,266
2,Oesophagus,484,Mexico,1,1,1977,1.927386145,0.7388851752,0.1787712166,230
2,Oesophagus,484,Mexico,1,1,1978,1.709642529,0.7166118641,0.1762792833,229
2,Oesophagus,484,Mexico,1,1,1979,1.708316017,0.6314421494,0.1747155451,207
2,Oesophagus,484,Mexico,1,1,1980,2.076302004,0.8393480159,0.2107270209,282
2,Oesophagus,484,Mexico,1,1,1981,1.896011837,0.7684856494,0.1911980984,264
2,Oesophagus,484,Mexico,1,1,1982,2.060898974,0.8900462914,0.1883170849,312
2,Oesophagus,484,Mexico,1,1,1983,1.954980793,0.8866231736,0.2179144109,317
2,Oesophagus,484,Mexico,1,1,1984,1.770006053,0.8559122481,0.2036992463,312
2,Oesophagus,484,Mexico,1,1,1985,1.944190786,0.9609141055,0.2073538556,357
2,Oesophagus,484,Mexico,1,1,1986,1.942905982,1.017039439,0.1946674184,385
2,Oesophagus,484,Mexico,1,1,1987,1.892019101,0.9983836169,0.2201455177,385
2,Oesophagus,484,Mexico,1,1,1988,1.841684604,1.033772573,0.200892008,406
2,Oesophagus,484,Mexico,1,1,1989,1.947774775,1.130549885,0.2178714285,452
2,Oesophagus,484,Mexico,1,1,1990,1.87847609,1.105425851,0.2203793472,450
2,Oesophagus,484,Mexico,1,1,1991,1.849304776,1.070715747,0.2289265683,444
2,Oesophagus,484,Mexico,1,1,1992,1.736349836,1.05848405,0.1907642476,447
2,Oesophagus,484,Mexico,1,1,1993,1.870896876,1.13052213,0.2319795253,486
2,Oesophagus,484,Mexico,1,1,1994,1.751567487,1.08811544,0.2109131322,476
2,Oesophagus,484,Mexico,1,1,1995,1.850789306,1.168504231,0.2156519503,520
2,Oesophagus,484,Mexico,1,1,1996,1.845724247,1.191112063,0.2125205059,539
2,Oesophagus,484,Mexico,1,1,1997,1.615546495,1.078447453,0.1846591883,496
2,Oesophagus,484,Mexico,1,1,1998,1.486218067,1.008019501,0.1739986451,471
2,Oesophagus,484,Mexico,1,1,1999,1.428546537,1.003132936,0.1611804323,476
2,Oesophagus,484,Mexico,1,1,2000,1.597599224,1.139953906,0.1805204343,549
2,Oesophagus,484,Mexico,1,1,2001,1.565242367,1.139890236,0.1784215224,557
2,Oesophagus,484,Mexico,1,1,2002,1.477032819,1.093337562,0.1700191679,542
2,Oesophagus,484,Mexico,1,1,2003,1.705300343,1.279034671,0.2009826962,643
2,Oesophagus,484,Mexico,1,1,2004,1.488036699,1.141956214,0.178819226,582
2,Oesophagus,484,Mexico,1,1,2005,1.497210892,1.19822526,0.1712243901,619
2,Oesophagus,484,Mexico,1,1,2006,1.615683026,1.306139047,0.1875645059,684
2,Oesophagus,484,Mexico,1,1,2007,1.496949258,1.216142274,0.1809518799,646
2,Oesophagus,484,Mexico,1,1,2008,1.537013397,1.265048384,0.1800505114,682
2,Oesophagus,484,Mexico,1,1,2009,1.399770752,1.184324457,0.1596982317,648
2,Oesophagus,484,Mexico,1,1,2010,1.414132792,1.197913397,0.1657107895,665
2,Oesophagus,484,Mexico,1,1,2011,1.37048952,1.202378304,0.1539062751,677
2,Oesophagus,484,Mexico,1,1,2012,1.496601322,1.321269732,0.1718186199,754
2,Oesophagus,484,Mexico,1,1,2013,1.384047699,1.240564765,0.1585820014,717
2,Oesophagus,484,Mexico,1,1,2014,1.476299373,1.327032517,0.1790703894,776
2,Oesophagus,484,Mexico,1,1,2015,1.51449213,1.396742355,0.1791806716,825
2,Oesophagus,484,Mexico,1,1,2016,1.481986029,1.391099737,0.1790514191,829
2,Oesophagus,484,Mexico,1,1,2017,1.422591026,1.37088117,0.1650801119,824
2,Oesophagus,484,Mexico,1,1,2018,1.374744715,1.343974378,0.1608571882,815
2,Oesophagus,484,Mexico,1,1,2019,1.376234623,1.377800181,0.1633427093,843
2,Oesophagus,484,Mexico,1,1,2020,1.334313786,1.354739285,0.1562876604,835
2,Oesophagus,484,Mexico,1,1,2021,1.348231606,1.377868429,0.1535056702,854
2,Oesophagus,484,Mexico,1,1,2022,1.280597182,1.325283951,0.1513359412,827
2,Oesophagus,484,Mexico,2,1,1956,0.6623623211,0.3185413062,0.0694959859,52
2,Oesophagus,484,Mexico,2,1,1957,0.5515301037,0.2737586829,0.06057229907,46
2,Oesophagus,484,Mexico,2,1,1958,0.5794273203,0.2890148852,0.0612703668,50
2,Oesophagus,484,Mexico,2,1,1959,0.7453031398,0.3592141114,0.08327165269,64
2,Oesophagus,484,Mexico,2,1,1960,0.8416447088,0.3921326641,0.09778639571,72
2,Oesophagus,484,Mexico,2,1,1961,0.7943605587,0.3747896823,0.07827748382,71
2,Oesophagus,484,Mexico,2,1,1962,0.7283577199,0.3578334666,0.05667045679,70
2,Oesophagus,484,Mexico,2,1,1963,0.774751107,0.3414463628,0.06731101738,69
2,Oesophagus,484,Mexico,2,1,1964,0.6682738517,0.2873342832,0.06592314572,60
2,Oesophagus,484,Mexico,2,1,1965,0.775969444,0.3382188506,0.07051252381,73
2,Oesophagus,484,Mexico,2,1,1966,0.8356685547,0.3585482543,0.08247460023,80
2,Oesophagus,484,Mexico,2,1,1967,0.8226451011,0.3338452511,0.0731155701,77
2,Oesophagus,484,Mexico,2,1,1968,1.011648648,0.4069381273,0.1153020299,97
2,Oesophagus,484,Mexico,2,1,1969,0.7276931689,0.3046205577,0.07651751833,75
2,Oesophagus,484,Mexico,2,1,1970,1.038195604,0.4407331651,0.09721859696,112
2,Oesophagus,484,Mexico,2,1,1971,1.072129544,0.4349384865,0.09712583982,114
2,Oesophagus,484,Mexico,2,1,1972,1.033084595,0.4256216852,0.09769389362,115
2,Oesophagus,484,Mexico,2,1,1973,0.8645266757,0.3771643983,0.08925617354,105
2,Oesophagus,484,Mexico,2,1,1974,0.9685755828,0.4046128445,0.1014318269,116
2,Oesophagus,484,Mexico,2,1,1975,0.96979059,0.4168711129,0.08934623291,123
2,Oesophagus,484,Mexico,2,1,1976,0.9111193104,0.4185508872,0.09648047031,127
2,Oesophagus,484,Mexico,2,1,1977,0.9381483758,0.4073056196,0.08981792957,127
2,Oesophagus,484,Mexico,2,1,1978,0.9104327407,0.3997112773,0.09019118632,128
2,Oesophagus,484,Mexico,2,1,1979,0.9546855067,0.4107492782,0.07811915506,135
2,Oesophagus,484,Mexico,2,1,1980,0.8444269509,0.3886914121,0.08031627578,131
2,Oesophagus,484,Mexico,2,1,1981,0.945133275,0.4487702486,0.1006990076,155
2,Oesophagus,484,Mexico,2,1,1982,0.9337748029,0.4437672926,0.0921288819,157
2,Oesophagus,484,Mexico,2,1,1983,0.8369271881,0.4417740858,0.09013194064,160
2,Oesophagus,484,Mexico,2,1,1984,0.7974322988,0.4263988206,0.09253016223,158
2,Oesophagus,484,Mexico,2,1,1985,0.7659503478,0.4301780172,0.07770574264,163
2,Oesophagus,484,Mexico,2,1,1986,0.8258929472,0.4776576968,0.08652680078,185
2,Oesophagus,484,Mexico,2,1,1987,0.7734753749,0.4598942056,0.08662716433,182
2,Oesophagus,484,Mexico,2,1,1988,0.9539186892,0.5986853291,0.1007378474,242
2,Oesophagus,484,Mexico,2,1,1989,0.7170811346,0.4676901585,0.07170021719,193
2,Oesophagus,484,Mexico,2,1,1990,0.855195531,0.5604119778,0.09461531263,236
2,Oesophagus,484,Mexico,2,1,1991,0.6720300646,0.449223918,0.07066623262,193
2,Oesophagus,484,Mexico,2,1,1992,0.6857388814,0.4564688222,0.07750103584,200
2,Oesophagus,484,Mexico,2,1,1993,0.7019028978,0.4813631686,0.0783860741,215
2,Oesophagus,484,Mexico,2,1,1994,0.550046004,0.388892646,0.05668456606,177
2,Oesophagus,484,Mexico,2,1,1995,0.6669495529,0.4702216198,0.07567494199,218
2,Oesophagus,484,Mexico,2,1,1996,0.6528500122,0.4682116791,0.0734430329,221
2,Oesophagus,484,Mexico,2,1,1997,0.5668473086,0.4080853747,0.06447177949,196
2,Oesophagus,484,Mexico,2,1,1998,0.6407924966,0.4769707225,0.0747514635,233
2,Oesophagus,484,Mexico,2,1,1999,0.5972098588,0.4570681292,0.06611771662,227
2,Oesophagus,484,Mexico,2,1,2000,0.5348643317,0.4319764846,0.05796870421,218
2,Oesophagus,484,Mexico,2,1,2001,0.5139388822,0.4137816982,0.05465530961,212
2,Oesophagus,484,Mexico,2,1,2002,0.5158048498,0.4271231266,0.05771229637,222
2,Oesophagus,484,Mexico,2,1,2003,0.5466580144,0.4819164916,0.05576817245,254
2,Oesophagus,484,Mexico,2,1,2004,0.5213978468,0.4398364187,0.05915828604,235
2,Oesophagus,484,Mexico,2,1,2005,0.5064050288,0.4395054983,0.05525256594,238
2,Oesophagus,484,Mexico,2,1,2006,0.4859724106,0.4409172602,0.05152569707,242
2,Oesophagus,484,Mexico,2,1,2007,0.5025375721,0.4617686548,0.05504257772,257
2,Oesophagus,484,Mexico,2,1,2008,0.4321275937,0.4002599458,0.04646487974,226
2,Oesophagus,484,Mexico,2,1,2009,0.4111210605,0.3910274219,0.0449574486,224
2,Oesophagus,484,Mexico,2,1,2010,0.4729986359,0.4543053173,0.05255036138,264
2,Oesophagus,484,Mexico,2,1,2011,0.3671193731,0.3630907773,0.03825574979,214
2,Oesophagus,484,Mexico,2,1,2012,0.3721019614,0.3715363679,0.04089937557,222
2,Oesophagus,484,Mexico,2,1,2013,0.3852211525,0.3980358105,0.04044225842,241
2,Oesophagus,484,Mexico,2,1,2014,0.3882312909,0.3947287434,0.04154329864,242
2,Oesophagus,484,Mexico,2,1,2015,0.3748392852,0.391895697,0.04062814618,243
2,Oesophagus,484,Mexico,2,1,2016,0.4471757007,0.4851718438,0.04815156552,304
2,Oesophagus,484,Mexico,2,1,2017,0.3835147421,0.4186894601,0.04455565617,265
2,Oesophagus,484,Mexico,2,1,2018,0.3306252023,0.3722666128,0.03523438379,238
2,Oesophagus,484,Mexico,2,1,2019,0.3318352118,0.385577282,0.03330509293,249
2,Oesophagus,484,Mexico,2,1,2020,0.3374284462,0.3943920883,0.03551315643,257
2,Oesophagus,484,Mexico,2,1,2021,0.3448797229,0.4157253552,0.03388130807,273
2,Oesophagus,484,Mexico,2,1,2022,0.316577561,0.3866403904,0.03301811386,256
2,Oesophagus,498,Moldova,1,1,1992,4.215990427,4.200370212,0.5372397416,87
2,Oesophagus,498,Moldova,1,1,1993,3.980148498,4.012821691,0.5428747029,83
2,Oesophagus,498,Moldova,1,1,1994,4.019636047,4.02485713,0.4799180407,83
2,Oesophagus,498,Moldova,1,1,1995,3.327628692,3.312865024,0.4079436046,68
2,Oesophagus,498,Moldova,1,1,1996,3.35562898,3.382928371,0.4444779129,69
2,Oesophagus,498,Moldova,1,1,1997,2.507335897,2.569474641,0.3377262891,52
2,Oesophagus,498,Moldova,1,1,1998,3.537359603,3.69002034,0.4516436537,74
2,Oesophagus,498,Moldova,1,1,1999,2.40898928,2.619544421,0.2808534942,52
2,Oesophagus,498,Moldova,1,1,2000,2.19433038,2.343120446,0.2679012882,46
2,Oesophagus,498,Moldova,1,1,2001,2.859561997,3.092053526,0.3258494494,60
2,Oesophagus,498,Moldova,1,1,2002,2.627994077,2.86903033,0.3308628601,55
2,Oesophagus,498,Moldova,1,1,2003,2.675936368,3.116469325,0.366737071,59
2,Oesophagus,498,Moldova,1,1,2004,2.908100735,3.209881299,0.3759595927,60
2,Oesophagus,498,Moldova,1,1,2005,2.723680656,3.03822906,0.3333022649,56
2,Oesophagus,498,Moldova,1,1,2006,3.313772526,3.803197221,0.4079660103,69
2,Oesophagus,498,Moldova,1,1,2007,3.309835592,3.92420015,0.4103179009,70
2,Oesophagus,498,Moldova,1,1,2008,2.300060247,2.739602495,0.3043819572,48
2,Oesophagus,498,Moldova,1,1,2009,2.988567446,3.48964216,0.3972888924,60
2,Oesophagus,498,Moldova,1,1,2010,3.027318818,3.796027576,0.4130824847,64
2,Oesophagus,498,Moldova,1,1,2011,2.846768806,3.510436892,0.3849293733,58
2,Oesophagus,498,Moldova,1,1,2012,2.354013076,3.151046333,0.3186519785,51
2,Oesophagus,498,Moldova,1,1,2013,2.263521269,2.838821195,0.3116364382,45
2,Oesophagus,498,Moldova,1,1,2014,3.462107757,4.633833809,0.459364365,72
2,Oesophagus,498,Moldova,1,1,2015,3.071279771,4.26031997,0.406561751,65
2,Oesophagus,498,Moldova,1,1,2016,3.888876554,5.530781799,0.516346529,83
2,Oesophagus,498,Moldova,1,1,2017,3.417138297,4.938512141,0.4661889153,73
2,Oesophagus,498,Moldova,1,1,2018,3.751033056,5.692499412,0.4801536656,83
2,Oesophagus,498,Moldova,1,1,2019,3.457106108,5.22132864,0.4539006054,75
2,Oesophagus,498,Moldova,1,1,2020,3.242853633,4.877114388,0.4331409266,69
2,Oesophagus,498,Moldova,1,1,2021,3.240303895,4.809307374,0.4288207029,67
2,Oesophagus,498,Moldova,2,1,1992,0.6182690651,0.7968247791,0.07565671057,19
2,Oesophagus,498,Moldova,2,1,1993,0.5164790609,0.7563438339,0.05486530429,18
2,Oesophagus,498,Moldova,2,1,1994,0.4652389648,0.6744591996,0.0666607845,16
2,Oesophagus,498,Moldova,2,1,1995,0.5438831052,0.76219254,0.07894833028,18
2,Oesophagus,498,Moldova,2,1,1996,0.3017894837,0.4258945596,0.02755856702,10
2,Oesophagus,498,Moldova,2,1,1997,0.3646096035,0.4717424149,0.04719675338,11
2,Oesophagus,498,Moldova,2,1,1998,0.3265892263,0.4322823253,0.03237571423,10
2,Oesophagus,498,Moldova,2,1,1999,0.4234076836,0.610517383,0.04146077419,14
2,Oesophagus,498,Moldova,2,1,2000,0.4572141911,0.6602772372,0.05795953311,15
2,Oesophagus,498,Moldova,2,1,2001,0.3835195733,0.5779550173,0.04696295118,13
2,Oesophagus,498,Moldova,2,1,2002,0.3731487434,0.5391058391,0.04324680886,12
2,Oesophagus,498,Moldova,2,1,2003,0.3099975287,0.4540808473,0.03713730027,10
2,Oesophagus,498,Moldova,2,1,2004,0.2610420686,0.4133290347,0.03163997975,9
2,Oesophagus,498,Moldova,2,1,2005,0.4271049999,0.6525300688,0.06857424802,14
2,Oesophagus,498,Moldova,2,1,2006,0.2207791694,0.3796775683,0.01692793258,8
2,Oesophagus,498,Moldova,2,1,2007,0.4038496944,0.7254809213,0.03485618626,15
2,Oesophagus,498,Moldova,2,1,2008,0.3307709703,0.493236008,0.03923585523,10
2,Oesophagus,498,Moldova,2,1,2009,0.1003682577,0.1509937655,0.01417377762,3
2,Oesophagus,498,Moldova,2,1,2010,0.1964114665,0.3083217584,0.02134791175,6
2,Oesophagus,498,Moldova,2,1,2011,0.09631038918,0.2099681321,0.007737482684,4
2,Oesophagus,498,Moldova,2,1,2012,0.3260819126,0.4828020544,0.0468500457,9
2,Oesophagus,498,Moldova,2,1,2013,0.3451421891,0.6032123801,0.04427489955,11
2,Oesophagus,498,Moldova,2,1,2014,0.3367316818,0.6148964822,0.03841813988,11
2,Oesophagus,498,Moldova,2,1,2015,0.3320390774,0.738025815,0.03049386943,13
2,Oesophagus,498,Moldova,2,1,2016,0.2220128991,0.3454016676,0.02815216976,6
2,Oesophagus,498,Moldova,2,1,2017,0.3110883903,0.6412782658,0.03861490116,11
2,Oesophagus,498,Moldova,2,1,2018,0.1750563576,0.4128054613,0.01746732611,7
2,Oesophagus,498,Moldova,2,1,2019,0.1424630628,0.3584178005,0.01219219938,6
2,Oesophagus,498,Moldova,2,1,2020,0.1858685621,0.4841624413,0.01822463497,8
2,Oesophagus,498,Moldova,2,1,2021,0.2521856969,0.6745776224,0.02745688827,11
2,Oesophagus,51,Armenia,1,1,2007,2.600101065,2.613057375,0.346597877,36
2,Oesophagus,51,Armenia,1,1,2008,1.906285078,2.265578409,0.2459656307,31
2,Oesophagus,51,Armenia,1,1,2009,1.87517151,2.210152335,0.2315505712,30
2,Oesophagus,51,Armenia,1,1,2010,1.530173872,1.857103327,0.1807984508,25
2,Oesophagus,51,Armenia,1,1,2011,1.894568586,2.535918678,0.2230119825,34
2,Oesophagus,51,Armenia,1,1,2012,1.508297846,2.16195181,0.1884433061,29
2,Oesophagus,51,Armenia,1,1,2013,1.493042767,1.936787718,0.1644274108,26
2,Oesophagus,51,Armenia,1,1,2014,1.600781253,2.084200975,0.1723487049,28
2,Oesophagus,51,Armenia,1,1,2015,2.034400623,2.678886357,0.2704305532,36
2,Oesophagus,51,Armenia,1,1,2016,2.126836724,2.530451942,0.2950021453,34
2,Oesophagus,51,Armenia,1,1,2017,1.722830245,2.383349917,0.2451561291,32
2,Oesophagus,51,Armenia,1,1,2018,1.97007784,2.757466306,0.2595053213,37
2,Oesophagus,51,Armenia,1,1,2019,2.260163263,3.057223772,0.3152139632,41
2,Oesophagus,51,Armenia,1,1,2020,1.263428862,1.720996532,0.1466879794,23
2,Oesophagus,51,Armenia,1,1,2021,1.269099098,1.80747935,0.1436114278,24
2,Oesophagus,51,Armenia,1,1,2022,1.055126618,1.649250828,0.1301418784,22
2,Oesophagus,51,Armenia,2,1,2007,0.7721613313,1.440089912,0.09067727425,23
2,Oesophagus,51,Armenia,2,1,2008,0.5046456283,0.879570468,0.06895047176,14
2,Oesophagus,51,Armenia,2,1,2009,0.384931703,0.9444987356,0.02527226604,15
2,Oesophagus,51,Armenia,2,1,2010,0.5646766109,1.198817209,0.05616168391,19
2,Oesophagus,51,Armenia,2,1,2011,0.5196185408,0.9478472336,0.05116117105,15
2,Oesophagus,51,Armenia,2,1,2012,0.4210863921,0.8221879433,0.03657084372,13
2,Oesophagus,51,Armenia,2,1,2013,0.5282145611,1.139176338,0.04464026911,18
2,Oesophagus,51,Armenia,2,1,2014,0.6150887259,1.013311429,0.07233553097,16
2,Oesophagus,51,Armenia,2,1,2015,0.4963541431,0.8241746921,0.0684914611,13
2,Oesophagus,51,Armenia,2,1,2016,0.6730073886,1.269713089,0.08442779873,20
2,Oesophagus,51,Armenia,2,1,2017,0.5845256876,1.017607471,0.0685415625,16
2,Oesophagus,51,Armenia,2,1,2018,0.3932746622,0.7652314538,0.04742682746,12
2,Oesophagus,51,Armenia,2,1,2019,0.6543883936,1.34366849,0.06371321009,21
2,Oesophagus,51,Armenia,2,1,2020,0.2430953521,0.5146490013,0.02084922843,8
2,Oesophagus,51,Armenia,2,1,2021,0.4884171813,0.972426837,0.06524514155,15
2,Oesophagus,51,Armenia,2,1,2022,0.4507698125,1.034302982,0.04221366232,16
2,Oesophagus,528,The Netherlands,1,0,1989,4.705306465,6.296395886,0.5971927986,462
2,Oesophagus,528,The Netherlands,1,0,1990,5.395291966,7.05103324,0.6654493569,521
2,Oesophagus,528,The Netherlands,1,0,1991,5.445030144,7.261787855,0.6616686603,541
2,Oesophagus,528,The Netherlands,1,0,1992,5.675968016,7.725258893,0.6932191214,580
2,Oesophagus,528,The Netherlands,1,0,1993,5.952182011,8.134304106,0.731468938,615
2,Oesophagus,528,The Netherlands,1,0,1994,6.30902123,8.545121991,0.7731463798,650
2,Oesophagus,528,The Netherlands,1,0,1995,6.32721595,8.777115039,0.7865169721,671
2,Oesophagus,528,The Netherlands,1,0,1996,6.367598878,8.893760708,0.779029926,683
2,Oesophagus,528,The Netherlands,1,0,1997,6.433627425,9.108066365,0.7790850291,703
2,Oesophagus,528,The Netherlands,1,0,1998,7.026579863,10.19742577,0.8757495204,792
2,Oesophagus,528,The Netherlands,1,0,1999,7.296634154,10.81870623,0.8853356254,846
2,Oesophagus,528,The Netherlands,1,0,2000,7.042500689,10.5355633,0.8399533748,830
2,Oesophagus,528,The Netherlands,1,0,2001,7.111656147,10.47739521,0.9141908191,832
2,Oesophagus,528,The Netherlands,1,0,2002,8.296645122,12.86010483,0.9867128808,1028
2,Oesophagus,528,The Netherlands,1,0,2003,8.349023144,13.16201053,1.009100853,1057
2,Oesophagus,528,The Netherlands,1,0,2004,8.453351787,13.64210418,1.040035708,1099
2,Oesophagus,528,The Netherlands,1,0,2005,8.496328642,13.92521269,1.021007479,1124
2,Oesophagus,528,The Netherlands,1,0,2006,8.741708152,14.45016265,1.054420985,1168
2,Oesophagus,528,The Netherlands,1,0,2007,8.869684001,15.01181563,1.075379229,1216
2,Oesophagus,528,The Netherlands,1,0,2008,9.798682011,17.14975287,1.200881404,1395
2,Oesophagus,528,The Netherlands,1,0,2009,9.902935788,17.67741073,1.215064231,1446
2,Oesophagus,528,The Netherlands,1,0,2010,9.718164358,17.53516609,1.176658861,1442
2,Oesophagus,528,The Netherlands,1,0,2011,9.815616532,17.9350034,1.208842512,1482
2,Oesophagus,528,The Netherlands,1,0,2012,9.640081301,18.167354,1.20597792,1507
2,Oesophagus,528,The Netherlands,1,0,2013,10.20820044,19.68547467,1.278383422,1638
2,Oesophagus,528,The Netherlands,1,0,2014,9.954478211,19.19270922,1.261520818,1597
2,Oesophagus,528,The Netherlands,1,0,2015,10.61163462,21.25074196,1.323997542,1784
2,Oesophagus,528,The Netherlands,1,0,2016,10.59312565,21.83249457,1.385468146,1844
2,Oesophagus,528,The Netherlands,1,0,2017,10.04706754,20.97304088,1.296660355,1783
2,Oesophagus,528,The Netherlands,1,1,1951,4.275978005,4.477115877,0.4257380114,229
2,Oesophagus,528,The Netherlands,1,1,1952,3.874688263,4.176334107,0.3357152623,216
2,Oesophagus,528,The Netherlands,1,1,1953,3.983571275,4.381014329,0.4119217591,229
2,Oesophagus,528,The Netherlands,1,1,1954,3.952835427,4.386877186,0.414455269,232
2,Oesophagus,528,The Netherlands,1,1,1955,2.951018966,3.435591986,0.265974177,184
2,Oesophagus,528,The Netherlands,1,1,1956,3.688503879,4.220886939,0.3754893541,229
2,Oesophagus,528,The Netherlands,1,1,1957,3.729805977,4.277159966,0.3472458644,235
2,Oesophagus,528,The Netherlands,1,1,1958,3.249256246,3.695862787,0.3354308265,206
2,Oesophagus,528,The Netherlands,1,1,1959,2.920287797,3.502998779,0.2894464779,198
2,Oesophagus,528,The Netherlands,1,1,1960,3.343457524,3.810922313,0.349252356,218
2,Oesophagus,528,The Netherlands,1,1,1961,3.661312853,4.347451048,0.4020761558,252
2,Oesophagus,528,The Netherlands,1,1,1962,2.833927854,3.468738841,0.2638810999,204
2,Oesophagus,528,The Netherlands,1,1,1963,2.728812943,3.304038642,0.2721911945,197
2,Oesophagus,528,The Netherlands,1,1,1964,3.037824097,3.622229573,0.2950998939,219
2,Oesophagus,528,The Netherlands,1,1,1965,3.166045035,3.830855503,0.339006562,235
2,Oesophagus,528,The Netherlands,1,1,1966,3.118094654,3.794029227,0.3135144994,236
2,Oesophagus,528,The Netherlands,1,1,1967,2.730919647,3.322892984,0.3057133758,209
2,Oesophagus,528,The Netherlands,1,1,1968,2.848184704,3.511811024,0.2990971543,223
2,Oesophagus,528,The Netherlands,1,1,1969,2.831705832,3.518002522,0.2912578485,226
2,Oesophagus,528,The Netherlands,1,1,1970,2.950825473,3.657318479,0.3226191625,238
2,Oesophagus,528,The Netherlands,1,1,1971,3.057874892,3.856080158,0.3177806114,254
2,Oesophagus,528,The Netherlands,1,1,1972,3.040255014,3.834874803,0.3199113478,255
2,Oesophagus,528,The Netherlands,1,1,1973,2.916453328,3.537947095,0.3060240543,237
2,Oesophagus,528,The Netherlands,1,1,1974,3.433904716,4.357556804,0.3514343996,294
2,Oesophagus,528,The Netherlands,1,1,1975,2.924330641,3.732933586,0.3111915488,254
2,Oesophagus,528,The Netherlands,1,1,1976,3.169955073,4.02666939,0.3662541848,276
2,Oesophagus,528,The Netherlands,1,1,1977,3.192634821,4.049699538,0.346645728,279
2,Oesophagus,528,The Netherlands,1,1,1978,3.516839744,4.475694094,0.4201125393,310
2,Oesophagus,528,The Netherlands,1,1,1979,3.277765417,4.246771879,0.3516872835,296
2,Oesophagus,528,The Netherlands,1,1,1980,3.210259359,4.101862929,0.363821498,288
2,Oesophagus,528,The Netherlands,1,1,1981,3.370969268,4.387951534,0.3924067166,310
2,Oesophagus,528,The Netherlands,1,1,1982,3.71623677,4.836299033,0.4185863946,343
2,Oesophagus,528,The Netherlands,1,1,1983,3.938363937,5.17348029,0.4625597047,368
2,Oesophagus,528,The Netherlands,1,1,1984,3.953391265,5.184323726,0.4727742332,370
2,Oesophagus,528,The Netherlands,1,1,1985,4.2035962,5.483542396,0.5018855002,393
2,Oesophagus,528,The Netherlands,1,1,1986,4.393207336,5.788290164,0.5071099005,417
2,Oesophagus,528,The Netherlands,1,1,1987,4.266801604,5.710975004,0.4990654019,414
2,Oesophagus,528,The Netherlands,1,1,1988,4.98616572,6.840207811,0.5544702367,499
2,Oesophagus,528,The Netherlands,1,1,1989,4.990025588,6.745983074,0.591709483,495
2,Oesophagus,528,The Netherlands,1,1,1990,5.444421183,7.402996386,0.6525190209,547
2,Oesophagus,528,The Netherlands,1,1,1991,5.208234814,7.087438589,0.6241432833,528
2,Oesophagus,528,The Netherlands,1,1,1992,5.886434881,8.058393383,0.6767206285,605
2,Oesophagus,528,The Netherlands,1,1,1993,5.593214089,7.763934079,0.6623253161,587
2,Oesophagus,528,The Netherlands,1,1,1994,6.242584635,8.637008992,0.7493621354,657
2,Oesophagus,528,The Netherlands,1,1,1995,6.42018299,9.195672932,0.7650859859,703
2,Oesophagus,528,The Netherlands,1,1,1996,6.581696347,9.349323541,0.7910583159,718
2,Oesophagus,528,The Netherlands,1,1,1997,6.197690179,8.92648926,0.7513552764,689
2,Oesophagus,528,The Netherlands,1,1,1998,6.179105767,9.102730819,0.7454076203,707
2,Oesophagus,528,The Netherlands,1,1,1999,6.965937317,10.46049182,0.8256071731,818
2,Oesophagus,528,The Netherlands,1,1,2000,7.311734844,11.05597369,0.8739763334,871
2,Oesophagus,528,The Netherlands,1,1,2001,6.797202855,10.45219205,0.8038189939,830
2,Oesophagus,528,The Netherlands,1,1,2002,6.78483842,10.47071428,0.8196675257,837
2,Oesophagus,528,The Netherlands,1,1,2003,7.51439596,12.09110341,0.879566462,971
2,Oesophagus,528,The Netherlands,1,1,2004,7.23164344,11.78011795,0.8344151791,949
2,Oesophagus,528,The Netherlands,1,1,2005,7.539972701,12.77291893,0.881177591,1031
2,Oesophagus,528,The Netherlands,1,1,2006,7.772313123,13.13863412,0.8813233504,1062
2,Oesophagus,528,The Netherlands,1,1,2007,7.769541153,13.28345536,0.9136975532,1076
2,Oesophagus,528,The Netherlands,1,1,2008,7.833543549,13.9041826,0.9200081488,1131
2,Oesophagus,528,The Netherlands,1,1,2009,7.624833408,14.04655608,0.9054601051,1149
2,Oesophagus,528,The Netherlands,1,1,2010,7.870734537,14.58019496,0.9574329341,1199
2,Oesophagus,528,The Netherlands,1,1,2011,7.581904644,14.34072076,0.8671875376,1185
2,Oesophagus,528,The Netherlands,1,1,2012,7.963309908,15.5392718,0.9418570461,1289
2,Oesophagus,528,The Netherlands,1,1,2013,7.457326373,14.87825549,0.8954075467,1238
2,Oesophagus,528,The Netherlands,1,1,2014,7.616305244,15.50224274,0.9310907132,1295
2,Oesophagus,528,The Netherlands,1,1,2015,7.654292126,15.98570387,0.9365863827,1342
2,Oesophagus,528,The Netherlands,1,1,2016,7.725604349,16.48092865,0.933462023,1392
2,Oesophagus,528,The Netherlands,1,1,2017,7.359513775,16.16205721,0.8790371263,1374
2,Oesophagus,528,The Netherlands,1,1,2018,7.371558826,16.85359737,0.9373280637,1449
2,Oesophagus,528,The Netherlands,1,1,2019,7.378930018,17.10368288,0.8782975163,1482
2,Oesophagus,528,The Netherlands,1,1,2020,7.156544108,17.06718954,0.8679314104,1486
2,Oesophagus,528,The Netherlands,1,1,2021,7.325530412,17.60568832,0.8779872179,1535
2,Oesophagus,528,The Netherlands,1,1,2022,7.054535161,16.77104129,0.8393677043,1475
2,Oesophagus,528,The Netherlands,1,1,2023,6.776622149,16.83773778,0.8119903244,1496
2,Oesophagus,528,The Netherlands,2,0,1989,1.542967213,2.983661523,0.1854157042,224
2,Oesophagus,528,The Netherlands,2,0,1990,2.083800494,3.840204867,0.2417664672,292
2,Oesophagus,528,The Netherlands,2,0,1991,2.07444133,4.048739032,0.2334274135,312
2,Oesophagus,528,The Netherlands,2,0,1992,1.930765477,3.65418598,0.2172511923,282
2,Oesophagus,528,The Netherlands,2,0,1993,2.089601118,4.010460315,0.2303944498,310
2,Oesophagus,528,The Netherlands,2,0,1994,2.202670344,4.102288704,0.2566247788,319
2,Oesophagus,528,The Netherlands,2,0,1995,2.404765295,4.415087878,0.2670934074,345
2,Oesophagus,528,The Netherlands,2,0,1996,2.467843394,4.814705793,0.2734066419,378
2,Oesophagus,528,The Netherlands,2,0,1997,2.067269215,3.851901972,0.2397508606,304
2,Oesophagus,528,The Netherlands,2,0,1998,2.240012828,4.33220398,0.2502472634,344
2,Oesophagus,528,The Netherlands,2,0,1999,2.220268152,4.3041492,0.2664674675,344
2,Oesophagus,528,The Netherlands,2,0,2000,2.183703633,4.299513559,0.2524003205,346
2,Oesophagus,528,The Netherlands,2,0,2001,2.347737278,4.577272252,0.2686782926,371
2,Oesophagus,528,The Netherlands,2,0,2002,2.547432568,4.880318167,0.3061965845,398
2,Oesophagus,528,The Netherlands,2,0,2003,2.561762573,5.198542846,0.2964330785,426
2,Oesophagus,528,The Netherlands,2,0,2004,2.566716629,5.20312236,0.297162873,428
2,Oesophagus,528,The Netherlands,2,0,2005,2.537637629,5.104163118,0.2956401174,421
2,Oesophagus,528,The Netherlands,2,0,2006,2.635016182,5.518487295,0.3137991769,456
2,Oesophagus,528,The Netherlands,2,0,2007,2.580066357,5.361414911,0.3141175232,444
2,Oesophagus,528,The Netherlands,2,0,2008,2.808094817,6.088058838,0.3469292051,506
2,Oesophagus,528,The Netherlands,2,0,2009,3.099820647,6.466718137,0.379732205,540
2,Oesophagus,528,The Netherlands,2,0,2010,2.812107705,6.065365334,0.3361375104,509
2,Oesophagus,528,The Netherlands,2,0,2011,3.102435905,6.643026981,0.3937278224,560
2,Oesophagus,528,The Netherlands,2,0,2012,2.828355948,6.300346625,0.34745201,533
2,Oesophagus,528,The Netherlands,2,0,2013,2.768640581,6.164861843,0.3368505375,523
2,Oesophagus,528,The Netherlands,2,0,2014,3.052772823,6.91925116,0.3929923676,587
2,Oesophagus,528,The Netherlands,2,0,2015,3.284276588,7.302575913,0.4255425091,624
2,Oesophagus,528,The Netherlands,2,0,2016,3.405591514,7.735140405,0.4460884632,664
2,Oesophagus,528,The Netherlands,2,0,2017,3.06065008,7.495279248,0.3779197418,647
2,Oesophagus,528,The Netherlands,2,1,1951,2.133246009,2.427373,0.1868736157,125
2,Oesophagus,528,The Netherlands,2,1,1952,1.741103221,2.053663967,0.1252135352,107
2,Oesophagus,528,The Netherlands,2,1,1953,1.620099797,1.975046053,0.1482218177,104
2,Oesophagus,528,The Netherlands,2,1,1954,1.644483841,1.933582384,0.1499627085,103
2,Oesophagus,528,The Netherlands,2,1,1955,1.478335257,1.872034401,0.1356997392,101
2,Oesophagus,528,The Netherlands,2,1,1956,1.31971405,1.665324647,0.1065501759,91
2,Oesophagus,528,The Netherlands,2,1,1957,1.260028389,1.699204628,0.1362582994,94
2,Oesophagus,528,The Netherlands,2,1,1958,1.667790341,2.173564468,0.1589652612,122
2,Oesophagus,528,The Netherlands,2,1,1959,1.132597249,1.492406286,0.0978468322,85
2,Oesophagus,528,The Netherlands,2,1,1960,1.215003339,1.66481687,0.1087139708,96
2,Oesophagus,528,The Netherlands,2,1,1961,1.303298564,1.763004296,0.121456297,103
2,Oesophagus,528,The Netherlands,2,1,1962,1.439504116,1.957971137,0.1380506958,116
2,Oesophagus,528,The Netherlands,2,1,1963,0.9879325856,1.415911514,0.06966016652,85
2,Oesophagus,528,The Netherlands,2,1,1964,1.295666547,1.841772048,0.1296009966,112
2,Oesophagus,528,The Netherlands,2,1,1965,1.259780012,1.78565631,0.1366498487,110
2,Oesophagus,528,The Netherlands,2,1,1966,1.255114812,1.828036304,0.1256276302,114
2,Oesophagus,528,The Netherlands,2,1,1967,1.250673854,1.870462543,0.112367966,118
2,Oesophagus,528,The Netherlands,2,1,1968,1.3587121,2.116086963,0.1313257495,135
2,Oesophagus,528,The Netherlands,2,1,1969,1.076069299,1.642392315,0.09530499834,106
2,Oesophagus,528,The Netherlands,2,1,1970,1.370224025,2.158934313,0.1336911293,141
2,Oesophagus,528,The Netherlands,2,1,1971,1.19256869,1.876626914,0.1134616962,124
2,Oesophagus,528,The Netherlands,2,1,1972,0.8266221613,1.392507412,0.07923523245,93
2,Oesophagus,528,The Netherlands,2,1,1973,1.029284791,1.780336187,0.1024973851,120
2,Oesophagus,528,The Netherlands,2,1,1974,1.140978424,1.882823647,0.1013658047,128
2,Oesophagus,528,The Netherlands,2,1,1975,1.229493883,2.098421812,0.1073498773,144
2,Oesophagus,528,The Netherlands,2,1,1976,1.201466847,2.037660592,0.1168283028,141
2,Oesophagus,528,The Netherlands,2,1,1977,1.023147875,1.808551867,0.1086606271,126
2,Oesophagus,528,The Netherlands,2,1,1978,1.161665991,2.138061776,0.1129832547,150
2,Oesophagus,528,The Netherlands,2,1,1979,1.366442835,2.461730002,0.1465209007,174
2,Oesophagus,528,The Netherlands,2,1,1980,0.9814567683,2.006060266,0.09667785174,143
2,Oesophagus,528,The Netherlands,2,1,1981,1.347579432,2.436579321,0.1422779749,175
2,Oesophagus,528,The Netherlands,2,1,1982,1.166786299,2.28512866,0.1170630552,165
2,Oesophagus,528,The Netherlands,2,1,1983,1.258968464,2.50909893,0.1274008233,182
2,Oesophagus,528,The Netherlands,2,1,1984,1.38019749,2.7170557,0.1487422568,198
2,Oesophagus,528,The Netherlands,2,1,1985,1.453561983,2.921621363,0.1374602851,214
2,Oesophagus,528,The Netherlands,2,1,1986,1.483469349,3.04025625,0.1561565333,224
2,Oesophagus,528,The Netherlands,2,1,1987,1.475472442,2.872090828,0.1526696723,213
2,Oesophagus,528,The Netherlands,2,1,1988,1.411164994,3.000669792,0.1403096884,224
2,Oesophagus,528,The Netherlands,2,1,1989,1.50994247,3.128536244,0.1591964153,235
2,Oesophagus,528,The Netherlands,2,1,1990,1.797322707,3.781768175,0.1845217541,286
2,Oesophagus,528,The Netherlands,2,1,1991,1.550730384,3.215349686,0.1632257449,245
2,Oesophagus,528,The Netherlands,2,1,1992,1.879037421,4.064458137,0.1942319969,312
2,Oesophagus,528,The Netherlands,2,1,1993,1.779707117,3.596331225,0.1900552258,278
2,Oesophagus,528,The Netherlands,2,1,1994,2.043539768,4.076593665,0.224980202,317
2,Oesophagus,528,The Netherlands,2,1,1995,1.908865812,4.018428462,0.1990315525,314
2,Oesophagus,528,The Netherlands,2,1,1996,2.202516782,4.483619504,0.2319834219,352
2,Oesophagus,528,The Netherlands,2,1,1997,2.014140928,4.257260149,0.214225345,336
2,Oesophagus,528,The Netherlands,2,1,1998,1.859457818,4.118128581,0.1914029593,327
2,Oesophagus,528,The Netherlands,2,1,1999,2.051492275,4.204204204,0.237308401,336
2,Oesophagus,528,The Netherlands,2,1,2000,2.053880726,4.39891881,0.2221935648,354
2,Oesophagus,528,The Netherlands,2,1,2001,1.864318669,4.046747334,0.2039765929,328
2,Oesophagus,528,The Netherlands,2,1,2002,2.174407709,4.610547879,0.2529837628,376
2,Oesophagus,528,The Netherlands,2,1,2003,2.105347547,4.588378516,0.2337087039,376
2,Oesophagus,528,The Netherlands,2,1,2004,2.264502341,4.741161457,0.2576999182,390
2,Oesophagus,528,The Netherlands,2,1,2005,2.21022525,4.995001967,0.2370692979,412
2,Oesophagus,528,The Netherlands,2,1,2006,2.128797285,4.731817296,0.2391987928,391
2,Oesophagus,528,The Netherlands,2,1,2007,2.118808389,4.805946042,0.2416512693,398
2,Oesophagus,528,The Netherlands,2,1,2008,2.290788151,5.137542974,0.2842880377,427
2,Oesophagus,528,The Netherlands,2,1,2009,2.134931632,5.029665446,0.2464351448,420
2,Oesophagus,528,The Netherlands,2,1,2010,2.148525832,5.278886682,0.2287368796,443
2,Oesophagus,528,The Netherlands,2,1,2011,2.220508026,5.373727313,0.2581654356,453
2,Oesophagus,528,The Netherlands,2,1,2012,2.165417971,5.295594656,0.2549651014,448
2,Oesophagus,528,The Netherlands,2,1,2013,2.083161131,5.056829212,0.2509303477,429
2,Oesophagus,528,The Netherlands,2,1,2014,2.153587891,5.451515933,0.2603138237,464
2,Oesophagus,528,The Netherlands,2,1,2015,2.151328141,5.512040473,0.2587263572,471
2,Oesophagus,528,The Netherlands,2,1,2016,2.221866263,5.556719839,0.267475863,477
2,Oesophagus,528,The Netherlands,2,1,2017,2.245221042,5.908176511,0.2761833166,510
2,Oesophagus,528,The Netherlands,2,1,2018,2.191083953,6.0329071,0.2542490391,526
2,Oesophagus,528,The Netherlands,2,1,2019,2.066749966,5.877433124,0.2500604449,517
2,Oesophagus,528,The Netherlands,2,1,2020,2.035838079,5.985021547,0.2411984436,527
2,Oesophagus,528,The Netherlands,2,1,2021,1.975890019,5.487610472,0.2273962342,484
2,Oesophagus,528,The Netherlands,2,1,2022,2.32051992,6.55038295,0.2665382072,583
2,Oesophagus,528,The Netherlands,2,1,2023,1.993497051,6.161894776,0.2199258431,554
2,Oesophagus,554,New Zealand,1,0,1983,5.348439554,6.113346433,0.6446236361,98
2,Oesophagus,554,New Zealand,1,0,1984,4.827028213,5.499394449,0.5322127493,89
2,Oesophagus,554,New Zealand,1,0,1985,6.01433415,6.943420341,0.8410645417,113
2,Oesophagus,554,New Zealand,1,0,1986,4.310175208,4.987961155,0.5560322787,81
2,Oesophagus,554,New Zealand,1,0,1987,6.135255197,7.444698703,0.783782704,122
2,Oesophagus,554,New Zealand,1,0,1988,5.080744355,6.132845944,0.6007201483,101
2,Oesophagus,554,New Zealand,1,0,1989,5.928057524,7.318873015,0.7398679402,121
2,Oesophagus,554,New Zealand,1,0,1990,6.854979263,8.194711121,0.8225938343,137
2,Oesophagus,554,New Zealand,1,0,1991,5.303931785,6.489877594,0.6554160706,108
2,Oesophagus,554,New Zealand,1,0,1992,3.921087359,4.865082944,0.5184889846,82
2,Oesophagus,554,New Zealand,1,0,1993,6.063311099,8.060044473,0.6878623336,141
2,Oesophagus,554,New Zealand,1,0,1994,5.565298524,7.046938246,0.7371532089,125
2,Oesophagus,554,New Zealand,1,0,1995,6.185284841,7.994182012,0.7997017522,144
2,Oesophagus,554,New Zealand,1,0,1996,4.981147707,6.772033685,0.6072977496,124
2,Oesophagus,554,New Zealand,1,0,1997,5.551655337,7.3882726,0.7471044201,137
2,Oesophagus,554,New Zealand,1,0,1998,4.04553124,5.51138127,0.4794471387,103
2,Oesophagus,554,New Zealand,1,0,1999,5.576947299,7.773772569,0.6329603124,146
2,Oesophagus,554,New Zealand,1,0,2000,5.522501451,7.786016949,0.6604445051,147
2,Oesophagus,554,New Zealand,1,0,2001,5.279242753,7.554811733,0.628832675,144
2,Oesophagus,554,New Zealand,1,0,2002,5.430018225,7.956559253,0.642824516,154
2,Oesophagus,554,New Zealand,1,0,2003,5.659752538,8.116430191,0.622793375,160
2,Oesophagus,554,New Zealand,1,0,2004,6.01783284,9.057789699,0.639816084,181
2,Oesophagus,554,New Zealand,1,0,2005,4.908552121,7.334539237,0.5853517754,148
2,Oesophagus,554,New Zealand,1,0,2006,5.339341437,7.855459544,0.6743734883,161
2,Oesophagus,554,New Zealand,1,0,2007,5.720025272,9.50785967,0.6551885066,197
2,Oesophagus,554,New Zealand,1,0,2008,5.717639009,9.270077004,0.6488799836,194
2,Oesophagus,554,New Zealand,1,0,2009,4.819264915,8.123323384,0.568241082,172
2,Oesophagus,554,New Zealand,1,0,2010,5.642005334,9.466031867,0.660673703,203
2,Oesophagus,554,New Zealand,1,0,2011,5.129968248,8.641045428,0.6135763886,187
2,Oesophagus,554,New Zealand,1,0,2012,5.729848821,9.728697823,0.6627435737,212
2,Oesophagus,554,New Zealand,1,0,2013,5.620658007,10.17469631,0.6713988365,221
2,Oesophagus,554,New Zealand,1,0,2014,4.91633226,8.837625625,0.5859430959,195
2,Oesophagus,554,New Zealand,1,0,2015,5.38327657,9.514113342,0.666000197,214
2,Oesophagus,554,New Zealand,1,0,2016,4.161317579,7.618815427,0.4893238551,175
2,Oesophagus,554,New Zealand,1,0,2017,4.639769116,8.498879984,0.5594232738,199
2,Oesophagus,554,New Zealand,1,1,1951,4.293287635,5.001242656,0.4643822474,49
2,Oesophagus,554,New Zealand,1,1,1952,4.9901776,5.77761751,0.5212038749,58
2,Oesophagus,554,New Zealand,1,1,1953,4.142709473,4.857021432,0.5520007364,50
2,Oesophagus,554,New Zealand,1,1,1954,3.684630885,3.891857617,0.374142402,41
2,Oesophagus,554,New Zealand,1,1,1955,3.789521728,4.089105322,0.4527054004,44
2,Oesophagus,554,New Zealand,1,1,1956,3.349750267,4.004953399,0.351705734,44
2,Oesophagus,554,New Zealand,1,1,1957,3.305186708,4.273732571,0.3423377036,48
2,Oesophagus,554,New Zealand,1,1,1958,4.234322486,4.52540077,0.4759782172,52
2,Oesophagus,554,New Zealand,1,1,1959,2.754923519,2.9832427,0.3013873961,35
2,Oesophagus,554,New Zealand,1,1,1960,3.392783615,3.762842267,0.4117089329,45
2,Oesophagus,554,New Zealand,1,1,1961,4.271143125,4.422068414,0.4754523051,54
2,Oesophagus,554,New Zealand,1,1,1962,2.96640493,3.364377728,0.2801566066,42
2,Oesophagus,554,New Zealand,1,1,1963,3.382717637,3.452586183,0.363432476,44
2,Oesophagus,554,New Zealand,1,1,1964,3.550976978,3.695256791,0.3333646006,48
2,Oesophagus,554,New Zealand,1,1,1965,3.589071286,3.629316713,0.4761536807,48
2,Oesophagus,554,New Zealand,1,1,1966,4.380712512,4.608507304,0.5397719773,62
2,Oesophagus,554,New Zealand,1,1,1967,4.755501939,4.690749512,0.6236871722,64
2,Oesophagus,554,New Zealand,1,1,1968,3.852990857,3.992647721,0.4160540694,55
2,Oesophagus,554,New Zealand,1,1,1969,3.532552368,3.666794765,0.3733981736,51
2,Oesophagus,554,New Zealand,1,1,1970,4.304309756,4.469161192,0.4894058539,63
2,Oesophagus,554,New Zealand,1,1,1971,3.658286648,3.840209578,0.3205383947,55
2,Oesophagus,554,New Zealand,1,1,1972,3.767901912,3.840711958,0.3740108554,56
2,Oesophagus,554,New Zealand,1,1,1973,4.716488063,4.772186888,0.5461271303,71
2,Oesophagus,554,New Zealand,1,1,1974,5.54156599,5.663300954,0.6465994845,86
2,Oesophagus,554,New Zealand,1,1,1975,5.115848661,5.309137479,0.6220983461,82
2,Oesophagus,554,New Zealand,1,1,1976,5.096618495,5.255783605,0.6495927278,82
2,Oesophagus,554,New Zealand,1,1,1977,5.048854154,5.300371409,0.6109856518,83
2,Oesophagus,554,New Zealand,1,1,1978,4.715183003,4.918119694,0.5234764236,77
2,Oesophagus,554,New Zealand,1,1,1979,3.704127132,4.156791622,0.5028148884,65
2,Oesophagus,554,New Zealand,1,1,1980,4.422633748,4.792941722,0.4885496193,75
2,Oesophagus,554,New Zealand,1,1,1981,4.89401549,5.475973529,0.6299298934,86
2,Oesophagus,554,New Zealand,1,1,1982,5.552619724,6.384717136,0.7189983765,101
2,Oesophagus,554,New Zealand,1,1,1983,4.211683654,4.81899661,0.5045322928,77
2,Oesophagus,554,New Zealand,1,1,1984,4.031914329,4.653621635,0.4990912694,75
2,Oesophagus,554,New Zealand,1,1,1985,5.431025371,6.237900557,0.6173747674,101
2,Oesophagus,554,New Zealand,1,1,1986,4.47307555,5.232733518,0.5928649009,85
2,Oesophagus,554,New Zealand,1,1,1987,5.469213569,6.558438136,0.7296087629,107
2,Oesophagus,554,New Zealand,1,1,1988,5.072630105,6.352122586,0.6248064783,104
2,Oesophagus,554,New Zealand,1,1,1989,5.701419933,6.936660983,0.7204522814,114
2,Oesophagus,554,New Zealand,1,1,1990,5.36340535,6.635930154,0.6379524551,111
2,Oesophagus,554,New Zealand,1,1,1991,5.540375773,6.654196857,0.648309295,114
2,Oesophagus,554,New Zealand,1,1,1992,5.092563993,6.383681699,0.6235199455,111
2,Oesophagus,554,New Zealand,1,1,1993,6.042424459,7.954326259,0.7374011469,140
2,Oesophagus,554,New Zealand,1,1,1994,6.013063328,7.790903364,0.756265617,139
2,Oesophagus,554,New Zealand,1,1,1995,6.200005279,8.170805161,0.7213990975,148
2,Oesophagus,554,New Zealand,1,1,1996,5.085359197,6.743334024,0.6486458612,124
2,Oesophagus,554,New Zealand,1,1,1997,5.829377993,7.737089404,0.7541033357,144
2,Oesophagus,554,New Zealand,1,1,1998,4.050519319,5.544476968,0.529522065,104
2,Oesophagus,554,New Zealand,1,1,1999,4.258003698,5.994348337,0.4380594683,113
2,Oesophagus,554,New Zealand,1,1,2000,4.6229125,6.706490193,0.5620147848,127
2,Oesophagus,554,New Zealand,1,1,2001,4.717966613,7.124107719,0.4982968937,136
2,Oesophagus,554,New Zealand,1,1,2002,4.14604587,6.089456699,0.4550988736,118
2,Oesophagus,554,New Zealand,1,1,2003,4.275028221,6.539463125,0.4755174815,129
2,Oesophagus,554,New Zealand,1,1,2004,4.479573279,6.594101576,0.4924813722,132
2,Oesophagus,554,New Zealand,1,1,2005,4.161800441,6.418545449,0.4666719685,130
2,Oesophagus,554,New Zealand,1,1,2006,4.096350877,6.302180774,0.5249453357,129
2,Oesophagus,554,New Zealand,1,1,2007,4.957766426,7.937931186,0.5790541853,164
2,Oesophagus,554,New Zealand,1,1,2008,4.530642924,7.388328887,0.5564827734,154
2,Oesophagus,554,New Zealand,1,1,2009,4.416390976,7.743364934,0.4739607808,163
2,Oesophagus,554,New Zealand,1,1,2010,3.752450192,6.538073578,0.4399919142,139
2,Oesophagus,554,New Zealand,1,1,2011,4.751508732,8.120730054,0.5135154651,174
2,Oesophagus,554,New Zealand,1,1,2012,4.152932368,7.46513123,0.4421513586,161
2,Oesophagus,554,New Zealand,1,1,2013,4.150779336,7.800709314,0.4284831301,170
2,Oesophagus,554,New Zealand,1,1,2014,4.458757608,8.336649217,0.537921274,185
2,Oesophagus,554,New Zealand,1,1,2015,4.32576182,7.65901704,0.516613656,174
2,Oesophagus,554,New Zealand,1,1,2016,3.26331632,6.227519193,0.3700175418,145
2,Oesophagus,554,New Zealand,1,1,2017,3.498017494,6.71661449,0.4042716263,160
2,Oesophagus,554,New Zealand,1,1,2018,3.619660375,7.120025731,0.3959264151,173
2,Oesophagus,554,New Zealand,2,0,1983,2.691615449,4.067771539,0.2750362465,66
2,Oesophagus,554,New Zealand,2,0,1984,2.13491286,3.41490484,0.2307865716,56
2,Oesophagus,554,New Zealand,2,0,1985,1.860838162,3.027770713,0.2049735894,50
2,Oesophagus,554,New Zealand,2,0,1986,2.626855093,4.170847589,0.3225498932,69
2,Oesophagus,554,New Zealand,2,0,1987,2.287454424,3.892238876,0.2624096792,65
2,Oesophagus,554,New Zealand,2,0,1988,2.117853736,3.752010005,0.2238834881,63
2,Oesophagus,554,New Zealand,2,0,1989,2.54108296,4.201805001,0.2586757102,71
2,Oesophagus,554,New Zealand,2,0,1990,2.115371767,3.74836741,0.1999232079,64
2,Oesophagus,554,New Zealand,2,0,1991,2.984984119,4.965611679,0.3071245145,85
2,Oesophagus,554,New Zealand,2,0,1992,1.99854464,3.693060508,0.2134185042,64
2,Oesophagus,554,New Zealand,2,0,1993,2.235336688,3.93051296,0.2370394563,71
2,Oesophagus,554,New Zealand,2,0,1994,2.594108297,4.699710367,0.2715705693,86
2,Oesophagus,554,New Zealand,2,0,1995,1.880730538,3.501023376,0.1835516716,65
2,Oesophagus,554,New Zealand,2,0,1996,2.199266939,3.820337994,0.2601446956,72
2,Oesophagus,554,New Zealand,2,0,1997,1.71483812,3.406744305,0.154445647,65
2,Oesophagus,554,New Zealand,2,0,1998,1.524976887,3.014521679,0.1460266281,58
2,Oesophagus,554,New Zealand,2,0,1999,2.026115776,3.876489864,0.2217314423,75
2,Oesophagus,554,New Zealand,2,0,2000,2.049152759,4.113237426,0.2196901237,80
2,Oesophagus,554,New Zealand,2,0,2001,1.890736338,3.78803184,0.1991599481,75
2,Oesophagus,554,New Zealand,2,0,2002,2.16434582,4.086555233,0.2605066237,82
2,Oesophagus,554,New Zealand,2,0,2003,2.521343639,4.906073228,0.3046806231,100
2,Oesophagus,554,New Zealand,2,0,2004,1.776815182,3.488135495,0.209885658,72
2,Oesophagus,554,New Zealand,2,0,2005,1.72185895,3.457034345,0.1876553339,72
2,Oesophagus,554,New Zealand,2,0,2006,2.395833365,4.818938898,0.2439854406,103
2,Oesophagus,554,New Zealand,2,0,2007,1.749376146,4.03007268,0.1536789873,87
2,Oesophagus,554,New Zealand,2,0,2008,1.980427475,4.136580702,0.1743022893,90
2,Oesophagus,554,New Zealand,2,0,2009,2.012503149,3.912977207,0.2483632492,86
2,Oesophagus,554,New Zealand,2,0,2010,2.084705903,4.318488529,0.23434832,96
2,Oesophagus,554,New Zealand,2,0,2011,1.80603307,3.615006293,0.2151666499,81
2,Oesophagus,554,New Zealand,2,0,2012,2.055996222,4.259917065,0.2259730581,96
2,Oesophagus,554,New Zealand,2,0,2013,1.85620631,4.097078739,0.1905889276,93
2,Oesophagus,554,New Zealand,2,0,2014,1.574161956,3.525203026,0.1704819498,81
2,Oesophagus,554,New Zealand,2,0,2015,1.809042816,4.108964605,0.1866120515,96
2,Oesophagus,554,New Zealand,2,0,2016,1.597541491,3.569284002,0.190156661,85
2,Oesophagus,554,New Zealand,2,0,2017,1.959237061,4.166486188,0.2237329933,101
2,Oesophagus,554,New Zealand,2,1,1951,2.348962655,3.191109363,0.2764337837,31
2,Oesophagus,554,New Zealand,2,1,1952,2.668682159,3.320342076,0.3216397558,33
2,Oesophagus,554,New Zealand,2,1,1953,1.926322442,2.651442802,0.1727353024,27
2,Oesophagus,554,New Zealand,2,1,1954,2.127463478,2.688018494,0.2252774685,28
2,Oesophagus,554,New Zealand,2,1,1955,2.454594769,3.290580853,0.2344562054,35
2,Oesophagus,554,New Zealand,2,1,1956,1.820561145,2.301595558,0.227783464,25
2,Oesophagus,554,New Zealand,2,1,1957,1.131991099,1.710867067,0.115933347,19
2,Oesophagus,554,New Zealand,2,1,1958,1.333879106,1.848713603,0.1332571543,21
2,Oesophagus,554,New Zealand,2,1,1959,1.949653735,2.757996574,0.190993155,32
2,Oesophagus,554,New Zealand,2,1,1960,1.735864177,2.196732614,0.197718547,26
2,Oesophagus,554,New Zealand,2,1,1961,1.972758778,2.730434164,0.2029670789,33
2,Oesophagus,554,New Zealand,2,1,1962,1.578371352,2.184410349,0.1959425451,27
2,Oesophagus,554,New Zealand,2,1,1963,1.978590258,2.611363785,0.2105558578,33
2,Oesophagus,554,New Zealand,2,1,1964,1.893049737,2.480991342,0.2140611656,32
2,Oesophagus,554,New Zealand,2,1,1965,1.716045457,2.131010735,0.1946822433,28
2,Oesophagus,554,New Zealand,2,1,1966,1.504863719,2.24341921,0.1564855192,30
2,Oesophagus,554,New Zealand,2,1,1967,2.117552223,3.090434957,0.1903493349,42
2,Oesophagus,554,New Zealand,2,1,1968,1.935076419,2.541769442,0.2368882581,35
2,Oesophagus,554,New Zealand,2,1,1969,1.936394324,2.43983125,0.2233239534,34
2,Oesophagus,554,New Zealand,2,1,1970,2.079736041,2.902619933,0.2223709609,41
2,Oesophagus,554,New Zealand,2,1,1971,1.59120803,2.090662995,0.1879951557,30
2,Oesophagus,554,New Zealand,2,1,1972,1.92574116,3.011234986,0.1836632558,44
2,Oesophagus,554,New Zealand,2,1,1973,1.821506678,2.749463519,0.168257832,41
2,Oesophagus,554,New Zealand,2,1,1974,2.030934242,2.823964557,0.2189010004,43
2,Oesophagus,554,New Zealand,2,1,1975,1.97257589,2.775043965,0.1755031565,43
2,Oesophagus,554,New Zealand,2,1,1976,2.379984008,3.383454207,0.2457867281,53
2,Oesophagus,554,New Zealand,2,1,1977,2.193881771,3.176207411,0.2153357884,50
2,Oesophagus,554,New Zealand,2,1,1978,2.026521494,2.981090058,0.2195672267,47
2,Oesophagus,554,New Zealand,2,1,1979,2.429416461,3.929286781,0.2710269955,62
2,Oesophagus,554,New Zealand,2,1,1980,1.666034087,2.529202808,0.1808905107,40
2,Oesophagus,554,New Zealand,2,1,1981,1.729105061,2.705521308,0.1836139639,43
2,Oesophagus,554,New Zealand,2,1,1982,2.038474205,3.2434715,0.226107066,52
2,Oesophagus,554,New Zealand,2,1,1983,2.171123351,3.39205599,0.2200600778,55
2,Oesophagus,554,New Zealand,2,1,1984,1.837905902,2.807994238,0.2025757525,46
2,Oesophagus,554,New Zealand,2,1,1985,1.980155292,3.153629995,0.244407459,52
2,Oesophagus,554,New Zealand,2,1,1986,1.602479253,3.017286639,0.1690886908,50
2,Oesophagus,554,New Zealand,2,1,1987,1.880975368,3.177539949,0.2350700125,53
2,Oesophagus,554,New Zealand,2,1,1988,2.308112075,4.229266764,0.2555597535,71
2,Oesophagus,554,New Zealand,2,1,1989,1.770554275,3.194540412,0.1990494524,54
2,Oesophagus,554,New Zealand,2,1,1990,2.238051331,3.885710243,0.21967322,67
2,Oesophagus,554,New Zealand,2,1,1991,2.14750444,3.677050847,0.2106640739,65
2,Oesophagus,554,New Zealand,2,1,1992,1.965086179,3.512810047,0.2222745466,63
2,Oesophagus,554,New Zealand,2,1,1993,2.105674261,3.804669377,0.2269099978,69
2,Oesophagus,554,New Zealand,2,1,1994,1.807961024,3.429694128,0.1815909676,63
2,Oesophagus,554,New Zealand,2,1,1995,2.043504075,4.025545575,0.1861479491,75
2,Oesophagus,554,New Zealand,2,1,1996,2.102250566,3.596883512,0.255898917,68
2,Oesophagus,554,New Zealand,2,1,1997,1.614021683,3.549458838,0.159595503,68
2,Oesophagus,554,New Zealand,2,1,1998,1.281607012,2.996439661,0.1051329452,58
2,Oesophagus,554,New Zealand,2,1,1999,1.506490614,3.024949941,0.1782895782,59
2,Oesophagus,554,New Zealand,2,1,2000,1.312016439,3.055167153,0.1024731725,60
2,Oesophagus,554,New Zealand,2,1,2001,1.770407,3.833057244,0.1505419638,76
2,Oesophagus,554,New Zealand,2,1,2002,1.593715804,3.327798592,0.1648436925,67
2,Oesophagus,554,New Zealand,2,1,2003,1.826687404,3.658630282,0.2082063084,75
2,Oesophagus,554,New Zealand,2,1,2004,1.733042447,3.55406733,0.1807482239,74
2,Oesophagus,554,New Zealand,2,1,2005,1.475764002,3.12851736,0.1477020342,66
2,Oesophagus,554,New Zealand,2,1,2006,1.709718665,3.700183065,0.1837686749,79
2,Oesophagus,554,New Zealand,2,1,2007,1.536533726,3.708449145,0.1278039421,80
2,Oesophagus,554,New Zealand,2,1,2008,1.515525225,3.444387268,0.1310839888,75
2,Oesophagus,554,New Zealand,2,1,2009,1.595748694,3.546621706,0.1467370183,78
2,Oesophagus,554,New Zealand,2,1,2010,1.742937217,3.690764357,0.1978554532,82
2,Oesophagus,554,New Zealand,2,1,2011,1.884849281,3.928508292,0.2219798339,88
2,Oesophagus,554,New Zealand,2,1,2012,1.334900193,2.926851333,0.1532276989,66
2,Oesophagus,554,New Zealand,2,1,2013,1.470415155,3.473196158,0.1523818555,79
2,Oesophagus,554,New Zealand,2,1,2014,1.440997153,3.385613573,0.1597717902,78
2,Oesophagus,554,New Zealand,2,1,2015,1.328024502,3.116731855,0.1266426335,73
2,Oesophagus,554,New Zealand,2,1,2016,1.179888719,2.933294781,0.1096303543,70
2,Oesophagus,554,New Zealand,2,1,2017,1.248153056,3.167943375,0.1276860147,77
2,Oesophagus,554,New Zealand,2,1,2018,1.495098422,3.156513922,0.1612014591,78
2,Oesophagus,558,Nicaragua,1,1,1988,1.24233601,0.4621594142,0.1656106984,9
2,Oesophagus,558,Nicaragua,1,1,1989,0.7535784547,0.3010197042,0.06997656873,6
2,Oesophagus,558,Nicaragua,1,1,1990,0.8570367799,0.3430358575,0.06697275716,7
2,Oesophagus,558,Nicaragua,1,1,1991,0.9732768503,0.3351479199,0.1560673837,7
2,Oesophagus,558,Nicaragua,1,1,1992,1.185933979,0.4679560103,0.08209828591,10
2,Oesophagus,558,Nicaragua,1,1,1993,1.233614757,0.4576703026,0.1692025767,10
2,Oesophagus,558,Nicaragua,1,1,1994,1.15238864,0.4927284479,0.06261270598,11
2,Oesophagus,558,Nicaragua,1,1,1995,1.212995072,0.4391178474,0.05145113493,10
2,Oesophagus,558,Nicaragua,1,1,1996,1.776028875,0.602898391,0.1053167106,14
2,Oesophagus,558,Nicaragua,1,1,1997,0.8972389299,0.3811454947,0.1146448623,9
2,Oesophagus,558,Nicaragua,1,1,1998,1.483563159,0.5421552841,0.110188536,13
2,Oesophagus,558,Nicaragua,1,1,1999,1.350289224,0.5344416832,0.1100325299,13
2,Oesophagus,558,Nicaragua,1,1,2000,1.304831332,0.4460746445,0.1025063662,11
2,Oesophagus,558,Nicaragua,1,1,2001,1.900950584,0.8407741849,0.1904345042,21
2,Oesophagus,558,Nicaragua,1,1,2002,0.8965234704,0.3560339245,0.08516831267,9
2,Oesophagus,558,Nicaragua,1,1,2003,0.6115482317,0.3128082872,0.09710834509,8
2,Oesophagus,558,Nicaragua,1,1,2004,0.9637469521,0.4637577206,0.1012809568,12
2,Oesophagus,558,Nicaragua,1,1,2005,1.032235076,0.5340804356,0.1130484476,14
2,Oesophagus,558,Nicaragua,1,1,2006,1.102420001,0.4888859305,0.08403189746,13
2,Oesophagus,558,Nicaragua,1,1,2007,0.7618840523,0.4077258866,0.07713011055,11
2,Oesophagus,558,Nicaragua,1,1,2008,0.9256173102,0.4384046892,0.0689708509,12
2,Oesophagus,558,Nicaragua,1,1,2009,0.7334294763,0.3961367306,0.06858248728,11
2,Oesophagus,558,Nicaragua,1,1,2010,1.203344506,0.6390032685,0.1762858718,18
2,Oesophagus,558,Nicaragua,1,1,2011,0.8836637443,0.5599617546,0.07466626516,16
2,Oesophagus,558,Nicaragua,1,1,2012,1.52737481,0.8971373383,0.1399188112,26
2,Oesophagus,558,Nicaragua,1,1,2013,0.8637552325,0.4763452074,0.1068907167,14
2,Oesophagus,558,Nicaragua,1,1,2014,0.8306549264,0.5704498903,0.06152686331,17
2,Oesophagus,558,Nicaragua,1,1,2015,0.6357717422,0.3971670077,0.06825024035,12
2,Oesophagus,558,Nicaragua,1,1,2016,0.8445174985,0.5550311781,0.08918309252,17
2,Oesophagus,558,Nicaragua,1,1,2017,1.079132049,0.7408335537,0.09702403521,23
2,Oesophagus,558,Nicaragua,1,1,2018,0.7675879014,0.5085191256,0.0613908186,16
2,Oesophagus,558,Nicaragua,1,1,2019,1.009191938,0.6587274327,0.09460557729,21
2,Oesophagus,558,Nicaragua,1,1,2020,0.7344926731,0.526642373,0.06505915664,17
2,Oesophagus,558,Nicaragua,1,1,2021,0.6237629367,0.3673625329,0.07399853081,12
2,Oesophagus,558,Nicaragua,1,1,2022,0.4715068548,0.3022050086,0.05498263598,10
2,Oesophagus,558,Nicaragua,2,1,1988,0.1088672364,0.04938420367,0.02721310566,1
2,Oesophagus,558,Nicaragua,2,1,1989,0.272120992,0.1447006289,0.03154646177,3
2,Oesophagus,558,Nicaragua,2,1,1990,0.03139728379,0.04712639724,0.001744278331,1
2,Oesophagus,558,Nicaragua,2,1,1991,0.6345037113,0.230307977,0.02917469349,5
2,Oesophagus,558,Nicaragua,2,1,1992,0.2491517648,0.1351308743,0.02188231681,3
2,Oesophagus,558,Nicaragua,2,1,1993,0.1944393168,0.1322312884,0.002942275497,3
2,Oesophagus,558,Nicaragua,2,1,1994,0.1686980726,0.08632421563,0.02108503587,2
2,Oesophagus,558,Nicaragua,2,1,1995,0.1642993387,0.08466135247,0.01713338523,2
2,Oesophagus,558,Nicaragua,2,1,1996,0.5548944774,0.2491840261,0.04362414816,6
2,Oesophagus,558,Nicaragua,2,1,1997,0.2888025754,0.1225354546,0.02694254728,3
2,Oesophagus,558,Nicaragua,2,1,1998,0.3071472554,0.1609128263,0.01779074521,4
2,Oesophagus,558,Nicaragua,2,1,1999,0.5626662618,0.3569200654,0.03642354293,9
2,Oesophagus,558,Nicaragua,2,1,2000,0.118069601,0.07822635814,0.007134245087,2
2,Oesophagus,558,Nicaragua,2,1,2001,0.3796825633,0.154432403,0.02358292844,4
2,Oesophagus,558,Nicaragua,2,1,2002,0.338722194,0.2288276283,0.03465880681,6
2,Oesophagus,558,Nicaragua,2,1,2003,0.2120011654,0.1507449817,0.0201162262,4
2,Oesophagus,558,Nicaragua,2,1,2004,0.2868431656,0.1861953293,0.02262643201,5
2,Oesophagus,558,Nicaragua,2,1,2005,0.1743220008,0.1470169885,0.01124277798,4
2,Oesophagus,558,Nicaragua,2,1,2006,0.2928239592,0.2174108398,0.0294527988,6
2,Oesophagus,558,Nicaragua,2,1,2007,0.2654854885,0.1786127647,0.03410550941,5
2,Oesophagus,558,Nicaragua,2,1,2008,0.2622682903,0.1408749319,0.03058492719,4
2,Oesophagus,558,Nicaragua,2,1,2009,0.156306655,0.1388996922,0.01669754544,4
2,Oesophagus,558,Nicaragua,2,1,2010,0.09805054738,0.06847992374,0.007885378139,2
2,Oesophagus,558,Nicaragua,2,1,2011,0.2346754737,0.1688213333,0.02793916531,5
2,Oesophagus,558,Nicaragua,2,1,2012,0.1341389769,0.1331921497,0.008756921924,4
2,Oesophagus,558,Nicaragua,2,1,2013,0.2959477324,0.2627431236,0.02694579664,8
2,Oesophagus,558,Nicaragua,2,1,2014,0.2198544385,0.194401811,0.01657496045,6
2,Oesophagus,558,Nicaragua,2,1,2015,0.1367147643,0.1278763793,0.008872004203,4
2,Oesophagus,558,Nicaragua,2,1,2016,0.4093077229,0.3154798053,0.05938020413,10
2,Oesophagus,558,Nicaragua,2,1,2017,0.1540897799,0.1245476973,0.01359458124,4
2,Oesophagus,558,Nicaragua,2,1,2018,0.2575741419,0.2151404806,0.02969070046,7
2,Oesophagus,558,Nicaragua,2,1,2019,0.1091842549,0.09102789611,0.01599993486,3
2,Oesophagus,558,Nicaragua,2,1,2020,0.4369232639,0.3595752338,0.04372677351,12
2,Oesophagus,558,Nicaragua,2,1,2021,0.2654042911,0.2368115223,0.02860238737,8
2,Oesophagus,558,Nicaragua,2,1,2022,0.2079476604,0.1753544571,0.03377540249,6
2,Oesophagus,56,Belgium,1,1,1955,3.457336461,4.887114537,0.3700665241,213
2,Oesophagus,56,Belgium,1,1,1956,3.599104935,5.107508494,0.3945277141,224
2,Oesophagus,56,Belgium,1,1,1957,3.817482731,5.499106112,0.4359944495,243
2,Oesophagus,56,Belgium,1,1,1958,3.240209682,4.720586252,0.3472490914,210
2,Oesophagus,56,Belgium,1,1,1959,3.998655119,5.662742289,0.4363055464,253
2,Oesophagus,56,Belgium,1,1,1960,4.30148414,6.312113887,0.4832946249,282
2,Oesophagus,56,Belgium,1,1,1961,3.827165565,5.616975749,0.4647645459,252
2,Oesophagus,56,Belgium,1,1,1962,3.136270782,4.765070922,0.3562077701,215
2,Oesophagus,56,Belgium,1,1,1963,3.632866569,5.23468086,0.4070467252,238
2,Oesophagus,56,Belgium,1,1,1964,3.754829126,5.551443375,0.408106743,255
2,Oesophagus,56,Belgium,1,1,1965,3.926207648,5.7374574,0.4333110539,266
2,Oesophagus,56,Belgium,1,1,1966,3.820727801,5.553649541,0.4168334411,259
2,Oesophagus,56,Belgium,1,1,1967,4.135687579,6.084802938,0.4932277198,285
2,Oesophagus,56,Belgium,1,1,1968,3.73001881,5.429344007,0.4127654794,255
2,Oesophagus,56,Belgium,1,1,1969,4.006429543,5.738454018,0.4544134871,270
2,Oesophagus,56,Belgium,1,1,1970,3.355106194,4.962147719,0.3733392031,234
2,Oesophagus,56,Belgium,1,1,1971,3.693278523,5.323981155,0.4210755512,252
2,Oesophagus,56,Belgium,1,1,1972,3.715774623,5.49207752,0.469598727,261
2,Oesophagus,56,Belgium,1,1,1973,4.003795799,5.705774999,0.4879364858,272
2,Oesophagus,56,Belgium,1,1,1974,3.753944296,5.215315013,0.4674715621,249
2,Oesophagus,56,Belgium,1,1,1975,3.843575331,5.647362827,0.4424852225,271
2,Oesophagus,56,Belgium,1,1,1976,3.695753061,5.388312148,0.4108854569,259
2,Oesophagus,56,Belgium,1,1,1977,3.805349082,5.612022199,0.4524630648,270
2,Oesophagus,56,Belgium,1,1,1978,4.8326889,6.95901452,0.5411311096,335
2,Oesophagus,56,Belgium,1,1,1979,4.030878147,5.813470642,0.4854085177,280
2,Oesophagus,56,Belgium,1,1,1980,4.570524792,6.598605578,0.5208895258,318
2,Oesophagus,56,Belgium,1,1,1981,4.010610269,5.945327928,0.453736948,286
2,Oesophagus,56,Belgium,1,1,1982,4.196985863,6.169761934,0.5122352059,297
2,Oesophagus,56,Belgium,1,1,1983,4.603535645,6.669298373,0.536582941,321
2,Oesophagus,56,Belgium,1,1,1984,4.564353717,6.632706103,0.5396764136,319
2,Oesophagus,56,Belgium,1,1,1985,4.834841382,7.190656303,0.5437900342,346
2,Oesophagus,56,Belgium,1,1,1986,4.611339932,6.810207005,0.5570840404,328
2,Oesophagus,56,Belgium,1,1,1987,5.18010718,7.927120297,0.5871972441,382
2,Oesophagus,56,Belgium,1,1,1988,4.771667197,7.114052321,0.5388237959,344
2,Oesophagus,56,Belgium,1,1,1989,4.940371768,7.374752802,0.527083759,358
2,Oesophagus,56,Belgium,1,1,1990,5.122823113,7.576535326,0.5678624369,369
2,Oesophagus,56,Belgium,1,1,1991,4.604647599,6.973129933,0.5236327403,341
2,Oesophagus,56,Belgium,1,1,1992,4.572143118,6.963533077,0.5340859256,342
2,Oesophagus,56,Belgium,1,1,1993,5.571069655,8.436251546,0.6273238595,416
2,Oesophagus,56,Belgium,1,1,1994,5.586128355,8.671045983,0.6410806743,429
2,Oesophagus,56,Belgium,1,1,1995,5.506031582,8.493725538,0.6547318738,421
2,Oesophagus,56,Belgium,1,1,1996,5.29267559,8.539281399,0.6122550872,424
2,Oesophagus,56,Belgium,1,1,1997,5.639954902,8.910289675,0.6812159666,443
2,Oesophagus,56,Belgium,1,1,1998,5.831414218,9.2819146,0.6817404645,463
2,Oesophagus,56,Belgium,1,1,1999,5.279096898,8.500227806,0.6408546514,425
2,Oesophagus,56,Belgium,1,1,2000,5.305259753,8.599323786,0.6364074402,431
2,Oesophagus,56,Belgium,1,1,2001,5.244312833,8.608076085,0.6035374371,433
2,Oesophagus,56,Belgium,1,1,2002,5.434050666,9.159985779,0.6387376757,463
2,Oesophagus,56,Belgium,1,1,2003,5.382492226,9.178593668,0.6222072813,466
2,Oesophagus,56,Belgium,1,1,2004,5.550437679,9.53081242,0.6757113099,486
2,Oesophagus,56,Belgium,1,1,2005,5.211258137,9.049103086,0.6387631242,464
2,Oesophagus,56,Belgium,1,1,2006,5.020055404,8.890837943,0.6046998888,459
2,Oesophagus,56,Belgium,1,1,2007,5.314139472,9.590871489,0.6339869807,499
2,Oesophagus,56,Belgium,1,1,2008,5.383187452,9.816094048,0.6425531372,515
2,Oesophagus,56,Belgium,1,1,2009,5.084156846,9.356499648,0.6258249993,495
2,Oesophagus,56,Belgium,1,1,2010,5.411948187,10.16523974,0.653137623,540
2,Oesophagus,56,Belgium,1,1,2011,4.931151462,9.200776494,0.6087531731,497
2,Oesophagus,56,Belgium,1,1,2012,5.076283018,9.428113387,0.6460617819,514
2,Oesophagus,56,Belgium,1,1,2013,5.583231685,10.71472491,0.7040621863,589
2,Oesophagus,56,Belgium,1,1,2014,5.122257328,10.19672249,0.6122743147,563
2,Oesophagus,56,Belgium,1,1,2015,5.086303563,9.997720736,0.6281727433,554
2,Oesophagus,56,Belgium,1,1,2016,5.186431123,10.42270412,0.6249985902,583
2,Oesophagus,56,Belgium,1,1,2017,4.463512242,9.621994845,0.5227796397,539
2,Oesophagus,56,Belgium,1,1,2018,4.766635705,10.01860014,0.6052370422,564
2,Oesophagus,56,Belgium,1,1,2019,5.028786556,10.683323,0.6240546959,605
2,Oesophagus,56,Belgium,1,1,2020,4.504604686,9.928205892,0.5632808941,565
2,Oesophagus,56,Belgium,1,1,2021,4.501251664,9.970150768,0.5488109181,570
2,Oesophagus,56,Belgium,2,1,1955,1.006509166,1.818262451,0.09992067053,82
2,Oesophagus,56,Belgium,2,1,1956,1.087726649,1.873030563,0.1128484457,85
2,Oesophagus,56,Belgium,2,1,1957,1.16226125,2.100334741,0.09924399273,96
2,Oesophagus,56,Belgium,2,1,1958,1.091059463,2.041791563,0.1087200318,94
2,Oesophagus,56,Belgium,2,1,1959,1.135192341,2.070884656,0.1286037507,96
2,Oesophagus,56,Belgium,2,1,1960,1.171782976,2.192888163,0.1212199369,102
2,Oesophagus,56,Belgium,2,1,1961,0.9869896349,1.85921272,0.0926320077,87
2,Oesophagus,56,Belgium,2,1,1962,0.9763511903,1.912249017,0.07833596354,90
2,Oesophagus,56,Belgium,2,1,1963,0.99615561,2.005658067,0.1076707298,95
2,Oesophagus,56,Belgium,2,1,1964,1.170576177,2.283391989,0.1087085983,109
2,Oesophagus,56,Belgium,2,1,1965,0.9525397094,1.849619685,0.09922845238,89
2,Oesophagus,56,Belgium,2,1,1966,1.066622088,2.064239121,0.1174678006,100
2,Oesophagus,56,Belgium,2,1,1967,0.8539162156,1.641867624,0.0897262329,80
2,Oesophagus,56,Belgium,2,1,1968,0.9387373702,1.880198647,0.09867532977,92
2,Oesophagus,56,Belgium,2,1,1969,1.067707178,2.037738925,0.100557558,100
2,Oesophagus,56,Belgium,2,1,1970,0.8488626435,1.808208046,0.07941527889,89
2,Oesophagus,56,Belgium,2,1,1971,1.130010592,2.327888099,0.1198994711,115
2,Oesophagus,56,Belgium,2,1,1972,0.9184665435,1.895619908,0.09017743738,94
2,Oesophagus,56,Belgium,2,1,1973,1.050089812,2.170985185,0.09454851837,108
2,Oesophagus,56,Belgium,2,1,1974,0.8427204532,1.82653901,0.07317456649,91
2,Oesophagus,56,Belgium,2,1,1975,0.8384771401,1.819163185,0.08394700191,91
2,Oesophagus,56,Belgium,2,1,1976,0.9115980332,2.055354898,0.09345872465,103
2,Oesophagus,56,Belgium,2,1,1977,0.9108179117,1.852921839,0.09166101454,93
2,Oesophagus,56,Belgium,2,1,1978,1.150766216,2.508361204,0.1117106019,126
2,Oesophagus,56,Belgium,2,1,1979,1.064500877,2.404562707,0.1018189945,121
2,Oesophagus,56,Belgium,2,1,1980,1.20178039,2.482128674,0.1279626092,125
2,Oesophagus,56,Belgium,2,1,1981,0.849579075,1.964870497,0.07914856246,99
2,Oesophagus,56,Belgium,2,1,1982,1.10023509,2.418955091,0.1063235966,122
2,Oesophagus,56,Belgium,2,1,1983,0.971667412,2.18041983,0.104935239,110
2,Oesophagus,56,Belgium,2,1,1984,1.003340754,2.280162586,0.09075672652,115
2,Oesophagus,56,Belgium,2,1,1985,1.021545708,2.338300571,0.1010310814,118
2,Oesophagus,56,Belgium,2,1,1986,1.06414036,2.456126451,0.1150799404,124
2,Oesophagus,56,Belgium,2,1,1987,1.280230322,2.850751292,0.1324316867,144
2,Oesophagus,56,Belgium,2,1,1988,1.108861587,2.585764478,0.1137956972,131
2,Oesophagus,56,Belgium,2,1,1989,1.109715121,2.439360258,0.1285944205,124
2,Oesophagus,56,Belgium,2,1,1990,0.9810763633,2.570088874,0.101703606,131
2,Oesophagus,56,Belgium,2,1,1991,1.088310354,2.385374914,0.1312472881,122
2,Oesophagus,56,Belgium,2,1,1992,1.231693248,2.746503565,0.137892642,141
2,Oesophagus,56,Belgium,2,1,1993,1.067131559,2.542455119,0.1120784709,131
2,Oesophagus,56,Belgium,2,1,1994,0.9275815281,2.167308474,0.1036195057,112
2,Oesophagus,56,Belgium,2,1,1995,1.149917932,2.683345881,0.1184063209,139
2,Oesophagus,56,Belgium,2,1,1996,1.402459398,3.101306787,0.1618794799,161
2,Oesophagus,56,Belgium,2,1,1997,1.050861842,2.616166447,0.1058661928,136
2,Oesophagus,56,Belgium,2,1,1998,1.281413715,3.0298306,0.1392071393,158
2,Oesophagus,56,Belgium,2,1,1999,1.222251652,2.831690984,0.1294348904,148
2,Oesophagus,56,Belgium,2,1,2000,1.316947139,2.920271436,0.1509700081,153
2,Oesophagus,56,Belgium,2,1,2001,1.225742993,2.872678148,0.1505762298,151
2,Oesophagus,56,Belgium,2,1,2002,1.303128576,3.145007982,0.1400546563,166
2,Oesophagus,56,Belgium,2,1,2003,1.49120867,3.415673071,0.1677163276,181
2,Oesophagus,56,Belgium,2,1,2004,1.429481119,3.231936949,0.1579040997,172
2,Oesophagus,56,Belgium,2,1,2005,1.324405319,3.270386186,0.1505734679,175
2,Oesophagus,56,Belgium,2,1,2006,1.362569272,3.175281971,0.1514024873,171
2,Oesophagus,56,Belgium,2,1,2007,1.318989815,3.466814289,0.1495235147,188
2,Oesophagus,56,Belgium,2,1,2008,1.188977379,3.056649228,0.1383060477,167
2,Oesophagus,56,Belgium,2,1,2009,1.406545884,3.305446504,0.1685276081,182
2,Oesophagus,56,Belgium,2,1,2010,1.368072384,3.527698038,0.165834967,195
2,Oesophagus,56,Belgium,2,1,2011,1.389843352,3.339929844,0.165060717,187
2,Oesophagus,56,Belgium,2,1,2012,1.403013352,3.561890957,0.1526722452,201
2,Oesophagus,56,Belgium,2,1,2013,1.182340082,3.150671815,0.1411310632,179
2,Oesophagus,56,Belgium,2,1,2014,1.444837298,3.662874628,0.1716368669,209
2,Oesophagus,56,Belgium,2,1,2015,1.376938326,3.511180139,0.1750414368,201
2,Oesophagus,56,Belgium,2,1,2016,1.311663578,3.594560648,0.1465380379,207
2,Oesophagus,56,Belgium,2,1,2017,1.359815025,3.446831072,0.1770972065,199
2,Oesophagus,56,Belgium,2,1,2018,1.129269205,3.104766196,0.1368958093,180
2,Oesophagus,56,Belgium,2,1,2019,1.401528687,3.879189675,0.1802087067,226
2,Oesophagus,56,Belgium,2,1,2020,1.055367784,3.12940286,0.1198641979,183
2,Oesophagus,56,Belgium,2,1,2021,1.188026092,3.169116854,0.140509005,186
2,Oesophagus,578,Norway,1,0,1953,3.257560456,4.070803241,0.4086061526,68
2,Oesophagus,578,Norway,1,0,1954,3.525575379,4.561130402,0.4329227164,77
2,Oesophagus,578,Norway,1,0,1955,3.535845805,4.571732684,0.4465827215,78
2,Oesophagus,578,Norway,1,0,1956,2.963306166,3.946482219,0.3086958296,68
2,Oesophagus,578,Norway,1,0,1957,3.169575332,4.197747247,0.4294350562,73
2,Oesophagus,578,Norway,1,0,1958,2.711302615,3.646861833,0.3095502401,64
2,Oesophagus,578,Norway,1,0,1959,3.20488169,4.40633156,0.4246412626,78
2,Oesophagus,578,Norway,1,0,1960,3.38076425,4.707330154,0.3637647748,84
2,Oesophagus,578,Norway,1,0,1961,3.525093632,4.781305319,0.4597039415,86
2,Oesophagus,578,Norway,1,0,1962,3.625350745,5.018826113,0.4560294506,91
2,Oesophagus,578,Norway,1,0,1963,2.663547053,3.776912555,0.3288218314,69
2,Oesophagus,578,Norway,1,0,1964,2.531303724,3.748319368,0.2898976629,69
2,Oesophagus,578,Norway,1,0,1965,3.099456601,4.527867407,0.388232319,84
2,Oesophagus,578,Norway,1,0,1966,2.827377884,4.119721239,0.4048226551,77
2,Oesophagus,578,Norway,1,0,1967,2.645031335,3.980206169,0.3030564414,75
2,Oesophagus,578,Norway,1,0,1968,2.62138705,4.051028225,0.3165283855,77
2,Oesophagus,578,Norway,1,0,1969,2.606871854,4.070869666,0.3079159895,78
2,Oesophagus,578,Norway,1,0,1970,2.570098382,3.888860515,0.3039171676,75
2,Oesophagus,578,Norway,1,0,1971,2.988503605,4.688209591,0.3695212039,91
2,Oesophagus,578,Norway,1,0,1972,2.856611713,4.346333216,0.3655386948,85
2,Oesophagus,578,Norway,1,0,1973,1.97659876,3.098431584,0.2360016368,61
2,Oesophagus,578,Norway,1,0,1974,2.496973104,3.837678326,0.290593987,76
2,Oesophagus,578,Norway,1,0,1975,3.151156772,4.822808266,0.3739146449,96
2,Oesophagus,578,Norway,1,0,1976,2.945799817,4.302173673,0.3541015254,86
2,Oesophagus,578,Norway,1,0,1977,2.590045707,4.186374398,0.3114279412,84
2,Oesophagus,578,Norway,1,0,1978,3.103518683,5.017051767,0.4020340208,101
2,Oesophagus,578,Norway,1,0,1979,2.535385409,4.160246762,0.3155525542,84
2,Oesophagus,578,Norway,1,0,1980,2.238012432,3.852384527,0.2375663543,78
2,Oesophagus,578,Norway,1,0,1981,2.883184664,4.678531916,0.3623285151,95
2,Oesophagus,578,Norway,1,0,1982,2.61554624,4.320079607,0.3258964388,88
2,Oesophagus,578,Norway,1,0,1983,2.874883256,4.69897785,0.3656270986,96
2,Oesophagus,578,Norway,1,0,1984,2.15651636,3.369460625,0.2826227251,69
2,Oesophagus,578,Norway,1,0,1985,2.801724674,4.139787473,0.3292640048,85
2,Oesophagus,578,Norway,1,0,1986,2.521947239,3.980756441,0.3435930133,82
2,Oesophagus,578,Norway,1,0,1987,2.898173513,4.783099714,0.3550201346,99
2,Oesophagus,578,Norway,1,0,1988,3.323286542,5.283081939,0.4349789187,110
2,Oesophagus,578,Norway,1,0,1989,2.817356627,4.209154816,0.3535428542,88
2,Oesophagus,578,Norway,1,0,1990,3.236472299,5.292930314,0.413354225,111
2,Oesophagus,578,Norway,1,0,1991,3.522918272,5.220255636,0.4917638339,110
2,Oesophagus,578,Norway,1,0,1992,3.101741093,4.858743817,0.3618144148,103
2,Oesophagus,578,Norway,1,0,1993,3.724428501,5.393365082,0.5193504547,115
2,Oesophagus,578,Norway,1,0,1994,2.29693197,3.731085727,0.2649234515,80
2,Oesophagus,578,Norway,1,0,1995,3.487980471,5.799227497,0.4016535538,125
2,Oesophagus,578,Norway,1,0,1996,3.260261463,4.939016988,0.4543549578,107
2,Oesophagus,578,Norway,1,0,1997,3.644340515,5.599862298,0.465989526,122
2,Oesophagus,578,Norway,1,0,1998,3.456963656,5.656076348,0.4399604751,124
2,Oesophagus,578,Norway,1,0,1999,3.653258322,5.977314732,0.4696448431,132
2,Oesophagus,578,Norway,1,0,2000,2.825472983,4.585876265,0.348757749,102
2,Oesophagus,578,Norway,1,0,2001,3.239647415,5.45466536,0.3733612095,122
2,Oesophagus,578,Norway,1,0,2002,3.500740279,5.380119923,0.4944054756,121
2,Oesophagus,578,Norway,1,0,2003,3.745843721,6.05503987,0.4731382593,137
2,Oesophagus,578,Norway,1,0,2004,3.973037938,6.50103808,0.4892360181,148
2,Oesophagus,578,Norway,1,0,2005,3.480050611,5.756586658,0.4097075462,132
2,Oesophagus,578,Norway,1,0,2006,3.923017531,6.309735858,0.5180985671,146
2,Oesophagus,578,Norway,1,0,2007,3.287070226,5.591745389,0.4116840347,131
2,Oesophagus,578,Norway,1,0,2008,3.953418378,6.645995378,0.4937045359,158
2,Oesophagus,578,Norway,1,0,2009,3.694955208,6.13877998,0.4743664197,148
2,Oesophagus,578,Norway,1,0,2010,4.38148573,7.611095914,0.5584154564,186
2,Oesophagus,578,Norway,1,0,2011,4.184245343,7.218149412,0.5215378416,179
2,Oesophagus,578,Norway,1,0,2012,3.968761015,6.951645743,0.4445011332,175
2,Oesophagus,578,Norway,1,0,2013,4.237709946,7.798811054,0.5068717441,199
2,Oesophagus,578,Norway,1,0,2014,4.750956245,8.594228163,0.5702533544,222
2,Oesophagus,578,Norway,1,0,2015,4.750545726,8.575910688,0.6310609971,224
2,Oesophagus,578,Norway,1,0,2016,4.360350001,8.076991552,0.5347115442,213
2,Oesophagus,578,Norway,1,0,2017,4.201317998,8.086508338,0.5209242643,215
2,Oesophagus,578,Norway,1,0,2018,4.679091231,8.85411666,0.5703367028,237
2,Oesophagus,578,Norway,1,0,2019,4.449223703,8.717207304,0.6113742368,235
2,Oesophagus,578,Norway,1,0,2020,5.540404798,10.9107912,0.7241936493,296
2,Oesophagus,578,Norway,1,0,2021,4.442384934,9.309841987,0.5199993492,254
2,Oesophagus,578,Norway,1,0,2022,4.695261798,10.21297877,0.5739172759,281
2,Oesophagus,578,Norway,1,0,2023,3.951217163,8.487395139,0.5158005389,236
2,Oesophagus,578,Norway,1,1,1952,3.087638666,4.057655039,0.3524855437,67
2,Oesophagus,578,Norway,1,1,1953,3.07449712,3.835320908,0.3792871761,64
2,Oesophagus,578,Norway,1,1,1954,3.196919097,4.211400439,0.4111852484,71
2,Oesophagus,578,Norway,1,1,1955,3.672757067,4.805719979,0.4659520648,82
2,Oesophagus,578,Norway,1,1,1956,3.083122004,4.120002321,0.314417456,71
2,Oesophagus,578,Norway,1,1,1957,2.769932682,3.620897753,0.3091657826,63
2,Oesophagus,578,Norway,1,1,1958,2.519282712,3.360482998,0.3209106752,59
2,Oesophagus,578,Norway,1,1,1959,2.730940197,3.839421828,0.313652373,68
2,Oesophagus,578,Norway,1,1,1960,3.264025038,4.479032529,0.4004828717,80
2,Oesophagus,578,Norway,1,1,1961,3.153306903,4.447656641,0.3631304342,80
2,Oesophagus,578,Norway,1,1,1962,3.350874072,4.522640781,0.4058203189,82
2,Oesophagus,578,Norway,1,1,1963,3.122151319,4.433254885,0.3758336691,81
2,Oesophagus,578,Norway,1,1,1964,1.789934597,2.715767748,0.1764317381,50
2,Oesophagus,578,Norway,1,1,1965,2.970078118,4.258760108,0.3797222283,79
2,Oesophagus,578,Norway,1,1,1966,2.507500117,3.743715905,0.3407712139,70
2,Oesophagus,578,Norway,1,1,1967,2.246256369,3.499840916,0.2679571319,66
2,Oesophagus,578,Norway,1,1,1968,2.714959073,4.209418574,0.2934334848,80
2,Oesophagus,578,Norway,1,1,1969,2.867294627,4.436788809,0.3328262003,85
2,Oesophagus,578,Norway,1,1,1970,2.211844441,3.578466964,0.2531706444,69
2,Oesophagus,578,Norway,1,1,1971,2.307900433,3.451828954,0.2624628762,67
2,Oesophagus,578,Norway,1,1,1972,2.597299238,4.090816118,0.2835211513,80
2,Oesophagus,578,Norway,1,1,1973,2.689295559,4.051658648,0.3721576813,80
2,Oesophagus,578,Norway,1,1,1974,1.93076292,3.029843963,0.2291784849,60
2,Oesophagus,578,Norway,1,1,1975,2.96331052,4.571715649,0.3048924514,91
2,Oesophagus,578,Norway,1,1,1976,2.356849269,3.60198109,0.3090789164,72
2,Oesophagus,578,Norway,1,1,1977,2.83029129,4.386183522,0.3610885385,88
2,Oesophagus,578,Norway,1,1,1978,2.59282374,4.172876304,0.346113258,84
2,Oesophagus,578,Norway,1,1,1979,2.384745997,4.011291041,0.2790348681,81
2,Oesophagus,578,Norway,1,1,1980,2.437637678,4.148557882,0.2680204384,84
2,Oesophagus,578,Norway,1,1,1981,2.720999158,4.481213375,0.3459859373,91
2,Oesophagus,578,Norway,1,1,1982,2.782800957,4.664408111,0.311063367,95
2,Oesophagus,578,Norway,1,1,1983,2.445550638,4.013901806,0.308492614,82
2,Oesophagus,578,Norway,1,1,1984,2.350264782,3.662467038,0.3067156125,75
2,Oesophagus,578,Norway,1,1,1985,2.233590415,3.506550431,0.2648339987,72
2,Oesophagus,578,Norway,1,1,1986,2.148266109,3.446769261,0.2637061314,71
2,Oesophagus,578,Norway,1,1,1987,2.627386165,4.251002367,0.3068318153,88
2,Oesophagus,578,Norway,1,1,1988,2.835599428,4.75481485,0.3447929359,99
2,Oesophagus,578,Norway,1,1,1989,2.82770003,4.25674383,0.3642214521,89
2,Oesophagus,578,Norway,1,1,1990,3.003087088,4.62499404,0.3885778247,97
2,Oesophagus,578,Norway,1,1,1991,3.401844627,5.268153773,0.4427298003,111
2,Oesophagus,578,Norway,1,1,1992,2.970429153,4.812001698,0.3731249229,102
2,Oesophagus,578,Norway,1,1,1993,3.152208535,4.736225088,0.3872167342,101
2,Oesophagus,578,Norway,1,1,1994,2.778637242,4.429730486,0.3742852522,95
2,Oesophagus,578,Norway,1,1,1995,3.073528197,5.149378363,0.3488586343,111
2,Oesophagus,578,Norway,1,1,1996,2.482428205,4.200516987,0.3027184576,91
2,Oesophagus,578,Norway,1,1,1997,3.15534951,5.003442736,0.4142935496,109
2,Oesophagus,578,Norway,1,1,1998,2.975380387,4.697619265,0.3832515613,103
2,Oesophagus,578,Norway,1,1,1999,3.128627745,5.298063626,0.3669297769,117
2,Oesophagus,578,Norway,1,1,2000,2.833866715,4.742849477,0.3453457423,105
2,Oesophagus,578,Norway,1,1,2001,2.259652687,4.023921768,0.2504902461,90
2,Oesophagus,578,Norway,1,1,2002,3.298283531,5.20225431,0.4356841575,117
2,Oesophagus,578,Norway,1,1,2003,3.123014852,5.08267973,0.387246607,115
2,Oesophagus,578,Norway,1,1,2004,3.518456104,6.017737831,0.4492354547,137
2,Oesophagus,578,Norway,1,1,2005,3.376542625,5.887309055,0.4044458477,135
2,Oesophagus,578,Norway,1,1,2006,3.337249686,5.661461867,0.4070680849,131
2,Oesophagus,578,Norway,1,1,2007,3.39624143,6.018578198,0.4303886754,141
2,Oesophagus,578,Norway,1,1,2008,3.17881754,5.510274559,0.4063934974,131
2,Oesophagus,578,Norway,1,1,2009,2.847248078,4.852954443,0.356395489,117
2,Oesophagus,578,Norway,1,1,2010,3.735010203,6.751760675,0.4487029526,165
2,Oesophagus,578,Norway,1,1,2011,3.095144981,5.847092483,0.3715652014,145
2,Oesophagus,578,Norway,1,1,2012,3.383463473,6.117448253,0.3973377906,154
2,Oesophagus,578,Norway,1,1,2013,3.410582439,6.309590852,0.385113927,161
2,Oesophagus,578,Norway,1,1,2014,3.43194448,6.58116571,0.4049620545,170
2,Oesophagus,578,Norway,1,1,2015,3.178990819,6.125632902,0.3646448747,160
2,Oesophagus,578,Norway,1,1,2016,3.272763106,6.332664738,0.412087047,167
2,Oesophagus,578,Norway,2,0,1953,1.067054746,1.478890903,0.1512408903,25
2,Oesophagus,578,Norway,2,0,1954,1.007444999,1.582586392,0.09143286821,27
2,Oesophagus,578,Norway,2,0,1955,1.019281242,1.625956774,0.1228987605,28
2,Oesophagus,578,Norway,2,0,1956,0.7291350841,1.266020919,0.0717383906,22
2,Oesophagus,578,Norway,2,0,1957,0.6339595859,1.026863901,0.08905786925,18
2,Oesophagus,578,Norway,2,0,1958,0.9405463295,1.47053833,0.1129444159,26
2,Oesophagus,578,Norway,2,0,1959,0.8209775872,1.290196637,0.07184778678,23
2,Oesophagus,578,Norway,2,0,1960,0.8683996191,1.502681452,0.09324259046,27
2,Oesophagus,578,Norway,2,0,1961,0.638009832,1.049069972,0.08941357644,19
2,Oesophagus,578,Norway,2,0,1962,0.8597182844,1.588393119,0.07304921954,29
2,Oesophagus,578,Norway,2,0,1963,0.8526119832,1.576388527,0.09204934618,29
2,Oesophagus,578,Norway,2,0,1964,1.115867032,1.996208822,0.10772733,37
2,Oesophagus,578,Norway,2,0,1965,0.8383820249,1.552471253,0.08662156575,29
2,Oesophagus,578,Norway,2,0,1966,0.9669687574,1.857795322,0.1098776221,35
2,Oesophagus,578,Norway,2,0,1967,0.8974772434,1.683267896,0.09390843097,32
2,Oesophagus,578,Norway,2,0,1968,0.5755294643,0.9904961891,0.05778943036,19
2,Oesophagus,578,Norway,2,0,1969,0.9071025279,1.705492902,0.1010582936,33
2,Oesophagus,578,Norway,2,0,1970,0.7074549691,1.488094474,0.09363794535,29
2,Oesophagus,578,Norway,2,0,1971,0.7264479464,1.478083965,0.07042638234,29
2,Oesophagus,578,Norway,2,0,1972,0.6837904496,1.416049147,0.06781868145,28
2,Oesophagus,578,Norway,2,0,1973,0.7251806561,1.455915019,0.09323740515,29
2,Oesophagus,578,Norway,2,0,1974,0.7921561686,1.795606152,0.07847922329,36
2,Oesophagus,578,Norway,2,0,1975,0.6801381382,1.48752561,0.06205337959,30
2,Oesophagus,578,Norway,2,0,1976,0.6785682379,1.529231507,0.08086572492,31
2,Oesophagus,578,Norway,2,0,1977,0.706860983,1.522073378,0.0837472074,31
2,Oesophagus,578,Norway,2,0,1978,0.9451880763,2.053251066,0.09548283799,42
2,Oesophagus,578,Norway,2,0,1979,0.5423778481,1.217489381,0.0532854879,25
2,Oesophagus,578,Norway,2,0,1980,0.614091664,1.310107235,0.07400288916,27
2,Oesophagus,578,Norway,2,0,1981,0.6169008691,1.546528768,0.07581578957,32
2,Oesophagus,578,Norway,2,0,1982,0.8043714007,1.925124682,0.08956587115,40
2,Oesophagus,578,Norway,2,0,1983,0.7113095851,1.438549137,0.07486615583,30
2,Oesophagus,578,Norway,2,0,1984,0.7506862958,1.672805464,0.08905135975,35
2,Oesophagus,578,Norway,2,0,1985,0.7977796787,1.762517027,0.09475697113,37
2,Oesophagus,578,Norway,2,0,1986,0.6100272024,1.424037564,0.06228025887,30
2,Oesophagus,578,Norway,2,0,1987,0.9843116644,1.98454043,0.1318132649,42
2,Oesophagus,578,Norway,2,0,1988,0.8256077399,1.645224688,0.1030587405,35
2,Oesophagus,578,Norway,2,0,1989,0.7277951525,1.591596371,0.07740663311,34
2,Oesophagus,578,Norway,2,0,1990,0.9619229111,1.865379306,0.1001584984,40
2,Oesophagus,578,Norway,2,0,1991,0.8985648831,2.088597857,0.1065474725,45
2,Oesophagus,578,Norway,2,0,1992,0.6156414248,1.477029196,0.06753514515,32
2,Oesophagus,578,Norway,2,0,1993,0.7731924366,1.697942071,0.09350560598,37
2,Oesophagus,578,Norway,2,0,1994,1.015636848,2.463806005,0.1137776311,54
2,Oesophagus,578,Norway,2,0,1995,0.8249439606,1.906036918,0.1032721084,42
2,Oesophagus,578,Norway,2,0,1996,0.6908045675,1.444816585,0.09211057498,32
2,Oesophagus,578,Norway,2,0,1997,0.9282343768,2.155819489,0.1216944402,48
2,Oesophagus,578,Norway,2,0,1998,1.205091518,2.277668819,0.1457787111,51
2,Oesophagus,578,Norway,2,0,1999,0.9037764246,2.041211619,0.1077673416,46
2,Oesophagus,578,Norway,2,0,2000,1.03723849,2.470501768,0.1086781015,56
2,Oesophagus,578,Norway,2,0,2001,1.117932233,2.239657886,0.1311448149,51
2,Oesophagus,578,Norway,2,0,2002,0.9327732759,2.053174153,0.09117809747,47
2,Oesophagus,578,Norway,2,0,2003,1.117021166,2.432375086,0.147534383,56
2,Oesophagus,578,Norway,2,0,2004,1.120814987,2.289070273,0.1283876099,53
2,Oesophagus,578,Norway,2,0,2005,1.132470066,2.5748139,0.1359091481,60
2,Oesophagus,578,Norway,2,0,2006,0.9048056774,1.874899863,0.1071084778,44
2,Oesophagus,578,Norway,2,0,2007,0.9613644525,2.324192285,0.1085476635,55
2,Oesophagus,578,Norway,2,0,2008,1.146254234,2.46775192,0.1219686391,59
2,Oesophagus,578,Norway,2,0,2009,1.00418526,2.192054588,0.1302700212,53
2,Oesophagus,578,Norway,2,0,2010,1.060488254,2.494426898,0.1108785308,61
2,Oesophagus,578,Norway,2,0,2011,1.135013724,2.385546821,0.1490375815,59
2,Oesophagus,578,Norway,2,0,2012,1.292640709,2.838656748,0.1479253153,71
2,Oesophagus,578,Norway,2,0,2013,1.063637568,2.412502776,0.1407447616,61
2,Oesophagus,578,Norway,2,0,2014,1.29188593,2.779626512,0.1596347344,71
2,Oesophagus,578,Norway,2,0,2015,1.271146113,2.986897219,0.1559326028,77
2,Oesophagus,578,Norway,2,0,2016,1.164951532,2.770263758,0.1344118547,72
2,Oesophagus,578,Norway,2,0,2017,1.346033038,2.902738218,0.1758022961,76
2,Oesophagus,578,Norway,2,0,2018,1.354703047,2.997882319,0.16858004,79
2,Oesophagus,578,Norway,2,0,2019,1.329285341,3.280445884,0.1662531127,87
2,Oesophagus,578,Norway,2,0,2020,1.45284307,3.600138605,0.1841868988,96
2,Oesophagus,578,Norway,2,0,2021,1.38393155,3.395491981,0.1739813665,91
2,Oesophagus,578,Norway,2,0,2022,1.277519334,3.215403186,0.1541947934,87
2,Oesophagus,578,Norway,2,0,2023,1.405983671,3.650968173,0.1613566354,100
2,Oesophagus,578,Norway,2,1,1952,1.070916835,1.730826619,0.1380282815,29
2,Oesophagus,578,Norway,2,1,1953,1.102910665,1.59706613,0.1394041576,27
2,Oesophagus,578,Norway,2,1,1954,1.18539002,1.758087201,0.143503593,30
2,Oesophagus,578,Norway,2,1,1955,0.7799515185,1.2191582,0.08410450842,21
2,Oesophagus,578,Norway,2,1,1956,0.7306797257,1.265531523,0.0735110453,22
2,Oesophagus,578,Norway,2,1,1957,1.003747118,1.596078208,0.1332449007,28
2,Oesophagus,578,Norway,2,1,1958,0.632220516,1.073810331,0.0572248171,19
2,Oesophagus,578,Norway,2,1,1959,0.7034126809,1.17693213,0.06069074661,21
2,Oesophagus,578,Norway,2,1,1960,0.600608495,1.0560249,0.06735007512,19
2,Oesophagus,578,Norway,2,1,1961,0.8268275602,1.325088339,0.09208165381,24
2,Oesophagus,578,Norway,2,1,1962,0.4815105543,0.8215576733,0.06951669858,15
2,Oesophagus,578,Norway,2,1,1963,0.7593305857,1.467710372,0.06141760864,27
2,Oesophagus,578,Norway,2,1,1964,0.9931543148,1.834268451,0.09260155959,34
2,Oesophagus,578,Norway,2,1,1965,0.7325924892,1.338401413,0.06967791373,25
2,Oesophagus,578,Norway,2,1,1966,0.9524339238,1.752336449,0.1158860364,33
2,Oesophagus,578,Norway,2,1,1967,0.6954143482,1.369213755,0.06379186608,26
2,Oesophagus,578,Norway,2,1,1968,0.7799696802,1.511834011,0.08900256675,29
2,Oesophagus,578,Norway,2,1,1969,0.7791502336,1.395637341,0.07480280251,27
2,Oesophagus,578,Norway,2,1,1970,0.8153287894,1.744842451,0.09607525494,34
2,Oesophagus,578,Norway,2,1,1971,0.4805857041,0.917477955,0.03865890126,18
2,Oesophagus,578,Norway,2,1,1972,0.7225936062,1.669026907,0.06359370615,33
2,Oesophagus,578,Norway,2,1,1973,0.7873677414,1.551163373,0.0963892731,31
2,Oesophagus,578,Norway,2,1,1974,0.6472322505,1.546057553,0.06880172704,31
2,Oesophagus,578,Norway,2,1,1975,0.7280211295,1.586750632,0.06060850433,32
2,Oesophagus,578,Norway,2,1,1976,0.5488345592,1.184015787,0.06033316827,24
2,Oesophagus,578,Norway,2,1,1977,0.6136073071,1.571169048,0.05452382441,32
2,Oesophagus,578,Norway,2,1,1978,0.6715375058,1.466920933,0.07037072977,30
2,Oesophagus,578,Norway,2,1,1979,0.6569001076,1.412291809,0.06073978294,29
2,Oesophagus,578,Norway,2,1,1980,0.46202028,1.115963125,0.06047410995,23
2,Oesophagus,578,Norway,2,1,1981,0.6926466044,1.691393225,0.06756581769,35
2,Oesophagus,578,Norway,2,1,1982,0.576673425,1.395706998,0.06931179121,29
2,Oesophagus,578,Norway,2,1,1983,0.613838581,1.438434983,0.07691834835,30
2,Oesophagus,578,Norway,2,1,1984,0.6545824831,1.481623094,0.07567264725,31
2,Oesophagus,578,Norway,2,1,1985,0.4648787819,1.04796837,0.06027717523,22
2,Oesophagus,578,Norway,2,1,1986,0.7252742834,1.708752611,0.06523556657,36
2,Oesophagus,578,Norway,2,1,1987,0.5266945495,1.275389702,0.0713072574,27
2,Oesophagus,578,Norway,2,1,1988,0.9451119884,2.115059222,0.09249898599,45
2,Oesophagus,578,Norway,2,1,1989,0.5531974928,1.076728618,0.06925218902,23
2,Oesophagus,578,Norway,2,1,1990,0.642891454,1.539035538,0.05802401877,33
2,Oesophagus,578,Norway,2,1,1991,0.7724392362,1.902993734,0.08252990249,41
2,Oesophagus,578,Norway,2,1,1992,0.6460720652,1.615434321,0.08584269348,35
2,Oesophagus,578,Norway,2,1,1993,0.5925764073,1.284698325,0.06919071201,28
2,Oesophagus,578,Norway,2,1,1994,0.7526286772,2.280813794,0.0697014966,50
2,Oesophagus,578,Norway,2,1,1995,0.5240301238,1.406469761,0.06096070037,31
2,Oesophagus,578,Norway,2,1,1996,0.7704899636,1.535196641,0.08999946825,34
2,Oesophagus,578,Norway,2,1,1997,0.8401448062,1.88636874,0.1276626976,42
2,Oesophagus,578,Norway,2,1,1998,0.7988846103,1.875669882,0.07877164403,42
2,Oesophagus,578,Norway,2,1,1999,0.8920851116,1.908085312,0.1146237401,43
2,Oesophagus,578,Norway,2,1,2000,0.7059754658,1.772948267,0.0731359596,40
2,Oesophagus,578,Norway,2,1,2001,0.847650238,2.107909139,0.1012342596,48
2,Oesophagus,578,Norway,2,1,2002,0.8029320261,1.703694352,0.08217620554,39
2,Oesophagus,578,Norway,2,1,2003,0.8448713259,1.998017619,0.08742065081,46
2,Oesophagus,578,Norway,2,1,2004,1.082633963,2.548162429,0.1280581631,59
2,Oesophagus,578,Norway,2,1,2005,1.033572513,2.446030693,0.1213736779,57
2,Oesophagus,578,Norway,2,1,2006,0.7978728533,1.960117573,0.08147711294,46
2,Oesophagus,578,Norway,2,1,2007,0.5138659198,1.648059093,0.04950173767,39
2,Oesophagus,578,Norway,2,1,2008,0.8154548996,1.965831342,0.09565085824,47
2,Oesophagus,578,Norway,2,1,2009,0.9098114192,2.109335547,0.1043699094,51
2,Oesophagus,578,Norway,2,1,2010,0.9834594548,2.330851726,0.1167293431,57
2,Oesophagus,578,Norway,2,1,2011,0.6549610723,1.5768821,0.07749085957,39
2,Oesophagus,578,Norway,2,1,2012,0.8760442256,2.039035129,0.09115538385,51
2,Oesophagus,578,Norway,2,1,2013,0.7993257085,1.89836284,0.08492473361,48
2,Oesophagus,578,Norway,2,1,2014,0.9194526661,2.192381474,0.1184640312,56
2,Oesophagus,578,Norway,2,1,2015,0.8385689503,2.172283831,0.09095867355,56
2,Oesophagus,578,Norway,2,1,2016,0.84384296,2.231601361,0.09549742665,58
2,Oesophagus,591,Panama,1,1,1996,1.169663008,0.7147375305,0.1363775579,10
2,Oesophagus,591,Panama,1,1,1997,0.5477580506,0.3503773213,0.07423111981,5
2,Oesophagus,591,Panama,1,1,1998,1.683920499,0.9619672505,0.1385374224,14
2,Oesophagus,591,Panama,1,1,1999,2.29725213,1.212885698,0.166517348,18
2,Oesophagus,591,Panama,1,1,2000,1.703402142,1.12350417,0.1427000169,17
2,Oesophagus,591,Panama,1,1,2001,1.570700245,1.102109827,0.1308491424,17
2,Oesophagus,591,Panama,1,1,2002,2.05691941,1.526531111,0.2151458358,24
2,Oesophagus,591,Panama,1,1,2003,2.562288432,1.622736283,0.3413042595,26
2,Oesophagus,591,Panama,1,1,2004,2.794423723,1.95994005,0.1956423427,32
2,Oesophagus,591,Panama,1,1,2005,2.125157327,1.623173629,0.2467389363,27
2,Oesophagus,591,Panama,1,1,2006,2.120085091,1.593736498,0.245403316,27
2,Oesophagus,591,Panama,1,1,2007,2.398219112,1.797052486,0.257907133,31
2,Oesophagus,591,Panama,1,1,2008,1.687261757,1.252670466,0.1464899792,22
2,Oesophagus,591,Panama,1,1,2009,2.26810639,1.845979317,0.2517916922,33
2,Oesophagus,591,Panama,1,1,2010,1.577507778,1.319205377,0.2360503826,24
2,Oesophagus,591,Panama,1,1,2011,1.42915487,1.242368884,0.1282684068,23
2,Oesophagus,591,Panama,1,1,2012,1.441575196,1.327142831,0.1239366817,25
2,Oesophagus,591,Panama,1,1,2013,2.421083599,2.139359997,0.3234823246,41
2,Oesophagus,591,Panama,1,1,2014,1.560296745,1.384913674,0.158901504,27
2,Oesophagus,591,Panama,1,1,2015,1.805172463,1.764675038,0.2045178939,35
2,Oesophagus,591,Panama,1,1,2016,1.406520568,1.387657481,0.1867167046,28
2,Oesophagus,591,Panama,1,1,2017,1.576435442,1.607782838,0.1338651927,33
2,Oesophagus,591,Panama,1,1,2018,1.064094502,1.054162889,0.120602036,22
2,Oesophagus,591,Panama,1,1,2019,1.425188036,1.509331442,0.1471145538,32
2,Oesophagus,591,Panama,1,1,2020,1.071362633,1.164376416,0.1071160428,25
2,Oesophagus,591,Panama,1,1,2021,1.034044406,1.149951357,0.09662392129,25
2,Oesophagus,591,Panama,1,1,2022,0.809107234,0.9994548428,0.05246257386,22
2,Oesophagus,591,Panama,2,1,1996,0.4161689279,0.2896219058,0.04198759559,4
2,Oesophagus,591,Panama,2,1,1997,0.2340184875,0.1418776802,0.03899547603,2
2,Oesophagus,591,Panama,2,1,1998,0.5531020022,0.4170831706,0.07678158545,6
2,Oesophagus,591,Panama,2,1,1999,0.9835216601,0.8175729122,0.08415684429,12
2,Oesophagus,591,Panama,2,1,2000,0.3324232491,0.2671573457,0.0355445526,4
2,Oesophagus,591,Panama,2,1,2001,0.3323916488,0.2619441627,0.03900977605,4
2,Oesophagus,591,Panama,2,1,2002,0.4393992705,0.3853198283,0.04630026193,6
2,Oesophagus,591,Panama,2,1,2003,0.4962141112,0.4409243286,0.0349786086,7
2,Oesophagus,591,Panama,2,1,2004,0.6132090019,0.4942997965,0.05566593115,8
2,Oesophagus,591,Panama,2,1,2005,0.4263554206,0.3637210114,0.04428437296,6
2,Oesophagus,591,Panama,2,1,2006,0.9135124888,0.7733988858,0.1008087835,13
2,Oesophagus,591,Panama,2,1,2007,0.3499154963,0.3503766257,0.0423729668,6
2,Oesophagus,591,Panama,2,1,2008,0.2512749053,0.2293049423,0.03437686887,4
2,Oesophagus,591,Panama,2,1,2009,0.6404993916,0.6754049052,0.06947223979,12
2,Oesophagus,591,Panama,2,1,2010,0.2816598751,0.2763565375,0.03860166763,5
2,Oesophagus,591,Panama,2,1,2011,0.2228109659,0.2171312189,0.02124876835,4
2,Oesophagus,591,Panama,2,1,2012,0.6691634162,0.6931459067,0.1198025231,13
2,Oesophagus,591,Panama,2,1,2013,0.4024100553,0.4714828818,0.02869079434,9
2,Oesophagus,591,Panama,2,1,2014,0.3740700867,0.4118353235,0.04243573956,8
2,Oesophagus,591,Panama,2,1,2015,0.4843809875,0.6070831426,0.03939772931,12
2,Oesophagus,591,Panama,2,1,2016,0.3723229219,0.4474724519,0.04792658632,9
2,Oesophagus,591,Panama,2,1,2017,0.3642860304,0.3909709176,0.06047571331,8
2,Oesophagus,591,Panama,2,1,2018,0.3750846656,0.4805622194,0.03874705722,10
2,Oesophagus,591,Panama,2,1,2019,0.2815007435,0.3783300135,0.03330507414,8
2,Oesophagus,591,Panama,2,1,2020,0.1301924251,0.1866559651,0.02039609204,4
2,Oesophagus,591,Panama,2,1,2021,0.1701807893,0.2302658696,0.02333998774,5
2,Oesophagus,591,Panama,2,1,2022,0.133063423,0.1818533952,0.01278846764,4
2,Oesophagus,600,Paraguay,1,1,1995,4.659457443,2.16239874,0.4313434128,50
2,Oesophagus,600,Paraguay,1,1,1996,4.070235492,1.94350526,0.3763951791,46
2,Oesophagus,600,Paraguay,1,1,1997,4.427671645,2.395710192,0.4887895168,58
2,Oesophagus,600,Paraguay,1,1,1998,3.851561377,1.980225228,0.4118496806,49
2,Oesophagus,600,Paraguay,1,1,1999,3.697861218,1.899752439,0.3885002899,48
2,Oesophagus,600,Paraguay,1,1,2000,5.054508966,2.600845352,0.5822166358,67
2,Oesophagus,600,Paraguay,1,1,2001,4.215854182,2.213732431,0.5585852049,58
2,Oesophagus,600,Paraguay,1,1,2002,3.707083915,2.069785256,0.4202997775,55
2,Oesophagus,600,Paraguay,1,1,2003,3.475789946,1.970317355,0.3974018157,53
2,Oesophagus,600,Paraguay,1,1,2004,3.525344743,2.058439086,0.4213355733,56
2,Oesophagus,600,Paraguay,1,1,2005,4.680641593,2.65444362,0.4539479576,73
2,Oesophagus,600,Paraguay,1,1,2006,4.345287852,2.555621206,0.4758282901,71
2,Oesophagus,600,Paraguay,1,1,2007,4.26020194,2.602707101,0.5088435889,73
2,Oesophagus,600,Paraguay,1,1,2008,3.808202433,2.366449259,0.4173622898,67
2,Oesophagus,600,Paraguay,1,1,2009,3.722663751,2.448050189,0.3753456101,70
2,Oesophagus,600,Paraguay,1,1,2010,4.125793621,2.69693597,0.4644967879,78
2,Oesophagus,600,Paraguay,1,1,2011,4.598231708,3.208235472,0.557898382,94
2,Oesophagus,600,Paraguay,1,1,2012,4.089215609,2.827699199,0.4829639749,84
2,Oesophagus,600,Paraguay,1,1,2013,4.14562701,2.954138657,0.5474146162,89
2,Oesophagus,600,Paraguay,1,1,2014,4.354535022,3.305296672,0.4326299849,101
2,Oesophagus,600,Paraguay,1,1,2015,5.2228024,3.871485397,0.5979285469,120
2,Oesophagus,600,Paraguay,1,1,2016,3.757311353,2.799187409,0.4769790032,88
2,Oesophagus,600,Paraguay,1,1,2017,4.144904069,3.199916175,0.4968327117,102
2,Oesophagus,600,Paraguay,1,1,2018,4.720105242,3.745036666,0.5771079621,121
2,Oesophagus,600,Paraguay,1,1,2019,4.06391044,3.237847876,0.4938476075,106
2,Oesophagus,600,Paraguay,1,1,2020,4.016946296,3.1656303,0.5121982775,105
2,Oesophagus,600,Paraguay,1,1,2021,3.98110894,3.248746699,0.4673844326,109
2,Oesophagus,600,Paraguay,2,1,1995,1.093195714,0.6615044331,0.05253588084,15
2,Oesophagus,600,Paraguay,2,1,1996,0.79105089,0.4739978769,0.08805761996,11
2,Oesophagus,600,Paraguay,2,1,1997,1.13100882,0.6741332542,0.1182747217,16
2,Oesophagus,600,Paraguay,2,1,1998,0.7500427096,0.4947312156,0.07457930834,12
2,Oesophagus,600,Paraguay,2,1,1999,1.063963723,0.6864555654,0.0975745575,17
2,Oesophagus,600,Paraguay,2,1,2000,0.7380946409,0.4752884654,0.06386299275,12
2,Oesophagus,600,Paraguay,2,1,2001,0.5670284072,0.4284023765,0.04079199894,11
2,Oesophagus,600,Paraguay,2,1,2002,1.314411332,0.8832404171,0.07601279889,23
2,Oesophagus,600,Paraguay,2,1,2003,0.7955950603,0.6068618246,0.07988766697,16
2,Oesophagus,600,Paraguay,2,1,2004,0.8068808083,0.5997751218,0.0661314141,16
2,Oesophagus,600,Paraguay,2,1,2005,0.9968310275,0.7042275708,0.06846338111,19
2,Oesophagus,600,Paraguay,2,1,2006,0.9013519597,0.6234052743,0.1189251146,17
2,Oesophagus,600,Paraguay,2,1,2007,0.8829850369,0.726054408,0.04845684656,20
2,Oesophagus,600,Paraguay,2,1,2008,1.197971731,0.8985283005,0.145652798,25
2,Oesophagus,600,Paraguay,2,1,2009,0.6189127748,0.4978985126,0.06283812605,14
2,Oesophagus,600,Paraguay,2,1,2010,1.046066635,0.8082084461,0.1526423487,23
2,Oesophagus,600,Paraguay,2,1,2011,0.7004652683,0.5893228905,0.06402158689,17
2,Oesophagus,600,Paraguay,2,1,2012,0.9295510304,0.8201216856,0.07957135063,24
2,Oesophagus,600,Paraguay,2,1,2013,0.9763211292,0.8418294975,0.09582249305,25
2,Oesophagus,600,Paraguay,2,1,2014,0.5710242622,0.5308367198,0.04972820781,16
2,Oesophagus,600,Paraguay,2,1,2015,0.5555100266,0.4902733846,0.07977481533,15
2,Oesophagus,600,Paraguay,2,1,2016,0.5933273249,0.5474411714,0.06540820591,17
2,Oesophagus,600,Paraguay,2,1,2017,0.4616562757,0.4442925387,0.04001102792,14
2,Oesophagus,600,Paraguay,2,1,2018,0.7339973566,0.7508356566,0.06773084422,24
2,Oesophagus,600,Paraguay,2,1,2019,0.6894960332,0.6170404672,0.1013632802,20
2,Oesophagus,600,Paraguay,2,1,2020,0.6300848709,0.6389067757,0.0690422244,21
2,Oesophagus,600,Paraguay,2,1,2021,0.784089078,0.7810054664,0.08848925047,26
2,Oesophagus,608,Philippines,1,0,1983,2.910916093,1.182034367,0.2494821809,22
2,Oesophagus,608,Philippines,1,0,1984,3.937229993,1.529816654,0.4965559997,29
2,Oesophagus,608,Philippines,1,0,1985,3.143705543,1.346058766,0.3795882303,26
2,Oesophagus,608,Philippines,1,0,1986,2.736821019,1.06735628,0.333754962,21
2,Oesophagus,608,Philippines,1,0,1987,3.278512461,1.446491535,0.3851479192,29
2,Oesophagus,608,Philippines,1,0,1988,3.360648524,1.272168141,0.4813571865,26
2,Oesophagus,608,Philippines,1,0,1989,3.749440205,1.583288154,0.4190010389,33
2,Oesophagus,608,Philippines,1,0,1990,2.62759179,1.222679003,0.3381472734,26
2,Oesophagus,608,Philippines,1,0,1991,2.94886515,1.277072803,0.3696722309,28
2,Oesophagus,608,Philippines,1,0,1992,2.943117348,1.371160254,0.3567636251,31
2,Oesophagus,608,Philippines,1,0,1993,2.435992434,0.9864466519,0.291816475,23
2,Oesophagus,608,Philippines,1,0,1994,3.107149798,1.247487871,0.3965514403,30
2,Oesophagus,608,Philippines,1,0,1995,3.131843377,1.249670954,0.4681286328,31
2,Oesophagus,608,Philippines,1,0,1996,3.082585849,1.406708829,0.3291048783,36
2,Oesophagus,608,Philippines,1,0,1997,3.675311451,1.514881247,0.3785653385,40
2,Oesophagus,608,Philippines,1,0,1998,3.552916944,1.732236408,0.3636863858,44
2,Oesophagus,608,Philippines,1,0,1999,2.708389516,1.28736981,0.360013795,33
2,Oesophagus,608,Philippines,1,0,2000,2.534114966,1.19313279,0.229326294,31
2,Oesophagus,608,Philippines,1,0,2001,2.47461248,1.207271547,0.3169690057,32
2,Oesophagus,608,Philippines,1,0,2002,4.11084396,2.033790505,0.6241410985,55
2,Oesophagus,608,Philippines,1,0,2003,3.755634129,1.956992552,0.4806362847,54
2,Oesophagus,608,Philippines,1,0,2004,2.470511216,1.349563132,0.2909248333,38
2,Oesophagus,608,Philippines,1,0,2005,2.068676957,0.9744136379,0.2463570416,28
2,Oesophagus,608,Philippines,1,0,2006,2.712701973,1.432097604,0.3593323739,42
2,Oesophagus,608,Philippines,1,0,2007,2.360722209,1.035581581,0.2317030336,31
2,Oesophagus,608,Philippines,1,0,2008,2.492368719,1.273575432,0.3049523335,39
2,Oesophagus,608,Philippines,1,0,2009,2.434580949,1.40259876,0.2676515421,44
2,Oesophagus,608,Philippines,1,0,2010,2.937586139,1.615697621,0.3661537295,52
2,Oesophagus,608,Philippines,1,0,2011,1.85512121,1.179309469,0.2453118507,39
2,Oesophagus,608,Philippines,1,0,2012,1.651177626,0.9695844302,0.2296642327,33
2,Oesophagus,608,Philippines,1,0,2013,1.96272826,1.245679051,0.2637182629,40
2,Oesophagus,608,Philippines,1,0,2014,2.340445151,1.382612936,0.3150150787,45
2,Oesophagus,608,Philippines,1,0,2015,2.318919167,1.424970023,0.2394405454,47
2,Oesophagus,608,Philippines,1,0,2016,2.573358388,1.443658085,0.373775126,48
2,Oesophagus,608,Philippines,1,0,2017,1.821768101,1.133831503,0.2718776678,38
2,Oesophagus,608,Philippines,1,1,1992,1.52106015,0.5622950684,0.1648491329,186
2,Oesophagus,608,Philippines,1,1,1993,1.803108659,0.6815983925,0.2016967491,231
2,Oesophagus,608,Philippines,1,1,1994,1.657724168,0.6209479536,0.1914804586,215
2,Oesophagus,608,Philippines,1,1,1995,1.940970014,0.7349115106,0.2380192436,260
2,Oesophagus,608,Philippines,1,1,1996,1.422928725,0.5413366308,0.1691201479,196
2,Oesophagus,608,Philippines,1,1,1997,1.563079713,0.5988257513,0.1735483636,222
2,Oesophagus,608,Philippines,1,1,1998,1.629223171,0.662381392,0.1983349008,252
2,Oesophagus,608,Philippines,1,1,1999,1.612096418,0.632413998,0.186409762,247
2,Oesophagus,608,Philippines,1,1,2000,1.407738181,0.5598944599,0.1524963056,224
2,Oesophagus,608,Philippines,1,1,2001,1.697190653,0.6844111167,0.2087476495,280
2,Oesophagus,608,Philippines,1,1,2002,1.606391928,0.666003538,0.1978618904,278
2,Oesophagus,608,Philippines,1,1,2003,1.787163244,0.7258788861,0.2210066027,309
2,Oesophagus,608,Philippines,1,1,2004,1.664423028,0.6873958339,0.2110986797,298
2,Oesophagus,608,Philippines,1,1,2005,1.551230997,0.6525439244,0.2019657375,288
2,Oesophagus,608,Philippines,1,1,2006,1.461784086,0.630038415,0.1954130766,283
2,Oesophagus,608,Philippines,1,1,2007,1.691710252,0.7640724968,0.2163854214,349
2,Oesophagus,608,Philippines,1,1,2008,1.632127105,0.7273555652,0.2080915826,338
2,Oesophagus,608,Philippines,1,1,2009,1.498912353,0.6597025617,0.1876771289,312
2,Oesophagus,608,Philippines,1,1,2010,1.566109319,0.7206089245,0.1958285156,348
2,Oesophagus,608,Philippines,1,1,2011,1.525885289,0.6961416562,0.1819630469,343
2,Oesophagus,608,Philippines,1,1,2012,1.389518212,0.6591950328,0.1675857331,331
2,Oesophagus,608,Philippines,1,1,2013,1.280605729,0.6314274624,0.1561185934,323
2,Oesophagus,608,Philippines,1,1,2014,1.200191667,0.6181002757,0.1478550959,322
2,Oesophagus,608,Philippines,1,1,2015,1.286875666,0.678102634,0.1592268016,358
2,Oesophagus,608,Philippines,1,1,2016,1.389016402,0.7496220064,0.1722838359,401
2,Oesophagus,608,Philippines,1,1,2017,1.204851238,0.6799668176,0.1467664312,368
2,Oesophagus,608,Philippines,1,1,2018,1.318912481,0.7713352237,0.150262165,422
2,Oesophagus,608,Philippines,1,1,2019,1.351022899,0.837284999,0.1567637085,463
2,Oesophagus,608,Philippines,2,0,1983,2.70597956,1.084321791,0.3782680906,22
2,Oesophagus,608,Philippines,2,0,1984,1.920791484,0.8262763661,0.2311813466,17
2,Oesophagus,608,Philippines,2,0,1985,2.786000199,1.197642082,0.3183744959,25
2,Oesophagus,608,Philippines,2,0,1986,2.2225855,0.9917603605,0.2194434916,21
2,Oesophagus,608,Philippines,2,0,1987,2.246456692,1.023754359,0.2581956381,22
2,Oesophagus,608,Philippines,2,0,1988,2.587229426,1.283205815,0.3540041338,28
2,Oesophagus,608,Philippines,2,0,1989,1.187397546,0.541331079,0.1536961695,12
2,Oesophagus,608,Philippines,2,0,1990,1.837925263,0.8876268807,0.218059626,20
2,Oesophagus,608,Philippines,2,0,1991,1.788997227,0.8199356566,0.1904003221,19
2,Oesophagus,608,Philippines,2,0,1992,1.118080336,0.5034792514,0.1659612679,12
2,Oesophagus,608,Philippines,2,0,1993,1.378755072,0.6118063951,0.2137779237,15
2,Oesophagus,608,Philippines,2,0,1994,1.183190086,0.5153921877,0.1876220096,13
2,Oesophagus,608,Philippines,2,0,1995,1.225791971,0.6165000062,0.1701079496,16
2,Oesophagus,608,Philippines,2,0,1996,1.852989663,0.9360950384,0.1745677565,25
2,Oesophagus,608,Philippines,2,0,1997,1.219138099,0.5821223672,0.1606430713,16
2,Oesophagus,608,Philippines,2,0,1998,0.7864303724,0.4927333206,0.09206171116,13
2,Oesophagus,608,Philippines,2,0,1999,0.5201203564,0.3011708015,0.06745984704,8
2,Oesophagus,608,Philippines,2,0,2000,0.920760355,0.5949673939,0.07820048154,16
2,Oesophagus,608,Philippines,2,0,2001,0.5719107579,0.327956905,0.04303372515,9
2,Oesophagus,608,Philippines,2,0,2002,0.996946665,0.5355666223,0.1166621331,15
2,Oesophagus,608,Philippines,2,0,2003,1.013622556,0.6296370143,0.111604981,18
2,Oesophagus,608,Philippines,2,0,2004,0.8250192865,0.4797205011,0.08792231594,14
2,Oesophagus,608,Philippines,2,0,2005,0.8095648451,0.5034315573,0.09181910925,15
2,Oesophagus,608,Philippines,2,0,2006,1.019776228,0.6573766203,0.1014575159,20
2,Oesophagus,608,Philippines,2,0,2007,0.7860056571,0.5149726694,0.08556106937,16
2,Oesophagus,608,Philippines,2,0,2008,0.852463448,0.5344735436,0.09373087951,17
2,Oesophagus,608,Philippines,2,0,2009,0.3887128358,0.2761356231,0.02733891824,9
2,Oesophagus,608,Philippines,2,0,2010,0.5711590404,0.4187788827,0.07188025792,14
2,Oesophagus,608,Philippines,2,0,2011,0.6215702492,0.4661348651,0.05607261921,16
2,Oesophagus,608,Philippines,2,0,2012,0.4673662509,0.3968208977,0.04803695645,14
2,Oesophagus,608,Philippines,2,0,2013,0.4267497282,0.3329274645,0.02289626475,11
2,Oesophagus,608,Philippines,2,0,2014,0.8048084344,0.5986023832,0.08972620848,20
2,Oesophagus,608,Philippines,2,0,2015,0.4337675847,0.3552174938,0.04676977494,12
2,Oesophagus,608,Philippines,2,0,2016,0.6072376046,0.5010028899,0.05449334938,17
2,Oesophagus,608,Philippines,2,0,2017,0.3099867656,0.2640708696,0.03352009544,9
2,Oesophagus,608,Philippines,2,1,1992,0.6517432925,0.3348818371,0.0693317851,110
2,Oesophagus,608,Philippines,2,1,1993,0.6052787022,0.3269946121,0.06566018461,110
2,Oesophagus,608,Philippines,2,1,1994,0.6100871811,0.3198156745,0.072081524,110
2,Oesophagus,608,Philippines,2,1,1995,0.7633628271,0.3980910058,0.09123667935,140
2,Oesophagus,608,Philippines,2,1,1996,0.6923321939,0.3696131523,0.08511023878,133
2,Oesophagus,608,Philippines,2,1,1997,0.5162679069,0.274186396,0.05452849966,101
2,Oesophagus,608,Philippines,2,1,1998,0.6775159648,0.3682463064,0.08452500451,139
2,Oesophagus,608,Philippines,2,1,1999,0.4705865999,0.2584208969,0.05638507621,100
2,Oesophagus,608,Philippines,2,1,2000,0.5954174424,0.3357071785,0.06234332062,133
2,Oesophagus,608,Philippines,2,1,2001,0.5725843339,0.3309426023,0.06696580664,134
2,Oesophagus,608,Philippines,2,1,2002,0.5615642932,0.3266600556,0.06767733761,135
2,Oesophagus,608,Philippines,2,1,2003,0.4420831403,0.2680090711,0.04460232566,113
2,Oesophagus,608,Philippines,2,1,2004,0.4274600303,0.2606336553,0.04280425694,112
2,Oesophagus,608,Philippines,2,1,2005,0.4457053856,0.2763715377,0.04343105412,121
2,Oesophagus,608,Philippines,2,1,2006,0.4674422655,0.2937806699,0.04460167513,131
2,Oesophagus,608,Philippines,2,1,2007,0.4750418966,0.2885533168,0.05589932471,131
2,Oesophagus,608,Philippines,2,1,2008,0.4462991793,0.2898589097,0.04755999747,134
2,Oesophagus,608,Philippines,2,1,2009,0.3669115487,0.2484592975,0.04204186609,117
2,Oesophagus,608,Philippines,2,1,2010,0.4474061638,0.291395693,0.04797540207,140
2,Oesophagus,608,Philippines,2,1,2011,0.2861498155,0.1960102401,0.03204737057,96
2,Oesophagus,608,Philippines,2,1,2012,0.3339935377,0.236589752,0.0373056743,118
2,Oesophagus,608,Philippines,2,1,2013,0.3883057907,0.2855809658,0.04291014927,145
2,Oesophagus,608,Philippines,2,1,2014,0.4495121151,0.3406098499,0.04960993589,176
2,Oesophagus,608,Philippines,2,1,2015,0.3914764072,0.2954797864,0.04246057328,155
2,Oesophagus,608,Philippines,2,1,2016,0.3538327283,0.2667062744,0.03745212961,142
2,Oesophagus,608,Philippines,2,1,2017,0.2529301116,0.1925947147,0.0215236659,104
2,Oesophagus,608,Philippines,2,1,2018,0.2311656985,0.1826318432,0.02205151146,100
2,Oesophagus,608,Philippines,2,1,2019,0.2463711139,0.1963719614,0.02656184407,109
2,Oesophagus,616,Poland,1,0,1999,4.978812089,6.408574062,0.6182266645,42
2,Oesophagus,616,Poland,1,0,2000,4.504853025,5.65113267,0.545872988,37
2,Oesophagus,616,Poland,1,0,2001,3.780580634,5.052283479,0.4309612914,33
2,Oesophagus,616,Poland,1,0,2002,4.146095958,5.637472909,0.5540368135,36
2,Oesophagus,616,Poland,1,0,2003,3.999315392,5.502980257,0.4842964998,35
2,Oesophagus,616,Poland,1,0,2004,3.655250582,4.888279168,0.38588437,31
2,Oesophagus,616,Poland,1,0,2005,2.451233483,3.325020781,0.2823564811,21
2,Oesophagus,616,Poland,1,0,2006,4.284125353,6.203829194,0.5578620024,39
2,Oesophagus,616,Poland,1,0,2007,3.492900244,4.794323521,0.4754988387,30
2,Oesophagus,616,Poland,1,0,2008,4.30627529,6.577670253,0.5401454508,41
2,Oesophagus,616,Poland,1,0,2009,3.717539063,5.952323498,0.491597484,37
2,Oesophagus,616,Poland,1,0,2010,4.296873359,6.693152427,0.6613141441,42
2,Oesophagus,616,Poland,1,0,2011,3.55115551,6.078025857,0.4666831856,38
2,Oesophagus,616,Poland,1,0,2012,3.336351862,5.778148007,0.3653881007,36
2,Oesophagus,616,Poland,1,0,2013,4.160122525,6.45961449,0.5123779381,40
2,Oesophagus,616,Poland,1,0,2014,3.184530313,5.675644997,0.4329540537,35
2,Oesophagus,616,Poland,1,0,2015,3.412470301,6.19682755,0.4347935534,38
2,Oesophagus,616,Poland,1,0,2016,3.171667946,5.892520427,0.3863278885,36
2,Oesophagus,616,Poland,1,0,2017,3.868402068,6.737713943,0.4619047037,41
2,Oesophagus,616,Poland,1,1,1999,4.566950051,5.487399207,0.548699978,1031
2,Oesophagus,616,Poland,1,1,2000,4.884558372,5.991852806,0.5894782391,1111
2,Oesophagus,616,Poland,1,1,2001,4.760939765,5.946167757,0.5694521218,1102
2,Oesophagus,616,Poland,1,1,2002,5.281475829,6.728886727,0.6410874117,1246
2,Oesophagus,616,Poland,1,1,2003,4.732889798,6.196956137,0.5949601225,1146
2,Oesophagus,616,Poland,1,1,2004,4.939601752,6.62937333,0.6074192299,1225
2,Oesophagus,616,Poland,1,1,2005,4.569392213,6.131935194,0.5601585364,1132
2,Oesophagus,616,Poland,1,1,2006,4.607002101,6.367940814,0.5772456726,1174
2,Oesophagus,616,Poland,1,1,2007,4.610327624,6.591709411,0.5700402621,1214
2,Oesophagus,616,Poland,1,1,2008,4.187022072,6.062448105,0.5151813294,1116
2,Oesophagus,616,Poland,1,1,2009,4.060760376,6.052104659,0.4988635323,1115
2,Oesophagus,616,Poland,1,1,2010,3.93849483,6.003579132,0.4999170931,1106
2,Oesophagus,616,Poland,1,1,2011,4.001909548,6.274820756,0.4992806818,1156
2,Oesophagus,616,Poland,1,1,2012,4.297564054,6.817135761,0.5487577094,1256
2,Oesophagus,616,Poland,1,1,2013,3.853261455,6.262517567,0.4911112383,1153
2,Oesophagus,616,Poland,1,1,2014,3.843507797,6.365005623,0.4792400246,1171
2,Oesophagus,616,Poland,1,1,2015,3.738346172,6.347645016,0.4779380423,1167
2,Oesophagus,616,Poland,1,1,2016,3.808742858,6.559366321,0.4853606385,1205
2,Oesophagus,616,Poland,1,1,2017,3.707776383,6.471307913,0.4693380904,1189
2,Oesophagus,616,Poland,1,1,2018,3.944696399,7.033956808,0.4943813843,1292
2,Oesophagus,616,Poland,1,1,2019,3.961348152,7.137397349,0.5083511356,1311
2,Oesophagus,616,Poland,1,1,2020,3.706852062,6.818926383,0.4724065533,1227
2,Oesophagus,616,Poland,1,1,2021,3.420677695,6.338958406,0.4353996393,1157
2,Oesophagus,616,Poland,1,1,2022,3.560724467,6.63888035,0.4483615764,1182
2,Oesophagus,616,Poland,2,0,1999,0.4810811132,0.8817914475,0.0386400719,6
2,Oesophagus,616,Poland,2,0,2000,0.6163957208,1.322747435,0.05958410374,9
2,Oesophagus,616,Poland,2,0,2001,0.1687324628,0.4416688014,0.01511692942,3
2,Oesophagus,616,Poland,2,0,2002,0.9018170502,1.791988914,0.1040060856,12
2,Oesophagus,616,Poland,2,0,2003,0.6021764704,0.8990461121,0.07827673194,6
2,Oesophagus,616,Poland,2,0,2004,0.1413095283,0.300388703,0.01297100977,2
2,Oesophagus,616,Poland,2,0,2005,0.4977250287,1.054391541,0.0376615398,7
2,Oesophagus,616,Poland,2,0,2006,0.5924330754,1.360488688,0.06198944994,9
2,Oesophagus,616,Poland,2,0,2007,0.6333194534,1.061633915,0.06874180986,7
2,Oesophagus,616,Poland,2,0,2008,0.2660697698,0.6083233847,0.02504786738,4
2,Oesophagus,616,Poland,2,0,2009,0.2779862753,0.7620487528,0.03538965909,5
2,Oesophagus,616,Poland,2,0,2010,0.1661176483,0.3042769163,0.02924766327,2
2,Oesophagus,616,Poland,2,0,2011,0.5241605388,1.374211546,0.04945665645,9
2,Oesophagus,616,Poland,2,0,2012,0.5677583977,1.379365308,0.09573814176,9
2,Oesophagus,616,Poland,2,0,2013,0.4641642365,0.9244892582,0.04403926177,6
2,Oesophagus,616,Poland,2,0,2014,0.4356719554,1.392098449,0.06115584357,9
2,Oesophagus,616,Poland,2,0,2015,0.1722611255,0.6211546644,0.02073871288,4
2,Oesophagus,616,Poland,2,0,2016,0.7479798436,2.180834824,0.0831336912,14
2,Oesophagus,616,Poland,2,0,2017,0.6135457333,1.25153117,0.09376670388,8
2,Oesophagus,616,Poland,2,1,1999,0.6725354727,1.172917191,0.0743012915,233
2,Oesophagus,616,Poland,2,1,2000,0.7589317184,1.374650561,0.08076810838,271
2,Oesophagus,616,Poland,2,1,2001,0.7550407795,1.445391218,0.0833472707,285
2,Oesophagus,616,Poland,2,1,2002,0.7146625186,1.354290377,0.07700909203,267
2,Oesophagus,616,Poland,2,1,2003,0.7272772027,1.405932436,0.07786741284,277
2,Oesophagus,616,Poland,2,1,2004,0.7245976442,1.380578839,0.08357013947,272
2,Oesophagus,616,Poland,2,1,2005,0.7824188171,1.53802555,0.08841409274,303
2,Oesophagus,616,Poland,2,1,2006,0.7180650297,1.380978724,0.08167725633,272
2,Oesophagus,616,Poland,2,1,2007,0.8104974505,1.578768919,0.09808112257,311
2,Oesophagus,616,Poland,2,1,2008,0.7146365258,1.430927022,0.08352355806,282
2,Oesophagus,616,Poland,2,1,2009,0.7335883179,1.566139278,0.08620033633,309
2,Oesophagus,616,Poland,2,1,2010,0.6723639177,1.478079143,0.07503177029,290
2,Oesophagus,616,Poland,2,1,2011,0.6388768223,1.37047752,0.07926062785,269
2,Oesophagus,616,Poland,2,1,2012,0.7633511141,1.624652011,0.09218954742,319
2,Oesophagus,616,Poland,2,1,2013,0.7425313531,1.620753308,0.08826934481,318
2,Oesophagus,616,Poland,2,1,2014,0.7979375704,1.754324768,0.09699086933,344
2,Oesophagus,616,Poland,2,1,2015,0.7225978038,1.612506766,0.09218927862,316
2,Oesophagus,616,Poland,2,1,2016,0.7295143305,1.705290823,0.08572742449,334
2,Oesophagus,616,Poland,2,1,2017,0.6776311911,1.592738176,0.08307765796,312
2,Oesophagus,616,Poland,2,1,2018,0.7444823959,1.76710027,0.09001587835,346
2,Oesophagus,616,Poland,2,1,2019,0.728098744,1.705813556,0.09165725613,334
2,Oesophagus,616,Poland,2,1,2020,0.7749244088,1.851675571,0.09946735458,355
2,Oesophagus,616,Poland,2,1,2021,0.7333903,1.74493182,0.09263709344,340
2,Oesophagus,616,Poland,2,1,2022,0.6937023307,1.699534417,0.0871816565,323
2,Oesophagus,620,Portugal,1,1,1956,4.010852485,3.54497556,0.5331827218,148
2,Oesophagus,620,Portugal,1,1,1957,5.016628326,4.604528279,0.6368526618,193
2,Oesophagus,620,Portugal,1,1,1958,3.866388606,3.584032022,0.4716499013,151
2,Oesophagus,620,Portugal,1,1,1959,4.426813675,4.133476816,0.5653403243,175
2,Oesophagus,620,Portugal,1,1,1960,5.652990212,5.344339062,0.6802454739,227
2,Oesophagus,620,Portugal,1,1,1961,4.944876947,4.82003857,0.6203909813,205
2,Oesophagus,620,Portugal,1,1,1962,4.694182869,4.559184442,0.5943049233,194
2,Oesophagus,620,Portugal,1,1,1963,5.71000517,5.617312039,0.7337553157,239
2,Oesophagus,620,Portugal,1,1,1964,5.092584783,5.174344846,0.5686293402,220
2,Oesophagus,620,Portugal,1,1,1965,5.408187919,5.698533005,0.6702694911,242
2,Oesophagus,620,Portugal,1,1,1966,5.923810989,6.303635498,0.790385471,267
2,Oesophagus,620,Portugal,1,1,1967,5.4158709,5.830330279,0.6687233698,246
2,Oesophagus,620,Portugal,1,1,1968,5.554795066,5.859931906,0.7195384598,246
2,Oesophagus,620,Portugal,1,1,1969,5.275777296,5.879978362,0.6736412978,245
2,Oesophagus,620,Portugal,1,1,1970,5.024242072,5.704142397,0.6403753586,235
2,Oesophagus,620,Portugal,1,1,1971,5.438968253,6.201950029,0.6918515693,256
2,Oesophagus,620,Portugal,1,1,1972,5.96979314,6.813407452,0.7213936997,286
2,Oesophagus,620,Portugal,1,1,1973,6.086178904,7.105365536,0.739205264,303
2,Oesophagus,620,Portugal,1,1,1974,6.415648399,7.507932419,0.759297876,325
2,Oesophagus,620,Portugal,1,1,1975,5.805237688,6.75873259,0.6924672226,297
2,Oesophagus,620,Portugal,1,1,1976,5.592889029,6.611107961,0.6697377065,295
2,Oesophagus,620,Portugal,1,1,1977,5.346762145,6.445943151,0.6991088579,292
2,Oesophagus,620,Portugal,1,1,1978,5.73172656,6.87983262,0.704524885,316
2,Oesophagus,620,Portugal,1,1,1979,5.86138843,7.031781718,0.7111699371,327
2,Oesophagus,620,Portugal,1,1,1980,5.58537592,6.867963925,0.6397565158,323
2,Oesophagus,620,Portugal,1,1,1981,5.398016951,6.686443352,0.6006500171,317
2,Oesophagus,620,Portugal,1,1,1982,5.600777487,7.135076013,0.6665089392,340
2,Oesophagus,620,Portugal,1,1,1983,6.107845001,7.89931673,0.6972260284,378
2,Oesophagus,620,Portugal,1,1,1984,5.746213812,7.331375245,0.6814028077,352
2,Oesophagus,620,Portugal,1,1,1985,5.773981137,7.730067698,0.6967323208,372
2,Oesophagus,620,Portugal,1,1,1986,5.570524513,7.491267796,0.634619073,361
2,Oesophagus,620,Portugal,1,1,1987,6.071296705,8.231106242,0.6878899567,397
2,Oesophagus,620,Portugal,1,1,1988,5.913803372,8.043274475,0.7198827261,388
2,Oesophagus,620,Portugal,1,1,1989,5.46869281,7.840186306,0.6257451585,378
2,Oesophagus,620,Portugal,1,1,1990,5.500264138,7.747688727,0.6485610038,373
2,Oesophagus,620,Portugal,1,1,1991,5.396407901,7.70359081,0.6564431364,370
2,Oesophagus,620,Portugal,1,1,1992,4.911402528,7.441991552,0.5989782711,357
2,Oesophagus,620,Portugal,1,1,1993,5.714518258,8.49627403,0.6825726574,408
2,Oesophagus,620,Portugal,1,1,1994,5.01812795,7.331253445,0.6074874626,353
2,Oesophagus,620,Portugal,1,1,1995,4.990700581,7.574130248,0.5866037518,366
2,Oesophagus,620,Portugal,1,1,1996,4.961164281,7.585969337,0.5888642851,368
2,Oesophagus,620,Portugal,1,1,1997,5.359050731,8.187707399,0.6428700401,399
2,Oesophagus,620,Portugal,1,1,1998,5.104413221,7.798617644,0.5878997946,382
2,Oesophagus,620,Portugal,1,1,1999,5.108723523,7.935924815,0.6028759121,391
2,Oesophagus,620,Portugal,1,1,2000,5.452843186,8.543855064,0.6457143311,424
2,Oesophagus,620,Portugal,1,1,2001,5.605528177,8.74097899,0.6218177641,437
2,Oesophagus,620,Portugal,1,1,2002,5.673442589,8.934494831,0.6541752068,449
2,Oesophagus,620,Portugal,1,1,2003,5.226923408,8.452173002,0.6273492308,426
2,Oesophagus,620,Portugal,1,1,2004,5.179014326,8.460429659,0.6260055945,427
2,Oesophagus,620,Portugal,1,1,2005,5.201239076,8.56759506,0.6303763128,433
2,Oesophagus,620,Portugal,1,1,2006,5.195550044,8.634950644,0.6317887008,437
2,Oesophagus,620,Portugal,1,1,2007,5.281685334,8.840256952,0.6427940769,448
2,Oesophagus,620,Portugal,1,1,2008,5.337654481,9.054359891,0.6148950117,459
2,Oesophagus,620,Portugal,1,1,2009,5.250705494,8.880686205,0.6087767105,450
2,Oesophagus,620,Portugal,1,1,2010,5.109907964,8.89255306,0.59670744,450
2,Oesophagus,620,Portugal,1,1,2011,5.297581795,9.438852299,0.6243176729,476
2,Oesophagus,620,Portugal,1,1,2012,5.172382567,9.332984742,0.6281968043,468
2,Oesophagus,620,Portugal,1,1,2013,5.282911866,9.741080083,0.6333050993,485
2,Oesophagus,620,Portugal,1,1,2014,5.224337056,9.746334458,0.6164857012,482
2,Oesophagus,620,Portugal,1,1,2015,4.604134823,8.876459589,0.5520066515,437
2,Oesophagus,620,Portugal,1,1,2016,4.661468457,9.246177856,0.5742819647,454
2,Oesophagus,620,Portugal,1,1,2017,4.802398896,10.01670198,0.5485452609,491
2,Oesophagus,620,Portugal,1,1,2018,5.090550586,10.23138241,0.613801836,501
2,Oesophagus,620,Portugal,1,1,2019,4.676299682,9.72070598,0.5628197519,477
2,Oesophagus,620,Portugal,1,1,2020,4.461655776,9.56243049,0.5501754278,471
2,Oesophagus,620,Portugal,1,1,2021,4.289488281,9.486247873,0.54076508,469
2,Oesophagus,620,Portugal,1,1,2022,4.138724811,9.450931128,0.5320791334,469
2,Oesophagus,620,Portugal,2,1,1956,1.607262646,1.876735981,0.2024576675,85
2,Oesophagus,620,Portugal,2,1,1957,1.501319487,1.757559593,0.1762673764,80
2,Oesophagus,620,Portugal,2,1,1958,1.644876029,2.030725976,0.1895696068,93
2,Oesophagus,620,Portugal,2,1,1959,1.646891955,1.953697796,0.2078845383,90
2,Oesophagus,620,Portugal,2,1,1960,1.482044666,1.794310221,0.1675393504,83
2,Oesophagus,620,Portugal,2,1,1961,1.891364058,2.373092923,0.2346546686,110
2,Oesophagus,620,Portugal,2,1,1962,1.817412773,2.219527185,0.2235425545,103
2,Oesophagus,620,Portugal,2,1,1963,1.643793069,2.131967037,0.1833020407,99
2,Oesophagus,620,Portugal,2,1,1964,2.075760826,2.69163644,0.2575141531,125
2,Oesophagus,620,Portugal,2,1,1965,1.561673334,2.067666541,0.1931719075,96
2,Oesophagus,620,Portugal,2,1,1966,2.159789056,2.911474986,0.272236026,135
2,Oesophagus,620,Portugal,2,1,1967,1.964457322,2.723425741,0.2274023784,126
2,Oesophagus,620,Portugal,2,1,1968,2.122167456,2.992388275,0.2403611961,138
2,Oesophagus,620,Portugal,2,1,1969,1.898218582,2.659369241,0.2463737309,122
2,Oesophagus,620,Portugal,2,1,1970,1.8716105,2.681490179,0.2323558756,122
2,Oesophagus,620,Portugal,2,1,1971,1.801873861,2.632819721,0.2396606167,120
2,Oesophagus,620,Portugal,2,1,1972,2.029644881,3.009968192,0.2366227129,139
2,Oesophagus,620,Portugal,2,1,1973,2.197154271,3.251439832,0.2541071222,152
2,Oesophagus,620,Portugal,2,1,1974,1.714472019,2.579051087,0.2002267337,122
2,Oesophagus,620,Portugal,2,1,1975,1.618330752,2.506273516,0.1857046388,120
2,Oesophagus,620,Portugal,2,1,1976,1.762638866,2.805238866,0.2046148885,136
2,Oesophagus,620,Portugal,2,1,1977,1.559275587,2.465268744,0.1597880118,121
2,Oesophagus,620,Portugal,2,1,1978,1.665519074,2.599097126,0.1921405965,129
2,Oesophagus,620,Portugal,2,1,1979,1.623073574,2.712953375,0.178731728,136
2,Oesophagus,620,Portugal,2,1,1980,1.595767036,2.647891666,0.1498567753,134
2,Oesophagus,620,Portugal,2,1,1981,1.627295965,2.707659852,0.1786259094,138
2,Oesophagus,620,Portugal,2,1,1982,1.56028767,2.714499666,0.1750917986,139
2,Oesophagus,620,Portugal,2,1,1983,1.497205347,2.820991915,0.1488550413,145
2,Oesophagus,620,Portugal,2,1,1984,1.595361434,2.812466481,0.1708807129,145
2,Oesophagus,620,Portugal,2,1,1985,1.343390859,2.515922402,0.1435893886,130
2,Oesophagus,620,Portugal,2,1,1986,1.456410086,2.783065818,0.1622671837,144
2,Oesophagus,620,Portugal,2,1,1987,1.229915632,2.510221913,0.1211333035,130
2,Oesophagus,620,Portugal,2,1,1988,1.153734396,2.490019654,0.1016403181,129
2,Oesophagus,620,Portugal,2,1,1989,1.091169088,2.37448712,0.1025405354,123
2,Oesophagus,620,Portugal,2,1,1990,1.214512424,2.589278416,0.132196922,134
2,Oesophagus,620,Portugal,2,1,1991,0.78931166,1.742085753,0.08156096678,90
2,Oesophagus,620,Portugal,2,1,1992,1.102396341,2.324121163,0.1088432026,120
2,Oesophagus,620,Portugal,2,1,1993,0.9101585883,2.088879502,0.1004466904,108
2,Oesophagus,620,Portugal,2,1,1994,0.9205079222,2.083541527,0.09727721801,108
2,Oesophagus,620,Portugal,2,1,1995,0.7329227174,1.750165256,0.07557433623,91
2,Oesophagus,620,Portugal,2,1,1996,0.9549579259,2.185336469,0.0981575182,114
2,Oesophagus,620,Portugal,2,1,1997,0.6583384104,1.546570089,0.06914485214,81
2,Oesophagus,620,Portugal,2,1,1998,0.8757900327,2.109776419,0.08734862835,111
2,Oesophagus,620,Portugal,2,1,1999,0.8380707152,2.004572695,0.08382153598,106
2,Oesophagus,620,Portugal,2,1,2000,0.7233062533,1.935881354,0.06955654546,103
2,Oesophagus,620,Portugal,2,1,2001,0.810699653,1.923475552,0.09223504293,103
2,Oesophagus,620,Portugal,2,1,2002,0.6295059601,1.744754322,0.06134745413,94
2,Oesophagus,620,Portugal,2,1,2003,0.7064956335,1.791611233,0.07416531613,97
2,Oesophagus,620,Portugal,2,1,2004,0.5647086604,1.583686993,0.05753951297,86
2,Oesophagus,620,Portugal,2,1,2005,0.4902567994,1.487164394,0.04690188742,81
2,Oesophagus,620,Portugal,2,1,2006,0.4131061927,1.37290874,0.0364293629,75
2,Oesophagus,620,Portugal,2,1,2007,0.3661032356,1.31408443,0.02919229012,72
2,Oesophagus,620,Portugal,2,1,2008,0.6314636539,1.674340424,0.06777836812,92
2,Oesophagus,620,Portugal,2,1,2009,0.5512114631,1.778878504,0.05033286671,98
2,Oesophagus,620,Portugal,2,1,2010,0.5322503988,1.485978883,0.05630291927,82
2,Oesophagus,620,Portugal,2,1,2011,0.5022370061,1.541512478,0.05330507994,85
2,Oesophagus,620,Portugal,2,1,2012,0.5490206235,1.654944748,0.05427873119,91
2,Oesophagus,620,Portugal,2,1,2013,0.3092235413,1.076763177,0.03230999392,59
2,Oesophagus,620,Portugal,2,1,2014,0.4748874841,1.519937459,0.05012291298,83
2,Oesophagus,620,Portugal,2,1,2015,0.4229791142,1.450304491,0.03663132349,79
2,Oesophagus,620,Portugal,2,1,2016,0.3915271435,1.269260803,0.03733321971,69
2,Oesophagus,620,Portugal,2,1,2017,0.5813615541,1.639334902,0.0674037463,89
2,Oesophagus,620,Portugal,2,1,2018,0.3712288302,1.344717875,0.03618519382,73
2,Oesophagus,620,Portugal,2,1,2019,0.3996988857,1.379650088,0.03973677908,75
2,Oesophagus,620,Portugal,2,1,2020,0.3700009697,1.359717737,0.03675750598,74
2,Oesophagus,620,Portugal,2,1,2021,0.3868226369,1.43159955,0.03916305395,78
2,Oesophagus,620,Portugal,2,1,2022,0.4236114214,1.55831775,0.04414181508,85
2,Oesophagus,630,Puerto Rico,1,0,2003,4.807628748,6.809012559,0.5654438959,127
2,Oesophagus,630,Puerto Rico,1,0,2004,4.94176235,6.9991195,0.5748363678,131
2,Oesophagus,630,Puerto Rico,1,0,2005,4.055288614,5.747028573,0.4908953103,108
2,Oesophagus,630,Puerto Rico,1,0,2006,4.924072683,7.263931505,0.587576337,137
2,Oesophagus,630,Puerto Rico,1,0,2007,4.28316843,6.605009345,0.5166709036,125
2,Oesophagus,630,Puerto Rico,1,0,2008,4.480747565,6.957603422,0.5672957082,132
2,Oesophagus,630,Puerto Rico,1,0,2009,4.118330933,6.462222269,0.4883149051,123
2,Oesophagus,630,Puerto Rico,1,0,2010,3.658217451,6.049840604,0.4396771249,108
2,Oesophagus,630,Puerto Rico,1,0,2011,3.854979796,6.538338619,0.4964015935,116
2,Oesophagus,630,Puerto Rico,1,0,2012,3.817407771,6.550918581,0.4563696424,115
2,Oesophagus,630,Puerto Rico,1,0,2013,4.49193097,7.789429628,0.5945936175,134
2,Oesophagus,630,Puerto Rico,1,0,2014,3.564690354,6.513169036,0.4190853476,110
2,Oesophagus,630,Puerto Rico,1,0,2015,3.635811072,7.184424168,0.4753579974,119
2,Oesophagus,630,Puerto Rico,1,0,2016,3.42912098,6.665572196,0.4270554789,108
2,Oesophagus,630,Puerto Rico,1,0,2017,3.562020466,7.591179555,0.427696067,120
2,Oesophagus,630,Puerto Rico,2,0,2003,1.02261843,1.937050815,0.0945540346,39
2,Oesophagus,630,Puerto Rico,2,0,2004,0.9620395432,2.125340734,0.08947645126,43
2,Oesophagus,630,Puerto Rico,2,0,2005,0.8665638151,1.672563272,0.09916662746,34
2,Oesophagus,630,Puerto Rico,2,0,2006,0.6960554912,1.665241416,0.05831957924,34
2,Oesophagus,630,Puerto Rico,2,0,2007,0.5533004042,1.268371879,0.05979320097,26
2,Oesophagus,630,Puerto Rico,2,0,2008,0.5396867325,1.069800079,0.04106052064,22
2,Oesophagus,630,Puerto Rico,2,0,2009,0.9101445658,1.938061493,0.08730229763,40
2,Oesophagus,630,Puerto Rico,2,0,2010,0.748474068,1.752019202,0.07305904701,34
2,Oesophagus,630,Puerto Rico,2,0,2011,0.8165357695,1.759343537,0.09639828988,34
2,Oesophagus,630,Puerto Rico,2,0,2012,0.5683552253,1.517049809,0.04764274131,29
2,Oesophagus,630,Puerto Rico,2,0,2013,0.5178553945,1.601882105,0.05136647417,30
2,Oesophagus,630,Puerto Rico,2,0,2014,0.7006164128,1.625145992,0.07546397331,30
2,Oesophagus,630,Puerto Rico,2,0,2015,0.5230927165,1.375992021,0.06209816346,25
2,Oesophagus,630,Puerto Rico,2,0,2016,0.3940635609,1.119566325,0.03754475422,20
2,Oesophagus,630,Puerto Rico,2,0,2017,0.409442612,1.318426326,0.03594432319,23
2,Oesophagus,634,Qatar,1,0,2003,0,0,0,0
2,Oesophagus,634,Qatar,1,0,2004,1.114827202,1.051812273,0,1
2,Oesophagus,634,Qatar,1,0,2005,7.810857619,5.047700772,0.7829423655,5
2,Oesophagus,634,Qatar,1,0,2006,2.92144831,1.932143133,0.1623112774,2
2,Oesophagus,634,Qatar,1,0,2007,0,0,0,0
2,Oesophagus,634,Qatar,1,0,2008,1.293382194,0.865306405,0.1077237858,1
2,Oesophagus,634,Qatar,1,0,2009,3.249167004,1.718921892,0.4106770397,2
2,Oesophagus,634,Qatar,1,0,2010,3.270160621,1.588877855,0.616744195,2
2,Oesophagus,634,Qatar,1,0,2011,4.176703773,2.276037873,0.1158882707,3
2,Oesophagus,634,Qatar,1,0,2012,0.7102272727,0.7424676655,0,1
2,Oesophagus,634,Qatar,1,0,2013,0,0,0,0
2,Oesophagus,634,Qatar,1,0,2014,1.084598698,0.7341497078,0.1354829761,1
2,Oesophagus,634,Qatar,1,0,2015,0,0,0,0
2,Oesophagus,634,Qatar,1,0,2016,0,0,0,0
2,Oesophagus,634,Qatar,1,0,2017,1.091703057,0.6749915626,0,1
2,Oesophagus,634,Qatar,2,0,2003,8.442882573,5.399626346,0.9629398293,5
2,Oesophagus,634,Qatar,2,0,2004,0,0,0,0
2,Oesophagus,634,Qatar,2,0,2005,9.097124834,3.946057395,1.290204768,4
2,Oesophagus,634,Qatar,2,0,2006,4.253300656,1.894531435,0.8031452717,2
2,Oesophagus,634,Qatar,2,0,2007,0,0,0,0
2,Oesophagus,634,Qatar,2,0,2008,1.98019802,0.872805984,0,1
2,Oesophagus,634,Qatar,2,0,2009,1.85528757,0.8425451604,0.4627478998,1
2,Oesophagus,634,Qatar,2,0,2010,5.290273345,2.403653553,0.9773871645,3
2,Oesophagus,634,Qatar,2,0,2011,1.937046005,0.7619395934,0.2418378506,1
2,Oesophagus,634,Qatar,2,0,2012,0,0,0,0
2,Oesophagus,634,Qatar,2,0,2013,3.948147789,1.476091016,0.4640362884,2
2,Oesophagus,634,Qatar,2,0,2014,0,0,0,0
2,Oesophagus,634,Qatar,2,0,2015,0,0,0,0
2,Oesophagus,634,Qatar,2,0,2016,1.128668172,0.6735639616,0,1
2,Oesophagus,634,Qatar,2,0,2017,0,0,0,0
2,Oesophagus,642,Romania,1,1,1969,1.790286334,1.84315842,0.2180848317,181
2,Oesophagus,642,Romania,1,1,1970,1.781912797,1.930618401,0.2403479715,192
2,Oesophagus,642,Romania,1,1,1971,1.707474462,1.85949386,0.2158844392,187
2,Oesophagus,642,Romania,1,1,1972,1.647347935,1.782127526,0.2217695893,181
2,Oesophagus,642,Romania,1,1,1973,1.901205921,2.098953452,0.2543316302,215
2,Oesophagus,642,Romania,1,1,1974,1.71974538,1.923076923,0.2190090379,199
2,Oesophagus,642,Romania,1,1,1975,1.58829393,1.806883365,0.2089153359,189
2,Oesophagus,642,Romania,1,1,1976,1.827849638,2.025536909,0.2294043278,214
2,Oesophagus,642,Romania,1,1,1977,1.67555177,1.891952645,0.1913472222,202
2,Oesophagus,642,Romania,1,1,1978,1.568436212,1.762866607,0.1926304255,190
2,Oesophagus,642,Romania,1,1,1979,1.564254269,1.785418469,0.2046749794,194
2,Oesophagus,642,Romania,1,1,1980,1.587590951,1.8623844,0.2197090154,204
2,Oesophagus,642,Romania,1,1,1981,1.636288286,1.885834482,0.2106795848,208
2,Oesophagus,642,Romania,1,1,1982,1.318639316,1.541735038,0.1795247245,171
2,Oesophagus,642,Romania,1,1,1983,1.665464824,1.958899063,0.2257432901,218
2,Oesophagus,642,Romania,1,1,1984,1.601347375,1.862947936,0.1970864301,208
2,Oesophagus,642,Romania,1,1,1985,1.49183447,1.747752889,0.1816461824,196
2,Oesophagus,642,Romania,1,1,1986,1.724263054,2.104515384,0.2060997702,237
2,Oesophagus,642,Romania,1,1,1987,1.612838583,1.970103894,0.2121161345,223
2,Oesophagus,642,Romania,1,1,1988,1.754528462,2.057215199,0.2244586365,234
2,Oesophagus,642,Romania,1,1,1989,1.872880067,2.258739483,0.2454735068,258
2,Oesophagus,642,Romania,1,1,1990,1.556675974,1.956468574,0.1885120881,224
2,Oesophagus,642,Romania,1,1,1991,1.80005829,2.238701553,0.220893607,256
2,Oesophagus,642,Romania,1,1,1992,2.153102578,2.723019784,0.2695973343,305
2,Oesophagus,642,Romania,1,1,1993,2.245540277,2.854228553,0.2751282929,319
2,Oesophagus,642,Romania,1,1,1994,2.432055359,3.146035189,0.2919760473,351
2,Oesophagus,642,Romania,1,1,1995,2.347571952,3.020441919,0.2808273345,336
2,Oesophagus,642,Romania,1,1,1996,2.475493355,3.248833578,0.302533818,360
2,Oesophagus,642,Romania,1,1,1997,2.487988086,3.27859944,0.3065972951,362
2,Oesophagus,642,Romania,1,1,1998,2.498536533,3.287293069,0.3028120493,362
2,Oesophagus,642,Romania,1,1,1999,2.890070635,3.814465838,0.3391272641,419
2,Oesophagus,642,Romania,1,1,2000,2.759893227,3.6922572,0.3293068644,405
2,Oesophagus,642,Romania,1,1,2001,2.799525485,3.826662246,0.3396922759,419
2,Oesophagus,642,Romania,1,1,2002,3.210945884,4.425636065,0.3771779672,471
2,Oesophagus,642,Romania,1,1,2003,3.106263306,4.261640194,0.3785692792,452
2,Oesophagus,642,Romania,1,1,2004,3.2169303,4.512086432,0.3998018115,477
2,Oesophagus,642,Romania,1,1,2005,3.542497054,4.922455674,0.4366362969,519
2,Oesophagus,642,Romania,1,1,2006,3.572951068,5.027948837,0.4287392013,529
2,Oesophagus,642,Romania,1,1,2007,3.608111719,5.192098103,0.4520345433,545
2,Oesophagus,642,Romania,1,1,2008,3.486682848,5.201567418,0.4256652017,545
2,Oesophagus,642,Romania,1,1,2009,3.615022626,5.364715036,0.4416206452,561
2,Oesophagus,642,Romania,1,1,2010,3.630820773,5.405331324,0.4599431385,564
2,Oesophagus,642,Romania,1,1,2011,4.039182263,6.042797827,0.5096150023,628
2,Oesophagus,642,Romania,1,1,2012,3.763968972,6.151261884,0.4594492739,601
2,Oesophagus,642,Romania,1,1,2013,3.572478512,5.88337189,0.4411322555,574
2,Oesophagus,642,Romania,1,1,2014,3.801004313,6.227995188,0.4720607645,606
2,Oesophagus,642,Romania,1,1,2015,3.528671185,5.908763119,0.4398059169,572
2,Oesophagus,642,Romania,1,1,2016,3.969231091,6.59535581,0.4967327832,635
2,Oesophagus,642,Romania,1,1,2017,3.359785536,5.740779187,0.4237772557,550
2,Oesophagus,642,Romania,1,1,2018,3.701174383,6.440954231,0.4738894624,614
2,Oesophagus,642,Romania,1,1,2019,3.768987761,6.590976942,0.4860596207,625
2,Oesophagus,642,Romania,2,1,1969,0.5441057307,0.7261950324,0.05830017736,74
2,Oesophagus,642,Romania,2,1,1970,0.6476712274,0.8246422508,0.07464095866,85
2,Oesophagus,642,Romania,2,1,1971,0.5672803171,0.7490492836,0.06971380838,78
2,Oesophagus,642,Romania,2,1,1972,0.6490710175,0.8090460871,0.07685365186,85
2,Oesophagus,642,Romania,2,1,1973,0.3864003607,0.5007369336,0.04616699831,53
2,Oesophagus,642,Romania,2,1,1974,0.5459264431,0.7396380455,0.06603438968,79
2,Oesophagus,642,Romania,2,1,1975,0.5422329825,0.7325124249,0.06072050213,79
2,Oesophagus,642,Romania,2,1,1976,0.5009897006,0.6984844725,0.05551111923,76
2,Oesophagus,642,Romania,2,1,1977,0.5628198406,0.7469076203,0.0630316058,82
2,Oesophagus,642,Romania,2,1,1978,0.479908933,0.659047,0.06247631335,73
2,Oesophagus,642,Romania,2,1,1979,0.4327502179,0.600240096,0.05459822464,67
2,Oesophagus,642,Romania,2,1,1980,0.4536864011,0.622343925,0.05322346442,70
2,Oesophagus,642,Romania,2,1,1981,0.431774826,0.6270367656,0.0600710549,71
2,Oesophagus,642,Romania,2,1,1982,0.4246812295,0.5884264423,0.04821751116,67
2,Oesophagus,642,Romania,2,1,1983,0.4940822615,0.6827551797,0.05682777118,78
2,Oesophagus,642,Romania,2,1,1984,0.3339600286,0.4886817809,0.04346450629,56
2,Oesophagus,642,Romania,2,1,1985,0.4520181431,0.6689486213,0.05700683649,77
2,Oesophagus,642,Romania,2,1,1986,0.4101574233,0.6140752977,0.05023142709,71
2,Oesophagus,642,Romania,2,1,1987,0.3998290014,0.5851375073,0.05160310921,68
2,Oesophagus,642,Romania,2,1,1988,0.3822576371,0.5907989485,0.0479809762,69
2,Oesophagus,642,Romania,2,1,1989,0.3684687217,0.5285953006,0.04974464194,62
2,Oesophagus,642,Romania,2,1,1990,0.344623584,0.493310539,0.04098516114,58
2,Oesophagus,642,Romania,2,1,1991,0.4023087454,0.5872490361,0.05589556941,69
2,Oesophagus,642,Romania,2,1,1992,0.3687976682,0.5436658612,0.04448326622,63
2,Oesophagus,642,Romania,2,1,1993,0.369159826,0.5786437282,0.0410574671,67
2,Oesophagus,642,Romania,2,1,1994,0.5742275568,0.9331420968,0.07101290982,108
2,Oesophagus,642,Romania,2,1,1995,0.3332369568,0.5883778078,0.04440187279,68
2,Oesophagus,642,Romania,2,1,1996,0.404077264,0.6766780314,0.0470403283,78
2,Oesophagus,642,Romania,2,1,1997,0.4354792548,0.7649180755,0.05166827187,88
2,Oesophagus,642,Romania,2,1,1998,0.4088719689,0.7136267906,0.05049217604,82
2,Oesophagus,642,Romania,2,1,1999,0.4044545817,0.7234061097,0.05437073809,83
2,Oesophagus,642,Romania,2,1,2000,0.4778646687,0.8633997017,0.05306613334,99
2,Oesophagus,642,Romania,2,1,2001,0.4217089764,0.7941423363,0.04402373796,91
2,Oesophagus,642,Romania,2,1,2002,0.3751447845,0.7352773049,0.04644655759,82
2,Oesophagus,642,Romania,2,1,2003,0.4234222204,0.7548993643,0.05649627421,84
2,Oesophagus,642,Romania,2,1,2004,0.3640659484,0.7206115254,0.04367157753,80
2,Oesophagus,642,Romania,2,1,2005,0.4497310421,0.8754251114,0.05389785375,97
2,Oesophagus,642,Romania,2,1,2006,0.5053739479,0.9310165544,0.06020194435,103
2,Oesophagus,642,Romania,2,1,2007,0.4423864616,0.9057279412,0.05142909053,100
2,Oesophagus,642,Romania,2,1,2008,0.4337909263,0.8796725006,0.04996146881,97
2,Oesophagus,642,Romania,2,1,2009,0.457836707,0.8989588422,0.05163700775,99
2,Oesophagus,642,Romania,2,1,2010,0.477716314,1.009351964,0.05545264254,111
2,Oesophagus,642,Romania,2,1,2011,0.4673977153,0.9487441865,0.05561854328,104
2,Oesophagus,642,Romania,2,1,2012,0.413311266,0.903805107,0.05000526238,93
2,Oesophagus,642,Romania,2,1,2013,0.4400875551,1.00660804,0.04804402731,103
2,Oesophagus,642,Romania,2,1,2014,0.4516085821,1.020989883,0.055132344,104
2,Oesophagus,642,Romania,2,1,2015,0.5365818257,1.262431996,0.06443217172,128
2,Oesophagus,642,Romania,2,1,2016,0.5407583298,1.220427334,0.06432493857,123
2,Oesophagus,642,Romania,2,1,2017,0.5400822751,1.228482578,0.06725118526,123
2,Oesophagus,642,Romania,2,1,2018,0.4880342644,1.155652179,0.05894518968,115
2,Oesophagus,642,Romania,2,1,2019,0.5093413984,1.152309663,0.05994094573,114
2,Oesophagus,688,Serbia,1,1,1999,2.443708063,4.115353074,0.3155981191,151
2,Oesophagus,688,Serbia,1,1,2000,3.402429958,5.662270975,0.4292711112,207
2,Oesophagus,688,Serbia,1,1,2001,2.874384716,4.76904005,0.3473434767,174
2,Oesophagus,688,Serbia,1,1,2002,2.940386322,5.017561465,0.3701999817,183
2,Oesophagus,688,Serbia,1,1,2003,2.918591255,5.195463508,0.3946077479,189
2,Oesophagus,688,Serbia,1,1,2004,2.95058895,5.042441931,0.3804540319,183
2,Oesophagus,688,Serbia,1,1,2005,3.327243139,5.555494135,0.4110685591,201
2,Oesophagus,688,Serbia,1,1,2006,3.03118375,5.216863344,0.396810362,188
2,Oesophagus,688,Serbia,1,1,2007,3.45493036,5.907008638,0.4416122771,212
2,Oesophagus,688,Serbia,1,1,2008,3.34888849,6.015981805,0.4159313266,215
2,Oesophagus,688,Serbia,1,1,2009,3.463007472,6.067333924,0.4291431349,216
2,Oesophagus,688,Serbia,1,1,2010,3.858783612,6.570091028,0.5006927887,233
2,Oesophagus,688,Serbia,1,1,2011,2.962756031,5.677479426,0.3731981223,200
2,Oesophagus,688,Serbia,1,1,2012,3.506411106,6.617770134,0.4546790255,232
2,Oesophagus,688,Serbia,1,1,2013,3.456110454,6.478492266,0.4437406254,226
2,Oesophagus,688,Serbia,1,1,2014,3.063557583,5.845518215,0.4021046391,203
2,Oesophagus,688,Serbia,1,1,2015,3.165690949,6.135439834,0.4040028237,212
2,Oesophagus,688,Serbia,1,1,2016,2.874701475,5.672512749,0.3744253535,195
2,Oesophagus,688,Serbia,1,1,2017,2.956245186,5.877510918,0.3714982681,201
2,Oesophagus,688,Serbia,1,1,2018,2.612678804,5.320859592,0.3240917022,181
2,Oesophagus,688,Serbia,1,1,2019,2.462018374,4.964932211,0.2973465178,168
2,Oesophagus,688,Serbia,1,1,2020,2.670275462,5.62448777,0.3458997132,189
2,Oesophagus,688,Serbia,1,1,2021,2.82070037,5.770963099,0.3672985012,192
2,Oesophagus,688,Serbia,1,1,2022,2.68035938,5.615859186,0.3503202671,182
2,Oesophagus,688,Serbia,1,1,2023,2.52188001,5.402189936,0.3117100999,174
2,Oesophagus,688,Serbia,2,1,1999,0.4981698147,1.05909929,0.05520742129,41
2,Oesophagus,688,Serbia,2,1,2000,0.6134850879,1.191534201,0.072363177,46
2,Oesophagus,688,Serbia,2,1,2001,0.7137186383,1.452696568,0.08422578597,56
2,Oesophagus,688,Serbia,2,1,2002,0.7141880659,1.453472905,0.07903364434,56
2,Oesophagus,688,Serbia,2,1,2003,0.484025893,1.04090713,0.060588924,40
2,Oesophagus,688,Serbia,2,1,2004,0.4562233604,1.043306886,0.05376859548,40
2,Oesophagus,688,Serbia,2,1,2005,0.5205242724,1.098691537,0.06285074623,42
2,Oesophagus,688,Serbia,2,1,2006,0.7709618169,1.523160842,0.08711302167,58
2,Oesophagus,688,Serbia,2,1,2007,0.4814784789,1.133780271,0.05100765144,43
2,Oesophagus,688,Serbia,2,1,2008,0.775170462,1.588811378,0.1053137445,60
2,Oesophagus,688,Serbia,2,1,2009,0.7089453026,1.568832249,0.07761341136,59
2,Oesophagus,688,Serbia,2,1,2010,0.7155619461,1.735618796,0.08003244636,65
2,Oesophagus,688,Serbia,2,1,2011,0.4959280254,1.212477525,0.05834011123,45
2,Oesophagus,688,Serbia,2,1,2012,0.4822642045,1.137174544,0.05676514274,42
2,Oesophagus,688,Serbia,2,1,2013,0.5416644735,1.30588579,0.06562042739,48
2,Oesophagus,688,Serbia,2,1,2014,0.6086133873,1.366478266,0.08211903012,50
2,Oesophagus,688,Serbia,2,1,2015,0.7186922707,1.620857747,0.08605603613,59
2,Oesophagus,688,Serbia,2,1,2016,0.569022897,1.546665665,0.0672893196,56
2,Oesophagus,688,Serbia,2,1,2017,0.5206551922,1.194098488,0.06132241641,43
2,Oesophagus,688,Serbia,2,1,2018,0.5197578674,1.172890152,0.06819939974,42
2,Oesophagus,688,Serbia,2,1,2019,0.4387307379,1.179277401,0.05133115468,42
2,Oesophagus,688,Serbia,2,1,2020,0.515342032,1.356384332,0.06711641378,48
2,Oesophagus,688,Serbia,2,1,2021,0.520895512,1.340052604,0.06510184109,47
2,Oesophagus,688,Serbia,2,1,2022,0.5861077431,1.518857048,0.07421577386,52
2,Oesophagus,688,Serbia,2,1,2023,0.4946475693,1.263863183,0.05919989093,43
2,Oesophagus,702,Singapore,1,1,1964,12.2574432,6.411603952,1.5829573,61
2,Oesophagus,702,Singapore,1,1,1965,15.51728349,6.982953379,2.273890474,68
2,Oesophagus,702,Singapore,1,1,1966,11.83326857,5.724040972,1.492128314,57
2,Oesophagus,702,Singapore,1,1,1967,15.88699528,7.371731866,2.359207439,75
2,Oesophagus,702,Singapore,1,1,1968,13.48418632,6.76917126,1.773474579,70
2,Oesophagus,702,Singapore,1,1,1969,15.33565287,6.781279847,1.844457179,71
2,Oesophagus,702,Singapore,1,1,1970,17.25731079,8.849557522,2.381293645,94
2,Oesophagus,702,Singapore,1,1,1971,15.21508891,7.502083912,1.604130825,81
2,Oesophagus,702,Singapore,1,1,1972,10.88339812,5.737704918,1.180409292,63
2,Oesophagus,702,Singapore,1,1,1973,15.65918994,8.328855454,1.9754042,93
2,Oesophagus,702,Singapore,1,1,1974,13.56256302,7.236784044,1.564548865,82
2,Oesophagus,702,Singapore,1,1,1975,12.40157791,6.793241596,1.320714467,78
2,Oesophagus,702,Singapore,1,1,1976,15.08383334,8.34767642,1.974151647,97
2,Oesophagus,702,Singapore,1,1,1977,12.86465011,7.478541684,1.54499848,88
2,Oesophagus,702,Singapore,1,1,1978,14.1516306,7.902480034,1.571332656,94
2,Oesophagus,702,Singapore,1,1,1979,10.74704291,6.645622196,1.24135906,80
2,Oesophagus,702,Singapore,1,1,1980,10.60985545,6.738106836,1.400953016,83
2,Oesophagus,702,Singapore,1,1,1981,10.06582178,6.419000241,1.189885675,80
2,Oesophagus,702,Singapore,1,1,1982,8.402669598,5.553351845,1.066892364,70
2,Oesophagus,702,Singapore,1,1,1983,11.48764728,7.369658957,1.099571353,94
2,Oesophagus,702,Singapore,1,1,1984,9.480488004,6.440599053,1.114747415,83
2,Oesophagus,702,Singapore,1,1,1985,7.164521786,4.912119119,0.8168666528,64
2,Oesophagus,702,Singapore,1,1,1986,8.14511945,5.695193257,0.965158941,75
2,Oesophagus,702,Singapore,1,1,1987,8.063504655,5.713426552,0.9191950774,76
2,Oesophagus,702,Singapore,1,1,1988,8.170139649,6.152210238,0.8021331526,81
2,Oesophagus,702,Singapore,1,1,1989,9.253852203,7.008126444,1.137713403,94
2,Oesophagus,702,Singapore,1,1,1990,7.572440206,5.77075669,0.897969986,80
2,Oesophagus,702,Singapore,1,1,1991,5.834224803,4.808372225,0.6018324232,68
2,Oesophagus,702,Singapore,1,1,1992,5.774969989,4.586199708,0.7026229661,66
2,Oesophagus,702,Singapore,1,1,1993,5.993463716,4.917361016,0.726972272,72
2,Oesophagus,702,Singapore,1,1,1994,5.883050165,4.969110932,0.6879185183,74
2,Oesophagus,702,Singapore,1,1,1995,6.091446136,5.218310324,0.7043680869,79
2,Oesophagus,702,Singapore,1,1,1996,5.954189426,5.194805195,0.6576682829,80
2,Oesophagus,702,Singapore,1,1,1997,4.700427449,4.08736748,0.5323240116,64
2,Oesophagus,702,Singapore,1,1,1998,4.864086884,4.460359342,0.6756007524,71
2,Oesophagus,702,Singapore,1,1,1999,4.274382237,3.96309369,0.5458373812,64
2,Oesophagus,702,Singapore,1,1,2000,5.451806143,5.016824717,0.6436890402,82
2,Oesophagus,702,Singapore,1,1,2001,5.046238932,4.822763443,0.6514214874,80
2,Oesophagus,702,Singapore,1,1,2002,3.382917122,3.384195215,0.3970752772,57
2,Oesophagus,702,Singapore,1,1,2003,4.395511693,4.562470753,0.5241966746,78
2,Oesophagus,702,Singapore,1,1,2004,4.040924015,4.218190223,0.5366468456,73
2,Oesophagus,702,Singapore,1,1,2005,2.601128254,2.900858882,0.321382334,51
2,Oesophagus,702,Singapore,1,1,2006,2.629205411,3.020810025,0.305039438,54
2,Oesophagus,702,Singapore,1,1,2007,3.431533249,3.998873557,0.4314054223,71
2,Oesophagus,702,Singapore,1,1,2008,3.544225386,4.270660011,0.3884279716,77
2,Oesophagus,702,Singapore,1,1,2009,3.456214822,4.39096026,0.4209681471,81
2,Oesophagus,702,Singapore,1,1,2010,3.312308466,4.460207427,0.3059501668,83
2,Oesophagus,702,Singapore,1,1,2011,2.259800829,3.051555222,0.2903228821,57
2,Oesophagus,702,Singapore,1,1,2012,2.588993405,3.616636528,0.3029993204,68
2,Oesophagus,702,Singapore,1,1,2013,3.007023334,4.388042531,0.3594678543,83
2,Oesophagus,702,Singapore,1,1,2014,2.375117823,3.679543316,0.2687293467,70
2,Oesophagus,702,Singapore,1,1,2015,2.593649641,4.173997249,0.3291772908,80
2,Oesophagus,702,Singapore,1,1,2016,2.736037039,4.612531782,0.3060230719,89
2,Oesophagus,702,Singapore,1,1,2017,2.28555291,3.910380259,0.298343121,76
2,Oesophagus,702,Singapore,1,1,2018,2.326274502,4.243705256,0.2382865,83
2,Oesophagus,702,Singapore,1,1,2019,2.235999845,4.163742738,0.2577268379,82
2,Oesophagus,702,Singapore,1,1,2020,2.768129549,5.360151621,0.3156611106,106
2,Oesophagus,702,Singapore,1,1,2021,2.331382464,4.608025952,0.2723132643,90
2,Oesophagus,702,Singapore,1,1,2022,2.74705244,5.426557573,0.3098371272,108
2,Oesophagus,702,Singapore,2,1,1964,4.013162542,2.246938546,0.5321536593,20
2,Oesophagus,702,Singapore,2,1,1965,4.997256486,2.518891688,0.5099924692,23
2,Oesophagus,702,Singapore,2,1,1966,4.808830516,2.663541445,0.5705974366,25
2,Oesophagus,702,Singapore,2,1,1967,3.505080131,1.978754426,0.5671658367,19
2,Oesophagus,702,Singapore,2,1,1968,6.027262057,3.272652894,0.7053725051,32
2,Oesophagus,702,Singapore,2,1,1969,5.230730744,3.013258337,0.6637746072,30
2,Oesophagus,702,Singapore,2,1,1970,6.261104355,3.753827917,0.731440036,38
2,Oesophagus,702,Singapore,2,1,1971,4.863043027,3.007664694,0.6352383713,31
2,Oesophagus,702,Singapore,2,1,1972,4.005934921,2.477606251,0.5386052385,26
2,Oesophagus,702,Singapore,2,1,1973,4.865279431,3.088441741,0.5693924382,33
2,Oesophagus,702,Singapore,2,1,1974,2.589795643,1.657458564,0.2795815989,18
2,Oesophagus,702,Singapore,2,1,1975,2.801042711,1.815376237,0.3945587032,20
2,Oesophagus,702,Singapore,2,1,1976,3.042030802,2.150152302,0.3615947511,24
2,Oesophagus,702,Singapore,2,1,1977,4.86647166,3.180212014,0.4844056873,36
2,Oesophagus,702,Singapore,2,1,1978,1.498168354,1.134974681,0.2143849019,13
2,Oesophagus,702,Singapore,2,1,1979,4.266433394,3.018802829,0.4463270684,35
2,Oesophagus,702,Singapore,2,1,1980,4.288384707,3.12949336,0.4260269435,37
2,Oesophagus,702,Singapore,2,1,1981,2.707645639,2.005012531,0.2404621468,24
2,Oesophagus,702,Singapore,2,1,1982,2.174990913,1.651118633,0.239164878,20
2,Oesophagus,702,Singapore,2,1,1983,2.527209081,2.119853241,0.2981358504,26
2,Oesophagus,702,Singapore,2,1,1984,3.166533228,2.499193808,0.4486378488,31
2,Oesophagus,702,Singapore,2,1,1985,2.198144814,1.832523305,0.2005431611,23
2,Oesophagus,702,Singapore,2,1,1986,2.498661883,2.284723864,0.1593392548,29
2,Oesophagus,702,Singapore,2,1,1987,1.98381176,1.715265866,0.2385358802,22
2,Oesophagus,702,Singapore,2,1,1988,0.8002768671,0.8582351564,0.09509382123,11
2,Oesophagus,702,Singapore,2,1,1989,1.890102357,1.683888251,0.1869397093,22
2,Oesophagus,702,Singapore,2,1,1990,1.815967371,1.926639496,0.1810372827,26
2,Oesophagus,702,Singapore,2,1,1991,2.327169953,2.390265102,0.2369456825,33
2,Oesophagus,702,Singapore,2,1,1992,2.512003585,2.693698164,0.2865223432,38
2,Oesophagus,702,Singapore,2,1,1993,1.827435241,1.943904471,0.161017167,28
2,Oesophagus,702,Singapore,2,1,1994,1.839591877,1.836609754,0.2580425944,27
2,Oesophagus,702,Singapore,2,1,1995,0.9300331892,1.000333444,0.1351932503,15
2,Oesophagus,702,Singapore,2,1,1996,1.344061967,1.50494013,0.1439752423,23
2,Oesophagus,702,Singapore,2,1,1997,1.792101118,1.990369181,0.1807619032,31
2,Oesophagus,702,Singapore,2,1,1998,1.161812026,1.385041551,0.07411101217,22
2,Oesophagus,702,Singapore,2,1,1999,0.8914007037,1.052761952,0.08305188519,17
2,Oesophagus,702,Singapore,2,1,2000,1.23995253,1.525506468,0.1132957845,25
2,Oesophagus,702,Singapore,2,1,2001,0.8354562163,0.9596928983,0.09767719276,16
2,Oesophagus,702,Singapore,2,1,2002,0.878086251,1.177370931,0.09242663499,20
2,Oesophagus,702,Singapore,2,1,2003,0.4407700056,0.6942034016,0.02570363692,12
2,Oesophagus,702,Singapore,2,1,2004,0.784333925,1.081142597,0.07852623259,19
2,Oesophagus,702,Singapore,2,1,2005,0.5671918804,0.8399126491,0.0421588368,15
2,Oesophagus,702,Singapore,2,1,2006,0.5558836746,0.9884678748,0.0161260766,18
2,Oesophagus,702,Singapore,2,1,2007,0.4985963869,0.8298296083,0.03191314567,15
2,Oesophagus,702,Singapore,2,1,2008,0.747079172,1.195847149,0.04715337592,22
2,Oesophagus,702,Singapore,2,1,2009,0.5832697234,0.952789795,0.05581896078,18
2,Oesophagus,702,Singapore,2,1,2010,0.5083851171,0.8375647804,0.05067705192,16
2,Oesophagus,702,Singapore,2,1,2011,0.5557005416,1.093009941,0.04024369677,21
2,Oesophagus,702,Singapore,2,1,2012,0.4721205691,0.9287925697,0.04237232423,18
2,Oesophagus,702,Singapore,2,1,2013,0.4693397289,1.023936041,0.01861992353,20
2,Oesophagus,702,Singapore,2,1,2014,0.4951037006,1.066894813,0.03431537464,21
2,Oesophagus,702,Singapore,2,1,2015,0.6447761385,1.258772385,0.07427821377,25
2,Oesophagus,702,Singapore,2,1,2016,0.3518464049,0.7484906686,0.03429984059,15
2,Oesophagus,702,Singapore,2,1,2017,0.271250689,0.5439483032,0.02142363007,11
2,Oesophagus,702,Singapore,2,1,2018,0.3050189414,0.686798025,0.02965747761,14
2,Oesophagus,702,Singapore,2,1,2019,0.2379853181,0.534804337,0.02310956162,11
2,Oesophagus,702,Singapore,2,1,2020,0.523013009,1.258072227,0.04196820165,26
2,Oesophagus,702,Singapore,2,1,2021,0.4563717813,0.983415678,0.04652130847,20
2,Oesophagus,702,Singapore,2,1,2022,0.2870941063,0.6720988254,0.02203025646,14
2,Oesophagus,703,Slovakia,1,1,1993,6.425663451,7.091455105,0.7720866061,184
2,Oesophagus,703,Slovakia,1,1,1994,6.669435529,7.140131609,0.8035636235,186
2,Oesophagus,703,Slovakia,1,1,1995,7.31587086,7.924266977,0.853061946,207
2,Oesophagus,703,Slovakia,1,1,1996,8.360819391,9.402469257,1.059456984,246
2,Oesophagus,703,Slovakia,1,1,1997,6.549572056,7.403650458,0.7816212003,194
2,Oesophagus,703,Slovakia,1,1,1998,8.535304555,9.645811888,1.012187332,253
2,Oesophagus,703,Slovakia,1,1,1999,9.098218662,10.48058234,1.122429301,275
2,Oesophagus,703,Slovakia,1,1,2000,7.520785751,8.759598902,0.9031942528,230
2,Oesophagus,703,Slovakia,1,1,2001,8.044137664,9.339055163,0.991065433,244
2,Oesophagus,703,Slovakia,1,1,2002,7.404690049,9.075410921,0.8660191717,237
2,Oesophagus,703,Slovakia,1,1,2003,6.669755468,8.081591131,0.8349582034,211
2,Oesophagus,703,Slovakia,1,1,2004,6.761260693,8.383375193,0.8196806206,219
2,Oesophagus,703,Slovakia,1,1,2005,6.689676859,8.680980469,0.8162312638,227
2,Oesophagus,703,Slovakia,1,1,2006,6.342750063,8.139326935,0.8209507313,213
2,Oesophagus,703,Slovakia,1,1,2007,7.222407956,9.499846438,0.9111750541,249
2,Oesophagus,703,Slovakia,1,1,2008,6.365600657,8.603313037,0.8041617097,226
2,Oesophagus,703,Slovakia,1,1,2009,5.841789111,8.088316825,0.7448759649,213
2,Oesophagus,703,Slovakia,1,1,2010,6.655312372,9.204908072,0.8312138402,243
2,Oesophagus,703,Slovakia,1,1,2011,6.008257152,8.570738362,0.750448421,226
2,Oesophagus,703,Slovakia,1,1,2012,5.58291275,8.238839789,0.6926722309,217
2,Oesophagus,703,Slovakia,1,1,2013,6.16532903,9.289039654,0.7791635638,245
2,Oesophagus,703,Slovakia,1,1,2014,6.114060691,9.505080674,0.7647867588,251
2,Oesophagus,703,Slovakia,1,1,2015,5.733951244,8.961020694,0.7398886158,237
2,Oesophagus,703,Slovakia,1,1,2016,5.542348922,8.682911765,0.7336223626,230
2,Oesophagus,703,Slovakia,1,1,2017,5.487522197,8.929587378,0.6965975321,237
2,Oesophagus,703,Slovakia,1,1,2018,6.259561333,10.38063065,0.7918418449,276
2,Oesophagus,703,Slovakia,1,1,2019,5.290928968,8.89902535,0.6972258177,237
2,Oesophagus,703,Slovakia,1,1,2020,5.193674991,8.965020291,0.6753937586,239
2,Oesophagus,703,Slovakia,1,1,2021,4.771581219,8.415870227,0.6538275526,224
2,Oesophagus,703,Slovakia,1,1,2022,4.326858614,7.641636605,0.5809285229,203
2,Oesophagus,703,Slovakia,1,1,2023,4.446651134,8.326557801,0.5886225788,221
2,Oesophagus,703,Slovakia,2,1,1993,0.7519822292,1.245439494,0.08908835828,34
2,Oesophagus,703,Slovakia,2,1,1994,0.7969017834,1.203317217,0.08905966951,33
2,Oesophagus,703,Slovakia,2,1,1995,0.8293912337,1.381091477,0.06960447916,38
2,Oesophagus,703,Slovakia,2,1,1996,0.6435204303,1.124223425,0.08530241175,31
2,Oesophagus,703,Slovakia,2,1,1997,0.3193839911,0.5791008301,0.02974072166,16
2,Oesophagus,703,Slovakia,2,1,1998,0.8579298965,1.409112259,0.1026253516,39
2,Oesophagus,703,Slovakia,2,1,1999,0.4077657563,0.7938799076,0.04268948015,22
2,Oesophagus,703,Slovakia,2,1,2000,0.5288422461,0.828832413,0.05640001021,23
2,Oesophagus,703,Slovakia,2,1,2001,0.5040774058,0.903474256,0.06812576552,25
2,Oesophagus,703,Slovakia,2,1,2002,0.7253024746,1.192473541,0.0793851238,33
2,Oesophagus,703,Slovakia,2,1,2003,0.6595179232,0.9754060399,0.07013369588,27
2,Oesophagus,703,Slovakia,2,1,2004,0.6954911366,1.155125817,0.07351473229,32
2,Oesophagus,703,Slovakia,2,1,2005,0.4815586972,0.9017545619,0.05149906518,25
2,Oesophagus,703,Slovakia,2,1,2006,0.5696906155,0.9732325016,0.07086839465,27
2,Oesophagus,703,Slovakia,2,1,2007,0.4616206533,0.8283300398,0.05855401095,23
2,Oesophagus,703,Slovakia,2,1,2008,0.8028894086,1.402838842,0.10462739,39
2,Oesophagus,703,Slovakia,2,1,2009,0.644231761,1.149034847,0.08201196158,32
2,Oesophagus,703,Slovakia,2,1,2010,0.3997598341,0.7165561737,0.05406644767,20
2,Oesophagus,703,Slovakia,2,1,2011,0.5268508667,0.9703783038,0.0637361861,27
2,Oesophagus,703,Slovakia,2,1,2012,0.7216865233,1.370004755,0.08057443192,38
2,Oesophagus,703,Slovakia,2,1,2013,0.4922017981,1.152790076,0.04925649569,32
2,Oesophagus,703,Slovakia,2,1,2014,0.6591385124,1.331915983,0.08514457058,37
2,Oesophagus,703,Slovakia,2,1,2015,0.5710044766,1.223050179,0.06734762936,34
2,Oesophagus,703,Slovakia,2,1,2016,0.6335143585,1.36596504,0.06082194904,38
2,Oesophagus,703,Slovakia,2,1,2017,0.6357866958,1.328481861,0.08227571546,37
2,Oesophagus,703,Slovakia,2,1,2018,0.5017180621,1.147786064,0.07404027729,32
2,Oesophagus,703,Slovakia,2,1,2019,0.5969612706,1.325721542,0.07053241961,37
2,Oesophagus,703,Slovakia,2,1,2020,0.5422550979,1.324782163,0.05175100963,37
2,Oesophagus,703,Slovakia,2,1,2021,0.6645316637,1.438668829,0.09165832615,40
2,Oesophagus,703,Slovakia,2,1,2022,0.5894660725,1.513374447,0.0820929434,42
2,Oesophagus,703,Slovakia,2,1,2023,0.4956196994,1.190225436,0.06623925219,33
2,Oesophagus,705,Slovenia,1,0,1983,7.994483623,8.925014639,0.9033260389,82
2,Oesophagus,705,Slovenia,1,0,1984,9.00964237,9.033856281,1.085485019,83
2,Oesophagus,705,Slovenia,1,0,1985,6.558076314,7.510073294,0.6747417767,69
2,Oesophagus,705,Slovenia,1,0,1986,7.366317688,8.324246031,0.9065455608,80
2,Oesophagus,705,Slovenia,1,0,1987,8.205273082,9.115685298,0.9764953472,88
2,Oesophagus,705,Slovenia,1,0,1988,6.185698806,7.418099545,0.7226071216,72
2,Oesophagus,705,Slovenia,1,0,1989,6.850264228,8.159125672,0.7942637529,79
2,Oesophagus,705,Slovenia,1,0,1990,6.341883249,8.048289738,0.656040675,78
2,Oesophagus,705,Slovenia,1,0,1991,7.145839928,8.338317451,0.8544095505,81
2,Oesophagus,705,Slovenia,1,0,1992,7.564488251,9.295052863,0.9466196619,90
2,Oesophagus,705,Slovenia,1,0,1993,5.977567977,7.252570777,0.7026255454,70
2,Oesophagus,705,Slovenia,1,0,1994,7.04616161,8.92011621,0.9397387872,86
2,Oesophagus,705,Slovenia,1,0,1995,5.65918472,7.249003262,0.747398544,70
2,Oesophagus,705,Slovenia,1,0,1996,6.659587438,8.667710919,0.8280774952,84
2,Oesophagus,705,Slovenia,1,0,1997,6.272776117,8.151430886,0.7886245653,79
2,Oesophagus,705,Slovenia,1,0,1998,4.731554235,6.414812837,0.6052656383,62
2,Oesophagus,705,Slovenia,1,0,1999,6.029448406,8.363768156,0.862515483,81
2,Oesophagus,705,Slovenia,1,0,2000,5.174330937,7.197343974,0.5908917217,70
2,Oesophagus,705,Slovenia,1,0,2001,5.922880811,8.318690043,0.7198919306,81
2,Oesophagus,705,Slovenia,1,0,2002,5.388033037,7.990894478,0.6463906806,78
2,Oesophagus,705,Slovenia,1,0,2003,5.427010288,8.184679099,0.6424753331,80
2,Oesophagus,705,Slovenia,1,0,2004,4.656978941,7.368804575,0.5466169671,72
2,Oesophagus,705,Slovenia,1,0,2005,5.066088381,7.652514616,0.6914273843,75
2,Oesophagus,705,Slovenia,1,0,2006,4.34060152,6.897419148,0.5323826911,68
2,Oesophagus,705,Slovenia,1,0,2007,5.101768933,8.340660721,0.5612622977,83
2,Oesophagus,705,Slovenia,1,0,2008,3.401266605,5.717329225,0.4278031587,57
2,Oesophagus,705,Slovenia,1,0,2009,4.428105364,7.313936904,0.5443258304,74
2,Oesophagus,705,Slovenia,1,0,2010,3.496273637,6.208633746,0.4184597132,63
2,Oesophagus,705,Slovenia,1,0,2011,4.08480213,6.89363127,0.5224848929,70
2,Oesophagus,705,Slovenia,1,0,2012,4.094194968,7.371630428,0.5932035931,75
2,Oesophagus,705,Slovenia,1,0,2013,3.424532185,6.276614316,0.4226702304,64
2,Oesophagus,705,Slovenia,1,0,2014,5.251219508,9.790301531,0.6435926673,100
2,Oesophagus,705,Slovenia,1,0,2015,3.65184568,6.943398588,0.4679072019,71
2,Oesophagus,705,Slovenia,1,0,2016,2.71269281,4.883422928,0.3455167621,50
2,Oesophagus,705,Slovenia,1,0,2017,3.319204975,6.432917825,0.4425822789,66
2,Oesophagus,705,Slovenia,1,1,1986,7.146357012,8.198422582,0.8416748001,79
2,Oesophagus,705,Slovenia,1,1,1987,8.073646809,8.887051772,1.036761993,86
2,Oesophagus,705,Slovenia,1,1,1988,7.245150026,8.468449861,0.8639590951,82
2,Oesophagus,705,Slovenia,1,1,1989,7.012962272,8.055354745,0.8738922228,78
2,Oesophagus,705,Slovenia,1,1,1990,5.243738927,6.492837267,0.5645221931,63
2,Oesophagus,705,Slovenia,1,1,1991,7.072446813,8.761983301,0.8691077575,85
2,Oesophagus,705,Slovenia,1,1,1992,7.941144849,9.824198552,0.9261134676,95
2,Oesophagus,705,Slovenia,1,1,1993,5.659122647,7.049554219,0.5620862811,68
2,Oesophagus,705,Slovenia,1,1,1994,7.46196318,9.436897231,1.021345057,91
2,Oesophagus,705,Slovenia,1,1,1995,6.189835473,8.116545265,0.8228679038,78
2,Oesophagus,705,Slovenia,1,1,1996,6.910912055,8.977401713,0.8378639188,87
2,Oesophagus,705,Slovenia,1,1,1997,5.626424906,7.611302263,0.7493562745,73
2,Oesophagus,705,Slovenia,1,1,1998,4.653357967,6.380753138,0.5696078121,61
2,Oesophagus,705,Slovenia,1,1,1999,7.172962165,10.02610966,0.9046086985,96
2,Oesophagus,705,Slovenia,1,1,2000,4.506725709,6.57675649,0.5446959001,63
2,Oesophagus,705,Slovenia,1,1,2001,4.677532345,6.572792132,0.5667842414,64
2,Oesophagus,705,Slovenia,1,1,2002,6.026500242,9.015368129,0.8042238768,88
2,Oesophagus,705,Slovenia,1,1,2003,3.913784,5.933892347,0.4478192892,58
2,Oesophagus,705,Slovenia,1,1,2004,5.418780657,8.494594163,0.6462657209,83
2,Oesophagus,705,Slovenia,1,1,2005,4.773337007,7.550065094,0.6285068923,74
2,Oesophagus,705,Slovenia,1,1,2006,4.220447471,6.593121244,0.5310335394,65
2,Oesophagus,705,Slovenia,1,1,2007,5.066122598,8.441150609,0.5351097412,84
2,Oesophagus,705,Slovenia,1,1,2008,3.479495655,6.02601857,0.3816156336,61
2,Oesophagus,705,Slovenia,1,1,2009,4.491000153,7.61044786,0.5894312809,77
2,Oesophagus,705,Slovenia,1,1,2010,3.638684658,6.208676576,0.4704231309,63
2,Oesophagus,705,Slovenia,1,1,2011,3.862517352,6.89363127,0.4658037353,70
2,Oesophagus,705,Slovenia,1,1,2012,4.276681373,7.371485521,0.5100007927,75
2,Oesophagus,705,Slovenia,1,1,2013,3.017171764,5.786253822,0.376716407,59
2,Oesophagus,705,Slovenia,1,1,2014,3.825165065,7.146920118,0.488033013,73
2,Oesophagus,705,Slovenia,1,1,2015,3.466655133,7.041192935,0.3941474825,72
2,Oesophagus,705,Slovenia,1,1,2016,3.513659175,7.129797475,0.4339294817,73
2,Oesophagus,705,Slovenia,1,1,2017,3.781647541,7.017728537,0.4683622978,72
2,Oesophagus,705,Slovenia,1,1,2018,3.354160889,6.817336291,0.4019697378,70
2,Oesophagus,705,Slovenia,1,1,2019,2.839992547,6.201336733,0.3445090753,63
2,Oesophagus,705,Slovenia,1,1,2020,4.443006858,9.198820654,0.5497372159,97
2,Oesophagus,705,Slovenia,2,0,1983,1.300554784,1.64423316,0.1793725087,16
2,Oesophagus,705,Slovenia,2,0,1984,0.7938626807,1.438704015,0.1258948174,14
2,Oesophagus,705,Slovenia,2,0,1985,0.5095486194,0.9248811528,0.0427036008,9
2,Oesophagus,705,Slovenia,2,0,1986,0.5558546937,1.078705279,0.0626759421,11
2,Oesophagus,705,Slovenia,2,0,1987,0.6621602007,1.269415961,0.05371395933,13
2,Oesophagus,705,Slovenia,2,0,1988,1.092916164,1.651465092,0.1067945165,17
2,Oesophagus,705,Slovenia,2,0,1989,0.4611637741,0.9727058732,0.02751385599,10
2,Oesophagus,705,Slovenia,2,0,1990,0.9371606252,1.457809534,0.1156024104,15
2,Oesophagus,705,Slovenia,2,0,1991,0.9933583815,1.747140271,0.1114259656,18
2,Oesophagus,705,Slovenia,2,0,1992,0.9706355985,1.751696956,0.0970821927,18
2,Oesophagus,705,Slovenia,2,0,1993,0.4459051609,1.072701882,0.03823891713,11
2,Oesophagus,705,Slovenia,2,0,1994,0.604667939,1.268618192,0.06339993787,13
2,Oesophagus,705,Slovenia,2,0,1995,0.7410248139,1.663641123,0.07914099358,17
2,Oesophagus,705,Slovenia,2,0,1996,0.5888731884,1.076263019,0.05996200187,11
2,Oesophagus,705,Slovenia,2,0,1997,0.6997427678,1.37566044,0.09261637433,14
2,Oesophagus,705,Slovenia,2,0,1998,0.8369974942,1.673080141,0.1120750532,17
2,Oesophagus,705,Slovenia,2,0,1999,1.065347507,2.163025246,0.1182625035,22
2,Oesophagus,705,Slovenia,2,0,2000,0.577496359,1.375663143,0.07521062282,14
2,Oesophagus,705,Slovenia,2,0,2001,0.8514432137,1.669409736,0.08766021797,17
2,Oesophagus,705,Slovenia,2,0,2002,0.9672478679,2.255771096,0.1088642213,23
2,Oesophagus,705,Slovenia,2,0,2003,0.9201999699,2.060162635,0.09372069333,21
2,Oesophagus,705,Slovenia,2,0,2004,0.4276797403,0.980476747,0.05431774653,10
2,Oesophagus,705,Slovenia,2,0,2005,0.7858853219,1.762901501,0.09964455537,18
2,Oesophagus,705,Slovenia,2,0,2006,0.6637252993,1.564577955,0.06997824978,16
2,Oesophagus,705,Slovenia,2,0,2007,0.6332483138,1.366812427,0.06820147522,14
2,Oesophagus,705,Slovenia,2,0,2008,0.7466944838,1.657469337,0.08019179097,17
2,Oesophagus,705,Slovenia,2,0,2009,0.4855557061,1.358474162,0.05128900399,14
2,Oesophagus,705,Slovenia,2,0,2010,0.6280236284,1.933217018,0.07245147928,20
2,Oesophagus,705,Slovenia,2,0,2011,0.8447959087,1.735665811,0.104739861,18
2,Oesophagus,705,Slovenia,2,0,2012,0.6053435447,1.443907097,0.0779029879,15
2,Oesophagus,705,Slovenia,2,0,2013,0.4691197805,1.15445002,0.05725573317,12
2,Oesophagus,705,Slovenia,2,0,2014,0.5061900334,1.153619867,0.06413616839,12
2,Oesophagus,705,Slovenia,2,0,2015,0.9878589321,2.210426872,0.1253590995,23
2,Oesophagus,705,Slovenia,2,0,2016,0.5726010737,1.34567639,0.07255444863,14
2,Oesophagus,705,Slovenia,2,0,2017,0.7346330229,2.115002288,0.09466245129,22
2,Oesophagus,705,Slovenia,2,1,1986,0.3912407173,0.7825491539,0.02582111715,8
2,Oesophagus,705,Slovenia,2,1,1987,0.7895009782,1.656274357,0.05132930844,17
2,Oesophagus,705,Slovenia,2,1,1988,0.7550315008,1.26459144,0.06260164233,13
2,Oesophagus,705,Slovenia,2,1,1989,0.6297983296,1.458860144,0.03844624898,15
2,Oesophagus,705,Slovenia,2,1,1990,0.9288848706,1.456734971,0.1242291419,15
2,Oesophagus,705,Slovenia,2,1,1991,1.024475296,1.846452867,0.1095442766,19
2,Oesophagus,705,Slovenia,2,1,1992,0.8629036454,1.655145555,0.09306741256,17
2,Oesophagus,705,Slovenia,2,1,1993,0.5546307708,1.365720418,0.05970880778,14
2,Oesophagus,705,Slovenia,2,1,1994,0.581669858,1.170617501,0.05776374841,12
2,Oesophagus,705,Slovenia,2,1,1995,0.7017057557,1.467566774,0.08922235712,15
2,Oesophagus,705,Slovenia,2,1,1996,0.7394860455,1.565098308,0.08357617418,16
2,Oesophagus,705,Slovenia,2,1,1997,0.2835374295,0.6858038601,0.03891979252,7
2,Oesophagus,705,Slovenia,2,1,1998,0.8629538323,1.866588073,0.1021490505,19
2,Oesophagus,705,Slovenia,2,1,1999,0.9923643379,1.962901168,0.1104510716,20
2,Oesophagus,705,Slovenia,2,1,2000,0.5763876175,1.373478137,0.06558517667,14
2,Oesophagus,705,Slovenia,2,1,2001,0.7772602012,1.767610309,0.09097577235,18
2,Oesophagus,705,Slovenia,2,1,2002,0.7526671452,1.961540084,0.09161857072,20
2,Oesophagus,705,Slovenia,2,1,2003,0.6513948821,1.569647722,0.06659306119,16
2,Oesophagus,705,Slovenia,2,1,2004,0.6136663213,1.372667446,0.07283723682,14
2,Oesophagus,705,Slovenia,2,1,2005,0.5104901073,1.371145612,0.06190570489,14
2,Oesophagus,705,Slovenia,2,1,2006,0.7057463995,1.466791833,0.0785501094,15
2,Oesophagus,705,Slovenia,2,1,2007,0.575714492,1.464441887,0.0530491491,15
2,Oesophagus,705,Slovenia,2,1,2008,0.6478263794,1.752469522,0.06115490863,18
2,Oesophagus,705,Slovenia,2,1,2009,0.5108059826,1.649575768,0.03426142227,17
2,Oesophagus,705,Slovenia,2,1,2010,0.3700569495,1.159930211,0.03501712095,12
2,Oesophagus,705,Slovenia,2,1,2011,0.5810012127,1.446312866,0.06789945184,15
2,Oesophagus,705,Slovenia,2,1,2012,0.6293923674,1.443907097,0.07542758758,15
2,Oesophagus,705,Slovenia,2,1,2013,0.7609729926,2.212695872,0.09296760991,23
2,Oesophagus,705,Slovenia,2,1,2014,0.5960967938,1.153619867,0.07023647042,12
2,Oesophagus,705,Slovenia,2,1,2015,0.5879543545,1.345477226,0.06046322671,14
2,Oesophagus,705,Slovenia,2,1,2016,0.6821445283,2.018514585,0.08441074292,21
2,Oesophagus,705,Slovenia,2,1,2017,0.6813728389,2.01886582,0.0943575793,21
2,Oesophagus,705,Slovenia,2,1,2018,0.4858102493,2.020011581,0.03933707291,21
2,Oesophagus,705,Slovenia,2,1,2019,0.7290344023,1.924453648,0.069071526,20
2,Oesophagus,705,Slovenia,2,1,2020,0.5142289748,1.817063759,0.04585788859,19
2,Oesophagus,710,South Africa,1,1,1994,14.67553185,8.790471721,1.76096696,1958
2,Oesophagus,710,South Africa,1,1,1995,15.19693707,8.95421532,1.808372181,1965
2,Oesophagus,710,South Africa,1,1,1996,17.60830432,10.16808702,2.087147316,2213
2,Oesophagus,710,South Africa,1,1,1997,18.53763569,10.5350614,2.19276136,2288
2,Oesophagus,710,South Africa,1,1,1998,17.68511821,10.19035979,2.073975326,2240
2,Oesophagus,710,South Africa,1,1,1999,17.42852513,10.02282048,2.058767688,2227
2,Oesophagus,710,South Africa,1,1,2000,15.82698463,9.279057597,1.833836814,2080
2,Oesophagus,710,South Africa,1,1,2001,16.60418145,9.787610186,1.954356473,2213
2,Oesophagus,710,South Africa,1,1,2002,16.15116182,9.594839727,1.914674887,2192
2,Oesophagus,710,South Africa,1,1,2003,16.05354233,9.650610676,1.875841596,2230
2,Oesophagus,710,South Africa,1,1,2004,14.38177923,8.717820367,1.678779587,2038
2,Oesophagus,710,South Africa,1,1,2005,14.21360425,8.565705035,1.693434102,2026
2,Oesophagus,710,South Africa,1,1,2006,13.11017683,8.010313038,1.592516581,1917
2,Oesophagus,710,South Africa,1,1,2007,12.74592833,7.745796661,1.574694798,1876
2,Oesophagus,710,South Africa,1,1,2008,11.68489753,7.157875463,1.471962835,1756
2,Oesophagus,710,South Africa,1,1,2009,11.86769313,7.357963052,1.443529578,1829
2,Oesophagus,710,South Africa,1,1,2010,11.6968861,7.242525393,1.454662258,1824
2,Oesophagus,710,South Africa,1,1,2011,10.83075545,6.74498791,1.349191526,1722
2,Oesophagus,710,South Africa,1,1,2012,10.83955042,6.796254759,1.364878345,1763
2,Oesophagus,710,South Africa,1,1,2013,9.702663124,6.200024728,1.200694351,1637
2,Oesophagus,710,South Africa,1,1,2014,9.658911278,6.254957342,1.198421134,1682
2,Oesophagus,710,South Africa,1,1,2015,9.429915988,6.157082765,1.172568695,1695
2,Oesophagus,710,South Africa,1,1,2016,9.364700694,6.216579697,1.14931793,1727
2,Oesophagus,710,South Africa,1,1,2017,8.592305032,5.84486534,1.072039134,1631
2,Oesophagus,710,South Africa,1,1,2018,7.990230667,5.584280132,1.014556696,1586
2,Oesophagus,710,South Africa,1,1,2019,7.414828413,5.440908823,0.9076628824,1572
2,Oesophagus,710,South Africa,1,1,2020,5.558500347,4.213581691,0.7172903286,1238
2,Oesophagus,710,South Africa,2,1,1994,5.683290371,3.939250499,0.6684291917,856
2,Oesophagus,710,South Africa,2,1,1995,5.213787446,3.673121728,0.6097213959,830
2,Oesophagus,710,South Africa,2,1,1996,6.493321593,4.614954108,0.7542848441,1078
2,Oesophagus,710,South Africa,2,1,1997,6.229148192,4.484551721,0.7196557137,1074
2,Oesophagus,710,South Africa,2,1,1998,6.484766065,4.752020238,0.7458287492,1152
2,Oesophagus,710,South Africa,2,1,1999,6.369346845,4.769279378,0.7431706551,1169
2,Oesophagus,710,South Africa,2,1,2000,6.582114496,4.962889669,0.7646056794,1228
2,Oesophagus,710,South Africa,2,1,2001,6.183314057,4.760267156,0.7206571704,1188
2,Oesophagus,710,South Africa,2,1,2002,6.15834156,4.866170094,0.7078656335,1225
2,Oesophagus,710,South Africa,2,1,2003,6.055270114,4.816287574,0.6949407835,1223
2,Oesophagus,710,South Africa,2,1,2004,5.830384616,4.673222387,0.6860901445,1197
2,Oesophagus,710,South Africa,2,1,2005,5.964384613,4.872748879,0.6931155917,1259
2,Oesophagus,710,South Africa,2,1,2006,5.5358908,4.5882421,0.6517017988,1196
2,Oesophagus,710,South Africa,2,1,2007,5.393354393,4.545973552,0.6412521617,1196
2,Oesophagus,710,South Africa,2,1,2008,4.86940118,4.149396403,0.5885215124,1103
2,Oesophagus,710,South Africa,2,1,2009,4.869897385,4.242477223,0.5642286962,1140
2,Oesophagus,710,South Africa,2,1,2010,4.560269981,3.991242022,0.5576163919,1084
2,Oesophagus,710,South Africa,2,1,2011,4.464527259,3.990513501,0.5394218259,1096
2,Oesophagus,710,South Africa,2,1,2012,4.242771077,3.789265342,0.5136411308,1055
2,Oesophagus,710,South Africa,2,1,2013,3.878557781,3.610878058,0.459469881,1021
2,Oesophagus,710,South Africa,2,1,2014,4.052151848,3.790390368,0.4932043526,1088
2,Oesophagus,710,South Africa,2,1,2015,4.02407329,3.80896721,0.4673974025,1112
2,Oesophagus,710,South Africa,2,1,2016,3.711437853,3.595779864,0.4423378931,1060
2,Oesophagus,710,South Africa,2,1,2017,3.800019459,3.773924118,0.4392517433,1122
2,Oesophagus,710,South Africa,2,1,2018,3.171865092,3.230520849,0.3754767876,976
2,Oesophagus,710,South Africa,2,1,2019,3.132878378,3.241501276,0.3691581597,995
2,Oesophagus,710,South Africa,2,1,2020,2.385461715,2.488678956,0.2904171443,776
2,Oesophagus,724,Spain,1,0,1993,6.973743415,9.509923885,0.8476403625,323
2,Oesophagus,724,Spain,1,0,1994,7.409103663,9.869156076,0.8733516762,337
2,Oesophagus,724,Spain,1,0,1995,7.623697901,10.13828859,0.884839128,348
2,Oesophagus,724,Spain,1,0,1996,6.9918474,9.804945221,0.8291405959,339
2,Oesophagus,724,Spain,1,0,1997,7.135065894,10.03712586,0.8320479526,349
2,Oesophagus,724,Spain,1,0,1998,6.912542261,9.963235945,0.8388987782,349
2,Oesophagus,724,Spain,1,0,1999,6.262766351,9.139091886,0.7580521674,323
2,Oesophagus,724,Spain,1,0,2000,6.962768995,9.981521603,0.8538020768,357
2,Oesophagus,724,Spain,1,0,2001,6.346557258,9.502996053,0.7777969081,346
2,Oesophagus,724,Spain,1,0,2002,6.269954918,9.275420298,0.76460754,345
2,Oesophagus,724,Spain,1,0,2003,6.291933199,9.478908241,0.7765696194,359
2,Oesophagus,724,Spain,1,0,2004,5.510855518,8.500747962,0.6662929414,328
2,Oesophagus,724,Spain,1,0,2005,5.971508696,9.024710214,0.7404778938,356
2,Oesophagus,724,Spain,1,0,2006,5.521342977,8.518558002,0.6679485208,342
2,Oesophagus,724,Spain,1,0,2007,6.073895456,9.072479575,0.7733465495,371
2,Oesophagus,724,Spain,1,0,2008,5.177312892,8.021264516,0.6609526023,334
2,Oesophagus,724,Spain,1,0,2009,5.171132142,8.248524477,0.6367591819,347
2,Oesophagus,724,Spain,1,0,2010,5.123972805,8.444134011,0.6447377975,357
2,Oesophagus,724,Spain,1,0,2011,5.492530497,9.204326128,0.7174783652,390
2,Oesophagus,724,Spain,1,0,2012,4.56924973,7.787728239,0.5776753645,330
2,Oesophagus,724,Spain,1,0,2013,4.930049799,8.530306401,0.6025455933,360
2,Oesophagus,724,Spain,1,0,2014,5.042853495,9.270117645,0.6186757389,389
2,Oesophagus,724,Spain,1,0,2015,4.422280822,8.188504629,0.5626599807,343
2,Oesophagus,724,Spain,1,0,2016,4.787062793,8.913550509,0.6030245619,373
2,Oesophagus,724,Spain,1,1,1952,2.33363631,2.161702031,0.2823048803,296
2,Oesophagus,724,Spain,1,1,1953,2.401072583,2.258174892,0.2921249398,312
2,Oesophagus,724,Spain,1,1,1954,2.475296455,2.360347849,0.3206661513,329
2,Oesophagus,724,Spain,1,1,1955,2.51275483,2.38195629,0.2960758144,335
2,Oesophagus,724,Spain,1,1,1956,2.447465225,2.374802793,0.3092390732,337
2,Oesophagus,724,Spain,1,1,1957,2.917113837,2.834636917,0.3765245062,406
2,Oesophagus,724,Spain,1,1,1958,2.923103834,2.867680423,0.3587323265,415
2,Oesophagus,724,Spain,1,1,1959,3.028288802,3.015014258,0.3958857466,441
2,Oesophagus,724,Spain,1,1,1960,3.325513377,3.304425926,0.3902570418,488
2,Oesophagus,724,Spain,1,1,1961,3.558173226,3.605492747,0.4224539828,538
2,Oesophagus,724,Spain,1,1,1962,3.949296199,4.054049489,0.4828552521,612
2,Oesophagus,724,Spain,1,1,1963,3.837382665,3.9948906,0.46992868,610
2,Oesophagus,724,Spain,1,1,1964,3.861815046,4.057380812,0.4747939808,627
2,Oesophagus,724,Spain,1,1,1965,3.864951987,4.079274367,0.4570052774,638
2,Oesophagus,724,Spain,1,1,1966,4.165027093,4.44373943,0.4961230272,703
2,Oesophagus,724,Spain,1,1,1967,3.53690174,3.868832454,0.4215748908,619
2,Oesophagus,724,Spain,1,1,1968,4.375366065,4.772441401,0.5243830492,772
2,Oesophagus,724,Spain,1,1,1969,4.423814022,4.840346287,0.5212473949,791
2,Oesophagus,724,Spain,1,1,1970,4.531424979,5.023387231,0.537764162,829
2,Oesophagus,724,Spain,1,1,1971,4.708516585,5.306337566,0.5695772749,885
2,Oesophagus,724,Spain,1,1,1972,4.652503921,5.274872416,0.5696094533,890
2,Oesophagus,724,Spain,1,1,1973,4.710201483,5.395549269,0.5811925875,921
2,Oesophagus,724,Spain,1,1,1974,5.100579348,5.860864465,0.618162341,1014
2,Oesophagus,724,Spain,1,1,1975,5.360226457,6.108562154,0.6306477428,1071
2,Oesophagus,724,Spain,1,1,1976,5.271801131,6.176879601,0.6281410377,1095
2,Oesophagus,724,Spain,1,1,1977,5.2509289,6.255999286,0.6258619463,1121
2,Oesophagus,724,Spain,1,1,1978,5.243806767,6.21562363,0.6170457775,1125
2,Oesophagus,724,Spain,1,1,1979,5.49883749,6.586376204,0.6434799537,1203
2,Oesophagus,724,Spain,1,1,1980,5.332494192,6.504024256,0.6223765931,1198
2,Oesophagus,724,Spain,1,1,1981,5.219349655,6.455081349,0.6134395681,1198
2,Oesophagus,724,Spain,1,1,1982,5.733299617,7.109550627,0.6672299414,1328
2,Oesophagus,724,Spain,1,1,1983,5.465645157,6.883574139,0.6178164893,1293
2,Oesophagus,724,Spain,1,1,1984,5.401206889,6.860160086,0.6361200482,1295
2,Oesophagus,724,Spain,1,1,1985,5.346875758,6.90441593,0.6174044642,1309
2,Oesophagus,724,Spain,1,1,1986,5.508483872,7.259167906,0.6254951561,1381
2,Oesophagus,724,Spain,1,1,1987,5.662143228,7.505634467,0.6594477302,1432
2,Oesophagus,724,Spain,1,1,1988,5.417726742,7.257752193,0.6352802171,1388
2,Oesophagus,724,Spain,1,1,1989,5.510250112,7.574615641,0.6416657274,1451
2,Oesophagus,724,Spain,1,1,1990,5.656341772,7.791418003,0.6716458907,1494
2,Oesophagus,724,Spain,1,1,1991,5.466676759,7.593098539,0.6545601425,1460
2,Oesophagus,724,Spain,1,1,1992,5.799812152,8.108829176,0.6966813654,1568
2,Oesophagus,724,Spain,1,1,1993,5.436557656,7.685125748,0.6343181018,1495
2,Oesophagus,724,Spain,1,1,1994,5.526944819,8.038029492,0.6547626821,1572
2,Oesophagus,724,Spain,1,1,1995,5.6029564,8.013835697,0.6610450184,1575
2,Oesophagus,724,Spain,1,1,1996,5.475213328,8.078134144,0.6603413227,1595
2,Oesophagus,724,Spain,1,1,1997,5.212004176,7.712808485,0.6077413698,1530
2,Oesophagus,724,Spain,1,1,1998,5.281478345,7.830669522,0.6451384128,1561
2,Oesophagus,724,Spain,1,1,1999,4.931121601,7.567626174,0.6064587262,1516
2,Oesophagus,724,Spain,1,1,2000,4.943082663,7.722234742,0.6076900084,1555
2,Oesophagus,724,Spain,1,1,2001,4.829217422,7.654648909,0.582314325,1550
2,Oesophagus,724,Spain,1,1,2002,4.703378639,7.324889096,0.5821277299,1503
2,Oesophagus,724,Spain,1,1,2003,4.734921771,7.585291694,0.582254025,1587
2,Oesophagus,724,Spain,1,1,2004,4.690721839,7.463737366,0.5666286213,1591
2,Oesophagus,724,Spain,1,1,2005,4.321156494,7.010194605,0.5055874462,1522
2,Oesophagus,724,Spain,1,1,2006,4.121804278,6.773715504,0.5086743178,1497
2,Oesophagus,724,Spain,1,1,2007,4.076329579,6.736807573,0.512014977,1518
2,Oesophagus,724,Spain,1,1,2008,4.099364674,6.778613305,0.5004709958,1553
2,Oesophagus,724,Spain,1,1,2009,3.812708633,6.51020855,0.4655898971,1504
2,Oesophagus,724,Spain,1,1,2010,3.770581609,6.595295135,0.4681798455,1529
2,Oesophagus,724,Spain,1,1,2011,3.845997894,6.829300851,0.4748306409,1587
2,Oesophagus,724,Spain,1,1,2012,3.579892835,6.645537618,0.4373291124,1543
2,Oesophagus,724,Spain,1,1,2013,3.52040526,6.530381062,0.4474052807,1509
2,Oesophagus,724,Spain,1,1,2014,3.508233991,6.713561801,0.4247822989,1545
2,Oesophagus,724,Spain,1,1,2015,3.624789645,7.075928015,0.4471807768,1626
2,Oesophagus,724,Spain,1,1,2016,3.379878969,6.777636471,0.4227933608,1558
2,Oesophagus,724,Spain,1,1,2017,3.260261027,6.593684119,0.4060030641,1519
2,Oesophagus,724,Spain,1,1,2018,3.18604381,6.587115861,0.3890831955,1524
2,Oesophagus,724,Spain,1,1,2019,3.083241863,6.502259084,0.3792795479,1515
2,Oesophagus,724,Spain,1,1,2020,2.916719989,6.238992486,0.3662449924,1461
2,Oesophagus,724,Spain,1,1,2021,2.923317366,6.347325119,0.3700932525,1488
2,Oesophagus,724,Spain,1,1,2022,2.93497128,6.53165083,0.3614204232,1534
2,Oesophagus,724,Spain,2,0,1993,0.6861169926,1.315914817,0.07504485364,46
2,Oesophagus,724,Spain,2,0,1994,0.8042396928,1.394919702,0.085577063,49
2,Oesophagus,724,Spain,2,0,1995,0.625366565,1.187252974,0.06729855736,42
2,Oesophagus,724,Spain,2,0,1996,0.7665011712,1.375440913,0.08820638797,49
2,Oesophagus,724,Spain,2,0,1997,0.6424894411,1.228795939,0.06450743193,44
2,Oesophagus,724,Spain,2,0,1998,0.6908717874,1.387187273,0.07090042373,50
2,Oesophagus,724,Spain,2,0,1999,0.5996622365,1.101058447,0.06684175891,40
2,Oesophagus,724,Spain,2,0,2000,0.6174266406,1.281372148,0.05992741662,47
2,Oesophagus,724,Spain,2,0,2001,0.8052613009,1.747454631,0.08633817246,65
2,Oesophagus,724,Spain,2,0,2002,0.6342162947,1.267791673,0.06867940657,48
2,Oesophagus,724,Spain,2,0,2003,0.6354224822,1.351734249,0.06235333448,52
2,Oesophagus,724,Spain,2,0,2004,0.7492035625,1.458790325,0.07695698838,57
2,Oesophagus,724,Spain,2,0,2005,0.7931932098,1.58398874,0.0800912192,63
2,Oesophagus,724,Spain,2,0,2006,0.7058328702,1.286257624,0.0880552668,52
2,Oesophagus,724,Spain,2,0,2007,0.8536143923,1.676333523,0.08848366422,69
2,Oesophagus,724,Spain,2,0,2008,0.7771650002,1.456983981,0.09057681644,61
2,Oesophagus,724,Spain,2,0,2009,0.9877863334,1.842019004,0.1165442431,78
2,Oesophagus,724,Spain,2,0,2010,0.8339004365,1.688579504,0.08955812839,72
2,Oesophagus,724,Spain,2,0,2011,0.7671245315,1.588700415,0.08804509367,68
2,Oesophagus,724,Spain,2,0,2012,0.780932333,1.794614943,0.08761360796,77
2,Oesophagus,724,Spain,2,0,2013,0.5262072204,1.189515471,0.06008576275,51
2,Oesophagus,724,Spain,2,0,2014,0.8605094208,1.940405699,0.107205599,83
2,Oesophagus,724,Spain,2,0,2015,0.8264594535,1.70629438,0.1012397398,73
2,Oesophagus,724,Spain,2,0,2016,0.6658242736,1.565079022,0.08403162516,67
2,Oesophagus,724,Spain,2,1,1952,0.5956087554,0.6796651494,0.07566460762,100
2,Oesophagus,724,Spain,2,1,1953,0.6340122844,0.7424291045,0.08336209879,110
2,Oesophagus,724,Spain,2,1,1954,0.4453753785,0.5429243716,0.04333830051,81
2,Oesophagus,724,Spain,2,1,1955,0.6810965209,0.8585286822,0.06999050591,129
2,Oesophagus,724,Spain,2,1,1956,0.7445514355,0.9317375071,0.08244120812,141
2,Oesophagus,724,Spain,2,1,1957,0.8208155159,0.9837909295,0.1052054613,150
2,Oesophagus,724,Spain,2,1,1958,0.7294655654,0.9298978917,0.08003824257,143
2,Oesophagus,724,Spain,2,1,1959,0.803453724,0.9862116969,0.09761871214,153
2,Oesophagus,724,Spain,2,1,1960,1.033122898,1.285423777,0.125029211,201
2,Oesophagus,724,Spain,2,1,1961,1.048349014,1.388018384,0.1123879832,219
2,Oesophagus,724,Spain,2,1,1962,1.178342003,1.580523089,0.1332592026,252
2,Oesophagus,724,Spain,2,1,1963,1.044123956,1.433863289,0.1062177695,231
2,Oesophagus,724,Spain,2,1,1964,1.085705392,1.473453298,0.1292068509,240
2,Oesophagus,724,Spain,2,1,1965,1.105160265,1.560353044,0.09824403465,257
2,Oesophagus,724,Spain,2,1,1966,1.008011291,1.441798687,0.1210634984,240
2,Oesophagus,724,Spain,2,1,1967,1.113948753,1.59323787,0.1281419345,268
2,Oesophagus,724,Spain,2,1,1968,1.203882576,1.718262247,0.1291133675,292
2,Oesophagus,724,Spain,2,1,1969,1.10455271,1.626335727,0.1217655717,279
2,Oesophagus,724,Spain,2,1,1970,1.145352685,1.727333827,0.1339377785,299
2,Oesophagus,724,Spain,2,1,1971,1.184958093,1.853623155,0.1232433227,324
2,Oesophagus,724,Spain,2,1,1972,1.029800513,1.539556905,0.1148501397,272
2,Oesophagus,724,Spain,2,1,1973,0.96783318,1.517620725,0.1003818833,271
2,Oesophagus,724,Spain,2,1,1974,1.096622979,1.744132013,0.1192108542,315
2,Oesophagus,724,Spain,2,1,1975,0.872101337,1.407216662,0.09786508065,257
2,Oesophagus,724,Spain,2,1,1976,0.9991816302,1.631535135,0.104426922,301
2,Oesophagus,724,Spain,2,1,1977,0.876337098,1.50275299,0.09176631808,280
2,Oesophagus,724,Spain,2,1,1978,0.9674519021,1.621873188,0.0976569413,305
2,Oesophagus,724,Spain,2,1,1979,0.8607126011,1.486918518,0.09230484227,282
2,Oesophagus,724,Spain,2,1,1980,0.7974801975,1.459342483,0.07403515177,279
2,Oesophagus,724,Spain,2,1,1981,0.7548138026,1.391940973,0.07939012343,268
2,Oesophagus,724,Spain,2,1,1982,0.8491078893,1.564435981,0.08630442581,303
2,Oesophagus,724,Spain,2,1,1983,0.7345956814,1.463835745,0.06918638028,285
2,Oesophagus,724,Spain,2,1,1984,0.7970301835,1.554162671,0.07474073672,304
2,Oesophagus,724,Spain,2,1,1985,0.6625290108,1.328755491,0.06726844934,261
2,Oesophagus,724,Spain,2,1,1986,0.6827340163,1.440784286,0.06467643982,284
2,Oesophagus,724,Spain,2,1,1987,0.6308138008,1.395842145,0.05870999243,276
2,Oesophagus,724,Spain,2,1,1988,0.5827924468,1.341544967,0.0515503462,266
2,Oesophagus,724,Spain,2,1,1989,0.5945925606,1.268022142,0.05554514486,252
2,Oesophagus,724,Spain,2,1,1990,0.6098798942,1.341032265,0.05534624004,267
2,Oesophagus,724,Spain,2,1,1991,0.4917014559,1.096437869,0.04533015187,219
2,Oesophagus,724,Spain,2,1,1992,0.486614334,1.075515182,0.04746599379,216
2,Oesophagus,724,Spain,2,1,1993,0.5955734017,1.321883054,0.05541027245,267
2,Oesophagus,724,Spain,2,1,1994,0.4453105446,1.068876611,0.04843619827,217
2,Oesophagus,724,Spain,2,1,1995,0.4337863004,1.058863626,0.0430337179,216
2,Oesophagus,724,Spain,2,1,1996,0.4975796638,1.107710797,0.05144385236,227
2,Oesophagus,724,Spain,2,1,1997,0.4883516681,1.126941509,0.04698516852,232
2,Oesophagus,724,Spain,2,1,1998,0.4900797223,1.141033589,0.05599679762,236
2,Oesophagus,724,Spain,2,1,1999,0.4679441143,1.140511251,0.04815726415,237
2,Oesophagus,724,Spain,2,1,2000,0.4638591688,1.125310966,0.04678965904,235
2,Oesophagus,724,Spain,2,1,2001,0.4856239816,1.133524035,0.04593264795,238
2,Oesophagus,724,Spain,2,1,2002,0.4757860371,1.115996697,0.0533219487,237
2,Oesophagus,724,Spain,2,1,2003,0.4669709876,1.111910374,0.04690391413,240
2,Oesophagus,724,Spain,2,1,2004,0.4294275874,1.099544476,0.04237637376,241
2,Oesophagus,724,Spain,2,1,2005,0.4701826479,1.0517966,0.05099132184,234
2,Oesophagus,724,Spain,2,1,2006,0.5026183823,1.163958026,0.05438193543,263
2,Oesophagus,724,Spain,2,1,2007,0.4816278965,1.126891508,0.05374491276,259
2,Oesophagus,724,Spain,2,1,2008,0.4362856439,1.011800184,0.04901418022,236
2,Oesophagus,724,Spain,2,1,2009,0.494714666,1.130327553,0.05630359604,266
2,Oesophagus,724,Spain,2,1,2010,0.4989913475,1.179341064,0.05708971985,279
2,Oesophagus,724,Spain,2,1,2011,0.4966540099,1.212124324,0.05565774449,288
2,Oesophagus,724,Spain,2,1,2012,0.3655402424,1.029423248,0.03899634166,245
2,Oesophagus,724,Spain,2,1,2013,0.4959904323,1.216687983,0.05527721778,289
2,Oesophagus,724,Spain,2,1,2014,0.4888040697,1.219045729,0.05551013717,289
2,Oesophagus,724,Spain,2,1,2015,0.4982841072,1.286682691,0.05714358069,305
2,Oesophagus,724,Spain,2,1,2016,0.439598875,1.191809456,0.04949239101,283
2,Oesophagus,724,Spain,2,1,2017,0.5418822506,1.388923944,0.06440028746,331
2,Oesophagus,724,Spain,2,1,2018,0.4825912325,1.252256828,0.06164837941,300
2,Oesophagus,724,Spain,2,1,2019,0.4275108028,1.238837797,0.04976560583,299
2,Oesophagus,724,Spain,2,1,2020,0.547854929,1.492030015,0.06531799318,362
2,Oesophagus,724,Spain,2,1,2021,0.4012302019,1.202006321,0.04473922941,292
2,Oesophagus,724,Spain,2,1,2022,0.4590747839,1.285804178,0.05416893107,313
2,Oesophagus,752,Sweden,1,0,1960,2.414508727,3.615475198,0.3217956888,135
2,Oesophagus,752,Sweden,1,0,1961,2.597059337,3.891689484,0.3319615859,146
2,Oesophagus,752,Sweden,1,0,1962,2.738116456,4.135023356,0.326144666,156
2,Oesophagus,752,Sweden,1,0,1963,2.347506511,3.55826675,0.2971930518,135
2,Oesophagus,752,Sweden,1,0,1964,2.453406767,3.792532269,0.3016813139,145
2,Oesophagus,752,Sweden,1,0,1965,2.748863118,4.246845293,0.3410358962,164
2,Oesophagus,752,Sweden,1,0,1966,2.723682817,4.33241575,0.321129796,169
2,Oesophagus,752,Sweden,1,0,1967,2.472588831,3.892434481,0.2936153653,153
2,Oesophagus,752,Sweden,1,0,1968,2.829967801,4.606806531,0.3626714674,182
2,Oesophagus,752,Sweden,1,0,1969,2.723709978,4.42452848,0.3412973466,176
2,Oesophagus,752,Sweden,1,0,1970,2.765327459,4.457001514,0.2929088882,179
2,Oesophagus,752,Sweden,1,0,1971,3.009775536,4.97257046,0.3889210833,201
2,Oesophagus,752,Sweden,1,0,1972,2.958575323,4.963026686,0.3639538588,201
2,Oesophagus,752,Sweden,1,0,1973,2.815867075,4.83601469,0.3401400521,196
2,Oesophagus,752,Sweden,1,0,1974,2.775275917,4.727698131,0.3320141842,192
2,Oesophagus,752,Sweden,1,0,1975,2.766357228,4.810360141,0.3505988469,196
2,Oesophagus,752,Sweden,1,0,1976,2.977229035,5.16280325,0.4017723339,211
2,Oesophagus,752,Sweden,1,0,1977,2.936385373,5.123708277,0.346660034,210
2,Oesophagus,752,Sweden,1,0,1978,2.906118377,5.064454928,0.3465729741,208
2,Oesophagus,752,Sweden,1,0,1979,2.860018214,5.130677879,0.349643215,211
2,Oesophagus,752,Sweden,1,0,1980,3.223362433,5.755673832,0.398178006,237
2,Oesophagus,752,Sweden,1,0,1981,2.960445819,5.316532766,0.3723801887,219
2,Oesophagus,752,Sweden,1,0,1982,3.198763123,5.803796703,0.3991112608,239
2,Oesophagus,752,Sweden,1,0,1983,3.16347166,5.611219719,0.396722377,231
2,Oesophagus,752,Sweden,1,0,1984,3.161476604,5.681889923,0.3813251282,234
2,Oesophagus,752,Sweden,1,0,1985,3.162093905,5.989570388,0.3937264052,247
2,Oesophagus,752,Sweden,1,0,1986,3.312133841,6.049874683,0.4325198462,250
2,Oesophagus,752,Sweden,1,0,1987,3.222508923,5.693532581,0.4051391729,236
2,Oesophagus,752,Sweden,1,0,1988,3.027369494,5.499209339,0.3652031763,229
2,Oesophagus,752,Sweden,1,0,1989,3.107556086,5.460203344,0.4180593666,229
2,Oesophagus,752,Sweden,1,0,1990,2.907468685,5.392554302,0.368607117,228
2,Oesophagus,752,Sweden,1,0,1991,3.160406359,5.778276265,0.3986453157,246
2,Oesophagus,752,Sweden,1,0,1992,3.042946913,5.557357416,0.3685836166,238
2,Oesophagus,752,Sweden,1,0,1993,3.057953791,5.33918446,0.4136876637,230
2,Oesophagus,752,Sweden,1,0,1994,2.949910356,5.347335978,0.3722816561,232
2,Oesophagus,752,Sweden,1,0,1995,3.005071656,5.227957281,0.3901193006,228
2,Oesophagus,752,Sweden,1,0,1996,3.293572603,5.81515544,0.3931561268,254
2,Oesophagus,752,Sweden,1,0,1997,2.995410396,5.536719777,0.4006434539,242
2,Oesophagus,752,Sweden,1,0,1998,3.38429856,5.807344324,0.4381034467,254
2,Oesophagus,752,Sweden,1,0,1999,3.58170111,6.350114234,0.4505614544,278
2,Oesophagus,752,Sweden,1,0,2000,3.198456216,5.950156836,0.3875852372,261
2,Oesophagus,752,Sweden,1,0,2001,3.51749782,6.567283294,0.4393882569,289
2,Oesophagus,752,Sweden,1,0,2002,3.170419074,5.953214974,0.4133782714,263
2,Oesophagus,752,Sweden,1,0,2003,3.677015065,6.964342342,0.460078408,309
2,Oesophagus,752,Sweden,1,0,2004,3.511776682,6.799075864,0.4460167908,303
2,Oesophagus,752,Sweden,1,0,2005,3.887188011,7.282579266,0.5054279225,326
2,Oesophagus,752,Sweden,1,0,2006,3.370708863,6.481628025,0.4207087388,292
2,Oesophagus,752,Sweden,1,0,2007,2.863784218,5.524100705,0.3636994996,251
2,Oesophagus,752,Sweden,1,0,2008,3.226701993,6.41386302,0.3971439463,294
2,Oesophagus,752,Sweden,1,0,2009,3.676933277,7.133025302,0.4640010973,330
2,Oesophagus,752,Sweden,1,0,2010,3.078014329,6.424484997,0.3914777107,300
2,Oesophagus,752,Sweden,1,0,2011,3.556803721,7.242156914,0.4592808626,341
2,Oesophagus,752,Sweden,1,0,2012,3.19512555,6.61557365,0.4134437085,314
2,Oesophagus,752,Sweden,1,0,2013,3.462781898,7.411061521,0.4234762456,355
2,Oesophagus,752,Sweden,1,0,2014,3.735199734,8.176236718,0.4637690322,396
2,Oesophagus,752,Sweden,1,0,2015,3.165026985,6.854894731,0.3840533031,336
2,Oesophagus,752,Sweden,1,0,2016,3.293872706,7.200088654,0.4086731252,358
2,Oesophagus,752,Sweden,1,0,2017,3.188859154,7.032474183,0.4205110658,355
2,Oesophagus,752,Sweden,1,0,2018,3.492337754,7.823876711,0.4508221095,400
2,Oesophagus,752,Sweden,1,0,2019,2.994743761,6.848345138,0.3844116619,354
2,Oesophagus,752,Sweden,1,0,2020,2.927591411,6.910669613,0.3646060522,360
2,Oesophagus,752,Sweden,1,0,2021,3.366287715,7.745457556,0.4324448135,406
2,Oesophagus,752,Sweden,1,0,2022,3.11789323,7.065036215,0.3957981259,373
2,Oesophagus,752,Sweden,1,1,1952,2.560628407,3.437781785,0.3184989485,122
2,Oesophagus,752,Sweden,1,1,1953,2.588285192,3.610411419,0.2794945913,129
2,Oesophagus,752,Sweden,1,1,1954,2.639497476,3.755737933,0.3036554109,135
2,Oesophagus,752,Sweden,1,1,1955,2.683360098,3.729693889,0.2793199347,135
2,Oesophagus,752,Sweden,1,1,1956,2.968918961,4.167009348,0.3001724824,152
2,Oesophagus,752,Sweden,1,1,1957,2.935342808,4.218031404,0.3150012092,155
2,Oesophagus,752,Sweden,1,1,1958,2.265588202,3.298099538,0.2465907379,122
2,Oesophagus,752,Sweden,1,1,1959,2.379265956,3.549723014,0.2266325667,132
2,Oesophagus,752,Sweden,1,1,1960,2.679688806,4.019938897,0.3318570703,150
2,Oesophagus,752,Sweden,1,1,1961,2.656165727,3.918432627,0.311799561,147
2,Oesophagus,752,Sweden,1,1,1962,2.637314509,4.055666004,0.3015834451,153
2,Oesophagus,752,Sweden,1,1,1963,2.539723085,3.900998972,0.3075989909,148
2,Oesophagus,752,Sweden,1,1,1964,2.54826884,3.92341494,0.3162264172,150
2,Oesophagus,752,Sweden,1,1,1965,2.685116497,4.195152268,0.3450261815,162
2,Oesophagus,752,Sweden,1,1,1966,2.351062364,3.691455818,0.2853388876,144
2,Oesophagus,752,Sweden,1,1,1967,2.55633044,4.172284835,0.2849330829,164
2,Oesophagus,752,Sweden,1,1,1968,2.662870368,4.302599276,0.3161774367,170
2,Oesophagus,752,Sweden,1,1,1969,2.604420641,4.22333392,0.3330772681,168
2,Oesophagus,752,Sweden,1,1,1970,2.71837287,4.431829499,0.3345920064,178
2,Oesophagus,752,Sweden,1,1,1971,2.971557339,4.947555907,0.3310887325,200
2,Oesophagus,752,Sweden,1,1,1972,3.069155138,5.185057159,0.3942184114,210
2,Oesophagus,752,Sweden,1,1,1973,2.790013666,4.761787274,0.294451008,193
2,Oesophagus,752,Sweden,1,1,1974,2.540135123,4.50661216,0.3198363084,183
2,Oesophagus,752,Sweden,1,1,1975,3.125676623,5.325545439,0.3594961211,217
2,Oesophagus,752,Sweden,1,1,1976,3.163171706,5.407521593,0.3816291464,221
2,Oesophagus,752,Sweden,1,1,1977,2.637587244,4.831271503,0.3004621186,198
2,Oesophagus,752,Sweden,1,1,1978,3.035582933,5.429621874,0.3708067109,223
2,Oesophagus,752,Sweden,1,1,1979,2.702408613,4.814706741,0.3281483523,198
2,Oesophagus,752,Sweden,1,1,1980,2.820517081,5.100182149,0.3306902757,210
2,Oesophagus,752,Sweden,1,1,1981,2.873602537,5.268268997,0.3559607693,217
2,Oesophagus,752,Sweden,1,1,1982,3.256868974,5.755360742,0.3883511794,237
2,Oesophagus,752,Sweden,1,1,1983,2.997115114,5.416960187,0.3847110302,223
2,Oesophagus,752,Sweden,1,1,1984,2.940441204,5.536264964,0.347338448,228
2,Oesophagus,752,Sweden,1,1,1985,2.925450892,5.528881129,0.3431757332,228
2,Oesophagus,752,Sweden,1,1,1986,2.681001522,4.888318854,0.3415567039,202
2,Oesophagus,752,Sweden,1,1,1987,3.194729271,5.983112183,0.3900172219,248
2,Oesophagus,752,Sweden,1,1,1988,3.078442465,5.595312425,0.3795745875,233
2,Oesophagus,752,Sweden,1,1,1989,2.510422982,4.745099909,0.3144208307,199
2,Oesophagus,752,Sweden,1,1,1990,2.820018403,5.250833747,0.3492851079,222
2,Oesophagus,752,Sweden,1,1,1991,2.960725661,5.663525486,0.367279973,241
2,Oesophagus,752,Sweden,1,1,1992,2.881029558,5.323744367,0.3451490531,228
2,Oesophagus,752,Sweden,1,1,1993,2.893879349,5.38545463,0.360127843,232
2,Oesophagus,752,Sweden,1,1,1994,2.906860305,5.346977344,0.3738146044,232
2,Oesophagus,752,Sweden,1,1,1995,2.446344121,4.60882326,0.3130376726,201
2,Oesophagus,752,Sweden,1,1,1996,3.007737143,5.471611722,0.3519467755,239
2,Oesophagus,752,Sweden,1,1,1997,3.2849257,6.245996156,0.4039913527,273
2,Oesophagus,752,Sweden,1,1,1998,2.980649499,5.48696845,0.3885643492,240
2,Oesophagus,752,Sweden,1,1,1999,3.113355151,5.778959152,0.3831911929,253
2,Oesophagus,752,Sweden,1,1,2000,2.899917202,5.608087683,0.3437119271,246
2,Oesophagus,752,Sweden,1,1,2001,2.887506653,5.749111501,0.3268682454,253
2,Oesophagus,752,Sweden,1,1,2002,2.837868765,5.477869408,0.3434940364,242
2,Oesophagus,752,Sweden,1,1,2003,3.317295032,6.693890743,0.396796918,297
2,Oesophagus,752,Sweden,1,1,2004,3.51448685,6.888839597,0.4377873315,307
2,Oesophagus,752,Sweden,1,1,2005,3.196669064,6.433697563,0.3769534538,288
2,Oesophagus,752,Sweden,1,1,2006,3.084199811,6.059884309,0.38450283,273
2,Oesophagus,752,Sweden,1,1,2007,3.101576542,6.338406186,0.3596487552,288
2,Oesophagus,752,Sweden,1,1,2008,2.80826018,5.715754233,0.3419179196,262
2,Oesophagus,752,Sweden,1,1,2009,3.214663444,6.527798913,0.390807145,302
2,Oesophagus,752,Sweden,1,1,2010,3.027634465,6.61722805,0.3509004477,309
2,Oesophagus,752,Sweden,1,1,2011,3.008780341,6.413870952,0.3765938811,302
2,Oesophagus,752,Sweden,1,1,2012,3.080692218,6.510228749,0.3886567432,309
2,Oesophagus,752,Sweden,1,1,2013,3.219301974,6.805659386,0.3923959968,326
2,Oesophagus,752,Sweden,1,1,2014,3.215762584,7.371009654,0.39488343,357
2,Oesophagus,752,Sweden,1,1,2015,3.026661709,6.834185421,0.3712897383,331
2,Oesophagus,752,Sweden,1,1,2016,3.380172712,7.72300711,0.4068455484,384
2,Oesophagus,752,Sweden,1,1,2017,2.936008218,6.715524917,0.3741209748,339
2,Oesophagus,752,Sweden,1,1,2018,3.019614543,7.021936216,0.3702946577,359
2,Oesophagus,752,Sweden,1,1,2019,3.157327772,7.13853754,0.3826787961,369
2,Oesophagus,752,Sweden,1,1,2020,2.71652418,6.661124688,0.3126709386,347
2,Oesophagus,752,Sweden,1,1,2021,2.791357233,7.154062449,0.3361889945,375
2,Oesophagus,752,Sweden,1,1,2022,2.746183191,6.761984125,0.3252489051,357
2,Oesophagus,752,Sweden,1,1,2023,2.781290291,6.955149558,0.3383517838,369
2,Oesophagus,752,Sweden,2,0,1960,1.025620248,1.81298669,0.1030190904,68
2,Oesophagus,752,Sweden,2,0,1961,1.237001276,2.096368188,0.1337080521,79
2,Oesophagus,752,Sweden,2,0,1962,1.044122036,1.90026411,0.1338488266,72
2,Oesophagus,752,Sweden,2,0,1963,1.054340668,1.968320537,0.12795217,75
2,Oesophagus,752,Sweden,2,0,1964,1.239601042,2.37098951,0.1260428771,91
2,Oesophagus,752,Sweden,2,0,1965,1.210903969,2.220974574,0.1259109683,86
2,Oesophagus,752,Sweden,2,0,1966,1.235412273,2.508329959,0.129394309,98
2,Oesophagus,752,Sweden,2,0,1967,1.058785879,2.05727818,0.1191772187,81
2,Oesophagus,752,Sweden,2,0,1968,1.077305206,2.271970523,0.106017352,90
2,Oesophagus,752,Sweden,2,0,1969,0.9164344345,1.904803438,0.08798716363,76
2,Oesophagus,752,Sweden,2,0,1970,0.8519405699,1.688786039,0.08470897995,68
2,Oesophagus,752,Sweden,2,0,1971,1.201332121,2.342215425,0.1416914604,95
2,Oesophagus,752,Sweden,2,0,1972,1.261323373,2.676680562,0.138338981,109
2,Oesophagus,752,Sweden,2,0,1973,0.9629122669,2.154822002,0.1061861598,88
2,Oesophagus,752,Sweden,2,0,1974,0.9612827006,2.219838674,0.09432587153,91
2,Oesophagus,752,Sweden,2,0,1975,0.9347745772,2.088375181,0.0938440777,86
2,Oesophagus,752,Sweden,2,0,1976,0.7828621834,1.813612394,0.0856629019,75
2,Oesophagus,752,Sweden,2,0,1977,0.9906102429,2.335625537,0.1197030457,97
2,Oesophagus,752,Sweden,2,0,1978,0.8443127226,1.967026401,0.09063580556,82
2,Oesophagus,752,Sweden,2,0,1979,0.8842167912,2.200317898,0.08389865969,92
2,Oesophagus,752,Sweden,2,0,1980,0.8685299457,2.098833597,0.08640871192,88
2,Oesophagus,752,Sweden,2,0,1981,0.7337403711,1.713768319,0.08108290957,72
2,Oesophagus,752,Sweden,2,0,1982,0.8245234586,2.139152843,0.08094864079,90
2,Oesophagus,752,Sweden,2,0,1983,0.8759851067,2.089126902,0.09235915771,88
2,Oesophagus,752,Sweden,2,0,1984,0.9547190693,2.512885651,0.1080669073,106
2,Oesophagus,752,Sweden,2,0,1985,0.8259782256,2.058413517,0.09300738006,87
2,Oesophagus,752,Sweden,2,0,1986,0.8657169506,2.289074202,0.09418482441,97
2,Oesophagus,752,Sweden,2,0,1987,0.88424111,2.139788377,0.1077995395,91
2,Oesophagus,752,Sweden,2,0,1988,1.073411881,2.504530391,0.1191457549,107
2,Oesophagus,752,Sweden,2,0,1989,0.9496875302,2.465697151,0.09896143775,106
2,Oesophagus,752,Sweden,2,0,1990,0.8811548522,2.19359567,0.1002545179,95
2,Oesophagus,752,Sweden,2,0,1991,1.043112055,2.637579592,0.118791675,115
2,Oesophagus,752,Sweden,2,0,1992,1.148750264,2.78191518,0.1329626182,122
2,Oesophagus,752,Sweden,2,0,1993,1.194557651,2.788611673,0.1536221158,123
2,Oesophagus,752,Sweden,2,0,1994,1.010688366,2.386234041,0.1199315477,106
2,Oesophagus,752,Sweden,2,0,1995,0.876474083,2.149679978,0.1018221807,96
2,Oesophagus,752,Sweden,2,0,1996,0.8320754218,2.19086993,0.09106249559,98
2,Oesophagus,752,Sweden,2,0,1997,0.8056192704,2.122785013,0.1028360938,95
2,Oesophagus,752,Sweden,2,0,1998,0.9854366285,2.434550787,0.121746922,109
2,Oesophagus,752,Sweden,2,0,1999,1.140351957,2.723207599,0.1331469539,122
2,Oesophagus,752,Sweden,2,0,2000,1.095976679,2.652886519,0.1270886458,119
2,Oesophagus,752,Sweden,2,0,2001,1.232676452,3.003093854,0.1450562013,135
2,Oesophagus,752,Sweden,2,0,2002,1.017366499,2.484919644,0.1388284927,112
2,Oesophagus,752,Sweden,2,0,2003,0.9232195681,2.300196424,0.1190510823,104
2,Oesophagus,752,Sweden,2,0,2004,0.8348626416,2.182034101,0.09345851361,99
2,Oesophagus,752,Sweden,2,0,2005,0.907648821,2.350022962,0.1088895699,107
2,Oesophagus,752,Sweden,2,0,2006,0.9100277836,2.185566866,0.1144904828,100
2,Oesophagus,752,Sweden,2,0,2007,1.197011441,2.736527165,0.1523582104,126
2,Oesophagus,752,Sweden,2,0,2008,0.9813421934,2.394394787,0.113816642,111
2,Oesophagus,752,Sweden,2,0,2009,1.05981424,2.50419667,0.1356356804,117
2,Oesophagus,752,Sweden,2,0,2010,0.9253787329,2.166294078,0.1109510905,102
2,Oesophagus,752,Sweden,2,0,2011,1.005921248,2.552376452,0.12716151,121
2,Oesophagus,752,Sweden,2,0,2012,1.055877524,2.639844174,0.1309362674,126
2,Oesophagus,752,Sweden,2,0,2013,0.8994615396,2.28678248,0.1072538102,110
2,Oesophagus,752,Sweden,2,0,2014,1.190846965,2.761283346,0.1325477182,134
2,Oesophagus,752,Sweden,2,0,2015,1.099332927,2.981058031,0.1288928797,146
2,Oesophagus,752,Sweden,2,0,2016,1.135751571,2.787352851,0.1667580596,138
2,Oesophagus,752,Sweden,2,0,2017,1.157773381,2.794579076,0.1533823629,140
2,Oesophagus,752,Sweden,2,0,2018,1.095972338,2.745587357,0.1450692097,139
2,Oesophagus,752,Sweden,2,0,2019,0.9728020107,2.446296454,0.1229168131,125
2,Oesophagus,752,Sweden,2,0,2020,1.257313352,3.246426938,0.1601650501,167
2,Oesophagus,752,Sweden,2,0,2021,1.074280433,3.092363486,0.1268974477,160
2,Oesophagus,752,Sweden,2,0,2022,0.92391287,2.669262444,0.106713978,139
2,Oesophagus,752,Sweden,2,1,1952,1.358386263,2.125636292,0.1618855441,76
2,Oesophagus,752,Sweden,2,1,1953,1.513252549,2.445463388,0.1504961736,88
2,Oesophagus,752,Sweden,2,1,1954,1.299867332,2.155172414,0.1320290732,78
2,Oesophagus,752,Sweden,2,1,1955,1.40320219,2.305981827,0.1642261438,84
2,Oesophagus,752,Sweden,2,1,1956,1.517240829,2.562704471,0.1457052149,94
2,Oesophagus,752,Sweden,2,1,1957,1.497919534,2.545631804,0.147372276,94
2,Oesophagus,752,Sweden,2,1,1958,1.050040895,1.749051476,0.09293131494,65
2,Oesophagus,752,Sweden,2,1,1959,1.333686509,2.302420218,0.1509059892,86
2,Oesophagus,752,Sweden,2,1,1960,1.206248002,2.133959295,0.1167400172,80
2,Oesophagus,752,Sweden,2,1,1961,1.146609843,2.202058792,0.1229504754,83
2,Oesophagus,752,Sweden,2,1,1962,0.980123381,1.794574053,0.1204627454,68
2,Oesophagus,752,Sweden,2,1,1963,1.158166521,2.125761075,0.1152014096,81
2,Oesophagus,752,Sweden,2,1,1964,0.8016865431,1.641394404,0.07857215861,63
2,Oesophagus,752,Sweden,2,1,1965,0.9902038177,1.962657852,0.1035121871,76
2,Oesophagus,752,Sweden,2,1,1966,1.139787298,2.303557717,0.1079129313,90
2,Oesophagus,752,Sweden,2,1,1967,1.062242426,2.133658462,0.1113297988,84
2,Oesophagus,752,Sweden,2,1,1968,1.009409536,2.120515992,0.09119454484,84
2,Oesophagus,752,Sweden,2,1,1969,0.852202292,1.779404025,0.08663041022,71
2,Oesophagus,752,Sweden,2,1,1970,0.7546373112,1.738482553,0.07386727752,70
2,Oesophagus,752,Sweden,2,1,1971,0.9873985003,2.120315582,0.08888395951,86
2,Oesophagus,752,Sweden,2,1,1972,1.010602832,2.18538981,0.1101292299,89
2,Oesophagus,752,Sweden,2,1,1973,1.016793026,2.375180587,0.09913465197,97
2,Oesophagus,752,Sweden,2,1,1974,1.044130647,2.341806118,0.10708677,96
2,Oesophagus,752,Sweden,2,1,1975,0.8235461844,2.064008547,0.07366513634,85
2,Oesophagus,752,Sweden,2,1,1976,0.832903945,2.055324499,0.08000508537,85
2,Oesophagus,752,Sweden,2,1,1977,0.9130851094,2.070792198,0.09417233454,86
2,Oesophagus,752,Sweden,2,1,1978,0.9160411188,2.254845519,0.09455846698,94
2,Oesophagus,752,Sweden,2,1,1979,0.8357112855,2.056776601,0.08633731985,86
2,Oesophagus,752,Sweden,2,1,1980,0.7607428925,1.979536836,0.0608999133,83
2,Oesophagus,752,Sweden,2,1,1981,0.7762891175,2.023086993,0.07146238755,85
2,Oesophagus,752,Sweden,2,1,1982,0.7164977461,2.044163438,0.07879893121,86
2,Oesophagus,752,Sweden,2,1,1983,0.7276181806,1.875459962,0.06525860134,79
2,Oesophagus,752,Sweden,2,1,1984,0.7910300389,2.157267146,0.08198857135,91
2,Oesophagus,752,Sweden,2,1,1985,0.6543344734,1.869114655,0.06379337286,79
2,Oesophagus,752,Sweden,2,1,1986,0.7242319852,1.935103245,0.0814598028,82
2,Oesophagus,752,Sweden,2,1,1987,0.8584971563,2.257283266,0.1009469648,96
2,Oesophagus,752,Sweden,2,1,1988,0.6895402779,1.919295946,0.07527364363,82
2,Oesophagus,752,Sweden,2,1,1989,1.026696422,2.744760531,0.09668866073,118
2,Oesophagus,752,Sweden,2,1,1990,0.8900465389,2.493880756,0.09272485828,108
2,Oesophagus,752,Sweden,2,1,1991,0.8909853992,2.409196246,0.08879790732,105
2,Oesophagus,752,Sweden,2,1,1992,0.8460263372,2.394199197,0.09158727319,105
2,Oesophagus,752,Sweden,2,1,1993,1.005038913,2.516550286,0.1231612958,111
2,Oesophagus,752,Sweden,2,1,1994,0.8181388067,2.228525122,0.08637702606,99
2,Oesophagus,752,Sweden,2,1,1995,0.8017354505,2.149670832,0.08347754467,96
2,Oesophagus,752,Sweden,2,1,1996,0.8777283738,2.414432944,0.08618085022,108
2,Oesophagus,752,Sweden,2,1,1997,0.7155404462,2.234387219,0.07680944934,100
2,Oesophagus,752,Sweden,2,1,1998,0.8792058749,2.434557313,0.09880810874,109
2,Oesophagus,752,Sweden,2,1,1999,0.7488518318,2.142809312,0.08574175328,96
2,Oesophagus,752,Sweden,2,1,2000,0.8917750818,2.407612335,0.09549769725,108
2,Oesophagus,752,Sweden,2,1,2001,1.040530323,3.069772594,0.1051172054,138
2,Oesophagus,752,Sweden,2,1,2002,0.9254625421,2.351802079,0.1177607577,106
2,Oesophagus,752,Sweden,2,1,2003,0.9694977715,2.698310625,0.1014741033,122
2,Oesophagus,752,Sweden,2,1,2004,0.8551475861,2.358361908,0.09607696578,107
2,Oesophagus,752,Sweden,2,1,2005,0.8401305444,2.240211511,0.09106339769,102
2,Oesophagus,752,Sweden,2,1,2006,0.8801145713,2.469692718,0.1055624886,113
2,Oesophagus,752,Sweden,2,1,2007,0.927044878,2.410749598,0.1099449789,111
2,Oesophagus,752,Sweden,2,1,2008,0.7975228689,2.15711242,0.0872239204,100
2,Oesophagus,752,Sweden,2,1,2009,0.9983055638,2.504196134,0.1337781288,117
2,Oesophagus,752,Sweden,2,1,2010,0.7741067333,2.102581779,0.09142534144,99
2,Oesophagus,752,Sweden,2,1,2011,0.9615031045,2.425811819,0.1111765632,115
2,Oesophagus,752,Sweden,2,1,2012,0.8664510849,2.493185642,0.1045208764,119
2,Oesophagus,752,Sweden,2,1,2013,0.8631155313,2.265995669,0.1038056561,109
2,Oesophagus,752,Sweden,2,1,2014,0.6919088108,1.957628269,0.075457631,95
2,Oesophagus,752,Sweden,2,1,2015,0.810299999,2.32854731,0.09367543731,113
2,Oesophagus,752,Sweden,2,1,2016,1.025862619,2.868148873,0.1234230129,142
2,Oesophagus,752,Sweden,2,1,2017,0.9058562358,2.694775907,0.1140913936,135
2,Oesophagus,752,Sweden,2,1,2018,0.9277883982,2.607323201,0.1144429177,132
2,Oesophagus,752,Sweden,2,1,2019,0.8587580518,2.544150304,0.09939037227,130
2,Oesophagus,752,Sweden,2,1,2020,1.051980625,2.799317239,0.1394024646,144
2,Oesophagus,752,Sweden,2,1,2021,0.8373238407,2.589855671,0.09534726283,134
2,Oesophagus,752,Sweden,2,1,2022,0.7932104267,2.438825097,0.09127900497,127
2,Oesophagus,752,Sweden,2,1,2023,0.876810003,2.867405438,0.09861004593,150
2,Oesophagus,756,Switzerland,1,0,1998,8.288433839,12.68106215,0.9832762138,111
2,Oesophagus,756,Switzerland,1,0,1999,8.838204765,13.74682886,1.137106442,121
2,Oesophagus,756,Switzerland,1,0,2000,9.0375919,14.5573877,1.164629284,129
2,Oesophagus,756,Switzerland,1,0,2001,6.084048905,10.44151907,0.7000334836,93
2,Oesophagus,756,Switzerland,1,0,2002,7.547746446,12.56657225,0.9464821224,113
2,Oesophagus,756,Switzerland,1,0,2003,7.317933776,11.98699246,0.9260203588,109
2,Oesophagus,756,Switzerland,1,0,2004,7.110352891,11.52764078,0.9386958842,106
2,Oesophagus,756,Switzerland,1,0,2005,6.720785279,11.20224907,0.8928095689,104
2,Oesophagus,756,Switzerland,1,0,2006,6.857555698,12.16939802,0.7443810205,114
2,Oesophagus,756,Switzerland,1,0,2007,7.221474015,13.29795655,0.8318633958,126
2,Oesophagus,756,Switzerland,1,0,2008,7.038134809,12.45770867,0.8831472024,120
2,Oesophagus,756,Switzerland,1,0,2009,6.542843653,11.93728944,0.7488705858,117
2,Oesophagus,756,Switzerland,1,0,2010,6.687770374,11.56413469,0.8908906206,115
2,Oesophagus,756,Switzerland,1,0,2011,7.582807427,13.91130154,0.9992667188,140
2,Oesophagus,756,Switzerland,1,0,2012,5.599469847,10.11316931,0.7035352367,103
2,Oesophagus,756,Switzerland,1,0,2013,6.478475951,12.19900646,0.8059868946,126
2,Oesophagus,756,Switzerland,1,0,2014,7.448482969,13.72722853,0.9639776705,144
2,Oesophagus,756,Switzerland,1,0,2015,6.572717021,12.32071479,0.8293851951,131
2,Oesophagus,756,Switzerland,1,0,2016,6.696880964,13.10102095,0.8818189588,141
2,Oesophagus,756,Switzerland,1,0,2017,6.334378168,12.60730009,0.793628929,137
2,Oesophagus,756,Switzerland,1,1,1952,12.70337351,15.38099964,1.563522991,357
2,Oesophagus,756,Switzerland,1,1,1953,14.16420861,17.20941844,1.757854541,405
2,Oesophagus,756,Switzerland,1,1,1954,13.69388626,16.77049701,1.546323389,400
2,Oesophagus,756,Switzerland,1,1,1955,13.34187757,15.80391561,1.595659214,382
2,Oesophagus,756,Switzerland,1,1,1956,11.72599037,14.20760164,1.392459165,348
2,Oesophagus,756,Switzerland,1,1,1957,11.1566903,13.85960622,1.355031411,344
2,Oesophagus,756,Switzerland,1,1,1958,11.24573098,14.11343104,1.364137788,355
2,Oesophagus,756,Switzerland,1,1,1959,11.79311929,14.67414473,1.409291563,374
2,Oesophagus,756,Switzerland,1,1,1960,10.76471913,13.40479977,1.278895618,346
2,Oesophagus,756,Switzerland,1,1,1961,10.87711139,13.85267584,1.27897793,365
2,Oesophagus,756,Switzerland,1,1,1962,11.16605123,13.81940696,1.224489479,374
2,Oesophagus,756,Switzerland,1,1,1963,10.19849029,12.82249477,1.16123069,355
2,Oesophagus,756,Switzerland,1,1,1964,10.12558714,12.49248499,1.141840038,352
2,Oesophagus,756,Switzerland,1,1,1965,9.804873299,12.2340089,1.171351921,349
2,Oesophagus,756,Switzerland,1,1,1966,9.193704377,11.50842325,1.093704514,332
2,Oesophagus,756,Switzerland,1,1,1967,8.50304444,10.74220053,1.065191124,314
2,Oesophagus,756,Switzerland,1,1,1968,8.894730408,11.37673902,0.9844125476,337
2,Oesophagus,756,Switzerland,1,1,1969,9.087614359,11.50990619,1.104143299,345
2,Oesophagus,756,Switzerland,1,1,1970,8.127719535,10.53113864,0.9445456271,318
2,Oesophagus,756,Switzerland,1,1,1971,8.482991348,10.9378642,0.9369916185,332
2,Oesophagus,756,Switzerland,1,1,1972,8.344741608,10.88919783,0.9501388307,333
2,Oesophagus,756,Switzerland,1,1,1973,8.057611004,10.81571787,0.9713791551,333
2,Oesophagus,756,Switzerland,1,1,1974,7.572265285,10.28044438,0.8531411855,318
2,Oesophagus,756,Switzerland,1,1,1975,7.49123958,10.29231968,0.8846032185,318
2,Oesophagus,756,Switzerland,1,1,1976,7.239192956,10.13094161,0.8416592008,311
2,Oesophagus,756,Switzerland,1,1,1977,6.973718265,9.615277695,0.8217276985,294
2,Oesophagus,756,Switzerland,1,1,1978,7.416785681,10.69848512,0.8786693297,327
2,Oesophagus,756,Switzerland,1,1,1979,6.497009586,9.503724333,0.7539566,291
2,Oesophagus,756,Switzerland,1,1,1980,6.518323014,9.270668386,0.6947071103,285
2,Oesophagus,756,Switzerland,1,1,1981,7.333422449,10.70496738,0.8254756272,331
2,Oesophagus,756,Switzerland,1,1,1982,5.422939328,8.098785905,0.6624216671,252
2,Oesophagus,756,Switzerland,1,1,1983,5.717731577,8.44563252,0.6310463123,264
2,Oesophagus,756,Switzerland,1,1,1984,5.921678933,8.891072885,0.7400377414,279
2,Oesophagus,756,Switzerland,1,1,1985,5.949531686,8.721868802,0.678395483,275
2,Oesophagus,756,Switzerland,1,1,1986,5.507869026,8.421780427,0.6395842843,267
2,Oesophagus,756,Switzerland,1,1,1987,5.665194772,8.398286875,0.6913738238,268
2,Oesophagus,756,Switzerland,1,1,1988,5.172073311,8.023227555,0.5579544634,258
2,Oesophagus,756,Switzerland,1,1,1989,5.95630783,9.094985719,0.7400162495,295
2,Oesophagus,756,Switzerland,1,1,1990,5.455360846,8.480073429,0.6100947995,278
2,Oesophagus,756,Switzerland,1,1,1991,5.277383577,8.04180534,0.5994997474,267
2,Oesophagus,756,Switzerland,1,1,1992,4.95057935,7.26661725,0.5859093684,244
2,Oesophagus,756,Switzerland,1,1,1993,5.483107416,8.380032095,0.6801725639,284
2,Oesophagus,756,Switzerland,1,1,1994,5.184636331,7.961980373,0.5860619122,272
2,Oesophagus,756,Switzerland,1,1,1995,5.019096049,7.764579124,0.5988973516,267
2,Oesophagus,756,Switzerland,1,1,1996,4.702157033,7.586763472,0.5592198875,262
2,Oesophagus,756,Switzerland,1,1,1997,4.76925325,7.56862096,0.5433601028,262
2,Oesophagus,756,Switzerland,1,1,1998,5.156708254,8.236884741,0.6030498765,286
2,Oesophagus,756,Switzerland,1,1,1999,4.562029381,7.536197748,0.5245101156,263
2,Oesophagus,756,Switzerland,1,1,2000,4.905681773,8.233113926,0.6201022441,289
2,Oesophagus,756,Switzerland,1,1,2001,5.105941889,8.581329265,0.6208151636,303
2,Oesophagus,756,Switzerland,1,1,2002,4.980538798,8.375983862,0.5732513885,298
2,Oesophagus,756,Switzerland,1,1,2003,4.970155793,8.643180914,0.6019603336,310
2,Oesophagus,756,Switzerland,1,1,2004,4.326413936,7.665710805,0.5303454878,277
2,Oesophagus,756,Switzerland,1,1,2005,4.781891462,8.353874522,0.5791712965,304
2,Oesophagus,756,Switzerland,1,1,2006,4.591202497,8.378000081,0.5293128519,307
2,Oesophagus,756,Switzerland,1,1,2007,4.789407306,8.861085732,0.5809182876,328
2,Oesophagus,756,Switzerland,1,1,2008,4.461957155,8.335069806,0.5262588373,313
2,Oesophagus,756,Switzerland,1,1,2009,4.248994332,8.458185698,0.4920348938,322
2,Oesophagus,756,Switzerland,1,1,2010,4.438697981,8.667161785,0.517903738,334
2,Oesophagus,756,Switzerland,1,1,2011,4.469005843,8.664873704,0.5403173334,338
2,Oesophagus,756,Switzerland,1,1,2012,4.299328674,8.438096867,0.5355103122,333
2,Oesophagus,756,Switzerland,1,1,2013,4.493575477,9.033538953,0.5297195161,361
2,Oesophagus,756,Switzerland,1,1,2014,4.327813653,8.990376962,0.5209886525,364
2,Oesophagus,756,Switzerland,1,1,2015,4.012780568,8.369051248,0.5224991953,343
2,Oesophagus,756,Switzerland,1,1,2016,4.111411684,8.581949725,0.4906615192,356
2,Oesophagus,756,Switzerland,1,1,2017,3.275252012,6.99142429,0.3751669347,293
2,Oesophagus,756,Switzerland,1,1,2018,3.466483322,7.696246896,0.411463611,325
2,Oesophagus,756,Switzerland,1,1,2019,3.476075196,7.874517333,0.4356157474,335
2,Oesophagus,756,Switzerland,1,1,2020,3.559448988,7.954096698,0.4377814886,341
2,Oesophagus,756,Switzerland,1,1,2021,3.021096851,7.196061556,0.3378064647,311
2,Oesophagus,756,Switzerland,1,1,2022,3.04620508,7.261941197,0.3701231828,317
2,Oesophagus,756,Switzerland,2,0,1998,1.727067328,3.948903326,0.177521057,37
2,Oesophagus,756,Switzerland,2,0,1999,1.64320719,2.971821822,0.1976698754,28
2,Oesophagus,756,Switzerland,2,0,2000,1.82740954,4.005662742,0.2034593938,38
2,Oesophagus,756,Switzerland,2,0,2001,2.144758457,3.977541544,0.2529168749,38
2,Oesophagus,756,Switzerland,2,0,2002,1.986493917,4.258196249,0.2583441678,41
2,Oesophagus,756,Switzerland,2,0,2003,2.118214829,4.219400598,0.2532660637,41
2,Oesophagus,756,Switzerland,2,0,2004,1.404341475,2.957342878,0.1623329432,29
2,Oesophagus,756,Switzerland,2,0,2005,1.919224166,4.248462208,0.2300153006,42
2,Oesophagus,756,Switzerland,2,0,2006,2.01071048,4.41674831,0.2625422674,44
2,Oesophagus,756,Switzerland,2,0,2007,1.887132909,3.978523928,0.2356146625,40
2,Oesophagus,756,Switzerland,2,0,2008,1.394161348,3.828025465,0.1762249224,39
2,Oesophagus,756,Switzerland,2,0,2009,1.98221571,4.449254798,0.253339452,46
2,Oesophagus,756,Switzerland,2,0,2010,2.310356998,4.681245402,0.2670300542,49
2,Oesophagus,756,Switzerland,2,0,2011,1.621468204,4.078005609,0.1717377959,43
2,Oesophagus,756,Switzerland,2,0,2012,1.823436624,4.131207139,0.2245422045,44
2,Oesophagus,756,Switzerland,2,0,2013,1.557413215,3.340763439,0.1933089864,36
2,Oesophagus,756,Switzerland,2,0,2014,1.874519553,4.575733421,0.2834088428,50
2,Oesophagus,756,Switzerland,2,0,2015,1.48288623,3.615845358,0.2001117083,40
2,Oesophagus,756,Switzerland,2,0,2016,1.609213404,3.489258452,0.2192530469,39
2,Oesophagus,756,Switzerland,2,0,2017,1.641879197,3.904256971,0.2112066642,44
2,Oesophagus,756,Switzerland,2,1,1952,1.484176756,2.328787447,0.1430116118,58
2,Oesophagus,756,Switzerland,2,1,1953,1.882799091,2.73560985,0.1381794862,69
2,Oesophagus,756,Switzerland,2,1,1954,1.580256069,2.310457778,0.1433356721,59
2,Oesophagus,756,Switzerland,2,1,1955,1.507301256,2.43714723,0.146874541,63
2,Oesophagus,756,Switzerland,2,1,1956,1.253655972,1.94937213,0.1241651995,51
2,Oesophagus,756,Switzerland,2,1,1957,1.425167049,2.190225627,0.1327306848,58
2,Oesophagus,756,Switzerland,2,1,1958,1.303867637,2.125987512,0.1213053221,57
2,Oesophagus,756,Switzerland,2,1,1959,1.193397645,1.952765549,0.115093151,53
2,Oesophagus,756,Switzerland,2,1,1960,1.318488205,2.111689823,0.1385504868,58
2,Oesophagus,756,Switzerland,2,1,1961,1.675086452,2.679286224,0.1468366487,75
2,Oesophagus,756,Switzerland,2,1,1962,1.385918346,2.441272573,0.1265727421,70
2,Oesophagus,756,Switzerland,2,1,1963,1.056796206,1.811598537,0.07608189165,53
2,Oesophagus,756,Switzerland,2,1,1964,1.270850684,2.01921281,0.1258533633,60
2,Oesophagus,756,Switzerland,2,1,1965,1.369942436,2.2305704,0.1798434916,67
2,Oesophagus,756,Switzerland,2,1,1966,1.132371935,2.011131779,0.1006286464,61
2,Oesophagus,756,Switzerland,2,1,1967,0.9331653944,1.661951287,0.1143842104,51
2,Oesophagus,756,Switzerland,2,1,1968,1.234832212,2.060878015,0.1244550694,64
2,Oesophagus,756,Switzerland,2,1,1969,1.173211501,2.166340893,0.09936252493,68
2,Oesophagus,756,Switzerland,2,1,1970,0.7456468417,1.360197551,0.07942889728,43
2,Oesophagus,756,Switzerland,2,1,1971,1.394831937,2.422752732,0.1368339689,77
2,Oesophagus,756,Switzerland,2,1,1972,0.8236872038,1.654696654,0.07273275038,53
2,Oesophagus,756,Switzerland,2,1,1973,1.092506725,2.10620867,0.09188176775,68
2,Oesophagus,756,Switzerland,2,1,1974,0.915954118,1.60092361,0.1066417441,52
2,Oesophagus,756,Switzerland,2,1,1975,0.8771379938,1.785210272,0.08350340668,58
2,Oesophagus,756,Switzerland,2,1,1976,0.7837385821,1.701337344,0.07059466241,55
2,Oesophagus,756,Switzerland,2,1,1977,0.748921058,1.768140619,0.05906785922,57
2,Oesophagus,756,Switzerland,2,1,1978,0.7914455757,1.73614825,0.06927435872,56
2,Oesophagus,756,Switzerland,2,1,1979,0.9132062929,1.85600093,0.09012627289,60
2,Oesophagus,756,Switzerland,2,1,1980,0.834421716,1.848636992,0.0979711533,60
2,Oesophagus,756,Switzerland,2,1,1981,0.8855478988,2.022967423,0.07918360443,66
2,Oesophagus,756,Switzerland,2,1,1982,1.106333066,2.591284474,0.1090373348,85
2,Oesophagus,756,Switzerland,2,1,1983,0.8682455967,2.12544046,0.08671462953,70
2,Oesophagus,756,Switzerland,2,1,1984,1.05803273,2.26967147,0.1180707323,75
2,Oesophagus,756,Switzerland,2,1,1985,1.104098245,2.260423377,0.1208850969,75
2,Oesophagus,756,Switzerland,2,1,1986,0.8249982402,1.769434312,0.08710384329,59
2,Oesophagus,756,Switzerland,2,1,1987,0.9639987287,1.967420999,0.1072204911,66
2,Oesophagus,756,Switzerland,2,1,1988,0.9819782309,2.515924693,0.1091102207,85
2,Oesophagus,756,Switzerland,2,1,1989,1.213589112,2.70250978,0.1387150876,92
2,Oesophagus,756,Switzerland,2,1,1990,0.8461713722,2.154357063,0.0918232285,74
2,Oesophagus,756,Switzerland,2,1,1991,1.134007398,2.358495654,0.1386516444,82
2,Oesophagus,756,Switzerland,2,1,1992,1.134107063,2.644126577,0.1195376736,93
2,Oesophagus,756,Switzerland,2,1,1993,0.9447037824,2.225917997,0.1086930502,79
2,Oesophagus,756,Switzerland,2,1,1994,1.146146609,2.627641898,0.1202860874,94
2,Oesophagus,756,Switzerland,2,1,1995,1.053322731,2.47099702,0.1129328518,89
2,Oesophagus,756,Switzerland,2,1,1996,0.9724854308,2.072681764,0.1195047405,75
2,Oesophagus,756,Switzerland,2,1,1997,1.075501344,2.508613711,0.1125911991,91
2,Oesophagus,756,Switzerland,2,1,1998,1.171129482,2.583763056,0.1446814031,94
2,Oesophagus,756,Switzerland,2,1,1999,1.017238193,2.380758545,0.1235241044,87
2,Oesophagus,756,Switzerland,2,1,2000,1.035695493,2.585884365,0.1083231777,95
2,Oesophagus,756,Switzerland,2,1,2001,1.233476967,2.78719697,0.1474233502,103
2,Oesophagus,756,Switzerland,2,1,2002,1.081387936,2.687477778,0.117936912,100
2,Oesophagus,756,Switzerland,2,1,2003,1.028079436,2.588872731,0.1145100572,97
2,Oesophagus,756,Switzerland,2,1,2004,0.8170918944,2.280743326,0.08642865377,86
2,Oesophagus,756,Switzerland,2,1,2005,1.148902648,2.7684084,0.131337597,105
2,Oesophagus,756,Switzerland,2,1,2006,1.105624375,2.490725325,0.1310403763,95
2,Oesophagus,756,Switzerland,2,1,2007,1.314296887,2.913780961,0.1714382497,112
2,Oesophagus,756,Switzerland,2,1,2008,1.109657162,2.598732205,0.1355155983,101
2,Oesophagus,756,Switzerland,2,1,2009,0.9769084204,2.518646891,0.1163784646,99
2,Oesophagus,756,Switzerland,2,1,2010,1.023006257,2.567893402,0.1095463623,102
2,Oesophagus,756,Switzerland,2,1,2011,1.000784868,2.890198974,0.1126267172,116
2,Oesophagus,756,Switzerland,2,1,2012,1.017920614,2.393561172,0.1324230973,97
2,Oesophagus,756,Switzerland,2,1,2013,1.148959119,2.832734593,0.1452312206,116
2,Oesophagus,756,Switzerland,2,1,2014,1.05259203,2.68021293,0.135537705,111
2,Oesophagus,756,Switzerland,2,1,2015,1.004326885,2.67590459,0.1183817691,112
2,Oesophagus,756,Switzerland,2,1,2016,0.7649762573,2.318615919,0.08518046662,98
2,Oesophagus,756,Switzerland,2,1,2017,0.8676056121,2.439722721,0.114665102,104
2,Oesophagus,756,Switzerland,2,1,2018,1.046927966,2.701754067,0.1423843303,116
2,Oesophagus,756,Switzerland,2,1,2019,0.8594641358,2.683138671,0.0996711487,116
2,Oesophagus,756,Switzerland,2,1,2020,0.8982610549,2.825324324,0.1007258264,123
2,Oesophagus,756,Switzerland,2,1,2021,0.8812497022,2.736467881,0.0994066316,120
2,Oesophagus,756,Switzerland,2,1,2022,0.7797988098,2.191120855,0.09840967324,97
2,Oesophagus,76,Brazil,1,1,1980,7.681249677,4.147175877,0.9075380556,2507
2,Oesophagus,76,Brazil,1,1,1981,7.325122452,4.009931474,0.8677675462,2481
2,Oesophagus,76,Brazil,1,1,1982,7.195716902,3.926071892,0.8303454442,2485
2,Oesophagus,76,Brazil,1,1,1983,7.097590412,3.916747863,0.8075490695,2535
2,Oesophagus,76,Brazil,1,1,1984,6.889018329,3.844271771,0.8062482866,2543
2,Oesophagus,76,Brazil,1,1,1985,7.15548046,4.0297571,0.839814732,2723
2,Oesophagus,76,Brazil,1,1,1986,6.970571924,3.995610656,0.8027528881,2756
2,Oesophagus,76,Brazil,1,1,1987,7.419230031,4.231563703,0.8537054096,2977
2,Oesophagus,76,Brazil,1,1,1988,7.375182755,4.29407014,0.8478705702,3079
2,Oesophagus,76,Brazil,1,1,1989,7.024903017,4.133956825,0.8223141391,3019
2,Oesophagus,76,Brazil,1,1,1990,6.880307733,4.100487063,0.8024737539,3048
2,Oesophagus,76,Brazil,1,1,1991,6.817617899,4.070007004,0.7854262452,3077
2,Oesophagus,76,Brazil,1,1,1992,7.113236426,4.329131127,0.8376963921,3327
2,Oesophagus,76,Brazil,1,1,1993,6.999197319,4.351853447,0.816406166,3398
2,Oesophagus,76,Brazil,1,1,1994,6.892842531,4.35894153,0.8002480592,3456
2,Oesophagus,76,Brazil,1,1,1995,6.570805904,4.220513782,0.7799070349,3397
2,Oesophagus,76,Brazil,1,1,1996,7.065033708,4.635897277,0.8376078337,3787
2,Oesophagus,76,Brazil,1,1,1997,6.864536429,4.56899931,0.8052458121,3787
2,Oesophagus,76,Brazil,1,1,1998,6.878569248,4.65164041,0.8034995239,3912
2,Oesophagus,76,Brazil,1,1,1999,6.790830412,4.676187881,0.7909714133,3989
2,Oesophagus,76,Brazil,1,1,2000,6.838986725,4.812918136,0.8049148953,4161
2,Oesophagus,76,Brazil,1,1,2001,6.643411031,4.790091459,0.7796262239,4194
2,Oesophagus,76,Brazil,1,1,2002,6.776057718,5.016127527,0.8037150674,4445
2,Oesophagus,76,Brazil,1,1,2003,6.780126146,5.103228158,0.7889978864,4574
2,Oesophagus,76,Brazil,1,1,2004,7.001364612,5.422093598,0.8112127608,4913
2,Oesophagus,76,Brazil,1,1,2005,6.900857955,5.479843453,0.7952494873,5018
2,Oesophagus,76,Brazil,1,1,2006,6.994150364,5.661067939,0.8191368623,5237
2,Oesophagus,76,Brazil,1,1,2007,6.820326177,5.721931156,0.7945502196,5345
2,Oesophagus,76,Brazil,1,1,2008,6.838760168,5.895659607,0.7801030596,5558
2,Oesophagus,76,Brazil,1,1,2009,6.710472796,5.962266949,0.77841965,5669
2,Oesophagus,76,Brazil,1,1,2010,6.744381206,6.177724001,0.7746113677,5921
2,Oesophagus,76,Brazil,1,1,2011,6.538569545,6.167492223,0.7604959976,5957
2,Oesophagus,76,Brazil,1,1,2012,6.323637805,6.14794908,0.740024456,5984
2,Oesophagus,76,Brazil,1,1,2013,6.309303354,6.322061729,0.731476863,6201
2,Oesophagus,76,Brazil,1,1,2014,6.170231572,6.347660345,0.7230922468,6274
2,Oesophagus,76,Brazil,1,1,2015,6.183721767,6.550021886,0.7151267706,6523
2,Oesophagus,76,Brazil,1,1,2016,5.920199176,6.478932317,0.693187599,6499
2,Oesophagus,76,Brazil,1,1,2017,5.861443214,6.579095978,0.6844263759,6645
2,Oesophagus,76,Brazil,1,1,2018,5.768851554,6.644072328,0.6838710012,6754
2,Oesophagus,76,Brazil,1,1,2019,5.608402075,6.649346233,0.6693633822,6801
2,Oesophagus,76,Brazil,1,1,2020,5.165868865,6.28424631,0.6095809569,6463
2,Oesophagus,76,Brazil,1,1,2021,5.15888586,6.404713683,0.6256671909,6612
2,Oesophagus,76,Brazil,2,1,1980,2.087163527,1.206451613,0.2294654135,733
2,Oesophagus,76,Brazil,2,1,1981,2.128759238,1.238106788,0.2297575905,770
2,Oesophagus,76,Brazil,2,1,1982,1.971180376,1.183434947,0.2152883486,753
2,Oesophagus,76,Brazil,2,1,1983,2.079863638,1.25253553,0.2152353177,815
2,Oesophagus,76,Brazil,2,1,1984,1.79317321,1.123164818,0.1919315593,747
2,Oesophagus,76,Brazil,2,1,1985,1.929201891,1.190698987,0.2070856386,809
2,Oesophagus,76,Brazil,2,1,1986,2.033362261,1.28891469,0.222115349,894
2,Oesophagus,76,Brazil,2,1,1987,1.914301446,1.231048418,0.2095376183,871
2,Oesophagus,76,Brazil,2,1,1988,2.040298418,1.33938183,0.2195918055,966
2,Oesophagus,76,Brazil,2,1,1989,1.914162393,1.264398611,0.2172862733,929
2,Oesophagus,76,Brazil,2,1,1990,1.838280148,1.23912938,0.1988908165,927
2,Oesophagus,76,Brazil,2,1,1991,1.880805701,1.280831578,0.2021448141,975
2,Oesophagus,76,Brazil,2,1,1992,1.689942599,1.165019008,0.1803507142,902
2,Oesophagus,76,Brazil,2,1,1993,1.763393834,1.245030937,0.1839643457,980
2,Oesophagus,76,Brazil,2,1,1994,1.779586929,1.289077055,0.1883185753,1031
2,Oesophagus,76,Brazil,2,1,1995,1.860806079,1.367431024,0.196947717,1111
2,Oesophagus,76,Brazil,2,1,1996,1.816134617,1.35977024,0.1972178277,1122
2,Oesophagus,76,Brazil,2,1,1997,1.747820206,1.346431775,0.1821731998,1128
2,Oesophagus,76,Brazil,2,1,1998,1.651172581,1.284970916,0.1761453164,1093
2,Oesophagus,76,Brazil,2,1,1999,1.68497532,1.343572047,0.1816424417,1160
2,Oesophagus,76,Brazil,2,1,2000,1.591980169,1.301912988,0.1724764724,1140
2,Oesophagus,76,Brazil,2,1,2001,1.665010412,1.387113156,0.1851293472,1231
2,Oesophagus,76,Brazil,2,1,2002,1.694044535,1.451785551,0.1800610456,1305
2,Oesophagus,76,Brazil,2,1,2003,1.760369193,1.558359115,0.1842107476,1418
2,Oesophagus,76,Brazil,2,1,2004,1.724960104,1.5423988,0.1878584101,1420
2,Oesophagus,76,Brazil,2,1,2005,1.672677547,1.540012249,0.181881394,1434
2,Oesophagus,76,Brazil,2,1,2006,1.735975528,1.651723991,0.1869769806,1555
2,Oesophagus,76,Brazil,2,1,2007,1.748015976,1.721676916,0.1858396145,1638
2,Oesophagus,76,Brazil,2,1,2008,1.671614432,1.69520524,0.1839465617,1629
2,Oesophagus,76,Brazil,2,1,2009,1.667250876,1.75157048,0.185884144,1699
2,Oesophagus,76,Brazil,2,1,2010,1.616675897,1.758678455,0.1775737022,1721
2,Oesophagus,76,Brazil,2,1,2011,1.508247851,1.697101953,0.1654283958,1675
2,Oesophagus,76,Brazil,2,1,2012,1.531206732,1.76908757,0.1681484643,1761
2,Oesophagus,76,Brazil,2,1,2013,1.443153343,1.720235886,0.1609855294,1727
2,Oesophagus,76,Brazil,2,1,2014,1.464840305,1.800572786,0.1630038285,1823
2,Oesophagus,76,Brazil,2,1,2015,1.424991012,1.837628867,0.1517777319,1876
2,Oesophagus,76,Brazil,2,1,2016,1.366179695,1.787026549,0.1560582161,1839
2,Oesophagus,76,Brazil,2,1,2017,1.360193178,1.838927918,0.1500498355,1907
2,Oesophagus,76,Brazil,2,1,2018,1.301163936,1.811345529,0.1476156488,1892
2,Oesophagus,76,Brazil,2,1,2019,1.277693404,1.819828818,0.1444249496,1914
2,Oesophagus,76,Brazil,2,1,2020,1.186999713,1.737916363,0.1300298924,1839
2,Oesophagus,76,Brazil,2,1,2021,1.150893717,1.70815031,0.1276869591,1816
2,Oesophagus,764,Thailand,1,0,1993,2.99381879,2.40033328,0.3663619139,59
2,Oesophagus,764,Thailand,1,0,1994,2.779583136,2.30262746,0.3852921936,57
2,Oesophagus,764,Thailand,1,0,1995,2.240809585,1.884343034,0.2589334555,47
2,Oesophagus,764,Thailand,1,0,1996,2.743591232,2.346432925,0.3292334022,59
2,Oesophagus,764,Thailand,1,0,1997,2.705416516,2.405244221,0.3350731229,61
2,Oesophagus,764,Thailand,1,0,1998,3.218089303,2.891425789,0.4000154089,74
2,Oesophagus,764,Thailand,1,0,1999,3.358217038,2.979875008,0.451546229,77
2,Oesophagus,764,Thailand,1,0,2000,3.233462342,2.988156556,0.4136577203,78
2,Oesophagus,764,Thailand,1,0,2001,3.314409751,3.061820422,0.4036006323,81
2,Oesophagus,764,Thailand,1,0,2002,2.638054775,2.539215723,0.3280942666,67
2,Oesophagus,764,Thailand,1,0,2003,2.456662451,2.423422683,0.3151192795,64
2,Oesophagus,764,Thailand,1,0,2004,2.795541467,2.962467812,0.3528119275,78
2,Oesophagus,764,Thailand,1,0,2005,2.78599957,3.101209093,0.3769689628,82
2,Oesophagus,764,Thailand,1,0,2006,2.685131837,3.010186093,0.3413326458,80
2,Oesophagus,764,Thailand,1,0,2007,2.96674898,3.553331959,0.313273906,95
2,Oesophagus,764,Thailand,1,0,2008,3.249780153,3.974853664,0.4099874244,107
2,Oesophagus,764,Thailand,1,0,2009,3.012928274,3.981067811,0.3227182942,108
2,Oesophagus,764,Thailand,1,0,2010,2.995796602,3.873702675,0.3741266286,106
2,Oesophagus,764,Thailand,1,0,2011,3.266846272,4.346079398,0.4060214482,119
2,Oesophagus,764,Thailand,1,0,2012,3.064807539,4.235586227,0.3668239896,116
2,Oesophagus,764,Thailand,1,0,2013,2.641108043,3.590512279,0.3304566884,95
2,Oesophagus,764,Thailand,1,0,2014,3.799415754,5.353248423,0.4479063278,142
2,Oesophagus,764,Thailand,1,0,2015,3.954451731,5.720341534,0.4893856209,152
2,Oesophagus,764,Thailand,1,0,2016,3.368823091,4.813868756,0.4017418252,128
2,Oesophagus,764,Thailand,1,0,2017,2.676891248,4.05812284,0.3284202249,108
2,Oesophagus,764,Thailand,2,0,1993,1.539233391,1.260410585,0.2324405943,31
2,Oesophagus,764,Thailand,2,0,1994,1.368313112,1.248475652,0.161085812,31
2,Oesophagus,764,Thailand,2,0,1995,0.8513665484,0.75752139,0.1207066782,19
2,Oesophagus,764,Thailand,2,0,1996,0.9780177864,0.9072827985,0.1446791906,23
2,Oesophagus,764,Thailand,2,0,1997,1.294286006,1.248201809,0.1639357756,32
2,Oesophagus,764,Thailand,2,0,1998,0.9979039271,0.9636923139,0.1465262503,25
2,Oesophagus,764,Thailand,2,0,1999,0.7038551852,0.72336283,0.1158563593,19
2,Oesophagus,764,Thailand,2,0,2000,1.091274712,1.127366483,0.1582362494,30
2,Oesophagus,764,Thailand,2,0,2001,0.6645787206,0.7070306758,0.08747122052,19
2,Oesophagus,764,Thailand,2,0,2002,0.7790717901,0.8560601803,0.09818786162,23
2,Oesophagus,764,Thailand,2,0,2003,0.5048637332,0.5924738784,0.06588844099,16
2,Oesophagus,764,Thailand,2,0,2004,0.5305950664,0.6631710185,0.05766847439,18
2,Oesophagus,764,Thailand,2,0,2005,0.5796094106,0.7315358522,0.07694659533,20
2,Oesophagus,764,Thailand,2,0,2006,0.5670438091,0.7255648795,0.07211124987,20
2,Oesophagus,764,Thailand,2,0,2007,0.7794000259,1.07842524,0.09666666019,30
2,Oesophagus,764,Thailand,2,0,2008,0.4252797841,0.6405290485,0.05383581936,18
2,Oesophagus,764,Thailand,2,0,2009,0.6921230424,0.9501629002,0.09259272729,27
2,Oesophagus,764,Thailand,2,0,2010,0.3913563211,0.5562702083,0.05469453652,16
2,Oesophagus,764,Thailand,2,0,2011,0.5679451983,0.9018383628,0.05884441035,26
2,Oesophagus,764,Thailand,2,0,2012,0.4072601499,0.6232471175,0.05414993428,18
2,Oesophagus,764,Thailand,2,0,2013,0.366631652,0.5366202156,0.05163389297,15
2,Oesophagus,764,Thailand,2,0,2014,0.3745379406,0.5701699213,0.03342537441,16
2,Oesophagus,764,Thailand,2,0,2015,0.444473858,0.710005396,0.06129088654,20
2,Oesophagus,764,Thailand,2,0,2016,0.485728933,0.8855077448,0.04891944092,25
2,Oesophagus,764,Thailand,2,0,2017,0.2932370687,0.4945909415,0.02995121865,14
2,Oesophagus,792,Türkiye,1,0,1998,1.751369281,1.622837624,0.2456509684,37
2,Oesophagus,792,Türkiye,1,0,1999,2.219715638,1.877443076,0.2581476016,44
2,Oesophagus,792,Türkiye,1,0,2000,1.979810799,1.794668998,0.2442272759,43
2,Oesophagus,792,Türkiye,1,0,2001,2.439936151,2.255634781,0.3160076201,55
2,Oesophagus,792,Türkiye,1,0,2002,2.630660122,2.420076958,0.3294221843,60
2,Oesophagus,792,Türkiye,1,0,2003,2.389365724,2.381373846,0.2880482001,60
2,Oesophagus,792,Türkiye,1,0,2004,2.34562572,2.178608554,0.2540198523,56
2,Oesophagus,792,Türkiye,1,0,2005,2.163948517,2.203921232,0.2919139783,58
2,Oesophagus,792,Türkiye,1,0,2006,2.279852944,2.277534364,0.2861434639,61
2,Oesophagus,792,Türkiye,1,0,2007,2.309211583,2.348468725,0.2689208127,64
2,Oesophagus,792,Türkiye,1,0,2008,2.178081273,2.218267681,0.2714665291,63
2,Oesophagus,792,Türkiye,1,0,2009,2.331751901,2.442183036,0.2619833591,71
2,Oesophagus,792,Türkiye,1,0,2010,2.206436204,2.309796617,0.2742500738,69
2,Oesophagus,792,Türkiye,1,0,2011,1.561912844,1.725429142,0.2011510415,52
2,Oesophagus,792,Türkiye,1,0,2012,1.693203895,1.897088819,0.228692264,58
2,Oesophagus,792,Türkiye,1,0,2013,2.094924414,2.40525153,0.2562521883,75
2,Oesophagus,792,Türkiye,1,0,2014,1.799257842,2.142797946,0.2138310862,68
2,Oesophagus,792,Türkiye,1,0,2015,2.094666235,2.504405899,0.2701575911,81
2,Oesophagus,792,Türkiye,1,0,2016,1.767718959,2.134427461,0.2214798035,70
2,Oesophagus,792,Türkiye,1,0,2017,1.772983393,2.22480781,0.2329610632,74
2,Oesophagus,792,Türkiye,2,0,1998,0.9592978887,0.8877588705,0.1219123092,20
2,Oesophagus,792,Türkiye,2,0,1999,0.7853186233,0.7776953517,0.09384916308,18
2,Oesophagus,792,Türkiye,2,0,2000,1.263506559,1.225256163,0.170086838,29
2,Oesophagus,792,Türkiye,2,0,2001,1.096528949,1.078380422,0.1284373894,26
2,Oesophagus,792,Türkiye,2,0,2002,1.324907868,1.345237188,0.1437624225,33
2,Oesophagus,792,Türkiye,2,0,2003,1.320813603,1.40269036,0.1167667821,35
2,Oesophagus,792,Türkiye,2,0,2004,1.729685466,1.72267177,0.187102919,44
2,Oesophagus,792,Türkiye,2,0,2005,1.190374557,1.375628825,0.1155023238,36
2,Oesophagus,792,Türkiye,2,0,2006,1.331215409,1.453983112,0.1508338403,39
2,Oesophagus,792,Türkiye,2,0,2007,1.468928553,1.845664773,0.1430345379,50
2,Oesophagus,792,Türkiye,2,0,2008,1.271096861,1.420858703,0.1576229091,40
2,Oesophagus,792,Türkiye,2,0,2009,1.561315825,1.839765454,0.1954437311,53
2,Oesophagus,792,Türkiye,2,0,2010,1.184991294,1.598691114,0.1341432438,47
2,Oesophagus,792,Türkiye,2,0,2011,1.052335628,1.435740112,0.1000826458,43
2,Oesophagus,792,Türkiye,2,0,2012,1.297234902,1.677256403,0.1382210493,51
2,Oesophagus,792,Türkiye,2,0,2013,1.244595045,1.547806919,0.1534808494,48
2,Oesophagus,792,Türkiye,2,0,2014,1.074035594,1.423054045,0.1057821348,45
2,Oesophagus,792,Türkiye,2,0,2015,1.249681859,1.737742939,0.1379671219,56
2,Oesophagus,792,Türkiye,2,0,2016,0.9286503342,1.28340991,0.1186174177,42
2,Oesophagus,792,Türkiye,2,0,2017,0.7700848445,1.115148753,0.08503959592,37
2,Oesophagus,800,Uganda,1,0,1993,15.60071966,3.818445638,1.63758536,21
2,Oesophagus,800,Uganda,1,0,1994,10.45518773,2.965800827,1.09703017,17
2,Oesophagus,800,Uganda,1,0,1995,17.40213448,4.686349334,2.578948035,28
2,Oesophagus,800,Uganda,1,0,1996,9.912812299,3.211040843,1.017919826,20
2,Oesophagus,800,Uganda,1,0,1997,11.27533312,3.23393351,1.407862685,21
2,Oesophagus,800,Uganda,1,0,1998,19.20684657,4.578571988,2.610022796,31
2,Oesophagus,800,Uganda,1,0,1999,4.784680623,1.274749618,0.6212085329,9
2,Oesophagus,800,Uganda,1,0,2000,14.48820483,3.395433549,1.732432555,25
2,Oesophagus,800,Uganda,1,0,2001,14.64644687,3.516009564,2.005047822,27
2,Oesophagus,800,Uganda,1,0,2002,18.59295241,3.995056118,2.571716482,32
2,Oesophagus,800,Uganda,1,0,2003,14.82738016,3.494927534,2.05079195,29
2,Oesophagus,800,Uganda,1,0,2004,16.45992264,3.605871289,2.123079799,31
2,Oesophagus,800,Uganda,1,0,2005,14.81585612,3.367645903,1.557068357,30
2,Oesophagus,800,Uganda,1,0,2006,18.04490894,4.332797872,2.141649336,40
2,Oesophagus,800,Uganda,1,0,2007,23.08641783,5.434549732,3.031299454,52
2,Oesophagus,800,Uganda,1,0,2008,19.66505611,4.637830786,2.713924087,46
2,Oesophagus,800,Uganda,1,0,2009,20.00220724,4.959864002,2.449424578,51
2,Oesophagus,800,Uganda,1,0,2010,31.76835301,7.409978145,3.799277893,79
2,Oesophagus,800,Uganda,1,0,2011,18.6691096,4.432235194,2.500583363,49
2,Oesophagus,800,Uganda,1,0,2012,21.10406018,4.971475072,2.692868287,57
2,Oesophagus,800,Uganda,1,0,2013,24.94388448,5.297607836,3.32874542,63
2,Oesophagus,800,Uganda,1,0,2014,21.05338235,5.106858998,2.447420258,63
2,Oesophagus,800,Uganda,1,0,2015,26.69253064,6.537064763,3.758251826,83
2,Oesophagus,800,Uganda,1,0,2016,20.91439836,4.748283534,2.44230273,62
2,Oesophagus,800,Uganda,1,0,2017,23.27795194,5.738602911,2.871507326,77
2,Oesophagus,800,Uganda,2,0,1993,5.690488869,1.730825483,0.4640616486,10
2,Oesophagus,800,Uganda,2,0,1994,12.118002,3.142677561,1.549528798,19
2,Oesophagus,800,Uganda,2,0,1995,20.38659524,4.741343887,3.308489181,30
2,Oesophagus,800,Uganda,2,0,1996,11.19933054,2.717875467,1.671109707,18
2,Oesophagus,800,Uganda,2,0,1997,8.406876962,2.163531229,0.9373819853,15
2,Oesophagus,800,Uganda,2,0,1998,11.86145579,2.755245988,1.610051804,20
2,Oesophagus,800,Uganda,2,0,1999,7.324256707,1.710310277,1.009555465,13
2,Oesophagus,800,Uganda,2,0,2000,7.542596871,1.507496024,1.025366825,12
2,Oesophagus,800,Uganda,2,0,2001,6.880859163,1.559214779,0.8851708649,13
2,Oesophagus,800,Uganda,2,0,2002,10.21434957,2.404413129,1.171865748,21
2,Oesophagus,800,Uganda,2,0,2003,14.71099481,2.978715423,2.038798062,27
2,Oesophagus,800,Uganda,2,0,2004,12.40031477,2.97583621,1.422394094,28
2,Oesophagus,800,Uganda,2,0,2005,6.396346704,1.637842347,0.6686566656,16
2,Oesophagus,800,Uganda,2,0,2006,17.42194278,3.745879533,2.54986176,38
2,Oesophagus,800,Uganda,2,0,2007,11.64742912,2.657423893,1.823781029,28
2,Oesophagus,800,Uganda,2,0,2008,12.5871424,2.923493099,1.59944406,32
2,Oesophagus,800,Uganda,2,0,2009,9.130292139,2.37399369,1.046042895,27
2,Oesophagus,800,Uganda,2,0,2010,14.28940726,3.553440788,1.626312376,42
2,Oesophagus,800,Uganda,2,0,2011,12.89088627,2.9302145,1.710507001,36
2,Oesophagus,800,Uganda,2,0,2012,13.01198963,3.131644959,1.771911682,40
2,Oesophagus,800,Uganda,2,0,2013,14.10077256,3.613984312,1.728303174,48
2,Oesophagus,800,Uganda,2,0,2014,13.04626765,3.764408818,1.346168389,52
2,Oesophagus,800,Uganda,2,0,2015,16.03350453,4.284661684,1.993331236,61
2,Oesophagus,800,Uganda,2,0,2016,13.09706122,3.205972112,1.666505658,47
2,Oesophagus,800,Uganda,2,0,2017,8.934976651,2.386721871,0.9476826794,36
2,Oesophagus,826,United Kingdom,1,1,1951,5.419101984,7.058855406,0.6324654995,1709
2,Oesophagus,826,United Kingdom,1,1,1952,5.331973149,6.994635811,0.595594879,1697
2,Oesophagus,826,United Kingdom,1,1,1953,4.742730302,6.270082512,0.545190579,1529
2,Oesophagus,826,United Kingdom,1,1,1954,4.688027724,6.176896693,0.5279195502,1514
2,Oesophagus,826,United Kingdom,1,1,1955,4.767033969,6.362064394,0.5403429438,1567
2,Oesophagus,826,United Kingdom,1,1,1956,4.804314077,6.354551408,0.542870485,1573
2,Oesophagus,826,United Kingdom,1,1,1957,4.599647093,6.118080152,0.5195888264,1523
2,Oesophagus,826,United Kingdom,1,1,1958,4.480319503,6.012791195,0.5286415384,1506
2,Oesophagus,826,United Kingdom,1,1,1959,4.713415292,6.264012207,0.5265433099,1579
2,Oesophagus,826,United Kingdom,1,1,1960,4.369404959,5.874781341,0.4755434493,1491
2,Oesophagus,826,United Kingdom,1,1,1961,4.447340326,6.009540899,0.4952014678,1537
2,Oesophagus,826,United Kingdom,1,1,1962,4.679307546,6.236210765,0.5242292642,1609
2,Oesophagus,826,United Kingdom,1,1,1963,4.481361033,6.039113234,0.5136547451,1571
2,Oesophagus,826,United Kingdom,1,1,1964,4.294099716,5.907999397,0.4656765611,1548
2,Oesophagus,826,United Kingdom,1,1,1965,4.556412132,6.251273048,0.5380796894,1649
2,Oesophagus,826,United Kingdom,1,1,1966,4.613832971,6.361002173,0.5219753253,1688
2,Oesophagus,826,United Kingdom,1,1,1967,4.760011648,6.577214057,0.5375385931,1755
2,Oesophagus,826,United Kingdom,1,1,1968,5.165723774,7.179852699,0.5917639357,1925
2,Oesophagus,826,United Kingdom,1,1,1969,4.739284625,6.66523826,0.5388849375,1794
2,Oesophagus,826,United Kingdom,1,1,1970,4.971319897,7.041353503,0.5560537485,1903
2,Oesophagus,826,United Kingdom,1,1,1971,5.105103638,7.265814655,0.5976491954,1973
2,Oesophagus,826,United Kingdom,1,1,1972,5.242180278,7.450550684,0.6215843785,2031
2,Oesophagus,826,United Kingdom,1,1,1973,5.193778568,7.455753561,0.6027658948,2037
2,Oesophagus,826,United Kingdom,1,1,1974,5.331666171,7.71860179,0.625242524,2111
2,Oesophagus,826,United Kingdom,1,1,1975,5.352732864,7.825872759,0.6220776037,2141
2,Oesophagus,826,United Kingdom,1,1,1976,5.555384679,8.105022076,0.6287714555,2217
2,Oesophagus,826,United Kingdom,1,1,1977,5.576427226,8.299725966,0.6386418021,2269
2,Oesophagus,826,United Kingdom,1,1,1978,5.858600706,8.739570316,0.6871071496,2389
2,Oesophagus,826,United Kingdom,1,1,1979,5.797868546,8.724520754,0.6843491715,2387
2,Oesophagus,826,United Kingdom,1,1,1980,6.018116427,9.130422704,0.7009332424,2501
2,Oesophagus,826,United Kingdom,1,1,1981,6.108948552,9.402426176,0.701627951,2576
2,Oesophagus,826,United Kingdom,1,1,1982,6.311282297,9.808279181,0.7561981207,2686
2,Oesophagus,826,United Kingdom,1,1,1983,6.440244569,9.999618316,0.7452480681,2743
2,Oesophagus,826,United Kingdom,1,1,1984,6.549499878,10.20962776,0.7871066384,2809
2,Oesophagus,826,United Kingdom,1,1,1985,7.143660292,11.18725861,0.8428923365,3085
2,Oesophagus,826,United Kingdom,1,1,1986,6.961290413,10.98371967,0.8407065687,3035
2,Oesophagus,826,United Kingdom,1,1,1987,7.374753825,11.73651862,0.8695225958,3252
2,Oesophagus,826,United Kingdom,1,1,1988,7.579302216,12.14237241,0.8994845234,3357
2,Oesophagus,826,United Kingdom,1,1,1989,7.49929432,12.26067567,0.9223070394,3381
2,Oesophagus,826,United Kingdom,1,1,1990,7.842658896,12.88309774,0.9388694216,3564
2,Oesophagus,826,United Kingdom,1,1,1991,7.873845744,13.09580744,0.9461226122,3634
2,Oesophagus,826,United Kingdom,1,1,1992,8.056453553,13.43341412,0.9778277502,3743
2,Oesophagus,826,United Kingdom,1,1,1993,8.286866416,13.88700433,0.9838324827,3884
2,Oesophagus,826,United Kingdom,1,1,1994,8.567896563,14.37602283,1.01388374,4031
2,Oesophagus,826,United Kingdom,1,1,1995,8.46047547,14.42204764,0.998608966,4056
2,Oesophagus,826,United Kingdom,1,1,1996,8.458578457,14.46081099,0.9967080971,4079
2,Oesophagus,826,United Kingdom,1,1,1997,8.387532012,14.55272053,0.9781271476,4117
2,Oesophagus,826,United Kingdom,1,1,1998,8.668253791,15.15085119,1.007260556,4301
2,Oesophagus,826,United Kingdom,1,1,1999,8.509041174,14.98744538,0.9982187509,4272
2,Oesophagus,826,United Kingdom,1,1,2000,8.567560594,15.27551241,0.9926803167,4374
2,Oesophagus,826,United Kingdom,1,1,2001,8.629619191,15.57487814,0.9878652111,4480
2,Oesophagus,826,United Kingdom,1,1,2002,8.736348265,15.8564315,1.005570302,4584
2,Oesophagus,826,United Kingdom,1,1,2003,8.997605829,16.30776285,1.035831409,4740
2,Oesophagus,826,United Kingdom,1,1,2004,8.623906069,15.93554574,0.9985136081,4662
2,Oesophagus,826,United Kingdom,1,1,2005,8.80446886,16.44770483,0.9996280752,4849
2,Oesophagus,826,United Kingdom,1,1,2006,8.693916081,16.38072836,1.001199908,4869
2,Oesophagus,826,United Kingdom,1,1,2007,8.530911585,16.06124296,0.9834633744,4816
2,Oesophagus,826,United Kingdom,1,1,2008,8.809250097,16.63438136,1.014389594,5032
2,Oesophagus,826,United Kingdom,1,1,2009,8.693680124,16.73659587,1.013255271,5106
2,Oesophagus,826,United Kingdom,1,1,2010,8.505732754,16.59814342,0.9859271266,5109
2,Oesophagus,826,United Kingdom,1,1,2011,8.419674015,16.50982707,0.9823422815,5127
2,Oesophagus,826,United Kingdom,1,1,2012,8.386841724,16.75980206,0.9693768974,5245
2,Oesophagus,826,United Kingdom,1,1,2013,8.235690023,16.73907047,0.9669872203,5277
2,Oesophagus,826,United Kingdom,1,1,2014,7.960943685,16.41837054,0.945321017,5218
2,Oesophagus,826,United Kingdom,1,1,2015,8.221040487,17.04710146,0.9989146077,5466
2,Oesophagus,826,United Kingdom,1,1,2016,8.077639809,17.02542802,0.9484529542,5507
2,Oesophagus,826,United Kingdom,1,1,2017,7.875259321,16.83569093,0.9204254642,5487
2,Oesophagus,826,United Kingdom,1,1,2018,7.870444189,17.04558931,0.9179580856,5591
2,Oesophagus,826,United Kingdom,1,1,2019,7.64185661,16.7944797,0.9085635321,5541
2,Oesophagus,826,United Kingdom,1,1,2020,7.63056249,17.10598181,0.8843691451,5667
2,Oesophagus,826,United Kingdom,1,1,2021,7.380289305,16.709631,0.8636695404,5564
2,Oesophagus,826,United Kingdom,2,1,1951,2.325860396,3.833778975,0.2731931244,1002
2,Oesophagus,826,United Kingdom,2,1,1952,2.367123445,3.922272976,0.2768623287,1029
2,Oesophagus,826,United Kingdom,2,1,1953,2.327751995,3.910195489,0.260396918,1030
2,Oesophagus,826,United Kingdom,2,1,1954,2.472338493,4.234795035,0.2743913529,1120
2,Oesophagus,826,United Kingdom,2,1,1955,2.447072999,4.283070019,0.2731962916,1137
2,Oesophagus,826,United Kingdom,2,1,1956,2.396682698,4.218182091,0.2650241434,1124
2,Oesophagus,826,United Kingdom,2,1,1957,2.339546441,4.211119133,0.2586071388,1127
2,Oesophagus,826,United Kingdom,2,1,1958,2.358595479,4.314025022,0.2597917812,1160
2,Oesophagus,826,United Kingdom,2,1,1959,2.223825711,4.119326183,0.2417392772,1113
2,Oesophagus,826,United Kingdom,2,1,1960,2.317288472,4.252752691,0.2487370897,1155
2,Oesophagus,826,United Kingdom,2,1,1961,2.418582367,4.471061685,0.2699958066,1221
2,Oesophagus,826,United Kingdom,2,1,1962,2.402236819,4.477300795,0.2602694629,1230
2,Oesophagus,826,United Kingdom,2,1,1963,2.376858916,4.511710294,0.2612193506,1247
2,Oesophagus,826,United Kingdom,2,1,1964,2.594743962,4.912366581,0.2804062692,1366
2,Oesophagus,826,United Kingdom,2,1,1965,2.43866837,4.731885438,0.2658027995,1324
2,Oesophagus,826,United Kingdom,2,1,1966,2.477702945,4.86857547,0.2587549971,1370
2,Oesophagus,826,United Kingdom,2,1,1967,2.535672569,5.001656025,0.2954711723,1415
2,Oesophagus,826,United Kingdom,2,1,1968,2.548996389,5.051089342,0.2824288995,1436
2,Oesophagus,826,United Kingdom,2,1,1969,2.67311712,5.336287738,0.2906121701,1523
2,Oesophagus,826,United Kingdom,2,1,1970,2.589895109,5.29720516,0.2748060841,1517
2,Oesophagus,826,United Kingdom,2,1,1971,2.672937861,5.460085833,0.2930082451,1569
2,Oesophagus,826,United Kingdom,2,1,1972,2.566333842,5.329723001,0.2851124054,1536
2,Oesophagus,826,United Kingdom,2,1,1973,2.712681518,5.677643953,0.2960558314,1639
2,Oesophagus,826,United Kingdom,2,1,1974,2.845945735,5.897828145,0.316329287,1703
2,Oesophagus,826,United Kingdom,2,1,1975,2.738837374,5.942034363,0.2989970282,1715
2,Oesophagus,826,United Kingdom,2,1,1976,2.856525476,6.100999552,0.3214671361,1760
2,Oesophagus,826,United Kingdom,2,1,1977,2.902462272,6.498465526,0.3135441567,1874
2,Oesophagus,826,United Kingdom,2,1,1978,2.992160986,6.508295372,0.3284915379,1877
2,Oesophagus,826,United Kingdom,2,1,1979,2.812847192,6.282247629,0.3081901151,1813
2,Oesophagus,826,United Kingdom,2,1,1980,2.893262519,6.545480776,0.3180253338,1891
2,Oesophagus,826,United Kingdom,2,1,1981,2.846004431,6.590006271,0.3053463383,1905
2,Oesophagus,826,United Kingdom,2,1,1982,2.950891196,6.852838561,0.3310981904,1981
2,Oesophagus,826,United Kingdom,2,1,1983,2.977551763,6.906331597,0.3294467261,1996
2,Oesophagus,826,United Kingdom,2,1,1984,3.144759439,7.391648336,0.3527201801,2139
2,Oesophagus,826,United Kingdom,2,1,1985,3.099064264,7.361248898,0.3446999984,2137
2,Oesophagus,826,United Kingdom,2,1,1986,3.104260963,7.527442283,0.3394767715,2192
2,Oesophagus,826,United Kingdom,2,1,1987,3.063435124,7.540021147,0.3404560202,2200
2,Oesophagus,826,United Kingdom,2,1,1988,3.025718806,7.603926254,0.3285781623,2234
2,Oesophagus,826,United Kingdom,2,1,1989,3.241781205,8.025353632,0.3463558704,2376
2,Oesophagus,826,United Kingdom,2,1,1990,3.298418841,8.177429963,0.3625015237,2429
2,Oesophagus,826,United Kingdom,2,1,1991,3.247200734,8.135986182,0.356082708,2425
2,Oesophagus,826,United Kingdom,2,1,1992,3.293462843,8.293164573,0.3672066874,2476
2,Oesophagus,826,United Kingdom,2,1,1993,3.394141329,8.697850781,0.3722500167,2600
2,Oesophagus,826,United Kingdom,2,1,1994,3.322562081,8.513703024,0.3587405398,2551
2,Oesophagus,826,United Kingdom,2,1,1995,3.438441761,8.684351398,0.3838903902,2608
2,Oesophagus,826,United Kingdom,2,1,1996,3.363830447,8.71015875,0.3665172014,2621
2,Oesophagus,826,United Kingdom,2,1,1997,3.314424949,8.674647497,0.3615352275,2616
2,Oesophagus,826,United Kingdom,2,1,1998,3.122773365,8.383220939,0.3399812225,2535
2,Oesophagus,826,United Kingdom,2,1,1999,3.426593284,8.917151847,0.3717183201,2705
2,Oesophagus,826,United Kingdom,2,1,2000,3.259038924,8.63969725,0.3523134413,2629
2,Oesophagus,826,United Kingdom,2,1,2001,3.120981527,8.399997117,0.3358665145,2564
2,Oesophagus,826,United Kingdom,2,1,2002,3.2910195,8.736144633,0.3506369926,2676
2,Oesophagus,826,United Kingdom,2,1,2003,3.144132286,8.489821124,0.3312922707,2611
2,Oesophagus,826,United Kingdom,2,1,2004,3.093931239,8.30998596,0.3275709368,2569
2,Oesophagus,826,United Kingdom,2,1,2005,3.095170726,8.269378757,0.3229116047,2573
2,Oesophagus,826,United Kingdom,2,1,2006,3.093616132,8.136714683,0.3232660008,2549
2,Oesophagus,826,United Kingdom,2,1,2007,3.070503656,8.09809503,0.344709214,2555
2,Oesophagus,826,United Kingdom,2,1,2008,3.058108524,8.13488924,0.3209321695,2585
2,Oesophagus,826,United Kingdom,2,1,2009,2.87448535,7.716051553,0.3074568829,2469
2,Oesophagus,826,United Kingdom,2,1,2010,2.817995172,7.779448689,0.2946047486,2507
2,Oesophagus,826,United Kingdom,2,1,2011,2.739734779,7.6505804,0.2831543131,2483
2,Oesophagus,826,United Kingdom,2,1,2012,2.74126669,7.543157946,0.2926358874,2464
2,Oesophagus,826,United Kingdom,2,1,2013,2.729651483,7.530959088,0.2888685389,2475
2,Oesophagus,826,United Kingdom,2,1,2014,2.757059677,7.798227572,0.284100533,2580
2,Oesophagus,826,United Kingdom,2,1,2015,2.636287367,7.485441731,0.278264168,2494
2,Oesophagus,826,United Kingdom,2,1,2016,2.658779819,7.481901177,0.2810170997,2510
2,Oesophagus,826,United Kingdom,2,1,2017,2.526398143,7.16168693,0.2731426215,2418
2,Oesophagus,826,United Kingdom,2,1,2018,2.511532641,7.277878257,0.2605423573,2471
2,Oesophagus,826,United Kingdom,2,1,2019,2.594012477,7.682166637,0.2773187482,2621
2,Oesophagus,826,United Kingdom,2,1,2020,2.336385277,6.805344729,0.2519783347,2329
2,Oesophagus,826,United Kingdom,2,1,2021,2.324672717,6.877964886,0.2465464616,2364
2,Oesophagus,8260,"UK, England",1,0,1971,4.91921753,7.040786938,0.5826479657,1589
2,Oesophagus,8260,"UK, England",1,0,1972,5.149754276,7.358913688,0.6129400218,1667
2,Oesophagus,8260,"UK, England",1,0,1973,5.235289137,7.527965732,0.6125990921,1710
2,Oesophagus,8260,"UK, England",1,0,1974,5.433194081,7.864416924,0.634200043,1787
2,Oesophagus,8260,"UK, England",1,0,1975,5.628606246,8.195279027,0.6495589275,1863
2,Oesophagus,8260,"UK, England",1,0,1976,5.847699355,8.54888882,0.6743389731,1943
2,Oesophagus,8260,"UK, England",1,0,1977,5.577610604,8.417345366,0.6551337825,1912
2,Oesophagus,8260,"UK, England",1,0,1978,5.92289227,8.901083897,0.7107922306,2021
2,Oesophagus,8260,"UK, England",1,0,1979,5.330348882,8.172003306,0.6301631065,1859
2,Oesophagus,8260,"UK, England",1,0,1980,5.844396712,8.903730878,0.6737471864,2029
2,Oesophagus,8260,"UK, England",1,0,1981,5.980991641,9.313609364,0.7023739278,2123
2,Oesophagus,8260,"UK, England",1,0,1982,6.181911963,9.681170869,0.7455193681,2206
2,Oesophagus,8260,"UK, England",1,0,1983,6.144251066,9.575414051,0.7297860442,2186
2,Oesophagus,8260,"UK, England",1,0,1984,6.450423736,10.12702431,0.7617545966,2320
2,Oesophagus,8260,"UK, England",1,0,1985,6.637578484,10.58849609,0.786045813,2436
2,Oesophagus,8260,"UK, England",1,0,1986,6.893499972,10.98053824,0.8162190449,2535
2,Oesophagus,8260,"UK, England",1,0,1987,7.315451785,11.58916101,0.8643900323,2685
2,Oesophagus,8260,"UK, England",1,0,1988,7.611163823,12.10161226,0.9225074239,2814
2,Oesophagus,8260,"UK, England",1,0,1989,7.435892883,11.85613359,0.9169491063,2769
2,Oesophagus,8260,"UK, England",1,0,1990,7.775210816,12.46964598,0.9420253012,2927
2,Oesophagus,8260,"UK, England",1,0,1991,7.774585788,12.60821272,0.9372386701,2974
2,Oesophagus,8260,"UK, England",1,0,1992,8.292922109,13.356974,0.9943792445,3164
2,Oesophagus,8260,"UK, England",1,0,1993,8.429474611,13.72898603,1.021863934,3265
2,Oesophagus,8260,"UK, England",1,0,1994,8.563203936,13.99746262,1.009812862,3343
2,Oesophagus,8260,"UK, England",1,0,1995,8.127101935,13.59879148,0.9862089689,3202
2,Oesophagus,8260,"UK, England",1,0,1996,8.158371077,13.67823708,0.9737493734,3232
2,Oesophagus,8260,"UK, England",1,0,1997,8.52087974,14.5427785,1.01778596,3448
2,Oesophagus,8260,"UK, England",1,0,1998,8.300638857,14.26434838,0.9740860891,3394
2,Oesophagus,8260,"UK, England",1,0,1999,8.433634184,14.55934442,0.9826501202,3482
2,Oesophagus,8260,"UK, England",1,0,2000,8.754399554,15.27677873,1.026278563,3671
2,Oesophagus,8260,"UK, England",1,0,2001,9.039466122,15.79932654,1.073506316,3818
2,Oesophagus,8260,"UK, England",1,0,2002,9.101323365,15.98830335,1.068179546,3884
2,Oesophagus,8260,"UK, England",1,0,2003,9.053197187,16.14560189,1.060082841,3944
2,Oesophagus,8260,"UK, England",1,0,2004,9.084501862,16.30616093,1.068992096,4007
2,Oesophagus,8260,"UK, England",1,0,2005,9.178678024,16.59764898,1.086644226,4114
2,Oesophagus,8260,"UK, England",1,0,2006,9.215003084,16.6548628,1.08283051,4160
2,Oesophagus,8260,"UK, England",1,0,2007,9.470073081,17.11074921,1.121441865,4312
2,Oesophagus,8260,"UK, England",1,0,2008,9.764084149,17.93203566,1.171012439,4561
2,Oesophagus,8260,"UK, England",1,0,2009,9.554587044,17.69536447,1.129063805,4536
2,Oesophagus,8260,"UK, England",1,0,2010,9.70882846,18.15494726,1.167771894,4698
2,Oesophagus,8260,"UK, England",1,0,2011,9.543194829,17.99629146,1.162410122,4703
2,Oesophagus,8260,"UK, England",1,0,2012,9.818125994,18.88852535,1.18157431,4974
2,Oesophagus,8260,"UK, England",1,0,2013,9.604572514,18.60633816,1.167603629,4937
2,Oesophagus,8260,"UK, England",1,0,2014,9.52690354,18.51852129,1.185189912,4958
2,Oesophagus,8260,"UK, England",1,0,2015,9.787360618,19.44187501,1.219434275,5255
2,Oesophagus,8260,"UK, England",1,0,2016,9.648744225,19.35465911,1.173274947,5284
2,Oesophagus,8260,"UK, England",1,0,2017,9.502730861,19.34423692,1.173102853,5316
2,Oesophagus,8260,"UK, England",2,0,1971,2.604991465,5.280331499,0.2967507932,1259
2,Oesophagus,8260,"UK, England",2,0,1972,2.661713023,5.414083306,0.3032000915,1295
2,Oesophagus,8260,"UK, England",2,0,1973,2.819551751,5.72360654,0.3152863337,1372
2,Oesophagus,8260,"UK, England",2,0,1974,2.84369927,5.85139461,0.3300728319,1402
2,Oesophagus,8260,"UK, England",2,0,1975,2.930157679,6.198364367,0.3283982991,1484
2,Oesophagus,8260,"UK, England",2,0,1976,2.912989505,6.092312321,0.3322546959,1458
2,Oesophagus,8260,"UK, England",2,0,1977,2.990599233,6.591486658,0.3296614501,1577
2,Oesophagus,8260,"UK, England",2,0,1978,3.105134305,6.681123632,0.3527961426,1599
2,Oesophagus,8260,"UK, England",2,0,1979,2.882845056,6.396739834,0.3176524924,1532
2,Oesophagus,8260,"UK, England",2,0,1980,2.985680329,6.587774491,0.3327093378,1581
2,Oesophagus,8260,"UK, England",2,0,1981,3.216478251,7.067196637,0.3540540007,1698
2,Oesophagus,8260,"UK, England",2,0,1982,3.172548088,7.144284572,0.3533481267,1716
2,Oesophagus,8260,"UK, England",2,0,1983,3.148756126,7.153284064,0.3642876065,1720
2,Oesophagus,8260,"UK, England",2,0,1984,3.293559518,7.516425319,0.3833197069,1811
2,Oesophagus,8260,"UK, England",2,0,1985,3.23534357,7.6442606,0.3542422507,1848
2,Oesophagus,8260,"UK, England",2,0,1986,3.218621424,7.499051797,0.3693011154,1819
2,Oesophagus,8260,"UK, England",2,0,1987,3.260887004,7.915556433,0.3665286041,1925
2,Oesophagus,8260,"UK, England",2,0,1988,3.311893695,7.940837479,0.3709816252,1936
2,Oesophagus,8260,"UK, England",2,0,1989,3.530030838,8.289201955,0.404190061,2027
2,Oesophagus,8260,"UK, England",2,0,1990,3.44622791,8.417961581,0.3919822375,2064
2,Oesophagus,8260,"UK, England",2,0,1991,3.497458137,8.533920404,0.3896271979,2101
2,Oesophagus,8260,"UK, England",2,0,1992,3.653775784,8.946398558,0.4090801545,2209
2,Oesophagus,8260,"UK, England",2,0,1993,3.614660121,8.839904005,0.4068772616,2188
2,Oesophagus,8260,"UK, England",2,0,1994,3.761655006,9.175827053,0.4295459568,2278
2,Oesophagus,8260,"UK, England",2,0,1995,3.511579958,8.700640824,0.3965962401,2161
2,Oesophagus,8260,"UK, England",2,0,1996,3.356867434,8.432986065,0.3756810538,2099
2,Oesophagus,8260,"UK, England",2,0,1997,3.536166558,8.779657641,0.4065257028,2191
2,Oesophagus,8260,"UK, England",2,0,1998,3.534710758,9.002278619,0.4038032211,2253
2,Oesophagus,8260,"UK, England",2,0,1999,3.73077154,9.252712112,0.4213497643,2324
2,Oesophagus,8260,"UK, England",2,0,2000,3.609825655,9.165438789,0.3993173914,2310
2,Oesophagus,8260,"UK, England",2,0,2001,3.626702888,9.088694625,0.3922433821,2298
2,Oesophagus,8260,"UK, England",2,0,2002,3.517909814,8.803889058,0.3880811547,2235
2,Oesophagus,8260,"UK, England",2,0,2003,3.538862625,8.890958958,0.3928374225,2267
2,Oesophagus,8260,"UK, England",2,0,2004,3.411036307,8.489108142,0.3845864763,2175
2,Oesophagus,8260,"UK, England",2,0,2005,3.540332949,8.803460934,0.3818984231,2273
2,Oesophagus,8260,"UK, England",2,0,2006,3.593085604,8.804234159,0.4033745323,2288
2,Oesophagus,8260,"UK, England",2,0,2007,3.489579089,8.636178905,0.393610673,2261
2,Oesophagus,8260,"UK, England",2,0,2008,3.466713531,8.475820429,0.3911118562,2236
2,Oesophagus,8260,"UK, England",2,0,2009,3.426754711,8.39904333,0.3980556942,2231
2,Oesophagus,8260,"UK, England",2,0,2010,3.404896184,8.671705447,0.3726278046,2321
2,Oesophagus,8260,"UK, England",2,0,2011,3.364870341,8.34877814,0.3767616794,2252
2,Oesophagus,8260,"UK, England",2,0,2012,3.537210061,8.85852396,0.397172009,2406
2,Oesophagus,8260,"UK, England",2,0,2013,3.529471306,8.835846006,0.3981728487,2415
2,Oesophagus,8260,"UK, England",2,0,2014,3.410143921,8.709883616,0.3889641449,2399
2,Oesophagus,8260,"UK, England",2,0,2015,3.410829606,8.711303197,0.3916034384,2418
2,Oesophagus,8260,"UK, England",2,0,2016,3.283824407,8.352657495,0.3752003771,2336
2,Oesophagus,8260,"UK, England",2,0,2017,3.171883864,8.166782327,0.3717465553,2298
2,Oesophagus,8261,"UK, Wales",1,0,2003,10.26097965,19.27925048,1.302419104,275
2,Oesophagus,8261,"UK, Wales",1,0,2004,9.224578706,18.07336535,1.04572127,260
2,Oesophagus,8261,"UK, Wales",1,0,2005,8.839476517,17.61347742,1.00194387,255
2,Oesophagus,8261,"UK, Wales",1,0,2006,10.35936395,20.33441875,1.207576209,296
2,Oesophagus,8261,"UK, Wales",1,0,2007,10.55753979,20.83709275,1.256268724,306
2,Oesophagus,8261,"UK, Wales",1,0,2008,10.76265987,21.02210701,1.30606016,311
2,Oesophagus,8261,"UK, Wales",1,0,2009,9.746189154,19.96171652,1.151870282,297
2,Oesophagus,8261,"UK, Wales",1,0,2010,10.10567561,20.66208267,1.249032078,309
2,Oesophagus,8261,"UK, Wales",1,0,2011,8.471589808,17.54764951,0.9856693849,264
2,Oesophagus,8261,"UK, Wales",1,0,2012,9.067032653,18.61006029,1.072586884,281
2,Oesophagus,8261,"UK, Wales",1,0,2013,8.200783067,17.88510896,0.9914562628,271
2,Oesophagus,8261,"UK, Wales",1,0,2014,9.372104377,20.50857318,1.144225407,312
2,Oesophagus,8261,"UK, Wales",1,0,2015,9.469602445,20.91034052,1.161709863,319
2,Oesophagus,8261,"UK, Wales",1,0,2016,8.597523244,18.31766879,1.093095307,281
2,Oesophagus,8261,"UK, Wales",1,0,2017,8.778813684,19.67276977,1.055648771,303
2,Oesophagus,8261,"UK, Wales",2,0,2003,3.766888071,10.58679284,0.41485778,160
2,Oesophagus,8261,"UK, Wales",2,0,2004,3.926011006,10.27098952,0.4248034565,156
2,Oesophagus,8261,"UK, Wales",2,0,2005,3.913371639,10.38412045,0.4703099019,158
2,Oesophagus,8261,"UK, Wales",2,0,2006,4.238627071,10.58817993,0.5133494857,162
2,Oesophagus,8261,"UK, Wales",2,0,2007,4.006675991,10.4047175,0.433056107,160
2,Oesophagus,8261,"UK, Wales",2,0,2008,4.124807605,10.66944633,0.486627712,165
2,Oesophagus,8261,"UK, Wales",2,0,2009,4.029394814,10.96050093,0.4377489264,170
2,Oesophagus,8261,"UK, Wales",2,0,2010,3.505303025,9.713871795,0.3870156296,151
2,Oesophagus,8261,"UK, Wales",2,0,2011,4.14582878,10.96657887,0.4679538875,171
2,Oesophagus,8261,"UK, Wales",2,0,2012,3.245280707,8.822790418,0.3399380185,138
2,Oesophagus,8261,"UK, Wales",2,0,2013,3.32362784,9.188449353,0.4090268641,144
2,Oesophagus,8261,"UK, Wales",2,0,2014,3.617025697,9.549754539,0.4508414274,150
2,Oesophagus,8261,"UK, Wales",2,0,2015,3.845696053,10.35890755,0.4287094955,163
2,Oesophagus,8261,"UK, Wales",2,0,2016,3.300291961,9.372356109,0.3415645142,148
2,Oesophagus,8261,"UK, Wales",2,0,2017,3.356349219,9.527024256,0.3497599049,151
2,Oesophagus,8262,"UK, Scotland",1,0,1978,7.332806243,10.14256925,0.8821212881,253
2,Oesophagus,8262,"UK, Scotland",1,0,1979,8.494529871,11.80978533,1.040396925,294
2,Oesophagus,8262,"UK, Scotland",1,0,1980,8.118407023,11.53067725,0.9857911275,286
2,Oesophagus,8262,"UK, Scotland",1,0,1981,8.369045989,12.18505247,0.9930877068,304
2,Oesophagus,8262,"UK, Scotland",1,0,1982,8.363823092,11.9806942,0.9920686732,298
2,Oesophagus,8262,"UK, Scotland",1,0,1983,8.737618592,12.46432641,0.9994273377,309
2,Oesophagus,8262,"UK, Scotland",1,0,1984,8.117856309,12.24428933,1.013203656,303
2,Oesophagus,8262,"UK, Scotland",1,0,1985,8.646017282,12.67455864,1.028380195,313
2,Oesophagus,8262,"UK, Scotland",1,0,1986,7.872494458,11.61510467,0.9718894283,286
2,Oesophagus,8262,"UK, Scotland",1,0,1987,8.929447662,13.31756946,1.001467068,327
2,Oesophagus,8262,"UK, Scotland",1,0,1988,8.810342221,13.05066974,1.049961069,319
2,Oesophagus,8262,"UK, Scotland",1,0,1989,9.041324346,13.50706972,1.139464288,330
2,Oesophagus,8262,"UK, Scotland",1,0,1990,9.898430541,15.01719612,1.210747587,367
2,Oesophagus,8262,"UK, Scotland",1,0,1991,9.211481082,13.86778154,1.108133927,339
2,Oesophagus,8262,"UK, Scotland",1,0,1992,9.890039,15.04945053,1.184085139,368
2,Oesophagus,8262,"UK, Scotland",1,0,1993,11.30754441,17.5623535,1.323286488,430
2,Oesophagus,8262,"UK, Scotland",1,0,1994,11.44906973,17.93471925,1.339685286,440
2,Oesophagus,8262,"UK, Scotland",1,0,1995,11.50935477,18.30148372,1.478120381,449
2,Oesophagus,8262,"UK, Scotland",1,0,1996,12.46407058,19.73829392,1.546178071,483
2,Oesophagus,8262,"UK, Scotland",1,0,1997,11.14099952,17.76997464,1.298884499,434
2,Oesophagus,8262,"UK, Scotland",1,0,1998,11.70970135,19.39326549,1.41502586,473
2,Oesophagus,8262,"UK, Scotland",1,0,1999,11.33459934,18.71510157,1.401452059,456
2,Oesophagus,8262,"UK, Scotland",1,0,2000,11.19213629,18.58609185,1.362988698,452
2,Oesophagus,8262,"UK, Scotland",1,0,2001,11.65929256,19.88714456,1.417109506,484
2,Oesophagus,8262,"UK, Scotland",1,0,2002,12.25985035,21.2674846,1.486456582,518
2,Oesophagus,8262,"UK, Scotland",1,0,2003,11.85336832,20.95890046,1.365541651,511
2,Oesophagus,8262,"UK, Scotland",1,0,2004,12.03058181,21.74443504,1.380555375,532
2,Oesophagus,8262,"UK, Scotland",1,0,2005,11.7465278,21.00531349,1.415955909,517
2,Oesophagus,8262,"UK, Scotland",1,0,2006,11.67079916,21.21110137,1.419021033,525
2,Oesophagus,8262,"UK, Scotland",1,0,2007,11.7539195,21.50961444,1.418602767,537
2,Oesophagus,8262,"UK, Scotland",1,0,2008,11.60518689,21.74687433,1.430618903,547
2,Oesophagus,8262,"UK, Scotland",1,0,2009,11.67744284,21.60373148,1.477171985,547
2,Oesophagus,8262,"UK, Scotland",1,0,2010,11.41540554,21.77990057,1.375943074,555
2,Oesophagus,8262,"UK, Scotland",1,0,2011,11.02573587,21.2426565,1.32391695,546
2,Oesophagus,8262,"UK, Scotland",1,0,2012,11.45535378,22.6219763,1.43776255,583
2,Oesophagus,8262,"UK, Scotland",1,0,2013,11.2017546,22.11455339,1.345382185,572
2,Oesophagus,8262,"UK, Scotland",1,0,2014,11.85854076,24.10909945,1.450590633,626
2,Oesophagus,8262,"UK, Scotland",1,0,2015,11.05653008,22.94606831,1.39968545,599
2,Oesophagus,8262,"UK, Scotland",1,0,2016,10.38009197,21.99807193,1.2470467,578
2,Oesophagus,8262,"UK, Scotland",1,0,2017,11.40353338,24.58054009,1.399492726,649
2,Oesophagus,8262,"UK, Scotland",1,1,1951,5.833041481,7.216959856,0.7170157413,176
2,Oesophagus,8262,"UK, Scotland",1,1,1952,6.566013337,7.797110965,0.7561224181,190
2,Oesophagus,8262,"UK, Scotland",1,1,1953,5.245883458,6.486042693,0.6519911264,158
2,Oesophagus,8262,"UK, Scotland",1,1,1954,5.756872293,7.182728616,0.6623201858,175
2,Oesophagus,8262,"UK, Scotland",1,1,1955,5.837977894,7.291197313,0.7207579199,178
2,Oesophagus,8262,"UK, Scotland",1,1,1956,5.810651899,6.869199002,0.716710615,168
2,Oesophagus,8262,"UK, Scotland",1,1,1957,5.793402684,6.985008782,0.6520384146,171
2,Oesophagus,8262,"UK, Scotland",1,1,1958,5.667933127,7.238714925,0.5926421279,178
2,Oesophagus,8262,"UK, Scotland",1,1,1959,5.904164342,7.239343201,0.635816602,179
2,Oesophagus,8262,"UK, Scotland",1,1,1960,5.337257371,6.608373293,0.5743212545,164
2,Oesophagus,8262,"UK, Scotland",1,1,1961,4.546965981,5.954775891,0.4921610495,148
2,Oesophagus,8262,"UK, Scotland",1,1,1962,6.22459277,7.776174443,0.7636035577,194
2,Oesophagus,8262,"UK, Scotland",1,1,1963,5.099819491,6.520521642,0.6340552066,163
2,Oesophagus,8262,"UK, Scotland",1,1,1964,5.210397554,6.677062093,0.5516882096,167
2,Oesophagus,8262,"UK, Scotland",1,1,1965,5.738283322,7.276798209,0.6604822123,182
2,Oesophagus,8262,"UK, Scotland",1,1,1966,5.289043514,6.770019629,0.629706918,169
2,Oesophagus,8262,"UK, Scotland",1,1,1967,5.995193059,7.731752263,0.6604010405,193
2,Oesophagus,8262,"UK, Scotland",1,1,1968,6.26747725,8.087440445,0.7551934648,202
2,Oesophagus,8262,"UK, Scotland",1,1,1969,5.96876427,7.591497523,0.6392412183,190
2,Oesophagus,8262,"UK, Scotland",1,1,1970,5.544174542,7.2200726,0.6279643555,181
2,Oesophagus,8262,"UK, Scotland",1,1,1971,6.482201465,8.535758446,0.7611503544,214
2,Oesophagus,8262,"UK, Scotland",1,1,1972,6.418489698,8.668903803,0.7993476351,217
2,Oesophagus,8262,"UK, Scotland",1,1,1973,6.34566147,8.465439444,0.7297543608,212
2,Oesophagus,8262,"UK, Scotland",1,1,1974,6.120411255,8.278606965,0.740959101,208
2,Oesophagus,8262,"UK, Scotland",1,1,1975,6.252257563,8.546325879,0.7836613741,214
2,Oesophagus,8262,"UK, Scotland",1,1,1976,7.153025937,9.626522868,0.810837652,241
2,Oesophagus,8262,"UK, Scotland",1,1,1977,6.934119351,9.357379934,0.7733945386,234
2,Oesophagus,8262,"UK, Scotland",1,1,1978,7.665577899,10.5022648,0.88501187,262
2,Oesophagus,8262,"UK, Scotland",1,1,1979,8.643809773,11.84976903,1.028577565,295
2,Oesophagus,8262,"UK, Scotland",1,1,1980,7.472072182,10.56323832,0.8798733138,262
2,Oesophagus,8262,"UK, Scotland",1,1,1981,8.003652148,11.58381633,0.9039649947,289
2,Oesophagus,8262,"UK, Scotland",1,1,1982,8.653792827,12.62395295,1.01130192,314
2,Oesophagus,8262,"UK, Scotland",1,1,1983,8.232133844,12.10128778,0.9555474722,300
2,Oesophagus,8262,"UK, Scotland",1,1,1984,8.835601776,12.93126266,1.076120857,320
2,Oesophagus,8262,"UK, Scotland",1,1,1985,8.588206693,12.91752142,1.000490012,319
2,Oesophagus,8262,"UK, Scotland",1,1,1986,9.396100353,13.68632963,1.161194576,337
2,Oesophagus,8262,"UK, Scotland",1,1,1987,9.505744351,14.4579118,1.118400323,355
2,Oesophagus,8262,"UK, Scotland",1,1,1988,9.074974541,13.74615997,1.033601667,336
2,Oesophagus,8262,"UK, Scotland",1,1,1989,9.564271276,14.73498515,1.192028935,360
2,Oesophagus,8262,"UK, Scotland",1,1,1990,9.348408537,14.52617064,1.139579345,355
2,Oesophagus,8262,"UK, Scotland",1,1,1991,10.64373762,16.07680869,1.309408044,393
2,Oesophagus,8262,"UK, Scotland",1,1,1992,9.874206362,15.21303152,1.183912417,372
2,Oesophagus,8262,"UK, Scotland",1,1,1993,10.88034141,17.11308399,1.280656381,419
2,Oesophagus,8262,"UK, Scotland",1,1,1994,10.45373682,16.42657241,1.250332636,403
2,Oesophagus,8262,"UK, Scotland",1,1,1995,11.18151859,18.05692047,1.341403531,443
2,Oesophagus,8262,"UK, Scotland",1,1,1996,10.60305507,17.20459988,1.329611582,421
2,Oesophagus,8262,"UK, Scotland",1,1,1997,10.55874928,17.4424175,1.251350902,426
2,Oesophagus,8262,"UK, Scotland",1,1,1998,11.58204872,19.31126437,1.337123129,471
2,Oesophagus,8262,"UK, Scotland",1,1,1999,10.77213775,18.18155701,1.344643004,443
2,Oesophagus,8262,"UK, Scotland",1,1,2000,10.29961153,17.55810004,1.23860292,427
2,Oesophagus,8262,"UK, Scotland",1,1,2001,11.24641491,19.39407486,1.298903361,472
2,Oesophagus,8262,"UK, Scotland",1,1,2002,10.5330242,18.96829708,1.210434202,462
2,Oesophagus,8262,"UK, Scotland",1,1,2003,11.31728419,20.54874585,1.32228411,501
2,Oesophagus,8262,"UK, Scotland",1,1,2004,11.21408051,20.88610208,1.307897655,511
2,Oesophagus,8262,"UK, Scotland",1,1,2005,10.84055302,20.11147036,1.244261697,495
2,Oesophagus,8262,"UK, Scotland",1,1,2006,10.70605783,19.79702794,1.261335194,490
2,Oesophagus,8262,"UK, Scotland",1,1,2007,10.07754524,19.42674674,1.198615948,485
2,Oesophagus,8262,"UK, Scotland",1,1,2008,10.92506295,20.67344544,1.317812689,520
2,Oesophagus,8262,"UK, Scotland",1,1,2009,10.37036719,20.02393393,1.20547134,507
2,Oesophagus,8262,"UK, Scotland",1,1,2010,10.69167638,20.91655316,1.26590885,533
2,Oesophagus,8262,"UK, Scotland",1,1,2011,10.52697494,21.04812668,1.260935319,541
2,Oesophagus,8262,"UK, Scotland",1,1,2012,10.18631808,20.68184111,1.186491126,533
2,Oesophagus,8262,"UK, Scotland",1,1,2013,9.970722774,20.80005196,1.163627016,538
2,Oesophagus,8262,"UK, Scotland",1,1,2014,9.869175783,20.60442206,1.188892796,535
2,Oesophagus,8262,"UK, Scotland",1,1,2015,9.896153676,21.14562556,1.150376627,552
2,Oesophagus,8262,"UK, Scotland",1,1,2016,9.808707243,21.04659823,1.202679833,553
2,Oesophagus,8262,"UK, Scotland",1,1,2017,9.505249386,21.0203386,1.116633848,555
2,Oesophagus,8262,"UK, Scotland",1,1,2018,9.87222194,22.04812759,1.130129013,584
2,Oesophagus,8262,"UK, Scotland",1,1,2019,8.680434509,19.75213697,1.026024539,526
2,Oesophagus,8262,"UK, Scotland",1,1,2020,8.960606904,20.65337516,1.027431686,550
2,Oesophagus,8262,"UK, Scotland",2,0,1978,4.146677155,8.268270364,0.4503829404,222
2,Oesophagus,8262,"UK, Scotland",2,0,1979,4.127939818,8.291195758,0.4807830299,222
2,Oesophagus,8262,"UK, Scotland",2,0,1980,4.238750142,9.016221717,0.5121170726,241
2,Oesophagus,8262,"UK, Scotland",2,0,1981,4.370430429,9.682200392,0.4883240761,260
2,Oesophagus,8262,"UK, Scotland",2,0,1982,4.392942629,9.263392232,0.5038894207,248
2,Oesophagus,8262,"UK, Scotland",2,0,1983,4.33033968,9.441579291,0.494843711,252
2,Oesophagus,8262,"UK, Scotland",2,0,1984,4.584392451,9.533614813,0.5517357079,254
2,Oesophagus,8262,"UK, Scotland",2,0,1985,3.893229934,8.87760046,0.4324168158,236
2,Oesophagus,8262,"UK, Scotland",2,0,1986,3.823213332,8.567819196,0.4187595566,227
2,Oesophagus,8262,"UK, Scotland",2,0,1987,4.417067185,10.1754528,0.5119057363,269
2,Oesophagus,8262,"UK, Scotland",2,0,1988,4.526075995,10.55781333,0.5269547602,278
2,Oesophagus,8262,"UK, Scotland",2,0,1989,4.861128282,10.73993605,0.5550312329,283
2,Oesophagus,8262,"UK, Scotland",2,0,1990,4.883746485,11.10940489,0.5793149792,293
2,Oesophagus,8262,"UK, Scotland",2,0,1991,4.865262781,11.17926039,0.5529080038,295
2,Oesophagus,8262,"UK, Scotland",2,0,1992,5.290366028,11.85449797,0.6492347623,313
2,Oesophagus,8262,"UK, Scotland",2,0,1993,5.877130986,14.10719425,0.6551591469,373
2,Oesophagus,8262,"UK, Scotland",2,0,1994,5.380058759,12.53365589,0.6672668982,332
2,Oesophagus,8262,"UK, Scotland",2,0,1995,5.392780118,12.45124677,0.6608165498,330
2,Oesophagus,8262,"UK, Scotland",2,0,1996,5.625222683,13.34507801,0.6529714877,353
2,Oesophagus,8262,"UK, Scotland",2,0,1997,5.101601092,12.04081154,0.562235931,318
2,Oesophagus,8262,"UK, Scotland",2,0,1998,4.601339278,10.80331559,0.515115987,285
2,Oesophagus,8262,"UK, Scotland",2,0,1999,5.324501337,12.48380236,0.6078557331,329
2,Oesophagus,8262,"UK, Scotland",2,0,2000,4.507031254,11.0983826,0.521367669,292
2,Oesophagus,8262,"UK, Scotland",2,0,2001,4.305053885,11.21473868,0.4483827792,295
2,Oesophagus,8262,"UK, Scotland",2,0,2002,4.773371343,11.89952543,0.5434786864,313
2,Oesophagus,8262,"UK, Scotland",2,0,2003,4.425585348,11.36711406,0.4715229554,299
2,Oesophagus,8262,"UK, Scotland",2,0,2004,5.130844504,12.73838504,0.611603583,336
2,Oesophagus,8262,"UK, Scotland",2,0,2005,4.68260988,11.62738899,0.5462646885,308
2,Oesophagus,8262,"UK, Scotland",2,0,2006,4.415859004,11.70061035,0.4739819428,311
2,Oesophagus,8262,"UK, Scotland",2,0,2007,4.312530858,11.14667908,0.4843751465,298
2,Oesophagus,8262,"UK, Scotland",2,0,2008,4.14985588,10.34381656,0.491113543,278
2,Oesophagus,8262,"UK, Scotland",2,0,2009,4.365858406,11.07436119,0.489676718,299
2,Oesophagus,8262,"UK, Scotland",2,0,2010,4.753816662,12.38034635,0.5524351805,336
2,Oesophagus,8262,"UK, Scotland",2,0,2011,4.22521728,10.84407972,0.4890896103,296
2,Oesophagus,8262,"UK, Scotland",2,0,2012,4.276786654,11.36504827,0.4957120586,311
2,Oesophagus,8262,"UK, Scotland",2,0,2013,4.577910208,12.731799,0.4804911468,349
2,Oesophagus,8262,"UK, Scotland",2,0,2014,4.100498855,11.23199337,0.4420664572,309
2,Oesophagus,8262,"UK, Scotland",2,0,2015,4.59862939,12.01796469,0.5128459867,332
2,Oesophagus,8262,"UK, Scotland",2,0,2016,3.981723279,10.29815314,0.4452623371,286
2,Oesophagus,8262,"UK, Scotland",2,0,2017,4.084586633,11.45627581,0.470482207,319
2,Oesophagus,8262,"UK, Scotland",2,1,1951,3.005131405,4.542553591,0.2935350684,121
2,Oesophagus,8262,"UK, Scotland",2,1,1952,3.619152637,5.555347022,0.4299721173,148
2,Oesophagus,8262,"UK, Scotland",2,1,1953,3.31427209,5.067377351,0.3685968583,135
2,Oesophagus,8262,"UK, Scotland",2,1,1954,3.848058118,5.99880024,0.4487122324,160
2,Oesophagus,8262,"UK, Scotland",2,1,1955,3.515001343,5.505205603,0.4031459127,147
2,Oesophagus,8262,"UK, Scotland",2,1,1956,2.973701143,4.861630516,0.318432126,130
2,Oesophagus,8262,"UK, Scotland",2,1,1957,3.231309688,5.304841602,0.3581370261,142
2,Oesophagus,8262,"UK, Scotland",2,1,1958,3.124587104,5.071409927,0.3273411301,136
2,Oesophagus,8262,"UK, Scotland",2,1,1959,2.963157335,5.055574142,0.3045540773,136
2,Oesophagus,8262,"UK, Scotland",2,1,1960,2.80368564,4.600259692,0.3261952615,124
2,Oesophagus,8262,"UK, Scotland",2,1,1961,3.282381046,5.298847593,0.3806105876,143
2,Oesophagus,8262,"UK, Scotland",2,1,1962,3.570996833,5.845573273,0.4093732889,158
2,Oesophagus,8262,"UK, Scotland",2,1,1963,3.1449202,5.4703382,0.358143252,148
2,Oesophagus,8262,"UK, Scotland",2,1,1964,3.068802815,5.245078122,0.3029902218,142
2,Oesophagus,8262,"UK, Scotland",2,1,1965,2.816805867,4.983756645,0.3481384083,135
2,Oesophagus,8262,"UK, Scotland",2,1,1966,2.88716982,5.139962282,0.2913170549,139
2,Oesophagus,8262,"UK, Scotland",2,1,1967,3.105660928,5.625670824,0.3613868029,152
2,Oesophagus,8262,"UK, Scotland",2,1,1968,3.510613571,6.475725281,0.3900704456,175
2,Oesophagus,8262,"UK, Scotland",2,1,1969,3.461564803,6.135422827,0.3972902215,166
2,Oesophagus,8262,"UK, Scotland",2,1,1970,3.521855706,6.64942741,0.3633738846,180
2,Oesophagus,8262,"UK, Scotland",2,1,1971,3.62895877,6.900114387,0.3941465976,187
2,Oesophagus,8262,"UK, Scotland",2,1,1972,3.353731487,6.612486147,0.3482187146,179
2,Oesophagus,8262,"UK, Scotland",2,1,1973,3.088819705,6.315556212,0.3472595298,171
2,Oesophagus,8262,"UK, Scotland",2,1,1974,3.603960535,7.25919375,0.4096644946,197
2,Oesophagus,8262,"UK, Scotland",2,1,1975,3.640871499,7.475113792,0.3872811015,202
2,Oesophagus,8262,"UK, Scotland",2,1,1976,3.663889204,7.625111045,0.403607515,206
2,Oesophagus,8262,"UK, Scotland",2,1,1977,3.817065572,8.3500334,0.4004801084,225
2,Oesophagus,8262,"UK, Scotland",2,1,1978,3.869324025,7.969908011,0.4106971917,214
2,Oesophagus,8262,"UK, Scotland",2,1,1979,3.539641998,7.43258385,0.3550541596,199
2,Oesophagus,8262,"UK, Scotland",2,1,1980,4.079465383,8.679061763,0.4932124972,232
2,Oesophagus,8262,"UK, Scotland",2,1,1981,4.220261945,9.198090372,0.4636161783,247
2,Oesophagus,8262,"UK, Scotland",2,1,1982,4.066602292,8.740458799,0.4484136535,234
2,Oesophagus,8262,"UK, Scotland",2,1,1983,4.148445307,9.291712954,0.4501699429,248
2,Oesophagus,8262,"UK, Scotland",2,1,1984,4.31394674,9.23334348,0.4805223303,246
2,Oesophagus,8262,"UK, Scotland",2,1,1985,4.25135984,9.366620824,0.4906614043,249
2,Oesophagus,8262,"UK, Scotland",2,1,1986,3.841160129,8.982999861,0.4208352313,238
2,Oesophagus,8262,"UK, Scotland",2,1,1987,3.653149447,8.738028239,0.4202436145,231
2,Oesophagus,8262,"UK, Scotland",2,1,1988,4.010532697,10.17803587,0.4470541398,268
2,Oesophagus,8262,"UK, Scotland",2,1,1989,4.368631392,10.36043301,0.4804370502,273
2,Oesophagus,8262,"UK, Scotland",2,1,1990,4.390521228,10.42691585,0.511692025,275
2,Oesophagus,8262,"UK, Scotland",2,1,1991,4.468564247,11.06557299,0.4632659612,292
2,Oesophagus,8262,"UK, Scotland",2,1,1992,5.056807473,11.89237176,0.5750578608,314
2,Oesophagus,8262,"UK, Scotland",2,1,1993,5.00978807,12.10268676,0.5755786946,320
2,Oesophagus,8262,"UK, Scotland",2,1,1994,4.828391994,11.77861637,0.5492035079,312
2,Oesophagus,8262,"UK, Scotland",2,1,1995,4.932840281,12.03620521,0.5857777786,319
2,Oesophagus,8262,"UK, Scotland",2,1,1996,4.667358688,11.41703558,0.5292608489,302
2,Oesophagus,8262,"UK, Scotland",2,1,1997,4.523553284,11.66216966,0.4786292839,308
2,Oesophagus,8262,"UK, Scotland",2,1,1998,3.783093229,9.817749961,0.402872608,259
2,Oesophagus,8262,"UK, Scotland",2,1,1999,5.102387313,12.63558111,0.559599673,333
2,Oesophagus,8262,"UK, Scotland",2,1,2000,4.131247698,10.68029285,0.4507705338,281
2,Oesophagus,8262,"UK, Scotland",2,1,2001,3.864441366,10.64449773,0.4087565734,280
2,Oesophagus,8262,"UK, Scotland",2,1,2002,4.373847289,11.44331359,0.4551708697,301
2,Oesophagus,8262,"UK, Scotland",2,1,2003,3.717959156,10.45470357,0.3737515061,275
2,Oesophagus,8262,"UK, Scotland",2,1,2004,4.127355046,10.99443947,0.4595725225,290
2,Oesophagus,8262,"UK, Scotland",2,1,2005,4.34118736,11.43863268,0.4786802056,303
2,Oesophagus,8262,"UK, Scotland",2,1,2006,3.817286829,10.34619886,0.3934570974,275
2,Oesophagus,8262,"UK, Scotland",2,1,2007,4.086988975,11.25889397,0.455636122,301
2,Oesophagus,8262,"UK, Scotland",2,1,2008,4.18264727,11.57167967,0.4321516212,311
2,Oesophagus,8262,"UK, Scotland",2,1,2009,3.398757197,8.85208135,0.3841047569,239
2,Oesophagus,8262,"UK, Scotland",2,1,2010,3.6175367,10.24326275,0.3723026687,278
2,Oesophagus,8262,"UK, Scotland",2,1,2011,3.720359733,10.36781946,0.4217509641,283
2,Oesophagus,8262,"UK, Scotland",2,1,2012,3.569389707,10.2321978,0.3909374015,280
2,Oesophagus,8262,"UK, Scotland",2,1,2013,3.64876067,10.57943183,0.3589701094,290
2,Oesophagus,8262,"UK, Scotland",2,1,2014,3.830424117,11.45009033,0.3835851775,315
2,Oesophagus,8262,"UK, Scotland",2,1,2015,3.327435145,9.556453846,0.35384958,264
2,Oesophagus,8262,"UK, Scotland",2,1,2016,3.426045947,9.614010097,0.3618278037,267
2,Oesophagus,8262,"UK, Scotland",2,1,2017,3.317771043,9.983839109,0.3670808274,278
2,Oesophagus,8262,"UK, Scotland",2,1,2018,3.308704018,10.36084047,0.3274672877,289
2,Oesophagus,8262,"UK, Scotland",2,1,2019,3.616413129,10.96312284,0.3622614235,307
2,Oesophagus,8262,"UK, Scotland",2,1,2020,3.392408668,10.35604438,0.3618950478,290
2,Oesophagus,8263,"UK, Northern Ireland",1,0,1993,8.34887004,11.02464007,1.084741525,88
2,Oesophagus,8263,"UK, Northern Ireland",1,0,1994,9.358411708,12.34497086,1.128970131,99
2,Oesophagus,8263,"UK, Northern Ireland",1,0,1995,9.614844663,11.9400906,1.150930883,96
2,Oesophagus,8263,"UK, Northern Ireland",1,0,1996,6.838966216,9.748910035,0.8336026278,79
2,Oesophagus,8263,"UK, Northern Ireland",1,0,1997,9.191183424,11.89426611,1.159233805,97
2,Oesophagus,8263,"UK, Northern Ireland",1,0,1998,9.211817604,12.2149489,1.143143428,100
2,Oesophagus,8263,"UK, Northern Ireland",1,0,1999,8.165106934,11.24010077,0.9308550377,92
2,Oesophagus,8263,"UK, Northern Ireland",1,0,2000,6.036021208,8.53161206,0.6859279467,70
2,Oesophagus,8263,"UK, Northern Ireland",1,0,2001,8.541916834,12.25322193,0.9053482931,101
2,Oesophagus,8263,"UK, Northern Ireland",1,0,2002,6.89719463,9.891602512,0.834559765,82
2,Oesophagus,8263,"UK, Northern Ireland",1,0,2003,7.603884649,11.28310511,0.9232986956,94
2,Oesophagus,8263,"UK, Northern Ireland",1,0,2004,8.621228516,12.76467311,0.9601092751,107
2,Oesophagus,8263,"UK, Northern Ireland",1,0,2005,8.913505448,13.13141709,1.136669483,111
2,Oesophagus,8263,"UK, Northern Ireland",1,0,2006,9.033656333,14.18339956,1.050919414,121
2,Oesophagus,8263,"UK, Northern Ireland",1,0,2007,9.51652505,14.6128296,1.093782296,126
2,Oesophagus,8263,"UK, Northern Ireland",1,0,2008,9.652523433,14.35135328,1.211355414,125
2,Oesophagus,8263,"UK, Northern Ireland",1,0,2009,8.43677118,12.86192665,1.061126831,113
2,Oesophagus,8263,"UK, Northern Ireland",1,0,2010,8.398323957,13.34034267,1.016287492,118
2,Oesophagus,8263,"UK, Northern Ireland",1,0,2011,8.013632985,13.83076096,0.9048565627,123
2,Oesophagus,8263,"UK, Northern Ireland",1,0,2012,8.948256192,15.31499707,1.091566822,137
2,Oesophagus,8263,"UK, Northern Ireland",1,0,2013,9.084863269,15.38212886,1.075306589,138
2,Oesophagus,8263,"UK, Northern Ireland",1,0,2014,10.14337102,17.05972343,1.269730091,154
2,Oesophagus,8263,"UK, Northern Ireland",1,0,2015,8.329551325,14.18940546,1.048943394,129
2,Oesophagus,8263,"UK, Northern Ireland",1,0,2016,9.748848108,17.15447661,1.217363345,157
2,Oesophagus,8263,"UK, Northern Ireland",1,0,2017,10.94414471,19.12527927,1.363395261,176
2,Oesophagus,8263,"UK, Northern Ireland",1,1,1951,5.631312184,6.739553692,0.5890094731,45
2,Oesophagus,8263,"UK, Northern Ireland",1,1,1952,3.747869196,4.779686333,0.4973339422,32
2,Oesophagus,8263,"UK, Northern Ireland",1,1,1953,4.128924315,5.332543327,0.4855440755,36
2,Oesophagus,8263,"UK, Northern Ireland",1,1,1954,4.148411246,4.880934773,0.5274013065,33
2,Oesophagus,8263,"UK, Northern Ireland",1,1,1955,3.618191294,4.564193168,0.4327158032,31
2,Oesophagus,8263,"UK, Northern Ireland",1,1,1956,3.252694267,3.965339991,0.3856370778,27
2,Oesophagus,8263,"UK, Northern Ireland",1,1,1957,4.841117922,5.871128724,0.5890532928,40
2,Oesophagus,8263,"UK, Northern Ireland",1,1,1958,3.404490274,4.095962551,0.44133569,28
2,Oesophagus,8263,"UK, Northern Ireland",1,1,1959,4.080209192,4.520927519,0.5183372703,31
2,Oesophagus,8263,"UK, Northern Ireland",1,1,1960,3.140773759,3.757768464,0.2935292087,26
2,Oesophagus,8263,"UK, Northern Ireland",1,1,1961,3.717014344,4.74342389,0.4445155613,33
2,Oesophagus,8263,"UK, Northern Ireland",1,1,1962,2.790898077,3.431022159,0.3563937441,24
2,Oesophagus,8263,"UK, Northern Ireland",1,1,1963,3.63352401,4.680851064,0.439736845,33
2,Oesophagus,8263,"UK, Northern Ireland",1,1,1964,3.66379917,4.500703235,0.394149378,32
2,Oesophagus,8263,"UK, Northern Ireland",1,1,1965,4.684836503,5.723858718,0.6353567266,41
2,Oesophagus,8263,"UK, Northern Ireland",1,1,1966,3.976451249,4.721566449,0.4762468292,34
2,Oesophagus,8263,"UK, Northern Ireland",1,1,1967,4.258267953,5.22696011,0.4517160489,38
2,Oesophagus,8263,"UK, Northern Ireland",1,1,1968,5.20127395,6.279006279,0.6441888273,46
2,Oesophagus,8263,"UK, Northern Ireland",1,1,1969,3.979652461,4.879371103,0.4855582261,36
2,Oesophagus,8263,"UK, Northern Ireland",1,1,1970,3.289437015,4.161073826,0.3335033908,31
2,Oesophagus,8263,"UK, Northern Ireland",1,1,1971,4.453170875,5.298013245,0.5541899995,40
2,Oesophagus,8263,"UK, Northern Ireland",1,1,1972,3.723786609,4.05334728,0.4203046696,31
2,Oesophagus,8263,"UK, Northern Ireland",1,1,1973,4.841852904,5.615776414,0.544940832,43
2,Oesophagus,8263,"UK, Northern Ireland",1,1,1974,4.377954052,5.091383812,0.4769800651,39
2,Oesophagus,8263,"UK, Northern Ireland",1,1,1975,4.565342422,5.391190007,0.519414286,41
2,Oesophagus,8263,"UK, Northern Ireland",1,1,1976,4.294184782,5.25210084,0.4428791148,40
2,Oesophagus,8263,"UK, Northern Ireland",1,1,1977,3.614344472,4.073052161,0.2964581968,31
2,Oesophagus,8263,"UK, Northern Ireland",1,1,1978,5.286121932,5.512534453,0.4237805864,42
2,Oesophagus,8263,"UK, Northern Ireland",1,1,1979,5.14146124,6.157474126,0.5496307424,47
2,Oesophagus,8263,"UK, Northern Ireland",1,1,1980,4.791258849,5.761424643,0.5552992227,44
2,Oesophagus,8263,"UK, Northern Ireland",1,1,1981,4.711907168,5.947660587,0.5207123665,45
2,Oesophagus,8263,"UK, Northern Ireland",1,1,1982,6.027798176,6.871943967,0.7687354891,52
2,Oesophagus,8263,"UK, Northern Ireland",1,1,1983,5.291481298,6.588483331,0.579268565,50
2,Oesophagus,8263,"UK, Northern Ireland",1,1,1984,5.838888866,7.355838697,0.6391342128,56
2,Oesophagus,8263,"UK, Northern Ireland",1,1,1985,5.048150256,6.144594065,0.5811922522,47
2,Oesophagus,8263,"UK, Northern Ireland",1,1,1986,6.575735307,8.462439786,0.9117252005,65
2,Oesophagus,8263,"UK, Northern Ireland",1,1,1987,4.490152401,5.823734955,0.5718505415,45
2,Oesophagus,8263,"UK, Northern Ireland",1,1,1988,6.847259831,8.657449283,0.7917815893,67
2,Oesophagus,8263,"UK, Northern Ireland",1,1,1989,6.808017546,8.892898569,0.7834872646,69
2,Oesophagus,8263,"UK, Northern Ireland",1,1,1990,5.86688887,7.455012853,0.6523139202,58
2,Oesophagus,8263,"UK, Northern Ireland",1,1,1991,6.203547347,8.044949559,0.8057543114,63
2,Oesophagus,8263,"UK, Northern Ireland",1,1,1992,7.292540705,9.456562855,0.8206463073,75
2,Oesophagus,8263,"UK, Northern Ireland",1,1,1993,7.153816736,9.618988132,0.8334527231,77
2,Oesophagus,8263,"UK, Northern Ireland",1,1,1994,8.048455923,10.80342729,0.9896695846,87
2,Oesophagus,8263,"UK, Northern Ireland",1,1,1995,6.548569667,9.150488438,0.7750318626,74
2,Oesophagus,8263,"UK, Northern Ireland",1,1,1996,8.338787917,11.14786231,1.035442001,91
2,Oesophagus,8263,"UK, Northern Ireland",1,1,1997,8.123911859,10.81935327,0.9254232697,89
2,Oesophagus,8263,"UK, Northern Ireland",1,1,1998,8.258324188,11.24002901,0.9741419016,93
2,Oesophagus,8263,"UK, Northern Ireland",1,1,1999,8.607946979,11.95074843,1.053094075,99
2,Oesophagus,8263,"UK, Northern Ireland",1,1,2000,7.260649235,10.4561401,0.7728274053,87
2,Oesophagus,8263,"UK, Northern Ireland",1,1,2001,7.653214759,11.40183084,0.8161237086,94
2,Oesophagus,8263,"UK, Northern Ireland",1,1,2002,9.03350822,13.5126005,1.064569533,112
2,Oesophagus,8263,"UK, Northern Ireland",1,1,2003,8.07661125,12.24750037,0.9581318429,102
2,Oesophagus,8263,"UK, Northern Ireland",1,1,2004,6.960697489,10.40059008,0.8081524976,87
2,Oesophagus,8263,"UK, Northern Ireland",1,1,2005,8.377935289,12.79226778,0.9467531924,108
2,Oesophagus,8263,"UK, Northern Ireland",1,1,2006,8.286272192,13.24109097,0.9637941514,113
2,Oesophagus,8263,"UK, Northern Ireland",1,1,2007,7.418316487,12.29698376,0.790948185,106
2,Oesophagus,8263,"UK, Northern Ireland",1,1,2008,8.275642226,12.86076159,0.9631622897,112
2,Oesophagus,8263,"UK, Northern Ireland",1,1,2009,9.000082292,14.34085014,1.131646414,126
2,Oesophagus,8263,"UK, Northern Ireland",1,1,2010,6.79170656,10.40260336,0.9590836776,92
2,Oesophagus,8263,"UK, Northern Ireland",1,1,2011,6.198909036,10.90718547,0.6382497317,97
2,Oesophagus,8263,"UK, Northern Ireland",1,1,2012,6.831814832,12.18492468,0.7804831105,109
2,Oesophagus,8263,"UK, Northern Ireland",1,1,2013,7.527074443,13.37576423,0.9506585818,120
2,Oesophagus,8263,"UK, Northern Ireland",1,1,2014,7.677993543,14.62262009,0.9567353343,132
2,Oesophagus,8263,"UK, Northern Ireland",1,1,2015,7.460629933,13.30944233,0.9016089697,121
2,Oesophagus,8263,"UK, Northern Ireland",1,1,2016,9.616393591,18.02859007,1.129910566,165
2,Oesophagus,8263,"UK, Northern Ireland",1,1,2017,7.523091499,14.01796038,0.9314655763,129
2,Oesophagus,8263,"UK, Northern Ireland",1,1,2018,8.001621406,14.34451456,0.9950057402,134
2,Oesophagus,8263,"UK, Northern Ireland",1,1,2019,7.737495246,14.68827093,0.9128318522,137
2,Oesophagus,8263,"UK, Northern Ireland",1,1,2020,7.571116189,15.84319519,0.8150539266,148
2,Oesophagus,8263,"UK, Northern Ireland",1,1,2021,7.548370435,16.11846108,0.8842008345,151
2,Oesophagus,8263,"UK, Northern Ireland",1,1,2022,8.748364441,17.23501431,1.066937595,162
2,Oesophagus,8263,"UK, Northern Ireland",2,0,1993,3.422764001,6.687844842,0.3471935849,56
2,Oesophagus,8263,"UK, Northern Ireland",2,0,1994,2.987897521,6.296324016,0.350836162,53
2,Oesophagus,8263,"UK, Northern Ireland",2,0,1995,3.317200047,6.626301447,0.414624028,56
2,Oesophagus,8263,"UK, Northern Ireland",2,0,1996,3.353827155,7.164636295,0.4280293194,61
2,Oesophagus,8263,"UK, Northern Ireland",2,0,1997,3.966548366,8.647466176,0.4630590602,74
2,Oesophagus,8263,"UK, Northern Ireland",2,0,1998,2.776243842,6.169246886,0.3200455445,53
2,Oesophagus,8263,"UK, Northern Ireland",2,0,1999,3.695792143,7.088835897,0.4616073342,61
2,Oesophagus,8263,"UK, Northern Ireland",2,0,2000,4.049156023,8.000315375,0.5074658404,69
2,Oesophagus,8263,"UK, Northern Ireland",2,0,2001,3.462559172,7.171236402,0.398103806,62
2,Oesophagus,8263,"UK, Northern Ireland",2,0,2002,3.131990666,6.677811704,0.3354305953,58
2,Oesophagus,8263,"UK, Northern Ireland",2,0,2003,2.991962744,5.964533963,0.407701008,52
2,Oesophagus,8263,"UK, Northern Ireland",2,0,2004,2.514935768,6.051672146,0.266212037,53
2,Oesophagus,8263,"UK, Northern Ireland",2,0,2005,2.524195314,5.552835799,0.2769926824,49
2,Oesophagus,8263,"UK, Northern Ireland",2,0,2006,3.492597761,6.629191138,0.3878527723,59
2,Oesophagus,8263,"UK, Northern Ireland",2,0,2007,3.799902926,7.893914681,0.4375886384,71
2,Oesophagus,8263,"UK, Northern Ireland",2,0,2008,2.953528892,6.827035943,0.3245224284,62
2,Oesophagus,8263,"UK, Northern Ireland",2,0,2009,2.859197204,6.559018596,0.3114658865,60
2,Oesophagus,8263,"UK, Northern Ireland",2,0,2010,3.187725881,7.171590072,0.3574133592,66
2,Oesophagus,8263,"UK, Northern Ireland",2,0,2011,3.049416565,6.594623112,0.3755695507,61
2,Oesophagus,8263,"UK, Northern Ireland",2,0,2012,4.097458046,7.74955171,0.5061922554,72
2,Oesophagus,8263,"UK, Northern Ireland",2,0,2013,3.255985471,7.077140835,0.384126293,66
2,Oesophagus,8263,"UK, Northern Ireland",2,0,2014,3.304261529,7.357747548,0.3455396302,69
2,Oesophagus,8263,"UK, Northern Ireland",2,0,2015,3.697536524,8.063728923,0.4523821,76
2,Oesophagus,8263,"UK, Northern Ireland",2,0,2016,3.422945256,7.392356726,0.3757850087,70
2,Oesophagus,8263,"UK, Northern Ireland",2,0,2017,2.312919989,5.365111626,0.2881418103,51
2,Oesophagus,8263,"UK, Northern Ireland",2,1,1951,2.767436226,4.124591097,0.2846833884,29
2,Oesophagus,8263,"UK, Northern Ireland",2,1,1952,2.925442009,4.397163121,0.2847054442,31
2,Oesophagus,8263,"UK, Northern Ireland",2,1,1953,3.017010509,4.231311707,0.4012464016,30
2,Oesophagus,8263,"UK, Northern Ireland",2,1,1954,3.108388182,4.218222722,0.4002743134,30
2,Oesophagus,8263,"UK, Northern Ireland",2,1,1955,3.758485996,4.757906521,0.3824177619,34
2,Oesophagus,8263,"UK, Northern Ireland",2,1,1956,3.383595404,4.890317172,0.4057328749,35
2,Oesophagus,8263,"UK, Northern Ireland",2,1,1957,2.214037153,3.067484663,0.2371746136,22
2,Oesophagus,8263,"UK, Northern Ireland",2,1,1958,2.859573927,4.313343537,0.3382781768,31
2,Oesophagus,8263,"UK, Northern Ireland",2,1,1959,2.142425064,3.047091413,0.2304110262,22
2,Oesophagus,8263,"UK, Northern Ireland",2,1,1960,2.193678162,3.297156203,0.217225832,24
2,Oesophagus,8263,"UK, Northern Ireland",2,1,1961,2.007388232,3.143364767,0.2741425264,23
2,Oesophagus,8263,"UK, Northern Ireland",2,1,1962,1.890697429,2.989536622,0.2577764033,22
2,Oesophagus,8263,"UK, Northern Ireland",2,1,1963,2.981777183,4.723346829,0.2967643173,35
2,Oesophagus,8263,"UK, Northern Ireland",2,1,1964,3.103963888,4.417670683,0.3398968027,33
2,Oesophagus,8263,"UK, Northern Ireland",2,1,1965,4.251113764,6.377042646,0.4358715886,48
2,Oesophagus,8263,"UK, Northern Ireland",2,1,1966,3.093085839,4.486079958,0.2639934244,34
2,Oesophagus,8263,"UK, Northern Ireland",2,1,1967,3.028395639,4.45026178,0.4032525357,34
2,Oesophagus,8263,"UK, Northern Ireland",2,1,1968,2.899529309,4.808942033,0.3634355633,37
2,Oesophagus,8263,"UK, Northern Ireland",2,1,1969,2.910321259,4.388795663,0.2997345565,34
2,Oesophagus,8263,"UK, Northern Ireland",2,1,1970,2.719994777,4.621309371,0.3242094957,36
2,Oesophagus,8263,"UK, Northern Ireland",2,1,1971,1.673854537,2.824133504,0.1798700925,22
2,Oesophagus,8263,"UK, Northern Ireland",2,1,1972,2.108735265,3.696150905,0.1863504437,29
2,Oesophagus,8263,"UK, Northern Ireland",2,1,1973,2.555101806,4.607115434,0.1773199176,36
2,Oesophagus,8263,"UK, Northern Ireland",2,1,1974,2.634191629,4.09783583,0.2743131941,32
2,Oesophagus,8263,"UK, Northern Ireland",2,1,1975,2.073562088,3.733745333,0.1901114919,29
2,Oesophagus,8263,"UK, Northern Ireland",2,1,1976,2.932268953,4.893754024,0.3838149162,38
2,Oesophagus,8263,"UK, Northern Ireland",2,1,1977,2.235987793,4.122117738,0.2207175879,32
2,Oesophagus,8263,"UK, Northern Ireland",2,1,1978,3.098679947,5.148667782,0.3041907329,40
2,Oesophagus,8263,"UK, Northern Ireland",2,1,1979,1.622391765,3.205128205,0.1748592115,25
2,Oesophagus,8263,"UK, Northern Ireland",2,1,1980,2.457198693,4.338948443,0.2266309627,34
2,Oesophagus,8263,"UK, Northern Ireland",2,1,1981,2.884701392,5.723006486,0.3199979575,45
2,Oesophagus,8263,"UK, Northern Ireland",2,1,1982,1.880286672,4.062460328,0.1911020264,32
2,Oesophagus,8263,"UK, Northern Ireland",2,1,1983,3.079684136,5.93809223,0.3001588477,47
2,Oesophagus,8263,"UK, Northern Ireland",2,1,1984,2.094132306,3.644131691,0.239536003,29
2,Oesophagus,8263,"UK, Northern Ireland",2,1,1985,2.53351505,4.623266275,0.3009206795,37
2,Oesophagus,8263,"UK, Northern Ireland",2,1,1986,3.382548148,5.961992299,0.4303546243,48
2,Oesophagus,8263,"UK, Northern Ireland",2,1,1987,3.059077321,6.303299963,0.2619097564,51
2,Oesophagus,8263,"UK, Northern Ireland",2,1,1988,2.067087721,4.435682602,0.238732415,36
2,Oesophagus,8263,"UK, Northern Ireland",2,1,1989,2.712554803,5.771828564,0.3318962254,47
2,Oesophagus,8263,"UK, Northern Ireland",2,1,1990,2.424864809,5.626911315,0.2389636132,46
2,Oesophagus,8263,"UK, Northern Ireland",2,1,1991,2.573291309,5.461827892,0.308075965,45
2,Oesophagus,8263,"UK, Northern Ireland",2,1,1992,2.738021874,5.893673322,0.3124609921,49
2,Oesophagus,8263,"UK, Northern Ireland",2,1,1993,2.737417919,6.087371688,0.2974714872,51
2,Oesophagus,8263,"UK, Northern Ireland",2,1,1994,3.315929371,6.647673314,0.3545472767,56
2,Oesophagus,8263,"UK, Northern Ireland",2,1,1995,2.698253569,5.910165485,0.2963201266,50
2,Oesophagus,8263,"UK, Northern Ireland",2,1,1996,2.839643213,5.980300188,0.3319962904,51
2,Oesophagus,8263,"UK, Northern Ireland",2,1,1997,2.846218219,6.413994169,0.3038704289,55
2,Oesophagus,8263,"UK, Northern Ireland",2,1,1998,3.23216706,7.082317427,0.3543322085,61
2,Oesophagus,8263,"UK, Northern Ireland",2,1,1999,3.326187957,7.18424102,0.4162930803,62
2,Oesophagus,8263,"UK, Northern Ireland",2,1,2000,3.181001731,7.277112442,0.3447297179,63
2,Oesophagus,8263,"UK, Northern Ireland",2,1,2001,3.410576133,7.052920025,0.4577579596,61
2,Oesophagus,8263,"UK, Northern Ireland",2,1,2002,2.541194608,5.877031753,0.2355391615,51
2,Oesophagus,8263,"UK, Northern Ireland",2,1,2003,2.658743032,5.978186517,0.2648421495,52
2,Oesophagus,8263,"UK, Northern Ireland",2,1,2004,2.457553041,5.836368817,0.2637170882,51
2,Oesophagus,8263,"UK, Northern Ireland",2,1,2005,2.623641086,6.135331785,0.2749426985,54
2,Oesophagus,8263,"UK, Northern Ireland",2,1,2006,2.055613607,5.404096981,0.165585766,48
2,Oesophagus,8263,"UK, Northern Ireland",2,1,2007,2.759797216,6.130538105,0.3104010693,55
2,Oesophagus,8263,"UK, Northern Ireland",2,1,2008,3.203771114,7.078573269,0.361001517,64
2,Oesophagus,8263,"UK, Northern Ireland",2,1,2009,2.769787072,6.481472327,0.2975755115,59
2,Oesophagus,8263,"UK, Northern Ireland",2,1,2010,2.604362259,6.994550808,0.2300779318,64
2,Oesophagus,8263,"UK, Northern Ireland",2,1,2011,2.626879918,5.729754507,0.3293650142,53
2,Oesophagus,8263,"UK, Northern Ireland",2,1,2012,2.254363149,5.812163782,0.2458316126,54
2,Oesophagus,8263,"UK, Northern Ireland",2,1,2013,2.561456724,5.575929143,0.3045134973,52
2,Oesophagus,8263,"UK, Northern Ireland",2,1,2014,2.700818195,6.611309391,0.287562983,62
2,Oesophagus,8263,"UK, Northern Ireland",2,1,2015,2.496249393,6.153898389,0.2796801223,58
2,Oesophagus,8263,"UK, Northern Ireland",2,1,2016,2.697690052,6.336305765,0.2908320314,60
2,Oesophagus,8263,"UK, Northern Ireland",2,1,2017,1.871317095,5.154715092,0.1636983323,49
2,Oesophagus,8263,"UK, Northern Ireland",2,1,2018,2.124424312,5.096972502,0.2015287689,49
2,Oesophagus,8263,"UK, Northern Ireland",2,1,2019,1.821115812,4.47473854,0.2286387061,43
2,Oesophagus,8263,"UK, Northern Ireland",2,1,2020,2.250830929,6.137170972,0.2308244743,59
2,Oesophagus,8263,"UK, Northern Ireland",2,1,2021,2.442647875,6.716610695,0.2798662322,65
2,Oesophagus,8263,"UK, Northern Ireland",2,1,2022,1.535799895,4.121179152,0.1947623853,40
2,Oesophagus,8265,"UK, England and wales",1,1,1951,5.3927318,7.070899069,0.6253726104,1488
2,Oesophagus,8265,"UK, England and wales",1,1,1952,5.236574591,6.987209853,0.5785886725,1475
2,Oesophagus,8265,"UK, England and wales",1,1,1953,4.713095936,6.295388098,0.5347652646,1335
2,Oesophagus,8265,"UK, England and wales",1,1,1954,4.574722195,6.134911687,0.5128391702,1306
2,Oesophagus,8265,"UK, England and wales",1,1,1955,4.674376085,6.349057927,0.5245066007,1358
2,Oesophagus,8265,"UK, England and wales",1,1,1956,4.72622052,6.404238509,0.5292822766,1378
2,Oesophagus,8265,"UK, England and wales",1,1,1957,4.423997077,6.060606061,0.5028768953,1312
2,Oesophagus,8265,"UK, England and wales",1,1,1958,4.371552211,5.97866078,0.5254970242,1300
2,Oesophagus,8265,"UK, England and wales",1,1,1959,4.601994876,6.255426091,0.517802393,1369
2,Oesophagus,8265,"UK, England and wales",1,1,1960,4.283072196,5.88767706,0.4717618633,1301
2,Oesophagus,8265,"UK, England and wales",1,1,1961,4.459907182,6.066218411,0.4985218902,1356
2,Oesophagus,8265,"UK, England and wales",1,1,1962,4.582219998,6.138624348,0.5061217043,1391
2,Oesophagus,8265,"UK, England and wales",1,1,1963,4.489945207,6.021721994,0.5085559523,1375
2,Oesophagus,8265,"UK, England and wales",1,1,1964,4.281504149,5.854094612,0.4651131608,1349
2,Oesophagus,8265,"UK, England and wales",1,1,1965,4.496749148,6.139406725,0.528980391,1426
2,Oesophagus,8265,"UK, England and wales",1,1,1966,4.662967211,6.374649072,0.5205480084,1485
2,Oesophagus,8265,"UK, England and wales",1,1,1967,4.726858266,6.494696424,0.5340052982,1524
2,Oesophagus,8265,"UK, England and wales",1,1,1968,5.148863004,7.09694074,0.5816581019,1677
2,Oesophagus,8265,"UK, England and wales",1,1,1969,4.731526112,6.601549343,0.5378430596,1568
2,Oesophagus,8265,"UK, England and wales",1,1,1970,5.064018607,7.095829364,0.5625602466,1691
2,Oesophagus,8265,"UK, England and wales",1,1,1971,5.040112744,7.241797685,0.5874251899,1719
2,Oesophagus,8265,"UK, England and wales",1,1,1972,5.230328266,7.47880725,0.6156160097,1783
2,Oesophagus,8265,"UK, England and wales",1,1,1973,5.151919824,7.451141087,0.5976052976,1782
2,Oesophagus,8265,"UK, England and wales",1,1,1974,5.346822997,7.786034427,0.625096262,1864
2,Oesophagus,8265,"UK, England and wales",1,1,1975,5.343131684,7.872733876,0.6150783735,1886
2,Oesophagus,8265,"UK, England and wales",1,1,1976,5.498330237,8.089722375,0.6229025645,1936
2,Oesophagus,8265,"UK, England and wales",1,1,1977,5.559703799,8.377015876,0.6409533593,2004
2,Oesophagus,8265,"UK, England and wales",1,1,1978,5.778127722,8.718887997,0.682588263,2085
2,Oesophagus,8265,"UK, England and wales",1,1,1979,5.630439448,8.538586478,0.6643456575,2045
2,Oesophagus,8265,"UK, England and wales",1,1,1980,5.984289104,9.151629365,0.6948771343,2195
2,Oesophagus,8265,"UK, England and wales",1,1,1981,5.920931447,9.29492096,0.6816711436,2242
2,Oesophagus,8265,"UK, England and wales",1,1,1982,6.088139241,9.608455441,0.7313478622,2320
2,Oesophagus,8265,"UK, England and wales",1,1,1983,6.281985771,9.898287137,0.7291002566,2393
2,Oesophagus,8265,"UK, England and wales",1,1,1984,6.334335962,10.03538991,0.7635827913,2433
2,Oesophagus,8265,"UK, England and wales",1,1,1985,7.030519118,11.17550349,0.8317397544,2719
2,Oesophagus,8265,"UK, England and wales",1,1,1986,6.712584688,10.78939173,0.8054304583,2633
2,Oesophagus,8265,"UK, England and wales",1,1,1987,7.192670433,11.64433339,0.8505668927,2852
2,Oesophagus,8265,"UK, England and wales",1,1,1988,7.443364637,12.01995459,0.8952482115,2954
2,Oesophagus,8265,"UK, England and wales",1,1,1989,7.387009355,11.96648412,0.9186644584,2952
2,Oesophagus,8265,"UK, England and wales",1,1,1990,7.8037146,12.72319085,0.9389431306,3151
2,Oesophagus,8265,"UK, England and wales",1,1,1991,7.728018154,12.71444117,0.9241683257,3178
2,Oesophagus,8265,"UK, England and wales",1,1,1992,7.980032121,13.13210193,0.9719013748,3296
2,Oesophagus,8265,"UK, England and wales",1,1,1993,8.133235528,13.44529811,0.9682756107,3388
2,Oesophagus,8265,"UK, England and wales",1,1,1994,8.463850385,13.99405618,0.9978548441,3541
2,Oesophagus,8265,"UK, England and wales",1,1,1995,8.304147631,13.91493762,0.9849423573,3539
2,Oesophagus,8265,"UK, England and wales",1,1,1996,8.309418152,13.95709182,0.9783882856,3567
2,Oesophagus,8265,"UK, England and wales",1,1,1997,8.229987383,14.02391307,0.9665924286,3602
2,Oesophagus,8265,"UK, England and wales",1,1,1998,8.430160102,14.47518263,0.9878231568,3737
2,Oesophagus,8265,"UK, England and wales",1,1,1999,8.319719673,14.35465622,0.974117612,3730
2,Oesophagus,8265,"UK, England and wales",1,1,2000,8.298496289,14.46699158,0.956482571,3782
2,Oesophagus,8265,"UK, England and wales",1,1,2001,8.465178312,15.31811846,0.9711020318,3914
2,Oesophagus,8265,"UK, England and wales",1,1,2002,8.596518806,15.6008583,0.9888539816,4010
2,Oesophagus,8265,"UK, England and wales",1,1,2003,8.833894757,16.00920322,1.013017769,4137
2,Oesophagus,8265,"UK, England and wales",1,1,2004,8.439233214,15.63282735,0.9760797403,4064
2,Oesophagus,8265,"UK, England and wales",1,1,2005,8.621457642,16.20816877,0.9786192555,4246
2,Oesophagus,8265,"UK, England and wales",1,1,2006,8.526740367,16.17676525,0.9818148828,4266
2,Oesophagus,8265,"UK, England and wales",1,1,2007,8.427352514,15.90228552,0.9731663339,4225
2,Oesophagus,8265,"UK, England and wales",1,1,2008,8.616829168,16.43000857,0.9909076869,4400
2,Oesophagus,8265,"UK, England and wales",1,1,2009,8.5173803,16.57887793,0.9948002718,4473
2,Oesophagus,8265,"UK, England and wales",1,1,2010,8.329822363,16.46801179,0.9626667167,4484
2,Oesophagus,8265,"UK, England and wales",1,1,2011,8.281357526,16.32459684,0.970878615,4489
2,Oesophagus,8265,"UK, England and wales",1,1,2012,8.238108022,16.5317549,0.9504363875,4603
2,Oesophagus,8265,"UK, England and wales",1,1,2013,8.063781722,16.46749518,0.9430305629,4619
2,Oesophagus,8265,"UK, England and wales",1,1,2014,7.741788365,16.08439177,0.912263845,4551
2,Oesophagus,8265,"UK, England and wales",1,1,2015,8.039945789,16.7852414,0.9759755582,4793
2,Oesophagus,8265,"UK, England and wales",1,1,2016,7.815791091,16.60831273,0.9079067197,4789
2,Oesophagus,8265,"UK, England and wales",1,1,2017,7.670123383,16.54994014,0.8886882396,4803
2,Oesophagus,8265,"UK, England and wales",1,1,2018,7.602977453,16.67964448,0.8830218147,4873
2,Oesophagus,8265,"UK, England and wales",1,1,2019,7.471125839,16.60171362,0.8891779562,4878
2,Oesophagus,8265,"UK, England and wales",1,1,2020,7.425846903,16.8176487,0.8649212563,4969
2,Oesophagus,8265,"UK, England and wales",1,1,2021,7.148406513,16.5597423,0.8327056756,4836
2,Oesophagus,8265,"UK, England and wales",1,1,2022,7.157079893,16.64209646,0.8299308729,4913
2,Oesophagus,8265,"UK, England and wales",1,1,2023,6.799349378,15.94047887,0.8101521566,4756
2,Oesophagus,8265,"UK, England and wales",2,1,1951,2.249332768,3.741601159,0.2698221446,852
2,Oesophagus,8265,"UK, England and wales",2,1,1952,2.225029616,3.720726636,0.2604652119,850
2,Oesophagus,8265,"UK, England and wales",2,1,1953,2.217525437,3.776797799,0.2456558354,865
2,Oesophagus,8265,"UK, England and wales",2,1,1954,2.321326782,4.045941008,0.2535686984,930
2,Oesophagus,8265,"UK, England and wales",2,1,1955,2.317418108,4.147145584,0.2578618523,956
2,Oesophagus,8265,"UK, England and wales",2,1,1956,2.32160947,4.142548596,0.2569028404,959
2,Oesophagus,8265,"UK, England and wales",2,1,1957,2.252787872,4.140332774,0.2492705223,963
2,Oesophagus,8265,"UK, England and wales",2,1,1958,2.278361798,4.249946501,0.2519597486,993
2,Oesophagus,8265,"UK, England and wales",2,1,1959,2.167074365,4.063656866,0.2366958335,955
2,Oesophagus,8265,"UK, England and wales",2,1,1960,2.273503672,4.252892981,0.242012388,1007
2,Oesophagus,8265,"UK, England and wales",2,1,1961,2.347052985,4.423127717,0.2590297218,1055
2,Oesophagus,8265,"UK, England and wales",2,1,1962,2.303119766,4.366104063,0.2450903885,1050
2,Oesophagus,8265,"UK, England and wales",2,1,1963,2.300879462,4.397839107,0.2508400186,1064
2,Oesophagus,8265,"UK, England and wales",2,1,1964,2.558689671,4.8896443,0.2774107756,1191
2,Oesophagus,8265,"UK, England and wales",2,1,1965,2.379359833,4.650347655,0.253644788,1141
2,Oesophagus,8265,"UK, England and wales",2,1,1966,2.4550259,4.848136282,0.2561606968,1197
2,Oesophagus,8265,"UK, England and wales",2,1,1967,2.487844424,4.948561535,0.2868624713,1229
2,Oesophagus,8265,"UK, England and wales",2,1,1968,2.476080169,4.903237178,0.2707833361,1224
2,Oesophagus,8265,"UK, England and wales",2,1,1969,2.615844394,5.276213569,0.2809030798,1323
2,Oesophagus,8265,"UK, England and wales",2,1,1970,2.529899093,5.171563951,0.2667745474,1301
2,Oesophagus,8265,"UK, England and wales",2,1,1971,2.629841592,5.414616279,0.2875792144,1360
2,Oesophagus,8265,"UK, England and wales",2,1,1972,2.532258572,5.270343207,0.2838753599,1328
2,Oesophagus,8265,"UK, England and wales",2,1,1973,2.712830123,5.66931129,0.2965094978,1432
2,Oesophagus,8265,"UK, England and wales",2,1,1974,2.806016702,5.835104846,0.3109567749,1474
2,Oesophagus,8265,"UK, England and wales",2,1,1975,2.69362351,5.878787639,0.2948516595,1484
2,Oesophagus,8265,"UK, England and wales",2,1,1976,2.806207868,6.013295889,0.3140227649,1516
2,Oesophagus,8265,"UK, England and wales",2,1,1977,2.863108574,6.417456116,0.3089506595,1617
2,Oesophagus,8265,"UK, England and wales",2,1,1978,2.937202563,6.439530704,0.3227287302,1623
2,Oesophagus,8265,"UK, England and wales",2,1,1979,2.813629905,6.300380243,0.309569281,1589
2,Oesophagus,8265,"UK, England and wales",2,1,1980,2.819272392,6.433223144,0.3042058808,1625
2,Oesophagus,8265,"UK, England and wales",2,1,1981,2.688625351,6.332393747,0.2853360615,1613
2,Oesophagus,8265,"UK, England and wales",2,1,1982,2.867715082,6.735686176,0.3223904683,1715
2,Oesophagus,8265,"UK, England and wales",2,1,1983,2.859930157,6.676400631,0.3178624262,1701
2,Oesophagus,8265,"UK, England and wales",2,1,1984,3.055889631,7.304246965,0.3433013492,1864
2,Oesophagus,8265,"UK, England and wales",2,1,1985,2.996583191,7.232305077,0.3305960862,1851
2,Oesophagus,8265,"UK, England and wales",2,1,1986,3.027291383,7.424489128,0.3288294622,1906
2,Oesophagus,8265,"UK, England and wales",2,1,1987,3.001468909,7.448485837,0.3344331687,1918
2,Oesophagus,8265,"UK, England and wales",2,1,1988,2.969235586,7.475578486,0.3225221666,1930
2,Oesophagus,8265,"UK, England and wales",2,1,1989,3.172550347,7.940308652,0.3406838597,2056
2,Oesophagus,8265,"UK, England and wales",2,1,1990,3.246845015,8.122375063,0.3570863481,2108
2,Oesophagus,8265,"UK, England and wales",2,1,1991,3.158991872,7.998620927,0.3503013408,2088
2,Oesophagus,8265,"UK, England and wales",2,1,1992,3.137801318,8.071570728,0.3502022662,2113
2,Oesophagus,8265,"UK, England and wales",2,1,1993,3.254297894,8.494373288,0.3561792773,2229
2,Oesophagus,8265,"UK, England and wales",2,1,1994,3.177856559,8.295239072,0.3394111747,2183
2,Oesophagus,8265,"UK, England and wales",2,1,1995,3.312373368,8.485206787,0.3686126402,2239
2,Oesophagus,8265,"UK, England and wales",2,1,1996,3.254049665,8.573729156,0.3540919235,2268
2,Oesophagus,8265,"UK, England and wales",2,1,1997,3.217549133,8.493329362,0.3544520211,2253
2,Oesophagus,8265,"UK, England and wales",2,1,1998,3.05644196,8.323563011,0.335584585,2215
2,Oesophagus,8265,"UK, England and wales",2,1,1999,3.265031528,8.649968358,0.3535637524,2310
2,Oesophagus,8265,"UK, England and wales",2,1,2000,3.19246392,8.50340961,0.3496421316,2279
2,Oesophagus,8265,"UK, England and wales",2,1,2001,3.057945058,8.311558334,0.3259944305,2223
2,Oesophagus,8265,"UK, England and wales",2,1,2002,3.219697879,8.649584383,0.3433395682,2324
2,Oesophagus,8265,"UK, England and wales",2,1,2003,3.114441425,8.473091424,0.3282708343,2284
2,Oesophagus,8265,"UK, England and wales",2,1,2004,3.020181509,8.232172995,0.3150744043,2228
2,Oesophagus,8265,"UK, England and wales",2,1,2005,2.991822479,8.140322706,0.307236611,2216
2,Oesophagus,8265,"UK, England and wales",2,1,2006,3.06579295,8.136656647,0.3210990399,2226
2,Oesophagus,8265,"UK, England and wales",2,1,2007,2.984314977,7.995346338,0.3344168513,2199
2,Oesophagus,8265,"UK, England and wales",2,1,2008,2.950194558,7.990053865,0.3089197739,2210
2,Oesophagus,8265,"UK, England and wales",2,1,2009,2.830783312,7.801229418,0.3004838484,2171
2,Oesophagus,8265,"UK, England and wales",2,1,2010,2.747602843,7.728849815,0.2890381585,2165
2,Oesophagus,8265,"UK, England and wales",2,1,2011,2.644991594,7.611218262,0.268654262,2147
2,Oesophagus,8265,"UK, England and wales",2,1,2012,2.693556145,7.415295394,0.2863735639,2130
2,Oesophagus,8265,"UK, England and wales",2,1,2013,2.666010782,7.380869803,0.2842560829,2133
2,Oesophagus,8265,"UK, England and wales",2,1,2014,2.669709882,7.566769182,0.2767793403,2203
2,Oesophagus,8265,"UK, England and wales",2,1,2015,2.594769611,7.405244072,0.27412153,2172
2,Oesophagus,8265,"UK, England and wales",2,1,2016,2.600175554,7.388414215,0.2759011536,2183
2,Oesophagus,8265,"UK, England and wales",2,1,2017,2.487988436,7.03487515,0.2694929101,2091
2,Oesophagus,8265,"UK, England and wales",2,1,2018,2.464275267,7.133646135,0.2579414684,2133
2,Oesophagus,8265,"UK, England and wales",2,1,2019,2.534523413,7.555561071,0.2728811382,2271
2,Oesophagus,8265,"UK, England and wales",2,1,2020,2.254849232,6.562075143,0.2442322585,1980
2,Oesophagus,8265,"UK, England and wales",2,1,2021,2.281581531,6.678230227,0.2438626552,2034
2,Oesophagus,8265,"UK, England and wales",2,1,2022,2.265587971,6.815586028,0.2410503051,2094
2,Oesophagus,8265,"UK, England and wales",2,1,2023,2.216397597,6.508969499,0.2369474826,2019
2,Oesophagus,84,Belize,1,1,1965,21.97189758,13.41253114,2.7785189,7
2,Oesophagus,84,Belize,1,1,1966,0,0,0,0
2,Oesophagus,84,Belize,1,1,1967,0,0,0,0
2,Oesophagus,84,Belize,1,1,1968,0,0,0,0
2,Oesophagus,84,Belize,1,1,1969,8.149509804,3.383808476,0.732597444,2
2,Oesophagus,84,Belize,1,1,1970,2.60756193,1.652264428,0.3254146164,1
2,Oesophagus,84,Belize,1,1,1971,5.616962796,3.245488771,0.8234616744,2
2,Oesophagus,84,Belize,1,1,1972,5.629348514,3.193306829,1.155511181,2
2,Oesophagus,84,Belize,1,1,1973,5.569735964,3.145000236,0.6937990197,2
2,Oesophagus,84,Belize,1,1,1974,0,0,0,0
2,Oesophagus,84,Belize,1,1,1975,1.984126984,1.521653124,0,1
2,Oesophagus,84,Belize,1,1,1976,0,0,0,0
2,Oesophagus,84,Belize,1,1,1977,2.564102564,1.457640954,0.2134470907,1
2,Oesophagus,84,Belize,1,1,1978,0,0,0,0
2,Oesophagus,84,Belize,1,1,1979,1.808318264,1.395634455,0,1
2,Oesophagus,84,Belize,1,1,1980,2.879769618,1.362119458,0.3593240827,1
2,Oesophagus,84,Belize,1,1,1981,0,0,0,0
2,Oesophagus,84,Belize,1,1,1982,0,0,0,0
2,Oesophagus,84,Belize,1,1,1983,5.416384563,2.526783909,0.6747612638,2
2,Oesophagus,84,Belize,1,1,1984,2.123142251,1.233836739,0.5293793851,1
2,Oesophagus,84,Belize,1,1,1985,0,0,0,0
2,Oesophagus,84,Belize,1,1,1986,3.968151575,2.357378595,0.3100772705,2
2,Oesophagus,84,Belize,1,1,1987,2.150537634,1.152764329,0.5361917414,1
2,Oesophagus,84,Belize,1,1,1988,0,0,0,0
2,Oesophagus,84,Belize,1,1,1989,0,0,0,0
2,Oesophagus,84,Belize,1,1,1990,3.658560037,2.158382077,0.2752544365,2
2,Oesophagus,84,Belize,1,1,1991,0,0,0,0
2,Oesophagus,84,Belize,1,1,1992,0,0,0,0
2,Oesophagus,84,Belize,1,1,1993,0,0,0,0
2,Oesophagus,84,Belize,1,1,1994,0,0,0,0
2,Oesophagus,84,Belize,1,1,1995,1.288659794,0.9679605072,0,1
2,Oesophagus,84,Belize,1,1,1996,2.865950383,1.879398968,0,2
2,Oesophagus,84,Belize,1,1,1997,5.849327391,2.726975239,0.649770286,3
2,Oesophagus,84,Belize,1,1,1998,1.315789474,0.8779785422,0,1
2,Oesophagus,84,Belize,1,1,1999,9.855779541,5.090699292,0.616059262,6
2,Oesophagus,84,Belize,1,1,2000,2.763874781,1.642737458,0.2038735277,2
2,Oesophagus,84,Belize,1,1,2001,0,0,0,0
2,Oesophagus,84,Belize,1,1,2002,1.319957761,0.7740177714,0.1319087,1
2,Oesophagus,84,Belize,1,1,2003,2.7100271,1.504257047,0.6752168723,2
2,Oesophagus,84,Belize,1,1,2004,0,0,0,0
2,Oesophagus,84,Belize,1,1,2005,5.865361841,2.843756887,0.8904031965,4
2,Oesophagus,84,Belize,1,1,2006,3.646030451,2.074860984,0.631095051,3
2,Oesophagus,84,Belize,1,1,2007,3.004368903,1.346302716,0.2316422405,2
2,Oesophagus,84,Belize,1,1,2008,3.666022782,2.622228632,0.2369858279,4
2,Oesophagus,84,Belize,1,1,2009,2.443141139,1.277742995,0.4456396468,2
2,Oesophagus,84,Belize,1,1,2010,0,0,0,0
2,Oesophagus,84,Belize,1,1,2011,2.123006498,1.218969605,0.106689417,2
2,Oesophagus,84,Belize,1,1,2012,0.8183306056,0.5959546598,0.102239026,1
2,Oesophagus,84,Belize,1,1,2013,1.548935476,1.165772907,0.09785692535,2
2,Oesophagus,84,Belize,1,1,2014,1.86929889,1.140562982,0.2800160302,2
2,Oesophagus,84,Belize,1,1,2015,2.652503182,1.674088459,0.2987862245,3
2,Oesophagus,84,Belize,1,1,2016,1.034126163,0.5444428716,0.2581976359,1
2,Oesophagus,84,Belize,2,1,1965,5.832203459,3.810902993,0.4304771642,2
2,Oesophagus,84,Belize,2,1,1966,0,0,0,0
2,Oesophagus,84,Belize,2,1,1967,0,0,0,0
2,Oesophagus,84,Belize,2,1,1968,0,0,0,0
2,Oesophagus,84,Belize,2,1,1969,0,0,0,0
2,Oesophagus,84,Belize,2,1,1970,0,0,0,0
2,Oesophagus,84,Belize,2,1,1971,0,0,0,0
2,Oesophagus,84,Belize,2,1,1972,3.614360172,3.223466839,0.103295105,2
2,Oesophagus,84,Belize,2,1,1973,0,0,0,0
2,Oesophagus,84,Belize,2,1,1974,0,0,0,0
2,Oesophagus,84,Belize,2,1,1975,0,0,0,0
2,Oesophagus,84,Belize,2,1,1976,0,0,0,0
2,Oesophagus,84,Belize,2,1,1977,0,0,0,0
2,Oesophagus,84,Belize,2,1,1978,0,0,0,0
2,Oesophagus,84,Belize,2,1,1979,2.888086643,1.427979837,0.3603599697,1
2,Oesophagus,84,Belize,2,1,1980,0,0,0,0
2,Oesophagus,84,Belize,2,1,1981,0,0,0,0
2,Oesophagus,84,Belize,2,1,1982,4.385656221,2.65607777,0.353481427,2
2,Oesophagus,84,Belize,2,1,1983,0,0,0,0
2,Oesophagus,84,Belize,2,1,1984,0,0,0,0
2,Oesophagus,84,Belize,2,1,1985,0,0,0,0
2,Oesophagus,84,Belize,2,1,1986,0,0,0,0
2,Oesophagus,84,Belize,2,1,1987,2.087682672,1.182144884,0.2606201285,1
2,Oesophagus,84,Belize,2,1,1988,0,0,0,0
2,Oesophagus,84,Belize,2,1,1989,0,0,0,0
2,Oesophagus,84,Belize,2,1,1990,0,0,0,0
2,Oesophagus,84,Belize,2,1,1991,0,0,0,0
2,Oesophagus,84,Belize,2,1,1992,0,0,0,0
2,Oesophagus,84,Belize,2,1,1993,0,0,0,0
2,Oesophagus,84,Belize,2,1,1994,1.035196687,1.017035342,0,1
2,Oesophagus,84,Belize,2,1,1995,2.295684114,0.9917289803,0.2293051046,1
2,Oesophagus,84,Belize,2,1,1996,0,0,0,0
2,Oesophagus,84,Belize,2,1,1997,0,0,0,0
2,Oesophagus,84,Belize,2,1,1998,2.165674066,0.8986744552,0.2703431712,1
2,Oesophagus,84,Belize,2,1,1999,0.9881422925,0.8680706262,0,1
2,Oesophagus,84,Belize,2,1,2000,1.53609831,0.8399620337,0.3832881462,1
2,Oesophagus,84,Belize,2,1,2001,0,0,0,0
2,Oesophagus,84,Belize,2,1,2002,0,0,0,0
2,Oesophagus,84,Belize,2,1,2003,3.018762086,1.528783165,0.1990841468,2
2,Oesophagus,84,Belize,2,1,2004,1.34589502,0.7412239089,0.3359083165,1
2,Oesophagus,84,Belize,2,1,2005,0,0,0,0
2,Oesophagus,84,Belize,2,1,2006,0,0,0,0
2,Oesophagus,84,Belize,2,1,2007,0,0,0,0
2,Oesophagus,84,Belize,2,1,2008,1.892745587,1.317349493,0.1742835114,2
2,Oesophagus,84,Belize,2,1,2009,0,0,0,0
2,Oesophagus,84,Belize,2,1,2010,0,0,0,0
2,Oesophagus,84,Belize,2,1,2011,1.627092475,1.22529499,0.1493244857,2
2,Oesophagus,84,Belize,2,1,2012,0,0,0,0
2,Oesophagus,84,Belize,2,1,2013,1.164822365,0.5880035515,0.2907819989,1
2,Oesophagus,84,Belize,2,1,2014,0,0,0,0
2,Oesophagus,84,Belize,2,1,2015,0,0,0,0
2,Oesophagus,84,Belize,2,1,2016,0,0,0,0
2,Oesophagus,840,USA,1,0,1978,4.933537804,5.501525264,0.6419251502,566
2,Oesophagus,840,USA,1,0,1979,4.892947039,5.566896598,0.5958278663,579
2,Oesophagus,840,USA,1,0,1980,4.752067566,5.350585471,0.5933459234,563
2,Oesophagus,840,USA,1,0,1981,4.379005971,5.037548604,0.5512543036,534
2,Oesophagus,840,USA,1,0,1982,4.750316049,5.448160425,0.5938792045,581
2,Oesophagus,840,USA,1,0,1983,4.979680674,5.775697039,0.5955242736,621
2,Oesophagus,840,USA,1,0,1984,4.580409542,5.354019569,0.6000157666,581
2,Oesophagus,840,USA,1,0,1985,5.038289141,5.910654438,0.641589627,648
2,Oesophagus,840,USA,1,0,1986,5.085670916,5.905312913,0.6404804898,654
2,Oesophagus,840,USA,1,0,1987,5.110267329,6.042783803,0.6341406605,676
2,Oesophagus,840,USA,1,0,1988,5.015047646,5.872734829,0.6330633532,664
2,Oesophagus,840,USA,1,0,1989,4.821628771,5.803412932,0.6041192386,663
2,Oesophagus,840,USA,1,0,1990,5.600405762,6.639144291,0.7134907619,769
2,Oesophagus,840,USA,1,0,1991,4.935342306,5.946526688,0.6136773143,699
2,Oesophagus,840,USA,1,0,1992,5.370927915,6.42922027,0.6664188397,768
2,Oesophagus,840,USA,1,0,1993,5.157792822,6.228763937,0.6582074865,755
2,Oesophagus,840,USA,1,0,1994,5.041603288,6.205762564,0.6496060257,762
2,Oesophagus,840,USA,1,0,1995,4.762627003,5.770303815,0.5941119702,718
2,Oesophagus,840,USA,1,0,1996,5.37438792,6.618185154,0.6801381076,834
2,Oesophagus,840,USA,1,0,1997,5.324383842,6.448661679,0.6950790566,823
2,Oesophagus,840,USA,1,0,1998,5.275392031,6.683266155,0.6546165745,863
2,Oesophagus,840,USA,1,0,1999,5.630108985,7.034720484,0.7193704922,918
2,Oesophagus,840,USA,1,0,2000,5.335185534,6.776857562,0.6601951523,894
2,Oesophagus,840,USA,1,0,2001,5.527004619,7.121183997,0.6909878068,948
2,Oesophagus,840,USA,1,0,2002,5.197644139,6.776680508,0.6598845301,907
2,Oesophagus,840,USA,1,0,2003,5.178837973,6.948173839,0.6463990034,934
2,Oesophagus,840,USA,1,0,2004,5.755272601,7.872014655,0.7010687439,1064
2,Oesophagus,840,USA,1,0,2005,5.155637506,7.211397945,0.6436895903,982
2,Oesophagus,840,USA,1,0,2006,5.201895663,7.178280441,0.6699154203,988
2,Oesophagus,840,USA,1,0,2007,5.106466842,7.337697547,0.621065199,1019
2,Oesophagus,840,USA,1,0,2008,5.16159301,7.504850892,0.6419724403,1053
2,Oesophagus,840,USA,1,0,2009,5.044395814,7.444826252,0.6142976664,1055
2,Oesophagus,840,USA,1,0,2010,5.00665238,7.475368032,0.6183134888,1068
2,Oesophagus,840,USA,1,0,2011,4.880890007,7.57383028,0.5911865308,1092
2,Oesophagus,840,USA,1,0,2012,4.833829341,7.536809275,0.6047853701,1097
2,Oesophagus,840,USA,1,0,2013,4.853121823,7.670046323,0.5974163603,1126
2,Oesophagus,840,USA,1,0,2014,4.553193227,7.400616506,0.554618036,1096
2,Oesophagus,840,USA,1,0,2015,4.88447444,8.118505823,0.6037965773,1213
2,Oesophagus,840,USA,1,0,2016,4.831332623,8.120806846,0.6107221493,1225
2,Oesophagus,840,USA,1,0,2017,4.811531901,8.249202215,0.5959651903,1254
2,Oesophagus,840,USA,1,1,1951,3.585141774,3.87454509,0.4435065712,3008
2,Oesophagus,840,USA,1,1,1952,3.712429883,4.044717266,0.4509608747,3183
2,Oesophagus,840,USA,1,1,1953,3.737507782,4.076249276,0.4536582612,3252
2,Oesophagus,840,USA,1,1,1954,3.700851749,4.037988985,0.4547635684,3267
2,Oesophagus,840,USA,1,1,1955,3.808954577,4.171968493,0.4639295791,3424
2,Oesophagus,840,USA,1,1,1956,3.739408372,4.117459047,0.4535981377,3428
2,Oesophagus,840,USA,1,1,1957,3.851604127,4.223369752,0.464287648,3567
2,Oesophagus,840,USA,1,1,1958,3.868088895,4.2587967,0.4656142221,3649
2,Oesophagus,840,USA,1,1,1959,3.871684292,4.2753755,0.4760599469,3721
2,Oesophagus,840,USA,1,1,1960,3.904331042,4.326494641,0.4789235893,3829
2,Oesophagus,840,USA,1,1,1961,3.836565121,4.248712166,0.4635244425,3824
2,Oesophagus,840,USA,1,1,1962,3.90680579,4.3395306,0.4806045542,3971
2,Oesophagus,840,USA,1,1,1963,3.842780006,4.264093093,0.4833300089,3963
2,Oesophagus,840,USA,1,1,1964,3.904619151,4.351413357,0.4855677827,4104
2,Oesophagus,840,USA,1,1,1965,3.962296212,4.429643473,0.4894996259,4235
2,Oesophagus,840,USA,1,1,1966,3.868444569,4.334500928,0.4784173796,4195
2,Oesophagus,840,USA,1,1,1967,3.89761852,4.398736436,0.4830306447,4305
2,Oesophagus,840,USA,1,1,1968,3.940177311,4.40864695,0.4868588775,4360
2,Oesophagus,840,USA,1,1,1969,3.837747925,4.347594047,0.4713414052,4344
2,Oesophagus,840,USA,1,1,1970,3.883668171,4.396283335,0.478774421,4442
2,Oesophagus,840,USA,1,1,1971,3.955519362,4.496413648,0.4878754131,4599
2,Oesophagus,840,USA,1,1,1972,3.950285705,4.495878289,0.4888241613,4652
2,Oesophagus,840,USA,1,1,1973,4.007144958,4.558262991,0.4896585754,4765
2,Oesophagus,840,USA,1,1,1974,4.06327336,4.658324123,0.4980973651,4917
2,Oesophagus,840,USA,1,1,1975,4.235175901,4.876059433,0.5259745389,5196
2,Oesophagus,840,USA,1,1,1976,4.29010062,4.966348688,0.5348482844,5342
2,Oesophagus,840,USA,1,1,1977,4.220333608,4.906334343,0.5257273644,5328
2,Oesophagus,840,USA,1,1,1978,4.336578806,5.062493385,0.5385519022,5551
2,Oesophagus,840,USA,1,1,1979,4.314698705,5.078183938,0.5332122386,5623
2,Oesophagus,840,USA,1,1,1980,4.410713676,5.227573701,0.5386105188,5848
2,Oesophagus,840,USA,1,1,1981,4.412783775,5.262775483,0.5517371142,5951
2,Oesophagus,840,USA,1,1,1982,4.364673849,5.218610087,0.5397210945,5967
2,Oesophagus,840,USA,1,1,1983,4.430159151,5.31964139,0.5479385905,6151
2,Oesophagus,840,USA,1,1,1984,4.480824585,5.399252735,0.5559237883,6312
2,Oesophagus,840,USA,1,1,1985,4.487068467,5.42292121,0.5613071997,6408
2,Oesophagus,840,USA,1,1,1986,4.535482299,5.474096458,0.5715392842,6535
2,Oesophagus,840,USA,1,1,1987,4.570192915,5.574764411,0.5707835327,6721
2,Oesophagus,840,USA,1,1,1988,4.640261764,5.679364469,0.5746925195,6915
2,Oesophagus,840,USA,1,1,1989,4.726657395,5.815842163,0.5884356835,7152
2,Oesophagus,840,USA,1,1,1990,4.686042441,5.795688187,0.5831898846,7213
2,Oesophagus,840,USA,1,1,1991,4.750050982,5.886710759,0.5936400825,7426
2,Oesophagus,840,USA,1,1,1992,4.785215787,5.987157114,0.6025271923,7653
2,Oesophagus,840,USA,1,1,1993,4.816222828,6.033940432,0.5997667758,7811
2,Oesophagus,840,USA,1,1,1994,4.939716169,6.253424959,0.6183168531,8191
2,Oesophagus,840,USA,1,1,1995,4.916216762,6.290793622,0.6172667732,8333
2,Oesophagus,840,USA,1,1,1996,4.906431763,6.272860235,0.6092489261,8400
2,Oesophagus,840,USA,1,1,1997,4.888504737,6.314452338,0.6127779418,8546
2,Oesophagus,840,USA,1,1,1998,4.946733736,6.487350618,0.6159847089,8875
2,Oesophagus,840,USA,1,1,1999,4.973158968,6.575452731,0.6170726595,9093
2,Oesophagus,840,USA,1,1,2000,4.980017288,6.637655057,0.6108173137,9279
2,Oesophagus,840,USA,1,1,2001,5.037704596,6.798213273,0.6198561517,9606
2,Oesophagus,840,USA,1,1,2002,4.999152706,6.856810791,0.6151395543,9789
2,Oesophagus,840,USA,1,1,2003,4.948943673,6.878400487,0.6020306009,9921
2,Oesophagus,840,USA,1,1,2004,4.889186607,6.9175558,0.5870887013,10081
2,Oesophagus,840,USA,1,1,2005,5.01511843,7.206052473,0.6062448626,10611
2,Oesophagus,840,USA,1,1,2006,4.956089047,7.205089067,0.5998403522,10722
2,Oesophagus,840,USA,1,1,2007,4.831229696,7.146754095,0.5866986256,10750
2,Oesophagus,840,USA,1,1,2008,4.743221519,7.134840232,0.5770988088,10847
2,Oesophagus,840,USA,1,1,2009,4.667862611,7.181041735,0.5616311871,11030
2,Oesophagus,840,USA,1,1,2010,4.703384013,7.35770172,0.5659910509,11416
2,Oesophagus,840,USA,1,1,2011,4.624080295,7.343739179,0.5552774371,11514
2,Oesophagus,840,USA,1,1,2012,4.573314428,7.381399799,0.5535670253,11697
2,Oesophagus,840,USA,1,1,2013,4.450148792,7.325870442,0.5413876082,11731
2,Oesophagus,840,USA,1,1,2014,4.414757956,7.387777653,0.5329283216,11953
2,Oesophagus,840,USA,1,1,2015,4.364827401,7.455856346,0.5266687069,12187
2,Oesophagus,840,USA,1,1,2016,4.303451433,7.458689777,0.5188946139,12317
2,Oesophagus,840,USA,1,1,2017,4.180487595,7.382579958,0.5070026262,12314
2,Oesophagus,840,USA,1,1,2018,4.057028859,7.304046804,0.4933628147,12297
2,Oesophagus,840,USA,1,1,2019,4.109804291,7.549133373,0.4926952166,12822
2,Oesophagus,840,USA,1,1,2020,3.920536765,7.324112504,0.4771943316,12503
2,Oesophagus,840,USA,1,1,2021,3.870389665,7.342279256,0.4678839318,12558
2,Oesophagus,840,USA,1,1,2022,3.814047771,7.39604891,0.463429966,12697
2,Oesophagus,840,USA,2,0,1978,1.27587632,1.767817789,0.1500162665,190
2,Oesophagus,840,USA,2,0,1979,1.499240666,2.097171908,0.1903108266,228
2,Oesophagus,840,USA,2,0,1980,1.550122089,2.171822413,0.1907285423,239
2,Oesophagus,840,USA,2,0,1981,1.551565216,2.227463324,0.1781182571,247
2,Oesophagus,840,USA,2,0,1982,1.494568895,2.19567182,0.1754629321,245
2,Oesophagus,840,USA,2,0,1983,1.33755942,1.938389964,0.1689997446,218
2,Oesophagus,840,USA,2,0,1984,1.468956597,2.185777901,0.1761909892,248
2,Oesophagus,840,USA,2,0,1985,1.51354752,2.233714801,0.1974447904,256
2,Oesophagus,840,USA,2,0,1986,1.627635307,2.489282257,0.2028631919,288
2,Oesophagus,840,USA,2,0,1987,1.435390344,2.267714961,0.1744601032,265
2,Oesophagus,840,USA,2,0,1988,1.464153608,2.236420291,0.1886313245,264
2,Oesophagus,840,USA,2,0,1989,1.418740807,2.230583089,0.1750859932,266
2,Oesophagus,840,USA,2,0,1990,1.450415959,2.20296131,0.1849818517,266
2,Oesophagus,840,USA,2,0,1991,1.553877268,2.393036378,0.2012462671,293
2,Oesophagus,840,USA,2,0,1992,1.278446591,2.044664488,0.1592869245,254
2,Oesophagus,840,USA,2,0,1993,1.489254784,2.295119853,0.1857536706,289
2,Oesophagus,840,USA,2,0,1994,1.335447518,2.110933561,0.1611528046,269
2,Oesophagus,840,USA,2,0,1995,1.355232556,2.287361984,0.1695763483,295
2,Oesophagus,840,USA,2,0,1996,1.370451039,2.267969482,0.1693722312,296
2,Oesophagus,840,USA,2,0,1997,1.402904471,2.29422366,0.1837175453,303
2,Oesophagus,840,USA,2,0,1998,1.233788879,2.14220913,0.146082736,286
2,Oesophagus,840,USA,2,0,1999,1.379909597,2.24925986,0.1823965364,303
2,Oesophagus,840,USA,2,0,2000,1.356617907,2.280151305,0.1568468144,310
2,Oesophagus,840,USA,2,0,2001,1.162080679,2.03563544,0.1417517446,279
2,Oesophagus,840,USA,2,0,2002,1.216502186,2.14777318,0.1408848173,296
2,Oesophagus,840,USA,2,0,2003,1.201454701,2.143427486,0.1422981271,297
2,Oesophagus,840,USA,2,0,2004,1.390906409,2.524723281,0.1696093645,352
2,Oesophagus,840,USA,2,0,2005,1.176711439,1.979277675,0.1495232937,278
2,Oesophagus,840,USA,2,0,2006,1.250285534,2.311337109,0.1451270434,328
2,Oesophagus,840,USA,2,0,2007,1.226923381,2.156964619,0.154129791,309
2,Oesophagus,840,USA,2,0,2008,1.008532069,1.970182906,0.1204565467,285
2,Oesophagus,840,USA,2,0,2009,1.237400419,2.300394559,0.1454082767,336
2,Oesophagus,840,USA,2,0,2010,1.063725901,1.98950492,0.1280241464,293
2,Oesophagus,840,USA,2,0,2011,1.102365806,2.079625145,0.1391174519,309
2,Oesophagus,840,USA,2,0,2012,1.013345382,2.041204991,0.1165669592,306
2,Oesophagus,840,USA,2,0,2013,1.101328131,2.104670144,0.1411090096,318
2,Oesophagus,840,USA,2,0,2014,1.069227502,2.114270267,0.1219478068,322
2,Oesophagus,840,USA,2,0,2015,1.086308458,2.168774416,0.1324123943,333
2,Oesophagus,840,USA,2,0,2016,1.005702517,2.059868163,0.1164140048,319
2,Oesophagus,840,USA,2,0,2017,1.069731571,2.160919923,0.1350780091,337
2,Oesophagus,840,USA,2,1,1951,0.8998073093,1.067899071,0.1048075862,842
2,Oesophagus,840,USA,2,1,1952,0.924080402,1.089901506,0.1032101513,873
2,Oesophagus,840,USA,2,1,1953,0.8772925836,1.057881313,0.0988136997,861
2,Oesophagus,840,USA,2,1,1954,0.8798244395,1.072166364,0.101416573,887
2,Oesophagus,840,USA,2,1,1955,0.9078612725,1.110206998,0.09991720684,934
2,Oesophagus,840,USA,2,1,1956,0.9059915209,1.131241153,0.1001076613,968
2,Oesophagus,840,USA,2,1,1957,0.9380719049,1.161526893,0.1038549935,1011
2,Oesophagus,840,USA,2,1,1958,0.8795307133,1.087719795,0.09620044451,963
2,Oesophagus,840,USA,2,1,1959,0.9691683917,1.216257814,0.1063029409,1096
2,Oesophagus,840,USA,2,1,1960,0.9280049838,1.180081178,0.1022863408,1083
2,Oesophagus,840,USA,2,1,1961,0.8945996771,1.138141478,0.09622236141,1064
2,Oesophagus,840,USA,2,1,1962,0.9236409822,1.17101332,0.1030112713,1115
2,Oesophagus,840,USA,2,1,1963,0.9512051884,1.226178857,0.1064625426,1188
2,Oesophagus,840,USA,2,1,1964,0.9393932627,1.232421397,0.1024801174,1214
2,Oesophagus,840,USA,2,1,1965,1.003231364,1.305374915,0.1140334294,1306
2,Oesophagus,840,USA,2,1,1966,0.9884725438,1.290846535,0.1090896402,1310
2,Oesophagus,840,USA,2,1,1967,0.9693888553,1.284633353,0.1080337445,1321
2,Oesophagus,840,USA,2,1,1968,1.037174851,1.386935063,0.1185166056,1444
2,Oesophagus,840,USA,2,1,1969,1.025035037,1.387324485,0.1157857657,1462
2,Oesophagus,840,USA,2,1,1970,1.04596507,1.430358601,0.1208683859,1527
2,Oesophagus,840,USA,2,1,1971,1.047672499,1.445282914,0.1191676451,1563
2,Oesophagus,840,USA,2,1,1972,1.07082839,1.466581055,0.1254250264,1604
2,Oesophagus,840,USA,2,1,1973,1.128278941,1.559683695,0.1335461809,1723
2,Oesophagus,840,USA,2,1,1974,1.100807957,1.554829321,0.1282075915,1734
2,Oesophagus,840,USA,2,1,1975,1.117511112,1.599924049,0.1317749571,1801
2,Oesophagus,840,USA,2,1,1976,1.155606591,1.655739549,0.1359084832,1881
2,Oesophagus,840,USA,2,1,1977,1.159347172,1.704965044,0.1362363488,1955
2,Oesophagus,840,USA,2,1,1978,1.18132125,1.752103756,0.1412805098,2028
2,Oesophagus,840,USA,2,1,1979,1.16012011,1.75015906,0.136942458,2045
2,Oesophagus,840,USA,2,1,1980,1.192147576,1.811165626,0.1443841339,2137
2,Oesophagus,840,USA,2,1,1981,1.155434917,1.788886217,0.1400220037,2131
2,Oesophagus,840,USA,2,1,1982,1.202131295,1.876210656,0.1478990263,2256
2,Oesophagus,840,USA,2,1,1983,1.161639811,1.823526324,0.1429357498,2213
2,Oesophagus,840,USA,2,1,1984,1.191811928,1.915084562,0.1450947012,2345
2,Oesophagus,840,USA,2,1,1985,1.106619065,1.784249166,0.1345238711,2204
2,Oesophagus,840,USA,2,1,1986,1.181966357,1.912928818,0.1465270924,2383
2,Oesophagus,840,USA,2,1,1987,1.154709411,1.882959647,0.1437638339,2365
2,Oesophagus,840,USA,2,1,1988,1.122111088,1.910979107,0.1351276707,2420
2,Oesophagus,840,USA,2,1,1989,1.1259498,1.944391781,0.1364277577,2483
2,Oesophagus,840,USA,2,1,1990,1.141034723,1.943859288,0.1390251729,2506
2,Oesophagus,840,USA,2,1,1991,1.137863206,1.949772794,0.1371502463,2541
2,Oesophagus,840,USA,2,1,1992,1.13446276,1.962325543,0.1360844477,2586
2,Oesophagus,840,USA,2,1,1993,1.12769274,1.979994792,0.1350266033,2637
2,Oesophagus,840,USA,2,1,1994,1.09568739,1.952552985,0.132697661,2626
2,Oesophagus,840,USA,2,1,1995,1.079288507,1.941177096,0.1285671348,2635
2,Oesophagus,840,USA,2,1,1996,1.1272891,2.067170391,0.1370246903,2831
2,Oesophagus,840,USA,2,1,1997,1.085757955,1.977156029,0.1298777628,2731
2,Oesophagus,840,USA,2,1,1998,1.117456582,2.073723177,0.1324325278,2889
2,Oesophagus,840,USA,2,1,1999,1.077424465,2.009986902,0.1276280298,2824
2,Oesophagus,840,USA,2,1,2000,1.109210897,2.084115759,0.134075935,2953
2,Oesophagus,840,USA,2,1,2001,1.077574912,2.044373251,0.1278152067,2923
2,Oesophagus,840,USA,2,1,2002,1.058309707,2.01702904,0.1229339871,2911
2,Oesophagus,840,USA,2,1,2003,1.051516642,2.01751877,0.1246995391,2939
2,Oesophagus,840,USA,2,1,2004,1.04437241,2.000603996,0.1225845778,2942
2,Oesophagus,840,USA,2,1,2005,1.001657531,1.945233775,0.1162203647,2888
2,Oesophagus,840,USA,2,1,2006,1.01195189,1.976404215,0.1169203067,2963
2,Oesophagus,840,USA,2,1,2007,0.9543527509,1.876820735,0.1138758608,2842
2,Oesophagus,840,USA,2,1,2008,0.9285565318,1.8745705,0.10559256,2867
2,Oesophagus,840,USA,2,1,2009,0.9216416085,1.864340629,0.1052805845,2879
2,Oesophagus,840,USA,2,1,2010,0.9533742994,1.971705399,0.1089460118,3074
2,Oesophagus,840,USA,2,1,2011,0.9104602293,1.863735461,0.1034571604,2932
2,Oesophagus,840,USA,2,1,2012,0.8751028938,1.860705793,0.09843661167,2952
2,Oesophagus,840,USA,2,1,2013,0.8738023576,1.848985549,0.1006920645,2958
2,Oesophagus,840,USA,2,1,2014,0.8664072701,1.848487048,0.0971901946,2982
2,Oesophagus,840,USA,2,1,2015,0.8633156957,1.858965798,0.09732696935,3024
2,Oesophagus,840,USA,2,1,2016,0.8767135767,1.915349309,0.1000975248,3142
2,Oesophagus,840,USA,2,1,2017,0.826099689,1.81794437,0.09447403618,3007
2,Oesophagus,840,USA,2,1,2018,0.8418068454,1.872850449,0.09547241981,3122
2,Oesophagus,840,USA,2,1,2019,0.8430127629,1.869089251,0.0960079246,3139
2,Oesophagus,840,USA,2,1,2020,0.8285275747,1.878785106,0.09559235506,3170
2,Oesophagus,840,USA,2,1,2021,0.8244423396,1.883226544,0.0977578082,3185
2,Oesophagus,840,USA,2,1,2022,0.8380187479,1.952769666,0.09667455884,3317
2,Oesophagus,858,Uruguay,1,1,1993,9.222255549,12.3530234,1.057531006,190
2,Oesophagus,858,Uruguay,1,1,1994,9.492094412,12.61844351,1.109642408,195
2,Oesophagus,858,Uruguay,1,1,1995,9.970995423,13.07431168,1.194593593,203
2,Oesophagus,858,Uruguay,1,1,1996,8.94650328,12.24275002,1.070036342,191
2,Oesophagus,858,Uruguay,1,1,1997,10.56591957,14.09736367,1.254068229,221
2,Oesophagus,858,Uruguay,1,1,1998,8.417055437,11.93823614,0.9777093959,188
2,Oesophagus,858,Uruguay,1,1,1999,10.25117349,13.97578079,1.125674038,221
2,Oesophagus,858,Uruguay,1,1,2000,9.41934012,13.10953012,0.9872912937,208
2,Oesophagus,858,Uruguay,1,1,2001,7.927687811,11.19529244,0.8776839467,178
2,Oesophagus,858,Uruguay,1,1,2002,8.770435017,12.25181437,1.065211895,195
2,Oesophagus,858,Uruguay,1,1,2003,8.591339469,12.12220184,0.967421907,193
2,Oesophagus,858,Uruguay,1,1,2004,8.456043438,12.37061094,0.9055243388,197
2,Oesophagus,858,Uruguay,1,1,2005,7.424048472,10.73351997,0.8107619696,171
2,Oesophagus,858,Uruguay,1,1,2006,6.937613326,10.03579014,0.8346315756,160
2,Oesophagus,858,Uruguay,1,1,2007,8.006961767,11.77589962,0.9077355316,188
2,Oesophagus,858,Uruguay,1,1,2008,6.78817081,10.31576881,0.7428102618,165
2,Oesophagus,858,Uruguay,1,1,2009,6.679087903,9.606513466,0.7983678031,154
2,Oesophagus,858,Uruguay,1,1,2010,6.110095363,9.271785273,0.7376910951,149
2,Oesophagus,858,Uruguay,1,1,2011,6.530785992,9.992973884,0.7554359074,161
2,Oesophagus,858,Uruguay,1,1,2012,7.279336798,11.20577203,0.8048810056,181
2,Oesophagus,858,Uruguay,1,1,2013,5.474194346,8.455260869,0.6752826764,137
2,Oesophagus,858,Uruguay,1,1,2014,5.217112617,8.118300864,0.5869245102,132
2,Oesophagus,858,Uruguay,1,1,2015,6.350177772,10.10999676,0.7111190729,165
2,Oesophagus,858,Uruguay,1,1,2016,6.180904863,10.07305099,0.6835803321,165
2,Oesophagus,858,Uruguay,1,1,2017,4.750090071,7.486273643,0.5937550501,123
2,Oesophagus,858,Uruguay,1,1,2018,5.412820034,8.383110584,0.6841459133,138
2,Oesophagus,858,Uruguay,1,1,2019,5.800878564,9.529781173,0.6847982076,157
2,Oesophagus,858,Uruguay,1,1,2020,5.486588066,9.099164515,0.6611169258,150
2,Oesophagus,858,Uruguay,1,1,2021,4.988203096,7.891078832,0.5953080566,130
2,Oesophagus,858,Uruguay,1,1,2022,5.179537199,8.756929529,0.6484863009,144
2,Oesophagus,858,Uruguay,2,1,1993,2.711312983,4.819991843,0.3123067591,78
2,Oesophagus,858,Uruguay,2,1,1994,2.695759826,5.099912195,0.3312075032,83
2,Oesophagus,858,Uruguay,2,1,1995,2.297768521,4.215601759,0.2400404464,69
2,Oesophagus,858,Uruguay,2,1,1996,2.20341086,4.555899982,0.2262010492,75
2,Oesophagus,858,Uruguay,2,1,1997,2.178392904,4.348676915,0.2375937809,72
2,Oesophagus,858,Uruguay,2,1,1998,2.494838004,5.046518083,0.3043268463,84
2,Oesophagus,858,Uruguay,2,1,1999,2.362608028,4.663099993,0.244179066,78
2,Oesophagus,858,Uruguay,2,1,2000,2.577397773,5.179881815,0.262203162,87
2,Oesophagus,858,Uruguay,2,1,2001,1.6784228,4.21540356,0.1583934423,71
2,Oesophagus,858,Uruguay,2,1,2002,1.804304908,4.089463231,0.1822802547,69
2,Oesophagus,858,Uruguay,2,1,2003,2.363074193,5.150766487,0.2622721105,87
2,Oesophagus,858,Uruguay,2,1,2004,2.19441464,5.145913258,0.2032721352,87
2,Oesophagus,858,Uruguay,2,1,2005,2.423622385,5.199006753,0.2738898057,88
2,Oesophagus,858,Uruguay,2,1,2006,2.052192645,4.955126609,0.1923420397,84
2,Oesophagus,858,Uruguay,2,1,2007,2.00510029,4.591825021,0.2267886643,78
2,Oesophagus,858,Uruguay,2,1,2008,1.878248409,3.700038469,0.2115111414,63
2,Oesophagus,858,Uruguay,2,1,2009,1.782721284,4.393634502,0.164545141,75
2,Oesophagus,858,Uruguay,2,1,2010,1.920241152,4.206703382,0.2076732481,72
2,Oesophagus,858,Uruguay,2,1,2011,1.705852516,4.137871549,0.1707881188,71
2,Oesophagus,858,Uruguay,2,1,2012,1.722430622,4.360049391,0.154362916,75
2,Oesophagus,858,Uruguay,2,1,2013,1.967981129,4.347712668,0.2172375997,75
2,Oesophagus,858,Uruguay,2,1,2014,1.512621423,3.409657653,0.1908289055,59
2,Oesophagus,858,Uruguay,2,1,2015,1.383668324,3.801913399,0.1289801591,66
2,Oesophagus,858,Uruguay,2,1,2016,1.925144978,4.766693333,0.1992512513,83
2,Oesophagus,858,Uruguay,2,1,2017,1.579894136,3.953180592,0.1860015758,69
2,Oesophagus,858,Uruguay,2,1,2018,1.705806818,3.889341374,0.2097997571,68
2,Oesophagus,858,Uruguay,2,1,2019,1.643084313,3.829144706,0.1951404415,67
2,Oesophagus,858,Uruguay,2,1,2020,1.434868795,3.199148113,0.1675642473,56
2,Oesophagus,858,Uruguay,2,1,2021,1.132614722,2.915515229,0.1444770623,51
2,Oesophagus,858,Uruguay,2,1,2022,1.232518686,3.263664591,0.1466210893,57
2,Oesophagus,860,Uzbekistan,1,1,2005,5.067279634,2.785140206,0.6599193976,364
2,Oesophagus,860,Uzbekistan,1,1,2006,4.915427027,2.756963083,0.6425766797,366
2,Oesophagus,860,Uzbekistan,1,1,2007,4.792595726,2.744482385,0.6274231176,370
2,Oesophagus,860,Uzbekistan,1,1,2008,4.665364563,2.732378569,0.6106839801,374
2,Oesophagus,860,Uzbekistan,1,1,2009,4.610843157,2.785410065,0.5952875954,387
2,Oesophagus,860,Uzbekistan,1,1,2010,4.180464214,2.525939686,0.5332071121,361
2,Oesophagus,860,Uzbekistan,1,1,2011,3.733289474,2.247891784,0.4864926731,330
2,Oesophagus,860,Uzbekistan,1,1,2012,3.726161066,2.301148098,0.4781200168,343
2,Oesophagus,860,Uzbekistan,1,1,2013,3.098628781,1.927632453,0.3801911248,292
2,Oesophagus,860,Uzbekistan,1,1,2014,3.441390641,2.179716878,0.4360906763,336
2,Oesophagus,860,Uzbekistan,1,1,2015,3.897633177,2.446550517,0.4881554045,384
2,Oesophagus,860,Uzbekistan,1,1,2016,4.466973431,2.884867805,0.5934426809,461
2,Oesophagus,860,Uzbekistan,1,1,2017,4.041816729,2.69382253,0.4921148904,438
2,Oesophagus,860,Uzbekistan,1,1,2018,3.633377094,2.543156182,0.4435077688,421
2,Oesophagus,860,Uzbekistan,1,1,2019,3.842015976,2.725452222,0.477123779,460
2,Oesophagus,860,Uzbekistan,2,1,2005,3.578984782,2.435549556,0.4445332309,319
2,Oesophagus,860,Uzbekistan,2,1,2006,3.439172604,2.362387007,0.4357729669,314
2,Oesophagus,860,Uzbekistan,2,1,2007,3.370155114,2.350651854,0.433023194,317
2,Oesophagus,860,Uzbekistan,2,1,2008,3.260703819,2.310008727,0.4253977449,316
2,Oesophagus,860,Uzbekistan,2,1,2009,3.222228962,2.335373638,0.422949927,324
2,Oesophagus,860,Uzbekistan,2,1,2010,2.591246607,1.87797454,0.3158493072,268
2,Oesophagus,860,Uzbekistan,2,1,2011,2.739675401,2.060175545,0.3385174743,302
2,Oesophagus,860,Uzbekistan,2,1,2012,2.474479972,1.889857618,0.309096845,281
2,Oesophagus,860,Uzbekistan,2,1,2013,2.188834749,1.762166368,0.2619481225,266
2,Oesophagus,860,Uzbekistan,2,1,2014,2.391523686,1.837992917,0.3183210042,282
2,Oesophagus,860,Uzbekistan,2,1,2015,3.080737284,2.467417116,0.3728806445,385
2,Oesophagus,860,Uzbekistan,2,1,2016,2.972789608,2.407366339,0.3802944711,382
2,Oesophagus,860,Uzbekistan,2,1,2017,3.130542632,2.616382847,0.3924656547,422
2,Oesophagus,860,Uzbekistan,2,1,2018,2.736131237,2.359487634,0.3258600772,387
2,Oesophagus,860,Uzbekistan,2,1,2019,2.78939111,2.44275438,0.347551385,408
2,Oesophagus,862,Venezuela,1,1,1956,4.442753924,1.65968754,0.4236032173,59
2,Oesophagus,862,Venezuela,1,1,1957,2.948474409,1.164757999,0.3380859656,43
2,Oesophagus,862,Venezuela,1,1,1958,3.229444683,1.356842898,0.3286238769,52
2,Oesophagus,862,Venezuela,1,1,1959,3.508923624,1.408616861,0.370245527,56
2,Oesophagus,862,Venezuela,1,1,1960,3.659089955,1.553220117,0.4909636414,64
2,Oesophagus,862,Venezuela,1,1,1961,4.070951487,1.522969068,0.4407853724,65
2,Oesophagus,862,Venezuela,1,1,1962,3.420225619,1.358055681,0.3873612922,60
2,Oesophagus,862,Venezuela,1,1,1963,4.117626824,1.268767921,0.3035072251,58
2,Oesophagus,862,Venezuela,1,1,1964,4.194243812,1.818930156,0.4642065028,86
2,Oesophagus,862,Venezuela,1,1,1965,3.922166655,1.452530584,0.4182683674,71
2,Oesophagus,862,Venezuela,1,1,1966,4.52649096,1.761876632,0.4814883855,89
2,Oesophagus,862,Venezuela,1,1,1967,4.232884572,1.705596753,0.4946984624,89
2,Oesophagus,862,Venezuela,1,1,1968,3.624553207,1.33644279,0.3807003949,72
2,Oesophagus,862,Venezuela,1,1,1969,3.219894213,1.40320932,0.3655461669,78
2,Oesophagus,862,Venezuela,1,1,1970,3.726156818,1.395573589,0.404305672,80
2,Oesophagus,862,Venezuela,1,1,1971,3.602410414,1.336964009,0.3471930484,79
2,Oesophagus,862,Venezuela,1,1,1972,2.918565372,1.166255083,0.3025225926,71
2,Oesophagus,862,Venezuela,1,1,1973,4.481137597,1.690665073,0.4244258713,106
2,Oesophagus,862,Venezuela,1,1,1974,3.075388549,1.239321694,0.3026934026,80
2,Oesophagus,862,Venezuela,1,1,1975,3.969059272,1.519960848,0.3787056109,101
2,Oesophagus,862,Venezuela,1,1,1976,4.096813036,1.622885077,0.4246513123,111
2,Oesophagus,862,Venezuela,1,1,1977,3.128417443,1.321132321,0.3394964375,93
2,Oesophagus,862,Venezuela,1,1,1978,3.198710078,1.408146403,0.3227081609,102
2,Oesophagus,862,Venezuela,1,1,1979,3.16466017,1.395689708,0.3801546574,104
2,Oesophagus,862,Venezuela,1,1,1980,3.682926638,1.63142016,0.3985302986,125
2,Oesophagus,862,Venezuela,1,1,1981,2.77619998,1.25711971,0.3238285308,99
2,Oesophagus,862,Venezuela,1,1,1982,3.209612884,1.433690693,0.3296329157,116
2,Oesophagus,862,Venezuela,1,1,1983,3.209028793,1.492215449,0.3510577732,124
2,Oesophagus,862,Venezuela,1,1,1984,2.977282957,1.394457115,0.3164244885,119
2,Oesophagus,862,Venezuela,1,1,1985,2.901714752,1.358791685,0.2968509916,119
2,Oesophagus,862,Venezuela,1,1,1986,2.641721005,1.301655851,0.2984374132,117
2,Oesophagus,862,Venezuela,1,1,1987,2.877384023,1.39851573,0.2998449868,129
2,Oesophagus,862,Venezuela,1,1,1988,2.536963324,1.278829412,0.2634826777,121
2,Oesophagus,862,Venezuela,1,1,1989,2.604638485,1.288630169,0.2693433188,125
2,Oesophagus,862,Venezuela,1,1,1990,3.150066178,1.559461722,0.3155751008,155
2,Oesophagus,862,Venezuela,1,1,1991,2.862763842,1.483553143,0.2905282616,151
2,Oesophagus,862,Venezuela,1,1,1992,2.685121807,1.449524254,0.2724045542,151
2,Oesophagus,862,Venezuela,1,1,1993,2.314106055,1.248397382,0.2619496699,133
2,Oesophagus,862,Venezuela,1,1,1994,2.414202673,1.33173782,0.2748077184,145
2,Oesophagus,862,Venezuela,1,1,1995,2.597117895,1.429675091,0.2965794545,159
2,Oesophagus,862,Venezuela,1,1,1996,2.782486259,1.541200065,0.3181718104,175
2,Oesophagus,862,Venezuela,1,1,1997,2.329526876,1.346076536,0.279962577,156
2,Oesophagus,862,Venezuela,1,1,1998,2.791676746,1.598519281,0.2971206934,189
2,Oesophagus,862,Venezuela,1,1,1999,2.064168034,1.219424183,0.2191850885,147
2,Oesophagus,862,Venezuela,1,1,2000,2.178840391,1.343369142,0.253681132,165
2,Oesophagus,862,Venezuela,1,1,2001,2.504897955,1.511458172,0.2509400244,189
2,Oesophagus,862,Venezuela,1,1,2002,2.015868688,1.296424469,0.2044743459,165
2,Oesophagus,862,Venezuela,1,1,2003,1.976162228,1.281736787,0.218064036,166
2,Oesophagus,862,Venezuela,1,1,2004,2.198668586,1.435044205,0.2511653497,189
2,Oesophagus,862,Venezuela,1,1,2005,2.009424442,1.374351963,0.2464444331,184
2,Oesophagus,862,Venezuela,1,1,2006,2.132700271,1.507140944,0.2267251165,205
2,Oesophagus,862,Venezuela,1,1,2007,2.000706528,1.426803186,0.2299589929,197
2,Oesophagus,862,Venezuela,1,1,2008,2.012545186,1.464261554,0.2297437221,205
2,Oesophagus,862,Venezuela,1,1,2009,2.010335517,1.494793711,0.2277214586,212
2,Oesophagus,862,Venezuela,1,1,2010,2.193762487,1.66420587,0.2376020776,239
2,Oesophagus,862,Venezuela,1,1,2011,2.070618359,1.623299576,0.2205948152,236
2,Oesophagus,862,Venezuela,1,1,2012,2.121810041,1.71957743,0.2192338989,253
2,Oesophagus,862,Venezuela,1,1,2013,2.043624575,1.673050126,0.2323610236,249
2,Oesophagus,862,Venezuela,1,1,2014,1.777146221,1.528776966,0.2066209029,230
2,Oesophagus,862,Venezuela,1,1,2015,1.982105388,1.684734789,0.2216633793,256
2,Oesophagus,862,Venezuela,1,1,2016,1.938629451,1.688429078,0.2336570764,258
2,Oesophagus,862,Venezuela,2,1,1956,3.05350146,1.181749976,0.3520473083,41
2,Oesophagus,862,Venezuela,2,1,1957,3.617076286,1.247333824,0.2800553994,45
2,Oesophagus,862,Venezuela,2,1,1958,2.704062576,1.04012426,0.2685199497,39
2,Oesophagus,862,Venezuela,2,1,1959,2.382031868,0.8988895632,0.2166105395,35
2,Oesophagus,862,Venezuela,2,1,1960,2.512854744,1.014947704,0.2832237137,41
2,Oesophagus,862,Venezuela,2,1,1961,2.9256898,1.050636626,0.336319592,44
2,Oesophagus,862,Venezuela,2,1,1962,3.358232045,1.267634525,0.4044446756,55
2,Oesophagus,862,Venezuela,2,1,1963,3.928757623,1.446804665,0.3580721581,65
2,Oesophagus,862,Venezuela,2,1,1964,2.829322326,0.989320713,0.3098427364,46
2,Oesophagus,862,Venezuela,2,1,1965,2.879169907,1.060341763,0.293555681,51
2,Oesophagus,862,Venezuela,2,1,1966,3.269711229,1.206412565,0.3308908873,60
2,Oesophagus,862,Venezuela,2,1,1967,3.467182288,1.342308514,0.340166415,69
2,Oesophagus,862,Venezuela,2,1,1968,2.471922338,0.9980996559,0.2341915665,53
2,Oesophagus,862,Venezuela,2,1,1969,2.949335581,1.149301152,0.3508339134,63
2,Oesophagus,862,Venezuela,2,1,1970,2.1654295,0.9194779558,0.2606382996,52
2,Oesophagus,862,Venezuela,2,1,1971,2.636643698,1.028789473,0.256022844,60
2,Oesophagus,862,Venezuela,2,1,1972,3.227062956,1.147834419,0.2402909854,69
2,Oesophagus,862,Venezuela,2,1,1973,2.837019821,1.194739658,0.2758302463,74
2,Oesophagus,862,Venezuela,2,1,1974,2.200820811,0.9247341624,0.2164000966,59
2,Oesophagus,862,Venezuela,2,1,1975,2.038747176,0.9131051129,0.2086775837,60
2,Oesophagus,862,Venezuela,2,1,1976,2.4839846,1.108383339,0.2958331847,75
2,Oesophagus,862,Venezuela,2,1,1977,1.657101713,0.7750384792,0.1668110909,54
2,Oesophagus,862,Venezuela,2,1,1978,1.412349578,0.627342252,0.135645629,45
2,Oesophagus,862,Venezuela,2,1,1979,1.614090031,0.7584953511,0.1410427493,56
2,Oesophagus,862,Venezuela,2,1,1980,1.853073452,0.8951866734,0.1691414436,68
2,Oesophagus,862,Venezuela,2,1,1981,1.645852154,0.7424328809,0.1618853438,58
2,Oesophagus,862,Venezuela,2,1,1982,1.871344245,0.8591846213,0.1524542552,69
2,Oesophagus,862,Venezuela,2,1,1983,1.655699703,0.8118835517,0.1253603207,67
2,Oesophagus,862,Venezuela,2,1,1984,1.356058595,0.6723257624,0.1220759744,57
2,Oesophagus,862,Venezuela,2,1,1985,1.223889083,0.6204290037,0.1312152393,54
2,Oesophagus,862,Venezuela,2,1,1986,1.396709891,0.6827094432,0.1305849669,61
2,Oesophagus,862,Venezuela,2,1,1987,1.37752057,0.7632839485,0.1215967618,70
2,Oesophagus,862,Venezuela,2,1,1988,1.133125235,0.6376709197,0.09028486628,60
2,Oesophagus,862,Venezuela,2,1,1989,1.317384744,0.7565789985,0.1387334197,73
2,Oesophagus,862,Venezuela,2,1,1990,1.031314422,0.576474617,0.07798811024,57
2,Oesophagus,862,Venezuela,2,1,1991,0.8794167505,0.503668335,0.06577195179,51
2,Oesophagus,862,Venezuela,2,1,1992,0.8235968008,0.4824513624,0.0609827664,50
2,Oesophagus,862,Venezuela,2,1,1993,0.7908017912,0.4905261941,0.08839404266,52
2,Oesophagus,862,Venezuela,2,1,1994,0.884312093,0.5628780972,0.09798636768,61
2,Oesophagus,862,Venezuela,2,1,1995,0.8500132229,0.5599588593,0.08896521256,62
2,Oesophagus,862,Venezuela,2,1,1996,0.8740301808,0.6013800788,0.08569965753,68
2,Oesophagus,862,Venezuela,2,1,1997,0.7200314194,0.4851657118,0.06700805763,56
2,Oesophagus,862,Venezuela,2,1,1998,0.6848046695,0.4754669255,0.08589406744,56
2,Oesophagus,862,Venezuela,2,1,1999,0.7982089995,0.5661135737,0.0778193155,68
2,Oesophagus,862,Venezuela,2,1,2000,0.5510227684,0.4410266152,0.05345170061,54
2,Oesophagus,862,Venezuela,2,1,2001,0.7589571054,0.5691181122,0.06811372628,71
2,Oesophagus,862,Venezuela,2,1,2002,0.7576764563,0.566556099,0.08466457444,72
2,Oesophagus,862,Venezuela,2,1,2003,0.5862232059,0.4713509056,0.05314611778,61
2,Oesophagus,862,Venezuela,2,1,2004,0.5934845274,0.4935267513,0.06037533258,65
2,Oesophagus,862,Venezuela,2,1,2005,0.668897038,0.5597984964,0.07383682466,75
2,Oesophagus,862,Venezuela,2,1,2006,0.4828497838,0.4257576945,0.04409026636,58
2,Oesophagus,862,Venezuela,2,1,2007,0.6329836096,0.5634912298,0.05337398574,78
2,Oesophagus,862,Venezuela,2,1,2008,0.5274167798,0.4696352023,0.06147391036,66
2,Oesophagus,862,Venezuela,2,1,2009,0.4578138006,0.4278978152,0.04040101991,61
2,Oesophagus,862,Venezuela,2,1,2010,0.4410503389,0.4359289605,0.04316649372,63
2,Oesophagus,862,Venezuela,2,1,2011,0.5950782782,0.5734994115,0.05918152098,84
2,Oesophagus,862,Venezuela,2,1,2012,0.4326131184,0.4581930201,0.04553484356,68
2,Oesophagus,862,Venezuela,2,1,2013,0.5387283352,0.5322971283,0.0583049637,80
2,Oesophagus,862,Venezuela,2,1,2014,0.4337938607,0.4536675868,0.05079581153,69
2,Oesophagus,862,Venezuela,2,1,2015,0.5347390603,0.5592149818,0.06614103616,86
2,Oesophagus,862,Venezuela,2,1,2016,0.3378195807,0.3810078316,0.03266953506,59