Cancer id,Cancer label,Population id,Country label,Sex,Type,Year,ASR (World),Crude rate,Cumulative risk,Total
1,"Lip,  oral cavity and pharynx ",112,Belarus,1,0,2007,18.070707,23.71791842,2.208352428,1074
1,"Lip,  oral cavity and pharynx ",112,Belarus,1,0,2008,18.21826213,24.02419473,2.219496061,1065
1,"Lip,  oral cavity and pharynx ",112,Belarus,1,0,2009,18.45565694,25.14819228,2.224830598,1112
1,"Lip,  oral cavity and pharynx ",112,Belarus,1,0,2010,18.88245639,25.89942729,2.316998993,1143
1,"Lip,  oral cavity and pharynx ",112,Belarus,1,0,2011,19.68556886,27.07105493,2.405134649,1192
1,"Lip,  oral cavity and pharynx ",112,Belarus,1,0,2012,20.03353528,27.85413981,2.507210866,1225
1,"Lip,  oral cavity and pharynx ",112,Belarus,1,0,2013,20.89134708,29.60911842,2.537266582,1293
1,"Lip,  oral cavity and pharynx ",112,Belarus,1,0,2014,20.39245993,29.37318807,2.4778226,1283
1,"Lip,  oral cavity and pharynx ",112,Belarus,1,0,2015,22.44691608,32.51601219,2.721292163,1422
1,"Lip,  oral cavity and pharynx ",112,Belarus,1,0,2016,23.47700328,34.54186453,2.839169449,1512
1,"Lip,  oral cavity and pharynx ",112,Belarus,1,0,2017,22.56003111,33.59845388,2.707589454,1469
1,"Lip,  oral cavity and pharynx ",112,Belarus,2,0,2007,1.934462465,3.652954622,0.2073692131,189
1,"Lip,  oral cavity and pharynx ",112,Belarus,2,0,2008,2.054855434,3.729179891,0.2247723975,190
1,"Lip,  oral cavity and pharynx ",112,Belarus,2,0,2009,2.076572281,4.287139212,0.2201127874,218
1,"Lip,  oral cavity and pharynx ",112,Belarus,2,0,2010,2.256234664,4.411743273,0.2507048312,224
1,"Lip,  oral cavity and pharynx ",112,Belarus,2,0,2011,1.787851532,3.372817654,0.185387146,171
1,"Lip,  oral cavity and pharynx ",112,Belarus,2,0,2012,2.234278684,4.322438092,0.2488348858,219
1,"Lip,  oral cavity and pharynx ",112,Belarus,2,0,2013,2.32420615,4.412651466,0.252498238,224
1,"Lip,  oral cavity and pharynx ",112,Belarus,2,0,2014,2.208054128,4.192429771,0.2373410093,213
1,"Lip,  oral cavity and pharynx ",112,Belarus,2,0,2015,2.707007008,4.854706687,0.2915105766,247
1,"Lip,  oral cavity and pharynx ",112,Belarus,2,0,2016,3.003543599,5.518371464,0.3248848616,281
1,"Lip,  oral cavity and pharynx ",112,Belarus,2,0,2017,2.660771925,5.150622282,0.3094167046,262
1,"Lip,  oral cavity and pharynx ",124,Canada,1,0,2007,9.926217056,14.95330902,1.145711665,1795
1,"Lip,  oral cavity and pharynx ",124,Canada,1,0,2008,9.764064118,14.79104434,1.13529544,1794
1,"Lip,  oral cavity and pharynx ",124,Canada,1,0,2009,9.929568112,15.23936443,1.175500322,1869
1,"Lip,  oral cavity and pharynx ",124,Canada,1,0,2010,9.978798249,15.69407068,1.163134314,1948
1,"Lip,  oral cavity and pharynx ",124,Canada,1,0,2011,10.58807914,16.7572109,1.240237494,2101
1,"Lip,  oral cavity and pharynx ",124,Canada,1,0,2012,10.14102984,16.34931589,1.20189518,2076
1,"Lip,  oral cavity and pharynx ",124,Canada,1,0,2013,11.26144645,18.43319548,1.345881423,2372
1,"Lip,  oral cavity and pharynx ",124,Canada,1,0,2014,11.2787033,18.93962494,1.347093874,2469
1,"Lip,  oral cavity and pharynx ",124,Canada,1,0,2015,10.8529917,18.20525397,1.310864876,2394
1,"Lip,  oral cavity and pharynx ",124,Canada,1,0,2016,11.07349751,18.95496462,1.327796452,2526
1,"Lip,  oral cavity and pharynx ",124,Canada,1,0,2017,11.87900831,20.63178739,1.425087123,2786
1,"Lip,  oral cavity and pharynx ",124,Canada,1,1,2007,2.971784149,4.689936783,0.3601206967,769
1,"Lip,  oral cavity and pharynx ",124,Canada,1,1,2008,2.734910071,4.519520239,0.3145176457,749
1,"Lip,  oral cavity and pharynx ",124,Canada,1,1,2009,2.543830411,4.302104263,0.3006536569,721
1,"Lip,  oral cavity and pharynx ",124,Canada,1,1,2010,2.607702924,4.432505861,0.3193689088,751
1,"Lip,  oral cavity and pharynx ",124,Canada,1,1,2011,2.800555551,4.923056367,0.3247784391,843
1,"Lip,  oral cavity and pharynx ",124,Canada,1,1,2012,2.574684611,4.54599818,0.3152513776,787
1,"Lip,  oral cavity and pharynx ",124,Canada,1,1,2013,2.944220402,5.330641007,0.3398535385,933
1,"Lip,  oral cavity and pharynx ",124,Canada,1,1,2014,2.916098789,5.391842843,0.3506518964,953
1,"Lip,  oral cavity and pharynx ",124,Canada,1,1,2015,2.674207041,5.095959753,0.3106969507,909
1,"Lip,  oral cavity and pharynx ",124,Canada,1,1,2016,2.913525648,5.711860115,0.3420032529,1030
1,"Lip,  oral cavity and pharynx ",124,Canada,1,1,2017,2.838195585,5.623209895,0.3396062551,1027
1,"Lip,  oral cavity and pharynx ",124,Canada,1,1,2018,2.805245182,5.703505533,0.3229662347,1056
1,"Lip,  oral cavity and pharynx ",124,Canada,1,1,2019,2.802676355,5.653774719,0.3367323959,1061
1,"Lip,  oral cavity and pharynx ",124,Canada,1,1,2020,2.717185314,5.694866371,0.3266582212,1080
1,"Lip,  oral cavity and pharynx ",124,Canada,1,1,2021,2.797624167,6.024481851,0.3401134559,1151
1,"Lip,  oral cavity and pharynx ",124,Canada,1,1,2022,2.75307091,6.02623471,0.3284785764,1162
1,"Lip,  oral cavity and pharynx ",124,Canada,2,0,2007,4.243741936,7.11083087,0.4809533718,867
1,"Lip,  oral cavity and pharynx ",124,Canada,2,0,2008,4.024752826,6.882064756,0.4395046282,849
1,"Lip,  oral cavity and pharynx ",124,Canada,2,0,2009,4.287475391,7.304216367,0.4917480348,912
1,"Lip,  oral cavity and pharynx ",124,Canada,2,0,2010,3.967877063,6.888129112,0.4406398493,871
1,"Lip,  oral cavity and pharynx ",124,Canada,2,0,2011,4.236976606,7.246552038,0.4869861958,926
1,"Lip,  oral cavity and pharynx ",124,Canada,2,0,2012,3.897718196,6.998277264,0.4413949668,905
1,"Lip,  oral cavity and pharynx ",124,Canada,2,0,2013,4.480933227,7.997435932,0.5160994601,1047
1,"Lip,  oral cavity and pharynx ",124,Canada,2,0,2014,4.561835651,8.352049368,0.4976654193,1107
1,"Lip,  oral cavity and pharynx ",124,Canada,2,0,2015,4.302632935,7.946954713,0.4874756286,1063
1,"Lip,  oral cavity and pharynx ",124,Canada,2,0,2016,4.353884165,8.284687537,0.47912215,1123
1,"Lip,  oral cavity and pharynx ",124,Canada,2,0,2017,4.69733911,8.671928705,0.5286820439,1191
1,"Lip,  oral cavity and pharynx ",124,Canada,2,1,2007,1.010446385,2.030504041,0.1165966894,339
1,"Lip,  oral cavity and pharynx ",124,Canada,2,1,2008,1.043622321,2.109438436,0.1191145244,356
1,"Lip,  oral cavity and pharynx ",124,Canada,2,1,2009,0.9472403261,2.01557028,0.1063468426,344
1,"Lip,  oral cavity and pharynx ",124,Canada,2,1,2010,1.036713442,2.312522457,0.1121185435,399
1,"Lip,  oral cavity and pharynx ",124,Canada,2,1,2011,0.8410416169,1.967652087,0.09017733105,343
1,"Lip,  oral cavity and pharynx ",124,Canada,2,1,2012,0.8726683275,1.902264868,0.09599677563,335
1,"Lip,  oral cavity and pharynx ",124,Canada,2,1,2013,1.0116637,2.310176688,0.1044866085,411
1,"Lip,  oral cavity and pharynx ",124,Canada,2,1,2014,0.9887056658,2.338606111,0.1074424131,420
1,"Lip,  oral cavity and pharynx ",124,Canada,2,1,2015,0.9749724009,2.322813279,0.1064287081,421
1,"Lip,  oral cavity and pharynx ",124,Canada,2,1,2016,1.127242702,2.707321835,0.1251673246,496
1,"Lip,  oral cavity and pharynx ",124,Canada,2,1,2017,0.9467538363,2.351049869,0.1042730836,436
1,"Lip,  oral cavity and pharynx ",124,Canada,2,1,2018,1.048482656,2.513301863,0.1099390228,472
1,"Lip,  oral cavity and pharynx ",124,Canada,2,1,2019,0.8788174333,2.19280821,0.09504784401,417
1,"Lip,  oral cavity and pharynx ",124,Canada,2,1,2020,1.020126028,2.582330864,0.1126661451,496
1,"Lip,  oral cavity and pharynx ",124,Canada,2,1,2021,0.951696157,2.506631008,0.1095766266,485
1,"Lip,  oral cavity and pharynx ",124,Canada,2,1,2022,0.9161924544,2.456637344,0.1072955558,480
1,"Lip,  oral cavity and pharynx ",152,Chile,1,0,2007,2.458450062,2.662009924,0.2718106666,5
1,"Lip,  oral cavity and pharynx ",152,Chile,1,0,2008,1.330576688,1.593837163,0.1297279602,3
1,"Lip,  oral cavity and pharynx ",152,Chile,1,0,2009,1.501500555,1.588595999,0.1912508064,3
1,"Lip,  oral cavity and pharynx ",152,Chile,1,0,2010,1.128583894,1.583205358,0.04111334893,3
1,"Lip,  oral cavity and pharynx ",152,Chile,1,0,2011,2.123354661,2.634310311,0.2472521584,5
1,"Lip,  oral cavity and pharynx ",152,Chile,1,0,2012,1.278786286,1.577652033,0.1597205964,3
1,"Lip,  oral cavity and pharynx ",152,Chile,1,0,2013,2.050289885,3.122918055,0.2199982505,6
1,"Lip,  oral cavity and pharynx ",152,Chile,1,0,2014,1.183873219,1.554122309,0.1320687031,3
1,"Lip,  oral cavity and pharynx ",152,Chile,1,0,2015,1.229292218,2.062940309,0.07225433212,4
1,"Lip,  oral cavity and pharynx ",152,Chile,1,0,2016,3.99966687,5.645049548,0.343750106,11
1,"Lip,  oral cavity and pharynx ",152,Chile,1,0,2017,2.350650405,3.064147937,0.3203311756,6
1,"Lip,  oral cavity and pharynx ",152,Chile,1,1,2007,1.580444674,1.773294011,0.2015117698,147
1,"Lip,  oral cavity and pharynx ",152,Chile,1,1,2008,1.4565731,1.684025566,0.1699591044,141
1,"Lip,  oral cavity and pharynx ",152,Chile,1,1,2009,1.294729692,1.572505974,0.1490796429,133
1,"Lip,  oral cavity and pharynx ",152,Chile,1,1,2010,1.385905507,1.650396991,0.1716607966,141
1,"Lip,  oral cavity and pharynx ",152,Chile,1,1,2011,1.462738138,1.854331161,0.1735448727,160
1,"Lip,  oral cavity and pharynx ",152,Chile,1,1,2012,1.534155581,2.054576791,0.1746399491,179
1,"Lip,  oral cavity and pharynx ",152,Chile,1,1,2013,1.710899268,2.228185397,0.2099617428,196
1,"Lip,  oral cavity and pharynx ",152,Chile,1,1,2014,1.244765882,1.699480713,0.1456134197,151
1,"Lip,  oral cavity and pharynx ",152,Chile,1,1,2015,1.243576962,1.76015837,0.1507364049,158
1,"Lip,  oral cavity and pharynx ",152,Chile,1,1,2016,1.451772095,2.058181829,0.1733196048,187
1,"Lip,  oral cavity and pharynx ",152,Chile,1,1,2017,1.056805974,1.603294119,0.1220905885,148
1,"Lip,  oral cavity and pharynx ",152,Chile,1,1,2018,1.409156506,2.106914302,0.1532726504,198
1,"Lip,  oral cavity and pharynx ",152,Chile,1,1,2019,1.217033442,1.811678151,0.1411329317,173
1,"Lip,  oral cavity and pharynx ",152,Chile,1,1,2020,1.223544467,1.94119558,0.1382573454,187
1,"Lip,  oral cavity and pharynx ",152,Chile,1,1,2021,1.418871349,2.243504615,0.1614267235,217
1,"Lip,  oral cavity and pharynx ",152,Chile,2,0,2007,2.388239369,3.726992477,0.2107092466,7
1,"Lip,  oral cavity and pharynx ",152,Chile,2,0,2008,1.148949846,1.59168926,0.09330620132,3
1,"Lip,  oral cavity and pharynx ",152,Chile,2,0,2009,0.6049849173,1.056261784,0.09399378949,2
1,"Lip,  oral cavity and pharynx ",152,Chile,2,0,2010,1.641681865,2.102828304,0.2226775147,4
1,"Lip,  oral cavity and pharynx ",152,Chile,2,0,2011,0.4222081486,1.047646985,0,2
1,"Lip,  oral cavity and pharynx ",152,Chile,2,0,2012,0.3959455179,0.5220187509,0.03958671418,1
1,"Lip,  oral cavity and pharynx ",152,Chile,2,0,2013,0.6234478049,1.013864598,0.06864831199,2
1,"Lip,  oral cavity and pharynx ",152,Chile,2,0,2014,0.9955140306,1.510528383,0.1040458026,3
1,"Lip,  oral cavity and pharynx ",152,Chile,2,0,2015,1.183678731,1.50080293,0.1282373552,3
1,"Lip,  oral cavity and pharynx ",152,Chile,2,0,2016,0.5803863636,1.490357388,0.07701193304,3
1,"Lip,  oral cavity and pharynx ",152,Chile,2,0,2017,1.412514046,2.466942964,0.1701161215,5
1,"Lip,  oral cavity and pharynx ",152,Chile,2,1,2007,0.4465594918,0.6800348798,0.04552791665,57
1,"Lip,  oral cavity and pharynx ",152,Chile,2,1,2008,0.4571108812,0.6968893399,0.04698692435,59
1,"Lip,  oral cavity and pharynx ",152,Chile,2,1,2009,0.4831816142,0.7834522719,0.04575737373,67
1,"Lip,  oral cavity and pharynx ",152,Chile,2,1,2010,0.436028084,0.6714466724,0.04481749845,58
1,"Lip,  oral cavity and pharynx ",152,Chile,2,1,2011,0.5599689022,0.9514674236,0.05740761152,83
1,"Lip,  oral cavity and pharynx ",152,Chile,2,1,2012,0.5663118324,1.021930341,0.05705939967,90
1,"Lip,  oral cavity and pharynx ",152,Chile,2,1,2013,0.5214745338,0.8885778491,0.05313413039,79
1,"Lip,  oral cavity and pharynx ",152,Chile,2,1,2014,0.4100412419,0.7684487848,0.04442382433,69
1,"Lip,  oral cavity and pharynx ",152,Chile,2,1,2015,0.5332890027,0.9921553036,0.05118918024,90
1,"Lip,  oral cavity and pharynx ",152,Chile,2,1,2016,0.623912081,1.100034226,0.05843928221,101
1,"Lip,  oral cavity and pharynx ",152,Chile,2,1,2017,0.533929508,1.050614703,0.05156216372,98
1,"Lip,  oral cavity and pharynx ",152,Chile,2,1,2018,0.4876043262,0.9583424845,0.04816332695,91
1,"Lip,  oral cavity and pharynx ",152,Chile,2,1,2019,0.4700657814,0.9431433299,0.04321146205,91
1,"Lip,  oral cavity and pharynx ",152,Chile,2,1,2020,0.5107006862,0.965351531,0.05257794946,94
1,"Lip,  oral cavity and pharynx ",152,Chile,2,1,2021,0.5302056076,1.165171551,0.0473537021,114
1,"Lip,  oral cavity and pharynx ",156,China,1,0,2007,8.95656865,13.95291962,0.9534448409,631
1,"Lip,  oral cavity and pharynx ",156,China,1,0,2008,8.504899842,13.81173348,0.9233047185,625
1,"Lip,  oral cavity and pharynx ",156,China,1,0,2009,9.437603642,15.51704407,1.02055325,701
1,"Lip,  oral cavity and pharynx ",156,China,1,0,2010,10.26855686,16.87437692,1.066760728,760
1,"Lip,  oral cavity and pharynx ",156,China,1,0,2011,10.07086426,16.79928323,1.082840737,756
1,"Lip,  oral cavity and pharynx ",156,China,1,0,2012,10.11328065,17.45367725,1.083627401,786
1,"Lip,  oral cavity and pharynx ",156,China,1,0,2013,10.23435768,17.59069717,1.059370244,791
1,"Lip,  oral cavity and pharynx ",156,China,1,0,2014,9.594830591,16.49857396,1.02290885,739
1,"Lip,  oral cavity and pharynx ",156,China,1,0,2015,10.32486804,18.24145645,1.077022772,815
1,"Lip,  oral cavity and pharynx ",156,China,1,0,2016,10.46169517,18.57942064,1.100865318,829
1,"Lip,  oral cavity and pharynx ",156,China,1,0,2017,10.05823584,18.42417948,1.111846554,826
1,"Lip,  oral cavity and pharynx ",156,China,2,0,2007,3.732916876,6.116504509,0.4016916447,275
1,"Lip,  oral cavity and pharynx ",156,China,2,0,2008,3.902834932,6.592663648,0.4119860012,298
1,"Lip,  oral cavity and pharynx ",156,China,2,0,2009,3.745463258,6.258400084,0.400464345,284
1,"Lip,  oral cavity and pharynx ",156,China,2,0,2010,3.842570677,6.640659244,0.4032858161,303
1,"Lip,  oral cavity and pharynx ",156,China,2,0,2011,3.488451368,6.552505995,0.3584896296,300
1,"Lip,  oral cavity and pharynx ",156,China,2,0,2012,3.411589389,6.099249161,0.3594315766,280
1,"Lip,  oral cavity and pharynx ",156,China,2,0,2013,3.25077487,6.02190146,0.3404289754,277
1,"Lip,  oral cavity and pharynx ",156,China,2,0,2014,4.083683943,7.393575461,0.4122967058,340
1,"Lip,  oral cavity and pharynx ",156,China,2,0,2015,4.146427007,7.476624139,0.435214943,344
1,"Lip,  oral cavity and pharynx ",156,China,2,0,2016,3.57663128,7.039952163,0.3569571796,324
1,"Lip,  oral cavity and pharynx ",156,China,2,0,2017,3.989960404,6.983371171,0.4122909815,324
1,"Lip,  oral cavity and pharynx ",170,Colombia,1,0,2007,5.185776818,4.808396101,0.6491683957,90
1,"Lip,  oral cavity and pharynx ",170,Colombia,1,0,2008,4.3652581,4.092271926,0.4999189275,79
1,"Lip,  oral cavity and pharynx ",170,Colombia,1,0,2009,4.26672217,4.050413809,0.5421990599,79
1,"Lip,  oral cavity and pharynx ",170,Colombia,1,0,2010,3.946423644,3.753123588,0.433263138,74
1,"Lip,  oral cavity and pharynx ",170,Colombia,1,0,2011,5.197086777,5.168702952,0.5622521987,103
1,"Lip,  oral cavity and pharynx ",170,Colombia,1,0,2012,4.459556438,4.615712182,0.4646876066,93
1,"Lip,  oral cavity and pharynx ",170,Colombia,1,0,2013,5.145986852,5.455001691,0.5186313469,110
1,"Lip,  oral cavity and pharynx ",170,Colombia,1,0,2014,5.009117436,5.395280307,0.5340611988,110
1,"Lip,  oral cavity and pharynx ",170,Colombia,1,0,2015,4.896276841,5.239607747,0.5878218849,108
1,"Lip,  oral cavity and pharynx ",170,Colombia,1,0,2016,4.718290858,5.277072702,0.5667046959,110
1,"Lip,  oral cavity and pharynx ",170,Colombia,1,0,2017,5.167907053,5.784932338,0.6073153085,122
1,"Lip,  oral cavity and pharynx ",170,Colombia,1,1,2007,1.918356207,1.391425406,0.1999774978,298
1,"Lip,  oral cavity and pharynx ",170,Colombia,1,1,2008,1.894403863,1.444391571,0.1843302912,313
1,"Lip,  oral cavity and pharynx ",170,Colombia,1,1,2009,1.866301208,1.437157254,0.1718984191,315
1,"Lip,  oral cavity and pharynx ",170,Colombia,1,1,2010,1.427480939,1.168591131,0.1566409326,259
1,"Lip,  oral cavity and pharynx ",170,Colombia,1,1,2011,1.756577907,1.460030135,0.1837607181,327
1,"Lip,  oral cavity and pharynx ",170,Colombia,1,1,2012,1.661995588,1.467924858,0.1724876274,332
1,"Lip,  oral cavity and pharynx ",170,Colombia,1,1,2013,1.711245214,1.537651736,0.175661915,351
1,"Lip,  oral cavity and pharynx ",170,Colombia,1,1,2014,1.692522294,1.576449255,0.1772050156,363
1,"Lip,  oral cavity and pharynx ",170,Colombia,1,1,2015,1.74120976,1.683779856,0.1764314409,391
1,"Lip,  oral cavity and pharynx ",170,Colombia,1,1,2016,1.706960918,1.680263223,0.1668730859,394
1,"Lip,  oral cavity and pharynx ",170,Colombia,1,1,2017,1.596304366,1.652019253,0.1612606854,393
1,"Lip,  oral cavity and pharynx ",170,Colombia,1,1,2018,1.622932832,1.696305233,0.1645078887,411
1,"Lip,  oral cavity and pharynx ",170,Colombia,1,1,2019,1.839184277,1.97047978,0.1736528932,486
1,"Lip,  oral cavity and pharynx ",170,Colombia,1,1,2020,1.833692449,2.002950414,0.1848071366,501
1,"Lip,  oral cavity and pharynx ",170,Colombia,1,1,2021,1.809899075,1.998158529,0.1826766204,505
1,"Lip,  oral cavity and pharynx ",170,Colombia,2,0,2007,2.880885319,3.227884295,0.3363298646,67
1,"Lip,  oral cavity and pharynx ",170,Colombia,2,0,2008,3.138476671,3.469741713,0.3657531381,73
1,"Lip,  oral cavity and pharynx ",170,Colombia,2,0,2009,2.873733239,3.248777236,0.3334150675,69
1,"Lip,  oral cavity and pharynx ",170,Colombia,2,0,2010,3.003773796,3.63313362,0.2980006344,78
1,"Lip,  oral cavity and pharynx ",170,Colombia,2,0,2011,2.144056709,2.582831641,0.227633438,56
1,"Lip,  oral cavity and pharynx ",170,Colombia,2,0,2012,2.270473132,2.820516437,0.2631862815,62
1,"Lip,  oral cavity and pharynx ",170,Colombia,2,0,2013,2.355600753,3.172478118,0.2256177933,70
1,"Lip,  oral cavity and pharynx ",170,Colombia,2,0,2014,3.372499105,4.124519236,0.359090785,92
1,"Lip,  oral cavity and pharynx ",170,Colombia,2,0,2015,2.961956863,3.813689727,0.3678702385,86
1,"Lip,  oral cavity and pharynx ",170,Colombia,2,0,2016,3.250097481,4.559103961,0.3324756091,104
1,"Lip,  oral cavity and pharynx ",170,Colombia,2,0,2017,2.504039378,3.37920386,0.2622243808,78
1,"Lip,  oral cavity and pharynx ",170,Colombia,2,1,2007,1.085070806,1.026652306,0.101777803,224
1,"Lip,  oral cavity and pharynx ",170,Colombia,2,1,2008,1.030112883,0.9642902714,0.1172559041,213
1,"Lip,  oral cavity and pharynx ",170,Colombia,2,1,2009,0.9268760214,0.9036708766,0.09738146141,202
1,"Lip,  oral cavity and pharynx ",170,Colombia,2,1,2010,0.7691206837,0.7959713766,0.07088754898,180
1,"Lip,  oral cavity and pharynx ",170,Colombia,2,1,2011,0.9714473177,1.036617711,0.09289072662,237
1,"Lip,  oral cavity and pharynx ",170,Colombia,2,1,2012,0.7844782362,0.8528563664,0.07897965653,197
1,"Lip,  oral cavity and pharynx ",170,Colombia,2,1,2013,0.7873202405,0.8789015566,0.07920050817,205
1,"Lip,  oral cavity and pharynx ",170,Colombia,2,1,2014,0.937905971,1.096053475,0.08756272056,258
1,"Lip,  oral cavity and pharynx ",170,Colombia,2,1,2015,0.9705765325,1.166395473,0.08985633224,277
1,"Lip,  oral cavity and pharynx ",170,Colombia,2,1,2016,0.9444173591,1.167211122,0.09179431952,280
1,"Lip,  oral cavity and pharynx ",170,Colombia,2,1,2017,0.9405788278,1.195464187,0.08192455308,291
1,"Lip,  oral cavity and pharynx ",170,Colombia,2,1,2018,0.9365114969,1.217971017,0.08361173825,302
1,"Lip,  oral cavity and pharynx ",170,Colombia,2,1,2019,0.9445595278,1.255746874,0.08137951032,317
1,"Lip,  oral cavity and pharynx ",170,Colombia,2,1,2020,1.06690612,1.440455493,0.09459297582,369
1,"Lip,  oral cavity and pharynx ",170,Colombia,2,1,2021,0.9599237005,1.323562714,0.08994322689,343
1,"Lip,  oral cavity and pharynx ",188,Costa Rica,1,0,2007,4.907836202,4.309690789,0.5784117038,96
1,"Lip,  oral cavity and pharynx ",188,Costa Rica,1,0,2008,4.448600124,4.117777286,0.4624112454,93
1,"Lip,  oral cavity and pharynx ",188,Costa Rica,1,0,2009,3.91193415,3.672283658,0.4106990772,84
1,"Lip,  oral cavity and pharynx ",188,Costa Rica,1,0,2010,3.674912614,3.499988982,0.4128876341,81
1,"Lip,  oral cavity and pharynx ",188,Costa Rica,1,0,2011,4.107915541,3.888930437,0.4633844192,91
1,"Lip,  oral cavity and pharynx ",188,Costa Rica,1,0,2012,3.454184865,3.42433178,0.411650196,81
1,"Lip,  oral cavity and pharynx ",188,Costa Rica,1,0,2013,3.259631705,3.276143626,0.3640457595,78
1,"Lip,  oral cavity and pharynx ",188,Costa Rica,1,0,2014,3.774802507,3.899897109,0.4165121177,94
1,"Lip,  oral cavity and pharynx ",188,Costa Rica,1,0,2015,3.649013377,3.812516039,0.4063288675,93
1,"Lip,  oral cavity and pharynx ",188,Costa Rica,1,0,2016,3.96044308,4.173710648,0.4159417147,103
1,"Lip,  oral cavity and pharynx ",188,Costa Rica,1,1,2007,2.845835804,2.48723679,0.3474314201,54
1,"Lip,  oral cavity and pharynx ",188,Costa Rica,1,1,2008,2.750386992,2.727047126,0.2099060688,60
1,"Lip,  oral cavity and pharynx ",188,Costa Rica,1,1,2009,2.176803125,2.063438163,0.2409049375,46
1,"Lip,  oral cavity and pharynx ",188,Costa Rica,1,1,2010,1.952076858,2.038385005,0.1657882972,46
1,"Lip,  oral cavity and pharynx ",188,Costa Rica,1,1,2011,2.007745852,2.05863203,0.1931301414,47
1,"Lip,  oral cavity and pharynx ",188,Costa Rica,1,1,2012,2.092721518,2.337900682,0.1815983729,54
1,"Lip,  oral cavity and pharynx ",188,Costa Rica,1,1,2013,2.27017728,2.483308846,0.2439987943,58
1,"Lip,  oral cavity and pharynx ",188,Costa Rica,1,1,2014,2.715963504,3.049871757,0.3093189303,72
1,"Lip,  oral cavity and pharynx ",188,Costa Rica,1,1,2015,2.430029332,2.724494695,0.2732175586,65
1,"Lip,  oral cavity and pharynx ",188,Costa Rica,1,1,2016,1.631210528,1.950433671,0.1691099255,47
1,"Lip,  oral cavity and pharynx ",188,Costa Rica,1,1,2017,2.373394486,2.754547419,0.276294557,67
1,"Lip,  oral cavity and pharynx ",188,Costa Rica,1,1,2018,1.875169185,2.322668347,0.2118346309,57
1,"Lip,  oral cavity and pharynx ",188,Costa Rica,1,1,2019,2.103749894,2.586591715,0.2552180564,64
1,"Lip,  oral cavity and pharynx ",188,Costa Rica,1,1,2020,2.463450725,3.171656472,0.2648253132,79
1,"Lip,  oral cavity and pharynx ",188,Costa Rica,1,1,2021,1.936450126,2.557596371,0.2312111882,64
1,"Lip,  oral cavity and pharynx ",188,Costa Rica,1,1,2022,2.363302891,3.184663298,0.237930478,80
1,"Lip,  oral cavity and pharynx ",188,Costa Rica,2,0,2007,2.366930565,2.313100336,0.23711902,50
1,"Lip,  oral cavity and pharynx ",188,Costa Rica,2,0,2008,1.684276113,1.733019262,0.1891219424,38
1,"Lip,  oral cavity and pharynx ",188,Costa Rica,2,0,2009,1.808887646,1.890286851,0.1855534751,42
1,"Lip,  oral cavity and pharynx ",188,Costa Rica,2,0,2010,1.94616753,2.17850782,0.180270213,49
1,"Lip,  oral cavity and pharynx ",188,Costa Rica,2,0,2011,2.517600965,2.592787743,0.2869291218,59
1,"Lip,  oral cavity and pharynx ",188,Costa Rica,2,0,2012,1.403854236,1.433740965,0.1719149043,33
1,"Lip,  oral cavity and pharynx ",188,Costa Rica,2,0,2013,2.417430626,2.744050021,0.231216711,64
1,"Lip,  oral cavity and pharynx ",188,Costa Rica,2,0,2014,2.449457343,2.793286632,0.2538360273,66
1,"Lip,  oral cavity and pharynx ",188,Costa Rica,2,0,2015,2.069441384,2.423836172,0.221352045,58
1,"Lip,  oral cavity and pharynx ",188,Costa Rica,2,0,2016,1.738453844,1.940102033,0.2282443592,47
1,"Lip,  oral cavity and pharynx ",188,Costa Rica,2,1,2007,0.553170145,0.5884580295,0.05304930357,13
1,"Lip,  oral cavity and pharynx ",188,Costa Rica,2,1,2008,0.6558366152,0.758971433,0.0829196731,17
1,"Lip,  oral cavity and pharynx ",188,Costa Rica,2,1,2009,0.5621612908,0.616603729,0.07029712269,14
1,"Lip,  oral cavity and pharynx ",188,Costa Rica,2,1,2010,0.2487588416,0.3479359893,0.0186346634,8
1,"Lip,  oral cavity and pharynx ",188,Costa Rica,2,1,2011,0.6768371879,0.8595630798,0.05405789557,20
1,"Lip,  oral cavity and pharynx ",188,Costa Rica,2,1,2012,0.7944881694,0.9769901821,0.07630444753,23
1,"Lip,  oral cavity and pharynx ",188,Costa Rica,2,1,2013,0.6354322276,0.7561266739,0.07126008089,18
1,"Lip,  oral cavity and pharynx ",188,Costa Rica,2,1,2014,0.5376625655,0.7895729823,0.04737224982,19
1,"Lip,  oral cavity and pharynx ",188,Costa Rica,2,1,2015,1.053582518,1.315640707,0.118585231,32
1,"Lip,  oral cavity and pharynx ",188,Costa Rica,2,1,2016,0.592527446,0.8952999601,0.04650870268,22
1,"Lip,  oral cavity and pharynx ",188,Costa Rica,2,1,2017,0.6139483154,0.8464890155,0.05506439861,21
1,"Lip,  oral cavity and pharynx ",188,Costa Rica,2,1,2018,0.6914189543,0.9585644539,0.06276716927,24
1,"Lip,  oral cavity and pharynx ",188,Costa Rica,2,1,2019,0.7532798465,1.108798913,0.06811371318,28
1,"Lip,  oral cavity and pharynx ",188,Costa Rica,2,1,2020,0.8501283703,1.493999626,0.06102850496,38
1,"Lip,  oral cavity and pharynx ",188,Costa Rica,2,1,2021,0.7859935273,1.172957236,0.07270769377,30
1,"Lip,  oral cavity and pharynx ",188,Costa Rica,2,1,2022,0.5744611142,1.050696086,0.05260345499,27
1,"Lip,  oral cavity and pharynx ",191,Croatia,1,0,2007,17.02298699,27.09841279,2.100283971,577
1,"Lip,  oral cavity and pharynx ",191,Croatia,1,0,2008,15.40303275,24.84349537,1.869145937,529
1,"Lip,  oral cavity and pharynx ",191,Croatia,1,0,2009,16.27026863,26.50946491,1.938113031,564
1,"Lip,  oral cavity and pharynx ",191,Croatia,1,0,2010,15.64132138,25.43417071,1.824739296,540
1,"Lip,  oral cavity and pharynx ",191,Croatia,1,0,2011,15.07813467,25.14152401,1.753319006,519
1,"Lip,  oral cavity and pharynx ",191,Croatia,1,0,2012,15.28157716,25.84153794,1.772295984,532
1,"Lip,  oral cavity and pharynx ",191,Croatia,1,0,2013,14.90866588,25.57764883,1.80251298,526
1,"Lip,  oral cavity and pharynx ",191,Croatia,1,0,2014,14.1841792,25.12506428,1.740129487,515
1,"Lip,  oral cavity and pharynx ",191,Croatia,1,0,2015,13.82438894,24.81336038,1.661203924,506
1,"Lip,  oral cavity and pharynx ",191,Croatia,1,0,2016,13.84395768,25.11362929,1.66428837,508
1,"Lip,  oral cavity and pharynx ",191,Croatia,1,0,2017,13.51239788,24.98481462,1.652912154,501
1,"Lip,  oral cavity and pharynx ",191,Croatia,1,1,2007,9.36575391,15.36652165,1.111550376,319
1,"Lip,  oral cavity and pharynx ",191,Croatia,1,1,2008,10.40070169,17.14823007,1.283402238,356
1,"Lip,  oral cavity and pharynx ",191,Croatia,1,1,2009,9.288965332,15.61657642,1.125130976,324
1,"Lip,  oral cavity and pharynx ",191,Croatia,1,1,2010,7.307677174,12.36307353,0.8940681137,256
1,"Lip,  oral cavity and pharynx ",191,Croatia,1,1,2011,8.987372343,15.48176185,1.072368711,319
1,"Lip,  oral cavity and pharynx ",191,Croatia,1,1,2012,7.903796972,14.39088974,0.9568101601,295
1,"Lip,  oral cavity and pharynx ",191,Croatia,1,1,2013,7.674885016,13.26947988,0.9470799031,271
1,"Lip,  oral cavity and pharynx ",191,Croatia,1,1,2014,8.226595575,15.11064363,0.9950915495,307
1,"Lip,  oral cavity and pharynx ",191,Croatia,1,1,2015,7.369677019,13.59966507,0.9065970525,274
1,"Lip,  oral cavity and pharynx ",191,Croatia,1,1,2016,7.01048484,13.65376169,0.8589088749,272
1,"Lip,  oral cavity and pharynx ",191,Croatia,1,1,2017,7.089419597,13.84452547,0.918870249,272
1,"Lip,  oral cavity and pharynx ",191,Croatia,1,1,2018,7.802370931,15.42416983,0.9804625653,299
1,"Lip,  oral cavity and pharynx ",191,Croatia,1,1,2019,7.293883455,14.99933987,0.9193364176,288
1,"Lip,  oral cavity and pharynx ",191,Croatia,1,1,2020,7.084992784,14.1217023,0.8777062504,269
1,"Lip,  oral cavity and pharynx ",191,Croatia,1,1,2021,7.111875816,15.01787338,0.8930116824,284
1,"Lip,  oral cavity and pharynx ",191,Croatia,2,0,2007,3.159141985,5.77051703,0.3464730455,132
1,"Lip,  oral cavity and pharynx ",191,Croatia,2,0,2008,3.04306066,5.993055929,0.343480601,137
1,"Lip,  oral cavity and pharynx ",191,Croatia,2,0,2009,3.051923595,5.958788841,0.3367883237,136
1,"Lip,  oral cavity and pharynx ",191,Croatia,2,0,2010,3.35669326,6.41627096,0.3614126856,146
1,"Lip,  oral cavity and pharynx ",191,Croatia,2,0,2011,2.797528398,5.955850902,0.3074268159,132
1,"Lip,  oral cavity and pharynx ",191,Croatia,2,0,2012,2.786649255,5.79485227,0.3022204183,128
1,"Lip,  oral cavity and pharynx ",191,Croatia,2,0,2013,3.209817024,6.573751599,0.3614358036,145
1,"Lip,  oral cavity and pharynx ",191,Croatia,2,0,2014,2.750856398,6.280889574,0.3111410199,138
1,"Lip,  oral cavity and pharynx ",191,Croatia,2,0,2015,3.608231752,7.501693599,0.4118903488,164
1,"Lip,  oral cavity and pharynx ",191,Croatia,2,0,2016,3.233235944,7.149621278,0.3699101921,155
1,"Lip,  oral cavity and pharynx ",191,Croatia,2,0,2017,2.957638436,6.793680574,0.3279621762,146
1,"Lip,  oral cavity and pharynx ",191,Croatia,2,1,2007,0.884915258,1.964274314,0.09787178217,44
1,"Lip,  oral cavity and pharynx ",191,Croatia,2,1,2008,0.8990943092,2.010171917,0.09958522516,45
1,"Lip,  oral cavity and pharynx ",191,Croatia,2,1,2009,0.9965105879,2.370503423,0.1029710984,53
1,"Lip,  oral cavity and pharynx ",191,Croatia,2,1,2010,1.447055274,3.138361856,0.1618969223,70
1,"Lip,  oral cavity and pharynx ",191,Croatia,2,1,2011,1.294769929,3.017562665,0.134303733,67
1,"Lip,  oral cavity and pharynx ",191,Croatia,2,1,2012,1.011887647,2.444181569,0.1156442143,54
1,"Lip,  oral cavity and pharynx ",191,Croatia,2,1,2013,0.6256881201,1.818085129,0.06628868023,40
1,"Lip,  oral cavity and pharynx ",191,Croatia,2,1,2014,1.184063574,3.1081473,0.1459170628,68
1,"Lip,  oral cavity and pharynx ",191,Croatia,2,1,2015,1.429078078,3.135124319,0.1605411571,68
1,"Lip,  oral cavity and pharynx ",191,Croatia,2,1,2016,1.143720614,2.984631248,0.1229237327,64
1,"Lip,  oral cavity and pharynx ",191,Croatia,2,1,2017,0.9405119593,2.506473678,0.1170709441,53
1,"Lip,  oral cavity and pharynx ",191,Croatia,2,1,2018,1.179610108,3.738582943,0.1306104045,78
1,"Lip,  oral cavity and pharynx ",191,Croatia,2,1,2019,1.291152851,3.726557774,0.1479096334,77
1,"Lip,  oral cavity and pharynx ",191,Croatia,2,1,2020,1.148808127,3.269746524,0.1230658713,67
1,"Lip,  oral cavity and pharynx ",191,Croatia,2,1,2021,1.251987931,3.49146558,0.1537749902,71
1,"Lip,  oral cavity and pharynx ",192,Cuba,1,1,2007,5.44292347,7.640852225,0.6328252967,430
1,"Lip,  oral cavity and pharynx ",192,Cuba,1,1,2008,6.122445562,8.942922552,0.6912033175,503
1,"Lip,  oral cavity and pharynx ",192,Cuba,1,1,2009,5.622995915,8.468583822,0.6508741097,476
1,"Lip,  oral cavity and pharynx ",192,Cuba,1,1,2010,6.102754316,9.3823795,0.6833283587,527
1,"Lip,  oral cavity and pharynx ",192,Cuba,1,1,2011,6.54617322,10.17139513,0.7836033157,571
1,"Lip,  oral cavity and pharynx ",192,Cuba,1,1,2012,5.741346396,9.034998054,0.6932927971,507
1,"Lip,  oral cavity and pharynx ",192,Cuba,1,1,2013,6.321508687,9.878719989,0.7793918929,554
1,"Lip,  oral cavity and pharynx ",192,Cuba,1,1,2014,6.967946143,11.30240486,0.830610254,633
1,"Lip,  oral cavity and pharynx ",192,Cuba,1,1,2015,6.649768491,10.99459325,0.7876992792,615
1,"Lip,  oral cavity and pharynx ",192,Cuba,1,1,2016,6.357522043,10.65002852,0.7955910088,595
1,"Lip,  oral cavity and pharynx ",192,Cuba,1,1,2017,6.951649506,12.10709777,0.839870095,675
1,"Lip,  oral cavity and pharynx ",192,Cuba,1,1,2018,7.031090257,12.20795085,0.8453456324,679
1,"Lip,  oral cavity and pharynx ",192,Cuba,1,1,2019,7.4470239,13.17875311,0.9157433111,731
1,"Lip,  oral cavity and pharynx ",192,Cuba,1,1,2020,6.900821823,12.4586426,0.8417912501,689
1,"Lip,  oral cavity and pharynx ",192,Cuba,1,1,2021,7.472240885,13.35111663,0.9600087475,734
1,"Lip,  oral cavity and pharynx ",192,Cuba,2,1,2007,1.617704361,2.774033912,0.1801558539,157
1,"Lip,  oral cavity and pharynx ",192,Cuba,2,1,2008,1.394084629,2.470354859,0.1592943462,140
1,"Lip,  oral cavity and pharynx ",192,Cuba,2,1,2009,1.430583945,2.696536537,0.1478161368,153
1,"Lip,  oral cavity and pharynx ",192,Cuba,2,1,2010,1.337678892,2.482177176,0.151382674,141
1,"Lip,  oral cavity and pharynx ",192,Cuba,2,1,2011,1.654875728,3.27016379,0.1664231157,186
1,"Lip,  oral cavity and pharynx ",192,Cuba,2,1,2012,1.26978429,2.424598714,0.1334148534,138
1,"Lip,  oral cavity and pharynx ",192,Cuba,2,1,2013,1.545439129,3.057913991,0.1556365407,174
1,"Lip,  oral cavity and pharynx ",192,Cuba,2,1,2014,1.520660423,3.218885536,0.1481130477,183
1,"Lip,  oral cavity and pharynx ",192,Cuba,2,1,2015,1.430663607,3.027419621,0.1564277147,172
1,"Lip,  oral cavity and pharynx ",192,Cuba,2,1,2016,1.445657228,2.905557495,0.1544898499,165
1,"Lip,  oral cavity and pharynx ",192,Cuba,2,1,2017,1.297050894,2.767696644,0.1433066527,157
1,"Lip,  oral cavity and pharynx ",192,Cuba,2,1,2018,1.134268189,2.630107119,0.1258610924,149
1,"Lip,  oral cavity and pharynx ",192,Cuba,2,1,2019,1.348690082,2.970276286,0.1558110286,168
1,"Lip,  oral cavity and pharynx ",192,Cuba,2,1,2020,1.575162036,3.807967561,0.1729595589,215
1,"Lip,  oral cavity and pharynx ",192,Cuba,2,1,2021,1.120819138,2.844696801,0.1048598676,160
1,"Lip,  oral cavity and pharynx ",196,Cyprus,1,0,2007,4.526289287,6.045345347,0.4365273286,23
1,"Lip,  oral cavity and pharynx ",196,Cyprus,1,0,2008,6.757991095,8.719603207,0.6794213945,34
1,"Lip,  oral cavity and pharynx ",196,Cyprus,1,0,2009,4.349649801,6.005930857,0.5172293117,24
1,"Lip,  oral cavity and pharynx ",196,Cyprus,1,0,2010,4.548483114,6.605375308,0.4745919392,27
1,"Lip,  oral cavity and pharynx ",196,Cyprus,1,0,2011,4.780063628,6.921356681,0.524662206,29
1,"Lip,  oral cavity and pharynx ",196,Cyprus,1,0,2012,5.102431077,7.600228007,0.5097274976,32
1,"Lip,  oral cavity and pharynx ",196,Cyprus,1,0,2013,3.989271004,5.725423025,0.4409073777,24
1,"Lip,  oral cavity and pharynx ",196,Cyprus,1,0,2014,5.513683756,8.446618577,0.6690135123,35
1,"Lip,  oral cavity and pharynx ",196,Cyprus,1,0,2015,5.562703558,8.293653891,0.6817820763,34
1,"Lip,  oral cavity and pharynx ",196,Cyprus,1,0,2016,5.970220043,9.186954525,0.7000990856,38
1,"Lip,  oral cavity and pharynx ",196,Cyprus,1,0,2017,5.776586236,9.015250007,0.6508594453,38
1,"Lip,  oral cavity and pharynx ",196,Cyprus,1,1,2007,1.41511214,2.114416355,0.1697850077,8
1,"Lip,  oral cavity and pharynx ",196,Cyprus,1,1,2008,0.8309442346,1.290212704,0.1047590048,5
1,"Lip,  oral cavity and pharynx ",196,Cyprus,1,1,2009,1.461051069,2.013982071,0.2282543926,8
1,"Lip,  oral cavity and pharynx ",196,Cyprus,1,1,2010,1.137753638,1.721056138,0.1471320158,7
1,"Lip,  oral cavity and pharynx ",196,Cyprus,1,1,2011,1.597236599,2.421014405,0.1855914079,10
1,"Lip,  oral cavity and pharynx ",196,Cyprus,1,1,2012,1.785538573,2.618985262,0.2753432786,11
1,"Lip,  oral cavity and pharynx ",196,Cyprus,1,1,2013,1.13309568,1.908474342,0.1483230102,8
1,"Lip,  oral cavity and pharynx ",196,Cyprus,1,1,2014,0.9789544816,1.447991756,0.1011149646,6
1,"Lip,  oral cavity and pharynx ",196,Cyprus,1,1,2015,1.813967345,2.927171962,0.2312910553,12
1,"Lip,  oral cavity and pharynx ",196,Cyprus,1,1,2016,1.855957528,3.384667456,0.2002375521,14
1,"Lip,  oral cavity and pharynx ",196,Cyprus,1,1,2017,0.7947002387,1.660703949,0.09771178611,7
1,"Lip,  oral cavity and pharynx ",196,Cyprus,1,1,2018,0.9200344731,2.337371532,0.08103184132,10
1,"Lip,  oral cavity and pharynx ",196,Cyprus,1,1,2019,1.96219959,3.709998678,0.1882899482,16
1,"Lip,  oral cavity and pharynx ",196,Cyprus,1,1,2020,2.716940032,4.569861762,0.3154219221,20
1,"Lip,  oral cavity and pharynx ",196,Cyprus,1,1,2021,1.52381803,2.720576399,0.139320075,12
1,"Lip,  oral cavity and pharynx ",196,Cyprus,1,1,2022,1.970710859,4.006891854,0.1851406355,18
1,"Lip,  oral cavity and pharynx ",196,Cyprus,2,0,2007,2.021586265,3.031259867,0.2153249971,12
1,"Lip,  oral cavity and pharynx ",196,Cyprus,2,0,2008,2.254391447,3.685467465,0.23758025,15
1,"Lip,  oral cavity and pharynx ",196,Cyprus,2,0,2009,3.268006412,5.00554185,0.3054898376,21
1,"Lip,  oral cavity and pharynx ",196,Cyprus,2,0,2010,2.29521123,3.944379607,0.2425473232,17
1,"Lip,  oral cavity and pharynx ",196,Cyprus,2,0,2011,1.774461444,3.160142477,0.1594703117,14
1,"Lip,  oral cavity and pharynx ",196,Cyprus,2,0,2012,2.002081541,3.147213143,0.1905970772,14
1,"Lip,  oral cavity and pharynx ",196,Cyprus,2,0,2013,2.365365616,3.387939388,0.2573027546,15
1,"Lip,  oral cavity and pharynx ",196,Cyprus,2,0,2014,2.176452984,3.646316423,0.2087702401,16
1,"Lip,  oral cavity and pharynx ",196,Cyprus,2,0,2015,3.017516033,5.540613854,0.3239918651,24
1,"Lip,  oral cavity and pharynx ",196,Cyprus,2,0,2016,2.923644099,5.043523314,0.3175455712,22
1,"Lip,  oral cavity and pharynx ",196,Cyprus,2,0,2017,3.385094684,5.646807972,0.3341389368,25
1,"Lip,  oral cavity and pharynx ",196,Cyprus,2,1,2007,0.1505230677,0.2542375036,0.03762368743,1
1,"Lip,  oral cavity and pharynx ",196,Cyprus,2,1,2008,0.2474648445,0.7432789005,0,3
1,"Lip,  oral cavity and pharynx ",196,Cyprus,2,1,2009,0.7798373927,1.443612496,0.06109504024,6
1,"Lip,  oral cavity and pharynx ",196,Cyprus,2,1,2010,0.2941697683,0.9351759417,0,4
1,"Lip,  oral cavity and pharynx ",196,Cyprus,2,1,2011,0.656215666,1.147015237,0.06690205153,5
1,"Lip,  oral cavity and pharynx ",196,Cyprus,2,1,2012,0.5187809125,1.126298622,0.04699093192,5
1,"Lip,  oral cavity and pharynx ",196,Cyprus,2,1,2013,0.6170590932,0.9034505033,0.09664072482,4
1,"Lip,  oral cavity and pharynx ",196,Cyprus,2,1,2014,0.4647320699,0.6836843293,0.06386431253,3
1,"Lip,  oral cavity and pharynx ",196,Cyprus,2,1,2015,0.6240461843,1.154294553,0.063059094,5
1,"Lip,  oral cavity and pharynx ",196,Cyprus,2,1,2016,0.766139275,1.375506358,0.0765203972,6
1,"Lip,  oral cavity and pharynx ",196,Cyprus,2,1,2017,0.5064387415,0.9034892756,0.06066243386,4
1,"Lip,  oral cavity and pharynx ",196,Cyprus,2,1,2018,0.9012899138,2.008623691,0.07700101715,9
1,"Lip,  oral cavity and pharynx ",196,Cyprus,2,1,2019,0.8578842355,1.557927067,0.1068520381,7
1,"Lip,  oral cavity and pharynx ",196,Cyprus,2,1,2020,0.6309918274,1.527193869,0.06141833594,7
1,"Lip,  oral cavity and pharynx ",196,Cyprus,2,1,2021,0.7595663558,2.372622524,0.03574865628,11
1,"Lip,  oral cavity and pharynx ",196,Cyprus,2,1,2022,0.7297711675,1.696802588,0.05508128723,8
1,"Lip,  oral cavity and pharynx ",203,Czechia,1,0,2007,12.69709608,19.4528596,1.485476326,982
1,"Lip,  oral cavity and pharynx ",203,Czechia,1,0,2008,12.64091537,19.63494645,1.474319095,1004
1,"Lip,  oral cavity and pharynx ",203,Czechia,1,0,2009,12.52853942,19.62912792,1.505635536,1011
1,"Lip,  oral cavity and pharynx ",203,Czechia,1,0,2010,12.45432044,19.60943128,1.49382763,1012
1,"Lip,  oral cavity and pharynx ",203,Czechia,1,0,2011,12.79151248,20.58991164,1.52119893,1061
1,"Lip,  oral cavity and pharynx ",203,Czechia,1,0,2012,13.22432118,21.72096294,1.630527266,1121
1,"Lip,  oral cavity and pharynx ",203,Czechia,1,0,2013,13.1626592,21.69862661,1.620245178,1120
1,"Lip,  oral cavity and pharynx ",203,Czechia,1,0,2014,13.07147844,21.76374976,1.560492215,1125
1,"Lip,  oral cavity and pharynx ",203,Czechia,1,0,2015,13.47453286,22.66303389,1.634128802,1174
1,"Lip,  oral cavity and pharynx ",203,Czechia,1,0,2016,13.1133195,22.43399399,1.595260142,1165
1,"Lip,  oral cavity and pharynx ",203,Czechia,1,0,2017,13.67269838,23.61943899,1.698177014,1230
1,"Lip,  oral cavity and pharynx ",203,Czechia,1,1,2007,6.746788818,10.36033154,0.8279355197,523
1,"Lip,  oral cavity and pharynx ",203,Czechia,1,1,2008,7.169159529,11.24511375,0.8612955113,575
1,"Lip,  oral cavity and pharynx ",203,Czechia,1,1,2009,6.305406561,9.921349521,0.7445695123,511
1,"Lip,  oral cavity and pharynx ",203,Czechia,1,1,2010,6.253149848,10.07599236,0.7463676493,520
1,"Lip,  oral cavity and pharynx ",203,Czechia,1,1,2011,6.613329322,10.78981232,0.8081122929,556
1,"Lip,  oral cavity and pharynx ",203,Czechia,1,1,2012,6.686194708,11.08331026,0.804823574,572
1,"Lip,  oral cavity and pharynx ",203,Czechia,1,1,2013,6.465430284,10.90743463,0.818364464,563
1,"Lip,  oral cavity and pharynx ",203,Czechia,1,1,2014,6.422348064,11.00762099,0.8042571035,569
1,"Lip,  oral cavity and pharynx ",203,Czechia,1,1,2015,6.120145081,10.67517695,0.7680886184,553
1,"Lip,  oral cavity and pharynx ",203,Czechia,1,1,2016,5.836310027,10.43710278,0.7165323419,542
1,"Lip,  oral cavity and pharynx ",203,Czechia,1,1,2017,5.679455137,10.23509023,0.737932117,533
1,"Lip,  oral cavity and pharynx ",203,Czechia,1,1,2018,6.262468813,11.33762353,0.7824396513,593
1,"Lip,  oral cavity and pharynx ",203,Czechia,1,1,2019,6.586631482,12.07944508,0.8167283073,635
1,"Lip,  oral cavity and pharynx ",203,Czechia,1,1,2020,6.284905358,11.60374353,0.787199871,612
1,"Lip,  oral cavity and pharynx ",203,Czechia,1,1,2021,6.034242053,11.65452509,0.7847023256,603
1,"Lip,  oral cavity and pharynx ",203,Czechia,1,1,2022,6.260235087,11.89714576,0.7813595902,628
1,"Lip,  oral cavity and pharynx ",203,Czechia,1,1,2023,5.532566348,10.86130322,0.6992935797,579
1,"Lip,  oral cavity and pharynx ",203,Czechia,2,0,2007,3.735613296,6.844136452,0.4387278658,361
1,"Lip,  oral cavity and pharynx ",203,Czechia,2,0,2008,3.536515863,6.320113762,0.4183770375,336
1,"Lip,  oral cavity and pharynx ",203,Czechia,2,0,2009,3.896300789,6.946286854,0.4429613182,371
1,"Lip,  oral cavity and pharynx ",203,Czechia,2,0,2010,3.755638423,6.814195556,0.4258285661,365
1,"Lip,  oral cavity and pharynx ",203,Czechia,2,0,2011,4.046152396,7.616498271,0.483723485,407
1,"Lip,  oral cavity and pharynx ",203,Czechia,2,0,2012,4.341263131,8.376379134,0.4949022549,448
1,"Lip,  oral cavity and pharynx ",203,Czechia,2,0,2013,4.466054489,8.487405923,0.5171277589,454
1,"Lip,  oral cavity and pharynx ",203,Czechia,2,0,2014,4.308510786,8.439705678,0.5180109326,452
1,"Lip,  oral cavity and pharynx ",203,Czechia,2,0,2015,4.332651674,8.465884722,0.5247093954,454
1,"Lip,  oral cavity and pharynx ",203,Czechia,2,0,2016,4.655974775,8.971995461,0.5509072111,482
1,"Lip,  oral cavity and pharynx ",203,Czechia,2,0,2017,4.676949246,9.364633755,0.5626673862,504
1,"Lip,  oral cavity and pharynx ",203,Czechia,2,1,2007,1.366822146,2.711112223,0.1569711728,143
1,"Lip,  oral cavity and pharynx ",203,Czechia,2,1,2008,1.472813784,2.821479358,0.1731283817,150
1,"Lip,  oral cavity and pharynx ",203,Czechia,2,1,2009,1.211331837,2.471455161,0.1404206371,132
1,"Lip,  oral cavity and pharynx ",203,Czechia,2,1,2010,1.424603848,2.800354338,0.1530974726,150
1,"Lip,  oral cavity and pharynx ",203,Czechia,2,1,2011,1.365444585,2.657353205,0.1569864392,142
1,"Lip,  oral cavity and pharynx ",203,Czechia,2,1,2012,1.259603779,2.804591228,0.1528647553,150
1,"Lip,  oral cavity and pharynx ",203,Czechia,2,1,2013,1.357232314,2.897682639,0.1625975743,155
1,"Lip,  oral cavity and pharynx ",203,Czechia,2,1,2014,1.404813727,2.96883452,0.1607334653,159
1,"Lip,  oral cavity and pharynx ",203,Czechia,2,1,2015,1.625115525,3.542991404,0.1812536502,190
1,"Lip,  oral cavity and pharynx ",203,Czechia,2,1,2016,1.750295501,3.983417072,0.2137027363,214
1,"Lip,  oral cavity and pharynx ",203,Czechia,2,1,2017,1.559681885,3.660382638,0.1871261788,197
1,"Lip,  oral cavity and pharynx ",203,Czechia,2,1,2018,1.470798787,3.22457676,0.1882927575,174
1,"Lip,  oral cavity and pharynx ",203,Czechia,2,1,2019,1.681392928,4.138598715,0.2046165026,224
1,"Lip,  oral cavity and pharynx ",203,Czechia,2,1,2020,1.563445649,3.520091707,0.1886399057,191
1,"Lip,  oral cavity and pharynx ",203,Czechia,2,1,2021,1.573796639,3.773305795,0.1983122163,201
1,"Lip,  oral cavity and pharynx ",203,Czechia,2,1,2022,1.921041034,4.506519675,0.2224285463,247
1,"Lip,  oral cavity and pharynx ",203,Czechia,2,1,2023,1.56548184,3.767673363,0.1924370232,209
1,"Lip,  oral cavity and pharynx ",208,Denmark,1,0,2007,12.04852048,19.27563567,1.444142452,521
1,"Lip,  oral cavity and pharynx ",208,Denmark,1,0,2008,13.29300814,21.58075541,1.600980637,587
1,"Lip,  oral cavity and pharynx ",208,Denmark,1,0,2009,12.83977014,20.90656265,1.585994858,572
1,"Lip,  oral cavity and pharynx ",208,Denmark,1,0,2010,13.53101826,22.2328555,1.647789899,611
1,"Lip,  oral cavity and pharynx ",208,Denmark,1,0,2011,14.03720758,23.33214982,1.715509864,644
1,"Lip,  oral cavity and pharynx ",208,Denmark,1,0,2012,13.9337865,23.67198709,1.729874252,656
1,"Lip,  oral cavity and pharynx ",208,Denmark,1,0,2013,13.82889134,23.93392512,1.732293074,666
1,"Lip,  oral cavity and pharynx ",208,Denmark,1,0,2014,13.55542348,23.00086253,1.64413014,644
1,"Lip,  oral cavity and pharynx ",208,Denmark,1,0,2015,13.2270465,23.66666844,1.646140044,668
1,"Lip,  oral cavity and pharynx ",208,Denmark,1,0,2016,14.42922516,25.31574457,1.79597122,721
1,"Lip,  oral cavity and pharynx ",208,Denmark,1,0,2017,13.32319381,24.10225215,1.666593589,691
1,"Lip,  oral cavity and pharynx ",208,Denmark,1,0,2018,12.83852426,23.56313463,1.621120591,679
1,"Lip,  oral cavity and pharynx ",208,Denmark,1,0,2019,12.3560639,23.39358304,1.586748119,677
1,"Lip,  oral cavity and pharynx ",208,Denmark,1,0,2020,13.8746055,25.91750021,1.819798115,751
1,"Lip,  oral cavity and pharynx ",208,Denmark,1,0,2021,14.60148645,27.34826608,1.893926894,796
1,"Lip,  oral cavity and pharynx ",208,Denmark,1,0,2022,13.56482527,25.80055761,1.776357656,758
1,"Lip,  oral cavity and pharynx ",208,Denmark,1,1,2007,4.879240336,8.244763743,0.6154783561,223
1,"Lip,  oral cavity and pharynx ",208,Denmark,1,1,2008,4.634223409,7.787256559,0.5888940092,212
1,"Lip,  oral cavity and pharynx ",208,Denmark,1,1,2009,4.226454643,7.378638294,0.5052428777,202
1,"Lip,  oral cavity and pharynx ",208,Denmark,1,1,2010,5.149415265,9.054820392,0.6195154424,249
1,"Lip,  oral cavity and pharynx ",208,Denmark,1,1,2011,4.655784231,8.43690876,0.5835561709,233
1,"Lip,  oral cavity and pharynx ",208,Denmark,1,1,2012,4.177253469,7.42923161,0.5152861862,206
1,"Lip,  oral cavity and pharynx ",208,Denmark,1,1,2013,4.646465911,8.759193788,0.572941346,244
1,"Lip,  oral cavity and pharynx ",208,Denmark,1,1,2014,4.886284511,8.994439509,0.6291335655,252
1,"Lip,  oral cavity and pharynx ",208,Denmark,1,1,2015,4.446184666,8.532408104,0.548515103,241
1,"Lip,  oral cavity and pharynx ",208,Denmark,1,1,2016,4.320764283,8.529052568,0.5488486607,243
1,"Lip,  oral cavity and pharynx ",208,Denmark,1,1,2017,3.625907682,7.460823703,0.463680868,214
1,"Lip,  oral cavity and pharynx ",208,Denmark,1,1,2018,4.033284799,8.221319303,0.4895753502,237
1,"Lip,  oral cavity and pharynx ",208,Denmark,1,1,2019,4.09705956,8.399682471,0.5527475034,243
1,"Lip,  oral cavity and pharynx ",208,Denmark,1,1,2020,3.648608271,7.825327655,0.4619825911,227
1,"Lip,  oral cavity and pharynx ",208,Denmark,1,1,2021,4.19773408,8.820002117,0.5586870217,257
1,"Lip,  oral cavity and pharynx ",208,Denmark,1,1,2022,3.876009121,8.787937364,0.5230335214,258
1,"Lip,  oral cavity and pharynx ",208,Denmark,2,0,2007,5.382651675,9.439027693,0.6354018601,260
1,"Lip,  oral cavity and pharynx ",208,Denmark,2,0,2008,5.365995854,9.534107185,0.6338457252,264
1,"Lip,  oral cavity and pharynx ",208,Denmark,2,0,2009,5.622713432,10.05942967,0.6416916049,280
1,"Lip,  oral cavity and pharynx ",208,Denmark,2,0,2010,5.372779217,9.944077086,0.6203723402,278
1,"Lip,  oral cavity and pharynx ",208,Denmark,2,0,2011,5.351236868,9.904814025,0.6359557888,278
1,"Lip,  oral cavity and pharynx ",208,Denmark,2,0,2012,6.018903368,10.83143902,0.7143394628,305
1,"Lip,  oral cavity and pharynx ",208,Denmark,2,0,2013,6.359340546,11.5352375,0.7817429526,326
1,"Lip,  oral cavity and pharynx ",208,Denmark,2,0,2014,5.597104131,10.35275426,0.7060895816,294
1,"Lip,  oral cavity and pharynx ",208,Denmark,2,0,2015,5.753531793,10.39984061,0.7000452668,297
1,"Lip,  oral cavity and pharynx ",208,Denmark,2,0,2016,5.922420187,10.60343635,0.7073765061,305
1,"Lip,  oral cavity and pharynx ",208,Denmark,2,0,2017,5.269356194,10.6091006,0.644579133,307
1,"Lip,  oral cavity and pharynx ",208,Denmark,2,0,2018,6.260327439,12.13752051,0.7530526399,353
1,"Lip,  oral cavity and pharynx ",208,Denmark,2,0,2019,5.539320523,11.19669372,0.6675182215,327
1,"Lip,  oral cavity and pharynx ",208,Denmark,2,0,2020,5.243952861,10.86183911,0.6397658001,318
1,"Lip,  oral cavity and pharynx ",208,Denmark,2,0,2021,6.123047083,12.51877817,0.7677935117,368
1,"Lip,  oral cavity and pharynx ",208,Denmark,2,0,2022,5.873590971,11.70670269,0.7190570821,348
1,"Lip,  oral cavity and pharynx ",208,Denmark,2,1,2007,1.810461062,3.736134588,0.2028657314,103
1,"Lip,  oral cavity and pharynx ",208,Denmark,2,1,2008,1.885689029,4.113493449,0.2186680521,114
1,"Lip,  oral cavity and pharynx ",208,Denmark,2,1,2009,1.777566858,4.020763654,0.215589411,112
1,"Lip,  oral cavity and pharynx ",208,Denmark,2,1,2010,1.541048901,3.323866865,0.1651683492,93
1,"Lip,  oral cavity and pharynx ",208,Denmark,2,1,2011,1.421936164,3.239386382,0.1675974796,91
1,"Lip,  oral cavity and pharynx ",208,Denmark,2,1,2012,1.829422958,3.795556432,0.2087508771,107
1,"Lip,  oral cavity and pharynx ",208,Denmark,2,1,2013,1.566737813,3.569298099,0.1837317942,101
1,"Lip,  oral cavity and pharynx ",208,Denmark,2,1,2014,1.549233501,3.377828007,0.2041581633,96
1,"Lip,  oral cavity and pharynx ",208,Denmark,2,1,2015,1.589482995,3.462536059,0.1896349148,99
1,"Lip,  oral cavity and pharynx ",208,Denmark,2,1,2016,1.455052462,3.369090264,0.1794436511,97
1,"Lip,  oral cavity and pharynx ",208,Denmark,2,1,2017,1.765868682,4.004346787,0.2060354368,116
1,"Lip,  oral cavity and pharynx ",208,Denmark,2,1,2018,1.190809687,3.091640873,0.1425953621,90
1,"Lip,  oral cavity and pharynx ",208,Denmark,2,1,2019,1.425152268,3.799220441,0.1649030972,111
1,"Lip,  oral cavity and pharynx ",208,Denmark,2,1,2020,1.516087723,3.821621712,0.1785787745,112
1,"Lip,  oral cavity and pharynx ",208,Denmark,2,1,2021,1.092082041,2.990201992,0.1248413321,88
1,"Lip,  oral cavity and pharynx ",208,Denmark,2,1,2022,1.130276354,3.201821601,0.1321016609,95
1,"Lip,  oral cavity and pharynx ",218,Ecuador,1,0,2007,1.985541422,1.593773658,0.1869975775,12
1,"Lip,  oral cavity and pharynx ",218,Ecuador,1,0,2008,1.905816553,1.708379602,0.2433146263,13
1,"Lip,  oral cavity and pharynx ",218,Ecuador,1,0,2009,1.926244668,1.683320752,0.216957283,13
1,"Lip,  oral cavity and pharynx ",218,Ecuador,1,0,2010,2.798139572,2.5522705,0.2997834001,20
1,"Lip,  oral cavity and pharynx ",218,Ecuador,1,0,2011,2.140658716,1.882034102,0.2055191341,15
1,"Lip,  oral cavity and pharynx ",218,Ecuador,1,0,2012,2.139775216,2.102487614,0.2284582303,17
1,"Lip,  oral cavity and pharynx ",218,Ecuador,1,0,2013,1.537474962,1.509227183,0.1200573329,13
1,"Lip,  oral cavity and pharynx ",218,Ecuador,1,0,2014,1.862443341,1.708562518,0.2014799407,15
1,"Lip,  oral cavity and pharynx ",218,Ecuador,1,0,2015,1.418014969,1.341563078,0.1529002567,12
1,"Lip,  oral cavity and pharynx ",218,Ecuador,1,0,2016,3.166143027,2.963769564,0.3113790126,27
1,"Lip,  oral cavity and pharynx ",218,Ecuador,1,0,2017,2.799750101,2.69543232,0.2457121702,25
1,"Lip,  oral cavity and pharynx ",218,Ecuador,1,1,2007,0.9076485676,0.6843758939,0.06760499618,49
1,"Lip,  oral cavity and pharynx ",218,Ecuador,1,1,2008,0.8054521378,0.6316855678,0.08584963849,46
1,"Lip,  oral cavity and pharynx ",218,Ecuador,1,1,2009,1.046194108,0.7830888453,0.08675026588,58
1,"Lip,  oral cavity and pharynx ",218,Ecuador,1,1,2010,0.9942596193,0.7966949905,0.07202064535,60
1,"Lip,  oral cavity and pharynx ",218,Ecuador,1,1,2011,0.9878289112,0.7576488901,0.1090188697,58
1,"Lip,  oral cavity and pharynx ",218,Ecuador,1,1,2012,0.8263090871,0.655700694,0.0648688192,51
1,"Lip,  oral cavity and pharynx ",218,Ecuador,1,1,2013,0.8053665603,0.6839412494,0.06061952587,54
1,"Lip,  oral cavity and pharynx ",218,Ecuador,1,1,2014,0.7741996962,0.6741854996,0.0690085706,54
1,"Lip,  oral cavity and pharynx ",218,Ecuador,1,1,2015,1.082093874,0.9230093304,0.08957034435,75
1,"Lip,  oral cavity and pharynx ",218,Ecuador,1,1,2016,1.011726254,0.921722029,0.100301883,76
1,"Lip,  oral cavity and pharynx ",218,Ecuador,1,1,2017,0.9980180231,0.8838014834,0.09931541348,74
1,"Lip,  oral cavity and pharynx ",218,Ecuador,1,1,2018,1.037304679,0.9744488934,0.1051805715,83
1,"Lip,  oral cavity and pharynx ",218,Ecuador,1,1,2019,1.104851813,1.015947959,0.1088710293,88
1,"Lip,  oral cavity and pharynx ",218,Ecuador,1,1,2020,1.030398599,0.9817349357,0.1127359909,86
1,"Lip,  oral cavity and pharynx ",218,Ecuador,1,1,2021,1.24217665,1.246943854,0.1337990343,110
1,"Lip,  oral cavity and pharynx ",218,Ecuador,1,1,2022,0.9465496332,0.9450071112,0.08949176495,84
1,"Lip,  oral cavity and pharynx ",218,Ecuador,2,0,2007,1.674525261,1.612171148,0.1285636038,13
1,"Lip,  oral cavity and pharynx ",218,Ecuador,2,0,2008,2.101742668,1.969427106,0.2858529754,16
1,"Lip,  oral cavity and pharynx ",218,Ecuador,2,0,2009,1.761190803,2.063161881,0.1753069766,17
1,"Lip,  oral cavity and pharynx ",218,Ecuador,2,0,2010,1.434885902,1.555898651,0.1454277736,13
1,"Lip,  oral cavity and pharynx ",218,Ecuador,2,0,2011,2.234199625,2.353461707,0.1865547127,20
1,"Lip,  oral cavity and pharynx ",218,Ecuador,2,0,2012,1.610042095,1.623877495,0.1935140913,14
1,"Lip,  oral cavity and pharynx ",218,Ecuador,2,0,2013,1.340142973,1.418207604,0.1459412062,13
1,"Lip,  oral cavity and pharynx ",218,Ecuador,2,0,2014,2.339627811,2.677605578,0.1784568398,25
1,"Lip,  oral cavity and pharynx ",218,Ecuador,2,0,2015,2.296628324,2.52456985,0.2361623514,24
1,"Lip,  oral cavity and pharynx ",218,Ecuador,2,0,2016,2.482268486,2.687091317,0.2794169687,26
1,"Lip,  oral cavity and pharynx ",218,Ecuador,2,0,2017,2.235375664,2.437862442,0.262011328,24
1,"Lip,  oral cavity and pharynx ",218,Ecuador,2,1,2007,0.5043385494,0.5021645384,0.03563567455,36
1,"Lip,  oral cavity and pharynx ",218,Ecuador,2,1,2008,0.5446052473,0.5073289842,0.05726006554,37
1,"Lip,  oral cavity and pharynx ",218,Ecuador,2,1,2009,0.5093398557,0.5256497536,0.03594545967,39
1,"Lip,  oral cavity and pharynx ",218,Ecuador,2,1,2010,0.6765823798,0.6493866212,0.06928032603,49
1,"Lip,  oral cavity and pharynx ",218,Ecuador,2,1,2011,0.4852454006,0.4693018574,0.04739430012,36
1,"Lip,  oral cavity and pharynx ",218,Ecuador,2,1,2012,0.5704988349,0.6030080866,0.04880644756,47
1,"Lip,  oral cavity and pharynx ",218,Ecuador,2,1,2013,0.4492933562,0.4550215611,0.04605805537,36
1,"Lip,  oral cavity and pharynx ",218,Ecuador,2,1,2014,0.543413931,0.5980968558,0.04747859682,48
1,"Lip,  oral cavity and pharynx ",218,Ecuador,2,1,2015,0.7326012682,0.7861799394,0.07316263295,64
1,"Lip,  oral cavity and pharynx ",218,Ecuador,2,1,2016,0.757770342,0.847488305,0.06283767168,70
1,"Lip,  oral cavity and pharynx ",218,Ecuador,2,1,2017,0.6647012491,0.7631221234,0.0607464008,64
1,"Lip,  oral cavity and pharynx ",218,Ecuador,2,1,2018,0.5892200836,0.6798009683,0.0443478231,58
1,"Lip,  oral cavity and pharynx ",218,Ecuador,2,1,2019,0.6761881283,0.8181456878,0.0550211521,71
1,"Lip,  oral cavity and pharynx ",218,Ecuador,2,1,2020,0.7163273525,0.8308613312,0.06645097243,73
1,"Lip,  oral cavity and pharynx ",218,Ecuador,2,1,2021,0.683503478,0.7899887212,0.06872357157,70
1,"Lip,  oral cavity and pharynx ",218,Ecuador,2,1,2022,0.6010275536,0.7274701922,0.05746094738,65
1,"Lip,  oral cavity and pharynx ",233,Estonia,1,0,2007,10.73912131,16.04737184,1.332899871,100
1,"Lip,  oral cavity and pharynx ",233,Estonia,1,0,2008,13.33364759,19.62408615,1.696864138,122
1,"Lip,  oral cavity and pharynx ",233,Estonia,1,0,2009,11.79891175,17.38962419,1.532682996,108
1,"Lip,  oral cavity and pharynx ",233,Estonia,1,0,2010,13.01535459,19.34703748,1.679318805,120
1,"Lip,  oral cavity and pharynx ",233,Estonia,1,0,2011,12.55766981,19.38864375,1.466467014,120
1,"Lip,  oral cavity and pharynx ",233,Estonia,1,0,2012,11.61094829,18.47191863,1.482692694,114
1,"Lip,  oral cavity and pharynx ",233,Estonia,1,0,2013,14.04881838,21.60693891,1.801245528,133
1,"Lip,  oral cavity and pharynx ",233,Estonia,1,0,2014,14.55910488,22.45165573,1.711804451,138
1,"Lip,  oral cavity and pharynx ",233,Estonia,1,0,2015,14.3954412,22.41901132,1.882662607,138
1,"Lip,  oral cavity and pharynx ",233,Estonia,1,0,2016,13.07011977,20.57936586,1.657772235,127
1,"Lip,  oral cavity and pharynx ",233,Estonia,1,0,2017,13.2448642,21.47547839,1.524811471,133
1,"Lip,  oral cavity and pharynx ",233,Estonia,1,1,2007,7.943572672,11.55437658,0.8891964679,72
1,"Lip,  oral cavity and pharynx ",233,Estonia,1,1,2008,7.232210597,10.77750879,1.017403329,67
1,"Lip,  oral cavity and pharynx ",233,Estonia,1,1,2009,6.759794992,10.46595224,0.8851380003,65
1,"Lip,  oral cavity and pharynx ",233,Estonia,1,1,2010,11.23001891,17.25128921,1.461824624,107
1,"Lip,  oral cavity and pharynx ",233,Estonia,1,1,2011,6.709420377,10.50258929,0.8855337651,65
1,"Lip,  oral cavity and pharynx ",233,Estonia,1,1,2012,9.66969479,15.39360226,1.215556195,95
1,"Lip,  oral cavity and pharynx ",233,Estonia,1,1,2013,7.760866104,12.50971737,1.058070473,77
1,"Lip,  oral cavity and pharynx ",233,Estonia,1,1,2014,7.977944911,12.69079925,1.002919292,78
1,"Lip,  oral cavity and pharynx ",233,Estonia,1,1,2015,7.711291896,12.50945317,0.9986760486,77
1,"Lip,  oral cavity and pharynx ",233,Estonia,1,1,2016,7.539354118,12.80063258,1.012221877,79
1,"Lip,  oral cavity and pharynx ",233,Estonia,1,1,2017,6.921972619,11.30198003,0.9204418925,70
1,"Lip,  oral cavity and pharynx ",233,Estonia,1,1,2018,8.816479546,14.91789144,1.120503524,93
1,"Lip,  oral cavity and pharynx ",233,Estonia,1,1,2019,7.077584956,12.43055622,0.9479397997,78
1,"Lip,  oral cavity and pharynx ",233,Estonia,1,1,2020,7.74449423,12.69839254,1.026779686,80
1,"Lip,  oral cavity and pharynx ",233,Estonia,1,1,2021,7.335231606,13.45877972,1.071166919,85
1,"Lip,  oral cavity and pharynx ",233,Estonia,1,1,2022,7.1350673,12.95398448,0.9296873374,83
1,"Lip,  oral cavity and pharynx ",233,Estonia,2,0,2007,2.524912732,4.738510853,0.2686294151,34
1,"Lip,  oral cavity and pharynx ",233,Estonia,2,0,2008,3.745134135,7.548172014,0.4247744402,54
1,"Lip,  oral cavity and pharynx ",233,Estonia,2,0,2009,3.139816488,6.58766145,0.3584825308,47
1,"Lip,  oral cavity and pharynx ",233,Estonia,2,0,2010,3.30604,6.186509192,0.343535529,44
1,"Lip,  oral cavity and pharynx ",233,Estonia,2,0,2011,2.597539127,5.64557105,0.2967504649,40
1,"Lip,  oral cavity and pharynx ",233,Estonia,2,0,2012,2.648244791,5.527657421,0.322619432,39
1,"Lip,  oral cavity and pharynx ",233,Estonia,2,0,2013,2.784543044,5.694323045,0.3013813847,40
1,"Lip,  oral cavity and pharynx ",233,Estonia,2,0,2014,3.090770839,6.000934431,0.3876088339,42
1,"Lip,  oral cavity and pharynx ",233,Estonia,2,0,2015,4.840949947,9.012114857,0.5508725494,63
1,"Lip,  oral cavity and pharynx ",233,Estonia,2,0,2016,4.533800633,9.01717127,0.5451522552,63
1,"Lip,  oral cavity and pharynx ",233,Estonia,2,0,2017,3.715460604,7.019323194,0.4301033746,49
1,"Lip,  oral cavity and pharynx ",233,Estonia,2,1,2007,0.4583442017,1.114883132,0.04337015668,8
1,"Lip,  oral cavity and pharynx ",233,Estonia,2,1,2008,1.793049008,4.193405451,0.2218076034,30
1,"Lip,  oral cavity and pharynx ",233,Estonia,2,1,2009,1.343333437,2.803213043,0.1666151048,20
1,"Lip,  oral cavity and pharynx ",233,Estonia,2,1,2010,1.351896613,3.655767324,0.1451340706,26
1,"Lip,  oral cavity and pharynx ",233,Estonia,2,1,2011,1.280159168,2.964165358,0.1195811203,21
1,"Lip,  oral cavity and pharynx ",233,Estonia,2,1,2012,0.8876378663,2.267970655,0.08558848074,16
1,"Lip,  oral cavity and pharynx ",233,Estonia,2,1,2013,1.471515465,3.132127369,0.1893700224,22
1,"Lip,  oral cavity and pharynx ",233,Estonia,2,1,2014,0.9029902438,2.143366958,0.08747050455,15
1,"Lip,  oral cavity and pharynx ",233,Estonia,2,1,2015,0.9364026056,2.288848373,0.114644334,16
1,"Lip,  oral cavity and pharynx ",233,Estonia,2,1,2016,0.8976342068,2.433117883,0.120202534,17
1,"Lip,  oral cavity and pharynx ",233,Estonia,2,1,2017,1.233770113,3.724586857,0.1326110696,26
1,"Lip,  oral cavity and pharynx ",233,Estonia,2,1,2018,1.223839721,2.576758781,0.1257856292,18
1,"Lip,  oral cavity and pharynx ",233,Estonia,2,1,2019,1.406756065,3.574822099,0.1724875461,25
1,"Lip,  oral cavity and pharynx ",233,Estonia,2,1,2020,1.059548949,2.429722076,0.108730995,17
1,"Lip,  oral cavity and pharynx ",233,Estonia,2,1,2021,1.469171119,3.856087942,0.2002438674,27
1,"Lip,  oral cavity and pharynx ",233,Estonia,2,1,2022,1.153339915,2.678463182,0.1418148939,19
1,"Lip,  oral cavity and pharynx ",246,Finland,1,0,2007,7.056242334,11.73625319,0.8496483784,304
1,"Lip,  oral cavity and pharynx ",246,Finland,1,0,2008,6.669073112,11.63496172,0.793944946,303
1,"Lip,  oral cavity and pharynx ",246,Finland,1,0,2009,7.588427736,13.36714585,0.8892591064,350
1,"Lip,  oral cavity and pharynx ",246,Finland,1,0,2010,7.599624006,13.56516208,0.8639059164,357
1,"Lip,  oral cavity and pharynx ",246,Finland,1,0,2011,7.915002566,14.32634971,0.9193053797,379
1,"Lip,  oral cavity and pharynx ",246,Finland,1,0,2012,7.775060984,14.09998128,0.9267652232,375
1,"Lip,  oral cavity and pharynx ",246,Finland,1,0,2013,7.950805981,14.81208292,0.9845390096,396
1,"Lip,  oral cavity and pharynx ",246,Finland,1,0,2014,7.97340915,14.48188991,0.9542271591,389
1,"Lip,  oral cavity and pharynx ",246,Finland,1,0,2015,8.044660456,15.46347884,0.8948664417,417
1,"Lip,  oral cavity and pharynx ",246,Finland,1,0,2016,8.572493396,16.25470532,1.011838761,440
1,"Lip,  oral cavity and pharynx ",246,Finland,1,0,2017,7.949437846,15.35499308,0.9868466607,417
1,"Lip,  oral cavity and pharynx ",246,Finland,1,0,2018,8.488469801,16.13252632,1.064056444,439
1,"Lip,  oral cavity and pharynx ",246,Finland,1,0,2019,8.977342158,17.27948298,1.094928224,471
1,"Lip,  oral cavity and pharynx ",246,Finland,1,0,2020,8.661177057,17.31944116,1.063711148,473
1,"Lip,  oral cavity and pharynx ",246,Finland,1,0,2021,8.640704301,17.4185841,1.081451028,477
1,"Lip,  oral cavity and pharynx ",246,Finland,1,0,2022,8.415691069,16.62852779,1.011329046,457
1,"Lip,  oral cavity and pharynx ",246,Finland,1,1,2007,1.895042093,3.242817545,0.2152818502,84
1,"Lip,  oral cavity and pharynx ",246,Finland,1,1,2008,2.167897233,3.763021061,0.2510387176,98
1,"Lip,  oral cavity and pharynx ",246,Finland,1,1,2009,2.64813177,4.621072089,0.3279727265,121
1,"Lip,  oral cavity and pharynx ",246,Finland,1,1,2010,2.486951496,4.559536432,0.3053721827,120
1,"Lip,  oral cavity and pharynx ",246,Finland,1,1,2011,2.480314854,4.687049663,0.3079342483,124
1,"Lip,  oral cavity and pharynx ",246,Finland,1,1,2012,2.508415487,4.887755514,0.304176536,130
1,"Lip,  oral cavity and pharynx ",246,Finland,1,1,2013,2.512764277,5.011900458,0.2991620648,134
1,"Lip,  oral cavity and pharynx ",246,Finland,1,1,2014,2.630253461,5.323331922,0.3344025592,143
1,"Lip,  oral cavity and pharynx ",246,Finland,1,1,2015,2.282505578,4.968773668,0.3017964937,134
1,"Lip,  oral cavity and pharynx ",246,Finland,1,1,2016,2.366720192,4.913126322,0.2941366737,133
1,"Lip,  oral cavity and pharynx ",246,Finland,1,1,2017,2.19516464,4.602624159,0.2750431591,125
1,"Lip,  oral cavity and pharynx ",246,Finland,1,1,2018,2.244747516,4.703597131,0.2867229964,128
1,"Lip,  oral cavity and pharynx ",246,Finland,1,1,2019,2.240060541,5.20936894,0.2783805715,142
1,"Lip,  oral cavity and pharynx ",246,Finland,1,1,2020,2.368721402,5.419097632,0.2765750635,148
1,"Lip,  oral cavity and pharynx ",246,Finland,1,1,2021,2.293541508,5.11226068,0.2954709239,140
1,"Lip,  oral cavity and pharynx ",246,Finland,1,1,2022,2.322906867,5.339613009,0.2838036943,147
1,"Lip,  oral cavity and pharynx ",246,Finland,2,0,2007,3.724304137,7.559881488,0.4095389958,204
1,"Lip,  oral cavity and pharynx ",246,Finland,2,0,2008,3.134827678,7.123929427,0.3370499548,193
1,"Lip,  oral cavity and pharynx ",246,Finland,2,0,2009,3.805302109,8.049959741,0.4173508829,219
1,"Lip,  oral cavity and pharynx ",246,Finland,2,0,2010,3.658823279,8.127075241,0.3890659966,222
1,"Lip,  oral cavity and pharynx ",246,Finland,2,0,2011,4.071740826,8.85957088,0.4523946758,243
1,"Lip,  oral cavity and pharynx ",246,Finland,2,0,2012,3.996646577,8.313993013,0.4367686006,229
1,"Lip,  oral cavity and pharynx ",246,Finland,2,0,2013,4.275391497,9.510106567,0.4969653913,263
1,"Lip,  oral cavity and pharynx ",246,Finland,2,0,2014,4.279652802,9.295964038,0.4707623846,258
1,"Lip,  oral cavity and pharynx ",246,Finland,2,0,2015,4.671292795,10.169416,0.5291074546,283
1,"Lip,  oral cavity and pharynx ",246,Finland,2,0,2016,3.878422311,8.822282647,0.4170836468,246
1,"Lip,  oral cavity and pharynx ",246,Finland,2,0,2017,4.061496635,9.131653193,0.4807129035,255
1,"Lip,  oral cavity and pharynx ",246,Finland,2,0,2018,4.291449983,9.912987588,0.4922387443,277
1,"Lip,  oral cavity and pharynx ",246,Finland,2,0,2019,4.804181356,10.1579871,0.5368188596,284
1,"Lip,  oral cavity and pharynx ",246,Finland,2,0,2020,4.715049016,10.04106653,0.5120149591,281
1,"Lip,  oral cavity and pharynx ",246,Finland,2,0,2021,4.310400163,10.09790147,0.4912851978,283
1,"Lip,  oral cavity and pharynx ",246,Finland,2,0,2022,4.613423575,10.64884404,0.5360365095,299
1,"Lip,  oral cavity and pharynx ",246,Finland,2,1,2007,1.056503891,2.520039876,0.1257982945,68
1,"Lip,  oral cavity and pharynx ",246,Finland,2,1,2008,0.9783703311,2.510071199,0.09791302732,68
1,"Lip,  oral cavity and pharynx ",246,Finland,2,1,2009,0.8538920488,2.095267397,0.09017126059,57
1,"Lip,  oral cavity and pharynx ",246,Finland,2,1,2010,1.000732752,2.635910473,0.1028303545,72
1,"Lip,  oral cavity and pharynx ",246,Finland,2,1,2011,0.9113807785,2.406428665,0.09599550036,66
1,"Lip,  oral cavity and pharynx ",246,Finland,2,1,2012,0.8388829146,2.396284452,0.08435154354,66
1,"Lip,  oral cavity and pharynx ",246,Finland,2,1,2013,0.9250887087,2.531264278,0.1032348213,70
1,"Lip,  oral cavity and pharynx ",246,Finland,2,1,2014,0.9541292714,2.6662857,0.10550622,74
1,"Lip,  oral cavity and pharynx ",246,Finland,2,1,2015,1.24635213,3.521537978,0.1247593252,98
1,"Lip,  oral cavity and pharynx ",246,Finland,2,1,2016,0.9078882947,2.833130412,0.09359409445,79
1,"Lip,  oral cavity and pharynx ",246,Finland,2,1,2017,0.8241198102,2.07695178,0.08651585262,58
1,"Lip,  oral cavity and pharynx ",246,Finland,2,1,2018,0.9199551897,2.504996574,0.1084873546,70
1,"Lip,  oral cavity and pharynx ",246,Finland,2,1,2019,0.8683994794,2.754031706,0.09154438039,77
1,"Lip,  oral cavity and pharynx ",246,Finland,2,1,2020,0.8166032718,2.751444508,0.08656479491,77
1,"Lip,  oral cavity and pharynx ",246,Finland,2,1,2021,0.7781924432,2.497715928,0.08806328158,70
1,"Lip,  oral cavity and pharynx ",246,Finland,2,1,2022,0.8171789213,2.73409295,0.08039752555,77
1,"Lip,  oral cavity and pharynx ",250,France (metropolitan),1,0,2007,23.64164801,35.62351187,2.792844094,1224
1,"Lip,  oral cavity and pharynx ",250,France (metropolitan),1,0,2008,22.9217202,35.15381165,2.737072733,1217
1,"Lip,  oral cavity and pharynx ",250,France (metropolitan),1,0,2009,21.07041517,32.65711038,2.518651361,1139
1,"Lip,  oral cavity and pharynx ",250,France (metropolitan),1,0,2010,21.52116672,33.85730597,2.531869356,1190
1,"Lip,  oral cavity and pharynx ",250,France (metropolitan),1,0,2011,20.24746,32.29320423,2.447776166,1144
1,"Lip,  oral cavity and pharynx ",250,France (metropolitan),1,0,2012,21.76038521,35.20542942,2.664239479,1257
1,"Lip,  oral cavity and pharynx ",250,France (metropolitan),1,0,2013,20.12881666,33.55831585,2.373052728,1207
1,"Lip,  oral cavity and pharynx ",250,France (metropolitan),1,0,2014,18.99190538,31.57725487,2.268419325,1143
1,"Lip,  oral cavity and pharynx ",250,France (metropolitan),1,0,2015,19.22198486,33.03087095,2.355857746,1202
1,"Lip,  oral cavity and pharynx ",250,France (metropolitan),1,0,2016,17.56917488,30.58504709,2.161090528,1118
1,"Lip,  oral cavity and pharynx ",250,France (metropolitan),1,0,2017,17.82522326,31.227352,2.191343816,1147
1,"Lip,  oral cavity and pharynx ",250,France (metropolitan),1,1,2007,6.711920776,10.73241433,0.7905830028,3244
1,"Lip,  oral cavity and pharynx ",250,France (metropolitan),1,1,2008,6.411011746,10.37670704,0.7691471236,3154
1,"Lip,  oral cavity and pharynx ",250,France (metropolitan),1,1,2009,6.08000782,10.10668245,0.7246337279,3088
1,"Lip,  oral cavity and pharynx ",250,France (metropolitan),1,1,2010,6.401342766,10.75584126,0.7713032428,3303
1,"Lip,  oral cavity and pharynx ",250,France (metropolitan),1,1,2011,6.159805584,10.48883343,0.7508292583,3237
1,"Lip,  oral cavity and pharynx ",250,France (metropolitan),1,1,2012,5.604796543,9.671487769,0.6784022076,3000
1,"Lip,  oral cavity and pharynx ",250,France (metropolitan),1,1,2013,5.533577273,9.688292731,0.6787731274,3021
1,"Lip,  oral cavity and pharynx ",250,France (metropolitan),1,1,2014,5.424532345,9.647856741,0.6667174497,3022
1,"Lip,  oral cavity and pharynx ",250,France (metropolitan),1,1,2015,5.126933399,9.370991754,0.6372118948,2944
1,"Lip,  oral cavity and pharynx ",250,France (metropolitan),1,1,2016,4.995627896,9.320332528,0.6072272581,2936
1,"Lip,  oral cavity and pharynx ",250,France (metropolitan),1,1,2017,4.738103354,8.887677147,0.5892525235,2809
1,"Lip,  oral cavity and pharynx ",250,France (metropolitan),1,1,2018,4.460110075,8.57159858,0.5494500733,2719
1,"Lip,  oral cavity and pharynx ",250,France (metropolitan),1,1,2019,4.163005691,8.133228503,0.5206556448,2589
1,"Lip,  oral cavity and pharynx ",250,France (metropolitan),1,1,2020,4.237395883,8.326091075,0.5244626642,2658
1,"Lip,  oral cavity and pharynx ",250,France (metropolitan),1,1,2021,3.820379298,7.699159211,0.4831867499,2465
1,"Lip,  oral cavity and pharynx ",250,France (metropolitan),1,1,2022,3.932841374,8.061155933,0.4969250533,2589
1,"Lip,  oral cavity and pharynx ",250,France (metropolitan),2,0,2007,4.772702187,8.040991432,0.5290323077,292
1,"Lip,  oral cavity and pharynx ",250,France (metropolitan),2,0,2008,5.064033395,8.72361244,0.5683160933,319
1,"Lip,  oral cavity and pharynx ",250,France (metropolitan),2,0,2009,5.48763907,9.149483556,0.5859567555,337
1,"Lip,  oral cavity and pharynx ",250,France (metropolitan),2,0,2010,4.905673746,8.704026973,0.5322100969,323
1,"Lip,  oral cavity and pharynx ",250,France (metropolitan),2,0,2011,5.477443356,9.30754786,0.6243242405,348
1,"Lip,  oral cavity and pharynx ",250,France (metropolitan),2,0,2012,5.726990979,10.1673471,0.6325794946,383
1,"Lip,  oral cavity and pharynx ",250,France (metropolitan),2,0,2013,5.013053315,9.170209363,0.5637280173,348
1,"Lip,  oral cavity and pharynx ",250,France (metropolitan),2,0,2014,5.49958882,10.14920376,0.6443287587,388
1,"Lip,  oral cavity and pharynx ",250,France (metropolitan),2,0,2015,5.201539913,9.69790884,0.6067528281,373
1,"Lip,  oral cavity and pharynx ",250,France (metropolitan),2,0,2016,5.585224032,10.39790076,0.6562284813,402
1,"Lip,  oral cavity and pharynx ",250,France (metropolitan),2,0,2017,5.846925535,11.03324118,0.6797671024,429
1,"Lip,  oral cavity and pharynx ",250,France (metropolitan),2,1,2007,1.139448011,2.235591022,0.1299740605,720
1,"Lip,  oral cavity and pharynx ",250,France (metropolitan),2,1,2008,1.11545092,2.315873326,0.1247523193,750
1,"Lip,  oral cavity and pharynx ",250,France (metropolitan),2,1,2009,1.169335316,2.402279081,0.1318142345,782
1,"Lip,  oral cavity and pharynx ",250,France (metropolitan),2,1,2010,1.103876452,2.357187783,0.1255014843,771
1,"Lip,  oral cavity and pharynx ",250,France (metropolitan),2,1,2011,1.264958502,2.704397627,0.1438366012,889
1,"Lip,  oral cavity and pharynx ",250,France (metropolitan),2,1,2012,1.09414372,2.372920641,0.1240541821,784
1,"Lip,  oral cavity and pharynx ",250,France (metropolitan),2,1,2013,1.11697306,2.466438852,0.1277006928,819
1,"Lip,  oral cavity and pharynx ",250,France (metropolitan),2,1,2014,1.141518537,2.544241521,0.1301936648,849
1,"Lip,  oral cavity and pharynx ",250,France (metropolitan),2,1,2015,1.194907451,2.713413599,0.1405167283,909
1,"Lip,  oral cavity and pharynx ",250,France (metropolitan),2,1,2016,1.167323222,2.691611033,0.1352048112,904
1,"Lip,  oral cavity and pharynx ",250,France (metropolitan),2,1,2017,1.155465631,2.722747344,0.1359948756,917
1,"Lip,  oral cavity and pharynx ",250,France (metropolitan),2,1,2018,1.114903687,2.686509359,0.1277680054,908
1,"Lip,  oral cavity and pharynx ",250,France (metropolitan),2,1,2019,1.00037536,2.56069243,0.1151999518,868
1,"Lip,  oral cavity and pharynx ",250,France (metropolitan),2,1,2020,1.027046657,2.610241236,0.1176182471,887
1,"Lip,  oral cavity and pharynx ",250,France (metropolitan),2,1,2021,0.9216559486,2.483336949,0.1087457158,846
1,"Lip,  oral cavity and pharynx ",250,France (metropolitan),2,1,2022,1.06834521,2.842470366,0.1237115222,971
1,"Lip,  oral cavity and pharynx ",268,Georgia,1,1,2007,1.471008188,2.116453017,0.1759992294,44
1,"Lip,  oral cavity and pharynx ",268,Georgia,1,1,2008,1.751963929,2.300062293,0.2044305051,48
1,"Lip,  oral cavity and pharynx ",268,Georgia,1,1,2009,2.319833331,2.768694656,0.2580109638,58
1,"Lip,  oral cavity and pharynx ",268,Georgia,1,1,2010,1.58949572,2.256381328,0.2057590739,48
1,"Lip,  oral cavity and pharynx ",268,Georgia,1,1,2011,4.006469033,5.291253044,0.5321062796,113
1,"Lip,  oral cavity and pharynx ",268,Georgia,1,1,2012,3.729895432,5.323868678,0.4577476237,114
1,"Lip,  oral cavity and pharynx ",268,Georgia,1,1,2013,3.85472723,5.18667352,0.4941344169,111
1,"Lip,  oral cavity and pharynx ",268,Georgia,1,1,2014,4.024322789,5.853548714,0.5240020995,104
1,"Lip,  oral cavity and pharynx ",268,Georgia,1,1,2015,5.355501615,8.03178114,0.6152084056,143
1,"Lip,  oral cavity and pharynx ",268,Georgia,1,1,2016,5.501406317,8.124787775,0.657751411,145
1,"Lip,  oral cavity and pharynx ",268,Georgia,1,1,2017,5.34459969,7.659699136,0.6910275808,137
1,"Lip,  oral cavity and pharynx ",268,Georgia,1,1,2018,6.209885351,9.323202492,0.7592293008,167
1,"Lip,  oral cavity and pharynx ",268,Georgia,1,1,2019,5.562691562,8.712192714,0.6474747084,156
1,"Lip,  oral cavity and pharynx ",268,Georgia,1,1,2020,5.122143495,7.751285236,0.6227467926,139
1,"Lip,  oral cavity and pharynx ",268,Georgia,1,1,2021,4.260900955,6.785904163,0.4990487311,121
1,"Lip,  oral cavity and pharynx ",268,Georgia,1,1,2022,3.256851192,5.214097574,0.4025811155,93
1,"Lip,  oral cavity and pharynx ",268,Georgia,1,1,2023,2.595179331,4.091593401,0.337978162,73
1,"Lip,  oral cavity and pharynx ",268,Georgia,2,1,2007,0.4613748457,0.6928056464,0.05154767277,16
1,"Lip,  oral cavity and pharynx ",268,Georgia,2,1,2008,0.3591389323,0.5621013944,0.04615444524,13
1,"Lip,  oral cavity and pharynx ",268,Georgia,2,1,2009,0.502565138,0.7771852939,0.06812993603,18
1,"Lip,  oral cavity and pharynx ",268,Georgia,2,1,2010,0.2490872445,0.5124044579,0.02746483775,12
1,"Lip,  oral cavity and pharynx ",268,Georgia,2,1,2011,0.4662815476,0.9796405145,0.05360899753,23
1,"Lip,  oral cavity and pharynx ",268,Georgia,2,1,2012,0.557650357,1.319485826,0.04462789944,31
1,"Lip,  oral cavity and pharynx ",268,Georgia,2,1,2013,0.2449610626,0.5964807635,0.01536153241,14
1,"Lip,  oral cavity and pharynx ",268,Georgia,2,1,2014,0.527199943,1.281854074,0.046066862,25
1,"Lip,  oral cavity and pharynx ",268,Georgia,2,1,2015,0.7709783035,1.696788955,0.08318745719,33
1,"Lip,  oral cavity and pharynx ",268,Georgia,2,1,2016,1.117064891,2.161778217,0.1308163297,42
1,"Lip,  oral cavity and pharynx ",268,Georgia,2,1,2017,0.8860067925,1.907784897,0.08841171541,37
1,"Lip,  oral cavity and pharynx ",268,Georgia,2,1,2018,0.9363556316,1.808486452,0.1066439947,35
1,"Lip,  oral cavity and pharynx ",268,Georgia,2,1,2019,1.03945177,2.332114933,0.0957100375,45
1,"Lip,  oral cavity and pharynx ",268,Georgia,2,1,2020,0.5248320018,1.295696629,0.03821239263,25
1,"Lip,  oral cavity and pharynx ",268,Georgia,2,1,2021,0.8181641543,1.713839671,0.08044026312,33
1,"Lip,  oral cavity and pharynx ",268,Georgia,2,1,2022,0.4942751495,1.192685004,0.05142775916,23
1,"Lip,  oral cavity and pharynx ",268,Georgia,2,1,2023,0.4442330623,1.035552055,0.04378261637,20
1,"Lip,  oral cavity and pharynx ",276,Germany,1,0,2007,15.08531232,25.82414213,1.783003587,796
1,"Lip,  oral cavity and pharynx ",276,Germany,1,0,2008,15.01965306,25.84007884,1.823084129,795
1,"Lip,  oral cavity and pharynx ",276,Germany,1,0,2009,15.06854923,26.76715244,1.826963677,823
1,"Lip,  oral cavity and pharynx ",276,Germany,1,0,2010,14.34098542,25.384517,1.780432648,782
1,"Lip,  oral cavity and pharynx ",276,Germany,1,0,2011,14.59115095,27.01099856,1.785169253,818
1,"Lip,  oral cavity and pharynx ",276,Germany,1,0,2012,14.76337335,26.80936857,1.809320015,813
1,"Lip,  oral cavity and pharynx ",276,Germany,1,0,2013,13.48852533,25.41421898,1.662839498,775
1,"Lip,  oral cavity and pharynx ",276,Germany,1,0,2014,14.087758,27.47000295,1.773902271,843
1,"Lip,  oral cavity and pharynx ",276,Germany,1,0,2015,13.48905308,25.64739587,1.659827043,798
1,"Lip,  oral cavity and pharynx ",276,Germany,1,0,2016,13.79028762,26.11559275,1.741568817,823
1,"Lip,  oral cavity and pharynx ",276,Germany,1,0,2017,13.00125826,25.10210344,1.624975407,796
1,"Lip,  oral cavity and pharynx ",276,Germany,1,1,2007,5.184131958,9.059809462,0.6283511108,3650
1,"Lip,  oral cavity and pharynx ",276,Germany,1,1,2008,5.306793123,9.384025461,0.6440503055,3776
1,"Lip,  oral cavity and pharynx ",276,Germany,1,1,2009,5.215588466,9.500845558,0.6466205911,3813
1,"Lip,  oral cavity and pharynx ",276,Germany,1,1,2010,5.109120608,9.51624009,0.6348539317,3816
1,"Lip,  oral cavity and pharynx ",276,Germany,1,1,2011,5.330433803,10.12129188,0.6586117441,4064
1,"Lip,  oral cavity and pharynx ",276,Germany,1,1,2012,5.337904037,10.15539442,0.6694296445,4090
1,"Lip,  oral cavity and pharynx ",276,Germany,1,1,2013,5.278259094,10.34733055,0.6561920619,4084
1,"Lip,  oral cavity and pharynx ",276,Germany,1,1,2014,5.119466154,10.3158034,0.6400908514,4095
1,"Lip,  oral cavity and pharynx ",276,Germany,1,1,2015,5.031825928,10.17055063,0.6345644062,4086
1,"Lip,  oral cavity and pharynx ",276,Germany,1,1,2016,4.906077214,10.02323988,0.6262944213,4070
1,"Lip,  oral cavity and pharynx ",276,Germany,1,1,2017,4.689385366,9.720297519,0.5990145876,3963
1,"Lip,  oral cavity and pharynx ",276,Germany,1,1,2018,4.576513328,9.705383192,0.5847105135,3970
1,"Lip,  oral cavity and pharynx ",276,Germany,1,1,2019,4.359727209,9.48242773,0.5642568597,3888
1,"Lip,  oral cavity and pharynx ",276,Germany,1,1,2020,4.371577853,9.638802039,0.5587484232,3955
1,"Lip,  oral cavity and pharynx ",276,Germany,2,0,2007,5.31686251,9.942192808,0.5980172305,321
1,"Lip,  oral cavity and pharynx ",276,Germany,2,0,2008,6.082208549,11.42792905,0.6914852134,368
1,"Lip,  oral cavity and pharynx ",276,Germany,2,0,2009,5.871845909,10.96654396,0.6735850461,353
1,"Lip,  oral cavity and pharynx ",276,Germany,2,0,2010,5.747209962,11.2098607,0.6978811242,361
1,"Lip,  oral cavity and pharynx ",276,Germany,2,0,2011,6.180728374,12.02711192,0.7319023596,385
1,"Lip,  oral cavity and pharynx ",276,Germany,2,0,2012,5.619468391,11.31065142,0.7149608686,362
1,"Lip,  oral cavity and pharynx ",276,Germany,2,0,2013,5.252004451,11.24034918,0.6365939913,361
1,"Lip,  oral cavity and pharynx ",276,Germany,2,0,2014,5.478080107,11.60921399,0.6866690257,374
1,"Lip,  oral cavity and pharynx ",276,Germany,2,0,2015,6.015159525,12.62411527,0.7175063767,409
1,"Lip,  oral cavity and pharynx ",276,Germany,2,0,2016,5.683192032,11.69607116,0.6885961341,382
1,"Lip,  oral cavity and pharynx ",276,Germany,2,0,2017,5.296707498,11.02542884,0.6681771197,362
1,"Lip,  oral cavity and pharynx ",276,Germany,2,1,2007,1.252401067,2.684943085,0.1454526151,1127
1,"Lip,  oral cavity and pharynx ",276,Germany,2,1,2008,1.27039197,2.793617496,0.150432841,1170
1,"Lip,  oral cavity and pharynx ",276,Germany,2,1,2009,1.269641522,2.800570176,0.145597717,1169
1,"Lip,  oral cavity and pharynx ",276,Germany,2,1,2010,1.249506335,2.890228914,0.1439143811,1204
1,"Lip,  oral cavity and pharynx ",276,Germany,2,1,2011,1.362423172,3.175881901,0.16092632,1322
1,"Lip,  oral cavity and pharynx ",276,Germany,2,1,2012,1.283878027,3.128963283,0.1545993658,1303
1,"Lip,  oral cavity and pharynx ",276,Germany,2,1,2013,1.362263064,3.373282322,0.1665756494,1389
1,"Lip,  oral cavity and pharynx ",276,Germany,2,1,2014,1.307494648,3.277125107,0.1580275266,1353
1,"Lip,  oral cavity and pharynx ",276,Germany,2,1,2015,1.292272442,3.319534301,0.1562140371,1378
1,"Lip,  oral cavity and pharynx ",276,Germany,2,1,2016,1.243828706,3.322707855,0.1527883386,1387
1,"Lip,  oral cavity and pharynx ",276,Germany,2,1,2017,1.260288058,3.347126662,0.1536887488,1402
1,"Lip,  oral cavity and pharynx ",276,Germany,2,1,2018,1.261619859,3.433279382,0.1550936001,1442
1,"Lip,  oral cavity and pharynx ",276,Germany,2,1,2019,1.277774552,3.513830666,0.1559914463,1479
1,"Lip,  oral cavity and pharynx ",276,Germany,2,1,2020,1.152112226,3.316020557,0.1398380248,1397
1,"Lip,  oral cavity and pharynx ",300,Greece,1,1,2007,1.965267924,3.460301552,0.2284402063,188
1,"Lip,  oral cavity and pharynx ",300,Greece,1,1,2008,1.824568978,3.363906587,0.2129409754,183
1,"Lip,  oral cavity and pharynx ",300,Greece,1,1,2009,1.921346516,3.580103109,0.2145898011,195
1,"Lip,  oral cavity and pharynx ",300,Greece,1,1,2010,1.626281582,3.176808782,0.1781748146,173
1,"Lip,  oral cavity and pharynx ",300,Greece,1,1,2011,1.874260802,3.538134502,0.2129222222,192
1,"Lip,  oral cavity and pharynx ",300,Greece,1,1,2012,2.352137479,4.311070495,0.2723021876,232
1,"Lip,  oral cavity and pharynx ",300,Greece,1,1,2013,2.179774143,4.20693184,0.2633034867,224
1,"Lip,  oral cavity and pharynx ",300,Greece,1,1,2014,2.362924814,4.740609493,0.2674054868,250
1,"Lip,  oral cavity and pharynx ",300,Greece,1,1,2015,2.259795736,4.782683472,0.2683158724,250
1,"Lip,  oral cavity and pharynx ",300,Greece,1,1,2016,2.267018397,4.978519323,0.2394131903,259
1,"Lip,  oral cavity and pharynx ",300,Greece,1,1,2017,2.376324516,5.197868412,0.2865718536,270
1,"Lip,  oral cavity and pharynx ",300,Greece,1,1,2018,2.453571882,5.320850669,0.280492111,276
1,"Lip,  oral cavity and pharynx ",300,Greece,1,1,2019,2.237739225,4.87554544,0.2640820461,253
1,"Lip,  oral cavity and pharynx ",300,Greece,1,1,2020,2.204291174,4.879295769,0.2657262035,253
1,"Lip,  oral cavity and pharynx ",300,Greece,1,1,2021,2.394064446,5.365299855,0.2745689422,275
1,"Lip,  oral cavity and pharynx ",300,Greece,2,1,2007,0.5066887935,1.354075875,0.04578253317,76
1,"Lip,  oral cavity and pharynx ",300,Greece,2,1,2008,0.5455159367,1.561178182,0.05150490476,88
1,"Lip,  oral cavity and pharynx ",300,Greece,2,1,2009,0.4141536435,1.14814649,0.03646133897,65
1,"Lip,  oral cavity and pharynx ",300,Greece,2,1,2010,0.6018973368,1.514363518,0.06013043628,86
1,"Lip,  oral cavity and pharynx ",300,Greece,2,1,2011,0.583872872,1.513483643,0.05981846984,86
1,"Lip,  oral cavity and pharynx ",300,Greece,2,1,2012,0.6831944229,1.782309904,0.06763920753,101
1,"Lip,  oral cavity and pharynx ",300,Greece,2,1,2013,0.5757013689,1.789829692,0.05641105079,101
1,"Lip,  oral cavity and pharynx ",300,Greece,2,1,2014,0.7038887818,2.20656942,0.06474686109,124
1,"Lip,  oral cavity and pharynx ",300,Greece,2,1,2015,0.6955877955,2.16314338,0.06817136699,121
1,"Lip,  oral cavity and pharynx ",300,Greece,2,1,2016,0.7312312785,2.117293009,0.07249930396,118
1,"Lip,  oral cavity and pharynx ",300,Greece,2,1,2017,0.6829221695,2.086670019,0.07419447673,116
1,"Lip,  oral cavity and pharynx ",300,Greece,2,1,2018,0.7495393947,2.471272361,0.07609998507,137
1,"Lip,  oral cavity and pharynx ",300,Greece,2,1,2019,0.8248097976,2.658510285,0.08457713305,147
1,"Lip,  oral cavity and pharynx ",300,Greece,2,1,2020,0.8313736135,2.647712191,0.08245079177,146
1,"Lip,  oral cavity and pharynx ",300,Greece,2,1,2021,0.7787888176,2.750258891,0.08397914844,150
1,"Lip,  oral cavity and pharynx ",32,Argentina,1,0,2007,3.514178465,3.66194845,0.4820771208,30
1,"Lip,  oral cavity and pharynx ",32,Argentina,1,0,2008,3.455995385,3.616972281,0.4493974644,30
1,"Lip,  oral cavity and pharynx ",32,Argentina,1,0,2009,4.318434234,4.520585916,0.4908922386,38
1,"Lip,  oral cavity and pharynx ",32,Argentina,1,0,2010,3.083230071,3.640599971,0.4131556398,31
1,"Lip,  oral cavity and pharynx ",32,Argentina,1,0,2011,3.166577473,3.65305413,0.3295897005,31
1,"Lip,  oral cavity and pharynx ",32,Argentina,1,0,2012,3.591737197,4.190661112,0.4013008276,36
1,"Lip,  oral cavity and pharynx ",32,Argentina,1,0,2013,5.511198584,6.099104697,0.5634812976,53
1,"Lip,  oral cavity and pharynx ",32,Argentina,1,0,2014,4.558528414,5.457708445,0.4712898885,48
1,"Lip,  oral cavity and pharynx ",32,Argentina,1,0,2015,4.578316219,5.164471579,0.4740388284,46
1,"Lip,  oral cavity and pharynx ",32,Argentina,1,0,2016,4.319661185,4.770685359,0.5131341225,43
1,"Lip,  oral cavity and pharynx ",32,Argentina,1,0,2017,4.592057178,5.161267651,0.4980064478,47
1,"Lip,  oral cavity and pharynx ",32,Argentina,1,1,2007,2.809148065,3.063248486,0.3445792476,605
1,"Lip,  oral cavity and pharynx ",32,Argentina,1,1,2008,2.69930622,2.975988135,0.328896856,594
1,"Lip,  oral cavity and pharynx ",32,Argentina,1,1,2009,2.623429051,2.91854015,0.3111820918,589
1,"Lip,  oral cavity and pharynx ",32,Argentina,1,1,2010,2.630463793,2.989466663,0.3095304789,610
1,"Lip,  oral cavity and pharynx ",32,Argentina,1,1,2011,2.523801606,2.88391864,0.2980592051,595
1,"Lip,  oral cavity and pharynx ",32,Argentina,1,1,2012,2.455882423,2.824343617,0.3015678706,589
1,"Lip,  oral cavity and pharynx ",32,Argentina,1,1,2013,2.687132935,3.136360335,0.3195647641,661
1,"Lip,  oral cavity and pharynx ",32,Argentina,1,1,2014,2.481591871,2.928793566,0.2959361675,624
1,"Lip,  oral cavity and pharynx ",32,Argentina,1,1,2015,2.372765468,2.80902763,0.2792191481,605
1,"Lip,  oral cavity and pharynx ",32,Argentina,1,1,2016,2.296349677,2.753655265,0.2730196247,599
1,"Lip,  oral cavity and pharynx ",32,Argentina,1,1,2017,2.43525155,2.928964236,0.2940184344,643
1,"Lip,  oral cavity and pharynx ",32,Argentina,1,1,2018,2.218793063,2.687105468,0.2697892229,595
1,"Lip,  oral cavity and pharynx ",32,Argentina,1,1,2019,2.312494369,2.882411055,0.2819492865,643
1,"Lip,  oral cavity and pharynx ",32,Argentina,1,1,2020,2.123716989,2.667322703,0.2610695197,598
1,"Lip,  oral cavity and pharynx ",32,Argentina,1,1,2021,2.177249106,2.762687174,0.2659601533,621
1,"Lip,  oral cavity and pharynx ",32,Argentina,1,1,2022,2.099523758,2.667894342,0.2583635191,601
1,"Lip,  oral cavity and pharynx ",32,Argentina,2,0,2007,1.459523924,1.753147484,0.1488697001,15
1,"Lip,  oral cavity and pharynx ",32,Argentina,2,0,2008,2.084668805,3.00182072,0.2265931786,26
1,"Lip,  oral cavity and pharynx ",32,Argentina,2,0,2009,2.233355084,2.848350406,0.2458711948,25
1,"Lip,  oral cavity and pharynx ",32,Argentina,2,0,2010,1.592822176,2.249812422,0.1480183827,20
1,"Lip,  oral cavity and pharynx ",32,Argentina,2,0,2011,1.940754666,2.461001516,0.237332396,22
1,"Lip,  oral cavity and pharynx ",32,Argentina,2,0,2012,1.981765646,2.762852236,0.2221460678,25
1,"Lip,  oral cavity and pharynx ",32,Argentina,2,0,2013,1.973650119,2.622268743,0.2128371752,24
1,"Lip,  oral cavity and pharynx ",32,Argentina,2,0,2014,2.555047403,3.130995451,0.2951194409,29
1,"Lip,  oral cavity and pharynx ",32,Argentina,2,0,2015,1.901730523,2.558796342,0.218006889,24
1,"Lip,  oral cavity and pharynx ",32,Argentina,2,0,2016,1.159553915,1.369783627,0.1520346632,13
1,"Lip,  oral cavity and pharynx ",32,Argentina,2,0,2017,1.844171303,2.711855921,0.1820210665,26
1,"Lip,  oral cavity and pharynx ",32,Argentina,2,1,2007,0.768867577,1.16448395,0.08510255345,236
1,"Lip,  oral cavity and pharynx ",32,Argentina,2,1,2008,0.756722494,1.158109225,0.08949137549,237
1,"Lip,  oral cavity and pharynx ",32,Argentina,2,1,2009,0.7013668368,1.073838047,0.07975755284,222
1,"Lip,  oral cavity and pharynx ",32,Argentina,2,1,2010,0.7123993398,1.163586021,0.07201709924,243
1,"Lip,  oral cavity and pharynx ",32,Argentina,2,1,2011,0.7201664555,1.123275426,0.07906093762,237
1,"Lip,  oral cavity and pharynx ",32,Argentina,2,1,2012,0.7492231248,1.177999005,0.08193969342,251
1,"Lip,  oral cavity and pharynx ",32,Argentina,2,1,2013,0.6477271729,1.069415728,0.06789865047,230
1,"Lip,  oral cavity and pharynx ",32,Argentina,2,1,2014,0.804663604,1.275417969,0.0895735377,277
1,"Lip,  oral cavity and pharynx ",32,Argentina,2,1,2015,0.7061611872,1.239783749,0.07046404793,272
1,"Lip,  oral cavity and pharynx ",32,Argentina,2,1,2016,0.8024748539,1.300377846,0.0815446484,288
1,"Lip,  oral cavity and pharynx ",32,Argentina,2,1,2017,0.807014311,1.338661654,0.08612859707,299
1,"Lip,  oral cavity and pharynx ",32,Argentina,2,1,2018,0.7205780403,1.190471114,0.08088063984,268
1,"Lip,  oral cavity and pharynx ",32,Argentina,2,1,2019,0.7394265238,1.301523109,0.07947859193,295
1,"Lip,  oral cavity and pharynx ",32,Argentina,2,1,2020,0.7056917203,1.220771739,0.07746780779,278
1,"Lip,  oral cavity and pharynx ",32,Argentina,2,1,2021,0.7097984591,1.256888444,0.07727071587,287
1,"Lip,  oral cavity and pharynx ",32,Argentina,2,1,2022,0.7273124119,1.289291993,0.07846304813,295
1,"Lip,  oral cavity and pharynx ",320,Guatemala,1,1,2007,1.896422876,1.076294539,0.166905003,73
1,"Lip,  oral cavity and pharynx ",320,Guatemala,1,1,2008,1.694055744,0.8957220603,0.2108012609,62
1,"Lip,  oral cavity and pharynx ",320,Guatemala,1,1,2009,1.73836771,0.9915397578,0.2008934215,70
1,"Lip,  oral cavity and pharynx ",320,Guatemala,1,1,2010,1.48093049,0.8750134898,0.1337188865,63
1,"Lip,  oral cavity and pharynx ",320,Guatemala,1,1,2011,1.46485935,0.8714472356,0.1428738834,64
1,"Lip,  oral cavity and pharynx ",320,Guatemala,1,1,2012,1.174320191,0.6273949467,0.104232585,47
1,"Lip,  oral cavity and pharynx ",320,Guatemala,1,1,2013,1.250300579,0.7331126839,0.1099026351,56
1,"Lip,  oral cavity and pharynx ",320,Guatemala,1,1,2014,1.510332578,0.834999693,0.1493363889,65
1,"Lip,  oral cavity and pharynx ",320,Guatemala,1,1,2015,1.347984369,0.7820308483,0.1243486083,62
1,"Lip,  oral cavity and pharynx ",320,Guatemala,1,1,2016,1.33568179,0.7801589964,0.1278002482,63
1,"Lip,  oral cavity and pharynx ",320,Guatemala,1,1,2017,1.144938818,0.680985191,0.1342132369,56
1,"Lip,  oral cavity and pharynx ",320,Guatemala,1,1,2018,1.100126344,0.6816835575,0.1062119452,57
1,"Lip,  oral cavity and pharynx ",320,Guatemala,1,1,2019,0.9984276975,0.6007152045,0.1072758524,51
1,"Lip,  oral cavity and pharynx ",320,Guatemala,1,1,2020,1.218367269,0.7545859088,0.1153278549,65
1,"Lip,  oral cavity and pharynx ",320,Guatemala,1,1,2021,1.586617891,1.030924765,0.1538523928,90
1,"Lip,  oral cavity and pharynx ",320,Guatemala,1,1,2022,1.205478234,0.7230436613,0.1186208012,64
1,"Lip,  oral cavity and pharynx ",320,Guatemala,2,1,2007,1.100053209,0.640511664,0.1055482031,44
1,"Lip,  oral cavity and pharynx ",320,Guatemala,2,1,2008,0.8197716618,0.5560795536,0.06601174608,39
1,"Lip,  oral cavity and pharynx ",320,Guatemala,2,1,2009,1.012867596,0.6987260826,0.08950961914,50
1,"Lip,  oral cavity and pharynx ",320,Guatemala,2,1,2010,0.6852764571,0.4383427739,0.07665243729,32
1,"Lip,  oral cavity and pharynx ",320,Guatemala,2,1,2011,0.5618748949,0.3893651227,0.06387858148,29
1,"Lip,  oral cavity and pharynx ",320,Guatemala,2,1,2012,0.7165371453,0.5132693958,0.06149527084,39
1,"Lip,  oral cavity and pharynx ",320,Guatemala,2,1,2013,0.9088623922,0.6323661787,0.08342486555,49
1,"Lip,  oral cavity and pharynx ",320,Guatemala,2,1,2014,0.9435036164,0.658453556,0.073254014,52
1,"Lip,  oral cavity and pharynx ",320,Guatemala,2,1,2015,0.7254739175,0.4972857522,0.07850809352,40
1,"Lip,  oral cavity and pharynx ",320,Guatemala,2,1,2016,0.9289000298,0.6224460641,0.1106652191,51
1,"Lip,  oral cavity and pharynx ",320,Guatemala,2,1,2017,0.8643587845,0.6351881787,0.07873056169,53
1,"Lip,  oral cavity and pharynx ",320,Guatemala,2,1,2018,0.8226948466,0.5893422175,0.08854836388,50
1,"Lip,  oral cavity and pharynx ",320,Guatemala,2,1,2019,0.6241944483,0.4527553822,0.04654257058,39
1,"Lip,  oral cavity and pharynx ",320,Guatemala,2,1,2020,0.6215256148,0.4460542045,0.06875993587,39
1,"Lip,  oral cavity and pharynx ",320,Guatemala,2,1,2021,0.8688674377,0.6314394847,0.08629617754,56
1,"Lip,  oral cavity and pharynx ",320,Guatemala,2,1,2022,0.5793477287,0.4446217991,0.0620579491,40
1,"Lip,  oral cavity and pharynx ",328,Guyana,1,1,2007,2.723039317,1.8556466,0.4531813257,7
1,"Lip,  oral cavity and pharynx ",328,Guyana,1,1,2008,1.182155373,1.064013726,0.069186345,4
1,"Lip,  oral cavity and pharynx ",328,Guyana,1,1,2009,1.592154126,1.3350814,0.1788735612,5
1,"Lip,  oral cavity and pharynx ",328,Guyana,1,1,2010,2.707018612,1.877204039,0.4579246098,7
1,"Lip,  oral cavity and pharynx ",328,Guyana,1,1,2011,3.605301665,2.425026271,0.3982867627,9
1,"Lip,  oral cavity and pharynx ",328,Guyana,1,1,2012,2.273061525,1.619957881,0.2686918349,6
1,"Lip,  oral cavity and pharynx ",328,Guyana,1,1,2013,2.697917406,2.157258771,0.265298052,8
1,"Lip,  oral cavity and pharynx ",328,Guyana,1,1,2014,3.062517224,2.69134088,0.2619101312,10
1,"Lip,  oral cavity and pharynx ",328,Guyana,1,1,2015,3.36531045,2.684570965,0.4132753935,10
1,"Lip,  oral cavity and pharynx ",328,Guyana,1,1,2016,4.779408712,3.747483832,0.7936551782,14
1,"Lip,  oral cavity and pharynx ",328,Guyana,1,1,2017,2.951534343,2.401383197,0.344308259,9
1,"Lip,  oral cavity and pharynx ",328,Guyana,1,1,2018,3.137278832,2.835833593,0.2572812887,11
1,"Lip,  oral cavity and pharynx ",328,Guyana,1,1,2019,4.019322066,3.784075601,0.4112663306,15
1,"Lip,  oral cavity and pharynx ",328,Guyana,2,1,2007,1.730324911,1.317058009,0.1771236976,5
1,"Lip,  oral cavity and pharynx ",328,Guyana,2,1,2008,0.7360634596,0.7922444549,0.02088336632,3
1,"Lip,  oral cavity and pharynx ",328,Guyana,2,1,2009,0.973858417,0.7945167749,0.07331442028,3
1,"Lip,  oral cavity and pharynx ",328,Guyana,2,1,2010,0.7024535825,0.5314032766,0.05027904766,2
1,"Lip,  oral cavity and pharynx ",328,Guyana,2,1,2011,0.2551020408,0.2666488901,0,1
1,"Lip,  oral cavity and pharynx ",328,Guyana,2,1,2012,0.6779321845,0.5320436595,0.101356789,2
1,"Lip,  oral cavity and pharynx ",328,Guyana,2,1,2013,0.9031997119,0.7911767964,0.07135919811,3
1,"Lip,  oral cavity and pharynx ",328,Guyana,2,1,2014,0.3621438918,0.2613238142,0.06033910394,1
1,"Lip,  oral cavity and pharynx ",328,Guyana,2,1,2015,0.6956396207,0.517753777,0.145002831,2
1,"Lip,  oral cavity and pharynx ",328,Guyana,2,1,2016,1.039767837,1.025730448,0.1069076636,4
1,"Lip,  oral cavity and pharynx ",328,Guyana,2,1,2017,1.524202279,1.524041759,0.09115578013,6
1,"Lip,  oral cavity and pharynx ",328,Guyana,2,1,2018,1.073184744,0.9909305085,0.09586119374,4
1,"Lip,  oral cavity and pharynx ",328,Guyana,2,1,2019,1.158201352,1.215755215,0.09797093166,5
1,"Lip,  oral cavity and pharynx ",348,Hungary,1,1,2007,18.49876274,27.11041577,2.122858864,1292
1,"Lip,  oral cavity and pharynx ",348,Hungary,1,1,2008,19.329599,28.66990555,2.280928623,1364
1,"Lip,  oral cavity and pharynx ",348,Hungary,1,1,2009,17.64789441,26.20341829,2.071778035,1245
1,"Lip,  oral cavity and pharynx ",348,Hungary,1,1,2010,17.24711136,25.98173581,2.059581355,1232
1,"Lip,  oral cavity and pharynx ",348,Hungary,1,1,2011,16.38157483,25.64983638,1.977167765,1213
1,"Lip,  oral cavity and pharynx ",348,Hungary,1,1,2012,16.50208063,25.96219332,1.983400683,1225
1,"Lip,  oral cavity and pharynx ",348,Hungary,1,1,2013,15.24474232,24.34316729,1.82399617,1146
1,"Lip,  oral cavity and pharynx ",348,Hungary,1,1,2014,15.28759426,24.62952207,1.843365883,1157
1,"Lip,  oral cavity and pharynx ",348,Hungary,1,1,2015,15.25689456,24.88185649,1.865553191,1167
1,"Lip,  oral cavity and pharynx ",348,Hungary,1,1,2016,14.4141407,23.97380061,1.820058697,1122
1,"Lip,  oral cavity and pharynx ",348,Hungary,1,1,2017,13.21122768,22.15230038,1.644823845,1035
1,"Lip,  oral cavity and pharynx ",348,Hungary,1,1,2018,13.07170599,22.19048078,1.680120765,1037
1,"Lip,  oral cavity and pharynx ",348,Hungary,1,1,2019,12.76692329,21.7612923,1.638778019,1018
1,"Lip,  oral cavity and pharynx ",348,Hungary,1,1,2020,11.85704543,20.41919931,1.5435962,954
1,"Lip,  oral cavity and pharynx ",348,Hungary,1,1,2021,11.0238961,19.25111446,1.417408154,896
1,"Lip,  oral cavity and pharynx ",348,Hungary,1,1,2022,9.818643212,17.45912659,1.314137051,811
1,"Lip,  oral cavity and pharynx ",348,Hungary,1,1,2023,9.587949211,16.95323843,1.277482387,788
1,"Lip,  oral cavity and pharynx ",348,Hungary,2,1,2007,2.947016924,5.485551503,0.3301997316,289
1,"Lip,  oral cavity and pharynx ",348,Hungary,2,1,2008,3.040952502,5.457254203,0.3557546992,287
1,"Lip,  oral cavity and pharynx ",348,Hungary,2,1,2009,2.974664614,5.257053237,0.3483309337,276
1,"Lip,  oral cavity and pharynx ",348,Hungary,2,1,2010,2.914297863,5.575353577,0.3287675402,292
1,"Lip,  oral cavity and pharynx ",348,Hungary,2,1,2011,2.7479659,5.38561636,0.3221965627,281
1,"Lip,  oral cavity and pharynx ",348,Hungary,2,1,2012,3.032846606,5.982813167,0.3508052555,311
1,"Lip,  oral cavity and pharynx ",348,Hungary,2,1,2013,2.691227989,5.5001679,0.3284566311,285
1,"Lip,  oral cavity and pharynx ",348,Hungary,2,1,2014,2.926134677,5.866150136,0.3584418708,303
1,"Lip,  oral cavity and pharynx ",348,Hungary,2,1,2015,2.906960799,5.923426794,0.3548804549,305
1,"Lip,  oral cavity and pharynx ",348,Hungary,2,1,2016,2.536549236,5.321198661,0.3113654787,273
1,"Lip,  oral cavity and pharynx ",348,Hungary,2,1,2017,2.70051434,5.827820942,0.3297495897,298
1,"Lip,  oral cavity and pharynx ",348,Hungary,2,1,2018,2.449668397,5.469281506,0.3018578402,279
1,"Lip,  oral cavity and pharynx ",348,Hungary,2,1,2019,2.597156546,5.753767613,0.3238259023,293
1,"Lip,  oral cavity and pharynx ",348,Hungary,2,1,2020,2.250263907,5.101053042,0.2728750758,259
1,"Lip,  oral cavity and pharynx ",348,Hungary,2,1,2021,2.16579216,4.986570394,0.2731913585,252
1,"Lip,  oral cavity and pharynx ",348,Hungary,2,1,2022,1.940064887,4.603932334,0.2435557225,232
1,"Lip,  oral cavity and pharynx ",348,Hungary,2,1,2023,2.202123627,5.43825163,0.2878134989,274
1,"Lip,  oral cavity and pharynx ",352,Iceland,1,0,2007,5.537541827,6.924248719,0.7611707475,11
1,"Lip,  oral cavity and pharynx ",352,Iceland,1,0,2008,4.341688783,6.128539998,0.3963331718,10
1,"Lip,  oral cavity and pharynx ",352,Iceland,1,0,2009,7.74857419,10.52364415,0.879360386,17
1,"Lip,  oral cavity and pharynx ",352,Iceland,1,0,2010,4.347505083,5.630947688,0.5095978598,9
1,"Lip,  oral cavity and pharynx ",352,Iceland,1,0,2011,9.60036905,13.73506312,1.190524004,22
1,"Lip,  oral cavity and pharynx ",352,Iceland,1,0,2012,4.691659216,6.836969358,0.4873247414,11
1,"Lip,  oral cavity and pharynx ",352,Iceland,1,0,2013,6.512290865,9.854097765,0.781410859,16
1,"Lip,  oral cavity and pharynx ",352,Iceland,1,0,2014,6.934821042,9.741841208,0.6818756671,16
1,"Lip,  oral cavity and pharynx ",352,Iceland,1,0,2015,4.914178991,8.422876533,0.643800866,14
1,"Lip,  oral cavity and pharynx ",352,Iceland,1,0,2016,9.220810196,13.59884587,1.093318487,23
1,"Lip,  oral cavity and pharynx ",352,Iceland,1,0,2017,8.324867191,10.32725937,0.7565168214,18
1,"Lip,  oral cavity and pharynx ",352,Iceland,1,0,2018,7.771470665,11.65294209,0.8155391425,21
1,"Lip,  oral cavity and pharynx ",352,Iceland,1,0,2019,7.271859482,10.27665846,0.7046689971,19
1,"Lip,  oral cavity and pharynx ",352,Iceland,1,0,2020,8.397689475,11.17068811,1.006530544,21
1,"Lip,  oral cavity and pharynx ",352,Iceland,1,0,2021,7.561534311,10.99039126,0.8446073667,21
1,"Lip,  oral cavity and pharynx ",352,Iceland,1,0,2022,10.55311022,15.77576029,1.257832833,31
1,"Lip,  oral cavity and pharynx ",352,Iceland,2,0,2007,4.104940411,6.557076069,0.4288185827,10
1,"Lip,  oral cavity and pharynx ",352,Iceland,2,0,2008,4.534101247,7.044463372,0.6349072748,11
1,"Lip,  oral cavity and pharynx ",352,Iceland,2,0,2009,3.960570123,6.976773686,0.4069404552,11
1,"Lip,  oral cavity and pharynx ",352,Iceland,2,0,2010,2.997882965,5.059032586,0.4040644661,8
1,"Lip,  oral cavity and pharynx ",352,Iceland,2,0,2011,1.846792727,3.148872389,0.1013630433,5
1,"Lip,  oral cavity and pharynx ",352,Iceland,2,0,2012,5.389941384,8.762596232,0.7032097269,14
1,"Lip,  oral cavity and pharynx ",352,Iceland,2,0,2013,1.728101457,3.098853424,0.1562247076,5
1,"Lip,  oral cavity and pharynx ",352,Iceland,2,0,2014,3.455071181,5.518053231,0.5080752592,9
1,"Lip,  oral cavity and pharynx ",352,Iceland,2,0,2015,2.85643699,5.469196271,0.3092506921,9
1,"Lip,  oral cavity and pharynx ",352,Iceland,2,0,2016,2.690416662,5.413273346,0.3400322069,9
1,"Lip,  oral cavity and pharynx ",352,Iceland,2,0,2017,2.851564555,4.140566311,0.2279735758,7
1,"Lip,  oral cavity and pharynx ",352,Iceland,2,0,2018,3.467435457,5.217451797,0.3610356191,9
1,"Lip,  oral cavity and pharynx ",352,Iceland,2,0,2019,3.516271715,7.400281211,0.4406843992,13
1,"Lip,  oral cavity and pharynx ",352,Iceland,2,0,2020,2.706330032,6.723781455,0.2085458513,12
1,"Lip,  oral cavity and pharynx ",352,Iceland,2,0,2021,4.137932812,8.817613182,0.4905943292,16
1,"Lip,  oral cavity and pharynx ",352,Iceland,2,0,2022,4.240761034,8.085861063,0.4703541085,15
1,"Lip,  oral cavity and pharynx ",356,India,1,0,2007,17.53855872,14.42719835,2.057287853,1602
1,"Lip,  oral cavity and pharynx ",356,India,1,0,2008,18.0710405,14.88967879,2.141402138,1672
1,"Lip,  oral cavity and pharynx ",356,India,1,0,2009,18.60209359,15.64941627,2.186639612,1769
1,"Lip,  oral cavity and pharynx ",356,India,1,0,2010,18.50358902,15.70577243,2.101156762,1819
1,"Lip,  oral cavity and pharynx ",356,India,1,0,2011,18.57513341,17.5605587,2.168606198,1827
1,"Lip,  oral cavity and pharynx ",356,India,1,0,2012,19.70649031,18.99285206,2.266761332,1983
1,"Lip,  oral cavity and pharynx ",356,India,1,0,2013,20.70181553,20.49098969,2.351747632,2147
1,"Lip,  oral cavity and pharynx ",356,India,1,0,2014,21.09705878,21.29332762,2.416154238,2239
1,"Lip,  oral cavity and pharynx ",356,India,1,0,2015,19.81652954,20.32686547,2.210036698,2145
1,"Lip,  oral cavity and pharynx ",356,India,1,0,2016,19.05921284,19.75394255,2.13647729,2092
1,"Lip,  oral cavity and pharynx ",356,India,1,0,2017,21.77538653,22.86348065,2.489264458,2430
1,"Lip,  oral cavity and pharynx ",356,India,2,0,2007,7.709032906,6.849370472,0.8802373072,652
1,"Lip,  oral cavity and pharynx ",356,India,2,0,2008,7.479068273,6.875775143,0.836827799,664
1,"Lip,  oral cavity and pharynx ",356,India,2,0,2009,7.918696372,7.354245435,0.9285917382,721
1,"Lip,  oral cavity and pharynx ",356,India,2,0,2010,7.711986048,7.234437767,0.8922773197,722
1,"Lip,  oral cavity and pharynx ",356,India,2,0,2011,7.986802292,7.914711411,0.9633374271,742
1,"Lip,  oral cavity and pharynx ",356,India,2,0,2012,7.501391577,7.694497746,0.8769075661,727
1,"Lip,  oral cavity and pharynx ",356,India,2,0,2013,8.46633649,8.684810885,1.020856409,827
1,"Lip,  oral cavity and pharynx ",356,India,2,0,2014,7.824055774,8.231751951,0.8595733358,790
1,"Lip,  oral cavity and pharynx ",356,India,2,0,2015,8.104814295,8.529583542,0.9343534766,825
1,"Lip,  oral cavity and pharynx ",356,India,2,0,2016,7.128199683,7.745119703,0.8047807329,755
1,"Lip,  oral cavity and pharynx ",356,India,2,0,2017,7.547357052,8.295543654,0.859926147,815
1,"Lip,  oral cavity and pharynx ",36,Australia,1,0,2007,14.37477645,20.71731588,1.651426656,2152
1,"Lip,  oral cavity and pharynx ",36,Australia,1,0,2008,13.69228298,20.00211754,1.552069543,2114
1,"Lip,  oral cavity and pharynx ",36,Australia,1,0,2009,14.49596272,20.95946562,1.674463179,2263
1,"Lip,  oral cavity and pharynx ",36,Australia,1,0,2010,15.64883993,22.71209816,1.791463389,2490
1,"Lip,  oral cavity and pharynx ",36,Australia,1,0,2011,14.5386625,21.5638593,1.721842016,2397
1,"Lip,  oral cavity and pharynx ",36,Australia,1,0,2012,15.06907318,22.40342096,1.753190616,2533
1,"Lip,  oral cavity and pharynx ",36,Australia,1,0,2013,15.13845487,22.75444118,1.738687673,2619
1,"Lip,  oral cavity and pharynx ",36,Australia,1,0,2014,14.75566586,22.62867973,1.719476663,2641
1,"Lip,  oral cavity and pharynx ",36,Australia,1,0,2015,15.18955709,23.13766326,1.773012746,2737
1,"Lip,  oral cavity and pharynx ",36,Australia,1,0,2016,14.98984529,23.05109913,1.758114435,2767
1,"Lip,  oral cavity and pharynx ",36,Australia,1,0,2017,14.33549893,22.18483682,1.733733006,2707
1,"Lip,  oral cavity and pharynx ",36,Australia,1,1,2007,2.924807753,4.52483202,0.351043725,474
1,"Lip,  oral cavity and pharynx ",36,Australia,1,1,2008,2.78502525,4.468908968,0.3274204812,478
1,"Lip,  oral cavity and pharynx ",36,Australia,1,1,2009,3.010808451,4.775687688,0.3716768196,522
1,"Lip,  oral cavity and pharynx ",36,Australia,1,1,2010,3.072356616,4.963854849,0.3627983095,551
1,"Lip,  oral cavity and pharynx ",36,Australia,1,1,2011,2.740242903,4.434157439,0.3273129731,493
1,"Lip,  oral cavity and pharynx ",36,Australia,1,1,2012,2.939835558,4.835221058,0.3586427696,547
1,"Lip,  oral cavity and pharynx ",36,Australia,1,1,2013,3.019349582,5.049720627,0.351695778,581
1,"Lip,  oral cavity and pharynx ",36,Australia,1,1,2014,2.802291436,4.726273422,0.3454513387,552
1,"Lip,  oral cavity and pharynx ",36,Australia,1,1,2015,3.094725982,5.427958144,0.3596905708,642
1,"Lip,  oral cavity and pharynx ",36,Australia,1,1,2016,2.834785443,4.9737404,0.3316093486,597
1,"Lip,  oral cavity and pharynx ",36,Australia,1,1,2017,2.777768172,4.924527721,0.3309407353,601
1,"Lip,  oral cavity and pharynx ",36,Australia,1,1,2018,2.822520092,5.141151235,0.3336981371,637
1,"Lip,  oral cavity and pharynx ",36,Australia,1,1,2019,3.049242577,5.454305049,0.3588379761,686
1,"Lip,  oral cavity and pharynx ",36,Australia,1,1,2020,2.829804007,5.232295456,0.3484907699,666
1,"Lip,  oral cavity and pharynx ",36,Australia,1,1,2021,2.930981561,5.655163651,0.3634412896,721
1,"Lip,  oral cavity and pharynx ",36,Australia,1,1,2022,2.981213651,5.733218617,0.3539234059,740
1,"Lip,  oral cavity and pharynx ",36,Australia,1,1,2023,2.851763668,5.708609725,0.3383170738,755
1,"Lip,  oral cavity and pharynx ",36,Australia,2,0,2007,5.065162954,8.424233763,0.5490956962,886
1,"Lip,  oral cavity and pharynx ",36,Australia,2,0,2008,5.030949157,8.448385609,0.5542599905,902
1,"Lip,  oral cavity and pharynx ",36,Australia,2,0,2009,5.115483948,8.263942993,0.5717999368,900
1,"Lip,  oral cavity and pharynx ",36,Australia,2,0,2010,5.581563929,9.354520041,0.6192478402,1035
1,"Lip,  oral cavity and pharynx ",36,Australia,2,0,2011,5.286445417,9.063527306,0.5864661434,1017
1,"Lip,  oral cavity and pharynx ",36,Australia,2,0,2012,5.727066409,9.471021958,0.6458002195,1081
1,"Lip,  oral cavity and pharynx ",36,Australia,2,0,2013,5.636932574,9.525585404,0.6315072968,1107
1,"Lip,  oral cavity and pharynx ",36,Australia,2,0,2014,5.408444875,9.189267748,0.6070091672,1085
1,"Lip,  oral cavity and pharynx ",36,Australia,2,0,2015,5.719651108,9.868579386,0.6496580659,1183
1,"Lip,  oral cavity and pharynx ",36,Australia,2,0,2016,5.122659135,8.821956183,0.5731966958,1075
1,"Lip,  oral cavity and pharynx ",36,Australia,2,0,2017,4.634148741,8.066812568,0.5238747824,1000
1,"Lip,  oral cavity and pharynx ",36,Australia,2,1,2007,0.9162565608,1.915650059,0.09632828056,203
1,"Lip,  oral cavity and pharynx ",36,Australia,2,1,2008,0.9068178479,1.842180319,0.09339612763,199
1,"Lip,  oral cavity and pharynx ",36,Australia,2,1,2009,0.9785014824,1.959828417,0.1038171451,216
1,"Lip,  oral cavity and pharynx ",36,Australia,2,1,2010,0.9152903739,1.884387723,0.08804248816,211
1,"Lip,  oral cavity and pharynx ",36,Australia,2,1,2011,0.8600162745,1.853536735,0.09195126196,208
1,"Lip,  oral cavity and pharynx ",36,Australia,2,1,2012,0.8176771571,1.752014444,0.08751316408,200
1,"Lip,  oral cavity and pharynx ",36,Australia,2,1,2013,0.9766761371,2.041033207,0.104549339,237
1,"Lip,  oral cavity and pharynx ",36,Australia,2,1,2014,0.9202526761,1.936616651,0.1061718782,229
1,"Lip,  oral cavity and pharynx ",36,Australia,2,1,2015,0.9959866945,2.118724831,0.1083693681,254
1,"Lip,  oral cavity and pharynx ",36,Australia,2,1,2016,0.9238842794,2.051220115,0.09821349853,250
1,"Lip,  oral cavity and pharynx ",36,Australia,2,1,2017,0.8487991862,1.937048194,0.09245035462,240
1,"Lip,  oral cavity and pharynx ",36,Australia,2,1,2018,0.8875884594,1.996335492,0.09622381737,251
1,"Lip,  oral cavity and pharynx ",36,Australia,2,1,2019,0.9433798973,2.132061621,0.09831181427,272
1,"Lip,  oral cavity and pharynx ",36,Australia,2,1,2020,0.8619031271,2.066466062,0.08820249938,267
1,"Lip,  oral cavity and pharynx ",36,Australia,2,1,2021,0.9200327222,2.264996558,0.09216290848,293
1,"Lip,  oral cavity and pharynx ",36,Australia,2,1,2022,0.9147727028,2.206392354,0.1035055213,289
1,"Lip,  oral cavity and pharynx ",36,Australia,2,1,2023,1.037700109,2.676526423,0.1044014268,359
1,"Lip,  oral cavity and pharynx ",372,Ireland,1,0,2007,8.099923062,10.08545253,0.9602952823,221
1,"Lip,  oral cavity and pharynx ",372,Ireland,1,0,2008,8.130071952,10.22969461,0.9851005006,229
1,"Lip,  oral cavity and pharynx ",372,Ireland,1,0,2009,9.250795561,11.6508708,1.119986377,263
1,"Lip,  oral cavity and pharynx ",372,Ireland,1,0,2010,8.731526518,11.22810244,1.071050111,254
1,"Lip,  oral cavity and pharynx ",372,Ireland,1,0,2011,9.606145487,12.86056941,1.146414677,292
1,"Lip,  oral cavity and pharynx ",372,Ireland,1,0,2012,9.633008534,12.70320178,1.148525948,289
1,"Lip,  oral cavity and pharynx ",372,Ireland,1,0,2013,10.46634875,14.47861037,1.287616838,331
1,"Lip,  oral cavity and pharynx ",372,Ireland,1,0,2014,10.27505753,14.3973074,1.240556309,331
1,"Lip,  oral cavity and pharynx ",372,Ireland,1,0,2015,11.09463733,15.92083247,1.338018214,369
1,"Lip,  oral cavity and pharynx ",372,Ireland,1,0,2016,10.07080471,14.74507638,1.200373606,346
1,"Lip,  oral cavity and pharynx ",372,Ireland,1,0,2017,9.875304806,14.62835135,1.224656007,347
1,"Lip,  oral cavity and pharynx ",372,Ireland,1,1,2007,3.219465636,4.050472529,0.3998264836,89
1,"Lip,  oral cavity and pharynx ",372,Ireland,1,1,2008,3.356992669,4.378325768,0.3969860633,98
1,"Lip,  oral cavity and pharynx ",372,Ireland,1,1,2009,3.15344132,4.255006059,0.3666191263,96
1,"Lip,  oral cavity and pharynx ",372,Ireland,1,1,2010,2.427463812,3.488740532,0.2512640182,79
1,"Lip,  oral cavity and pharynx ",372,Ireland,1,1,2011,3.618772615,5.10719271,0.4492742992,116
1,"Lip,  oral cavity and pharynx ",372,Ireland,1,1,2012,3.681326356,5.133519778,0.4400406895,117
1,"Lip,  oral cavity and pharynx ",372,Ireland,1,1,2013,3.446957709,5.108804435,0.4260382136,117
1,"Lip,  oral cavity and pharynx ",372,Ireland,1,1,2014,3.473406047,5.032771586,0.4435811584,116
1,"Lip,  oral cavity and pharynx ",372,Ireland,1,1,2015,3.761163652,6.01782221,0.3981938275,140
1,"Lip,  oral cavity and pharynx ",372,Ireland,1,1,2016,3.278847615,5.313195896,0.4038980856,125
1,"Lip,  oral cavity and pharynx ",372,Ireland,1,1,2017,3.684576745,5.795026146,0.4771208003,138
1,"Lip,  oral cavity and pharynx ",372,Ireland,1,1,2018,3.727679067,6.092054676,0.4727334384,147
1,"Lip,  oral cavity and pharynx ",372,Ireland,1,1,2019,3.639600598,6.179925882,0.461855338,151
1,"Lip,  oral cavity and pharynx ",372,Ireland,1,1,2020,3.018883299,5.107081516,0.3542223747,126
1,"Lip,  oral cavity and pharynx ",372,Ireland,1,1,2021,3.245705086,5.984844286,0.3902231065,149
1,"Lip,  oral cavity and pharynx ",372,Ireland,1,1,2022,3.455025312,6.047258734,0.4397265622,153
1,"Lip,  oral cavity and pharynx ",372,Ireland,2,0,2007,3.228697969,4.577566172,0.3643404565,100
1,"Lip,  oral cavity and pharynx ",372,Ireland,2,0,2008,3.159125503,4.36236278,0.3220404307,98
1,"Lip,  oral cavity and pharynx ",372,Ireland,2,0,2009,3.631074267,5.184413544,0.4210009683,118
1,"Lip,  oral cavity and pharynx ",372,Ireland,2,0,2010,4.670227328,6.499222274,0.5364993765,149
1,"Lip,  oral cavity and pharynx ",372,Ireland,2,0,2011,3.980063232,5.684821353,0.457572289,131
1,"Lip,  oral cavity and pharynx ",372,Ireland,2,0,2012,3.683189329,5.175358394,0.3978568187,120
1,"Lip,  oral cavity and pharynx ",372,Ireland,2,0,2013,3.906881795,5.668793037,0.4217364691,132
1,"Lip,  oral cavity and pharynx ",372,Ireland,2,0,2014,3.663113307,5.284693694,0.4261431161,124
1,"Lip,  oral cavity and pharynx ",372,Ireland,2,0,2015,3.907214932,5.991386749,0.4612333029,142
1,"Lip,  oral cavity and pharynx ",372,Ireland,2,0,2016,4.030360511,6.184573584,0.4625915695,148
1,"Lip,  oral cavity and pharynx ",372,Ireland,2,0,2017,3.781119636,5.866837659,0.4730727642,142
1,"Lip,  oral cavity and pharynx ",372,Ireland,2,1,2007,1.040255283,1.684698634,0.1270579987,37
1,"Lip,  oral cavity and pharynx ",372,Ireland,2,1,2008,0.6628637891,1.112247581,0.06959248278,25
1,"Lip,  oral cavity and pharynx ",372,Ireland,2,1,2009,0.7566936163,1.361090207,0.06769247074,31
1,"Lip,  oral cavity and pharynx ",372,Ireland,2,1,2010,1.264714827,2.091820003,0.1428787976,48
1,"Lip,  oral cavity and pharynx ",372,Ireland,2,1,2011,1.154311905,2.036134014,0.1322816674,47
1,"Lip,  oral cavity and pharynx ",372,Ireland,2,1,2012,1.240657084,2.240419407,0.1556936548,52
1,"Lip,  oral cavity and pharynx ",372,Ireland,2,1,2013,1.215994617,1.970424359,0.1314195235,46
1,"Lip,  oral cavity and pharynx ",372,Ireland,2,1,2014,1.195261613,2.167127606,0.1446479267,51
1,"Lip,  oral cavity and pharynx ",372,Ireland,2,1,2015,0.9574586792,1.935974789,0.09949502323,46
1,"Lip,  oral cavity and pharynx ",372,Ireland,2,1,2016,1.299374318,2.624048782,0.1645567193,63
1,"Lip,  oral cavity and pharynx ",372,Ireland,2,1,2017,1.21505439,2.14087977,0.143076637,52
1,"Lip,  oral cavity and pharynx ",372,Ireland,2,1,2018,1.187622275,2.032870293,0.1543327272,50
1,"Lip,  oral cavity and pharynx ",372,Ireland,2,1,2019,1.232059841,2.369386562,0.1298184344,59
1,"Lip,  oral cavity and pharynx ",372,Ireland,2,1,2020,1.005181127,2.226247136,0.105508111,56
1,"Lip,  oral cavity and pharynx ",372,Ireland,2,1,2021,0.9896988967,2.363317996,0.1006099793,60
1,"Lip,  oral cavity and pharynx ",372,Ireland,2,1,2022,0.9526343435,2.093069092,0.09541799516,54
1,"Lip,  oral cavity and pharynx ",376,Israel,1,0,2007,5.725955626,6.480328119,0.6212998229,230
1,"Lip,  oral cavity and pharynx ",376,Israel,1,0,2008,5.939123338,6.668299155,0.645255236,241
1,"Lip,  oral cavity and pharynx ",376,Israel,1,0,2009,5.36637213,6.160275786,0.6394003146,228
1,"Lip,  oral cavity and pharynx ",376,Israel,1,0,2010,5.080463615,5.807485823,0.5371128144,219
1,"Lip,  oral cavity and pharynx ",376,Israel,1,0,2011,4.966855876,5.880758004,0.5876472903,226
1,"Lip,  oral cavity and pharynx ",376,Israel,1,0,2012,4.487515248,5.234803939,0.5304947347,205
1,"Lip,  oral cavity and pharynx ",376,Israel,1,0,2013,4.756949608,5.737411455,0.5417293669,229
1,"Lip,  oral cavity and pharynx ",376,Israel,1,0,2014,5.516720233,6.535192997,0.6231563872,266
1,"Lip,  oral cavity and pharynx ",376,Israel,1,0,2015,4.653924335,5.489700551,0.5182239665,228
1,"Lip,  oral cavity and pharynx ",376,Israel,1,0,2016,5.4300203,6.608087544,0.6154337229,280
1,"Lip,  oral cavity and pharynx ",376,Israel,1,0,2017,5.119985412,6.293660826,0.5563144205,272
1,"Lip,  oral cavity and pharynx ",376,Israel,1,1,2007,1.321366654,1.634161872,0.1439664061,58
1,"Lip,  oral cavity and pharynx ",376,Israel,1,1,2008,1.226327578,1.438797166,0.1171826367,52
1,"Lip,  oral cavity and pharynx ",376,Israel,1,1,2009,1.43283937,1.756098932,0.1492082139,65
1,"Lip,  oral cavity and pharynx ",376,Israel,1,1,2010,1.254891689,1.564438561,0.1359055752,59
1,"Lip,  oral cavity and pharynx ",376,Israel,1,1,2011,1.704729289,2.082725329,0.1799008635,80
1,"Lip,  oral cavity and pharynx ",376,Israel,1,1,2012,1.313583389,1.583197607,0.1677130643,62
1,"Lip,  oral cavity and pharynx ",376,Israel,1,1,2013,1.550777359,1.929173355,0.1964038456,77
1,"Lip,  oral cavity and pharynx ",376,Israel,1,1,2014,1.106450795,1.424967073,0.1303389619,58
1,"Lip,  oral cavity and pharynx ",376,Israel,1,1,2015,1.370514513,1.853977173,0.1575841226,77
1,"Lip,  oral cavity and pharynx ",376,Israel,1,1,2016,1.280463393,1.652022276,0.1418883619,70
1,"Lip,  oral cavity and pharynx ",376,Israel,1,1,2017,1.356040092,1.75852252,0.162057847,76
1,"Lip,  oral cavity and pharynx ",376,Israel,1,1,2018,1.363000893,1.883245581,0.1457547784,83
1,"Lip,  oral cavity and pharynx ",376,Israel,1,1,2019,1.423129059,1.824632805,0.1521062181,82
1,"Lip,  oral cavity and pharynx ",376,Israel,1,1,2020,1.328771343,1.857688411,0.1609871498,85
1,"Lip,  oral cavity and pharynx ",376,Israel,1,1,2021,1.164909577,1.718742044,0.1100586342,80
1,"Lip,  oral cavity and pharynx ",376,Israel,1,1,2022,1.583066577,2.190127495,0.1841968476,104
1,"Lip,  oral cavity and pharynx ",376,Israel,2,0,2007,2.504546788,3.387602916,0.2566213363,123
1,"Lip,  oral cavity and pharynx ",376,Israel,2,0,2008,2.838007511,3.843387898,0.2805152335,142
1,"Lip,  oral cavity and pharynx ",376,Israel,2,0,2009,2.493696194,3.672988788,0.2670753122,139
1,"Lip,  oral cavity and pharynx ",376,Israel,2,0,2010,2.745315281,3.633992574,0.2982965102,140
1,"Lip,  oral cavity and pharynx ",376,Israel,2,0,2011,2.721364577,3.492460364,0.2774632058,137
1,"Lip,  oral cavity and pharynx ",376,Israel,2,0,2012,2.916163016,3.880460778,0.3275238215,155
1,"Lip,  oral cavity and pharynx ",376,Israel,2,0,2013,2.938439744,4.129682858,0.3135398081,168
1,"Lip,  oral cavity and pharynx ",376,Israel,2,0,2014,2.960800011,4.197426688,0.3292419731,174
1,"Lip,  oral cavity and pharynx ",376,Israel,2,0,2015,2.605952663,3.619657722,0.2776595002,153
1,"Lip,  oral cavity and pharynx ",376,Israel,2,0,2016,2.519813614,3.597306801,0.2792325234,155
1,"Lip,  oral cavity and pharynx ",376,Israel,2,0,2017,2.483274303,3.780066616,0.255961961,166
1,"Lip,  oral cavity and pharynx ",376,Israel,2,1,2007,0.4342307079,0.660992414,0.03872941528,24
1,"Lip,  oral cavity and pharynx ",376,Israel,2,1,2008,0.6501565068,0.9473090469,0.06560726463,35
1,"Lip,  oral cavity and pharynx ",376,Israel,2,1,2009,0.5126408623,0.9513289537,0.04600312871,36
1,"Lip,  oral cavity and pharynx ",376,Israel,2,1,2010,0.7095190449,1.246028608,0.07198668985,48
1,"Lip,  oral cavity and pharynx ",376,Israel,2,1,2011,0.4650848325,0.8408262417,0.05118857343,33
1,"Lip,  oral cavity and pharynx ",376,Israel,2,1,2012,0.5482809525,1.07650707,0.04820522417,43
1,"Lip,  oral cavity and pharynx ",376,Israel,2,1,2013,0.6920503852,1.204490695,0.07117927703,49
1,"Lip,  oral cavity and pharynx ",376,Israel,2,1,2014,0.6512653571,1.109664254,0.07206519082,46
1,"Lip,  oral cavity and pharynx ",376,Israel,2,1,2015,0.6487084093,1.159237741,0.0654181434,49
1,"Lip,  oral cavity and pharynx ",376,Israel,2,1,2016,0.4273232409,0.7890857374,0.0414671526,34
1,"Lip,  oral cavity and pharynx ",376,Israel,2,1,2017,0.8073326587,1.389060393,0.08957449986,61
1,"Lip,  oral cavity and pharynx ",376,Israel,2,1,2018,0.7040621777,1.20657476,0.07938300066,54
1,"Lip,  oral cavity and pharynx ",376,Israel,2,1,2019,0.5860481237,1.074566379,0.05809239877,49
1,"Lip,  oral cavity and pharynx ",376,Israel,2,1,2020,0.4811030674,0.9483702422,0.03844659769,44
1,"Lip,  oral cavity and pharynx ",376,Israel,2,1,2021,0.6761790926,1.399252545,0.07356426603,66
1,"Lip,  oral cavity and pharynx ",376,Israel,2,1,2022,0.645374945,1.06052786,0.05732812344,51
1,"Lip,  oral cavity and pharynx ",380,Italy,1,0,2007,10.45835672,17.53602484,1.230738007,225
1,"Lip,  oral cavity and pharynx ",380,Italy,1,0,2008,9.09515634,15.34309247,1.073272845,198
1,"Lip,  oral cavity and pharynx ",380,Italy,1,0,2009,10.41217201,17.34304544,1.245914122,225
1,"Lip,  oral cavity and pharynx ",380,Italy,1,0,2010,9.70594734,16.72437086,1.1877162,218
1,"Lip,  oral cavity and pharynx ",380,Italy,1,0,2011,7.961195029,13.93899011,0.9827825775,182
1,"Lip,  oral cavity and pharynx ",380,Italy,1,0,2012,8.960803125,16.2055475,1.087570484,212
1,"Lip,  oral cavity and pharynx ",380,Italy,1,0,2013,8.560405113,15.42930717,1.03120569,203
1,"Lip,  oral cavity and pharynx ",380,Italy,1,0,2014,8.218820152,14.73132333,0.9808057169,195
1,"Lip,  oral cavity and pharynx ",380,Italy,1,0,2015,8.167406766,15.15930849,0.9702138683,201
1,"Lip,  oral cavity and pharynx ",380,Italy,1,0,2016,8.329052592,15.98441369,0.9590803004,212
1,"Lip,  oral cavity and pharynx ",380,Italy,1,0,2017,8.848967802,16.5923155,1.05781778,220
1,"Lip,  oral cavity and pharynx ",380,Italy,1,1,2007,3.685417811,7.036807602,0.4365260403,2029
1,"Lip,  oral cavity and pharynx ",380,Italy,1,1,2008,3.531976713,6.760503418,0.4199340345,1964
1,"Lip,  oral cavity and pharynx ",380,Italy,1,1,2009,3.279238426,6.410011144,0.3868550797,1873
1,"Lip,  oral cavity and pharynx ",380,Italy,1,1,2010,3.272678927,6.585953249,0.3808801784,1933
1,"Lip,  oral cavity and pharynx ",380,Italy,1,1,2011,3.347182738,6.862590193,0.3998806384,1971
1,"Lip,  oral cavity and pharynx ",380,Italy,1,1,2012,3.325289683,6.949433757,0.3900941983,2002
1,"Lip,  oral cavity and pharynx ",380,Italy,1,1,2013,3.12716691,6.639922875,0.3731787783,1938
1,"Lip,  oral cavity and pharynx ",380,Italy,1,1,2014,3.170986881,6.818547929,0.3786690899,2011
1,"Lip,  oral cavity and pharynx ",380,Italy,1,1,2015,2.924433593,6.441881962,0.3496682262,1899
1,"Lip,  oral cavity and pharynx ",380,Italy,1,1,2016,3.339332429,7.565100183,0.3918407631,2228
1,"Lip,  oral cavity and pharynx ",380,Italy,1,1,2017,3.096600264,7.144148292,0.3680586826,2103
1,"Lip,  oral cavity and pharynx ",380,Italy,1,1,2018,3.233052948,7.569353082,0.3841260362,2206
1,"Lip,  oral cavity and pharynx ",380,Italy,1,1,2019,3.041188961,7.43831662,0.3596931368,2154
1,"Lip,  oral cavity and pharynx ",380,Italy,1,1,2020,2.846080549,7.079177597,0.3376193851,2050
1,"Lip,  oral cavity and pharynx ",380,Italy,1,1,2021,2.854012758,7.159550957,0.3316845418,2065
1,"Lip,  oral cavity and pharynx ",380,Italy,2,0,2007,3.240120299,5.839252044,0.3526819645,79
1,"Lip,  oral cavity and pharynx ",380,Italy,2,0,2008,3.638404991,7.051424718,0.3914231531,96
1,"Lip,  oral cavity and pharynx ",380,Italy,2,0,2009,3.794169342,7.592537704,0.4562148143,104
1,"Lip,  oral cavity and pharynx ",380,Italy,2,0,2010,3.363462164,6.035231208,0.3872713122,83
1,"Lip,  oral cavity and pharynx ",380,Italy,2,0,2011,2.905368623,6.090376842,0.302245765,84
1,"Lip,  oral cavity and pharynx ",380,Italy,2,0,2012,3.189526273,6.735689376,0.3606137154,93
1,"Lip,  oral cavity and pharynx ",380,Italy,2,0,2013,3.190701249,6.782747864,0.3484248383,94
1,"Lip,  oral cavity and pharynx ",380,Italy,2,0,2014,3.406998403,6.535595655,0.3647369219,91
1,"Lip,  oral cavity and pharynx ",380,Italy,2,0,2015,2.837492468,6.461645824,0.3074661584,90
1,"Lip,  oral cavity and pharynx ",380,Italy,2,0,2016,3.106869902,6.973360326,0.3364495656,97
1,"Lip,  oral cavity and pharynx ",380,Italy,2,0,2017,2.756883145,5.757781642,0.3000268112,80
1,"Lip,  oral cavity and pharynx ",380,Italy,2,1,2007,0.9713955764,2.527733112,0.1009841281,772
1,"Lip,  oral cavity and pharynx ",380,Italy,2,1,2008,0.961656657,2.569758716,0.1019454021,791
1,"Lip,  oral cavity and pharynx ",380,Italy,2,1,2009,0.9670579344,2.628113172,0.1011119133,814
1,"Lip,  oral cavity and pharynx ",380,Italy,2,1,2010,0.9709761055,2.608160697,0.10306091,812
1,"Lip,  oral cavity and pharynx ",380,Italy,2,1,2011,1.031949511,2.896420859,0.1120209818,888
1,"Lip,  oral cavity and pharynx ",380,Italy,2,1,2012,0.9749537419,2.736594854,0.1068537327,841
1,"Lip,  oral cavity and pharynx ",380,Italy,2,1,2013,0.9626769455,2.840865993,0.1041420082,882
1,"Lip,  oral cavity and pharynx ",380,Italy,2,1,2014,0.9835906969,2.894932083,0.1099435578,906
1,"Lip,  oral cavity and pharynx ",380,Italy,2,1,2015,1.033684314,3.167834563,0.1130490979,990
1,"Lip,  oral cavity and pharynx ",380,Italy,2,1,2016,1.022308218,3.169056969,0.1124687861,988
1,"Lip,  oral cavity and pharynx ",380,Italy,2,1,2017,1.128687155,3.546619005,0.1214466877,1103
1,"Lip,  oral cavity and pharynx ",380,Italy,2,1,2018,1.080977541,3.383941149,0.1134773997,1040
1,"Lip,  oral cavity and pharynx ",380,Italy,2,1,2019,1.060169877,3.56619165,0.1128834909,1087
1,"Lip,  oral cavity and pharynx ",380,Italy,2,1,2020,1.005153315,3.480891758,0.1051555532,1061
1,"Lip,  oral cavity and pharynx ",380,Italy,2,1,2021,1.022313496,3.565464671,0.1069755999,1080
1,"Lip,  oral cavity and pharynx ",392,Japan,1,0,2007,8.748026502,17.55973465,1.071151604,960
1,"Lip,  oral cavity and pharynx ",392,Japan,1,0,2008,9.191233192,18.46157846,1.11403427,994
1,"Lip,  oral cavity and pharynx ",392,Japan,1,0,2009,8.800480607,18.42103306,1.070440727,991
1,"Lip,  oral cavity and pharynx ",392,Japan,1,0,2010,9.308664604,19.6278595,1.112063999,1055
1,"Lip,  oral cavity and pharynx ",392,Japan,1,0,2011,9.400090486,20.3466692,1.15898751,1091
1,"Lip,  oral cavity and pharynx ",392,Japan,1,0,2012,9.643334396,20.85172391,1.176881606,1118
1,"Lip,  oral cavity and pharynx ",392,Japan,1,0,2013,10.35939482,22.57407407,1.251086993,1219
1,"Lip,  oral cavity and pharynx ",392,Japan,1,0,2014,9.821817794,21.93584276,1.199637662,1183
1,"Lip,  oral cavity and pharynx ",392,Japan,1,0,2015,9.634222282,22.52085264,1.194372525,1215
1,"Lip,  oral cavity and pharynx ",392,Japan,1,1,2007,3.32090504,7.478458787,0.3906731654,4600
1,"Lip,  oral cavity and pharynx ",392,Japan,1,1,2008,3.31666266,7.684292785,0.3913495893,4720
1,"Lip,  oral cavity and pharynx ",392,Japan,1,1,2009,3.193812124,7.639636115,0.3733063871,4686
1,"Lip,  oral cavity and pharynx ",392,Japan,1,1,2010,3.19441055,7.857502519,0.3754437354,4838
1,"Lip,  oral cavity and pharynx ",392,Japan,1,1,2011,3.189199709,7.974941014,0.3712357058,4901
1,"Lip,  oral cavity and pharynx ",392,Japan,1,1,2012,3.213402997,8.423695925,0.3709723073,5166
1,"Lip,  oral cavity and pharynx ",392,Japan,1,1,2013,3.096004679,8.381139168,0.3684841882,5128
1,"Lip,  oral cavity and pharynx ",392,Japan,1,1,2014,3.146180826,8.627271089,0.3711567533,5266
1,"Lip,  oral cavity and pharynx ",392,Japan,1,1,2015,3.041215813,8.616457769,0.3583113467,5258
1,"Lip,  oral cavity and pharynx ",392,Japan,1,1,2016,3.134972244,8.863606899,0.3682235282,5395
1,"Lip,  oral cavity and pharynx ",392,Japan,1,1,2017,2.927465851,8.781043204,0.3391910998,5328
1,"Lip,  oral cavity and pharynx ",392,Japan,1,1,2018,2.969639077,8.9273044,0.3460779434,5397
1,"Lip,  oral cavity and pharynx ",392,Japan,1,1,2019,2.907961838,9.139892288,0.3399226891,5503
1,"Lip,  oral cavity and pharynx ",392,Japan,1,1,2020,2.882999697,9.244562732,0.3348307591,5547
1,"Lip,  oral cavity and pharynx ",392,Japan,1,1,2021,2.851071091,9.435947001,0.3281527487,5632
1,"Lip,  oral cavity and pharynx ",392,Japan,2,0,2007,2.966957752,6.7682116,0.331832757,394
1,"Lip,  oral cavity and pharynx ",392,Japan,2,0,2008,3.034282847,7.264841269,0.3345847191,417
1,"Lip,  oral cavity and pharynx ",392,Japan,2,0,2009,2.983822307,6.771332788,0.3334202897,389
1,"Lip,  oral cavity and pharynx ",392,Japan,2,0,2010,3.147414453,7.566309572,0.3477308676,435
1,"Lip,  oral cavity and pharynx ",392,Japan,2,0,2011,3.606322554,8.477880913,0.3753077971,487
1,"Lip,  oral cavity and pharynx ",392,Japan,2,0,2012,3.054218683,7.726914147,0.3142141133,444
1,"Lip,  oral cavity and pharynx ",392,Japan,2,0,2013,3.562127696,8.637701229,0.3899542743,499
1,"Lip,  oral cavity and pharynx ",392,Japan,2,0,2014,4.077308136,9.456182889,0.4280747846,546
1,"Lip,  oral cavity and pharynx ",392,Japan,2,0,2015,3.966262731,9.342560554,0.4391984284,540
1,"Lip,  oral cavity and pharynx ",392,Japan,2,1,2007,0.8565759064,2.784402391,0.08320280938,1798
1,"Lip,  oral cavity and pharynx ",392,Japan,2,1,2008,0.8521901263,2.885703216,0.08221093689,1862
1,"Lip,  oral cavity and pharynx ",392,Japan,2,1,2009,0.8148766803,2.883019804,0.07903616371,1859
1,"Lip,  oral cavity and pharynx ",392,Japan,2,1,2010,0.8491534343,3.027310554,0.08007859351,1962
1,"Lip,  oral cavity and pharynx ",392,Japan,2,1,2011,0.8122216083,3.069768879,0.07500380982,1987
1,"Lip,  oral cavity and pharynx ",392,Japan,2,1,2012,0.8163137541,3.096037505,0.07768683925,2001
1,"Lip,  oral cavity and pharynx ",392,Japan,2,1,2013,0.7837762539,3.179007083,0.07405001141,2051
1,"Lip,  oral cavity and pharynx ",392,Japan,2,1,2014,0.8294009144,3.334213346,0.08005072517,2147
1,"Lip,  oral cavity and pharynx ",392,Japan,2,1,2015,0.7616728132,3.300332959,0.06910091396,2122
1,"Lip,  oral cavity and pharynx ",392,Japan,2,1,2016,0.8645413322,3.552382198,0.08233816087,2279
1,"Lip,  oral cavity and pharynx ",392,Japan,2,1,2017,0.7799281787,3.323290982,0.07429304974,2126
1,"Lip,  oral cavity and pharynx ",392,Japan,2,1,2018,0.7469535426,3.415729308,0.06905240988,2178
1,"Lip,  oral cavity and pharynx ",392,Japan,2,1,2019,0.7358476177,3.557758469,0.066940026,2260
1,"Lip,  oral cavity and pharynx ",392,Japan,2,1,2020,0.7644615948,3.596434381,0.07067095246,2280
1,"Lip,  oral cavity and pharynx ",392,Japan,2,1,2021,0.7992892628,3.751554589,0.07592828211,2367
1,"Lip,  oral cavity and pharynx ",40,Austria,1,0,2007,12.08147982,18.48113784,1.411860323,746
1,"Lip,  oral cavity and pharynx ",40,Austria,1,0,2008,12.65264917,19.67796771,1.472449406,797
1,"Lip,  oral cavity and pharynx ",40,Austria,1,0,2009,12.3054155,19.23079291,1.477502903,781
1,"Lip,  oral cavity and pharynx ",40,Austria,1,0,2010,11.90471151,19.18083351,1.394048226,781
1,"Lip,  oral cavity and pharynx ",40,Austria,1,0,2011,11.22482567,18.25215772,1.343156636,746
1,"Lip,  oral cavity and pharynx ",40,Austria,1,0,2012,12.25877021,20.36778328,1.477769678,837
1,"Lip,  oral cavity and pharynx ",40,Austria,1,0,2013,11.24133654,18.99150287,1.369894372,786
1,"Lip,  oral cavity and pharynx ",40,Austria,1,0,2014,13.19777964,22.88970562,1.603742353,956
1,"Lip,  oral cavity and pharynx ",40,Austria,1,0,2015,12.97141032,22.65270239,1.611477148,958
1,"Lip,  oral cavity and pharynx ",40,Austria,1,0,2016,11.72544391,20.6278503,1.491140426,886
1,"Lip,  oral cavity and pharynx ",40,Austria,1,0,2017,11.49438474,20.60240889,1.430287316,891
1,"Lip,  oral cavity and pharynx ",40,Austria,1,1,2007,5.38615114,8.472137876,0.6596499035,342
1,"Lip,  oral cavity and pharynx ",40,Austria,1,1,2008,5.338165255,8.715342472,0.6249090584,353
1,"Lip,  oral cavity and pharynx ",40,Austria,1,1,2009,4.950416186,8.148221817,0.6080293494,331
1,"Lip,  oral cavity and pharynx ",40,Austria,1,1,2010,5.261771369,8.715531913,0.6485324797,355
1,"Lip,  oral cavity and pharynx ",40,Austria,1,1,2011,5.130146668,8.632675852,0.6387136755,353
1,"Lip,  oral cavity and pharynx ",40,Austria,1,1,2012,4.968786715,8.755929558,0.6342617963,360
1,"Lip,  oral cavity and pharynx ",40,Austria,1,1,2013,4.515091266,8.16405105,0.5574288934,338
1,"Lip,  oral cavity and pharynx ",40,Austria,1,1,2014,5.059182567,9.261798742,0.6347799525,387
1,"Lip,  oral cavity and pharynx ",40,Austria,1,1,2015,4.704445178,8.779698599,0.5937521678,372
1,"Lip,  oral cavity and pharynx ",40,Austria,1,1,2016,5.800527328,10.41206383,0.7727600961,447
1,"Lip,  oral cavity and pharynx ",40,Austria,1,1,2017,4.68185571,9.061294921,0.6096305738,392
1,"Lip,  oral cavity and pharynx ",40,Austria,1,1,2018,4.722782874,9.267785179,0.5954521293,403
1,"Lip,  oral cavity and pharynx ",40,Austria,1,1,2019,4.551805847,9.064920281,0.5829947972,396
1,"Lip,  oral cavity and pharynx ",40,Austria,1,1,2020,4.261467531,8.862904201,0.5512076449,389
1,"Lip,  oral cavity and pharynx ",40,Austria,1,1,2021,4.403701247,9.406173532,0.5471980201,415
1,"Lip,  oral cavity and pharynx ",40,Austria,1,1,2022,4.430706279,9.482821913,0.5521900227,423
1,"Lip,  oral cavity and pharynx ",40,Austria,1,1,2023,3.9942454,9.056449271,0.5224358292,407
1,"Lip,  oral cavity and pharynx ",40,Austria,2,0,2007,3.744440042,6.387014073,0.4139737013,272
1,"Lip,  oral cavity and pharynx ",40,Austria,2,0,2008,4.344941693,7.679114167,0.4977334844,328
1,"Lip,  oral cavity and pharynx ",40,Austria,2,0,2009,3.534925729,6.284623838,0.4013828628,269
1,"Lip,  oral cavity and pharynx ",40,Austria,2,0,2010,3.913945752,6.970840903,0.4491098927,299
1,"Lip,  oral cavity and pharynx ",40,Austria,2,0,2011,3.192765551,6.044619521,0.3844679473,260
1,"Lip,  oral cavity and pharynx ",40,Austria,2,0,2012,3.440434353,6.671484961,0.4138139415,288
1,"Lip,  oral cavity and pharynx ",40,Austria,2,0,2013,3.667189286,6.983921078,0.446569395,303
1,"Lip,  oral cavity and pharynx ",40,Austria,2,0,2014,3.950609803,7.899469293,0.4698558955,345
1,"Lip,  oral cavity and pharynx ",40,Austria,2,0,2015,4.072308439,7.999194627,0.4718582465,352
1,"Lip,  oral cavity and pharynx ",40,Austria,2,0,2016,3.618751091,7.447168973,0.4421141229,331
1,"Lip,  oral cavity and pharynx ",40,Austria,2,0,2017,3.723085752,7.829389111,0.4503137063,350
1,"Lip,  oral cavity and pharynx ",40,Austria,2,1,2007,1.179277974,2.605517288,0.127324032,111
1,"Lip,  oral cavity and pharynx ",40,Austria,2,1,2008,1.400638595,2.855187689,0.1616393021,122
1,"Lip,  oral cavity and pharynx ",40,Austria,2,1,2009,1.332690275,2.871933146,0.1597369014,123
1,"Lip,  oral cavity and pharynx ",40,Austria,2,1,2010,1.453773754,2.935760322,0.1588300936,126
1,"Lip,  oral cavity and pharynx ",40,Austria,2,1,2011,1.353054261,2.95063689,0.1559732314,127
1,"Lip,  oral cavity and pharynx ",40,Austria,2,1,2012,1.445735832,3.148074183,0.1961154721,136
1,"Lip,  oral cavity and pharynx ",40,Austria,2,1,2013,1.156640015,2.741111256,0.1365066086,119
1,"Lip,  oral cavity and pharynx ",40,Austria,2,1,2014,1.106767625,2.815055328,0.1196842129,123
1,"Lip,  oral cavity and pharynx ",40,Austria,2,1,2015,1.402576399,3.471756579,0.1686200785,153
1,"Lip,  oral cavity and pharynx ",40,Austria,2,1,2016,1.255076463,3.037244378,0.171977466,135
1,"Lip,  oral cavity and pharynx ",40,Austria,2,1,2017,1.150783237,2.995963275,0.1296601462,134
1,"Lip,  oral cavity and pharynx ",40,Austria,2,1,2018,1.25144317,3.115781668,0.1579385384,140
1,"Lip,  oral cavity and pharynx ",40,Austria,2,1,2019,1.436419809,3.457149901,0.1960634723,156
1,"Lip,  oral cavity and pharynx ",40,Austria,2,1,2020,1.119155367,3.088922693,0.1409404117,140
1,"Lip,  oral cavity and pharynx ",40,Austria,2,1,2021,1.220766269,3.271087179,0.1429379591,149
1,"Lip,  oral cavity and pharynx ",40,Austria,2,1,2022,1.286176002,3.540415417,0.1613425337,163
1,"Lip,  oral cavity and pharynx ",40,Austria,2,1,2023,1.035935973,2.631355316,0.1332555655,122
1,"Lip,  oral cavity and pharynx ",410,"Korea, Republic of",1,0,2007,6.257104842,7.25710948,0.7663582196,1787
1,"Lip,  oral cavity and pharynx ",410,"Korea, Republic of",1,0,2008,6.503920472,7.852299221,0.7851439332,1944
1,"Lip,  oral cavity and pharynx ",410,"Korea, Republic of",1,0,2009,6.126184968,7.677954586,0.7469681739,1910
1,"Lip,  oral cavity and pharynx ",410,"Korea, Republic of",1,0,2010,6.102630539,7.871188599,0.7372719539,1966
1,"Lip,  oral cavity and pharynx ",410,"Korea, Republic of",1,0,2011,6.368775706,8.492216863,0.7616053003,2130
1,"Lip,  oral cavity and pharynx ",410,"Korea, Republic of",1,0,2012,6.215517955,8.595534181,0.7226212873,2165
1,"Lip,  oral cavity and pharynx ",410,"Korea, Republic of",1,0,2013,6.201917361,8.851824959,0.7387656302,2238
1,"Lip,  oral cavity and pharynx ",410,"Korea, Republic of",1,0,2014,6.221970151,9.15486741,0.737465304,2323
1,"Lip,  oral cavity and pharynx ",410,"Korea, Republic of",1,0,2015,6.276180326,9.537253108,0.7332238548,2428
1,"Lip,  oral cavity and pharynx ",410,"Korea, Republic of",1,0,2016,6.479556316,10.04786584,0.7515003437,2565
1,"Lip,  oral cavity and pharynx ",410,"Korea, Republic of",1,0,2017,6.414695813,10.41180059,0.7463798227,2663
1,"Lip,  oral cavity and pharynx ",410,"Korea, Republic of",1,1,2007,2.699009,3.033609469,0.3305841417,747
1,"Lip,  oral cavity and pharynx ",410,"Korea, Republic of",1,1,2008,2.623815126,3.073868162,0.3100351303,761
1,"Lip,  oral cavity and pharynx ",410,"Korea, Republic of",1,1,2009,2.486014776,3.075201582,0.2885426547,765
1,"Lip,  oral cavity and pharynx ",410,"Korea, Republic of",1,1,2010,2.32412215,2.970713628,0.2835944024,742
1,"Lip,  oral cavity and pharynx ",410,"Korea, Republic of",1,1,2011,2.192943663,2.8985175,0.2524811868,727
1,"Lip,  oral cavity and pharynx ",410,"Korea, Republic of",1,1,2012,2.318719959,3.211910925,0.2708983788,809
1,"Lip,  oral cavity and pharynx ",410,"Korea, Republic of",1,1,2013,2.275542634,3.247250477,0.2598081686,821
1,"Lip,  oral cavity and pharynx ",410,"Korea, Republic of",1,1,2014,2.144380122,3.247356419,0.2426318227,824
1,"Lip,  oral cavity and pharynx ",410,"Korea, Republic of",1,1,2015,2.262885101,3.472377161,0.2531043702,884
1,"Lip,  oral cavity and pharynx ",410,"Korea, Republic of",1,1,2016,2.168405535,3.560821864,0.2536386142,909
1,"Lip,  oral cavity and pharynx ",410,"Korea, Republic of",1,1,2017,2.138172181,3.628294945,0.2431377531,928
1,"Lip,  oral cavity and pharynx ",410,"Korea, Republic of",1,1,2018,1.846531819,3.28490398,0.1974105455,841
1,"Lip,  oral cavity and pharynx ",410,"Korea, Republic of",1,1,2019,2.089236691,3.893109657,0.2340727954,997
1,"Lip,  oral cavity and pharynx ",410,"Korea, Republic of",1,1,2020,1.953101175,3.795973382,0.2231905545,972
1,"Lip,  oral cavity and pharynx ",410,"Korea, Republic of",1,1,2021,1.839706596,3.677346708,0.2034631656,941
1,"Lip,  oral cavity and pharynx ",410,"Korea, Republic of",1,1,2022,1.774280443,3.76663437,0.199309989,962
1,"Lip,  oral cavity and pharynx ",410,"Korea, Republic of",2,0,2007,1.907526698,2.591177729,0.1990526289,635
1,"Lip,  oral cavity and pharynx ",410,"Korea, Republic of",2,0,2008,1.934516015,2.750776932,0.205093265,678
1,"Lip,  oral cavity and pharynx ",410,"Korea, Republic of",2,0,2009,1.846909951,2.659366578,0.1959042002,659
1,"Lip,  oral cavity and pharynx ",410,"Korea, Republic of",2,0,2010,2.180179531,3.232587177,0.2382376831,805
1,"Lip,  oral cavity and pharynx ",410,"Korea, Republic of",2,0,2011,2.091816762,3.144266121,0.2197028324,787
1,"Lip,  oral cavity and pharynx ",410,"Korea, Republic of",2,0,2012,1.985761902,3.128249981,0.2074977302,787
1,"Lip,  oral cavity and pharynx ",410,"Korea, Republic of",2,0,2013,2.235516681,3.481560784,0.2342394082,880
1,"Lip,  oral cavity and pharynx ",410,"Korea, Republic of",2,0,2014,2.329042782,3.7772759,0.2500720845,959
1,"Lip,  oral cavity and pharynx ",410,"Korea, Republic of",2,0,2015,2.251038999,3.663655121,0.2365159553,934
1,"Lip,  oral cavity and pharynx ",410,"Korea, Republic of",2,0,2016,2.350093423,4.045314716,0.2489981906,1035
1,"Lip,  oral cavity and pharynx ",410,"Korea, Republic of",2,0,2017,2.457752119,4.1397137,0.2542849199,1062
1,"Lip,  oral cavity and pharynx ",410,"Korea, Republic of",2,1,2007,0.5647512381,0.83652191,0.06131873566,205
1,"Lip,  oral cavity and pharynx ",410,"Korea, Republic of",2,1,2008,0.544066544,0.843896168,0.05909190229,208
1,"Lip,  oral cavity and pharynx ",410,"Korea, Republic of",2,1,2009,0.5147420107,0.839375153,0.05367537597,208
1,"Lip,  oral cavity and pharynx ",410,"Korea, Republic of",2,1,2010,0.5160933361,0.887455824,0.04945681966,221
1,"Lip,  oral cavity and pharynx ",410,"Korea, Republic of",2,1,2011,0.5058200251,0.850989433,0.05524727992,213
1,"Lip,  oral cavity and pharynx ",410,"Korea, Republic of",2,1,2012,0.4600150309,0.9023033619,0.04180456972,227
1,"Lip,  oral cavity and pharynx ",410,"Korea, Republic of",2,1,2013,0.5466795002,1.016773861,0.05484727519,257
1,"Lip,  oral cavity and pharynx ",410,"Korea, Republic of",2,1,2014,0.5461391177,1.075282709,0.0539733138,273
1,"Lip,  oral cavity and pharynx ",410,"Korea, Republic of",2,1,2015,0.5558648277,1.121847286,0.05824747868,286
1,"Lip,  oral cavity and pharynx ",410,"Korea, Republic of",2,1,2016,0.5010900283,1.149103756,0.04464908878,294
1,"Lip,  oral cavity and pharynx ",410,"Korea, Republic of",2,1,2017,0.4607404116,1.056367456,0.04740839083,271
1,"Lip,  oral cavity and pharynx ",410,"Korea, Republic of",2,1,2018,0.5000180837,1.151799196,0.04566181703,296
1,"Lip,  oral cavity and pharynx ",410,"Korea, Republic of",2,1,2019,0.4832235637,1.169927545,0.04403635649,301
1,"Lip,  oral cavity and pharynx ",410,"Korea, Republic of",2,1,2020,0.4752176551,1.208087028,0.04574645985,311
1,"Lip,  oral cavity and pharynx ",410,"Korea, Republic of",2,1,2021,0.4492631213,1.107047599,0.04790751915,285
1,"Lip,  oral cavity and pharynx ",410,"Korea, Republic of",2,1,2022,0.5010334945,1.290869055,0.04955043473,332
1,"Lip,  oral cavity and pharynx ",414,Kuwait,1,0,2007,2.339410116,1.375897036,0.1783854615,7
1,"Lip,  oral cavity and pharynx ",414,Kuwait,1,0,2008,3.64297281,2.097919436,0.2912277732,11
1,"Lip,  oral cavity and pharynx ",414,Kuwait,1,0,2009,4.778071448,2.963111119,0.4569908086,16
1,"Lip,  oral cavity and pharynx ",414,Kuwait,1,0,2010,5.656317102,2.876559635,0.7886067662,16
1,"Lip,  oral cavity and pharynx ",414,Kuwait,1,0,2011,4.678794041,2.451499705,0.5594588854,14
1,"Lip,  oral cavity and pharynx ",414,Kuwait,1,0,2012,6.930387524,4.259727514,0.7822985086,25
1,"Lip,  oral cavity and pharynx ",414,Kuwait,1,0,2013,4.784596788,2.820701293,0.5585029783,17
1,"Lip,  oral cavity and pharynx ",414,Kuwait,1,0,2014,4.366203633,2.426202992,0.4284139424,15
1,"Lip,  oral cavity and pharynx ",414,Kuwait,1,0,2015,4.166152338,2.526165549,0.5236033761,16
1,"Lip,  oral cavity and pharynx ",414,Kuwait,1,0,2016,3.862337963,2.314189841,0.4523040274,15
1,"Lip,  oral cavity and pharynx ",414,Kuwait,1,0,2017,3.183409831,2.111910117,0.3972470936,14
1,"Lip,  oral cavity and pharynx ",414,Kuwait,1,1,2007,0.6807529831,0.2058783767,0.09045623731,3
1,"Lip,  oral cavity and pharynx ",414,Kuwait,1,1,2008,2.023186619,0.6540752814,0.1275170227,10
1,"Lip,  oral cavity and pharynx ",414,Kuwait,1,1,2009,1.199990031,0.4996864468,0.1337021789,8
1,"Lip,  oral cavity and pharynx ",414,Kuwait,1,1,2010,0.4370265836,0.2983706575,0.07862152979,5
1,"Lip,  oral cavity and pharynx ",414,Kuwait,1,1,2011,0.4439344219,0.224053988,0.08347414647,4
1,"Lip,  oral cavity and pharynx ",414,Kuwait,1,1,2012,1.32353033,0.4706404056,0.2789059093,9
1,"Lip,  oral cavity and pharynx ",414,Kuwait,1,1,2013,0.8557217523,0.3466214804,0.1802697795,7
1,"Lip,  oral cavity and pharynx ",414,Kuwait,1,1,2014,0.6978936606,0.4699367371,0.04554867094,10
1,"Lip,  oral cavity and pharynx ",414,Kuwait,1,1,2015,1.261342679,0.7102622688,0.204372867,16
1,"Lip,  oral cavity and pharynx ",414,Kuwait,1,1,2016,0.7240833208,0.5025660183,0.04816249359,12
1,"Lip,  oral cavity and pharynx ",414,Kuwait,1,1,2017,0.5924364976,0.2776106606,0.0108418603,7
1,"Lip,  oral cavity and pharynx ",414,Kuwait,1,1,2018,0.2025319468,0.1126943837,0.004068690275,3
1,"Lip,  oral cavity and pharynx ",414,Kuwait,1,1,2019,0.3144005106,0.2919696308,0.01885499729,8
1,"Lip,  oral cavity and pharynx ",414,Kuwait,1,1,2020,0.1428249423,0.1811129609,0.01646264514,5
1,"Lip,  oral cavity and pharynx ",414,Kuwait,1,1,2021,0.3069769353,0.2516715485,0.04999756435,7
1,"Lip,  oral cavity and pharynx ",414,Kuwait,1,1,2022,0.7118104987,0.4282502409,0.1179180998,12
1,"Lip,  oral cavity and pharynx ",414,Kuwait,1,1,2023,0.7138180475,0.4055048637,0.06362229822,12
1,"Lip,  oral cavity and pharynx ",414,Kuwait,2,0,2007,2.433325314,1.509892628,0.3609715091,8
1,"Lip,  oral cavity and pharynx ",414,Kuwait,2,0,2008,3.020883218,2.014578221,0.4216907727,11
1,"Lip,  oral cavity and pharynx ",414,Kuwait,2,0,2009,2.091017175,1.244417897,0.25021123,7
1,"Lip,  oral cavity and pharynx ",414,Kuwait,2,0,2010,2.68544304,1.733120275,0.3659373184,10
1,"Lip,  oral cavity and pharynx ",414,Kuwait,2,0,2011,2.664789933,1.685291952,0.3106002143,10
1,"Lip,  oral cavity and pharynx ",414,Kuwait,2,0,2012,3.807780421,2.299175253,0.599374499,14
1,"Lip,  oral cavity and pharynx ",414,Kuwait,2,0,2013,2.077320268,1.601732434,0.1234535919,10
1,"Lip,  oral cavity and pharynx ",414,Kuwait,2,0,2014,2.598298769,1.874988281,0.2826731573,12
1,"Lip,  oral cavity and pharynx ",414,Kuwait,2,0,2015,1.609767964,1.215750042,0.1587358073,8
1,"Lip,  oral cavity and pharynx ",414,Kuwait,2,0,2016,1.149251813,0.8909770752,0.1158579798,6
1,"Lip,  oral cavity and pharynx ",414,Kuwait,2,0,2017,1.429041395,1.306149934,0.116540347,9
1,"Lip,  oral cavity and pharynx ",414,Kuwait,2,1,2007,0.2976665571,0.1903463924,0.03249494096,2
1,"Lip,  oral cavity and pharynx ",414,Kuwait,2,1,2008,0.6134221834,0.1781665768,0.1204034078,2
1,"Lip,  oral cavity and pharynx ",414,Kuwait,2,1,2009,2.187212066,0.6697469445,0.1648060614,8
1,"Lip,  oral cavity and pharynx ",414,Kuwait,2,1,2010,1.073954005,0.394443397,0.1589142644,5
1,"Lip,  oral cavity and pharynx ",414,Kuwait,2,1,2011,0.7347082033,0.2968385213,0.0322722554,4
1,"Lip,  oral cavity and pharynx ",414,Kuwait,2,1,2012,1.265023266,0.4913187487,0.07285328554,7
1,"Lip,  oral cavity and pharynx ",414,Kuwait,2,1,2013,0.4285349222,0.2015782231,0.05938287106,3
1,"Lip,  oral cavity and pharynx ",414,Kuwait,2,1,2014,0.5326842714,0.2601086344,0.06786579727,4
1,"Lip,  oral cavity and pharynx ",414,Kuwait,2,1,2015,0.9940329427,0.4425441738,0.03638967501,7
1,"Lip,  oral cavity and pharynx ",414,Kuwait,2,1,2016,0.7127734151,0.3712361297,0.05909694241,6
1,"Lip,  oral cavity and pharynx ",414,Kuwait,2,1,2017,0.1413627368,0.06123065035,0,1
1,"Lip,  oral cavity and pharynx ",414,Kuwait,2,1,2018,0.2400760644,0.1805795158,0.01255326514,3
1,"Lip,  oral cavity and pharynx ",414,Kuwait,2,1,2019,0.5069158916,0.2937409675,0.04258902944,5
1,"Lip,  oral cavity and pharynx ",414,Kuwait,2,1,2020,0.322143124,0.1733512848,0.00700196755,3
1,"Lip,  oral cavity and pharynx ",414,Kuwait,2,1,2021,0.3652329857,0.2274019329,0.01440278835,4
1,"Lip,  oral cavity and pharynx ",414,Kuwait,2,1,2022,0.6574405019,0.4475747324,0.05600191189,8
1,"Lip,  oral cavity and pharynx ",414,Kuwait,2,1,2023,0.2174337815,0.2128217666,0.01299382301,4
1,"Lip,  oral cavity and pharynx ",417,Kyrgyzstan,1,1,2007,3.26546743,2.214753366,0.3706354388,57
1,"Lip,  oral cavity and pharynx ",417,Kyrgyzstan,1,1,2008,3.809080244,2.311748537,0.52061459,60
1,"Lip,  oral cavity and pharynx ",417,Kyrgyzstan,1,1,2009,4.927416974,2.973658654,0.6291998818,79
1,"Lip,  oral cavity and pharynx ",417,Kyrgyzstan,1,1,2010,4.076186903,2.565789254,0.5337189985,69
1,"Lip,  oral cavity and pharynx ",417,Kyrgyzstan,1,1,2011,4.173624219,2.460779942,0.543790505,67
1,"Lip,  oral cavity and pharynx ",417,Kyrgyzstan,1,1,2012,3.912994868,2.526830427,0.4828309334,70
1,"Lip,  oral cavity and pharynx ",417,Kyrgyzstan,1,1,2013,3.662253575,2.369440303,0.471748378,67
1,"Lip,  oral cavity and pharynx ",417,Kyrgyzstan,1,1,2014,3.712768656,2.598070223,0.4160093473,75
1,"Lip,  oral cavity and pharynx ",417,Kyrgyzstan,1,1,2015,4.036359844,2.577204222,0.4867694589,76
1,"Lip,  oral cavity and pharynx ",417,Kyrgyzstan,1,1,2016,4.021827127,2.766779378,0.4757862386,85
1,"Lip,  oral cavity and pharynx ",417,Kyrgyzstan,1,1,2017,4.533922556,3.059732488,0.5754067821,94
1,"Lip,  oral cavity and pharynx ",417,Kyrgyzstan,1,1,2018,3.732254752,2.423681924,0.4934212097,76
1,"Lip,  oral cavity and pharynx ",417,Kyrgyzstan,1,1,2019,3.421939558,2.341101629,0.4336353621,75
1,"Lip,  oral cavity and pharynx ",417,Kyrgyzstan,2,1,2007,1.308461326,0.987320526,0.1629266915,26
1,"Lip,  oral cavity and pharynx ",417,Kyrgyzstan,2,1,2008,0.6352626165,0.5273667561,0.08101809699,14
1,"Lip,  oral cavity and pharynx ",417,Kyrgyzstan,2,1,2009,1.183313273,0.9902380862,0.1408513227,27
1,"Lip,  oral cavity and pharynx ",417,Kyrgyzstan,2,1,2010,1.434734847,1.051208727,0.1755601309,29
1,"Lip,  oral cavity and pharynx ",417,Kyrgyzstan,2,1,2011,1.468745772,1.074483174,0.1921396835,30
1,"Lip,  oral cavity and pharynx ",417,Kyrgyzstan,2,1,2012,0.9418512448,0.8811373862,0.08645283742,25
1,"Lip,  oral cavity and pharynx ",417,Kyrgyzstan,2,1,2013,1.797683056,1.521343761,0.2066123517,44
1,"Lip,  oral cavity and pharynx ",417,Kyrgyzstan,2,1,2014,1.355704927,1.186819656,0.1542584734,35
1,"Lip,  oral cavity and pharynx ",417,Kyrgyzstan,2,1,2015,1.708532584,1.495842058,0.193882089,45
1,"Lip,  oral cavity and pharynx ",417,Kyrgyzstan,2,1,2016,1.405555348,1.375427382,0.1307933726,43
1,"Lip,  oral cavity and pharynx ",417,Kyrgyzstan,2,1,2017,1.825240875,1.727280898,0.1702677248,54
1,"Lip,  oral cavity and pharynx ",417,Kyrgyzstan,2,1,2018,1.292661023,1.254945269,0.132631532,40
1,"Lip,  oral cavity and pharynx ",417,Kyrgyzstan,2,1,2019,1.629252881,1.537092344,0.1786838279,50
1,"Lip,  oral cavity and pharynx ",428,Latvia,1,0,2007,10.87003507,15.348404,1.334219657,161
1,"Lip,  oral cavity and pharynx ",428,Latvia,1,0,2008,9.171720721,12.91851194,1.149661842,135
1,"Lip,  oral cavity and pharynx ",428,Latvia,1,0,2009,10.66662348,15.09201805,1.335454194,157
1,"Lip,  oral cavity and pharynx ",428,Latvia,1,0,2010,11.98104795,17.32111114,1.55100372,179
1,"Lip,  oral cavity and pharynx ",428,Latvia,1,0,2011,13.22557384,20.39569778,1.593000204,192
1,"Lip,  oral cavity and pharynx ",428,Latvia,1,0,2012,14.0617179,22.13397285,1.828512372,206
1,"Lip,  oral cavity and pharynx ",428,Latvia,1,0,2013,12.58827916,19.63521886,1.504215374,181
1,"Lip,  oral cavity and pharynx ",428,Latvia,1,0,2014,14.43975214,23.41033949,1.856108271,214
1,"Lip,  oral cavity and pharynx ",428,Latvia,1,0,2015,13.24928876,21.59177662,1.647193016,196
1,"Lip,  oral cavity and pharynx ",428,Latvia,1,0,2016,13.64647067,22.22244445,1.587361568,200
1,"Lip,  oral cavity and pharynx ",428,Latvia,1,0,2017,14.86315579,25.09334388,1.812049201,224
1,"Lip,  oral cavity and pharynx ",428,Latvia,1,1,2007,8.742715551,12.47011132,1.097772304,126
1,"Lip,  oral cavity and pharynx ",428,Latvia,1,1,2008,7.253081411,10.40161225,0.9232672816,104
1,"Lip,  oral cavity and pharynx ",428,Latvia,1,1,2009,9.026541998,13.54669893,1.11843589,133
1,"Lip,  oral cavity and pharynx ",428,Latvia,1,1,2010,7.934290857,12.09044907,0.9932040822,116
1,"Lip,  oral cavity and pharynx ",428,Latvia,1,1,2011,11.00909851,16.78395963,1.346497398,158
1,"Lip,  oral cavity and pharynx ",428,Latvia,1,1,2012,9.987078926,15.68718464,1.307888194,146
1,"Lip,  oral cavity and pharynx ",428,Latvia,1,1,2013,11.23565954,18.22495452,1.443968521,168
1,"Lip,  oral cavity and pharynx ",428,Latvia,1,1,2014,10.24580811,16.84669291,1.339868111,154
1,"Lip,  oral cavity and pharynx ",428,Latvia,1,1,2015,9.623250254,16.30399459,1.258817219,148
1,"Lip,  oral cavity and pharynx ",428,Latvia,1,1,2016,10.07505439,16.66683334,1.288148478,150
1,"Lip,  oral cavity and pharynx ",428,Latvia,1,1,2017,10.88329384,19.15607948,1.306992428,171
1,"Lip,  oral cavity and pharynx ",428,Latvia,1,1,2018,10.29921802,17.69450715,1.340377529,157
1,"Lip,  oral cavity and pharynx ",428,Latvia,1,1,2019,9.708580164,16.76232328,1.233157737,148
1,"Lip,  oral cavity and pharynx ",428,Latvia,1,1,2020,8.870531314,15.48815299,1.133474794,136
1,"Lip,  oral cavity and pharynx ",428,Latvia,1,1,2021,8.563342346,15.24982772,1.027370039,133
1,"Lip,  oral cavity and pharynx ",428,Latvia,1,1,2022,8.886962089,15.39011059,1.102673957,134
1,"Lip,  oral cavity and pharynx ",428,Latvia,1,1,2023,9.667533466,17.80522463,1.212812575,155
1,"Lip,  oral cavity and pharynx ",428,Latvia,2,0,2007,2.394766707,4.074544609,0.2706130995,50
1,"Lip,  oral cavity and pharynx ",428,Latvia,2,0,2008,2.614870479,5.077464085,0.2912793745,62
1,"Lip,  oral cavity and pharynx ",428,Latvia,2,0,2009,2.134887238,4.11675445,0.2482246664,50
1,"Lip,  oral cavity and pharynx ",428,Latvia,2,0,2010,1.996791871,3.981462972,0.2115394117,48
1,"Lip,  oral cavity and pharynx ",428,Latvia,2,0,2011,3.323268411,6.706404348,0.3632322913,75
1,"Lip,  oral cavity and pharynx ",428,Latvia,2,0,2012,2.075410197,4.530532618,0.2496757589,50
1,"Lip,  oral cavity and pharynx ",428,Latvia,2,0,2013,2.422136973,5.133686702,0.2625175355,56
1,"Lip,  oral cavity and pharynx ",428,Latvia,2,0,2014,2.108425493,5.0015931,0.2439645938,54
1,"Lip,  oral cavity and pharynx ",428,Latvia,2,0,2015,2.819707915,5.889094332,0.2962482827,63
1,"Lip,  oral cavity and pharynx ",428,Latvia,2,0,2016,3.164943088,5.757182793,0.3330740432,61
1,"Lip,  oral cavity and pharynx ",428,Latvia,2,0,2017,3.072424451,6.097607451,0.3562856676,64
1,"Lip,  oral cavity and pharynx ",428,Latvia,2,1,2007,1.512468812,3.193521521,0.1522303816,38
1,"Lip,  oral cavity and pharynx ",428,Latvia,2,1,2008,1.270489882,2.377965769,0.1336572538,28
1,"Lip,  oral cavity and pharynx ",428,Latvia,2,1,2009,1.247768314,2.586474463,0.1371182526,30
1,"Lip,  oral cavity and pharynx ",428,Latvia,2,1,2010,1.102730123,2.899518504,0.127234847,33
1,"Lip,  oral cavity and pharynx ",428,Latvia,2,1,2011,1.978439202,3.755586435,0.1943195629,42
1,"Lip,  oral cavity and pharynx ",428,Latvia,2,1,2012,1.325724264,3.261983485,0.1418364138,36
1,"Lip,  oral cavity and pharynx ",428,Latvia,2,1,2013,1.308478562,2.933535258,0.1491374454,32
1,"Lip,  oral cavity and pharynx ",428,Latvia,2,1,2014,1.512681525,3.427017494,0.1886298262,37
1,"Lip,  oral cavity and pharynx ",428,Latvia,2,1,2015,1.387919442,3.365196761,0.1588383979,36
1,"Lip,  oral cavity and pharynx ",428,Latvia,2,1,2016,1.430505846,3.492061694,0.1776110259,37
1,"Lip,  oral cavity and pharynx ",428,Latvia,2,1,2017,1.858493139,4.192105123,0.209497086,44
1,"Lip,  oral cavity and pharynx ",428,Latvia,2,1,2018,2.16245031,4.519647968,0.2798426016,47
1,"Lip,  oral cavity and pharynx ",428,Latvia,2,1,2019,1.427561907,3.880146165,0.1713208372,40
1,"Lip,  oral cavity and pharynx ",428,Latvia,2,1,2020,1.825222584,5.18409149,0.2111232547,53
1,"Lip,  oral cavity and pharynx ",428,Latvia,2,1,2021,1.764395109,4.445107369,0.205411755,45
1,"Lip,  oral cavity and pharynx ",428,Latvia,2,1,2022,2.134870581,4.659490391,0.2662075578,47
1,"Lip,  oral cavity and pharynx ",428,Latvia,2,1,2023,2.339111737,5.362920766,0.2449213715,54
1,"Lip,  oral cavity and pharynx ",440,Lithuania,1,0,2007,13.29599428,17.81194278,1.642981882,280
1,"Lip,  oral cavity and pharynx ",440,Lithuania,1,0,2008,13.14476922,18.04084139,1.613462152,282
1,"Lip,  oral cavity and pharynx ",440,Lithuania,1,0,2009,14.84977745,20.3411782,1.800517504,316
1,"Lip,  oral cavity and pharynx ",440,Lithuania,1,0,2010,14.79911428,20.29446616,1.806066515,310
1,"Lip,  oral cavity and pharynx ",440,Lithuania,1,0,2011,15.79691635,23.72135789,1.931441619,331
1,"Lip,  oral cavity and pharynx ",440,Lithuania,1,0,2012,13.03096927,19.47389952,1.605131549,268
1,"Lip,  oral cavity and pharynx ",440,Lithuania,1,0,2013,13.54708193,20.62471604,1.686980915,281
1,"Lip,  oral cavity and pharynx ",440,Lithuania,1,0,2014,14.22651177,21.98166566,1.65100041,297
1,"Lip,  oral cavity and pharynx ",440,Lithuania,1,0,2015,15.2213794,23.61853966,1.88788092,316
1,"Lip,  oral cavity and pharynx ",440,Lithuania,1,0,2016,16.23713428,25.13443516,2.029044033,332
1,"Lip,  oral cavity and pharynx ",440,Lithuania,1,0,2017,17.17154424,27.51506047,2.108674147,359
1,"Lip,  oral cavity and pharynx ",440,Lithuania,1,1,2007,9.589677405,13.49268957,1.146464748,202
1,"Lip,  oral cavity and pharynx ",440,Lithuania,1,1,2008,9.815756051,13.71263981,1.209044294,203
1,"Lip,  oral cavity and pharynx ",440,Lithuania,1,1,2009,10.24810063,14.84495573,1.310571651,217
1,"Lip,  oral cavity and pharynx ",440,Lithuania,1,1,2010,10.99594899,15.8884477,1.398496016,227
1,"Lip,  oral cavity and pharynx ",440,Lithuania,1,1,2011,10.5114056,15.76646144,1.323158119,220
1,"Lip,  oral cavity and pharynx ",440,Lithuania,1,1,2012,9.47067402,14.16944182,1.199299755,195
1,"Lip,  oral cavity and pharynx ",440,Lithuania,1,1,2013,10.22161466,15.78047669,1.276966252,215
1,"Lip,  oral cavity and pharynx ",440,Lithuania,1,1,2014,10.49336575,16.13469062,1.271534581,218
1,"Lip,  oral cavity and pharynx ",440,Lithuania,1,1,2015,11.14607701,17.63916253,1.365810702,236
1,"Lip,  oral cavity and pharynx ",440,Lithuania,1,1,2016,10.92975736,17.18529151,1.380357981,227
1,"Lip,  oral cavity and pharynx ",440,Lithuania,1,1,2017,11.48765384,18.77768751,1.519634755,245
1,"Lip,  oral cavity and pharynx ",440,Lithuania,1,1,2018,13.12987381,21.59757243,1.636993973,280
1,"Lip,  oral cavity and pharynx ",440,Lithuania,1,1,2019,12.01001206,20.00041539,1.46801701,260
1,"Lip,  oral cavity and pharynx ",440,Lithuania,1,1,2020,13.49811281,22.76588723,1.641160847,298
1,"Lip,  oral cavity and pharynx ",440,Lithuania,1,1,2021,11.22295374,19.52852773,1.411698099,255
1,"Lip,  oral cavity and pharynx ",440,Lithuania,1,1,2022,11.74315741,20.36016296,1.472286573,269
1,"Lip,  oral cavity and pharynx ",440,Lithuania,1,1,2023,10.45887744,18.28463476,1.275281297,247
1,"Lip,  oral cavity and pharynx ",440,Lithuania,2,0,2007,2.104608434,3.881042714,0.2297099924,70
1,"Lip,  oral cavity and pharynx ",440,Lithuania,2,0,2008,1.586029429,3.008366602,0.1795277412,54
1,"Lip,  oral cavity and pharynx ",440,Lithuania,2,0,2009,1.840238562,3.807484619,0.1992353219,68
1,"Lip,  oral cavity and pharynx ",440,Lithuania,2,0,2010,2.264218656,4.376715872,0.255078805,77
1,"Lip,  oral cavity and pharynx ",440,Lithuania,2,0,2011,2.639836753,5.144700836,0.2961070154,84
1,"Lip,  oral cavity and pharynx ",440,Lithuania,2,0,2012,2.290542437,4.777943523,0.2587641841,77
1,"Lip,  oral cavity and pharynx ",440,Lithuania,2,0,2013,2.390223898,5.265645549,0.2573824605,84
1,"Lip,  oral cavity and pharynx ",440,Lithuania,2,0,2014,2.615110355,4.996075867,0.3211806322,79
1,"Lip,  oral cavity and pharynx ",440,Lithuania,2,0,2015,2.894717819,5.807356581,0.341810557,91
1,"Lip,  oral cavity and pharynx ",440,Lithuania,2,0,2016,2.791426619,5.622574053,0.3175527557,87
1,"Lip,  oral cavity and pharynx ",440,Lithuania,2,0,2017,2.936997191,6.300605843,0.3430149825,96
1,"Lip,  oral cavity and pharynx ",440,Lithuania,2,1,2007,0.9687311313,2.018236788,0.09990915662,35
1,"Lip,  oral cavity and pharynx ",440,Lithuania,2,1,2008,0.7978699633,1.746374091,0.09378035787,30
1,"Lip,  oral cavity and pharynx ",440,Lithuania,2,1,2009,1.079016146,2.29258027,0.1115161806,39
1,"Lip,  oral cavity and pharynx ",440,Lithuania,2,1,2010,1.329435733,2.876713068,0.1475891146,48
1,"Lip,  oral cavity and pharynx ",440,Lithuania,2,1,2011,1.031689162,2.143625348,0.102957007,35
1,"Lip,  oral cavity and pharynx ",440,Lithuania,2,1,2012,1.182270676,2.606151013,0.142137947,42
1,"Lip,  oral cavity and pharynx ",440,Lithuania,2,1,2013,1.081965164,2.444764005,0.1207045412,39
1,"Lip,  oral cavity and pharynx ",440,Lithuania,2,1,2014,0.9270783356,1.897244,0.1101531834,30
1,"Lip,  oral cavity and pharynx ",440,Lithuania,2,1,2015,1.798626121,3.829026317,0.2095528836,60
1,"Lip,  oral cavity and pharynx ",440,Lithuania,2,1,2016,1.40706565,3.619128126,0.1694623315,56
1,"Lip,  oral cavity and pharynx ",440,Lithuania,2,1,2017,1.428269871,3.740984719,0.174005486,57
1,"Lip,  oral cavity and pharynx ",440,Lithuania,2,1,2018,1.664822798,3.654239815,0.2106180703,55
1,"Lip,  oral cavity and pharynx ",440,Lithuania,2,1,2019,1.426219474,3.346352877,0.1845967288,50
1,"Lip,  oral cavity and pharynx ",440,Lithuania,2,1,2020,1.503801496,3.634139103,0.1737673059,54
1,"Lip,  oral cavity and pharynx ",440,Lithuania,2,1,2021,1.627384254,3.527224181,0.2048433007,53
1,"Lip,  oral cavity and pharynx ",440,Lithuania,2,1,2022,1.847385343,3.83996356,0.2101381075,58
1,"Lip,  oral cavity and pharynx ",440,Lithuania,2,1,2023,1.719403407,4.208518963,0.2132242463,64
1,"Lip,  oral cavity and pharynx ",442,Luxembourg,1,1,2007,2.553594615,3.786189663,0.2749466024,9
1,"Lip,  oral cavity and pharynx ",442,Luxembourg,1,1,2008,2.919897744,4.54119483,0.380834032,11
1,"Lip,  oral cavity and pharynx ",442,Luxembourg,1,1,2009,3.019843381,5.260474414,0.2656093037,13
1,"Lip,  oral cavity and pharynx ",442,Luxembourg,1,1,2010,2.623376381,3.967970542,0.2937517379,10
1,"Lip,  oral cavity and pharynx ",442,Luxembourg,1,1,2011,3.625753923,6.196074787,0.3670092783,16
1,"Lip,  oral cavity and pharynx ",442,Luxembourg,1,1,2012,3.871548256,6.412093964,0.4396442277,17
1,"Lip,  oral cavity and pharynx ",442,Luxembourg,1,1,2013,1.156175213,1.839824849,0.1254028957,5
1,"Lip,  oral cavity and pharynx ",442,Luxembourg,1,1,2014,3.336426044,6.10316503,0.3519225484,17
1,"Lip,  oral cavity and pharynx ",442,Luxembourg,1,1,2015,1.889838861,3.501608989,0.1956020506,10
1,"Lip,  oral cavity and pharynx ",442,Luxembourg,1,1,2016,2.748939528,4.096723645,0.4807449162,12
1,"Lip,  oral cavity and pharynx ",442,Luxembourg,1,1,2017,1.551018049,3.003895051,0.1017425521,9
1,"Lip,  oral cavity and pharynx ",442,Luxembourg,1,1,2018,2.564841841,3.926059218,0.4111840072,12
1,"Lip,  oral cavity and pharynx ",442,Luxembourg,1,1,2019,2.281244546,4.168757726,0.2549371319,13
1,"Lip,  oral cavity and pharynx ",442,Luxembourg,1,1,2020,2.036459661,3.467646855,0.2928596593,11
1,"Lip,  oral cavity and pharynx ",442,Luxembourg,1,1,2021,1.601246444,2.48243676,0.2707713306,8
1,"Lip,  oral cavity and pharynx ",442,Luxembourg,1,1,2022,2.553326432,4.258503319,0.3317759683,14
1,"Lip,  oral cavity and pharynx ",442,Luxembourg,2,1,2007,1.178828975,2.063557573,0.1218315866,5
1,"Lip,  oral cavity and pharynx ",442,Luxembourg,2,1,2008,0.6394526138,2.028940812,0.04914729345,5
1,"Lip,  oral cavity and pharynx ",442,Luxembourg,2,1,2009,1.996752368,2.792549478,0.2932894194,7
1,"Lip,  oral cavity and pharynx ",442,Luxembourg,2,1,2010,0.5971296602,1.176710545,0.1024529183,3
1,"Lip,  oral cavity and pharynx ",442,Luxembourg,2,1,2011,1.759065279,4.228606136,0.1298480379,11
1,"Lip,  oral cavity and pharynx ",442,Luxembourg,2,1,2012,1.075984566,1.50468144,0.1838207976,4
1,"Lip,  oral cavity and pharynx ",442,Luxembourg,2,1,2013,0.2436350347,0.3681952908,0.03044974246,1
1,"Lip,  oral cavity and pharynx ",442,Luxembourg,2,1,2014,0.9628653075,1.4400144,0.1459031705,4
1,"Lip,  oral cavity and pharynx ",442,Luxembourg,2,1,2015,1.617075413,2.46460649,0.2016185738,7
1,"Lip,  oral cavity and pharynx ",442,Luxembourg,2,1,2016,0.5248919716,1.376742009,0.0224613103,4
1,"Lip,  oral cavity and pharynx ",442,Luxembourg,2,1,2017,0.7243081645,1.348049541,0.07584466832,4
1,"Lip,  oral cavity and pharynx ",442,Luxembourg,2,1,2018,0.8012051927,1.653988842,0.07333918393,5
1,"Lip,  oral cavity and pharynx ",442,Luxembourg,2,1,2019,0.191727636,0.9735170901,0,3
1,"Lip,  oral cavity and pharynx ",442,Luxembourg,2,1,2020,1.26022455,2.23488658,0.1078405275,7
1,"Lip,  oral cavity and pharynx ",442,Luxembourg,2,1,2021,0.5343100413,1.258609677,0.05168788483,4
1,"Lip,  oral cavity and pharynx ",442,Luxembourg,2,1,2022,0.3889824184,1.233239504,0.03289906537,4
1,"Lip,  oral cavity and pharynx ",470,Malta,1,0,2007,9.049986198,14.25895241,1.023726795,29
1,"Lip,  oral cavity and pharynx ",470,Malta,1,0,2008,10.74400349,16.58415238,1.311061889,34
1,"Lip,  oral cavity and pharynx ",470,Malta,1,0,2009,9.760738192,16.01211098,1.278400919,33
1,"Lip,  oral cavity and pharynx ",470,Malta,1,0,2010,8.857534371,14.01297892,1.129251219,29
1,"Lip,  oral cavity and pharynx ",470,Malta,1,0,2011,6.977080751,13.01675304,0.9814904129,27
1,"Lip,  oral cavity and pharynx ",470,Malta,1,0,2012,7.3799835,11.97254934,0.8630249802,25
1,"Lip,  oral cavity and pharynx ",470,Malta,1,0,2013,8.500263045,14.11884301,1.005023668,30
1,"Lip,  oral cavity and pharynx ",470,Malta,1,0,2014,9.113771758,15.16983318,1.124952326,33
1,"Lip,  oral cavity and pharynx ",470,Malta,1,0,2015,5.469155044,10.29234742,0.7276587526,23
1,"Lip,  oral cavity and pharynx ",470,Malta,1,0,2016,6.093071794,11.35083691,0.5906575547,26
1,"Lip,  oral cavity and pharynx ",470,Malta,1,0,2017,8.139291089,14.82052346,0.9514214584,35
1,"Lip,  oral cavity and pharynx ",470,Malta,1,1,2007,3.669876066,5.791519767,0.3703235374,12
1,"Lip,  oral cavity and pharynx ",470,Malta,1,1,2008,3.790280393,6.726468172,0.3401145786,14
1,"Lip,  oral cavity and pharynx ",470,Malta,1,1,2009,4.292173765,7.173498228,0.5219524325,15
1,"Lip,  oral cavity and pharynx ",470,Malta,1,1,2010,3.770054996,5.711905754,0.4456741203,12
1,"Lip,  oral cavity and pharynx ",470,Malta,1,1,2011,4.509839773,7.577874501,0.5535781657,16
1,"Lip,  oral cavity and pharynx ",470,Malta,1,1,2012,3.060826753,5.178676095,0.3749154684,11
1,"Lip,  oral cavity and pharynx ",470,Malta,1,1,2013,2.130057616,4.209039614,0.3100963987,9
1,"Lip,  oral cavity and pharynx ",470,Malta,1,1,2014,4.53150879,7.815948212,0.5598279356,17
1,"Lip,  oral cavity and pharynx ",470,Malta,1,1,2015,4.057823407,7.608476738,0.47191645,17
1,"Lip,  oral cavity and pharynx ",470,Malta,1,1,2016,2.395478242,3.929856429,0.2855991071,9
1,"Lip,  oral cavity and pharynx ",470,Malta,1,1,2017,3.129764932,5.929439668,0.3041813522,14
1,"Lip,  oral cavity and pharynx ",470,Malta,1,1,2018,3.2935122,6.498821073,0.3358416413,16
1,"Lip,  oral cavity and pharynx ",470,Malta,1,1,2019,2.815437443,5.409927604,0.3009011134,14
1,"Lip,  oral cavity and pharynx ",470,Malta,1,1,2020,2.858120737,5.58970451,0.302716272,15
1,"Lip,  oral cavity and pharynx ",470,Malta,1,1,2021,2.843184017,6.244180516,0.3065558442,17
1,"Lip,  oral cavity and pharynx ",470,Malta,2,0,2007,2.066457702,4.37506988,0.2245225865,9
1,"Lip,  oral cavity and pharynx ",470,Malta,2,0,2008,4.049549574,8.213115863,0.404901606,17
1,"Lip,  oral cavity and pharynx ",470,Malta,2,0,2009,3.253105196,6.253096485,0.3378075512,13
1,"Lip,  oral cavity and pharynx ",470,Malta,2,0,2010,4.13205545,6.697154666,0.4967103388,14
1,"Lip,  oral cavity and pharynx ",470,Malta,2,0,2011,3.098816679,5.242938715,0.2828709419,11
1,"Lip,  oral cavity and pharynx ",470,Malta,2,0,2012,5.205126361,9.492349167,0.5909026043,20
1,"Lip,  oral cavity and pharynx ",470,Malta,2,0,2013,4.758528353,9.834361258,0.4139291434,21
1,"Lip,  oral cavity and pharynx ",470,Malta,2,0,2014,3.347667418,6.449562121,0.3626802178,14
1,"Lip,  oral cavity and pharynx ",470,Malta,2,0,2015,4.435337247,9.474909537,0.419602307,21
1,"Lip,  oral cavity and pharynx ",470,Malta,2,0,2016,4.18394125,9.277585354,0.3816765934,21
1,"Lip,  oral cavity and pharynx ",470,Malta,2,0,2017,2.758547951,7.330840847,0.2831762946,17
1,"Lip,  oral cavity and pharynx ",470,Malta,2,1,2007,1.59301502,2.857183674,0.2690700142,6
1,"Lip,  oral cavity and pharynx ",470,Malta,2,1,2008,1.063256075,2.371511507,0.1221606534,5
1,"Lip,  oral cavity and pharynx ",470,Malta,2,1,2009,1.162104076,2.361927616,0.1169866788,5
1,"Lip,  oral cavity and pharynx ",470,Malta,2,1,2010,1.272271611,3.293141328,0.112954151,7
1,"Lip,  oral cavity and pharynx ",470,Malta,2,1,2011,0,0,0,0
1,"Lip,  oral cavity and pharynx ",470,Malta,2,1,2012,1.737636923,3.734809828,0.1773686436,8
1,"Lip,  oral cavity and pharynx ",470,Malta,2,1,2013,1.380699485,3.727396833,0.1257257987,8
1,"Lip,  oral cavity and pharynx ",470,Malta,2,1,2014,1.546366604,4.608709078,0.1558968563,10
1,"Lip,  oral cavity and pharynx ",470,Malta,2,1,2015,1.543411161,3.610996387,0.1361316482,8
1,"Lip,  oral cavity and pharynx ",470,Malta,2,1,2016,0.9546397122,3.093881628,0.1216154077,7
1,"Lip,  oral cavity and pharynx ",470,Malta,2,1,2017,1.955418144,5.177044124,0.1434856436,12
1,"Lip,  oral cavity and pharynx ",470,Malta,2,1,2018,1.003647375,2.097676194,0.12875282,5
1,"Lip,  oral cavity and pharynx ",470,Malta,2,1,2019,0.9429780431,3.262217003,0.03693716945,8
1,"Lip,  oral cavity and pharynx ",470,Malta,2,1,2020,0.9543710183,2.001152664,0.1019658713,5
1,"Lip,  oral cavity and pharynx ",470,Malta,2,1,2021,0.5934010036,1.983159014,0.03199488055,5
1,"Lip,  oral cavity and pharynx ",474,"France, Martinique",1,0,2007,13.38247391,18.85369532,1.868715613,35
1,"Lip,  oral cavity and pharynx ",474,"France, Martinique",1,0,2008,12.75803552,18.98933342,1.631271152,35
1,"Lip,  oral cavity and pharynx ",474,"France, Martinique",1,0,2009,11.21452191,17.43327686,1.300355125,32
1,"Lip,  oral cavity and pharynx ",474,"France, Martinique",1,0,2010,10.61404333,18.12529522,1.432419681,33
1,"Lip,  oral cavity and pharynx ",474,"France, Martinique",1,0,2011,8.023064903,13.83906824,0.9262475295,25
1,"Lip,  oral cavity and pharynx ",474,"France, Martinique",1,0,2012,8.350219435,13.4052001,1.021942292,24
1,"Lip,  oral cavity and pharynx ",474,"France, Martinique",1,0,2013,12.09360499,19.69312485,1.322354014,35
1,"Lip,  oral cavity and pharynx ",474,"France, Martinique",1,0,2014,9.825983707,17.53482926,1.219767155,31
1,"Lip,  oral cavity and pharynx ",474,"France, Martinique",1,0,2015,10.81650532,20.59696881,1.206053014,36
1,"Lip,  oral cavity and pharynx ",474,"France, Martinique",1,0,2016,7.596893928,12.76413047,0.8590539272,22
1,"Lip,  oral cavity and pharynx ",474,"France, Martinique",1,0,2017,9.280576243,19.4044595,1.197589885,33
1,"Lip,  oral cavity and pharynx ",474,"France, Martinique",2,0,2007,2.848335186,4.203584256,0.2348113744,9
1,"Lip,  oral cavity and pharynx ",474,"France, Martinique",2,0,2008,2.452941369,4.218202952,0.2756794057,9
1,"Lip,  oral cavity and pharynx ",474,"France, Martinique",2,0,2009,2.141204614,3.758868581,0.2078095502,8
1,"Lip,  oral cavity and pharynx ",474,"France, Martinique",2,0,2010,1.313407615,1.885965119,0.1360814848,4
1,"Lip,  oral cavity and pharynx ",474,"France, Martinique",2,0,2011,1.517343554,2.835217178,0.1721501302,6
1,"Lip,  oral cavity and pharynx ",474,"France, Martinique",2,0,2012,3.601024593,4.777579774,0.3453377738,10
1,"Lip,  oral cavity and pharynx ",474,"France, Martinique",2,0,2013,4.959976916,8.212560386,0.5469187976,17
1,"Lip,  oral cavity and pharynx ",474,"France, Martinique",2,0,2014,4.074970884,6.809172929,0.458672324,14
1,"Lip,  oral cavity and pharynx ",474,"France, Martinique",2,0,2015,1.814809561,3.433122768,0.2209833566,7
1,"Lip,  oral cavity and pharynx ",474,"France, Martinique",2,0,2016,1.991315977,4.946136573,0.2525525891,10
1,"Lip,  oral cavity and pharynx ",474,"France, Martinique",2,0,2017,2.599187333,6.491625803,0.3695129974,13
1,"Lip,  oral cavity and pharynx ",48,Bahrain,1,0,2007,4.712504832,3.378124765,0.5942376379,9
1,"Lip,  oral cavity and pharynx ",48,Bahrain,1,0,2008,1.582019718,1.472325796,0.09253749981,4
1,"Lip,  oral cavity and pharynx ",48,Bahrain,1,0,2009,4.972015314,3.545960973,0.5429173646,10
1,"Lip,  oral cavity and pharynx ",48,Bahrain,1,0,2010,3.232966301,2.436994976,0.3938550557,7
1,"Lip,  oral cavity and pharynx ",48,Bahrain,1,0,2011,5.63349061,4.055725671,0.7618801965,12
1,"Lip,  oral cavity and pharynx ",48,Bahrain,1,0,2012,5.650098004,3.929865009,0.7353269081,12
1,"Lip,  oral cavity and pharynx ",48,Bahrain,1,0,2013,7.05097526,5.751809423,0.7895193706,18
1,"Lip,  oral cavity and pharynx ",48,Bahrain,1,0,2014,3.320489309,2.80514526,0.3514384419,9
1,"Lip,  oral cavity and pharynx ",48,Bahrain,1,0,2015,4.784019787,3.344613804,0.5982318216,11
1,"Lip,  oral cavity and pharynx ",48,Bahrain,1,0,2016,4.493198233,4.156350012,0.3525365076,14
1,"Lip,  oral cavity and pharynx ",48,Bahrain,1,0,2017,4.954808791,3.786334246,0.6609852752,13
1,"Lip,  oral cavity and pharynx ",48,Bahrain,2,0,2007,0.3362663229,0.3831212119,0.02801826773,1
1,"Lip,  oral cavity and pharynx ",48,Bahrain,2,0,2008,0.3594859351,0.3758847387,0.02246534711,1
1,"Lip,  oral cavity and pharynx ",48,Bahrain,2,0,2009,3.619318003,2.536231884,0.4971613484,7
1,"Lip,  oral cavity and pharynx ",48,Bahrain,2,0,2010,1.713960069,1.067008109,0.231623905,3
1,"Lip,  oral cavity and pharynx ",48,Bahrain,2,0,2011,0.6145204806,0.6924967972,0.05119692995,2
1,"Lip,  oral cavity and pharynx ",48,Bahrain,2,0,2012,2.554468411,2.378727381,0.2386193643,7
1,"Lip,  oral cavity and pharynx ",48,Bahrain,2,0,2013,3.086540272,1.987511801,0.4957451242,6
1,"Lip,  oral cavity and pharynx ",48,Bahrain,2,0,2014,2.494889675,2.258756716,0.2333606705,7
1,"Lip,  oral cavity and pharynx ",48,Bahrain,2,0,2015,1.558936343,1.254122929,0.1798339323,4
1,"Lip,  oral cavity and pharynx ",48,Bahrain,2,0,2016,2.091276423,1.829976851,0.1803008996,6
1,"Lip,  oral cavity and pharynx ",48,Bahrain,2,0,2017,2.239705131,2.094767271,0.2128350378,7
1,"Lip,  oral cavity and pharynx ",480,Mauritius,1,1,2007,5.525122106,5.010282823,0.6878697623,32
1,"Lip,  oral cavity and pharynx ",480,Mauritius,1,1,2008,5.702661174,5.617841641,0.7380181815,36
1,"Lip,  oral cavity and pharynx ",480,Mauritius,1,1,2009,6.282948536,6.848302321,0.7195033517,44
1,"Lip,  oral cavity and pharynx ",480,Mauritius,1,1,2010,4.654829696,5.12559653,0.5246083336,33
1,"Lip,  oral cavity and pharynx ",480,Mauritius,1,1,2011,5.189148368,5.890828987,0.5549264052,38
1,"Lip,  oral cavity and pharynx ",480,Mauritius,1,1,2012,6.020107184,6.652721737,0.8205904533,43
1,"Lip,  oral cavity and pharynx ",480,Mauritius,1,1,2013,6.64073758,7.877378563,0.6818516338,51
1,"Lip,  oral cavity and pharynx ",480,Mauritius,1,1,2014,4.136896745,4.937627732,0.556924963,32
1,"Lip,  oral cavity and pharynx ",480,Mauritius,1,1,2015,4.071505576,5.398393747,0.4724299109,35
1,"Lip,  oral cavity and pharynx ",480,Mauritius,1,1,2016,4.292519094,5.553824271,0.4988459469,36
1,"Lip,  oral cavity and pharynx ",480,Mauritius,1,1,2017,6.390773932,8.491533169,0.6928064547,55
1,"Lip,  oral cavity and pharynx ",480,Mauritius,1,1,2018,5.2612807,7.26625651,0.6943822524,47
1,"Lip,  oral cavity and pharynx ",480,Mauritius,1,1,2019,4.795305387,6.661621392,0.5695002652,43
1,"Lip,  oral cavity and pharynx ",480,Mauritius,1,1,2020,3.87550272,5.747327299,0.4941096789,37
1,"Lip,  oral cavity and pharynx ",480,Mauritius,1,1,2021,3.070710434,4.519900812,0.4185889459,29
1,"Lip,  oral cavity and pharynx ",480,Mauritius,1,1,2022,3.85063745,5.946801169,0.4759533217,38
1,"Lip,  oral cavity and pharynx ",480,Mauritius,1,1,2023,5.065806375,7.540299366,0.5929553002,48
1,"Lip,  oral cavity and pharynx ",480,Mauritius,2,1,2007,1.137106201,1.426687296,0.05662483286,9
1,"Lip,  oral cavity and pharynx ",480,Mauritius,2,1,2008,1.494907285,1.735509873,0.1603257206,11
1,"Lip,  oral cavity and pharynx ",480,Mauritius,2,1,2009,1.533833783,2.199608156,0.1126346753,14
1,"Lip,  oral cavity and pharynx ",480,Mauritius,2,1,2010,1.157448977,1.565234269,0.0996412954,10
1,"Lip,  oral cavity and pharynx ",480,Mauritius,2,1,2011,1.786605168,2.339376463,0.1563187752,15
1,"Lip,  oral cavity and pharynx ",480,Mauritius,2,1,2012,1.599127112,2.177910388,0.1694413405,14
1,"Lip,  oral cavity and pharynx ",480,Mauritius,2,1,2013,2.08538614,2.79694201,0.2845242741,18
1,"Lip,  oral cavity and pharynx ",480,Mauritius,2,1,2014,1.461286642,2.174183128,0.1258557957,14
1,"Lip,  oral cavity and pharynx ",480,Mauritius,2,1,2015,1.506226025,2.018838873,0.1332372544,13
1,"Lip,  oral cavity and pharynx ",480,Mauritius,2,1,2016,1.353532777,2.019883422,0.1641538742,13
1,"Lip,  oral cavity and pharynx ",480,Mauritius,2,1,2017,1.897511405,2.79959126,0.2584435405,18
1,"Lip,  oral cavity and pharynx ",480,Mauritius,2,1,2018,1.526787663,2.492180783,0.1957549689,16
1,"Lip,  oral cavity and pharynx ",480,Mauritius,2,1,2019,1.510001377,2.496950989,0.1424357209,16
1,"Lip,  oral cavity and pharynx ",480,Mauritius,2,1,2020,2.395709587,4.066022828,0.2555335676,26
1,"Lip,  oral cavity and pharynx ",480,Mauritius,2,1,2021,1.143762102,2.037564859,0.09120949068,13
1,"Lip,  oral cavity and pharynx ",480,Mauritius,2,1,2022,2.290258753,3.766889201,0.29912165,24
1,"Lip,  oral cavity and pharynx ",480,Mauritius,2,1,2023,1.459675124,2.511740424,0.1720513414,16
1,"Lip,  oral cavity and pharynx ",484,Mexico,1,1,2007,1.324429272,1.10130531,0.1484137745,585
1,"Lip,  oral cavity and pharynx ",484,Mexico,1,1,2008,1.440671492,1.207546184,0.1578552411,651
1,"Lip,  oral cavity and pharynx ",484,Mexico,1,1,2009,1.380614406,1.178841473,0.1535201722,645
1,"Lip,  oral cavity and pharynx ",484,Mexico,1,1,2010,1.36193527,1.178098288,0.153081397,654
1,"Lip,  oral cavity and pharynx ",484,Mexico,1,1,2011,1.297149846,1.136664867,0.1503503185,640
1,"Lip,  oral cavity and pharynx ",484,Mexico,1,1,2012,1.383672888,1.238909417,0.152798116,707
1,"Lip,  oral cavity and pharynx ",484,Mexico,1,1,2013,1.333460162,1.205960448,0.1499521574,697
1,"Lip,  oral cavity and pharynx ",484,Mexico,1,1,2014,1.415367776,1.294540741,0.1593711814,757
1,"Lip,  oral cavity and pharynx ",484,Mexico,1,1,2015,1.343754536,1.262993693,0.1508264996,746
1,"Lip,  oral cavity and pharynx ",484,Mexico,1,1,2016,1.371984796,1.308875507,0.1501763276,780
1,"Lip,  oral cavity and pharynx ",484,Mexico,1,1,2017,1.27290163,1.239449601,0.1410429901,745
1,"Lip,  oral cavity and pharynx ",484,Mexico,1,1,2018,1.405705779,1.386849635,0.1613658099,841
1,"Lip,  oral cavity and pharynx ",484,Mexico,1,1,2019,1.37158829,1.374531378,0.1583198522,841
1,"Lip,  oral cavity and pharynx ",484,Mexico,1,1,2020,1.458729551,1.489401992,0.1663125562,918
1,"Lip,  oral cavity and pharynx ",484,Mexico,1,1,2021,1.368370053,1.39238929,0.1664046814,863
1,"Lip,  oral cavity and pharynx ",484,Mexico,1,1,2022,1.338618254,1.392589786,0.1519171784,869
1,"Lip,  oral cavity and pharynx ",484,Mexico,2,1,2007,0.536547542,0.5048910195,0.05386901996,281
1,"Lip,  oral cavity and pharynx ",484,Mexico,2,1,2008,0.5124843979,0.4817287843,0.05255033064,272
1,"Lip,  oral cavity and pharynx ",484,Mexico,2,1,2009,0.5675364582,0.5394083633,0.05752143797,309
1,"Lip,  oral cavity and pharynx ",484,Mexico,2,1,2010,0.6395325805,0.6246698112,0.06538391872,363
1,"Lip,  oral cavity and pharynx ",484,Mexico,2,1,2011,0.6340374541,0.639650575,0.05729860008,377
1,"Lip,  oral cavity and pharynx ",484,Mexico,2,1,2012,0.5951182549,0.6008178202,0.05966192293,359
1,"Lip,  oral cavity and pharynx ",484,Mexico,2,1,2013,0.5723369994,0.5945763145,0.05456985638,360
1,"Lip,  oral cavity and pharynx ",484,Mexico,2,1,2014,0.6612538149,0.6769108617,0.06754504392,415
1,"Lip,  oral cavity and pharynx ",484,Mexico,2,1,2015,0.6587440555,0.6854142848,0.07061447696,425
1,"Lip,  oral cavity and pharynx ",484,Mexico,2,1,2016,0.620865473,0.6559395651,0.06703007676,411
1,"Lip,  oral cavity and pharynx ",484,Mexico,2,1,2017,0.6654397258,0.7331015453,0.06761703949,464
1,"Lip,  oral cavity and pharynx ",484,Mexico,2,1,2018,0.6008914148,0.680403263,0.05991957368,435
1,"Lip,  oral cavity and pharynx ",484,Mexico,2,1,2019,0.6293023115,0.7324419855,0.06076795762,473
1,"Lip,  oral cavity and pharynx ",484,Mexico,2,1,2020,0.6155279196,0.7181925965,0.06235839772,468
1,"Lip,  oral cavity and pharynx ",484,Mexico,2,1,2021,0.644742538,0.7735841774,0.06042792268,508
1,"Lip,  oral cavity and pharynx ",484,Mexico,2,1,2022,0.5873444353,0.7053166497,0.06222951734,467
1,"Lip,  oral cavity and pharynx ",498,Moldova,1,1,2007,9.476004456,11.09988042,1.145880941,198
1,"Lip,  oral cavity and pharynx ",498,Moldova,1,1,2008,11.81953289,13.81216258,1.428124603,242
1,"Lip,  oral cavity and pharynx ",498,Moldova,1,1,2009,10.07276636,12.73719389,1.236199299,219
1,"Lip,  oral cavity and pharynx ",498,Moldova,1,1,2010,10.72685582,13.52334824,1.29678187,228
1,"Lip,  oral cavity and pharynx ",498,Moldova,1,1,2011,9.987616889,12.77072731,1.197121493,211
1,"Lip,  oral cavity and pharynx ",498,Moldova,1,1,2012,12.50252787,16.49665433,1.602310133,267
1,"Lip,  oral cavity and pharynx ",498,Moldova,1,1,2013,10.51243553,14.38336072,1.257336262,228
1,"Lip,  oral cavity and pharynx ",498,Moldova,1,1,2014,12.91713502,17.37687678,1.543840982,270
1,"Lip,  oral cavity and pharynx ",498,Moldova,1,1,2015,12.42334743,17.23791003,1.519872702,263
1,"Lip,  oral cavity and pharynx ",498,Moldova,1,1,2016,12.97043927,18.52478723,1.53294783,278
1,"Lip,  oral cavity and pharynx ",498,Moldova,1,1,2017,14.26448279,20.56585878,1.699432033,304
1,"Lip,  oral cavity and pharynx ",498,Moldova,1,1,2018,13.27313031,18.92927515,1.643160622,276
1,"Lip,  oral cavity and pharynx ",498,Moldova,1,1,2019,12.7839569,18.58792996,1.593947398,267
1,"Lip,  oral cavity and pharynx ",498,Moldova,1,1,2020,12.62576085,18.58958093,1.579546251,263
1,"Lip,  oral cavity and pharynx ",498,Moldova,1,1,2021,12.76407478,18.87832596,1.589223151,263
1,"Lip,  oral cavity and pharynx ",498,Moldova,2,1,2007,1.266076853,1.644423422,0.1382911215,34
1,"Lip,  oral cavity and pharynx ",498,Moldova,2,1,2008,0.9628918752,1.381060822,0.0879845411,28
1,"Lip,  oral cavity and pharynx ",498,Moldova,2,1,2009,0.8860234911,1.409275144,0.09059130418,28
1,"Lip,  oral cavity and pharynx ",498,Moldova,2,1,2010,0.8689493409,1.284673993,0.09670385662,25
1,"Lip,  oral cavity and pharynx ",498,Moldova,2,1,2011,0.914551368,1.417284892,0.1208510435,27
1,"Lip,  oral cavity and pharynx ",498,Moldova,2,1,2012,1.22154369,1.877563545,0.1131220633,35
1,"Lip,  oral cavity and pharynx ",498,Moldova,2,1,2013,1.128720393,2.028987097,0.1107499302,37
1,"Lip,  oral cavity and pharynx ",498,Moldova,2,1,2014,1.217819305,2.012388487,0.1450891369,36
1,"Lip,  oral cavity and pharynx ",498,Moldova,2,1,2015,1.123622958,1.873450146,0.1273164677,33
1,"Lip,  oral cavity and pharynx ",498,Moldova,2,1,2016,1.001923911,1.957276116,0.09330763834,34
1,"Lip,  oral cavity and pharynx ",498,Moldova,2,1,2017,0.9553723531,1.690642701,0.09700460559,29
1,"Lip,  oral cavity and pharynx ",498,Moldova,2,1,2018,0.9388729975,1.88711068,0.1026935068,32
1,"Lip,  oral cavity and pharynx ",498,Moldova,2,1,2019,0.8755040916,1.672616402,0.09533185894,28
1,"Lip,  oral cavity and pharynx ",498,Moldova,2,1,2020,0.9377796369,1.63404824,0.1011651112,27
1,"Lip,  oral cavity and pharynx ",498,Moldova,2,1,2021,1.137086286,1.839757152,0.119644861,30
1,"Lip,  oral cavity and pharynx ",51,Armenia,1,1,2007,3.119024798,3.701831281,0.3948225638,51
1,"Lip,  oral cavity and pharynx ",51,Armenia,1,1,2008,3.128950401,3.507992376,0.3649690321,48
1,"Lip,  oral cavity and pharynx ",51,Armenia,1,1,2009,3.314567484,3.978274203,0.3976668721,54
1,"Lip,  oral cavity and pharynx ",51,Armenia,1,1,2010,3.033863289,3.862774921,0.3461437599,52
1,"Lip,  oral cavity and pharynx ",51,Armenia,1,1,2011,4.150824489,4.922665668,0.5532684458,66
1,"Lip,  oral cavity and pharynx ",51,Armenia,1,1,2012,3.160532876,3.429302871,0.4008497559,46
1,"Lip,  oral cavity and pharynx ",51,Armenia,1,1,2013,2.688564571,3.426624425,0.3029430445,46
1,"Lip,  oral cavity and pharynx ",51,Armenia,1,1,2014,3.646292581,4.540580696,0.4722502532,61
1,"Lip,  oral cavity and pharynx ",51,Armenia,1,1,2015,2.719350907,3.348607946,0.3694906427,45
1,"Lip,  oral cavity and pharynx ",51,Armenia,1,1,2016,2.151742321,2.828152171,0.2516845245,38
1,"Lip,  oral cavity and pharynx ",51,Armenia,1,1,2017,2.73399013,3.500545191,0.3381523413,47
1,"Lip,  oral cavity and pharynx ",51,Armenia,1,1,2018,2.733321736,3.50272747,0.3343301654,47
1,"Lip,  oral cavity and pharynx ",51,Armenia,1,1,2019,2.782332836,3.728321674,0.3408065218,50
1,"Lip,  oral cavity and pharynx ",51,Armenia,1,1,2020,2.826875415,3.741296808,0.3125417654,50
1,"Lip,  oral cavity and pharynx ",51,Armenia,1,1,2021,2.2415219,3.163088862,0.261432074,42
1,"Lip,  oral cavity and pharynx ",51,Armenia,1,1,2022,2.142516942,2.923671922,0.2833241015,39
1,"Lip,  oral cavity and pharynx ",51,Armenia,2,1,2007,0.4997043066,0.8139638631,0.05587747628,13
1,"Lip,  oral cavity and pharynx ",51,Armenia,2,1,2008,0.8260732291,1.005223392,0.07357953161,16
1,"Lip,  oral cavity and pharynx ",51,Armenia,2,1,2009,0.4734697859,0.6296658238,0.06549103524,10
1,"Lip,  oral cavity and pharynx ",51,Armenia,2,1,2010,0.8328505514,1.325008494,0.07018831161,21
1,"Lip,  oral cavity and pharynx ",51,Armenia,2,1,2011,0.6736545206,1.326986127,0.06758340341,21
1,"Lip,  oral cavity and pharynx ",51,Armenia,2,1,2012,0.5693095643,1.011923623,0.06471805099,16
1,"Lip,  oral cavity and pharynx ",51,Armenia,2,1,2013,0.5578130522,0.7594508917,0.06451212793,12
1,"Lip,  oral cavity and pharynx ",51,Armenia,2,1,2014,0.4588260292,0.8866475003,0.04803207246,14
1,"Lip,  oral cavity and pharynx ",51,Armenia,2,1,2015,0.3126642571,0.5705824791,0.02654261487,9
1,"Lip,  oral cavity and pharynx ",51,Armenia,2,1,2016,0.4109650396,0.7618278536,0.0418343586,12
1,"Lip,  oral cavity and pharynx ",51,Armenia,2,1,2017,0.6550767789,1.208408872,0.07409427352,19
1,"Lip,  oral cavity and pharynx ",51,Armenia,2,1,2018,0.5486027257,0.9565393173,0.06226904831,15
1,"Lip,  oral cavity and pharynx ",51,Armenia,2,1,2019,0.4145707062,0.8317947796,0.0284192423,13
1,"Lip,  oral cavity and pharynx ",51,Armenia,2,1,2020,0.5342220014,1.093629128,0.04113929499,17
1,"Lip,  oral cavity and pharynx ",51,Armenia,2,1,2021,0.5309462462,1.102083749,0.06299930242,17
1,"Lip,  oral cavity and pharynx ",51,Armenia,2,1,2022,0.4789800696,0.9050151089,0.03974615367,14
1,"Lip,  oral cavity and pharynx ",528,The Netherlands,1,0,2007,8.659662381,13.74025559,1.039822986,1113
1,"Lip,  oral cavity and pharynx ",528,The Netherlands,1,0,2008,9.507199915,15.36716207,1.141981294,1250
1,"Lip,  oral cavity and pharynx ",528,The Netherlands,1,0,2009,9.575670155,15.73362905,1.137095942,1287
1,"Lip,  oral cavity and pharynx ",528,The Netherlands,1,0,2010,9.546714286,15.80840217,1.145214236,1300
1,"Lip,  oral cavity and pharynx ",528,The Netherlands,1,0,2011,9.61812837,16.33755371,1.13269025,1350
1,"Lip,  oral cavity and pharynx ",528,The Netherlands,1,0,2012,9.165152992,16.06972985,1.100556138,1333
1,"Lip,  oral cavity and pharynx ",528,The Netherlands,1,0,2013,9.090209335,15.98393242,1.134046712,1330
1,"Lip,  oral cavity and pharynx ",528,The Netherlands,1,0,2014,9.259463248,16.50068238,1.15194247,1373
1,"Lip,  oral cavity and pharynx ",528,The Netherlands,1,0,2015,9.056026237,16.60512012,1.12407616,1394
1,"Lip,  oral cavity and pharynx ",528,The Netherlands,1,0,2016,9.226140888,17.26235199,1.150579571,1458
1,"Lip,  oral cavity and pharynx ",528,The Netherlands,1,0,2017,8.512647457,16.29145352,1.056646806,1385
1,"Lip,  oral cavity and pharynx ",528,The Netherlands,1,1,2007,2.587452612,4.320826557,0.3063915612,350
1,"Lip,  oral cavity and pharynx ",528,The Netherlands,1,1,2008,2.758986414,4.622433827,0.3310175223,376
1,"Lip,  oral cavity and pharynx ",528,The Netherlands,1,1,2009,2.950996048,5.000036064,0.3659184748,409
1,"Lip,  oral cavity and pharynx ",528,The Netherlands,1,1,2010,2.930726037,5.070843453,0.3561251084,417
1,"Lip,  oral cavity and pharynx ",528,The Netherlands,1,1,2011,2.846460628,5.131194601,0.3447304639,424
1,"Lip,  oral cavity and pharynx ",528,The Netherlands,1,1,2012,2.669374403,4.918559267,0.3251072789,408
1,"Lip,  oral cavity and pharynx ",528,The Netherlands,1,1,2013,2.574825337,4.903334604,0.3262889468,408
1,"Lip,  oral cavity and pharynx ",528,The Netherlands,1,1,2014,2.442174227,4.704541618,0.3088281653,393
1,"Lip,  oral cavity and pharynx ",528,The Netherlands,1,1,2015,2.623584985,5.122095876,0.3212004342,430
1,"Lip,  oral cavity and pharynx ",528,The Netherlands,1,1,2016,2.52131153,5.150290204,0.3045367979,435
1,"Lip,  oral cavity and pharynx ",528,The Netherlands,1,1,2017,2.295971019,4.775687937,0.2712648066,406
1,"Lip,  oral cavity and pharynx ",528,The Netherlands,1,1,2018,2.529962104,5.420135524,0.3008609992,466
1,"Lip,  oral cavity and pharynx ",528,The Netherlands,1,1,2019,2.312017384,5.078016511,0.2912225628,440
1,"Lip,  oral cavity and pharynx ",528,The Netherlands,1,1,2020,2.340992097,5.087997958,0.2835609787,443
1,"Lip,  oral cavity and pharynx ",528,The Netherlands,1,1,2021,2.50214122,5.700343385,0.3242934929,497
1,"Lip,  oral cavity and pharynx ",528,The Netherlands,1,1,2022,2.638825924,5.992094074,0.3290371234,527
1,"Lip,  oral cavity and pharynx ",528,The Netherlands,1,1,2023,2.108980571,4.929765474,0.2681808231,438
1,"Lip,  oral cavity and pharynx ",528,The Netherlands,2,0,2007,4.971994437,8.742487378,0.5788475118,724
1,"Lip,  oral cavity and pharynx ",528,The Netherlands,2,0,2008,5.055652264,8.674882257,0.5847601266,721
1,"Lip,  oral cavity and pharynx ",528,The Netherlands,2,0,2009,5.068490247,9.173159431,0.5859021836,766
1,"Lip,  oral cavity and pharynx ",528,The Netherlands,2,0,2010,4.862769855,8.889513829,0.5943969508,746
1,"Lip,  oral cavity and pharynx ",528,The Netherlands,2,0,2011,5.125759684,9.38327561,0.5941731148,791
1,"Lip,  oral cavity and pharynx ",528,The Netherlands,2,0,2012,5.117075475,9.645558811,0.6010185861,816
1,"Lip,  oral cavity and pharynx ",528,The Netherlands,2,0,2013,5.053894228,9.877923948,0.6228199096,838
1,"Lip,  oral cavity and pharynx ",528,The Netherlands,2,0,2014,5.230607161,10.24332071,0.628058642,869
1,"Lip,  oral cavity and pharynx ",528,The Netherlands,2,0,2015,5.075025314,10.11125896,0.6246407435,864
1,"Lip,  oral cavity and pharynx ",528,The Netherlands,2,0,2016,4.699958837,9.86696374,0.5786311501,847
1,"Lip,  oral cavity and pharynx ",528,The Netherlands,2,0,2017,4.9402441,10.03232122,0.5959710428,866
1,"Lip,  oral cavity and pharynx ",528,The Netherlands,2,1,2007,1.08378031,2.233919643,0.1153253904,185
1,"Lip,  oral cavity and pharynx ",528,The Netherlands,2,1,2008,1.005594695,2.177740699,0.1129806697,181
1,"Lip,  oral cavity and pharynx ",528,The Netherlands,2,1,2009,1.250357186,2.646562056,0.1517191055,221
1,"Lip,  oral cavity and pharynx ",528,The Netherlands,2,1,2010,1.039509845,2.287914769,0.1186385408,192
1,"Lip,  oral cavity and pharynx ",528,The Netherlands,2,1,2011,1.111419268,2.419956671,0.1365922412,204
1,"Lip,  oral cavity and pharynx ",528,The Netherlands,2,1,2012,1.175238122,2.612335757,0.1373204645,221
1,"Lip,  oral cavity and pharynx ",528,The Netherlands,2,1,2013,1.237163763,2.805420402,0.1433395298,238
1,"Lip,  oral cavity and pharynx ",528,The Netherlands,2,1,2014,1.12147349,2.608268399,0.1423620402,222
1,"Lip,  oral cavity and pharynx ",528,The Netherlands,2,1,2015,1.034229606,2.621437507,0.1199411799,224
1,"Lip,  oral cavity and pharynx ",528,The Netherlands,2,1,2016,1.199484212,2.819132497,0.140116921,242
1,"Lip,  oral cavity and pharynx ",528,The Netherlands,2,1,2017,1.201188315,2.988842235,0.1404944827,258
1,"Lip,  oral cavity and pharynx ",528,The Netherlands,2,1,2018,0.9787157821,2.810004257,0.1167407657,245
1,"Lip,  oral cavity and pharynx ",528,The Netherlands,2,1,2019,1.090687452,2.864822335,0.1358607818,252
1,"Lip,  oral cavity and pharynx ",528,The Netherlands,2,1,2020,1.014413782,2.805123951,0.1125890307,247
1,"Lip,  oral cavity and pharynx ",528,The Netherlands,2,1,2021,1.133106057,3.106622457,0.1425647666,274
1,"Lip,  oral cavity and pharynx ",528,The Netherlands,2,1,2022,1.04492146,2.775205126,0.1354347173,247
1,"Lip,  oral cavity and pharynx ",528,The Netherlands,2,1,2023,1.169775275,3.303398463,0.1390406181,297
1,"Lip,  oral cavity and pharynx ",554,New Zealand,1,0,2007,7.801707848,10.85923059,0.8781436216,225
1,"Lip,  oral cavity and pharynx ",554,New Zealand,1,0,2008,8.037761063,11.32478479,0.9121390476,237
1,"Lip,  oral cavity and pharynx ",554,New Zealand,1,0,2009,7.92714772,11.19318396,0.9009091287,237
1,"Lip,  oral cavity and pharynx ",554,New Zealand,1,0,2010,9.576233728,13.84931756,1.132357716,297
1,"Lip,  oral cavity and pharynx ",554,New Zealand,1,0,2011,8.028869733,11.96807896,0.9127355515,259
1,"Lip,  oral cavity and pharynx ",554,New Zealand,1,0,2012,8.390923181,12.48210287,0.9278027689,272
1,"Lip,  oral cavity and pharynx ",554,New Zealand,1,0,2013,8.238062261,12.5687425,0.9116411815,273
1,"Lip,  oral cavity and pharynx ",554,New Zealand,1,0,2014,8.865334858,13.23377786,1.050560014,292
1,"Lip,  oral cavity and pharynx ",554,New Zealand,1,0,2015,10.45441984,16.04950896,1.194893145,361
1,"Lip,  oral cavity and pharynx ",554,New Zealand,1,0,2016,9.890245173,15.23763085,1.164243671,350
1,"Lip,  oral cavity and pharynx ",554,New Zealand,1,0,2017,10.32872787,15.8446456,1.231100324,371
1,"Lip,  oral cavity and pharynx ",554,New Zealand,1,1,2007,2.664717011,3.920563574,0.3369100505,81
1,"Lip,  oral cavity and pharynx ",554,New Zealand,1,1,2008,2.770365224,4.221902221,0.3464158099,88
1,"Lip,  oral cavity and pharynx ",554,New Zealand,1,1,2009,2.584036658,3.942940426,0.309663201,83
1,"Lip,  oral cavity and pharynx ",554,New Zealand,1,1,2010,2.572365897,4.23328505,0.2897231944,90
1,"Lip,  oral cavity and pharynx ",554,New Zealand,1,1,2011,2.360980505,3.780339853,0.2898557097,81
1,"Lip,  oral cavity and pharynx ",554,New Zealand,1,1,2012,2.143672957,3.431178329,0.254754067,74
1,"Lip,  oral cavity and pharynx ",554,New Zealand,1,1,2013,2.340326144,3.992127708,0.2649514317,87
1,"Lip,  oral cavity and pharynx ",554,New Zealand,1,1,2014,2.217844036,4.100730155,0.2385413491,91
1,"Lip,  oral cavity and pharynx ",554,New Zealand,1,1,2015,2.640551058,4.44575127,0.3060139001,101
1,"Lip,  oral cavity and pharynx ",554,New Zealand,1,1,2016,2.35414709,4.12304719,0.2801794543,96
1,"Lip,  oral cavity and pharynx ",554,New Zealand,1,1,2017,2.270336758,3.946011013,0.2647795936,94
1,"Lip,  oral cavity and pharynx ",554,New Zealand,1,1,2018,2.213618562,4.033309374,0.2607575966,98
1,"Lip,  oral cavity and pharynx ",554,New Zealand,2,0,2007,4.040560089,6.253561056,0.4475778954,135
1,"Lip,  oral cavity and pharynx ",554,New Zealand,2,0,2008,3.280707642,5.285630898,0.3677562635,115
1,"Lip,  oral cavity and pharynx ",554,New Zealand,2,0,2009,3.195128388,5.004970846,0.3468658775,110
1,"Lip,  oral cavity and pharynx ",554,New Zealand,2,0,2010,3.61643963,5.71300045,0.3767313569,127
1,"Lip,  oral cavity and pharynx ",554,New Zealand,2,0,2011,3.364925489,5.534083707,0.3776189324,124
1,"Lip,  oral cavity and pharynx ",554,New Zealand,2,0,2012,3.890228999,6.389875597,0.421946527,144
1,"Lip,  oral cavity and pharynx ",554,New Zealand,2,0,2013,4.034040128,7.224956056,0.4251486523,164
1,"Lip,  oral cavity and pharynx ",554,New Zealand,2,0,2014,3.78267797,6.441111701,0.4279892727,148
1,"Lip,  oral cavity and pharynx ",554,New Zealand,2,0,2015,3.986295895,6.46305891,0.4173517906,151
1,"Lip,  oral cavity and pharynx ",554,New Zealand,2,0,2016,4.096635636,7.222551156,0.4378852598,172
1,"Lip,  oral cavity and pharynx ",554,New Zealand,2,0,2017,4.588254159,7.67293496,0.5419389761,186
1,"Lip,  oral cavity and pharynx ",554,New Zealand,2,1,2007,0.960751604,1.946935801,0.1065561144,42
1,"Lip,  oral cavity and pharynx ",554,New Zealand,2,1,2008,0.8947499854,1.791081379,0.08428615764,39
1,"Lip,  oral cavity and pharynx ",554,New Zealand,2,1,2009,1.00669466,1.864249871,0.1014315893,41
1,"Lip,  oral cavity and pharynx ",554,New Zealand,2,1,2010,0.6394600824,1.170242357,0.06592889324,26
1,"Lip,  oral cavity and pharynx ",554,New Zealand,2,1,2011,1.108915066,2.053538425,0.1339289431,46
1,"Lip,  oral cavity and pharynx ",554,New Zealand,2,1,2012,1.004006784,1.818195525,0.1059530539,41
1,"Lip,  oral cavity and pharynx ",554,New Zealand,2,1,2013,1.020479217,2.154260908,0.09879976158,49
1,"Lip,  oral cavity and pharynx ",554,New Zealand,2,1,2014,0.975846561,2.257075715,0.09356315972,52
1,"Lip,  oral cavity and pharynx ",554,New Zealand,2,1,2015,0.8496456318,1.878578104,0.06523818641,44
1,"Lip,  oral cavity and pharynx ",554,New Zealand,2,1,2016,0.8961256279,1.927593714,0.08837721465,46
1,"Lip,  oral cavity and pharynx ",554,New Zealand,2,1,2017,0.8248660729,1.892537601,0.08737009323,46
1,"Lip,  oral cavity and pharynx ",554,New Zealand,2,1,2018,1.349011407,2.75183265,0.1445613125,68
1,"Lip,  oral cavity and pharynx ",558,Nicaragua,1,1,2007,1.703468507,0.8895837526,0.1494498427,24
1,"Lip,  oral cavity and pharynx ",558,Nicaragua,1,1,2008,1.604462202,0.9133431025,0.2131076058,25
1,"Lip,  oral cavity and pharynx ",558,Nicaragua,1,1,2009,1.399937299,0.8642983212,0.1963198251,24
1,"Lip,  oral cavity and pharynx ",558,Nicaragua,1,1,2010,1.206873252,0.7100036317,0.1265279527,20
1,"Lip,  oral cavity and pharynx ",558,Nicaragua,1,1,2011,1.786461561,1.119923509,0.1790517533,32
1,"Lip,  oral cavity and pharynx ",558,Nicaragua,1,1,2012,1.506750054,1.000653185,0.1759549663,29
1,"Lip,  oral cavity and pharynx ",558,Nicaragua,1,1,2013,1.889351279,1.088789045,0.2287627371,32
1,"Lip,  oral cavity and pharynx ",558,Nicaragua,1,1,2014,1.714619639,1.006676277,0.1812159896,30
1,"Lip,  oral cavity and pharynx ",558,Nicaragua,1,1,2015,1.106274966,0.6950422635,0.1096316157,21
1,"Lip,  oral cavity and pharynx ",558,Nicaragua,1,1,2016,1.293839915,0.9141689992,0.155425628,28
1,"Lip,  oral cavity and pharynx ",558,Nicaragua,1,1,2017,1.369999957,0.8696741717,0.1470138877,27
1,"Lip,  oral cavity and pharynx ",558,Nicaragua,1,1,2018,1.177986193,0.826343579,0.1375686646,26
1,"Lip,  oral cavity and pharynx ",558,Nicaragua,1,1,2019,1.452637199,1.035143109,0.1605387529,33
1,"Lip,  oral cavity and pharynx ",558,Nicaragua,1,1,2020,0.9997276525,0.6815371885,0.08616484314,22
1,"Lip,  oral cavity and pharynx ",558,Nicaragua,1,1,2021,1.017729468,0.7347250659,0.1217400898,24
1,"Lip,  oral cavity and pharynx ",558,Nicaragua,1,1,2022,1.685535445,1.118158532,0.1783436464,37
1,"Lip,  oral cavity and pharynx ",558,Nicaragua,2,1,2007,0.6456102655,0.5001157411,0.06184091539,14
1,"Lip,  oral cavity and pharynx ",558,Nicaragua,2,1,2008,0.4820742113,0.3521873298,0.04960778096,10
1,"Lip,  oral cavity and pharynx ",558,Nicaragua,2,1,2009,0.2975607591,0.2083495383,0.03388940543,6
1,"Lip,  oral cavity and pharynx ",558,Nicaragua,2,1,2010,0.3121337262,0.273919695,0.02469125127,8
1,"Lip,  oral cavity and pharynx ",558,Nicaragua,2,1,2011,0.4360373478,0.4051712,0.03606379021,12
1,"Lip,  oral cavity and pharynx ",558,Nicaragua,2,1,2012,0.4387045035,0.3329803741,0.05879432675,10
1,"Lip,  oral cavity and pharynx ",558,Nicaragua,2,1,2013,0.5392055726,0.4269575759,0.05244902403,13
1,"Lip,  oral cavity and pharynx ",558,Nicaragua,2,1,2014,0.7878014733,0.615605735,0.0752523627,19
1,"Lip,  oral cavity and pharynx ",558,Nicaragua,2,1,2015,0.5944655961,0.4795364225,0.06319442957,15
1,"Lip,  oral cavity and pharynx ",558,Nicaragua,2,1,2016,0.834059591,0.6940555718,0.09642463448,22
1,"Lip,  oral cavity and pharynx ",558,Nicaragua,2,1,2017,0.5111082062,0.4359169404,0.05304393557,14
1,"Lip,  oral cavity and pharynx ",558,Nicaragua,2,1,2018,0.447299665,0.3995466068,0.02767132898,13
1,"Lip,  oral cavity and pharynx ",558,Nicaragua,2,1,2019,0.6125724398,0.5158247446,0.08060482782,17
1,"Lip,  oral cavity and pharynx ",558,Nicaragua,2,1,2020,0.6903815876,0.5992920563,0.06824742487,20
1,"Lip,  oral cavity and pharynx ",558,Nicaragua,2,1,2021,0.4245614608,0.3552172835,0.04328031436,12
1,"Lip,  oral cavity and pharynx ",558,Nicaragua,2,1,2022,0.5340551316,0.4676118856,0.05281182781,16
1,"Lip,  oral cavity and pharynx ",56,Belgium,1,1,2007,4.409993048,7.092247654,0.5262219989,369
1,"Lip,  oral cavity and pharynx ",56,Belgium,1,1,2008,4.797082417,7.814754485,0.576646166,410
1,"Lip,  oral cavity and pharynx ",56,Belgium,1,1,2009,4.475893071,7.579709816,0.533928917,401
1,"Lip,  oral cavity and pharynx ",56,Belgium,1,1,2010,4.401349198,7.398035586,0.5404355261,393
1,"Lip,  oral cavity and pharynx ",56,Belgium,1,1,2011,4.221681544,7.16438733,0.535224125,387
1,"Lip,  oral cavity and pharynx ",56,Belgium,1,1,2012,4.721199148,8.12578644,0.570280596,443
1,"Lip,  oral cavity and pharynx ",56,Belgium,1,1,2013,4.642521903,8.16793121,0.6089921223,449
1,"Lip,  oral cavity and pharynx ",56,Belgium,1,1,2014,4.512953426,8.240690465,0.5568325439,455
1,"Lip,  oral cavity and pharynx ",56,Belgium,1,1,2015,4.131049739,7.651685184,0.5269346637,424
1,"Lip,  oral cavity and pharynx ",56,Belgium,1,1,2016,4.014134847,7.401371363,0.5188851046,414
1,"Lip,  oral cavity and pharynx ",56,Belgium,1,1,2017,3.970036275,7.336994214,0.5256318809,411
1,"Lip,  oral cavity and pharynx ",56,Belgium,1,1,2018,3.57190196,6.785647609,0.4623498332,382
1,"Lip,  oral cavity and pharynx ",56,Belgium,1,1,2019,3.314543685,6.58657765,0.4269130879,373
1,"Lip,  oral cavity and pharynx ",56,Belgium,1,1,2020,3.543254657,7.169394697,0.4553419172,408
1,"Lip,  oral cavity and pharynx ",56,Belgium,1,1,2021,3.299722811,6.699241656,0.4260398246,383
1,"Lip,  oral cavity and pharynx ",56,Belgium,2,1,2007,1.010945936,2.175979181,0.1232748409,118
1,"Lip,  oral cavity and pharynx ",56,Belgium,2,1,2008,1.154040315,2.324517676,0.1268245119,127
1,"Lip,  oral cavity and pharynx ",56,Belgium,2,1,2009,0.9788345327,2.179415277,0.1168056753,120
1,"Lip,  oral cavity and pharynx ",56,Belgium,2,1,2010,1.194206858,2.315617173,0.1396332331,128
1,"Lip,  oral cavity and pharynx ",56,Belgium,2,1,2011,1.130860849,2.375458124,0.1434022869,133
1,"Lip,  oral cavity and pharynx ",56,Belgium,2,1,2012,1.278246882,2.445477373,0.160806348,138
1,"Lip,  oral cavity and pharynx ",56,Belgium,2,1,2013,1.259424359,2.569821704,0.1589709933,146
1,"Lip,  oral cavity and pharynx ",56,Belgium,2,1,2014,1.164348921,2.523703093,0.1397394536,144
1,"Lip,  oral cavity and pharynx ",56,Belgium,2,1,2015,1.294320206,2.829906381,0.1566917987,162
1,"Lip,  oral cavity and pharynx ",56,Belgium,2,1,2016,1.150432906,2.604754093,0.1411738105,150
1,"Lip,  oral cavity and pharynx ",56,Belgium,2,1,2017,1.506758193,3.290944239,0.1976984982,190
1,"Lip,  oral cavity and pharynx ",56,Belgium,2,1,2018,1.016420499,2.449315554,0.1208318732,142
1,"Lip,  oral cavity and pharynx ",56,Belgium,2,1,2019,1.189675371,2.711999861,0.1365184259,158
1,"Lip,  oral cavity and pharynx ",56,Belgium,2,1,2020,0.7938016101,2.13757026,0.09270674449,125
1,"Lip,  oral cavity and pharynx ",56,Belgium,2,1,2021,0.9593719958,2.351280247,0.1246194144,138
1,"Lip,  oral cavity and pharynx ",578,Norway,1,0,2007,7.405305849,11.35423109,0.9163053686,266
1,"Lip,  oral cavity and pharynx ",578,Norway,1,0,2008,7.234679536,11.27295418,0.8898828911,268
1,"Lip,  oral cavity and pharynx ",578,Norway,1,0,2009,8.701862827,13.77077671,1.016363575,332
1,"Lip,  oral cavity and pharynx ",578,Norway,1,0,2010,7.821720176,12.72607973,0.95812905,311
1,"Lip,  oral cavity and pharynx ",578,Norway,1,0,2011,8.0717541,13.10557854,0.9299058884,325
1,"Lip,  oral cavity and pharynx ",578,Norway,1,0,2012,8.673156316,14.14163362,1.035069384,356
1,"Lip,  oral cavity and pharynx ",578,Norway,1,0,2013,7.882431727,12.93270175,0.9367546478,330
1,"Lip,  oral cavity and pharynx ",578,Norway,1,0,2014,9.372584333,15.40767031,1.129218493,398
1,"Lip,  oral cavity and pharynx ",578,Norway,1,0,2015,8.802638778,15.08441434,1.084867599,394
1,"Lip,  oral cavity and pharynx ",578,Norway,1,0,2016,8.756107571,15.31973985,1.07804329,404
1,"Lip,  oral cavity and pharynx ",578,Norway,1,0,2017,8.523362118,14.51810334,1.025218417,386
1,"Lip,  oral cavity and pharynx ",578,Norway,1,0,2018,9.331688803,16.02707193,1.129187226,429
1,"Lip,  oral cavity and pharynx ",578,Norway,1,0,2019,8.824738973,15.57968965,1.073060597,420
1,"Lip,  oral cavity and pharynx ",578,Norway,1,0,2020,9.156900729,16.88223773,1.086778378,458
1,"Lip,  oral cavity and pharynx ",578,Norway,1,0,2021,9.447981393,17.4467905,1.13926696,476
1,"Lip,  oral cavity and pharynx ",578,Norway,1,0,2022,9.201332588,17.44565768,1.138793205,480
1,"Lip,  oral cavity and pharynx ",578,Norway,1,0,2023,8.698748412,16.83093612,1.049953121,468
1,"Lip,  oral cavity and pharynx ",578,Norway,1,1,2007,2.469817993,3.969700514,0.323453681,93
1,"Lip,  oral cavity and pharynx ",578,Norway,1,1,2008,2.266179539,3.617432153,0.2849697614,86
1,"Lip,  oral cavity and pharynx ",578,Norway,1,1,2009,1.974947052,3.06938999,0.2629899011,74
1,"Lip,  oral cavity and pharynx ",578,Norway,1,1,2010,2.194585597,3.764618073,0.2883060035,92
1,"Lip,  oral cavity and pharynx ",578,Norway,1,1,2011,2.178843145,3.79052892,0.277082987,94
1,"Lip,  oral cavity and pharynx ",578,Norway,1,1,2012,1.801477255,3.177895197,0.2013663227,80
1,"Lip,  oral cavity and pharynx ",578,Norway,1,1,2013,2.031463134,3.683860498,0.224150529,94
1,"Lip,  oral cavity and pharynx ",578,Norway,1,1,2014,1.50408697,2.671179024,0.1807495627,69
1,"Lip,  oral cavity and pharynx ",578,Norway,1,1,2015,2.369025662,4.287943032,0.3176029706,112
1,"Lip,  oral cavity and pharynx ",578,Norway,1,1,2016,2.436369059,4.550417776,0.325160533,120
1,"Lip,  oral cavity and pharynx ",578,Norway,2,0,2007,3.43149433,6.338706232,0.4198799148,150
1,"Lip,  oral cavity and pharynx ",578,Norway,2,0,2008,4.114435291,7.654213582,0.4571804918,183
1,"Lip,  oral cavity and pharynx ",578,Norway,2,0,2009,3.743624543,6.782961366,0.4148733255,164
1,"Lip,  oral cavity and pharynx ",578,Norway,2,0,2010,4.763640675,8.382910068,0.5642093248,205
1,"Lip,  oral cavity and pharynx ",578,Norway,2,0,2011,4.454862945,7.965300402,0.512175639,197
1,"Lip,  oral cavity and pharynx ",578,Norway,2,0,2012,3.846523029,7.396499976,0.404407222,185
1,"Lip,  oral cavity and pharynx ",578,Norway,2,0,2013,4.169151285,7.514352908,0.4612330431,190
1,"Lip,  oral cavity and pharynx ",578,Norway,2,0,2014,4.712466895,8.299729867,0.4990293999,212
1,"Lip,  oral cavity and pharynx ",578,Norway,2,0,2015,4.333236813,8.533992054,0.479648523,220
1,"Lip,  oral cavity and pharynx ",578,Norway,2,0,2016,4.896289158,9.157260756,0.5603521948,238
1,"Lip,  oral cavity and pharynx ",578,Norway,2,0,2017,4.668350543,9.7394506,0.5295765546,255
1,"Lip,  oral cavity and pharynx ",578,Norway,2,0,2018,4.53568997,8.993646956,0.4879809733,237
1,"Lip,  oral cavity and pharynx ",578,Norway,2,0,2019,4.587400294,8.597030593,0.556520387,228
1,"Lip,  oral cavity and pharynx ",578,Norway,2,0,2020,4.086247947,8.662833519,0.4800081417,231
1,"Lip,  oral cavity and pharynx ",578,Norway,2,0,2021,4.805286607,9.626779462,0.5400709193,258
1,"Lip,  oral cavity and pharynx ",578,Norway,2,0,2022,4.082912112,8.463532523,0.4789053205,229
1,"Lip,  oral cavity and pharynx ",578,Norway,2,0,2023,4.61876564,9.492517249,0.5495039986,260
1,"Lip,  oral cavity and pharynx ",578,Norway,2,1,2007,1.0813147,2.281927976,0.1405660126,54
1,"Lip,  oral cavity and pharynx ",578,Norway,2,1,2008,0.6061551315,1.463916957,0.08398174245,35
1,"Lip,  oral cavity and pharynx ",578,Norway,2,1,2009,0.8236350883,1.778459383,0.1029404734,43
1,"Lip,  oral cavity and pharynx ",578,Norway,2,1,2010,0.8225645939,1.921930371,0.08986168188,47
1,"Lip,  oral cavity and pharynx ",578,Norway,2,1,2011,0.9421336394,2.385539587,0.1029385146,59
1,"Lip,  oral cavity and pharynx ",578,Norway,2,1,2012,1.065042953,2.558789181,0.1246356762,64
1,"Lip,  oral cavity and pharynx ",578,Norway,2,1,2013,1.025662831,2.214756647,0.1266913162,56
1,"Lip,  oral cavity and pharynx ",578,Norway,2,1,2014,0.6644529103,1.605136437,0.06227287255,41
1,"Lip,  oral cavity and pharynx ",578,Norway,2,1,2015,0.8188534697,2.094702265,0.09055700601,54
1,"Lip,  oral cavity and pharynx ",578,Norway,2,1,2016,0.9314116871,2.462456674,0.1021733642,64
1,"Lip,  oral cavity and pharynx ",591,Panama,1,1,2007,2.328388241,1.855021921,0.2289458759,32
1,"Lip,  oral cavity and pharynx ",591,Panama,1,1,2008,3.932598686,2.846978331,0.3424254808,50
1,"Lip,  oral cavity and pharynx ",591,Panama,1,1,2009,2.430642683,1.901918084,0.3110400758,34
1,"Lip,  oral cavity and pharynx ",591,Panama,1,1,2010,1.890334588,1.649006721,0.191263262,30
1,"Lip,  oral cavity and pharynx ",591,Panama,1,1,2011,2.527747276,2.106625499,0.2943183806,39
1,"Lip,  oral cavity and pharynx ",591,Panama,1,1,2012,2.446119291,2.017257104,0.2299449761,38
1,"Lip,  oral cavity and pharynx ",591,Panama,1,1,2013,1.949830759,1.774103412,0.1614528677,34
1,"Lip,  oral cavity and pharynx ",591,Panama,1,1,2014,3.124053302,2.923706645,0.2762791768,57
1,"Lip,  oral cavity and pharynx ",591,Panama,1,1,2015,2.351474398,2.268867906,0.2396753944,45
1,"Lip,  oral cavity and pharynx ",591,Panama,1,1,2016,2.353850957,2.329282199,0.2336529398,47
1,"Lip,  oral cavity and pharynx ",591,Panama,1,1,2017,2.572139214,2.679638064,0.2462239759,55
1,"Lip,  oral cavity and pharynx ",591,Panama,1,1,2018,2.873529718,3.018739183,0.2970018427,63
1,"Lip,  oral cavity and pharynx ",591,Panama,1,1,2019,2.215933172,2.216830555,0.2962416296,47
1,"Lip,  oral cavity and pharynx ",591,Panama,1,1,2020,1.865402652,1.909577322,0.2423122546,41
1,"Lip,  oral cavity and pharynx ",591,Panama,1,1,2021,1.877387088,1.977916334,0.226335817,43
1,"Lip,  oral cavity and pharynx ",591,Panama,1,1,2022,1.958610345,2.226058514,0.2103818415,49
1,"Lip,  oral cavity and pharynx ",591,Panama,2,1,2007,1.375452351,1.343110398,0.1300998607,23
1,"Lip,  oral cavity and pharynx ",591,Panama,2,1,2008,0.9307675824,0.9745460049,0.06315964523,17
1,"Lip,  oral cavity and pharynx ",591,Panama,2,1,2009,0.9728057467,1.013107358,0.09715544999,18
1,"Lip,  oral cavity and pharynx ",591,Panama,2,1,2010,0.9297847116,0.9948835351,0.07956973431,18
1,"Lip,  oral cavity and pharynx ",591,Panama,2,1,2011,0.7848536397,0.9228076804,0.04073433606,17
1,"Lip,  oral cavity and pharynx ",591,Panama,2,1,2012,0.8989407065,1.013059402,0.1069632413,19
1,"Lip,  oral cavity and pharynx ",591,Panama,2,1,2013,0.514915797,0.6286438424,0.04893336688,12
1,"Lip,  oral cavity and pharynx ",591,Panama,2,1,2014,0.7761759646,0.8751500625,0.08102716124,17
1,"Lip,  oral cavity and pharynx ",591,Panama,2,1,2015,0.5628865891,0.7588539282,0.03349439699,15
1,"Lip,  oral cavity and pharynx ",591,Panama,2,1,2016,0.5676793363,0.6960682584,0.05501423973,14
1,"Lip,  oral cavity and pharynx ",591,Panama,2,1,2017,0.6430076849,0.7330704706,0.06738964204,15
1,"Lip,  oral cavity and pharynx ",591,Panama,2,1,2018,0.8134320044,1.105293105,0.06251155552,23
1,"Lip,  oral cavity and pharynx ",591,Panama,2,1,2019,0.6871083243,0.8512425303,0.07039588678,18
1,"Lip,  oral cavity and pharynx ",591,Panama,2,1,2020,0.5950494708,0.7932878515,0.05937252873,17
1,"Lip,  oral cavity and pharynx ",591,Panama,2,1,2021,0.6644996458,0.9210634783,0.06553862692,20
1,"Lip,  oral cavity and pharynx ",591,Panama,2,1,2022,0.7303332107,1.000193674,0.08597334715,22
1,"Lip,  oral cavity and pharynx ",600,Paraguay,1,1,2007,3.368367481,2.246171881,0.3694554798,63
1,"Lip,  oral cavity and pharynx ",600,Paraguay,1,1,2008,2.595954391,1.695366634,0.2878285333,48
1,"Lip,  oral cavity and pharynx ",600,Paraguay,1,1,2009,2.730649579,1.923468006,0.2887230823,55
1,"Lip,  oral cavity and pharynx ",600,Paraguay,1,1,2010,4.088211794,2.69693597,0.4715836225,78
1,"Lip,  oral cavity and pharynx ",600,Paraguay,1,1,2011,3.022477901,2.08194004,0.3125100276,61
1,"Lip,  oral cavity and pharynx ",600,Paraguay,1,1,2012,3.404209726,2.390079085,0.3851807947,71
1,"Lip,  oral cavity and pharynx ",600,Paraguay,1,1,2013,3.533241326,2.555827827,0.4001063308,77
1,"Lip,  oral cavity and pharynx ",600,Paraguay,1,1,2014,3.110556669,2.290799674,0.385203621,70
1,"Lip,  oral cavity and pharynx ",600,Paraguay,1,1,2015,3.231375055,2.516465508,0.3590692916,78
1,"Lip,  oral cavity and pharynx ",600,Paraguay,1,1,2016,3.299301491,2.608333722,0.4133353998,82
1,"Lip,  oral cavity and pharynx ",600,Paraguay,1,1,2017,3.271838193,2.572481631,0.4443074343,82
1,"Lip,  oral cavity and pharynx ",600,Paraguay,1,1,2018,3.380396781,2.72366303,0.3534450772,88
1,"Lip,  oral cavity and pharynx ",600,Paraguay,1,1,2019,4.287688841,3.512759488,0.5173470918,115
1,"Lip,  oral cavity and pharynx ",600,Paraguay,1,1,2020,4.191048937,3.43697004,0.5215691415,114
1,"Lip,  oral cavity and pharynx ",600,Paraguay,1,1,2021,3.341539049,2.742061434,0.4421638849,92
1,"Lip,  oral cavity and pharynx ",600,Paraguay,2,1,2007,0.8342294473,0.6897516876,0.07451094248,19
1,"Lip,  oral cavity and pharynx ",600,Paraguay,2,1,2008,0.4306685427,0.3953524522,0.02732604951,11
1,"Lip,  oral cavity and pharynx ",600,Paraguay,2,1,2009,0.4269268526,0.3556417947,0.04097859335,10
1,"Lip,  oral cavity and pharynx ",600,Paraguay,2,1,2010,0.9625982923,0.8082084461,0.1113196237,23
1,"Lip,  oral cavity and pharynx ",600,Paraguay,2,1,2011,0.6318470716,0.5199907858,0.04507953326,15
1,"Lip,  oral cavity and pharynx ",600,Paraguay,2,1,2012,0.5303752078,0.4442325797,0.06547187274,13
1,"Lip,  oral cavity and pharynx ",600,Paraguay,2,1,2013,0.7157675453,0.5724440583,0.1050165563,17
1,"Lip,  oral cavity and pharynx ",600,Paraguay,2,1,2014,0.3764405143,0.3649502448,0.03569557327,11
1,"Lip,  oral cavity and pharynx ",600,Paraguay,2,1,2015,0.2911599875,0.2614791385,0.01931394138,8
1,"Lip,  oral cavity and pharynx ",600,Paraguay,2,1,2016,0.6124402116,0.5474411714,0.05900402717,17
1,"Lip,  oral cavity and pharynx ",600,Paraguay,2,1,2017,0.3564202589,0.3490869947,0.03245397136,11
1,"Lip,  oral cavity and pharynx ",600,Paraguay,2,1,2018,0.5771123269,0.5318419234,0.06419143787,17
1,"Lip,  oral cavity and pharynx ",600,Paraguay,2,1,2019,0.6369237648,0.6478924906,0.06914285908,21
1,"Lip,  oral cavity and pharynx ",600,Paraguay,2,1,2020,0.4186607626,0.4259378505,0.04583196545,14
1,"Lip,  oral cavity and pharynx ",600,Paraguay,2,1,2021,0.5457371347,0.5707347639,0.05045433729,19
1,"Lip,  oral cavity and pharynx ",608,Philippines,1,0,2007,10.37012771,6.280301201,1.153964074,188
1,"Lip,  oral cavity and pharynx ",608,Philippines,1,0,2008,10.08028318,6.367877162,1.212182502,195
1,"Lip,  oral cavity and pharynx ",608,Philippines,1,0,2009,8.849228946,6.120430955,0.9687535345,192
1,"Lip,  oral cavity and pharynx ",608,Philippines,1,0,2010,8.329728555,5.779226106,0.9660487291,186
1,"Lip,  oral cavity and pharynx ",608,Philippines,1,0,2011,8.310653408,6.077979571,1.039777266,201
1,"Lip,  oral cavity and pharynx ",608,Philippines,1,0,2012,7.829239556,6.052557352,0.8699321036,206
1,"Lip,  oral cavity and pharynx ",608,Philippines,1,0,2013,10.14991486,7.193796518,1.137234045,231
1,"Lip,  oral cavity and pharynx ",608,Philippines,1,0,2014,8.036864182,5.714800134,0.9588913142,186
1,"Lip,  oral cavity and pharynx ",608,Philippines,1,0,2015,8.217177765,5.97274669,0.9381371465,197
1,"Lip,  oral cavity and pharynx ",608,Philippines,1,0,2016,9.162920784,6.797223485,1.039121465,226
1,"Lip,  oral cavity and pharynx ",608,Philippines,1,0,2017,6.269703286,4.714352039,0.7692154899,158
1,"Lip,  oral cavity and pharynx ",608,Philippines,1,1,2007,5.950958533,2.854872595,0.7006517367,1304
1,"Lip,  oral cavity and pharynx ",608,Philippines,1,1,2008,6.147575048,2.993347903,0.7387491229,1391
1,"Lip,  oral cavity and pharynx ",608,Philippines,1,1,2009,5.706367522,2.848138944,0.674369463,1347
1,"Lip,  oral cavity and pharynx ",608,Philippines,1,1,2010,5.620192192,2.855516399,0.6702245447,1379
1,"Lip,  oral cavity and pharynx ",608,Philippines,1,1,2011,5.657554258,2.967227701,0.6689485321,1462
1,"Lip,  oral cavity and pharynx ",608,Philippines,1,1,2012,5.294341227,2.843898812,0.6256973284,1428
1,"Lip,  oral cavity and pharynx ",608,Philippines,1,1,2013,4.969246633,2.732927531,0.5866775903,1398
1,"Lip,  oral cavity and pharynx ",608,Philippines,1,1,2014,4.686924937,2.641322917,0.5514711706,1376
1,"Lip,  oral cavity and pharynx ",608,Philippines,1,1,2015,4.835817083,2.780599628,0.5681602245,1468
1,"Lip,  oral cavity and pharynx ",608,Philippines,1,1,2016,5.005763104,2.936798434,0.5863655268,1571
1,"Lip,  oral cavity and pharynx ",608,Philippines,1,1,2017,4.774549163,3.00996181,0.5318471321,1629
1,"Lip,  oral cavity and pharynx ",608,Philippines,1,1,2018,4.724320329,3.061579383,0.5181885766,1675
1,"Lip,  oral cavity and pharynx ",608,Philippines,1,1,2019,4.697714204,3.153833776,0.5191943437,1744
1,"Lip,  oral cavity and pharynx ",608,Philippines,2,0,2007,5.056676244,3.636994478,0.5034481184,113
1,"Lip,  oral cavity and pharynx ",608,Philippines,2,0,2008,5.282337915,4.087150627,0.6375815418,130
1,"Lip,  oral cavity and pharynx ",608,Philippines,2,0,2009,4.965672429,4.172716082,0.439699331,136
1,"Lip,  oral cavity and pharynx ",608,Philippines,2,0,2010,3.862455002,3.14084162,0.4090737689,105
1,"Lip,  oral cavity and pharynx ",608,Philippines,2,0,2011,3.689326346,3.146410339,0.3854673885,108
1,"Lip,  oral cavity and pharynx ",608,Philippines,2,0,2012,3.128500129,2.834434984,0.3134055806,100
1,"Lip,  oral cavity and pharynx ",608,Philippines,2,0,2013,4.659535176,3.722734376,0.5348330305,123
1,"Lip,  oral cavity and pharynx ",608,Philippines,2,0,2014,3.750205851,3.082802273,0.4343370141,103
1,"Lip,  oral cavity and pharynx ",608,Philippines,2,0,2015,4.21087309,3.640979311,0.4359437452,123
1,"Lip,  oral cavity and pharynx ",608,Philippines,2,0,2016,4.165899655,3.713315537,0.4134156871,126
1,"Lip,  oral cavity and pharynx ",608,Philippines,2,0,2017,2.848338575,2.552685073,0.3072399314,87
1,"Lip,  oral cavity and pharynx ",608,Philippines,2,1,2007,2.766735471,1.79960351,0.2977470052,817
1,"Lip,  oral cavity and pharynx ",608,Philippines,2,1,2008,2.543357409,1.685075303,0.2634979204,779
1,"Lip,  oral cavity and pharynx ",608,Philippines,2,1,2009,2.547904462,1.728597164,0.2615415643,814
1,"Lip,  oral cavity and pharynx ",608,Philippines,2,1,2010,2.542897246,1.735885771,0.2681824664,834
1,"Lip,  oral cavity and pharynx ",608,Philippines,2,1,2011,2.466465698,1.704880735,0.2575278059,835
1,"Lip,  oral cavity and pharynx ",608,Philippines,2,1,2012,2.290230724,1.624048298,0.2372005026,810
1,"Lip,  oral cavity and pharynx ",608,Philippines,2,1,2013,2.153892824,1.565771502,0.2207269923,795
1,"Lip,  oral cavity and pharynx ",608,Philippines,2,1,2014,2.037998208,1.517262059,0.2064791818,784
1,"Lip,  oral cavity and pharynx ",608,Philippines,2,1,2015,2.021123255,1.53649489,0.2071108034,806
1,"Lip,  oral cavity and pharynx ",608,Philippines,2,1,2016,2.018022668,1.568308022,0.2083219286,835
1,"Lip,  oral cavity and pharynx ",608,Philippines,2,1,2017,1.985967282,1.572239546,0.2104179892,849
1,"Lip,  oral cavity and pharynx ",608,Philippines,2,1,2018,2.075407427,1.650991863,0.2002259173,904
1,"Lip,  oral cavity and pharynx ",608,Philippines,2,1,2019,2.01447355,1.673665616,0.2062570479,929
1,"Lip,  oral cavity and pharynx ",616,Poland,1,0,2007,8.119256456,12.14561959,0.9762459783,76
1,"Lip,  oral cavity and pharynx ",616,Poland,1,0,2008,8.721028725,13.47620247,0.971618159,84
1,"Lip,  oral cavity and pharynx ",616,Poland,1,0,2009,8.909216201,13.51338308,1.032571519,84
1,"Lip,  oral cavity and pharynx ",616,Poland,1,0,2010,10.66223642,16.09543798,1.394691154,101
1,"Lip,  oral cavity and pharynx ",616,Poland,1,0,2011,11.09446346,17.11444123,1.291893987,107
1,"Lip,  oral cavity and pharynx ",616,Poland,1,0,2012,10.20713794,16.69242758,1.320941635,104
1,"Lip,  oral cavity and pharynx ",616,Poland,1,0,2013,10.49506415,17.44095912,1.204564155,108
1,"Lip,  oral cavity and pharynx ",616,Poland,1,0,2014,9.411302469,16.05396728,1.056067752,99
1,"Lip,  oral cavity and pharynx ",616,Poland,1,0,2015,11.20396441,18.26433383,1.359091244,112
1,"Lip,  oral cavity and pharynx ",616,Poland,1,0,2016,10.90075646,18.98701027,1.422977493,116
1,"Lip,  oral cavity and pharynx ",616,Poland,1,0,2017,10.29621775,18.40546248,1.310595127,112
1,"Lip,  oral cavity and pharynx ",616,Poland,1,1,2007,6.314941382,8.877631702,0.7589190853,1635
1,"Lip,  oral cavity and pharynx ",616,Poland,1,1,2008,6.281805907,9.023052242,0.7558823723,1661
1,"Lip,  oral cavity and pharynx ",616,Poland,1,1,2009,6.333134434,9.211140454,0.7832298612,1697
1,"Lip,  oral cavity and pharynx ",616,Poland,1,1,2010,6.330390354,9.569900551,0.7921242034,1763
1,"Lip,  oral cavity and pharynx ",616,Poland,1,1,2011,6.117414771,9.379662861,0.7442029745,1728
1,"Lip,  oral cavity and pharynx ",616,Poland,1,1,2012,6.264338544,9.802346484,0.7729615181,1806
1,"Lip,  oral cavity and pharynx ",616,Poland,1,1,2013,6.484676438,10.23294284,0.7979327252,1884
1,"Lip,  oral cavity and pharynx ",616,Poland,1,1,2014,6.792680614,10.89280211,0.8500835295,2004
1,"Lip,  oral cavity and pharynx ",616,Poland,1,1,2015,6.949959616,11.51496529,0.8486693797,2117
1,"Lip,  oral cavity and pharynx ",616,Poland,1,1,2016,6.86112803,11.56190379,0.8388462034,2124
1,"Lip,  oral cavity and pharynx ",616,Poland,1,1,2017,7.179805871,12.22418635,0.8769480358,2246
1,"Lip,  oral cavity and pharynx ",616,Poland,1,1,2018,7.177224456,12.42919767,0.898683192,2283
1,"Lip,  oral cavity and pharynx ",616,Poland,1,1,2019,7.226842611,12.46730734,0.8997784721,2290
1,"Lip,  oral cavity and pharynx ",616,Poland,1,1,2020,7.098653052,12.52081593,0.8903709217,2253
1,"Lip,  oral cavity and pharynx ",616,Poland,1,1,2021,7.141069361,12.60121377,0.9044047926,2300
1,"Lip,  oral cavity and pharynx ",616,Poland,1,1,2022,6.933210186,12.33978014,0.8551909635,2197
1,"Lip,  oral cavity and pharynx ",616,Poland,2,0,2007,1.664324195,3.184901746,0.1977868638,21
1,"Lip,  oral cavity and pharynx ",616,Poland,2,0,2008,1.983935386,3.497859462,0.2228525506,23
1,"Lip,  oral cavity and pharynx ",616,Poland,2,0,2009,2.692511774,5.791570522,0.2627584871,38
1,"Lip,  oral cavity and pharynx ",616,Poland,2,0,2010,1.920784979,3.955599912,0.2358787766,26
1,"Lip,  oral cavity and pharynx ",616,Poland,2,0,2011,1.936238253,4.122634638,0.2011780896,27
1,"Lip,  oral cavity and pharynx ",616,Poland,2,0,2012,2.530647585,4.59788436,0.2815993092,30
1,"Lip,  oral cavity and pharynx ",616,Poland,2,0,2013,3.121660308,6.009180178,0.4201411609,39
1,"Lip,  oral cavity and pharynx ",616,Poland,2,0,2014,2.307422062,4.949683375,0.2249012062,32
1,"Lip,  oral cavity and pharynx ",616,Poland,2,0,2015,2.862580528,6.056257978,0.3031289301,39
1,"Lip,  oral cavity and pharynx ",616,Poland,2,0,2016,2.635578382,5.296313143,0.3407361639,34
1,"Lip,  oral cavity and pharynx ",616,Poland,2,0,2017,2.154146582,4.849683284,0.2459082134,31
1,"Lip,  oral cavity and pharynx ",616,Poland,2,1,2007,1.250721196,2.411303011,0.1357708513,475
1,"Lip,  oral cavity and pharynx ",616,Poland,2,1,2008,1.301500824,2.572624113,0.1401737846,507
1,"Lip,  oral cavity and pharynx ",616,Poland,2,1,2009,1.246029445,2.478453421,0.1384056858,489
1,"Lip,  oral cavity and pharynx ",616,Poland,2,1,2010,1.223499911,2.364926629,0.1378141068,464
1,"Lip,  oral cavity and pharynx ",616,Poland,2,1,2011,1.309393185,2.603397816,0.1545644541,511
1,"Lip,  oral cavity and pharynx ",616,Poland,2,1,2012,1.435087346,2.902983218,0.1686029091,570
1,"Lip,  oral cavity and pharynx ",616,Poland,2,1,2013,1.413231714,2.961187647,0.1668591209,581
1,"Lip,  oral cavity and pharynx ",616,Poland,2,1,2014,1.602534406,3.421953253,0.1887679362,671
1,"Lip,  oral cavity and pharynx ",616,Poland,2,1,2015,1.555874771,3.44953979,0.1799858271,676
1,"Lip,  oral cavity and pharynx ",616,Poland,2,1,2016,1.493105044,3.333996729,0.1738584406,653
1,"Lip,  oral cavity and pharynx ",616,Poland,2,1,2017,1.650140191,3.695969357,0.1956718067,724
1,"Lip,  oral cavity and pharynx ",616,Poland,2,1,2018,1.687129782,3.743596815,0.1951812366,733
1,"Lip,  oral cavity and pharynx ",616,Poland,2,1,2019,1.63281936,3.682310101,0.1949694595,721
1,"Lip,  oral cavity and pharynx ",616,Poland,2,1,2020,1.687264017,3.985014468,0.2023742694,764
1,"Lip,  oral cavity and pharynx ",616,Poland,2,1,2021,1.746815497,4.049268253,0.212508514,789
1,"Lip,  oral cavity and pharynx ",616,Poland,2,1,2022,1.725347887,4.130447422,0.2088414451,785
1,"Lip,  oral cavity and pharynx ",620,Portugal,1,1,2007,6.650127211,10.24127982,0.7660266387,519
1,"Lip,  oral cavity and pharynx ",620,Portugal,1,1,2008,7.43561976,11.4215128,0.8280670594,579
1,"Lip,  oral cavity and pharynx ",620,Portugal,1,1,2009,7.09048422,11.3870132,0.8059222857,577
1,"Lip,  oral cavity and pharynx ",620,Portugal,1,1,2010,6.95015522,11.40222915,0.8014534162,577
1,"Lip,  oral cavity and pharynx ",620,Portugal,1,1,2011,7.691816439,12.69089385,0.9039509655,640
1,"Lip,  oral cavity and pharynx ",620,Portugal,1,1,2012,7.257365342,12.44397966,0.8585384533,624
1,"Lip,  oral cavity and pharynx ",620,Portugal,1,1,2013,6.726710621,11.40811028,0.7733002579,568
1,"Lip,  oral cavity and pharynx ",620,Portugal,1,1,2014,6.664630109,11.80883677,0.7779256004,584
1,"Lip,  oral cavity and pharynx ",620,Portugal,1,1,2015,7.046899156,12.59360399,0.8102528892,620
1,"Lip,  oral cavity and pharynx ",620,Portugal,1,1,2016,7.847849519,14.19512327,0.9219511908,697
1,"Lip,  oral cavity and pharynx ",620,Portugal,1,1,2017,7.197213707,13.68881269,0.8512110225,671
1,"Lip,  oral cavity and pharynx ",620,Portugal,1,1,2018,7.157650644,13.60099937,0.8374427079,666
1,"Lip,  oral cavity and pharynx ",620,Portugal,1,1,2019,7.04865631,13.89836788,0.8626017037,682
1,"Lip,  oral cavity and pharynx ",620,Portugal,1,1,2020,7.031035278,14.11016813,0.8658524939,695
1,"Lip,  oral cavity and pharynx ",620,Portugal,1,1,2021,7.075992124,14.42152395,0.8747090335,713
1,"Lip,  oral cavity and pharynx ",620,Portugal,1,1,2022,7.171098679,14.81116072,0.8875181375,735
1,"Lip,  oral cavity and pharynx ",620,Portugal,2,1,2007,0.989326842,2.190140717,0.09482248988,120
1,"Lip,  oral cavity and pharynx ",620,Portugal,2,1,2008,0.8980426348,2.111124882,0.09432730819,116
1,"Lip,  oral cavity and pharynx ",620,Portugal,2,1,2009,1.093349791,2.268977684,0.1092314038,125
1,"Lip,  oral cavity and pharynx ",620,Portugal,2,1,2010,0.8236978803,2.047751388,0.07840703015,113
1,"Lip,  oral cavity and pharynx ",620,Portugal,2,1,2011,0.9224909929,2.248794673,0.09987854049,124
1,"Lip,  oral cavity and pharynx ",620,Portugal,2,1,2012,1.009552681,2.50969643,0.1041261975,138
1,"Lip,  oral cavity and pharynx ",620,Portugal,2,1,2013,0.8902976903,2.336028587,0.09282309815,128
1,"Lip,  oral cavity and pharynx ",620,Portugal,2,1,2014,0.6487828984,2.014374946,0.05807443024,110
1,"Lip,  oral cavity and pharynx ",620,Portugal,2,1,2015,0.727082352,1.964336462,0.07974005942,107
1,"Lip,  oral cavity and pharynx ",620,Portugal,2,1,2016,0.8781651343,2.796052783,0.0868083742,152
1,"Lip,  oral cavity and pharynx ",620,Portugal,2,1,2017,0.9990101672,2.486631592,0.1001515948,135
1,"Lip,  oral cavity and pharynx ",620,Portugal,2,1,2018,0.9980956791,2.910485263,0.1116016429,158
1,"Lip,  oral cavity and pharynx ",620,Portugal,2,1,2019,0.8964189204,2.704114172,0.1036243127,147
1,"Lip,  oral cavity and pharynx ",620,Portugal,2,1,2020,0.8736985618,2.701060911,0.1026925484,147
1,"Lip,  oral cavity and pharynx ",620,Portugal,2,1,2021,0.8920757876,2.771429898,0.1054722537,151
1,"Lip,  oral cavity and pharynx ",620,Portugal,2,1,2022,0.9976630538,2.9699703,0.1155946572,162
1,"Lip,  oral cavity and pharynx ",630,Puerto Rico,1,0,2007,10.70109724,14.95374116,1.210047372,283
1,"Lip,  oral cavity and pharynx ",630,Puerto Rico,1,0,2008,10.74383413,15.81273505,1.28907099,300
1,"Lip,  oral cavity and pharynx ",630,Puerto Rico,1,0,2009,10.33065837,15.2361338,1.258540268,290
1,"Lip,  oral cavity and pharynx ",630,Puerto Rico,1,0,2010,10.89186897,16.80511279,1.324491119,300
1,"Lip,  oral cavity and pharynx ",630,Puerto Rico,1,0,2011,10.87194005,17.86770123,1.318218695,317
1,"Lip,  oral cavity and pharynx ",630,Puerto Rico,1,0,2012,10.5060419,16.29184969,1.209645715,286
1,"Lip,  oral cavity and pharynx ",630,Puerto Rico,1,0,2013,11.2521039,18.54349292,1.323545755,319
1,"Lip,  oral cavity and pharynx ",630,Puerto Rico,1,0,2014,13.00432105,21.43424719,1.592174914,362
1,"Lip,  oral cavity and pharynx ",630,Puerto Rico,1,0,2015,11.46281175,20.10431301,1.456235464,333
1,"Lip,  oral cavity and pharynx ",630,Puerto Rico,1,0,2016,11.19880811,19.81156181,1.298716145,321
1,"Lip,  oral cavity and pharynx ",630,Puerto Rico,1,0,2017,9.478951258,17.52297281,1.12495111,277
1,"Lip,  oral cavity and pharynx ",630,Puerto Rico,2,0,2007,2.302198536,3.609981501,0.2550603102,74
1,"Lip,  oral cavity and pharynx ",630,Puerto Rico,2,0,2008,2.640988624,4.425082144,0.2818777993,91
1,"Lip,  oral cavity and pharynx ",630,Puerto Rico,2,0,2009,2.420497619,4.360638359,0.2268043261,90
1,"Lip,  oral cavity and pharynx ",630,Puerto Rico,2,0,2010,3.640685918,6.286657137,0.3770749971,122
1,"Lip,  oral cavity and pharynx ",630,Puerto Rico,2,0,2011,3.270459828,6.312938575,0.3563334492,122
1,"Lip,  oral cavity and pharynx ",630,Puerto Rico,2,0,2012,2.961497266,5.335830362,0.3311715191,102
1,"Lip,  oral cavity and pharynx ",630,Puerto Rico,2,0,2013,3.09155243,6.247340208,0.3484729641,117
1,"Lip,  oral cavity and pharynx ",630,Puerto Rico,2,0,2014,2.822698316,5.742182506,0.2969575082,106
1,"Lip,  oral cavity and pharynx ",630,Puerto Rico,2,0,2015,3.852585288,7.375317235,0.4368209198,134
1,"Lip,  oral cavity and pharynx ",630,Puerto Rico,2,0,2016,3.136081993,6.157614786,0.3545753589,110
1,"Lip,  oral cavity and pharynx ",630,Puerto Rico,2,0,2017,2.602936955,5.904257027,0.2868364932,103
1,"Lip,  oral cavity and pharynx ",634,Qatar,1,0,2007,1.168224299,0.9239497002,0.09730465321,1
1,"Lip,  oral cavity and pharynx ",634,Qatar,1,0,2008,6.387144745,3.46122562,0.955340896,4
1,"Lip,  oral cavity and pharynx ",634,Qatar,1,0,2009,8.253630009,4.29730473,1.200469019,5
1,"Lip,  oral cavity and pharynx ",634,Qatar,1,0,2010,2.097144007,1.588877855,0.1776483143,2
1,"Lip,  oral cavity and pharynx ",634,Qatar,1,0,2011,9.410643952,5.310755038,1.064794126,7
1,"Lip,  oral cavity and pharynx ",634,Qatar,1,0,2012,0.7102272727,0.7424676655,0,1
1,"Lip,  oral cavity and pharynx ",634,Qatar,1,0,2013,5.950959064,3.775579551,0.8595686293,5
1,"Lip,  oral cavity and pharynx ",634,Qatar,1,0,2014,14.28097118,8.075646786,1.34433147,11
1,"Lip,  oral cavity and pharynx ",634,Qatar,1,0,2015,6.116319107,4.263755943,0.6746342972,6
1,"Lip,  oral cavity and pharynx ",634,Qatar,1,0,2016,8.464900609,4.847410444,1.313650167,7
1,"Lip,  oral cavity and pharynx ",634,Qatar,1,0,2017,5.161262973,3.374957813,0.6202357991,5
1,"Lip,  oral cavity and pharynx ",634,Qatar,2,0,2007,6.075088527,2.732738204,0.7396415859,3
1,"Lip,  oral cavity and pharynx ",634,Qatar,2,0,2008,3.926006009,1.745611968,0.5702348632,2
1,"Lip,  oral cavity and pharynx ",634,Qatar,2,0,2009,0,0,0,0
1,"Lip,  oral cavity and pharynx ",634,Qatar,2,0,2010,2.766429778,1.602435702,0.5408856307,2
1,"Lip,  oral cavity and pharynx ",634,Qatar,2,0,2011,4.632252333,2.28581878,0.292654166,3
1,"Lip,  oral cavity and pharynx ",634,Qatar,2,0,2012,0.9228497601,0.7395246336,0.09224240652,1
1,"Lip,  oral cavity and pharynx ",634,Qatar,2,0,2013,2.34890644,2.214136524,0.1945757941,3
1,"Lip,  oral cavity and pharynx ",634,Qatar,2,0,2014,4.133986422,2.875939174,0.6345429536,4
1,"Lip,  oral cavity and pharynx ",634,Qatar,2,0,2015,0,0,0,0
1,"Lip,  oral cavity and pharynx ",634,Qatar,2,0,2016,2.781561164,1.347127923,0.5670657758,2
1,"Lip,  oral cavity and pharynx ",634,Qatar,2,0,2017,1.835764889,1.307539929,0.06895124873,2
1,"Lip,  oral cavity and pharynx ",642,Romania,1,1,2007,11.31791539,15.50008002,1.305109612,1627
1,"Lip,  oral cavity and pharynx ",642,Romania,1,1,2008,12.11562255,16.74045734,1.427387612,1754
1,"Lip,  oral cavity and pharynx ",642,Romania,1,1,2009,11.83946926,16.70616251,1.399835824,1747
1,"Lip,  oral cavity and pharynx ",642,Romania,1,1,2010,11.68275654,16.56101512,1.386788534,1728
1,"Lip,  oral cavity and pharynx ",642,Romania,1,1,2011,12.06455865,17.39709948,1.437002437,1808
1,"Lip,  oral cavity and pharynx ",642,Romania,1,1,2012,12.58004648,19.16000374,1.47608312,1872
1,"Lip,  oral cavity and pharynx ",642,Romania,1,1,2013,12.31071081,19.0953342,1.486126393,1863
1,"Lip,  oral cavity and pharynx ",642,Romania,1,1,2014,12.42030035,19.45477705,1.518665792,1893
1,"Lip,  oral cavity and pharynx ",642,Romania,1,1,2015,12.17130659,19.30678019,1.479655503,1869
1,"Lip,  oral cavity and pharynx ",642,Romania,1,1,2016,11.85051361,19.02786117,1.442151153,1832
1,"Lip,  oral cavity and pharynx ",642,Romania,1,1,2017,12.27030964,20.04053825,1.49603807,1920
1,"Lip,  oral cavity and pharynx ",642,Romania,1,1,2018,12.21083212,20.29844696,1.502696723,1935
1,"Lip,  oral cavity and pharynx ",642,Romania,1,1,2019,11.15145874,18.67619226,1.397340089,1771
1,"Lip,  oral cavity and pharynx ",642,Romania,2,1,2007,1.289885206,2.336778088,0.1453228525,258
1,"Lip,  oral cavity and pharynx ",642,Romania,2,1,2008,1.060852866,1.804688945,0.1159563887,199
1,"Lip,  oral cavity and pharynx ",642,Romania,2,1,2009,1.15888359,2.097570632,0.1239525382,231
1,"Lip,  oral cavity and pharynx ",642,Romania,2,1,2010,1.204249863,2.255128713,0.1195825559,248
1,"Lip,  oral cavity and pharynx ",642,Romania,2,1,2011,1.142334957,2.253267443,0.1274770084,247
1,"Lip,  oral cavity and pharynx ",642,Romania,2,1,2012,1.323439005,2.711415321,0.1349722352,279
1,"Lip,  oral cavity and pharynx ",642,Romania,2,1,2013,1.306109677,2.736410205,0.1401356621,280
1,"Lip,  oral cavity and pharynx ",642,Romania,2,1,2014,1.256921459,2.631012391,0.1397865382,268
1,"Lip,  oral cavity and pharynx ",642,Romania,2,1,2015,1.433782274,3.008138741,0.1631954098,305
1,"Lip,  oral cavity and pharynx ",642,Romania,2,1,2016,1.291425951,2.718675525,0.151755803,274
1,"Lip,  oral cavity and pharynx ",642,Romania,2,1,2017,1.34461579,2.856471686,0.1473094935,286
1,"Lip,  oral cavity and pharynx ",642,Romania,2,1,2018,1.436837435,3.024793965,0.1622626584,301
1,"Lip,  oral cavity and pharynx ",642,Romania,2,1,2019,1.292245282,2.890882138,0.1409705347,286
1,"Lip,  oral cavity and pharynx ",688,Serbia,1,1,2007,6.956465196,11.64683779,0.8450760113,418
1,"Lip,  oral cavity and pharynx ",688,Serbia,1,1,2008,6.409205518,11.02463642,0.7634000316,394
1,"Lip,  oral cavity and pharynx ",688,Serbia,1,1,2009,6.515307732,10.98299798,0.7857102589,391
1,"Lip,  oral cavity and pharynx ",688,Serbia,1,1,2010,6.699759195,11.42011531,0.8263545151,405
1,"Lip,  oral cavity and pharynx ",688,Serbia,1,1,2011,6.186681035,11.21302187,0.7411170109,395
1,"Lip,  oral cavity and pharynx ",688,Serbia,1,1,2012,6.078350389,10.83945108,0.7089149301,380
1,"Lip,  oral cavity and pharynx ",688,Serbia,1,1,2013,5.808500134,10.46305167,0.7122324699,365
1,"Lip,  oral cavity and pharynx ",688,Serbia,1,1,2014,6.372142909,11.54705815,0.7692920797,401
1,"Lip,  oral cavity and pharynx ",688,Serbia,1,1,2015,6.217846098,11.69206459,0.7554666863,404
1,"Lip,  oral cavity and pharynx ",688,Serbia,1,1,2016,6.496230006,12.50861786,0.800965206,430
1,"Lip,  oral cavity and pharynx ",688,Serbia,1,1,2017,6.119635631,11.93046992,0.7420931722,408
1,"Lip,  oral cavity and pharynx ",688,Serbia,1,1,2018,5.954614797,11.87639379,0.7274976539,404
1,"Lip,  oral cavity and pharynx ",688,Serbia,1,1,2019,5.754012156,11.31886331,0.7144144506,383
1,"Lip,  oral cavity and pharynx ",688,Serbia,1,1,2020,6.440036483,12.82621285,0.7866570145,431
1,"Lip,  oral cavity and pharynx ",688,Serbia,1,1,2021,5.093775176,10.18935672,0.6288102433,339
1,"Lip,  oral cavity and pharynx ",688,Serbia,1,1,2022,5.634988352,11.97227123,0.6465817327,388
1,"Lip,  oral cavity and pharynx ",688,Serbia,1,1,2023,5.076764085,10.64914453,0.640693079,343
1,"Lip,  oral cavity and pharynx ",688,Serbia,2,1,2007,1.320965857,2.768533221,0.1325586441,105
1,"Lip,  oral cavity and pharynx ",688,Serbia,2,1,2008,1.066788561,2.383217068,0.112856084,90
1,"Lip,  oral cavity and pharynx ",688,Serbia,2,1,2009,1.252740151,2.579266579,0.1392907693,97
1,"Lip,  oral cavity and pharynx ",688,Serbia,2,1,2010,1.376230832,3.150815661,0.1389136087,118
1,"Lip,  oral cavity and pharynx ",688,Serbia,2,1,2011,1.300619587,2.990777896,0.1497372444,111
1,"Lip,  oral cavity and pharynx ",688,Serbia,2,1,2012,1.238531291,3.005389865,0.1449418546,111
1,"Lip,  oral cavity and pharynx ",688,Serbia,2,1,2013,1.346301997,2.802213259,0.1406398892,103
1,"Lip,  oral cavity and pharynx ",688,Serbia,2,1,2014,1.31983135,3.006252185,0.1505156327,110
1,"Lip,  oral cavity and pharynx ",688,Serbia,2,1,2015,1.201044861,2.664800025,0.1330000652,97
1,"Lip,  oral cavity and pharynx ",688,Serbia,2,1,2016,1.648372287,3.618092895,0.1910801312,131
1,"Lip,  oral cavity and pharynx ",688,Serbia,2,1,2017,1.159482766,2.888052156,0.1253838577,104
1,"Lip,  oral cavity and pharynx ",688,Serbia,2,1,2018,1.491595018,3.658300236,0.1625056157,131
1,"Lip,  oral cavity and pharynx ",688,Serbia,2,1,2019,1.302969238,3.397442035,0.1419397777,121
1,"Lip,  oral cavity and pharynx ",688,Serbia,2,1,2020,1.464126866,3.56050887,0.1659509796,126
1,"Lip,  oral cavity and pharynx ",688,Serbia,2,1,2021,1.556070368,4.020157813,0.1739667743,141
1,"Lip,  oral cavity and pharynx ",688,Serbia,2,1,2022,1.832117075,4.994702986,0.2014030205,171
1,"Lip,  oral cavity and pharynx ",688,Serbia,2,1,2023,1.311210582,3.291922709,0.1450703668,112
1,"Lip,  oral cavity and pharynx ",702,Singapore,1,1,2007,8.350825894,10.41960011,1.014418909,185
1,"Lip,  oral cavity and pharynx ",702,Singapore,1,1,2008,7.53448215,9.539656129,0.9163211711,172
1,"Lip,  oral cavity and pharynx ",702,Singapore,1,1,2009,6.153458666,7.96877973,0.7474729621,147
1,"Lip,  oral cavity and pharynx ",702,Singapore,1,1,2010,6.250179545,8.59799022,0.6998970638,160
1,"Lip,  oral cavity and pharynx ",702,Singapore,1,1,2011,6.408044171,8.886985385,0.761105274,166
1,"Lip,  oral cavity and pharynx ",702,Singapore,1,1,2012,6.399839289,9.147962983,0.7723404115,172
1,"Lip,  oral cavity and pharynx ",702,Singapore,1,1,2013,6.531222696,9.780576726,0.8408323486,185
1,"Lip,  oral cavity and pharynx ",702,Singapore,1,1,2014,6.207193829,9.461682813,0.7228510727,180
1,"Lip,  oral cavity and pharynx ",702,Singapore,1,1,2015,5.72477161,9.078444017,0.6373153334,174
1,"Lip,  oral cavity and pharynx ",702,Singapore,1,1,2016,5.567120527,8.810453966,0.7146156686,170
1,"Lip,  oral cavity and pharynx ",702,Singapore,1,1,2017,4.587820248,7.717855774,0.5318403401,150
1,"Lip,  oral cavity and pharynx ",702,Singapore,1,1,2018,4.292642519,7.260315016,0.4766697702,142
1,"Lip,  oral cavity and pharynx ",702,Singapore,1,1,2019,4.400515815,7.819711971,0.5607139347,154
1,"Lip,  oral cavity and pharynx ",702,Singapore,1,1,2020,3.929834434,7.231147942,0.4767508046,143
1,"Lip,  oral cavity and pharynx ",702,Singapore,1,1,2021,3.941069187,7.270440947,0.464640494,142
1,"Lip,  oral cavity and pharynx ",702,Singapore,1,1,2022,3.94047172,7.386147807,0.4544184621,147
1,"Lip,  oral cavity and pharynx ",702,Singapore,2,1,2007,1.827243907,2.489488825,0.2112480255,45
1,"Lip,  oral cavity and pharynx ",702,Singapore,2,1,2008,1.896053026,2.826547807,0.2211593949,52
1,"Lip,  oral cavity and pharynx ",702,Singapore,2,1,2009,2.000041285,2.911302151,0.2018131309,55
1,"Lip,  oral cavity and pharynx ",702,Singapore,2,1,2010,2.087718321,3.036172329,0.2371599103,58
1,"Lip,  oral cavity and pharynx ",702,Singapore,2,1,2011,1.610344268,2.34216416,0.1998443067,45
1,"Lip,  oral cavity and pharynx ",702,Singapore,2,1,2012,1.223551761,1.805985552,0.1494386743,35
1,"Lip,  oral cavity and pharynx ",702,Singapore,2,1,2013,1.627732718,2.611036904,0.2063567557,51
1,"Lip,  oral cavity and pharynx ",702,Singapore,2,1,2014,2.075568844,3.454707013,0.2284797942,68
1,"Lip,  oral cavity and pharynx ",702,Singapore,2,1,2015,1.22419476,2.064386711,0.1503137752,41
1,"Lip,  oral cavity and pharynx ",702,Singapore,2,1,2016,1.182803163,2.14567325,0.1141398846,43
1,"Lip,  oral cavity and pharynx ",702,Singapore,2,1,2017,1.481065972,2.67029167,0.1724316851,54
1,"Lip,  oral cavity and pharynx ",702,Singapore,2,1,2018,1.564545822,2.796249102,0.177007329,57
1,"Lip,  oral cavity and pharynx ",702,Singapore,2,1,2019,1.343970305,2.674021685,0.1627709419,55
1,"Lip,  oral cavity and pharynx ",702,Singapore,2,1,2020,0.9644549655,2.129045307,0.09346236908,44
1,"Lip,  oral cavity and pharynx ",702,Singapore,2,1,2021,1.267348031,2.851905466,0.1425294516,58
1,"Lip,  oral cavity and pharynx ",702,Singapore,2,1,2022,1.336843295,2.78440942,0.1671461299,58
1,"Lip,  oral cavity and pharynx ",703,Slovakia,1,1,2007,16.32034361,21.51772446,1.998638443,564
1,"Lip,  oral cavity and pharynx ",703,Slovakia,1,1,2008,14.97799263,20.21397886,1.805108982,531
1,"Lip,  oral cavity and pharynx ",703,Slovakia,1,1,2009,15.1960544,20.69545854,1.8813313,545
1,"Lip,  oral cavity and pharynx ",703,Slovakia,1,1,2010,15.30001984,21.32659771,1.886928909,563
1,"Lip,  oral cavity and pharynx ",703,Slovakia,1,1,2011,15.08251565,21.31307504,1.884707324,562
1,"Lip,  oral cavity and pharynx ",703,Slovakia,1,1,2012,15.01199358,21.52729106,1.893931674,567
1,"Lip,  oral cavity and pharynx ",703,Slovakia,1,1,2013,15.16864441,22.67283964,1.91640239,598
1,"Lip,  oral cavity and pharynx ",703,Slovakia,1,1,2014,13.75231037,20.97934141,1.708634524,554
1,"Lip,  oral cavity and pharynx ",703,Slovakia,1,1,2015,13.93056623,21.4762015,1.774071982,568
1,"Lip,  oral cavity and pharynx ",703,Slovakia,1,1,2016,14.24453226,22.27355627,1.846679298,590
1,"Lip,  oral cavity and pharynx ",703,Slovakia,1,1,2017,12.74500287,20.15750737,1.601581291,535
1,"Lip,  oral cavity and pharynx ",703,Slovakia,1,1,2018,13.4719369,22.04003463,1.705021743,586
1,"Lip,  oral cavity and pharynx ",703,Slovakia,1,1,2019,12.84211086,21.25252468,1.681197885,566
1,"Lip,  oral cavity and pharynx ",703,Slovakia,1,1,2020,11.00958354,18.45518821,1.421641774,492
1,"Lip,  oral cavity and pharynx ",703,Slovakia,1,1,2021,10.55616676,18.18429103,1.364720077,484
1,"Lip,  oral cavity and pharynx ",703,Slovakia,1,1,2022,10.22483699,17.57952854,1.341850501,467
1,"Lip,  oral cavity and pharynx ",703,Slovakia,1,1,2023,10.39204744,18.34856855,1.313748669,487
1,"Lip,  oral cavity and pharynx ",703,Slovakia,2,1,2007,1.697256275,2.953176664,0.164190983,82
1,"Lip,  oral cavity and pharynx ",703,Slovakia,2,1,2008,1.240031173,2.19418383,0.1262514748,61
1,"Lip,  oral cavity and pharynx ",703,Slovakia,2,1,2009,1.449938323,2.549421066,0.1523332774,71
1,"Lip,  oral cavity and pharynx ",703,Slovakia,2,1,2010,1.529779927,2.651257843,0.1617728384,74
1,"Lip,  oral cavity and pharynx ",703,Slovakia,2,1,2011,1.475955951,2.659555351,0.1628935943,74
1,"Lip,  oral cavity and pharynx ",703,Slovakia,2,1,2012,1.484593528,2.812115024,0.1682923902,78
1,"Lip,  oral cavity and pharynx ",703,Slovakia,2,1,2013,1.753301755,3.314271469,0.1706309603,92
1,"Lip,  oral cavity and pharynx ",703,Slovakia,2,1,2014,1.65103608,3.203797904,0.1992069412,89
1,"Lip,  oral cavity and pharynx ",703,Slovakia,2,1,2015,1.699167014,3.309429897,0.1915588621,92
1,"Lip,  oral cavity and pharynx ",703,Slovakia,2,1,2016,1.973423867,3.774377084,0.2075092922,105
1,"Lip,  oral cavity and pharynx ",703,Slovakia,2,1,2017,1.494691366,2.980107959,0.1700497682,83
1,"Lip,  oral cavity and pharynx ",703,Slovakia,2,1,2018,1.87773441,3.730304709,0.2263558375,104
1,"Lip,  oral cavity and pharynx ",703,Slovakia,2,1,2019,1.449500815,3.081406827,0.1807481813,86
1,"Lip,  oral cavity and pharynx ",703,Slovakia,2,1,2020,1.684930877,3.616297255,0.2078818855,101
1,"Lip,  oral cavity and pharynx ",703,Slovakia,2,1,2021,1.251842512,3.093137981,0.1545534817,86
1,"Lip,  oral cavity and pharynx ",703,Slovakia,2,1,2022,1.677170816,3.927567016,0.2024548798,109
1,"Lip,  oral cavity and pharynx ",703,Slovakia,2,1,2023,1.519352144,3.354271683,0.1942646076,93
1,"Lip,  oral cavity and pharynx ",705,Slovenia,1,0,2007,16.14576765,25.22296194,1.898572278,251
1,"Lip,  oral cavity and pharynx ",705,Slovenia,1,0,2008,17.23636158,27.18238982,2.031949445,271
1,"Lip,  oral cavity and pharynx ",705,Slovenia,1,0,2009,16.43019762,26.58714902,2.04932871,269
1,"Lip,  oral cavity and pharynx ",705,Slovenia,1,0,2010,17.88643189,29.5649226,2.213765874,300
1,"Lip,  oral cavity and pharynx ",705,Slovenia,1,0,2011,14.40310157,23.43834632,1.669228253,238
1,"Lip,  oral cavity and pharynx ",705,Slovenia,1,0,2012,16.22062741,26.83273476,1.912903096,273
1,"Lip,  oral cavity and pharynx ",705,Slovenia,1,0,2013,15.13659978,26.28332245,1.879671561,268
1,"Lip,  oral cavity and pharynx ",705,Slovenia,1,0,2014,15.71553575,27.11913524,1.890695534,277
1,"Lip,  oral cavity and pharynx ",705,Slovenia,1,0,2015,15.59972413,27.38241697,1.974920153,280
1,"Lip,  oral cavity and pharynx ",705,Slovenia,1,0,2016,13.9474226,24.71012002,1.65265487,253
1,"Lip,  oral cavity and pharynx ",705,Slovenia,1,0,2017,13.8084841,25.5367344,1.712886593,262
1,"Lip,  oral cavity and pharynx ",705,Slovenia,1,1,2007,8.148286848,12.7622158,0.9344506191,127
1,"Lip,  oral cavity and pharynx ",705,Slovenia,1,1,2008,8.682765154,13.92899374,1.090509934,141
1,"Lip,  oral cavity and pharynx ",705,Slovenia,1,1,2009,8.041440325,13.24415602,1.001949875,134
1,"Lip,  oral cavity and pharynx ",705,Slovenia,1,1,2010,8.095212603,13.59995821,0.97214483,138
1,"Lip,  oral cavity and pharynx ",705,Slovenia,1,1,2011,7.78759148,13.19637986,1.014254223,134
1,"Lip,  oral cavity and pharynx ",705,Slovenia,1,1,2012,7.025958378,11.99094978,0.8476721006,122
1,"Lip,  oral cavity and pharynx ",705,Slovenia,1,1,2013,6.828506143,12.16094024,0.7948793552,124
1,"Lip,  oral cavity and pharynx ",705,Slovenia,1,1,2014,7.245994304,12.82529501,0.878669185,131
1,"Lip,  oral cavity and pharynx ",705,Slovenia,1,1,2015,6.45653382,11.93091025,0.7621606091,122
1,"Lip,  oral cavity and pharynx ",705,Slovenia,1,1,2016,7.156971726,13.18524191,0.9635130959,135
1,"Lip,  oral cavity and pharynx ",705,Slovenia,1,1,2017,5.983653355,11.59874578,0.781063743,119
1,"Lip,  oral cavity and pharynx ",705,Slovenia,1,1,2018,6.225814266,12.46598636,0.7488796695,128
1,"Lip,  oral cavity and pharynx ",705,Slovenia,1,1,2019,4.748987581,9.449655973,0.5677758496,96
1,"Lip,  oral cavity and pharynx ",705,Slovenia,1,1,2020,6.775057384,13.18181516,0.8965984582,139
1,"Lip,  oral cavity and pharynx ",705,Slovenia,2,0,2007,3.444802887,6.053026464,0.3829079025,62
1,"Lip,  oral cavity and pharynx ",705,Slovenia,2,0,2008,3.194424351,5.752393581,0.3505245073,59
1,"Lip,  oral cavity and pharynx ",705,Slovenia,2,0,2009,4.146302762,7.180506284,0.4390762691,74
1,"Lip,  oral cavity and pharynx ",705,Slovenia,2,0,2010,3.810596591,7.346224669,0.4210506691,76
1,"Lip,  oral cavity and pharynx ",705,Slovenia,2,0,2011,3.749522266,7.039089123,0.4467434589,73
1,"Lip,  oral cavity and pharynx ",705,Slovenia,2,0,2012,3.566429741,6.353191227,0.3809720223,66
1,"Lip,  oral cavity and pharynx ",705,Slovenia,2,0,2013,3.269908728,6.541883447,0.379578602,68
1,"Lip,  oral cavity and pharynx ",705,Slovenia,2,0,2014,3.710639735,7.210124168,0.4184123745,75
1,"Lip,  oral cavity and pharynx ",705,Slovenia,2,0,2015,4.000209647,7.400124745,0.4700475695,77
1,"Lip,  oral cavity and pharynx ",705,Slovenia,2,0,2016,4.868108355,8.939136018,0.5460940297,93
1,"Lip,  oral cavity and pharynx ",705,Slovenia,2,0,2017,3.832016225,7.787053879,0.4377535722,81
1,"Lip,  oral cavity and pharynx ",705,Slovenia,2,1,2007,1.129429059,2.343107018,0.1341384429,24
1,"Lip,  oral cavity and pharynx ",705,Slovenia,2,1,2008,0.9537320734,2.239266611,0.1393755369,23
1,"Lip,  oral cavity and pharynx ",705,Slovenia,2,1,2009,1.06582685,2.328812849,0.1135829425,24
1,"Lip,  oral cavity and pharynx ",705,Slovenia,2,1,2010,1.370690133,2.996486378,0.1669306049,31
1,"Lip,  oral cavity and pharynx ",705,Slovenia,2,1,2011,1.432420565,2.796204875,0.1612695959,29
1,"Lip,  oral cavity and pharynx ",705,Slovenia,2,1,2012,1.289277859,2.887814194,0.1364134424,30
1,"Lip,  oral cavity and pharynx ",705,Slovenia,2,1,2013,1.184332989,2.693716713,0.1332051903,28
1,"Lip,  oral cavity and pharynx ",705,Slovenia,2,1,2014,0.6421070976,1.7304298,0.06747861098,18
1,"Lip,  oral cavity and pharynx ",705,Slovenia,2,1,2015,0.8394410751,2.306532388,0.09928851518,24
1,"Lip,  oral cavity and pharynx ",705,Slovenia,2,1,2016,1.397043477,3.17195149,0.1941161582,33
1,"Lip,  oral cavity and pharynx ",705,Slovenia,2,1,2017,1.018033083,2.307275223,0.1050612068,24
1,"Lip,  oral cavity and pharynx ",705,Slovenia,2,1,2018,1.52749521,3.174303914,0.1755946154,33
1,"Lip,  oral cavity and pharynx ",705,Slovenia,2,1,2019,1.161972972,3.079125836,0.1352802637,32
1,"Lip,  oral cavity and pharynx ",705,Slovenia,2,1,2020,0.6346552913,1.912698694,0.06482519909,20
1,"Lip,  oral cavity and pharynx ",710,South Africa,1,1,2007,4.983312227,3.092538219,0.6219446284,749
1,"Lip,  oral cavity and pharynx ",710,South Africa,1,1,2008,4.757677623,2.955273184,0.582177306,725
1,"Lip,  oral cavity and pharynx ",710,South Africa,1,1,2009,4.666038091,2.912610853,0.5781892864,724
1,"Lip,  oral cavity and pharynx ",710,South Africa,1,1,2010,4.747397727,3.037572328,0.5863458696,765
1,"Lip,  oral cavity and pharynx ",710,South Africa,1,1,2011,4.821125804,3.043470154,0.6101775222,777
1,"Lip,  oral cavity and pharynx ",710,South Africa,1,1,2012,4.399425,2.852653727,0.5593409619,740
1,"Lip,  oral cavity and pharynx ",710,South Africa,1,1,2013,4.49379901,2.942833973,0.5679198994,777
1,"Lip,  oral cavity and pharynx ",710,South Africa,1,1,2014,4.158657767,2.740727444,0.5222159013,737
1,"Lip,  oral cavity and pharynx ",710,South Africa,1,1,2015,3.850769919,2.542748044,0.4905501596,700
1,"Lip,  oral cavity and pharynx ",710,South Africa,1,1,2016,4.711674122,3.210879612,0.5788520696,892
1,"Lip,  oral cavity and pharynx ",710,South Africa,1,1,2017,4.274663849,2.974394992,0.5537480463,830
1,"Lip,  oral cavity and pharynx ",710,South Africa,1,1,2018,3.841912652,2.760451213,0.4967000141,784
1,"Lip,  oral cavity and pharynx ",710,South Africa,1,1,2019,3.603646072,2.727376687,0.438455766,788
1,"Lip,  oral cavity and pharynx ",710,South Africa,1,1,2020,3.035391601,2.348442138,0.3883019194,690
1,"Lip,  oral cavity and pharynx ",710,South Africa,2,1,2007,1.321271785,1.121289463,0.1543648503,295
1,"Lip,  oral cavity and pharynx ",710,South Africa,2,1,2008,1.217981508,1.027003824,0.1436308065,273
1,"Lip,  oral cavity and pharynx ",710,South Africa,2,1,2009,1.274048706,1.108998432,0.1447124833,298
1,"Lip,  oral cavity and pharynx ",710,South Africa,2,1,2010,1.34371155,1.207682088,0.147303427,328
1,"Lip,  oral cavity and pharynx ",710,South Africa,2,1,2011,1.292365452,1.150549513,0.14548157,316
1,"Lip,  oral cavity and pharynx ",710,South Africa,2,1,2012,1.395116703,1.267877408,0.1597176413,353
1,"Lip,  oral cavity and pharynx ",710,South Africa,2,1,2013,1.268253563,1.181227494,0.1436506334,334
1,"Lip,  oral cavity and pharynx ",710,South Africa,2,1,2014,1.12027813,1.034692959,0.1327199305,297
1,"Lip,  oral cavity and pharynx ",710,South Africa,2,1,2015,1.218664269,1.147485625,0.1396412182,335
1,"Lip,  oral cavity and pharynx ",710,South Africa,2,1,2016,1.26059007,1.200854785,0.1518642913,354
1,"Lip,  oral cavity and pharynx ",710,South Africa,2,1,2017,1.245640515,1.217611881,0.1425197434,362
1,"Lip,  oral cavity and pharynx ",710,South Africa,2,1,2018,1.122745491,1.125386361,0.1230562438,340
1,"Lip,  oral cavity and pharynx ",710,South Africa,2,1,2019,1.115044847,1.14999995,0.1298086968,353
1,"Lip,  oral cavity and pharynx ",710,South Africa,2,1,2020,0.9339093628,0.9589110926,0.1109075444,299
1,"Lip,  oral cavity and pharynx ",724,Spain,1,0,2007,15.46937458,23.47595793,1.84521403,960
1,"Lip,  oral cavity and pharynx ",724,Spain,1,0,2008,15.63813838,24.06379355,1.90099058,1002
1,"Lip,  oral cavity and pharynx ",724,Spain,1,0,2009,15.90735435,24.4365509,1.899622429,1028
1,"Lip,  oral cavity and pharynx ",724,Spain,1,0,2010,15.33728213,24.26801539,1.845503284,1026
1,"Lip,  oral cavity and pharynx ",724,Spain,1,0,2011,14.61453598,23.62443706,1.776511127,1001
1,"Lip,  oral cavity and pharynx ",724,Spain,1,0,2012,14.57348984,23.97676331,1.746678403,1016
1,"Lip,  oral cavity and pharynx ",724,Spain,1,0,2013,14.43750079,23.93224852,1.717080148,1010
1,"Lip,  oral cavity and pharynx ",724,Spain,1,0,2014,12.84315369,21.90035505,1.608147601,919
1,"Lip,  oral cavity and pharynx ",724,Spain,1,0,2015,13.24699214,23.34798113,1.60093668,978
1,"Lip,  oral cavity and pharynx ",724,Spain,1,0,2016,13.48603182,24.37485662,1.643558976,1020
1,"Lip,  oral cavity and pharynx ",724,Spain,1,1,2007,4.918451559,7.6776529,0.5872133114,1730
1,"Lip,  oral cavity and pharynx ",724,Spain,1,1,2008,4.594344628,7.127801369,0.5568973298,1633
1,"Lip,  oral cavity and pharynx ",724,Spain,1,1,2009,4.543571658,7.306670235,0.5559272438,1688
1,"Lip,  oral cavity and pharynx ",724,Spain,1,1,2010,4.53938635,7.565825812,0.5326638186,1754
1,"Lip,  oral cavity and pharynx ",724,Spain,1,1,2011,4.5195013,7.616800571,0.5520953604,1770
1,"Lip,  oral cavity and pharynx ",724,Spain,1,1,2012,4.280777445,7.44231303,0.5311962096,1728
1,"Lip,  oral cavity and pharynx ",724,Spain,1,1,2013,4.52226126,8.05370388,0.5591823371,1861
1,"Lip,  oral cavity and pharynx ",724,Spain,1,1,2014,4.231799019,7.686919629,0.5161570399,1769
1,"Lip,  oral cavity and pharynx ",724,Spain,1,1,2015,4.013123157,7.541564114,0.491324112,1733
1,"Lip,  oral cavity and pharynx ",724,Spain,1,1,2016,4.126248572,7.83473895,0.5037229443,1801
1,"Lip,  oral cavity and pharynx ",724,Spain,1,1,2017,4.085614987,7.96971958,0.5067906983,1836
1,"Lip,  oral cavity and pharynx ",724,Spain,1,1,2018,3.761697858,7.559623124,0.4716108743,1749
1,"Lip,  oral cavity and pharynx ",724,Spain,1,1,2019,3.509702648,7.150339033,0.4326471306,1666
1,"Lip,  oral cavity and pharynx ",724,Spain,1,1,2020,3.505765501,7.293770819,0.4330919467,1708
1,"Lip,  oral cavity and pharynx ",724,Spain,1,1,2021,3.465418165,7.349758857,0.4323845141,1723
1,"Lip,  oral cavity and pharynx ",724,Spain,1,1,2022,3.319989701,7.157565219,0.4178740478,1681
1,"Lip,  oral cavity and pharynx ",724,Spain,2,0,2007,4.064189953,7.191227868,0.451570722,296
1,"Lip,  oral cavity and pharynx ",724,Spain,2,0,2008,3.500893359,6.44894549,0.3571246913,270
1,"Lip,  oral cavity and pharynx ",724,Spain,2,0,2009,4.083318247,7.557001042,0.4352333231,320
1,"Lip,  oral cavity and pharynx ",724,Spain,2,0,2010,3.80002518,7.223367877,0.4198335831,308
1,"Lip,  oral cavity and pharynx ",724,Spain,2,0,2011,3.780285399,7.055698902,0.4193943994,302
1,"Lip,  oral cavity and pharynx ",724,Spain,2,0,2012,4.281415587,8.040807213,0.4735982934,345
1,"Lip,  oral cavity and pharynx ",724,Spain,2,0,2013,3.919615117,7.976750804,0.4512583046,342
1,"Lip,  oral cavity and pharynx ",724,Spain,2,0,2014,4.079700389,7.831757942,0.4755380587,335
1,"Lip,  oral cavity and pharynx ",724,Spain,2,0,2015,3.762002316,7.339403222,0.4015243952,314
1,"Lip,  oral cavity and pharynx ",724,Spain,2,0,2016,3.899765217,8.082348385,0.4444441662,346
1,"Lip,  oral cavity and pharynx ",724,Spain,2,1,2007,0.8973535749,2.062341988,0.09458690055,474
1,"Lip,  oral cavity and pharynx ",724,Spain,2,1,2008,0.7777226278,1.8563961,0.07769272727,433
1,"Lip,  oral cavity and pharynx ",724,Spain,2,1,2009,0.8716301158,1.980197894,0.09392848003,466
1,"Lip,  oral cavity and pharynx ",724,Spain,2,1,2010,0.9336696703,2.210736117,0.1001573775,523
1,"Lip,  oral cavity and pharynx ",724,Spain,2,1,2011,0.962088871,2.302194463,0.09843784717,547
1,"Lip,  oral cavity and pharynx ",724,Spain,2,1,2012,0.8973223706,2.298344967,0.09314355688,547
1,"Lip,  oral cavity and pharynx ",724,Spain,2,1,2013,1.006737919,2.517575826,0.1090875608,598
1,"Lip,  oral cavity and pharynx ",724,Spain,2,1,2014,0.9813085122,2.408564399,0.1133279546,571
1,"Lip,  oral cavity and pharynx ",724,Spain,2,1,2015,0.9249227339,2.49743001,0.09805910392,592
1,"Lip,  oral cavity and pharynx ",724,Spain,2,1,2016,0.9911906848,2.640510703,0.1048623247,627
1,"Lip,  oral cavity and pharynx ",724,Spain,2,1,2017,0.9211421331,2.60580595,0.1027820335,621
1,"Lip,  oral cavity and pharynx ",724,Spain,2,1,2018,0.9922876068,2.75913921,0.1045365311,661
1,"Lip,  oral cavity and pharynx ",724,Spain,2,1,2019,0.9465502992,2.655836214,0.1037328908,641
1,"Lip,  oral cavity and pharynx ",724,Spain,2,1,2020,0.9997707213,2.848046243,0.1132961333,691
1,"Lip,  oral cavity and pharynx ",724,Spain,2,1,2021,0.9560288375,2.996782884,0.1033107152,728
1,"Lip,  oral cavity and pharynx ",724,Spain,2,1,2022,1.050411202,3.175484439,0.1162500285,773
1,"Lip,  oral cavity and pharynx ",752,Sweden,1,0,2007,6.574580319,11.57640227,0.7587314087,526
1,"Lip,  oral cavity and pharynx ",752,Sweden,1,0,2008,7.255570483,12.58775157,0.8833178443,577
1,"Lip,  oral cavity and pharynx ",752,Sweden,1,0,2009,7.240510704,12.66652372,0.8769284921,586
1,"Lip,  oral cavity and pharynx ",752,Sweden,1,0,2010,7.005898839,12.54916069,0.8487514835,586
1,"Lip,  oral cavity and pharynx ",752,Sweden,1,0,2011,7.363460787,13.06136804,0.884577432,615
1,"Lip,  oral cavity and pharynx ",752,Sweden,1,0,2012,7.474191052,13.63145271,0.8941080478,647
1,"Lip,  oral cavity and pharynx ",752,Sweden,1,0,2013,7.661410469,13.67393041,0.9232590504,655
1,"Lip,  oral cavity and pharynx ",752,Sweden,1,0,2014,8.295228585,15.13429675,0.9964268024,733
1,"Lip,  oral cavity and pharynx ",752,Sweden,1,0,2015,7.548567202,14.34223511,0.9243939571,703
1,"Lip,  oral cavity and pharynx ",752,Sweden,1,0,2016,8.46492804,15.46611222,1.027067709,769
1,"Lip,  oral cavity and pharynx ",752,Sweden,1,0,2017,7.960205865,14.44133431,0.9671506466,729
1,"Lip,  oral cavity and pharynx ",752,Sweden,1,0,2018,7.061831124,13.47662764,0.8527451929,689
1,"Lip,  oral cavity and pharynx ",752,Sweden,1,0,2019,8.167995449,15.61190544,1.000286835,807
1,"Lip,  oral cavity and pharynx ",752,Sweden,1,0,2020,8.218263806,15.66418446,1.019583879,816
1,"Lip,  oral cavity and pharynx ",752,Sweden,1,0,2021,8.131428086,15.92969719,0.9948484174,835
1,"Lip,  oral cavity and pharynx ",752,Sweden,1,0,2022,7.86981012,15.26653938,0.9288775484,806
1,"Lip,  oral cavity and pharynx ",752,Sweden,1,1,2007,1.940309654,3.763428673,0.2264743944,171
1,"Lip,  oral cavity and pharynx ",752,Sweden,1,1,2008,2.347751568,4.406802882,0.2937698877,202
1,"Lip,  oral cavity and pharynx ",752,Sweden,1,1,2009,1.866109835,3.761049705,0.2334948303,174
1,"Lip,  oral cavity and pharynx ",752,Sweden,1,1,2010,1.846998652,3.747621064,0.2289868128,175
1,"Lip,  oral cavity and pharynx ",752,Sweden,1,1,2011,2.043045914,4.098930774,0.261716892,193
1,"Lip,  oral cavity and pharynx ",752,Sweden,1,1,2012,1.757955919,3.897709769,0.1973935867,185
1,"Lip,  oral cavity and pharynx ",752,Sweden,1,1,2013,2.064630192,4.300508692,0.2511575525,206
1,"Lip,  oral cavity and pharynx ",752,Sweden,1,1,2014,1.94215394,3.984887572,0.2493134329,193
1,"Lip,  oral cavity and pharynx ",752,Sweden,1,1,2015,2.194641575,4.563005976,0.2715018494,221
1,"Lip,  oral cavity and pharynx ",752,Sweden,1,1,2016,2.193763285,4.786655448,0.2861772099,238
1,"Lip,  oral cavity and pharynx ",752,Sweden,1,1,2017,2.115190815,4.496826419,0.266410156,227
1,"Lip,  oral cavity and pharynx ",752,Sweden,1,1,2018,1.948848791,4.224897556,0.2415008121,216
1,"Lip,  oral cavity and pharynx ",752,Sweden,1,1,2019,2.145341744,4.468840574,0.2620169527,231
1,"Lip,  oral cavity and pharynx ",752,Sweden,1,1,2020,1.768784538,4.184798795,0.2148350921,218
1,"Lip,  oral cavity and pharynx ",752,Sweden,1,1,2021,1.729423145,3.853654972,0.2217509175,202
1,"Lip,  oral cavity and pharynx ",752,Sweden,1,1,2022,1.835799787,4.375401493,0.2213688609,231
1,"Lip,  oral cavity and pharynx ",752,Sweden,1,1,2023,2.019036672,4.335188071,0.2418892876,230
1,"Lip,  oral cavity and pharynx ",752,Sweden,2,0,2007,3.682574049,7.536308937,0.4056481416,347
1,"Lip,  oral cavity and pharynx ",752,Sweden,2,0,2008,3.999870899,8.153884949,0.4570524341,378
1,"Lip,  oral cavity and pharynx ",752,Sweden,2,0,2009,3.776943043,7.319959496,0.4364547511,342
1,"Lip,  oral cavity and pharynx ",752,Sweden,2,0,2010,4.225283599,8.219174591,0.5051434104,387
1,"Lip,  oral cavity and pharynx ",752,Sweden,2,0,2011,4.59065108,8.754018411,0.5196777277,415
1,"Lip,  oral cavity and pharynx ",752,Sweden,2,0,2012,4.56419954,8.778529435,0.5280039147,419
1,"Lip,  oral cavity and pharynx ",752,Sweden,2,0,2013,4.342979441,8.960029537,0.4916325812,431
1,"Lip,  oral cavity and pharynx ",752,Sweden,2,0,2014,4.529668339,9.499638973,0.534507441,461
1,"Lip,  oral cavity and pharynx ",752,Sweden,2,0,2015,4.573347261,9.065683326,0.5260810439,444
1,"Lip,  oral cavity and pharynx ",752,Sweden,2,0,2016,4.478469805,9.573951097,0.5248913576,474
1,"Lip,  oral cavity and pharynx ",752,Sweden,2,0,2017,4.359264575,8.962614321,0.5109169522,449
1,"Lip,  oral cavity and pharynx ",752,Sweden,2,0,2018,5.082994376,10.29101448,0.6064535124,521
1,"Lip,  oral cavity and pharynx ",752,Sweden,2,0,2019,4.496023171,9.374208012,0.5146935019,479
1,"Lip,  oral cavity and pharynx ",752,Sweden,2,0,2020,4.731172212,9.642082402,0.5437551113,496
1,"Lip,  oral cavity and pharynx ",752,Sweden,2,0,2021,4.699473306,10.2047995,0.5405029375,528
1,"Lip,  oral cavity and pharynx ",752,Sweden,2,0,2022,4.961921577,10.83067639,0.5925822609,564
1,"Lip,  oral cavity and pharynx ",752,Sweden,2,1,2007,1.100296089,2.758245035,0.1272547158,127
1,"Lip,  oral cavity and pharynx ",752,Sweden,2,1,2008,1.023139645,2.394394787,0.1261185501,111
1,"Lip,  oral cavity and pharynx ",752,Sweden,2,1,2009,0.7912974515,2.140338576,0.09113361951,100
1,"Lip,  oral cavity and pharynx ",752,Sweden,2,1,2010,0.949061221,2.378678377,0.1067089894,112
1,"Lip,  oral cavity and pharynx ",752,Sweden,2,1,2011,0.9817657092,2.425811819,0.1031250856,115
1,"Lip,  oral cavity and pharynx ",752,Sweden,2,1,2012,0.9471806747,2.430332222,0.09613583532,116
1,"Lip,  oral cavity and pharynx ",752,Sweden,2,1,2013,0.8588941749,2.349151473,0.09516616882,113
1,"Lip,  oral cavity and pharynx ",752,Sweden,2,1,2014,0.8633318199,2.246120857,0.09526687766,109
1,"Lip,  oral cavity and pharynx ",752,Sweden,2,1,2015,0.8663412859,2.410973763,0.09335200478,117
1,"Lip,  oral cavity and pharynx ",752,Sweden,2,1,2016,0.8141463092,2.302598391,0.09135435436,114
1,"Lip,  oral cavity and pharynx ",752,Sweden,2,1,2017,1.017656827,2.674814604,0.1147309528,134
1,"Lip,  oral cavity and pharynx ",752,Sweden,2,1,2018,0.8781150563,2.449303613,0.1038746053,124
1,"Lip,  oral cavity and pharynx ",752,Sweden,2,1,2019,1.02728417,2.837706108,0.1176340012,145
1,"Lip,  oral cavity and pharynx ",752,Sweden,2,1,2020,0.7643202527,2.332764366,0.08452260272,120
1,"Lip,  oral cavity and pharynx ",752,Sweden,2,1,2021,0.8968255992,2.357928297,0.100870691,122
1,"Lip,  oral cavity and pharynx ",752,Sweden,2,1,2022,0.6581225018,2.112368194,0.07784181901,110
1,"Lip,  oral cavity and pharynx ",752,Sweden,2,1,2023,0.9868216641,2.924753547,0.1089328182,153
1,"Lip,  oral cavity and pharynx ",756,Switzerland,1,0,2007,15.99040535,25.85713773,1.924560495,245
1,"Lip,  oral cavity and pharynx ",756,Switzerland,1,0,2008,17.47303046,28.02984452,2.017680149,270
1,"Lip,  oral cavity and pharynx ",756,Switzerland,1,0,2009,15.34154792,24.89486003,1.949123837,244
1,"Lip,  oral cavity and pharynx ",756,Switzerland,1,0,2010,16.72777752,27.85448095,1.976100303,277
1,"Lip,  oral cavity and pharynx ",756,Switzerland,1,0,2011,15.06873604,24.64287702,1.897476206,248
1,"Lip,  oral cavity and pharynx ",756,Switzerland,1,0,2012,13.40768688,23.0737358,1.701535495,235
1,"Lip,  oral cavity and pharynx ",756,Switzerland,1,0,2013,13.69007255,22.84893273,1.754413059,236
1,"Lip,  oral cavity and pharynx ",756,Switzerland,1,0,2014,14.37524396,24.68994576,1.79645662,259
1,"Lip,  oral cavity and pharynx ",756,Switzerland,1,0,2015,13.93670432,24.17117329,1.807357748,257
1,"Lip,  oral cavity and pharynx ",756,Switzerland,1,0,2016,12.62854107,22.11378004,1.559259427,238
1,"Lip,  oral cavity and pharynx ",756,Switzerland,1,0,2017,12.55330826,22.17780526,1.590147567,241
1,"Lip,  oral cavity and pharynx ",756,Switzerland,1,1,2007,4.272165824,7.375232941,0.5138873772,273
1,"Lip,  oral cavity and pharynx ",756,Switzerland,1,1,2008,4.096230875,7.136737086,0.4937308154,268
1,"Lip,  oral cavity and pharynx ",756,Switzerland,1,1,2009,3.938985133,6.803323279,0.4825103675,259
1,"Lip,  oral cavity and pharynx ",756,Switzerland,1,1,2010,4.210465287,7.577279165,0.4960255364,292
1,"Lip,  oral cavity and pharynx ",756,Switzerland,1,1,2011,4.034379526,7.53690198,0.5095296217,294
1,"Lip,  oral cavity and pharynx ",756,Switzerland,1,1,2012,4.361428769,7.753926851,0.5708378465,306
1,"Lip,  oral cavity and pharynx ",756,Switzerland,1,1,2013,4.060083877,7.55714339,0.519020883,302
1,"Lip,  oral cavity and pharynx ",756,Switzerland,1,1,2014,3.466320909,6.619288533,0.4195738604,268
1,"Lip,  oral cavity and pharynx ",756,Switzerland,1,1,2015,3.647089413,7.149072932,0.4600883861,293
1,"Lip,  oral cavity and pharynx ",756,Switzerland,1,1,2016,4.243498489,8.581949725,0.5459074185,356
1,"Lip,  oral cavity and pharynx ",756,Switzerland,1,1,2017,3.675934544,7.564100683,0.4310962591,317
1,"Lip,  oral cavity and pharynx ",756,Switzerland,1,1,2018,3.647091606,7.554162338,0.4621776217,319
1,"Lip,  oral cavity and pharynx ",756,Switzerland,1,1,2019,3.448889131,7.357384852,0.4601754896,313
1,"Lip,  oral cavity and pharynx ",756,Switzerland,1,1,2020,3.286514068,6.78780686,0.430979451,291
1,"Lip,  oral cavity and pharynx ",756,Switzerland,1,1,2021,3.01698799,6.3862154,0.3986603553,276
1,"Lip,  oral cavity and pharynx ",756,Switzerland,1,1,2022,2.7766803,6.276882927,0.3620901003,274
1,"Lip,  oral cavity and pharynx ",756,Switzerland,2,0,2007,4.805023201,8.454363347,0.6004544927,85
1,"Lip,  oral cavity and pharynx ",756,Switzerland,2,0,2008,6.318447808,10.7969949,0.69403936,110
1,"Lip,  oral cavity and pharynx ",756,Switzerland,2,0,2009,5.44784065,9.188678388,0.6280986313,95
1,"Lip,  oral cavity and pharynx ",756,Switzerland,2,0,2010,4.792488482,8.693741462,0.5736324912,91
1,"Lip,  oral cavity and pharynx ",756,Switzerland,2,0,2011,5.215546696,9.673408653,0.6531437977,102
1,"Lip,  oral cavity and pharynx ",756,Switzerland,2,0,2012,5.449869493,10.51579999,0.6797765294,112
1,"Lip,  oral cavity and pharynx ",756,Switzerland,2,0,2013,4.938985711,9.46549641,0.556760051,102
1,"Lip,  oral cavity and pharynx ",756,Switzerland,2,0,2014,4.957170604,10.06661353,0.6203941854,110
1,"Lip,  oral cavity and pharynx ",756,Switzerland,2,0,2015,5.342257185,10.124367,0.6808712154,112
1,"Lip,  oral cavity and pharynx ",756,Switzerland,2,0,2016,5.766044255,11.27298885,0.6982443331,126
1,"Lip,  oral cavity and pharynx ",756,Switzerland,2,0,2017,4.298288572,8.34091262,0.512055795,94
1,"Lip,  oral cavity and pharynx ",756,Switzerland,2,1,2007,1.233932809,2.653621947,0.1439264107,102
1,"Lip,  oral cavity and pharynx ",756,Switzerland,2,1,2008,1.040628413,2.238511899,0.1426181571,87
1,"Lip,  oral cavity and pharynx ",756,Switzerland,2,1,2009,1.27078073,2.64585128,0.1514051077,104
1,"Lip,  oral cavity and pharynx ",756,Switzerland,2,1,2010,1.177256205,2.517542551,0.1479420089,100
1,"Lip,  oral cavity and pharynx ",756,Switzerland,2,1,2011,1.092613737,2.466635331,0.1327531687,99
1,"Lip,  oral cavity and pharynx ",756,Switzerland,2,1,2012,1.592421633,3.405272596,0.1969657518,138
1,"Lip,  oral cavity and pharynx ",756,Switzerland,2,1,2013,1.451246057,3.540918241,0.174109917,145
1,"Lip,  oral cavity and pharynx ",756,Switzerland,2,1,2014,1.096332716,2.631920805,0.1344625615,109
1,"Lip,  oral cavity and pharynx ",756,Switzerland,2,1,2015,1.191604173,2.890932638,0.1458107335,121
1,"Lip,  oral cavity and pharynx ",756,Switzerland,2,1,2016,1.243990447,3.09937434,0.143461325,131
1,"Lip,  oral cavity and pharynx ",756,Switzerland,2,1,2017,1.142368921,2.979276784,0.1365020506,127
1,"Lip,  oral cavity and pharynx ",756,Switzerland,2,1,2018,1.13145971,2.934663901,0.12838271,126
1,"Lip,  oral cavity and pharynx ",756,Switzerland,2,1,2019,1.112578575,2.821921706,0.1234476693,122
1,"Lip,  oral cavity and pharynx ",756,Switzerland,2,1,2020,1.319514538,3.307696769,0.1539114214,144
1,"Lip,  oral cavity and pharynx ",756,Switzerland,2,1,2021,1.146662693,3.420584852,0.1314546712,150
1,"Lip,  oral cavity and pharynx ",756,Switzerland,2,1,2022,0.9773741996,2.620309477,0.1143791959,116
1,"Lip,  oral cavity and pharynx ",76,Brazil,1,1,2007,5.998343013,5.152414342,0.6776546495,4813
1,"Lip,  oral cavity and pharynx ",76,Brazil,1,1,2008,5.980539753,5.237993368,0.6823742617,4938
1,"Lip,  oral cavity and pharynx ",76,Brazil,1,1,2009,5.981571698,5.400642226,0.6843532893,5135
1,"Lip,  oral cavity and pharynx ",76,Brazil,1,1,2010,6.015406021,5.602833623,0.6926838419,5370
1,"Lip,  oral cavity and pharynx ",76,Brazil,1,1,2011,5.918961601,5.666389951,0.6780723807,5473
1,"Lip,  oral cavity and pharynx ",76,Brazil,1,1,2012,5.764571389,5.691784409,0.6542748981,5540
1,"Lip,  oral cavity and pharynx ",76,Brazil,1,1,2013,5.663422476,5.752148408,0.6498393017,5642
1,"Lip,  oral cavity and pharynx ",76,Brazil,1,1,2014,5.620328631,5.830660913,0.6592684943,5763
1,"Lip,  oral cavity and pharynx ",76,Brazil,1,1,2015,5.783061904,6.170456,0.6670490611,6145
1,"Lip,  oral cavity and pharynx ",76,Brazil,1,1,2016,5.804833893,6.33438005,0.6725314417,6354
1,"Lip,  oral cavity and pharynx ",76,Brazil,1,1,2017,5.713803356,6.386029957,0.675097011,6450
1,"Lip,  oral cavity and pharynx ",76,Brazil,1,1,2018,5.507544574,6.323378284,0.6530600566,6428
1,"Lip,  oral cavity and pharynx ",76,Brazil,1,1,2019,5.441824558,6.415675633,0.6505680516,6562
1,"Lip,  oral cavity and pharynx ",76,Brazil,1,1,2020,5.000752776,6.036299102,0.5934150912,6208
1,"Lip,  oral cavity and pharynx ",76,Brazil,1,1,2021,4.958079113,6.098620289,0.5967000928,6296
1,"Lip,  oral cavity and pharynx ",76,Brazil,2,1,2007,1.302748179,1.312804925,0.1260573662,1249
1,"Lip,  oral cavity and pharynx ",76,Brazil,2,1,2008,1.345858219,1.37885018,0.1313227645,1325
1,"Lip,  oral cavity and pharynx ",76,Brazil,2,1,2009,1.34201664,1.414452442,0.136062724,1372
1,"Lip,  oral cavity and pharynx ",76,Brazil,2,1,2010,1.267550625,1.391818742,0.1298758306,1362
1,"Lip,  oral cavity and pharynx ",76,Brazil,2,1,2011,1.344498429,1.519792793,0.1303313851,1500
1,"Lip,  oral cavity and pharynx ",76,Brazil,2,1,2012,1.311547119,1.535017494,0.1289499247,1528
1,"Lip,  oral cavity and pharynx ",76,Brazil,2,1,2013,1.243390408,1.49312889,0.1235585302,1499
1,"Lip,  oral cavity and pharynx ",76,Brazil,2,1,2014,1.267928086,1.581303911,0.1268818498,1601
1,"Lip,  oral cavity and pharynx ",76,Brazil,2,1,2015,1.177034734,1.496746753,0.1183194443,1528
1,"Lip,  oral cavity and pharynx ",76,Brazil,2,1,2016,1.188936475,1.560611548,0.1208039287,1606
1,"Lip,  oral cavity and pharynx ",76,Brazil,2,1,2017,1.182901239,1.612316455,0.1214323989,1672
1,"Lip,  oral cavity and pharynx ",76,Brazil,2,1,2018,1.216806549,1.70316263,0.1216271986,1779
1,"Lip,  oral cavity and pharynx ",76,Brazil,2,1,2019,1.20979178,1.725699741,0.1237138036,1815
1,"Lip,  oral cavity and pharynx ",76,Brazil,2,1,2020,1.119668967,1.634907726,0.112503356,1730
1,"Lip,  oral cavity and pharynx ",76,Brazil,2,1,2021,1.112972077,1.660179129,0.1126891009,1765
1,"Lip,  oral cavity and pharynx ",764,Thailand,1,0,2007,9.104806803,10.95922383,1.025713836,293
1,"Lip,  oral cavity and pharynx ",764,Thailand,1,0,2008,7.730493623,9.547078427,0.8854487057,257
1,"Lip,  oral cavity and pharynx ",764,Thailand,1,0,2009,8.603483888,11.02165996,0.9643016554,299
1,"Lip,  oral cavity and pharynx ",764,Thailand,1,0,2010,7.77202442,10.1958778,0.8346694129,279
1,"Lip,  oral cavity and pharynx ",764,Thailand,1,0,2011,8.67963395,11.50432782,0.9428712437,315
1,"Lip,  oral cavity and pharynx ",764,Thailand,1,0,2012,9.611529606,13.07189542,1.065317222,358
1,"Lip,  oral cavity and pharynx ",764,Thailand,1,0,2013,9.388747158,12.81245961,1.071506244,339
1,"Lip,  oral cavity and pharynx ",764,Thailand,1,0,2014,10.04299254,14.02400291,1.166781795,372
1,"Lip,  oral cavity and pharynx ",764,Thailand,1,0,2015,10.47644916,14.86536122,1.19883114,395
1,"Lip,  oral cavity and pharynx ",764,Thailand,1,0,2016,9.021075887,12.93727228,1.029584577,344
1,"Lip,  oral cavity and pharynx ",764,Thailand,1,0,2017,10.99378088,15.7064384,1.215332741,418
1,"Lip,  oral cavity and pharynx ",764,Thailand,2,0,2007,4.168788994,5.499968726,0.4453429194,153
1,"Lip,  oral cavity and pharynx ",764,Thailand,2,0,2008,4.132424112,5.622421648,0.4806035895,158
1,"Lip,  oral cavity and pharynx ",764,Thailand,2,0,2009,3.813108162,5.173109123,0.4036380416,147
1,"Lip,  oral cavity and pharynx ",764,Thailand,2,0,2010,3.612156598,5.215033202,0.3852620583,150
1,"Lip,  oral cavity and pharynx ",764,Thailand,2,0,2011,3.568483737,5.376344086,0.3590990645,155
1,"Lip,  oral cavity and pharynx ",764,Thailand,2,0,2012,3.560331169,5.124476299,0.3715577344,148
1,"Lip,  oral cavity and pharynx ",764,Thailand,2,0,2013,3.931904751,6.045921096,0.4154633597,169
1,"Lip,  oral cavity and pharynx ",764,Thailand,2,0,2014,4.355505616,7.055852776,0.4347859673,198
1,"Lip,  oral cavity and pharynx ",764,Thailand,2,0,2015,3.218085357,5.147539121,0.3355884822,145
1,"Lip,  oral cavity and pharynx ",764,Thailand,2,0,2016,3.740590904,6.021452665,0.3773831035,170
1,"Lip,  oral cavity and pharynx ",764,Thailand,2,0,2017,3.08525974,4.875253566,0.3581680145,138
1,"Lip,  oral cavity and pharynx ",792,Türkiye,1,0,2007,7.513734721,7.742607828,0.8509202275,211
1,"Lip,  oral cavity and pharynx ",792,Türkiye,1,0,2008,6.886815204,7.288593808,0.8478188919,207
1,"Lip,  oral cavity and pharynx ",792,Türkiye,1,0,2009,7.928387357,8.496045211,0.9184578251,247
1,"Lip,  oral cavity and pharynx ",792,Türkiye,1,0,2010,6.60454079,7.230667672,0.7729657216,216
1,"Lip,  oral cavity and pharynx ",792,Türkiye,1,0,2011,6.907454149,7.89715646,0.7678717162,238
1,"Lip,  oral cavity and pharynx ",792,Türkiye,1,0,2012,5.967982115,6.836061434,0.6426201562,209
1,"Lip,  oral cavity and pharynx ",792,Türkiye,1,0,2013,5.869041521,6.862984366,0.6711642664,214
1,"Lip,  oral cavity and pharynx ",792,Türkiye,1,0,2014,6.607227199,7.751886686,0.7805219046,246
1,"Lip,  oral cavity and pharynx ",792,Türkiye,1,0,2015,5.821229029,6.987601645,0.6991964879,226
1,"Lip,  oral cavity and pharynx ",792,Türkiye,1,0,2016,5.883093485,7.31803701,0.6496102103,240
1,"Lip,  oral cavity and pharynx ",792,Türkiye,1,0,2017,6.034286288,7.546307571,0.7216778107,251
1,"Lip,  oral cavity and pharynx ",792,Türkiye,2,0,2007,2.674473362,3.063803524,0.3025985962,83
1,"Lip,  oral cavity and pharynx ",792,Türkiye,2,0,2008,2.481886461,2.983803276,0.2422671292,84
1,"Lip,  oral cavity and pharynx ",792,Türkiye,2,0,2009,3.127601462,3.74895602,0.3134465773,108
1,"Lip,  oral cavity and pharynx ",792,Türkiye,2,0,2010,2.909651519,3.605558683,0.3106722511,106
1,"Lip,  oral cavity and pharynx ",792,Türkiye,2,0,2011,2.432657365,2.938258835,0.3065437936,88
1,"Lip,  oral cavity and pharynx ",792,Türkiye,2,0,2012,2.670767346,3.222963285,0.3014150431,98
1,"Lip,  oral cavity and pharynx ",792,Türkiye,2,0,2013,2.516031843,3.289089703,0.2887231423,102
1,"Lip,  oral cavity and pharynx ",792,Türkiye,2,0,2014,2.726138409,3.478576554,0.2751081663,110
1,"Lip,  oral cavity and pharynx ",792,Türkiye,2,0,2015,2.741078444,3.599610373,0.3055753349,116
1,"Lip,  oral cavity and pharynx ",792,Türkiye,2,0,2016,2.649074483,3.666885457,0.2816272943,120
1,"Lip,  oral cavity and pharynx ",792,Türkiye,2,0,2017,2.680795561,3.616698659,0.2916176408,120
1,"Lip,  oral cavity and pharynx ",800,Uganda,1,0,2007,7.924159173,2.090211435,1.125002066,20
1,"Lip,  oral cavity and pharynx ",800,Uganda,1,0,2008,10.34870617,3.73042911,1.381410555,37
1,"Lip,  oral cavity and pharynx ",800,Uganda,1,0,2009,9.069097506,2.91756706,1.289745118,30
1,"Lip,  oral cavity and pharynx ",800,Uganda,1,0,2010,7.410524048,3.001510135,0.9387180042,32
1,"Lip,  oral cavity and pharynx ",800,Uganda,1,0,2011,5.04628538,2.442252046,0.501278531,27
1,"Lip,  oral cavity and pharynx ",800,Uganda,1,0,2012,13.24347548,4.360943045,1.458820305,50
1,"Lip,  oral cavity and pharynx ",800,Uganda,1,0,2013,9.99086758,3.61582757,1.252505777,43
1,"Lip,  oral cavity and pharynx ",800,Uganda,1,0,2014,9.028289246,3.728817681,1.167368529,46
1,"Lip,  oral cavity and pharynx ",800,Uganda,1,0,2015,14.71845733,4.41054972,1.820612862,56
1,"Lip,  oral cavity and pharynx ",800,Uganda,1,0,2016,9.570622995,3.676090478,1.257682513,48
1,"Lip,  oral cavity and pharynx ",800,Uganda,1,0,2017,7.855096971,3.204674353,0.9134199879,43
1,"Lip,  oral cavity and pharynx ",800,Uganda,2,0,2007,4.116443071,1.613435935,0.5815210388,17
1,"Lip,  oral cavity and pharynx ",800,Uganda,2,0,2008,4.522125861,2.009901506,0.5598287097,22
1,"Lip,  oral cavity and pharynx ",800,Uganda,2,0,2009,6.620129541,1.758513845,0.9083317484,20
1,"Lip,  oral cavity and pharynx ",800,Uganda,2,0,2010,3.229029644,1.269085996,0.3275204754,15
1,"Lip,  oral cavity and pharynx ",800,Uganda,2,0,2011,3.342131351,1.627896944,0.3158534258,20
1,"Lip,  oral cavity and pharynx ",800,Uganda,2,0,2012,5.497156608,2.035569223,0.6374008435,26
1,"Lip,  oral cavity and pharynx ",800,Uganda,2,0,2013,4.585142978,1.581118137,0.5357893207,21
1,"Lip,  oral cavity and pharynx ",800,Uganda,2,0,2014,4.643935099,1.665026977,0.5472040444,23
1,"Lip,  oral cavity and pharynx ",800,Uganda,2,0,2015,4.655951174,2.17745102,0.5035567579,31
1,"Lip,  oral cavity and pharynx ",800,Uganda,2,0,2016,5.757385573,2.182789523,0.7574860029,32
1,"Lip,  oral cavity and pharynx ",800,Uganda,2,0,2017,2.114227812,0.9281696164,0.203004249,14
1,"Lip,  oral cavity and pharynx ",826,United Kingdom,1,1,2007,2.91151113,4.872399494,0.3431876681,1461
1,"Lip,  oral cavity and pharynx ",826,United Kingdom,1,1,2008,2.720123164,4.469332987,0.3301873448,1352
1,"Lip,  oral cavity and pharynx ",826,United Kingdom,1,1,2009,2.87298613,4.854465039,0.3497677537,1481
1,"Lip,  oral cavity and pharynx ",826,United Kingdom,1,1,2010,2.924450089,5.019403324,0.3479946056,1545
1,"Lip,  oral cavity and pharynx ",826,United Kingdom,1,1,2011,2.914926313,5.020249736,0.3562025659,1559
1,"Lip,  oral cavity and pharynx ",826,United Kingdom,1,1,2012,2.99140849,5.310732322,0.3659523459,1662
1,"Lip,  oral cavity and pharynx ",826,United Kingdom,1,1,2013,3.145130844,5.589206399,0.3899297609,1762
1,"Lip,  oral cavity and pharynx ",826,United Kingdom,1,1,2014,3.242577039,5.827294411,0.4060783371,1852
1,"Lip,  oral cavity and pharynx ",826,United Kingdom,1,1,2015,3.281308002,6.009836171,0.4026680194,1927
1,"Lip,  oral cavity and pharynx ",826,United Kingdom,1,1,2016,3.43364623,6.306859117,0.4225145994,2040
1,"Lip,  oral cavity and pharynx ",826,United Kingdom,1,1,2017,3.478956994,6.498631928,0.4268217037,2118
1,"Lip,  oral cavity and pharynx ",826,United Kingdom,1,1,2018,3.385965608,6.344459196,0.4082175871,2081
1,"Lip,  oral cavity and pharynx ",826,United Kingdom,1,1,2019,3.603444718,6.883281609,0.4365122193,2271
1,"Lip,  oral cavity and pharynx ",826,United Kingdom,1,1,2020,3.450435655,6.77357035,0.4262711355,2244
1,"Lip,  oral cavity and pharynx ",826,United Kingdom,1,1,2021,3.687818653,7.231630382,0.4561196328,2408
1,"Lip,  oral cavity and pharynx ",826,United Kingdom,2,1,2007,1.026923855,2.177452558,0.1154544944,687
1,"Lip,  oral cavity and pharynx ",826,United Kingdom,2,1,2008,1.121748017,2.423158497,0.122209953,770
1,"Lip,  oral cavity and pharynx ",826,United Kingdom,2,1,2009,1.132017024,2.447010274,0.1326271684,783
1,"Lip,  oral cavity and pharynx ",826,United Kingdom,2,1,2010,1.114563605,2.439029385,0.1218037548,786
1,"Lip,  oral cavity and pharynx ",826,United Kingdom,2,1,2011,1.180664436,2.572788817,0.1328614551,835
1,"Lip,  oral cavity and pharynx ",826,United Kingdom,2,1,2012,1.120535687,2.427647829,0.1251686276,793
1,"Lip,  oral cavity and pharynx ",826,United Kingdom,2,1,2013,1.239469186,2.692888401,0.1443179605,885
1,"Lip,  oral cavity and pharynx ",826,United Kingdom,2,1,2014,1.192490748,2.696131393,0.1333111128,892
1,"Lip,  oral cavity and pharynx ",826,United Kingdom,2,1,2015,1.200359826,2.740259944,0.1348781741,913
1,"Lip,  oral cavity and pharynx ",826,United Kingdom,2,1,2016,1.279997548,2.951028751,0.1458618014,990
1,"Lip,  oral cavity and pharynx ",826,United Kingdom,2,1,2017,1.234010681,2.858158762,0.1406350406,965
1,"Lip,  oral cavity and pharynx ",826,United Kingdom,2,1,2018,1.262248583,2.865793421,0.1475268378,973
1,"Lip,  oral cavity and pharynx ",826,United Kingdom,2,1,2019,1.235434578,2.94272999,0.1402884031,1004
1,"Lip,  oral cavity and pharynx ",826,United Kingdom,2,1,2020,1.276943476,3.146997112,0.1457058061,1077
1,"Lip,  oral cavity and pharynx ",826,United Kingdom,2,1,2021,1.278287421,3.005472812,0.1471329366,1033
1,"Lip,  oral cavity and pharynx ",8260,"UK, England",1,0,2007,8.623346728,13.04734309,1.007981858,3288
1,"Lip,  oral cavity and pharynx ",8260,"UK, England",1,0,2008,9.057127712,14.00436549,1.04865303,3562
1,"Lip,  oral cavity and pharynx ",8260,"UK, England",1,0,2009,9.564833057,14.90998303,1.118070051,3822
1,"Lip,  oral cavity and pharynx ",8260,"UK, England",1,0,2010,9.747522556,15.22959709,1.147269798,3941
1,"Lip,  oral cavity and pharynx ",8260,"UK, England",1,0,2011,9.978803956,15.66974559,1.172097744,4095
1,"Lip,  oral cavity and pharynx ",8260,"UK, England",1,0,2012,10.51537714,16.67081348,1.250682017,4390
1,"Lip,  oral cavity and pharynx ",8260,"UK, England",1,0,2013,11.04270873,17.50209326,1.312654637,4644
1,"Lip,  oral cavity and pharynx ",8260,"UK, England",1,0,2014,10.8234662,17.38679237,1.286657604,4655
1,"Lip,  oral cavity and pharynx ",8260,"UK, England",1,0,2015,11.30250772,18.35416592,1.35491312,4961
1,"Lip,  oral cavity and pharynx ",8260,"UK, England",1,0,2016,11.20906033,18.37300721,1.348951802,5016
1,"Lip,  oral cavity and pharynx ",8260,"UK, England",1,0,2017,11.26421122,18.32171424,1.35645325,5035
1,"Lip,  oral cavity and pharynx ",8260,"UK, England",2,0,2007,3.85621982,6.672890114,0.4262467865,1747
1,"Lip,  oral cavity and pharynx ",8260,"UK, England",2,0,2008,4.231261661,7.403075715,0.478081408,1953
1,"Lip,  oral cavity and pharynx ",8260,"UK, England",2,0,2009,4.366035269,7.559515467,0.4930203432,2008
1,"Lip,  oral cavity and pharynx ",8260,"UK, England",2,0,2010,4.574041015,8.021607753,0.5229348281,2147
1,"Lip,  oral cavity and pharynx ",8260,"UK, England",2,0,2011,4.481819595,7.933563597,0.5144863399,2140
1,"Lip,  oral cavity and pharynx ",8260,"UK, England",2,0,2012,4.785678696,8.420384163,0.5396332922,2287
1,"Lip,  oral cavity and pharynx ",8260,"UK, England",2,0,2013,4.825525742,8.590710734,0.5530573052,2348
1,"Lip,  oral cavity and pharynx ",8260,"UK, England",2,0,2014,4.905381386,8.775234973,0.5680648873,2417
1,"Lip,  oral cavity and pharynx ",8260,"UK, England",2,0,2015,4.892317134,8.826589261,0.5586230455,2450
1,"Lip,  oral cavity and pharynx ",8260,"UK, England",2,0,2016,5.125289552,9.128567887,0.5904954155,2553
1,"Lip,  oral cavity and pharynx ",8260,"UK, England",2,0,2017,4.976293205,9.001940659,0.5807930097,2533
1,"Lip,  oral cavity and pharynx ",8261,"UK, Wales",1,0,2007,9.983967161,16.95567351,1.196333865,249
1,"Lip,  oral cavity and pharynx ",8261,"UK, Wales",1,0,2008,9.588873494,16.35803825,1.17709968,242
1,"Lip,  oral cavity and pharynx ",8261,"UK, Wales",1,0,2009,10.45856585,17.47490335,1.254418594,260
1,"Lip,  oral cavity and pharynx ",8261,"UK, Wales",1,0,2010,9.810361298,17.45243876,1.182100058,261
1,"Lip,  oral cavity and pharynx ",8261,"UK, Wales",1,0,2011,12.56689264,20.33932103,1.462953203,306
1,"Lip,  oral cavity and pharynx ",8261,"UK, Wales",1,0,2012,11.41494708,19.47102394,1.371917974,294
1,"Lip,  oral cavity and pharynx ",8261,"UK, Wales",1,0,2013,12.58192737,22.04290182,1.524727707,334
1,"Lip,  oral cavity and pharynx ",8261,"UK, Wales",1,0,2014,12.76083124,21.88895791,1.501416237,333
1,"Lip,  oral cavity and pharynx ",8261,"UK, Wales",1,0,2015,13.08853449,23.86007508,1.583171166,364
1,"Lip,  oral cavity and pharynx ",8261,"UK, Wales",1,0,2016,12.93790434,22.88078913,1.549927437,351
1,"Lip,  oral cavity and pharynx ",8261,"UK, Wales",1,0,2017,12.811186,23.89300091,1.629472913,368
1,"Lip,  oral cavity and pharynx ",8261,"UK, Wales",2,0,2007,4.875368617,8.909039358,0.5280449016,137
1,"Lip,  oral cavity and pharynx ",8261,"UK, Wales",2,0,2008,4.716623407,7.888923951,0.5085394321,122
1,"Lip,  oral cavity and pharynx ",8261,"UK, Wales",2,0,2009,4.931874476,9.606556701,0.5542266672,149
1,"Lip,  oral cavity and pharynx ",8261,"UK, Wales",2,0,2010,4.285302217,8.234275429,0.5239415287,128
1,"Lip,  oral cavity and pharynx ",8261,"UK, Wales",2,0,2011,4.291563092,7.952372982,0.4713461349,124
1,"Lip,  oral cavity and pharynx ",8261,"UK, Wales",2,0,2012,5.416598398,9.398189794,0.5844433801,147
1,"Lip,  oral cavity and pharynx ",8261,"UK, Wales",2,0,2013,5.256350157,10.4008142,0.6739529073,163
1,"Lip,  oral cavity and pharynx ",8261,"UK, Wales",2,0,2014,5.53969542,10.75939011,0.6487193965,169
1,"Lip,  oral cavity and pharynx ",8261,"UK, Wales",2,0,2015,5.184339237,9.596288588,0.5575249251,151
1,"Lip,  oral cavity and pharynx ",8261,"UK, Wales",2,0,2016,5.385734986,10.19560361,0.5908386734,161
1,"Lip,  oral cavity and pharynx ",8261,"UK, Wales",2,0,2017,6.018379377,11.2305319,0.6716538641,178
1,"Lip,  oral cavity and pharynx ",8262,"UK, Scotland",1,0,2007,12.1414859,20.3880703,1.437920215,509
1,"Lip,  oral cavity and pharynx ",8262,"UK, Scotland",1,0,2008,11.57305611,18.68561414,1.366672747,470
1,"Lip,  oral cavity and pharynx ",8262,"UK, Scotland",1,0,2009,13.14735722,21.24827703,1.585386212,538
1,"Lip,  oral cavity and pharynx ",8262,"UK, Scotland",1,0,2010,12.86024694,21.42671299,1.536079869,546
1,"Lip,  oral cavity and pharynx ",8262,"UK, Scotland",1,0,2011,12.42133003,21.04812668,1.51486313,541
1,"Lip,  oral cavity and pharynx ",8262,"UK, Scotland",1,0,2012,14.44484465,24.56211149,1.780845287,633
1,"Lip,  oral cavity and pharynx ",8262,"UK, Scotland",1,0,2013,13.88204189,23.77701107,1.699866293,615
1,"Lip,  oral cavity and pharynx ",8262,"UK, Scotland",1,0,2014,12.62090943,21.91386196,1.593167565,569
1,"Lip,  oral cavity and pharynx ",8262,"UK, Scotland",1,0,2015,13.83311092,24.24851626,1.683665598,633
1,"Lip,  oral cavity and pharynx ",8262,"UK, Scotland",1,0,2016,12.4838177,22.22642562,1.523656605,584
1,"Lip,  oral cavity and pharynx ",8262,"UK, Scotland",1,0,2017,13.67650549,24.73203803,1.62185443,653
1,"Lip,  oral cavity and pharynx ",8262,"UK, Scotland",1,1,2007,4.086872588,7.129816331,0.5034835561,178
1,"Lip,  oral cavity and pharynx ",8262,"UK, Scotland",1,1,2008,4.008300433,7.036922774,0.4846752608,177
1,"Lip,  oral cavity and pharynx ",8262,"UK, Scotland",1,1,2009,4.235815678,7.504038357,0.5130517756,190
1,"Lip,  oral cavity and pharynx ",8262,"UK, Scotland",1,1,2010,4.249047444,7.534668304,0.5180810264,192
1,"Lip,  oral cavity and pharynx ",8262,"UK, Scotland",1,1,2011,4.409868937,8.248064428,0.5653198769,212
1,"Lip,  oral cavity and pharynx ",8262,"UK, Scotland",1,1,2012,4.312594176,8.109765088,0.530431963,209
1,"Lip,  oral cavity and pharynx ",8262,"UK, Scotland",1,1,2013,4.449449051,8.46693565,0.5755551033,219
1,"Lip,  oral cavity and pharynx ",8262,"UK, Scotland",1,1,2014,4.194087129,7.933665315,0.5319494483,206
1,"Lip,  oral cavity and pharynx ",8262,"UK, Scotland",1,1,2015,3.969814769,7.814687706,0.5025825915,204
1,"Lip,  oral cavity and pharynx ",8262,"UK, Scotland",1,1,2016,4.748247449,9.096088568,0.605820924,239
1,"Lip,  oral cavity and pharynx ",8262,"UK, Scotland",1,1,2017,4.954826649,10.1503617,0.6285305907,268
1,"Lip,  oral cavity and pharynx ",8262,"UK, Scotland",1,1,2018,4.258884023,9.098627995,0.4716308189,241
1,"Lip,  oral cavity and pharynx ",8262,"UK, Scotland",1,1,2019,5.367924737,11.11527099,0.6673903267,296
1,"Lip,  oral cavity and pharynx ",8262,"UK, Scotland",1,1,2020,4.560766761,9.538104163,0.5707878926,254
1,"Lip,  oral cavity and pharynx ",8262,"UK, Scotland",2,0,2007,4.773143574,8.603141568,0.5741249001,230
1,"Lip,  oral cavity and pharynx ",8262,"UK, Scotland",2,0,2008,4.695333771,8.929913573,0.5408411699,240
1,"Lip,  oral cavity and pharynx ",8262,"UK, Scotland",2,0,2009,5.426413678,10.77805721,0.6547663171,291
1,"Lip,  oral cavity and pharynx ",8262,"UK, Scotland",2,0,2010,5.476427051,9.98533887,0.6944682438,271
1,"Lip,  oral cavity and pharynx ",8262,"UK, Scotland",2,0,2011,5.760317597,10.47772567,0.6867052487,286
1,"Lip,  oral cavity and pharynx ",8262,"UK, Scotland",2,0,2012,6.429643568,11.80357104,0.7133055282,323
1,"Lip,  oral cavity and pharynx ",8262,"UK, Scotland",2,0,2013,5.737456236,10.83479743,0.6599875247,297
1,"Lip,  oral cavity and pharynx ",8262,"UK, Scotland",2,0,2014,5.563586133,10.72310047,0.6246214224,295
1,"Lip,  oral cavity and pharynx ",8262,"UK, Scotland",2,0,2015,5.443133446,10.57001713,0.6720498419,292
1,"Lip,  oral cavity and pharynx ",8262,"UK, Scotland",2,0,2016,5.120627673,10.37016819,0.5825256856,288
1,"Lip,  oral cavity and pharynx ",8262,"UK, Scotland",2,0,2017,5.396161019,10.05566529,0.6490315107,280
1,"Lip,  oral cavity and pharynx ",8262,"UK, Scotland",2,1,2007,1.711835851,3.703091371,0.2095037518,99
1,"Lip,  oral cavity and pharynx ",8262,"UK, Scotland",2,1,2008,1.288546826,3.051053804,0.1426430059,82
1,"Lip,  oral cavity and pharynx ",8262,"UK, Scotland",2,1,2009,1.437725209,3.370457753,0.1759109105,91
1,"Lip,  oral cavity and pharynx ",8262,"UK, Scotland",2,1,2010,1.381485673,3.242471662,0.1415312006,88
1,"Lip,  oral cavity and pharynx ",8262,"UK, Scotland",2,1,2011,1.581015793,3.590269637,0.1999419309,98
1,"Lip,  oral cavity and pharynx ",8262,"UK, Scotland",2,1,2012,1.770151077,3.87361774,0.2203318845,106
1,"Lip,  oral cavity and pharynx ",8262,"UK, Scotland",2,1,2013,1.702071294,3.83048394,0.2153766917,105
1,"Lip,  oral cavity and pharynx ",8262,"UK, Scotland",2,1,2014,1.561803011,3.707648297,0.1754277812,102
1,"Lip,  oral cavity and pharynx ",8262,"UK, Scotland",2,1,2015,1.592934001,3.873259703,0.1901575933,107
1,"Lip,  oral cavity and pharynx ",8262,"UK, Scotland",2,1,2016,1.615602933,4.284895886,0.1908414977,119
1,"Lip,  oral cavity and pharynx ",8262,"UK, Scotland",2,1,2017,1.716361202,4.022266116,0.1895595384,112
1,"Lip,  oral cavity and pharynx ",8262,"UK, Scotland",2,1,2018,1.696587886,3.871871179,0.2143652848,108
1,"Lip,  oral cavity and pharynx ",8262,"UK, Scotland",2,1,2019,1.789481194,4.678075218,0.2081567002,131
1,"Lip,  oral cavity and pharynx ",8262,"UK, Scotland",2,1,2020,1.455933439,4.106707253,0.1560569272,115
1,"Lip,  oral cavity and pharynx ",8263,"UK, Northern Ireland",1,0,2007,9.972024142,14.38087992,1.116462714,124
1,"Lip,  oral cavity and pharynx ",8263,"UK, Northern Ireland",1,0,2008,8.07506708,11.59589345,0.987538258,101
1,"Lip,  oral cavity and pharynx ",8263,"UK, Northern Ireland",1,0,2009,10.40508242,14.56926204,1.199460105,128
1,"Lip,  oral cavity and pharynx ",8263,"UK, Northern Ireland",1,0,2010,8.503648173,13.11423516,0.9883049687,116
1,"Lip,  oral cavity and pharynx ",8263,"UK, Northern Ireland",1,0,2011,9.830402994,15.06765828,1.017468037,134
1,"Lip,  oral cavity and pharynx ",8263,"UK, Northern Ireland",1,0,2012,10.98117442,16.32109177,1.246447227,146
1,"Lip,  oral cavity and pharynx ",8263,"UK, Northern Ireland",1,0,2013,10.88257218,16.71970529,1.244467097,150
1,"Lip,  oral cavity and pharynx ",8263,"UK, Northern Ireland",1,0,2014,10.47480775,16.50583631,1.258077913,149
1,"Lip,  oral cavity and pharynx ",8263,"UK, Northern Ireland",1,0,2015,12.6367295,19.90916581,1.594279437,181
1,"Lip,  oral cavity and pharynx ",8263,"UK, Northern Ireland",1,0,2016,8.678863914,14.09507951,1.077377187,129
1,"Lip,  oral cavity and pharynx ",8263,"UK, Northern Ireland",1,0,2017,10.46055346,16.73461936,1.215547073,154
1,"Lip,  oral cavity and pharynx ",8263,"UK, Northern Ireland",1,1,2007,3.883226386,5.568445476,0.4664584838,48
1,"Lip,  oral cavity and pharynx ",8263,"UK, Northern Ireland",1,1,2008,2.612803845,4.133816224,0.3425842997,36
1,"Lip,  oral cavity and pharynx ",8263,"UK, Northern Ireland",1,1,2009,2.953379523,4.325018296,0.3910441081,38
1,"Lip,  oral cavity and pharynx ",8263,"UK, Northern Ireland",1,1,2010,2.968583697,4.749014579,0.3444188526,42
1,"Lip,  oral cavity and pharynx ",8263,"UK, Northern Ireland",1,1,2011,3.124889726,4.947589287,0.352524705,44
1,"Lip,  oral cavity and pharynx ",8263,"UK, Northern Ireland",1,1,2012,2.884451059,5.030473491,0.3711475574,45
1,"Lip,  oral cavity and pharynx ",8263,"UK, Northern Ireland",1,1,2013,4.739628281,7.691064432,0.5189960716,69
1,"Lip,  oral cavity and pharynx ",8263,"UK, Northern Ireland",1,1,2014,4.144297717,7.311310043,0.459783252,66
1,"Lip,  oral cavity and pharynx ",8263,"UK, Northern Ireland",1,1,2015,5.306873722,9.23961286,0.690349461,84
1,"Lip,  oral cavity and pharynx ",8263,"UK, Northern Ireland",1,1,2016,3.777546548,6.446586751,0.4898706459,59
1,"Lip,  oral cavity and pharynx ",8263,"UK, Northern Ireland",1,1,2017,3.477149268,6.085316132,0.4465597222,56
1,"Lip,  oral cavity and pharynx ",8263,"UK, Northern Ireland",1,1,2018,3.893206707,7.386354513,0.4454848665,69
1,"Lip,  oral cavity and pharynx ",8263,"UK, Northern Ireland",1,1,2019,4.602263294,8.362665203,0.5781780562,78
1,"Lip,  oral cavity and pharynx ",8263,"UK, Northern Ireland",1,1,2020,3.881873508,7.814548977,0.467474044,73
1,"Lip,  oral cavity and pharynx ",8263,"UK, Northern Ireland",1,1,2021,4.14149621,7.899113378,0.5174418441,74
1,"Lip,  oral cavity and pharynx ",8263,"UK, Northern Ireland",1,1,2022,3.39199506,6.808894544,0.4331040729,64
1,"Lip,  oral cavity and pharynx ",8263,"UK, Northern Ireland",2,0,2007,4.30229225,6.448550021,0.5027567721,58
1,"Lip,  oral cavity and pharynx ",8263,"UK, Northern Ireland",2,0,2008,3.701204917,5.94612808,0.4046274023,54
1,"Lip,  oral cavity and pharynx ",8263,"UK, Northern Ireland",2,0,2009,4.494181515,7.105603479,0.479343063,65
1,"Lip,  oral cavity and pharynx ",8263,"UK, Northern Ireland",2,0,2010,4.962810281,7.932213261,0.5602182817,73
1,"Lip,  oral cavity and pharynx ",8263,"UK, Northern Ireland",2,0,2011,4.840438543,8.324360322,0.6018575016,77
1,"Lip,  oral cavity and pharynx ",8263,"UK, Northern Ireland",2,0,2012,4.740966991,7.74955171,0.5511482883,72
1,"Lip,  oral cavity and pharynx ",8263,"UK, Northern Ireland",2,0,2013,4.555188286,6.969911429,0.5193927928,65
1,"Lip,  oral cavity and pharynx ",8263,"UK, Northern Ireland",2,0,2014,3.847093293,7.037845481,0.4930778158,66
1,"Lip,  oral cavity and pharynx ",8263,"UK, Northern Ireland",2,0,2015,4.186542051,7.427118745,0.4852523783,70
1,"Lip,  oral cavity and pharynx ",8263,"UK, Northern Ireland",2,0,2016,4.572302638,7.497961822,0.5162672413,71
1,"Lip,  oral cavity and pharynx ",8263,"UK, Northern Ireland",2,0,2017,5.058049831,8.731456175,0.5624945729,83
1,"Lip,  oral cavity and pharynx ",8263,"UK, Northern Ireland",2,1,2007,0.7130809302,1.226107621,0.09637749837,11
1,"Lip,  oral cavity and pharynx ",8263,"UK, Northern Ireland",2,1,2008,0.8272071582,1.548437903,0.110280619,14
1,"Lip,  oral cavity and pharynx ",8263,"UK, Northern Ireland",2,1,2009,1.458759903,2.526675653,0.2024761136,23
1,"Lip,  oral cavity and pharynx ",8263,"UK, Northern Ireland",2,1,2010,1.990143468,3.825144973,0.1659691902,35
1,"Lip,  oral cavity and pharynx ",8263,"UK, Northern Ireland",2,1,2011,1.384213821,3.027040117,0.1747942318,28
1,"Lip,  oral cavity and pharynx ",8263,"UK, Northern Ireland",2,1,2012,0.9288971577,1.61448994,0.1187386728,15
1,"Lip,  oral cavity and pharynx ",8263,"UK, Northern Ireland",2,1,2013,1.341064326,2.359046945,0.1599483402,22
1,"Lip,  oral cavity and pharynx ",8263,"UK, Northern Ireland",2,1,2014,1.277647822,2.559216539,0.1339830735,24
1,"Lip,  oral cavity and pharynx ",8263,"UK, Northern Ireland",2,1,2015,1.504295818,2.864745802,0.1692664807,27
1,"Lip,  oral cavity and pharynx ",8263,"UK, Northern Ireland",2,1,2016,1.494073902,3.273757978,0.1878568282,31
1,"Lip,  oral cavity and pharynx ",8263,"UK, Northern Ireland",2,1,2017,1.87341571,3.997534153,0.2225045977,38
1,"Lip,  oral cavity and pharynx ",8263,"UK, Northern Ireland",2,1,2018,1.743509235,3.640694645,0.2390557535,35
1,"Lip,  oral cavity and pharynx ",8263,"UK, Northern Ireland",2,1,2019,1.333827136,2.601592174,0.1421888326,25
1,"Lip,  oral cavity and pharynx ",8263,"UK, Northern Ireland",2,1,2020,1.532858483,3.640694645,0.1782217163,35
1,"Lip,  oral cavity and pharynx ",8263,"UK, Northern Ireland",2,1,2021,1.478355747,3.409971584,0.2036258561,33
1,"Lip,  oral cavity and pharynx ",8263,"UK, Northern Ireland",2,1,2022,1.429106714,3.090884364,0.1664198768,30
1,"Lip,  oral cavity and pharynx ",8265,"UK, England and wales",1,1,2007,2.768029929,4.648360382,0.3250795477,1235
1,"Lip,  oral cavity and pharynx ",8265,"UK, England and wales",1,1,2008,2.600525044,4.253131765,0.3158902398,1139
1,"Lip,  oral cavity and pharynx ",8265,"UK, England and wales",1,1,2009,2.737000214,4.644161424,0.3332282914,1253
1,"Lip,  oral cavity and pharynx ",8265,"UK, England and wales",1,1,2010,2.78888433,4.814800056,0.3318670274,1311
1,"Lip,  oral cavity and pharynx ",8265,"UK, England and wales",1,1,2011,2.760140591,4.738460612,0.3370901703,1303
1,"Lip,  oral cavity and pharynx ",8265,"UK, England and wales",1,1,2012,2.849750974,5.056856595,0.3477463392,1408
1,"Lip,  oral cavity and pharynx ",8265,"UK, England and wales",1,1,2013,2.945483753,5.255052587,0.3647183341,1474
1,"Lip,  oral cavity and pharynx ",8265,"UK, England and wales",1,1,2014,3.096693511,5.584121952,0.3880228922,1580
1,"Lip,  oral cavity and pharynx ",8265,"UK, England and wales",1,1,2015,3.126279298,5.73983114,0.3795490053,1639
1,"Lip,  oral cavity and pharynx ",8265,"UK, England and wales",1,1,2016,3.253184881,6.04127809,0.396629748,1742
1,"Lip,  oral cavity and pharynx ",8265,"UK, England and wales",1,1,2017,3.299244232,6.18167658,0.4006829679,1794
1,"Lip,  oral cavity and pharynx ",8265,"UK, England and wales",1,1,2018,3.252124135,6.061902395,0.3956666944,1771
1,"Lip,  oral cavity and pharynx ",8265,"UK, England and wales",1,1,2019,3.36379266,6.456221965,0.4051138544,1897
1,"Lip,  oral cavity and pharynx ",8265,"UK, England and wales",1,1,2020,3.286553831,6.488112809,0.4061882697,1917
1,"Lip,  oral cavity and pharynx ",8265,"UK, England and wales",1,1,2021,3.565586151,7.125894071,0.4413928681,2081
1,"Lip,  oral cavity and pharynx ",8265,"UK, England and wales",1,1,2022,3.617137756,7.387830729,0.4567551009,2181
1,"Lip,  oral cavity and pharynx ",8265,"UK, England and wales",1,1,2023,3.655152769,7.544579044,0.4527831113,2251
1,"Lip,  oral cavity and pharynx ",8265,"UK, England and wales",2,1,2007,0.9706444723,2.097914887,0.1066733831,577
1,"Lip,  oral cavity and pharynx ",8265,"UK, England and wales",2,1,2008,1.120233309,2.436785658,0.1211198053,674
1,"Lip,  oral cavity and pharynx ",8265,"UK, England and wales",2,1,2009,1.09814996,2.403971663,0.1267442012,669
1,"Lip,  oral cavity and pharynx ",8265,"UK, England and wales",2,1,2010,1.067141254,2.366848696,0.1191954389,663
1,"Lip,  oral cavity and pharynx ",8265,"UK, England and wales",2,1,2011,1.143661758,2.5134391,0.1261282609,709
1,"Lip,  oral cavity and pharynx ",8265,"UK, England and wales",2,1,2012,1.069519401,2.339473476,0.1168836257,672
1,"Lip,  oral cavity and pharynx ",8265,"UK, England and wales",2,1,2013,1.201910088,2.622925134,0.1382001807,758
1,"Lip,  oral cavity and pharynx ",8265,"UK, England and wales",2,1,2014,1.164850336,2.631023692,0.1305851787,766
1,"Lip,  oral cavity and pharynx ",8265,"UK, England and wales",2,1,2015,1.163310564,2.655932381,0.1298978296,779
1,"Lip,  oral cavity and pharynx ",8265,"UK, England and wales",2,1,2016,1.253884358,2.842999515,0.142003374,840
1,"Lip,  oral cavity and pharynx ",8265,"UK, England and wales",2,1,2017,1.17960112,2.741952772,0.1347516649,815
1,"Lip,  oral cavity and pharynx ",8265,"UK, England and wales",2,1,2018,1.21854774,2.775867929,0.1399090058,830
1,"Lip,  oral cavity and pharynx ",8265,"UK, England and wales",2,1,2019,1.18779516,2.821275116,0.1348354662,848
1,"Lip,  oral cavity and pharynx ",8265,"UK, England and wales",2,1,2020,1.262351957,3.072244271,0.1450031096,927
1,"Lip,  oral cavity and pharynx ",8265,"UK, England and wales",2,1,2021,1.221229901,2.863036754,0.1383139001,872
1,"Lip,  oral cavity and pharynx ",8265,"UK, England and wales",2,1,2022,1.352590784,3.358970764,0.1564296115,1032
1,"Lip,  oral cavity and pharynx ",8265,"UK, England and wales",2,1,2023,1.387841816,3.465647455,0.1565425813,1075
1,"Lip,  oral cavity and pharynx ",84,Belize,1,1,2007,0,0,0,0
1,"Lip,  oral cavity and pharynx ",84,Belize,1,1,2008,0,0,0,0
1,"Lip,  oral cavity and pharynx ",84,Belize,1,1,2009,2.257114424,1.277742995,0.3366133176,2
1,"Lip,  oral cavity and pharynx ",84,Belize,1,1,2010,1.783723523,1.247154928,0.2227170571,2
1,"Lip,  oral cavity and pharynx ",84,Belize,1,1,2011,1.263689975,0.6094848025,0.210393358,1
1,"Lip,  oral cavity and pharynx ",84,Belize,1,1,2012,1.112656467,0.5959546598,0.1389853841,1
1,"Lip,  oral cavity and pharynx ",84,Belize,1,1,2013,4.886304479,2.914432269,0.5381053666,5
1,"Lip,  oral cavity and pharynx ",84,Belize,1,1,2014,1.070663812,0.5702814909,0,1
1,"Lip,  oral cavity and pharynx ",84,Belize,1,1,2015,3.110412893,2.232117945,0.3880467568,4
1,"Lip,  oral cavity and pharynx ",84,Belize,1,1,2016,0,0,0,0
1,"Lip,  oral cavity and pharynx ",84,Belize,2,1,2007,0,0,0,0
1,"Lip,  oral cavity and pharynx ",84,Belize,2,1,2008,0,0,0,0
1,"Lip,  oral cavity and pharynx ",84,Belize,2,1,2009,0,0,0,0
1,"Lip,  oral cavity and pharynx ",84,Belize,2,1,2010,0.8025682183,0.6254651897,0,1
1,"Lip,  oral cavity and pharynx ",84,Belize,2,1,2011,0.9220839096,0.6126474949,0.1151940893,1
1,"Lip,  oral cavity and pharynx ",84,Belize,2,1,2012,0,0,0,0
1,"Lip,  oral cavity and pharynx ",84,Belize,2,1,2013,0,0,0,0
1,"Lip,  oral cavity and pharynx ",84,Belize,2,1,2014,0.772797527,0.5761364291,0.0965530484,1
1,"Lip,  oral cavity and pharynx ",84,Belize,2,1,2015,0,0,0,0
1,"Lip,  oral cavity and pharynx ",84,Belize,2,1,2016,0,0,0,0
1,"Lip,  oral cavity and pharynx ",840,USA,1,0,2007,11.35023184,15.35947877,1.360047239,2133
1,"Lip,  oral cavity and pharynx ",840,USA,1,0,2008,11.46078929,15.87208256,1.362890373,2227
1,"Lip,  oral cavity and pharynx ",840,USA,1,0,2009,11.64180442,16.29393727,1.398506007,2309
1,"Lip,  oral cavity and pharynx ",840,USA,1,0,2010,11.62156773,16.54660115,1.383074956,2364
1,"Lip,  oral cavity and pharynx ",840,USA,1,0,2011,11.74178501,17.05498961,1.419013948,2459
1,"Lip,  oral cavity and pharynx ",840,USA,1,0,2012,11.31287391,16.73625104,1.335743856,2436
1,"Lip,  oral cavity and pharynx ",840,USA,1,0,2013,12.06403214,18.07161003,1.42899809,2653
1,"Lip,  oral cavity and pharynx ",840,USA,1,0,2014,12.14886169,18.42726501,1.46219423,2729
1,"Lip,  oral cavity and pharynx ",840,USA,1,0,2015,12.07221057,18.59961062,1.463397337,2779
1,"Lip,  oral cavity and pharynx ",840,USA,1,0,2016,12.15208072,18.85353034,1.474504885,2844
1,"Lip,  oral cavity and pharynx ",840,USA,1,0,2017,12.11761889,18.86659645,1.450444271,2868
1,"Lip,  oral cavity and pharynx ",840,USA,1,1,2007,2.529811689,3.663126982,0.3012864244,5510
1,"Lip,  oral cavity and pharynx ",840,USA,1,1,2008,2.456364158,3.609846335,0.2932102939,5488
1,"Lip,  oral cavity and pharynx ",840,USA,1,1,2009,2.36700275,3.562525872,0.282909334,5472
1,"Lip,  oral cavity and pharynx ",840,USA,1,1,2010,2.456698998,3.748457709,0.2907936947,5816
1,"Lip,  oral cavity and pharynx ",840,USA,1,1,2011,2.510785296,3.905307886,0.2979495664,6123
1,"Lip,  oral cavity and pharynx ",840,USA,1,1,2012,2.513495269,3.952270406,0.2993988305,6263
1,"Lip,  oral cavity and pharynx ",840,USA,1,1,2013,2.437154222,3.888687686,0.2921116226,6227
1,"Lip,  oral cavity and pharynx ",840,USA,1,1,2014,2.550913197,4.183090367,0.3003753388,6768
1,"Lip,  oral cavity and pharynx ",840,USA,1,1,2015,2.531426386,4.210322751,0.2997288504,6882
1,"Lip,  oral cavity and pharynx ",840,USA,1,1,2016,2.563458901,4.329758213,0.3045521477,7150
1,"Lip,  oral cavity and pharynx ",840,USA,1,1,2017,2.523212111,4.337580477,0.3013813766,7235
1,"Lip,  oral cavity and pharynx ",840,USA,1,1,2018,2.461044329,4.289056028,0.2959564396,7221
1,"Lip,  oral cavity and pharynx ",840,USA,1,1,2019,2.429817952,4.342135285,0.2907125056,7375
1,"Lip,  oral cavity and pharynx ",840,USA,1,1,2020,2.447989856,4.45726402,0.2947317394,7609
1,"Lip,  oral cavity and pharynx ",840,USA,1,1,2021,2.568453514,4.759209519,0.3071108242,8140
1,"Lip,  oral cavity and pharynx ",840,USA,1,1,2022,2.607227997,4.912835828,0.312044039,8434
1,"Lip,  oral cavity and pharynx ",840,USA,2,0,2007,4.175364183,6.708229769,0.4739318088,961
1,"Lip,  oral cavity and pharynx ",840,USA,2,0,2008,4.342997066,6.850706176,0.5110278637,991
1,"Lip,  oral cavity and pharynx ",840,USA,2,0,2009,4.280005879,6.873798027,0.4897309812,1004
1,"Lip,  oral cavity and pharynx ",840,USA,2,0,2010,4.188469038,6.810489539,0.4716426066,1003
1,"Lip,  oral cavity and pharynx ",840,USA,2,0,2011,4.384603123,7.066687387,0.4886079579,1050
1,"Lip,  oral cavity and pharynx ",840,USA,2,0,2012,4.393341641,7.43772407,0.4884302456,1115
1,"Lip,  oral cavity and pharynx ",840,USA,2,0,2013,4.359769152,7.200884014,0.4975769259,1088
1,"Lip,  oral cavity and pharynx ",840,USA,2,0,2014,4.079847146,7.051944928,0.4767233749,1074
1,"Lip,  oral cavity and pharynx ",840,USA,2,0,2015,4.469684053,7.737249267,0.5062516436,1188
1,"Lip,  oral cavity and pharynx ",840,USA,2,0,2016,4.43092055,7.768092164,0.5116615128,1203
1,"Lip,  oral cavity and pharynx ",840,USA,2,0,2017,4.528163637,7.694670351,0.5171503062,1200
1,"Lip,  oral cavity and pharynx ",840,USA,2,1,2007,0.8756393715,1.688610352,0.09730216608,2557
1,"Lip,  oral cavity and pharynx ",840,USA,2,1,2008,0.8498064597,1.654878945,0.09440908512,2531
1,"Lip,  oral cavity and pharynx ",840,USA,2,1,2009,0.7957013686,1.586535096,0.08881501328,2450
1,"Lip,  oral cavity and pharynx ",840,USA,2,1,2010,0.8509697896,1.705518756,0.0931052056,2659
1,"Lip,  oral cavity and pharynx ",840,USA,2,1,2011,0.7876196899,1.610745449,0.08462995281,2534
1,"Lip,  oral cavity and pharynx ",840,USA,2,1,2012,0.8286409474,1.677282559,0.08950828542,2661
1,"Lip,  oral cavity and pharynx ",840,USA,2,1,2013,0.7971913559,1.639583873,0.08629190747,2623
1,"Lip,  oral cavity and pharynx ",840,USA,2,1,2014,0.7826853618,1.634008001,0.08572858684,2636
1,"Lip,  oral cavity and pharynx ",840,USA,2,1,2015,0.83495295,1.765525718,0.09207073188,2872
1,"Lip,  oral cavity and pharynx ",840,USA,2,1,2016,0.8666978265,1.840978648,0.09497512373,3020
1,"Lip,  oral cavity and pharynx ",840,USA,2,1,2017,0.8169119336,1.747814158,0.08962545032,2891
1,"Lip,  oral cavity and pharynx ",840,USA,2,1,2018,0.8139837088,1.761871163,0.08868409394,2937
1,"Lip,  oral cavity and pharynx ",840,USA,2,1,2019,0.8386853377,1.855989549,0.09176225921,3117
1,"Lip,  oral cavity and pharynx ",840,USA,2,1,2020,0.8787974005,1.911975,0.09732646742,3226
1,"Lip,  oral cavity and pharynx ",840,USA,2,1,2021,0.84671033,1.923433579,0.09418681983,3253
1,"Lip,  oral cavity and pharynx ",840,USA,2,1,2022,0.8929153588,2.031068842,0.0982682999,3450
1,"Lip,  oral cavity and pharynx ",858,Uruguay,1,1,2007,5.283458304,6.890154033,0.6221572049,110
1,"Lip,  oral cavity and pharynx ",858,Uruguay,1,1,2008,5.148046487,6.752139584,0.6413147307,108
1,"Lip,  oral cavity and pharynx ",858,Uruguay,1,1,2009,4.244412388,5.863716012,0.5158876632,94
1,"Lip,  oral cavity and pharynx ",858,Uruguay,1,1,2010,3.840235325,5.164819984,0.4702166433,83
1,"Lip,  oral cavity and pharynx ",858,Uruguay,1,1,2011,3.845631344,5.213725505,0.4900765444,84
1,"Lip,  oral cavity and pharynx ",858,Uruguay,1,1,2012,4.107210006,5.571930841,0.5319251562,90
1,"Lip,  oral cavity and pharynx ",858,Uruguay,1,1,2013,4.200194732,6.048288797,0.4857164222,98
1,"Lip,  oral cavity and pharynx ",858,Uruguay,1,1,2014,4.418534848,5.96572109,0.5828555412,97
1,"Lip,  oral cavity and pharynx ",858,Uruguay,1,1,2015,4.492348595,6.372361597,0.5607215004,104
1,"Lip,  oral cavity and pharynx ",858,Uruguay,1,1,2016,4.532853789,6.410123355,0.5640672223,105
1,"Lip,  oral cavity and pharynx ",858,Uruguay,1,1,2017,3.307254248,4.929985082,0.4224462505,81
1,"Lip,  oral cavity and pharynx ",858,Uruguay,1,1,2018,3.782650694,5.649487567,0.4634059432,93
1,"Lip,  oral cavity and pharynx ",858,Uruguay,1,1,2019,3.547369913,5.584330369,0.3776695235,92
1,"Lip,  oral cavity and pharynx ",858,Uruguay,1,1,2020,4.186526008,6.36941516,0.552417128,105
1,"Lip,  oral cavity and pharynx ",858,Uruguay,1,1,2021,4.011676268,6.373563672,0.5095878452,105
1,"Lip,  oral cavity and pharynx ",858,Uruguay,1,1,2022,3.702424833,5.594704977,0.4480272064,92
1,"Lip,  oral cavity and pharynx ",858,Uruguay,2,1,2007,0.8349255425,1.942695201,0.081626864,33
1,"Lip,  oral cavity and pharynx ",858,Uruguay,2,1,2008,0.9910715316,1.82065385,0.09667756568,31
1,"Lip,  oral cavity and pharynx ",858,Uruguay,2,1,2009,1.029117571,2.108944561,0.1154808968,36
1,"Lip,  oral cavity and pharynx ",858,Uruguay,2,1,2010,0.8945137078,1.752793076,0.1003417512,30
1,"Lip,  oral cavity and pharynx ",858,Uruguay,2,1,2011,0.6763926397,1.456997024,0.07710340815,25
1,"Lip,  oral cavity and pharynx ",858,Uruguay,2,1,2012,0.6317898241,1.337081813,0.06870451791,23
1,"Lip,  oral cavity and pharynx ",858,Uruguay,2,1,2013,0.7244773305,1.79705457,0.06776023542,31
1,"Lip,  oral cavity and pharynx ",858,Uruguay,2,1,2014,0.9934984429,1.907096653,0.108003705,33
1,"Lip,  oral cavity and pharynx ",858,Uruguay,2,1,2015,0.943211939,2.073770945,0.1178397568,36
1,"Lip,  oral cavity and pharynx ",858,Uruguay,2,1,2016,1.028743494,2.297201606,0.103247156,40
1,"Lip,  oral cavity and pharynx ",858,Uruguay,2,1,2017,0.6102087958,1.661481698,0.05247214516,29
1,"Lip,  oral cavity and pharynx ",858,Uruguay,2,1,2018,0.9435112507,2.001866884,0.119175717,35
1,"Lip,  oral cavity and pharynx ",858,Uruguay,2,1,2019,0.9973528012,2.343207955,0.1217311574,41
1,"Lip,  oral cavity and pharynx ",858,Uruguay,2,1,2020,0.7941822302,1.713829346,0.1038820875,30
1,"Lip,  oral cavity and pharynx ",858,Uruguay,2,1,2021,1.06818724,2.05801075,0.1304698553,36
1,"Lip,  oral cavity and pharynx ",858,Uruguay,2,1,2022,1.057898268,2.233033668,0.1216926279,39
1,"Lip,  oral cavity and pharynx ",860,Uzbekistan,1,1,2007,2.566174742,1.602184311,0.3221999101,216
1,"Lip,  oral cavity and pharynx ",860,Uzbekistan,1,1,2008,2.560196342,1.614587336,0.3175139798,221
1,"Lip,  oral cavity and pharynx ",860,Uzbekistan,1,1,2009,2.635568053,1.691398877,0.3184411395,235
1,"Lip,  oral cavity and pharynx ",860,Uzbekistan,1,1,2010,2.307912242,1.511365574,0.3033829021,216
1,"Lip,  oral cavity and pharynx ",860,Uzbekistan,1,1,2011,2.598693475,1.737007288,0.3156594953,255
1,"Lip,  oral cavity and pharynx ",860,Uzbekistan,1,1,2012,3.129080818,2.073045955,0.3963043431,309
1,"Lip,  oral cavity and pharynx ",860,Uzbekistan,1,1,2013,2.630640885,1.808805795,0.3239136,274
1,"Lip,  oral cavity and pharynx ",860,Uzbekistan,1,1,2014,3.047139359,2.121331605,0.361289241,327
1,"Lip,  oral cavity and pharynx ",860,Uzbekistan,1,1,2015,3.272586398,2.331868461,0.419754357,366
1,"Lip,  oral cavity and pharynx ",860,Uzbekistan,1,1,2016,3.36610483,2.415529225,0.4121352482,386
1,"Lip,  oral cavity and pharynx ",860,Uzbekistan,1,1,2017,2.94005396,2.238701828,0.3354949283,364
1,"Lip,  oral cavity and pharynx ",860,Uzbekistan,1,1,2018,3.146926617,2.386096656,0.3705444234,395
1,"Lip,  oral cavity and pharynx ",860,Uzbekistan,1,1,2019,2.95965647,2.358108662,0.3579786772,398
1,"Lip,  oral cavity and pharynx ",860,Uzbekistan,2,1,2007,1.216826076,0.934328497,0.1407420898,126
1,"Lip,  oral cavity and pharynx ",860,Uzbekistan,2,1,2008,1.098865971,0.8699083497,0.124528741,119
1,"Lip,  oral cavity and pharynx ",860,Uzbekistan,2,1,2009,1.098341616,0.9009929158,0.1197984043,125
1,"Lip,  oral cavity and pharynx ",860,Uzbekistan,2,1,2010,0.9038050416,0.7638030778,0.09104248721,109
1,"Lip,  oral cavity and pharynx ",860,Uzbekistan,2,1,2011,1.145522361,0.9550482658,0.1217099259,140
1,"Lip,  oral cavity and pharynx ",860,Uzbekistan,2,1,2012,1.576878802,1.257663255,0.186947463,187
1,"Lip,  oral cavity and pharynx ",860,Uzbekistan,2,1,2013,1.642703908,1.358060546,0.182099869,205
1,"Lip,  oral cavity and pharynx ",860,Uzbekistan,2,1,2014,1.498226892,1.277470254,0.1734060301,196
1,"Lip,  oral cavity and pharynx ",860,Uzbekistan,2,1,2015,1.632420507,1.390726011,0.1884722151,217
1,"Lip,  oral cavity and pharynx ",860,Uzbekistan,2,1,2016,1.801222988,1.588105543,0.2011650753,252
1,"Lip,  oral cavity and pharynx ",860,Uzbekistan,2,1,2017,1.434582964,1.283391586,0.1595771055,207
1,"Lip,  oral cavity and pharynx ",860,Uzbekistan,2,1,2018,1.551241191,1.383988871,0.1835026882,227
1,"Lip,  oral cavity and pharynx ",860,Uzbekistan,2,1,2019,1.58237333,1.460862914,0.1775564267,244
1,"Lip,  oral cavity and pharynx ",862,Venezuela,1,1,2007,2.570430938,1.854119876,0.2918356208,256
1,"Lip,  oral cavity and pharynx ",862,Venezuela,1,1,2008,2.212750072,1.692829211,0.2584339715,237
1,"Lip,  oral cavity and pharynx ",862,Venezuela,1,1,2009,2.483247009,1.903746707,0.2773517739,270
1,"Lip,  oral cavity and pharynx ",862,Venezuela,1,1,2010,2.397778328,1.852212391,0.2648818596,266
1,"Lip,  oral cavity and pharynx ",862,Venezuela,1,1,2011,2.616743663,2.097908351,0.2779398162,305
1,"Lip,  oral cavity and pharynx ",862,Venezuela,1,1,2012,2.790927188,2.263317329,0.333477477,333
1,"Lip,  oral cavity and pharynx ",862,Venezuela,1,1,2013,2.37158551,2.049318427,0.2591622853,305
1,"Lip,  oral cavity and pharynx ",862,Venezuela,1,1,2014,2.806403542,2.379574583,0.310619149,358
1,"Lip,  oral cavity and pharynx ",862,Venezuela,1,1,2015,2.474584887,2.178309434,0.2671987971,331
1,"Lip,  oral cavity and pharynx ",862,Venezuela,1,1,2016,2.458847129,2.166162887,0.2802620388,331
1,"Lip,  oral cavity and pharynx ",862,Venezuela,2,1,2007,0.901450267,0.8163398586,0.09508666054,113
1,"Lip,  oral cavity and pharynx ",862,Venezuela,2,1,2008,1.013879948,0.9321547198,0.08599357873,131
1,"Lip,  oral cavity and pharynx ",862,Venezuela,2,1,2009,1.039288172,0.9540016863,0.1108679683,136
1,"Lip,  oral cavity and pharynx ",862,Venezuela,2,1,2010,1.020202743,0.9756505306,0.08707364035,141
1,"Lip,  oral cavity and pharynx ",862,Venezuela,2,1,2011,1.104873423,1.065070336,0.1168643544,156
1,"Lip,  oral cavity and pharynx ",862,Venezuela,2,1,2012,0.7985007527,0.8018377853,0.07842936575,119
1,"Lip,  oral cavity and pharynx ",862,Venezuela,2,1,2013,0.8842599634,0.904905118,0.09053848181,136
1,"Lip,  oral cavity and pharynx ",862,Venezuela,2,1,2014,0.9632815893,1.019108347,0.09132106817,155
1,"Lip,  oral cavity and pharynx ",862,Venezuela,2,1,2015,1.00087483,1.105424964,0.09258173473,170
1,"Lip,  oral cavity and pharynx ",862,Venezuela,2,1,2016,0.870373622,0.9234596596,0.09104281637,143