Cancer id,Cancer label,Population id,Country label,Sex,Type,Year,ASR (World),Crude rate,Cumulative risk,Total
26,Non-Hodgkin lymphoma,112,Belarus,1,0,1983,2.752729818,2.679890388,0.2859118886,122
26,Non-Hodgkin lymphoma,112,Belarus,1,0,1984,2.203550842,2.135104163,0.2164919683,98
26,Non-Hodgkin lymphoma,112,Belarus,1,0,1985,2.621221897,2.681298484,0.2807179706,124
26,Non-Hodgkin lymphoma,112,Belarus,1,0,1986,3.260051006,3.132875776,0.367336058,146
26,Non-Hodgkin lymphoma,112,Belarus,1,0,1987,3.165411971,3.170867854,0.3337535596,149
26,Non-Hodgkin lymphoma,112,Belarus,1,0,1988,2.808618739,2.765900125,0.3081466101,131
26,Non-Hodgkin lymphoma,112,Belarus,1,0,1989,2.809451313,2.907767903,0.2984397678,139
26,Non-Hodgkin lymphoma,112,Belarus,1,0,1990,2.899716214,3.051979815,0.3037282219,146
26,Non-Hodgkin lymphoma,112,Belarus,1,0,1991,3.580531473,3.78039695,0.3711990945,181
26,Non-Hodgkin lymphoma,112,Belarus,1,0,1992,4.192302852,4.436225509,0.4634606138,213
26,Non-Hodgkin lymphoma,112,Belarus,1,0,1993,4.620219353,5.044468854,0.4855222079,244
26,Non-Hodgkin lymphoma,112,Belarus,1,0,1994,3.144436358,3.526615221,0.3313808913,171
26,Non-Hodgkin lymphoma,112,Belarus,1,0,1995,3.787504221,4.22271471,0.390640942,203
26,Non-Hodgkin lymphoma,112,Belarus,1,0,1996,4.361637706,4.904516371,0.4893746779,235
26,Non-Hodgkin lymphoma,112,Belarus,1,0,1997,4.58529351,5.10702247,0.4763660884,244
26,Non-Hodgkin lymphoma,112,Belarus,1,0,1998,4.434960573,5.125284858,0.4868876478,244
26,Non-Hodgkin lymphoma,112,Belarus,1,0,1999,4.261015986,4.760709068,0.4495003604,226
26,Non-Hodgkin lymphoma,112,Belarus,1,0,2000,4.067617557,4.826488791,0.4563989307,227
26,Non-Hodgkin lymphoma,112,Belarus,1,0,2001,4.196050017,4.778445456,0.4421711074,224
26,Non-Hodgkin lymphoma,112,Belarus,1,0,2002,4.004093557,4.714478334,0.4133375434,220
26,Non-Hodgkin lymphoma,112,Belarus,1,0,2003,4.576041912,5.363364716,0.4585887924,248
26,Non-Hodgkin lymphoma,112,Belarus,1,0,2004,4.664539288,5.634559035,0.4865059903,259
26,Non-Hodgkin lymphoma,112,Belarus,1,0,2005,4.642336878,5.865373483,0.5315311991,268
26,Non-Hodgkin lymphoma,112,Belarus,1,0,2006,4.783417377,6.050386741,0.5547740361,275
26,Non-Hodgkin lymphoma,112,Belarus,1,0,2007,4.698780005,5.96260519,0.5041869617,270
26,Non-Hodgkin lymphoma,112,Belarus,1,0,2008,5.407244509,6.835052586,0.5830386437,303
26,Non-Hodgkin lymphoma,112,Belarus,1,0,2009,5.677848848,7.327350988,0.5691307125,324
26,Non-Hodgkin lymphoma,112,Belarus,1,0,2010,5.471250531,6.843068278,0.6133156897,302
26,Non-Hodgkin lymphoma,112,Belarus,1,0,2011,5.868532556,7.585345929,0.6339044289,334
26,Non-Hodgkin lymphoma,112,Belarus,1,0,2012,5.400354043,6.844160067,0.5696815932,301
26,Non-Hodgkin lymphoma,112,Belarus,1,0,2013,6.414129859,8.312536725,0.7010325355,363
26,Non-Hodgkin lymphoma,112,Belarus,1,0,2014,5.972617215,7.898480035,0.6694739964,345
26,Non-Hodgkin lymphoma,112,Belarus,1,0,2015,6.398725567,8.80356167,0.7015857036,385
26,Non-Hodgkin lymphoma,112,Belarus,1,0,2016,6.714643304,9.092369104,0.7850960963,398
26,Non-Hodgkin lymphoma,112,Belarus,1,0,2017,6.284692457,8.828456907,0.7393676885,386
26,Non-Hodgkin lymphoma,112,Belarus,2,0,1983,1.310929926,1.530605119,0.1222556027,80
26,Non-Hodgkin lymphoma,112,Belarus,2,0,1984,1.347455809,1.824999297,0.1565396352,96
26,Non-Hodgkin lymphoma,112,Belarus,2,0,1985,1.573270223,1.909431324,0.1618209151,101
26,Non-Hodgkin lymphoma,112,Belarus,2,0,1986,1.658800393,2.029998491,0.1671420609,108
26,Non-Hodgkin lymphoma,112,Belarus,2,0,1987,1.406222102,1.88755869,0.1446520148,101
26,Non-Hodgkin lymphoma,112,Belarus,2,0,1988,1.709829858,2.138021761,0.1734431044,115
26,Non-Hodgkin lymphoma,112,Belarus,2,0,1989,1.785837568,2.383346725,0.2007328013,129
26,Non-Hodgkin lymphoma,112,Belarus,2,0,1990,1.823137448,2.560997809,0.1954983369,139
26,Non-Hodgkin lymphoma,112,Belarus,2,0,1991,1.894916698,2.599272388,0.2028844623,141
26,Non-Hodgkin lymphoma,112,Belarus,2,0,1992,2.686702114,3.737476003,0.2953034508,203
26,Non-Hodgkin lymphoma,112,Belarus,2,0,1993,2.641753399,3.515952904,0.2875319628,192
26,Non-Hodgkin lymphoma,112,Belarus,2,0,1994,2.493477768,3.491413317,0.2705325782,191
26,Non-Hodgkin lymphoma,112,Belarus,2,0,1995,2.321929006,3.151246537,0.2375339079,173
26,Non-Hodgkin lymphoma,112,Belarus,2,0,1996,2.524930445,3.362028736,0.2813430575,184
26,Non-Hodgkin lymphoma,112,Belarus,2,0,1997,2.352017676,3.499199032,0.2526631245,191
26,Non-Hodgkin lymphoma,112,Belarus,2,0,1998,2.905968595,4.390859223,0.3333831099,239
26,Non-Hodgkin lymphoma,112,Belarus,2,0,1999,2.952902341,4.455139233,0.3382328544,242
26,Non-Hodgkin lymphoma,112,Belarus,2,0,2000,2.641458944,4.02538021,0.2961843613,214
26,Non-Hodgkin lymphoma,112,Belarus,2,0,2001,2.656430314,4.356256546,0.3133802924,231
26,Non-Hodgkin lymphoma,112,Belarus,2,0,2002,2.464444318,3.973912964,0.2697068157,210
26,Non-Hodgkin lymphoma,112,Belarus,2,0,2003,2.948023526,4.666788448,0.3277057775,245
26,Non-Hodgkin lymphoma,112,Belarus,2,0,2004,2.477840885,4.169906474,0.272693897,218
26,Non-Hodgkin lymphoma,112,Belarus,2,0,2005,3.139455136,4.974916051,0.3353575745,259
26,Non-Hodgkin lymphoma,112,Belarus,2,0,2006,2.73359912,4.626651401,0.3125831539,240
26,Non-Hodgkin lymphoma,112,Belarus,2,0,2007,3.215595909,5.489095834,0.3751909497,284
26,Non-Hodgkin lymphoma,112,Belarus,2,0,2008,3.803886975,6.398487602,0.4327996548,326
26,Non-Hodgkin lymphoma,112,Belarus,2,0,2009,3.756660399,6.450374594,0.4244926665,328
26,Non-Hodgkin lymphoma,112,Belarus,2,0,2010,3.97767473,6.755481886,0.4513439637,343
26,Non-Hodgkin lymphoma,112,Belarus,2,0,2011,3.775772649,6.548394509,0.3999250744,332
26,Non-Hodgkin lymphoma,112,Belarus,2,0,2012,4.113778333,7.638281012,0.4708417145,387
26,Non-Hodgkin lymphoma,112,Belarus,2,0,2013,4.175442501,7.30845399,0.468872465,371
26,Non-Hodgkin lymphoma,112,Belarus,2,0,2014,4.090040648,7.321990022,0.4791601115,372
26,Non-Hodgkin lymphoma,112,Belarus,2,0,2015,4.70845486,8.038765324,0.5244648769,409
26,Non-Hodgkin lymphoma,112,Belarus,2,0,2016,4.115462513,7.580396388,0.4721231757,386
26,Non-Hodgkin lymphoma,112,Belarus,2,0,2017,4.775762243,8.669558879,0.5692080593,441
26,Non-Hodgkin lymphoma,124,Canada,1,0,1978,9.894401831,10.62884519,1.051848963,881
26,Non-Hodgkin lymphoma,124,Canada,1,0,1979,9.843970762,10.76521733,1.060921791,897
26,Non-Hodgkin lymphoma,124,Canada,1,0,1980,10.3471995,11.44116161,1.153486532,967
26,Non-Hodgkin lymphoma,124,Canada,1,0,1981,9.984009588,11.14445761,1.099633855,955
26,Non-Hodgkin lymphoma,124,Canada,1,0,1982,10.71100358,12.088926,1.189410337,1047
26,Non-Hodgkin lymphoma,124,Canada,1,0,1983,10.81498934,12.338281,1.190176783,1089
26,Non-Hodgkin lymphoma,124,Canada,1,0,1984,10.79262437,12.25520508,1.189851449,1095
26,Non-Hodgkin lymphoma,124,Canada,1,0,1985,11.35570007,13.13104148,1.260376858,1186
26,Non-Hodgkin lymphoma,124,Canada,1,0,1986,11.55025335,13.32752339,1.271124743,1217
26,Non-Hodgkin lymphoma,124,Canada,1,0,1987,11.87647632,14.05175731,1.305797532,1302
26,Non-Hodgkin lymphoma,124,Canada,1,0,1988,12.63515823,14.99871183,1.431097626,1417
26,Non-Hodgkin lymphoma,124,Canada,1,0,1989,12.33007943,14.68882563,1.331021468,1416
26,Non-Hodgkin lymphoma,124,Canada,1,0,1990,12.78665566,15.47131784,1.395162457,1517
26,Non-Hodgkin lymphoma,124,Canada,1,0,1991,12.87975916,15.7165223,1.456862978,1560
26,Non-Hodgkin lymphoma,124,Canada,1,0,1992,12.8316489,15.81929813,1.410887361,1593
26,Non-Hodgkin lymphoma,124,Canada,1,0,1993,13.53039976,16.83919647,1.466662765,1716
26,Non-Hodgkin lymphoma,124,Canada,1,0,1994,13.50461894,17.17604673,1.446298586,1773
26,Non-Hodgkin lymphoma,124,Canada,1,0,1995,13.27163763,17.08765047,1.44751148,1787
26,Non-Hodgkin lymphoma,124,Canada,1,0,1996,13.54224554,17.47375067,1.494054946,1851
26,Non-Hodgkin lymphoma,124,Canada,1,0,1997,14.01571433,18.12597046,1.529311901,1944
26,Non-Hodgkin lymphoma,124,Canada,1,0,1998,14.07651477,18.53592526,1.572815275,2013
26,Non-Hodgkin lymphoma,124,Canada,1,0,1999,14.03738937,18.78148567,1.535115444,2059
26,Non-Hodgkin lymphoma,124,Canada,1,0,2000,14.06221787,18.78740223,1.53145528,2082
26,Non-Hodgkin lymphoma,124,Canada,1,0,2001,14.00766798,19.21536831,1.538989204,2158
26,Non-Hodgkin lymphoma,124,Canada,1,0,2002,13.86821267,19.26853403,1.562952718,2187
26,Non-Hodgkin lymphoma,124,Canada,1,0,2003,13.92222726,19.49121391,1.528028261,2235
26,Non-Hodgkin lymphoma,124,Canada,1,0,2004,14.23702872,20.36862552,1.582893332,2360
26,Non-Hodgkin lymphoma,124,Canada,1,0,2005,14.54797386,21.40705098,1.613451715,2508
26,Non-Hodgkin lymphoma,124,Canada,1,0,2006,13.93211176,20.51322365,1.555515782,2432
26,Non-Hodgkin lymphoma,124,Canada,1,0,2007,14.94217606,22.52576468,1.668807013,2704
26,Non-Hodgkin lymphoma,124,Canada,1,0,2008,14.29814473,22.07114031,1.566271878,2677
26,Non-Hodgkin lymphoma,124,Canada,1,0,2009,14.25649298,22.11297824,1.56732302,2712
26,Non-Hodgkin lymphoma,124,Canada,1,0,2010,13.32865154,20.9710811,1.446403964,2603
26,Non-Hodgkin lymphoma,124,Canada,1,0,2011,13.07492439,20.9205922,1.435639417,2623
26,Non-Hodgkin lymphoma,124,Canada,1,0,2012,13.71998316,22.30311301,1.468338855,2832
26,Non-Hodgkin lymphoma,124,Canada,1,0,2013,14.5007188,23.98957607,1.587643642,3087
26,Non-Hodgkin lymphoma,124,Canada,1,0,2014,14.92342248,25.09174288,1.640575686,3271
26,Non-Hodgkin lymphoma,124,Canada,1,0,2015,14.88961723,25.35351577,1.618759018,3334
26,Non-Hodgkin lymphoma,124,Canada,1,0,2016,13.66831915,23.58489858,1.505517919,3143
26,Non-Hodgkin lymphoma,124,Canada,1,0,2017,13.09141185,23.22372048,1.466577562,3136
26,Non-Hodgkin lymphoma,124,Canada,1,1,1956,0.3059663678,0.3052026057,0.03227489484,25
26,Non-Hodgkin lymphoma,124,Canada,1,1,1957,0.447794469,0.4387290825,0.04363935177,37
26,Non-Hodgkin lymphoma,124,Canada,1,1,1958,0.3598256591,0.3577719051,0.04263241274,31
26,Non-Hodgkin lymphoma,124,Canada,1,1,1959,0.3128677105,0.3044297746,0.03419771433,27
26,Non-Hodgkin lymphoma,124,Canada,1,1,1960,0.3758706273,0.3644077234,0.04045247505,33
26,Non-Hodgkin lymphoma,124,Canada,1,1,1961,0.4944045731,0.4875890703,0.05352488405,45
26,Non-Hodgkin lymphoma,124,Canada,1,1,1962,0.545656967,0.5429417703,0.06417992876,51
26,Non-Hodgkin lymphoma,124,Canada,1,1,1963,0.4715613582,0.4603792154,0.0496760344,44
26,Non-Hodgkin lymphoma,124,Canada,1,1,1964,0.5430560713,0.5243856283,0.05552653019,51
26,Non-Hodgkin lymphoma,124,Canada,1,1,1965,0.5635776107,0.5152510263,0.07356363253,51
26,Non-Hodgkin lymphoma,124,Canada,1,1,1966,0.6410162081,0.6352656194,0.07332462919,64
26,Non-Hodgkin lymphoma,124,Canada,1,1,1967,0.6047288439,0.60506308,0.05745574241,62
26,Non-Hodgkin lymphoma,124,Canada,1,1,1968,0.7072888319,0.7112466452,0.07586812168,74
26,Non-Hodgkin lymphoma,124,Canada,1,1,1969,1.020850349,1.071216207,0.09994782229,113
26,Non-Hodgkin lymphoma,124,Canada,1,1,1970,0.9133243829,0.9208240594,0.09680403617,99
26,Non-Hodgkin lymphoma,124,Canada,1,1,1971,1.275093803,1.274236142,0.1429532355,140
26,Non-Hodgkin lymphoma,124,Canada,1,1,1972,1.115908762,1.129827693,0.1232949794,126
26,Non-Hodgkin lymphoma,124,Canada,1,1,1973,1.258621894,1.285001104,0.1354474237,145
26,Non-Hodgkin lymphoma,124,Canada,1,1,1974,1.722533659,1.766942784,0.1959853369,202
26,Non-Hodgkin lymphoma,124,Canada,1,1,1975,1.713177486,1.795374055,0.185506496,208
26,Non-Hodgkin lymphoma,124,Canada,1,1,1976,2.173047955,2.293871258,0.2199913699,269
26,Non-Hodgkin lymphoma,124,Canada,1,1,1977,2.525598657,2.641167335,0.281767038,313
26,Non-Hodgkin lymphoma,124,Canada,1,1,1978,2.466989513,2.641826144,0.2677453016,316
26,Non-Hodgkin lymphoma,124,Canada,1,1,1979,2.627085627,2.814823406,0.3078881541,340
26,Non-Hodgkin lymphoma,124,Canada,1,1,1980,3.036861274,3.331183751,0.3233143492,407
26,Non-Hodgkin lymphoma,124,Canada,1,1,1981,3.102251126,3.461476996,0.3395937245,428
26,Non-Hodgkin lymphoma,124,Canada,1,1,1982,3.161384976,3.583114827,0.3407218381,448
26,Non-Hodgkin lymphoma,124,Canada,1,1,1983,3.413930982,3.887705949,0.3660003023,491
26,Non-Hodgkin lymphoma,124,Canada,1,1,1984,3.495532516,4.125945183,0.4035335092,526
26,Non-Hodgkin lymphoma,124,Canada,1,1,1985,3.779900476,4.382677018,0.4212083981,564
26,Non-Hodgkin lymphoma,124,Canada,1,1,1986,4.16443223,4.997742174,0.4566687993,650
26,Non-Hodgkin lymphoma,124,Canada,1,1,1987,4.006631068,4.830053871,0.4556005148,636
26,Non-Hodgkin lymphoma,124,Canada,1,1,1988,4.581486784,5.578507098,0.5117669009,745
26,Non-Hodgkin lymphoma,124,Canada,1,1,1989,4.679550422,5.794254643,0.5182834433,786
26,Non-Hodgkin lymphoma,124,Canada,1,1,1990,4.894229978,6.14291157,0.5251620485,846
26,Non-Hodgkin lymphoma,124,Canada,1,1,1991,5.074120121,6.385440222,0.557734049,891
26,Non-Hodgkin lymphoma,124,Canada,1,1,1992,5.190696,6.651626246,0.5800139625,939
26,Non-Hodgkin lymphoma,124,Canada,1,1,1993,4.808787127,6.27076666,0.5379683516,895
26,Non-Hodgkin lymphoma,124,Canada,1,1,1994,5.328975786,7.091964056,0.5940146248,1023
26,Non-Hodgkin lymphoma,124,Canada,1,1,1995,5.379543742,7.24541028,0.5923209972,1056
26,Non-Hodgkin lymphoma,124,Canada,1,1,1996,5.445029706,7.367865648,0.5989211951,1085
26,Non-Hodgkin lymphoma,124,Canada,1,1,1997,5.590819178,7.745700061,0.6395728846,1152
26,Non-Hodgkin lymphoma,124,Canada,1,1,1998,5.707113283,8.082987022,0.6484402865,1213
26,Non-Hodgkin lymphoma,124,Canada,1,1,1999,5.94194358,8.533451692,0.6561881031,1292
26,Non-Hodgkin lymphoma,124,Canada,1,1,2000,6.151023032,8.82926988,0.6956845405,1350
26,Non-Hodgkin lymphoma,124,Canada,1,1,2001,6.098519921,9.122518824,0.6613659593,1410
26,Non-Hodgkin lymphoma,124,Canada,1,1,2002,5.76975421,8.668287585,0.6433185873,1354
26,Non-Hodgkin lymphoma,124,Canada,1,1,2003,5.599148973,8.76304458,0.595543942,1382
26,Non-Hodgkin lymphoma,124,Canada,1,1,2004,5.549735722,8.788334595,0.6030750999,1399
26,Non-Hodgkin lymphoma,124,Canada,1,1,2005,5.176790288,8.486022637,0.5628346201,1364
26,Non-Hodgkin lymphoma,124,Canada,1,1,2006,4.960064804,8.224077339,0.5330697357,1335
26,Non-Hodgkin lymphoma,124,Canada,1,1,2007,5.154294302,8.769998822,0.5701744588,1438
26,Non-Hodgkin lymphoma,124,Canada,1,1,2008,4.847451279,8.429599165,0.5081750873,1397
26,Non-Hodgkin lymphoma,124,Canada,1,1,2009,4.77885144,8.544539951,0.5253161274,1432
26,Non-Hodgkin lymphoma,124,Canada,1,1,2010,4.451125038,8.174461542,0.4568867518,1385
26,Non-Hodgkin lymphoma,124,Canada,1,1,2011,4.43363255,8.38029168,0.4569132412,1435
26,Non-Hodgkin lymphoma,124,Canada,1,1,2012,4.316724286,8.398832724,0.4451156236,1454
26,Non-Hodgkin lymphoma,124,Canada,1,1,2013,4.237881149,8.473033884,0.4211879461,1483
26,Non-Hodgkin lymphoma,124,Canada,1,1,2014,4.231050195,8.662026645,0.4098864928,1531
26,Non-Hodgkin lymphoma,124,Canada,1,1,2015,4.282650994,9.070696238,0.426044706,1618
26,Non-Hodgkin lymphoma,124,Canada,1,1,2016,4.068895622,8.678700077,0.3985970703,1565
26,Non-Hodgkin lymphoma,124,Canada,1,1,2017,4.351185434,9.505250611,0.4377156147,1736
26,Non-Hodgkin lymphoma,124,Canada,1,1,2018,3.86914148,8.798305411,0.3925501468,1629
26,Non-Hodgkin lymphoma,124,Canada,1,1,2019,3.855447277,8.941596587,0.3748272458,1678
26,Non-Hodgkin lymphoma,124,Canada,1,1,2020,3.904695302,9.370164389,0.3774866521,1777
26,Non-Hodgkin lymphoma,124,Canada,1,1,2021,3.66262126,9.123085896,0.3457531549,1743
26,Non-Hodgkin lymphoma,124,Canada,1,1,2022,3.790759068,9.526844373,0.3655194626,1837
26,Non-Hodgkin lymphoma,124,Canada,2,0,1978,7.49884261,9.131305645,0.8436308539,758
26,Non-Hodgkin lymphoma,124,Canada,2,0,1979,7.270354026,9.23000063,0.8108143377,773
26,Non-Hodgkin lymphoma,124,Canada,2,0,1980,7.943914957,10.04950232,0.8820022488,855
26,Non-Hodgkin lymphoma,124,Canada,2,0,1981,7.916299377,10.17580291,0.8826180691,879
26,Non-Hodgkin lymphoma,124,Canada,2,0,1982,8.367235876,10.84410986,0.9457487043,948
26,Non-Hodgkin lymphoma,124,Canada,2,0,1983,7.969215597,10.55018958,0.9006852889,939
26,Non-Hodgkin lymphoma,124,Canada,2,0,1984,8.081168483,10.72042949,0.8968812819,967
26,Non-Hodgkin lymphoma,124,Canada,2,0,1985,7.897774553,10.84535844,0.8923671639,990
26,Non-Hodgkin lymphoma,124,Canada,2,0,1986,8.007884223,10.95311472,0.9060882838,1012
26,Non-Hodgkin lymphoma,124,Canada,2,0,1987,8.4274299,11.69248197,0.9136260591,1097
26,Non-Hodgkin lymphoma,124,Canada,2,0,1988,8.725924652,12.38025271,0.982615934,1183
26,Non-Hodgkin lymphoma,124,Canada,2,0,1989,9.0377125,12.88688991,1.044661573,1257
26,Non-Hodgkin lymphoma,124,Canada,2,0,1990,9.022465941,12.86623299,1.029688634,1277
26,Non-Hodgkin lymphoma,124,Canada,2,0,1991,8.925709415,12.84323317,0.9900275949,1291
26,Non-Hodgkin lymphoma,124,Canada,2,0,1992,9.348862882,13.53980325,1.037040283,1382
26,Non-Hodgkin lymphoma,124,Canada,2,0,1993,9.619499672,14.09515672,1.072761287,1457
26,Non-Hodgkin lymphoma,124,Canada,2,0,1994,9.818146969,14.26375233,1.118592083,1495
26,Non-Hodgkin lymphoma,124,Canada,2,0,1995,9.747945079,14.41622657,1.12161188,1532
26,Non-Hodgkin lymphoma,124,Canada,2,0,1996,9.384708199,14.05427102,1.064556464,1514
26,Non-Hodgkin lymphoma,124,Canada,2,0,1997,10.24562263,15.27394872,1.165396008,1666
26,Non-Hodgkin lymphoma,124,Canada,2,0,1998,10.35480138,16.0102944,1.150740471,1768
26,Non-Hodgkin lymphoma,124,Canada,2,0,1999,9.771455849,15.26076496,1.091575354,1702
26,Non-Hodgkin lymphoma,124,Canada,2,0,2000,10.08581113,15.52917596,1.156128007,1751
26,Non-Hodgkin lymphoma,124,Canada,2,0,2001,9.952139911,15.82438573,1.112103723,1808
26,Non-Hodgkin lymphoma,124,Canada,2,0,2002,10.06485481,16.1411167,1.15273952,1862
26,Non-Hodgkin lymphoma,124,Canada,2,0,2003,9.769340765,15.90382111,1.113644684,1853
26,Non-Hodgkin lymphoma,124,Canada,2,0,2004,10.17997554,17.11911892,1.138875578,2016
26,Non-Hodgkin lymphoma,124,Canada,2,0,2005,10.03049444,16.79849143,1.135101816,2000
26,Non-Hodgkin lymphoma,124,Canada,2,0,2006,10.58624597,17.76775846,1.190522885,2140
26,Non-Hodgkin lymphoma,124,Canada,2,0,2007,9.825826264,17.02662617,1.126452899,2076
26,Non-Hodgkin lymphoma,124,Canada,2,0,2008,10.11955309,17.5658826,1.182393929,2167
26,Non-Hodgkin lymphoma,124,Canada,2,0,2009,10.09431328,18.02827965,1.15212374,2251
26,Non-Hodgkin lymphoma,124,Canada,2,0,2010,9.985895956,17.60387532,1.133107849,2226
26,Non-Hodgkin lymphoma,124,Canada,2,0,2011,9.758518405,17.35729203,1.096431611,2218
26,Non-Hodgkin lymphoma,124,Canada,2,0,2012,9.460263213,17.31396994,1.04771154,2239
26,Non-Hodgkin lymphoma,124,Canada,2,0,2013,10.56708023,19.18773549,1.187592315,2512
26,Non-Hodgkin lymphoma,124,Canada,2,0,2014,10.09410924,18.97507151,1.128392317,2515
26,Non-Hodgkin lymphoma,124,Canada,2,0,2015,10.37323813,19.64684571,1.159083773,2628
26,Non-Hodgkin lymphoma,124,Canada,2,0,2016,9.960550477,18.86370973,1.110143836,2557
26,Non-Hodgkin lymphoma,124,Canada,2,0,2017,9.361346367,18.18847851,1.036481241,2498
26,Non-Hodgkin lymphoma,124,Canada,2,1,1956,0.09297700056,0.1003972909,0.007966877666,8
26,Non-Hodgkin lymphoma,124,Canada,2,1,1957,0.2812219859,0.3045853682,0.02153269883,25
26,Non-Hodgkin lymphoma,124,Canada,2,1,1958,0.3208590493,0.3317792242,0.03767896994,28
26,Non-Hodgkin lymphoma,124,Canada,2,1,1959,0.09432770242,0.09252320019,0.006722845799,8
26,Non-Hodgkin lymphoma,124,Canada,2,1,1960,0.3789427799,0.3731765449,0.03716262404,33
26,Non-Hodgkin lymphoma,124,Canada,2,1,1961,0.3362711877,0.3542177342,0.03188876722,32
26,Non-Hodgkin lymphoma,124,Canada,2,1,1962,0.2856172232,0.3036768323,0.0309044613,28
26,Non-Hodgkin lymphoma,124,Canada,2,1,1963,0.2865151793,0.2976531221,0.02581595072,28
26,Non-Hodgkin lymphoma,124,Canada,2,1,1964,0.4778622206,0.4897874625,0.05828915551,47
26,Non-Hodgkin lymphoma,124,Canada,2,1,1965,0.4479213375,0.4802077767,0.05573371335,47
26,Non-Hodgkin lymphoma,124,Canada,2,1,1966,0.3241456662,0.3306896533,0.03272242779,33
26,Non-Hodgkin lymphoma,124,Canada,2,1,1967,0.3109245847,0.3345826387,0.03135423291,34
26,Non-Hodgkin lymphoma,124,Canada,2,1,1968,0.5113116015,0.5517960016,0.05816775294,57
26,Non-Hodgkin lymphoma,124,Canada,2,1,1969,0.8310993516,0.9343245627,0.09564902897,98
26,Non-Hodgkin lymphoma,124,Canada,2,1,1970,0.778255292,0.888782235,0.09045429372,95
26,Non-Hodgkin lymphoma,124,Canada,2,1,1971,0.9287226922,1.100037754,0.1004456359,120
26,Non-Hodgkin lymphoma,124,Canada,2,1,1972,0.8403458066,0.9928929176,0.08030375044,110
26,Non-Hodgkin lymphoma,124,Canada,2,1,1973,1.043816562,1.246861749,0.1154016093,140
26,Non-Hodgkin lymphoma,124,Canada,2,1,1974,1.176163358,1.430840395,0.1392898478,163
26,Non-Hodgkin lymphoma,124,Canada,2,1,1975,1.206672495,1.487418729,0.137591693,172
26,Non-Hodgkin lymphoma,124,Canada,2,1,1976,1.579311322,1.96949743,0.1683430962,231
26,Non-Hodgkin lymphoma,124,Canada,2,1,1977,1.468533911,1.826673208,0.1698069281,217
26,Non-Hodgkin lymphoma,124,Canada,2,1,1978,1.780114023,2.305007304,0.2107923858,277
26,Non-Hodgkin lymphoma,124,Canada,2,1,1979,1.779551988,2.368759614,0.1867534592,288
26,Non-Hodgkin lymphoma,124,Canada,2,1,1980,1.899181052,2.573909152,0.2114102389,317
26,Non-Hodgkin lymphoma,124,Canada,2,1,1981,1.97290633,2.7563419,0.2104602693,344
26,Non-Hodgkin lymphoma,124,Canada,2,1,1982,2.266626122,3.2048553,0.2511989488,405
26,Non-Hodgkin lymphoma,124,Canada,2,1,1983,2.318579274,3.332537488,0.2728030891,426
26,Non-Hodgkin lymphoma,124,Canada,2,1,1984,2.305678526,3.374147883,0.2588334105,436
26,Non-Hodgkin lymphoma,124,Canada,2,1,1985,2.626924658,3.966728946,0.3006065289,518
26,Non-Hodgkin lymphoma,124,Canada,2,1,1986,2.656823563,4.059019968,0.2956744544,536
26,Non-Hodgkin lymphoma,124,Canada,2,1,1987,2.780408106,4.426709193,0.2914837553,592
26,Non-Hodgkin lymphoma,124,Canada,2,1,1988,2.869109805,4.538382746,0.3216312725,616
26,Non-Hodgkin lymphoma,124,Canada,2,1,1989,3.190059969,5.23879314,0.3568741948,723
26,Non-Hodgkin lymphoma,124,Canada,2,1,1990,3.317511776,5.443207072,0.3725473931,763
26,Non-Hodgkin lymphoma,124,Canada,2,1,1991,3.469804951,5.77320926,0.3765646239,820
26,Non-Hodgkin lymphoma,124,Canada,2,1,1992,3.406677256,5.66632861,0.3810430564,815
26,Non-Hodgkin lymphoma,124,Canada,2,1,1993,3.510066316,5.921118611,0.3955146263,862
26,Non-Hodgkin lymphoma,124,Canada,2,1,1994,3.642231787,6.08587971,0.4196301057,896
26,Non-Hodgkin lymphoma,124,Canada,2,1,1995,3.755372133,6.402682005,0.4233925466,953
26,Non-Hodgkin lymphoma,124,Canada,2,1,1996,3.700754725,6.508834413,0.411468651,979
26,Non-Hodgkin lymphoma,124,Canada,2,1,1997,3.698535604,6.571703575,0.4152967795,998
26,Non-Hodgkin lymphoma,124,Canada,2,1,1998,3.811262752,6.963324295,0.4205680453,1067
26,Non-Hodgkin lymphoma,124,Canada,2,1,1999,3.495680868,6.830954353,0.3772773563,1056
26,Non-Hodgkin lymphoma,124,Canada,2,1,2000,4.07464314,7.640168326,0.4602193087,1192
26,Non-Hodgkin lymphoma,124,Canada,2,1,2001,3.799502742,7.329926895,0.4171826788,1155
26,Non-Hodgkin lymphoma,124,Canada,2,1,2002,3.804402455,7.445608417,0.4215736191,1185
26,Non-Hodgkin lymphoma,124,Canada,2,1,2003,3.613556418,7.295041317,0.3985227579,1172
26,Non-Hodgkin lymphoma,124,Canada,2,1,2004,3.820419585,7.777302464,0.416607264,1261
26,Non-Hodgkin lymphoma,124,Canada,2,1,2005,3.214132208,6.953149884,0.3480844804,1138
26,Non-Hodgkin lymphoma,124,Canada,2,1,2006,3.132705216,7.006993136,0.3300389689,1158
26,Non-Hodgkin lymphoma,124,Canada,2,1,2007,3.365849526,7.385284608,0.3774926124,1233
26,Non-Hodgkin lymphoma,124,Canada,2,1,2008,3.052892022,6.909003418,0.3268610433,1166
26,Non-Hodgkin lymphoma,124,Canada,2,1,2009,2.985735793,6.943170879,0.3130913162,1185
26,Non-Hodgkin lymphoma,124,Canada,2,1,2010,2.798046581,6.647777589,0.2922232241,1147
26,Non-Hodgkin lymphoma,124,Canada,2,1,2011,2.722136989,6.59134766,0.2854938689,1149
26,Non-Hodgkin lymphoma,124,Canada,2,1,2012,2.744559109,6.887902342,0.2765359893,1213
26,Non-Hodgkin lymphoma,124,Canada,2,1,2013,2.737717398,6.924909196,0.273884996,1232
26,Non-Hodgkin lymphoma,124,Canada,2,1,2014,2.552577719,6.659459305,0.2677911269,1196
26,Non-Hodgkin lymphoma,124,Canada,2,1,2015,2.582216467,6.940852981,0.2568720484,1258
26,Non-Hodgkin lymphoma,124,Canada,2,1,2016,2.520433923,6.817429378,0.239928399,1249
26,Non-Hodgkin lymphoma,124,Canada,2,1,2017,2.506053999,6.902164753,0.250707719,1280
26,Non-Hodgkin lymphoma,124,Canada,2,1,2018,2.516421505,7.012751173,0.2561765201,1317
26,Non-Hodgkin lymphoma,124,Canada,2,1,2019,2.286860579,6.494288103,0.2300039457,1235
26,Non-Hodgkin lymphoma,124,Canada,2,1,2020,2.358204009,7.101409877,0.2391192151,1364
26,Non-Hodgkin lymphoma,124,Canada,2,1,2021,2.196155839,6.734309698,0.209426326,1303
26,Non-Hodgkin lymphoma,124,Canada,2,1,2022,2.012762536,6.469145006,0.1824278235,1264
26,Non-Hodgkin lymphoma,152,Chile,1,0,1998,4.496210619,4.445951128,0.5786035612,8
26,Non-Hodgkin lymphoma,152,Chile,1,0,1999,7.211667905,7.182717277,0.4924504815,13
26,Non-Hodgkin lymphoma,152,Chile,1,0,2000,1.990847799,2.19805582,0.09210646857,4
26,Non-Hodgkin lymphoma,152,Chile,1,0,2001,7.156877294,6.561787431,0.9109536343,12
26,Non-Hodgkin lymphoma,152,Chile,1,0,2002,5.262203021,5.44176226,0.4873807853,10
26,Non-Hodgkin lymphoma,152,Chile,1,0,2003,6.001433725,5.955958395,0.6158145657,11
26,Non-Hodgkin lymphoma,152,Chile,1,0,2004,2.473872608,2.694328439,0.3988535116,5
26,Non-Hodgkin lymphoma,152,Chile,1,0,2005,5.797828955,5.898787531,0.338653457,11
26,Non-Hodgkin lymphoma,152,Chile,1,0,2006,6.462415321,7.479671322,0.7113859516,14
26,Non-Hodgkin lymphoma,152,Chile,1,0,2007,1.868653627,2.129607939,0.1417770239,4
26,Non-Hodgkin lymphoma,152,Chile,1,0,2008,3.495875947,3.71895338,0.4157919412,7
26,Non-Hodgkin lymphoma,152,Chile,1,0,2009,7.321202006,8.472511994,0.7501403607,16
26,Non-Hodgkin lymphoma,152,Chile,1,0,2010,2.680938206,3.694145834,0.1395404819,7
26,Non-Hodgkin lymphoma,152,Chile,1,0,2011,7.665616231,8.956655058,0.6716329646,17
26,Non-Hodgkin lymphoma,152,Chile,1,0,2012,8.216356035,9.991796209,0.840578557,19
26,Non-Hodgkin lymphoma,152,Chile,1,0,2013,6.460278111,7.807295137,0.6932062527,15
26,Non-Hodgkin lymphoma,152,Chile,1,0,2014,5.432175062,7.770611547,0.4889282438,15
26,Non-Hodgkin lymphoma,152,Chile,1,0,2015,5.324079049,7.220291081,0.44842516,14
26,Non-Hodgkin lymphoma,152,Chile,1,0,2016,7.279792424,9.750540129,0.9472182809,19
26,Non-Hodgkin lymphoma,152,Chile,1,0,2017,5.042162364,7.14967852,0.4706508855,14
26,Non-Hodgkin lymphoma,152,Chile,1,1,1997,3.364598824,3.10839038,0.3374253544,231
26,Non-Hodgkin lymphoma,152,Chile,1,1,1998,2.971614787,2.842635737,0.3080752301,214
26,Non-Hodgkin lymphoma,152,Chile,1,1,1999,3.253821956,3.161558181,0.3132575751,241
26,Non-Hodgkin lymphoma,152,Chile,1,1,2000,3.261201961,3.124313923,0.2814082758,241
26,Non-Hodgkin lymphoma,152,Chile,1,1,2001,3.132919324,3.114424534,0.3421470921,243
26,Non-Hodgkin lymphoma,152,Chile,1,1,2002,3.339737541,3.346934905,0.3723590631,264
26,Non-Hodgkin lymphoma,152,Chile,1,1,2003,3.088400696,3.274844732,0.3326677808,261
26,Non-Hodgkin lymphoma,152,Chile,1,1,2004,3.241595607,3.428500303,0.3492742748,276
26,Non-Hodgkin lymphoma,152,Chile,1,1,2005,3.264620357,3.665481289,0.3442138612,298
26,Non-Hodgkin lymphoma,152,Chile,1,1,2006,2.929425719,3.447356161,0.302073253,283
26,Non-Hodgkin lymphoma,152,Chile,1,1,2007,3.122779868,3.655157044,0.3435344761,303
26,Non-Hodgkin lymphoma,152,Chile,1,1,2008,2.97493182,3.535259345,0.3172695607,296
26,Non-Hodgkin lymphoma,152,Chile,1,1,2009,3.175961181,3.972646672,0.3563978803,336
26,Non-Hodgkin lymphoma,152,Chile,1,1,2010,3.170622637,3.921155971,0.3422979077,335
26,Non-Hodgkin lymphoma,152,Chile,1,1,2011,3.100976595,3.963632857,0.3340620321,342
26,Non-Hodgkin lymphoma,152,Chile,1,1,2012,2.789535139,3.569683698,0.3063049821,311
26,Non-Hodgkin lymphoma,152,Chile,1,1,2013,2.724709104,3.660590295,0.319774671,322
26,Non-Hodgkin lymphoma,152,Chile,1,1,2014,2.914434634,3.927938866,0.3421675442,349
26,Non-Hodgkin lymphoma,152,Chile,1,1,2015,2.738403487,3.798822811,0.3237094049,341
26,Non-Hodgkin lymphoma,152,Chile,1,1,2016,2.678644363,3.797180379,0.3018205774,345
26,Non-Hodgkin lymphoma,152,Chile,1,1,2017,2.61380797,3.878238478,0.2939081134,358
26,Non-Hodgkin lymphoma,152,Chile,1,1,2018,2.443602749,3.61793365,0.2826999292,340
26,Non-Hodgkin lymphoma,152,Chile,1,1,2019,2.509193528,3.769966094,0.2974116278,360
26,Non-Hodgkin lymphoma,152,Chile,1,1,2020,2.69678387,4.162670736,0.2940001029,401
26,Non-Hodgkin lymphoma,152,Chile,1,1,2021,2.343044211,3.701265678,0.2484101644,358
26,Non-Hodgkin lymphoma,152,Chile,2,0,1998,2.157361315,2.247342517,0.2380930952,4
26,Non-Hodgkin lymphoma,152,Chile,2,0,1999,5.433914309,5.576778295,0.6980207951,10
26,Non-Hodgkin lymphoma,152,Chile,2,0,2000,4.99765527,5.53599504,0.5939632018,10
26,Non-Hodgkin lymphoma,152,Chile,2,0,2001,3.656122681,3.852376917,0.3541847954,7
26,Non-Hodgkin lymphoma,152,Chile,2,0,2002,4.77830845,5.471147902,0.7025162403,10
26,Non-Hodgkin lymphoma,152,Chile,2,0,2003,2.75086612,3.807410308,0.2210250491,7
26,Non-Hodgkin lymphoma,152,Chile,2,0,2004,3.755520225,4.326148322,0.453376589,8
26,Non-Hodgkin lymphoma,152,Chile,2,0,2005,3.317336905,3.763501562,0.3699455047,7
26,Non-Hodgkin lymphoma,152,Chile,2,0,2006,2.744541734,4.280089026,0.1609688319,8
26,Non-Hodgkin lymphoma,152,Chile,2,0,2007,3.886589845,4.79184747,0.3276783696,9
26,Non-Hodgkin lymphoma,152,Chile,2,0,2008,4.614153157,6.366757039,0.4595084508,12
26,Non-Hodgkin lymphoma,152,Chile,2,0,2009,2.313234503,3.168785352,0.219770432,6
26,Non-Hodgkin lymphoma,152,Chile,2,0,2010,5.147129383,7.88560614,0.6472284251,15
26,Non-Hodgkin lymphoma,152,Chile,2,0,2011,5.378018553,7.857352387,0.4667709491,15
26,Non-Hodgkin lymphoma,152,Chile,2,0,2012,3.767808235,5.220187509,0.4209805597,10
26,Non-Hodgkin lymphoma,152,Chile,2,0,2013,5.417285581,6.08318759,0.6397458595,12
26,Non-Hodgkin lymphoma,152,Chile,2,0,2014,7.973125277,11.07720814,0.9044774608,22
26,Non-Hodgkin lymphoma,152,Chile,2,0,2015,4.967880784,5.502944075,0.5283075104,11
26,Non-Hodgkin lymphoma,152,Chile,2,0,2016,3.472768079,4.967857959,0.3370637124,10
26,Non-Hodgkin lymphoma,152,Chile,2,0,2017,4.72545169,6.414051707,0.624991542,13
26,Non-Hodgkin lymphoma,152,Chile,2,1,1997,2.06090255,2.18639395,0.2178277623,164
26,Non-Hodgkin lymphoma,152,Chile,2,1,1998,2.527041208,2.894898918,0.2604601054,220
26,Non-Hodgkin lymphoma,152,Chile,2,1,1999,2.236362795,2.611580423,0.232995007,201
26,Non-Hodgkin lymphoma,152,Chile,2,1,2000,2.464659337,2.926851248,0.2654167083,228
26,Non-Hodgkin lymphoma,152,Chile,2,1,2001,2.459980923,3.04512707,0.2510187819,240
26,Non-Hodgkin lymphoma,152,Chile,2,1,2002,2.468460669,3.036343971,0.2701374609,242
26,Non-Hodgkin lymphoma,152,Chile,2,1,2003,2.587738006,3.32716401,0.2651264701,268
26,Non-Hodgkin lymphoma,152,Chile,2,1,2004,2.302959558,2.912566057,0.2645814995,237
26,Non-Hodgkin lymphoma,152,Chile,2,1,2005,2.168639067,2.907940033,0.2351423355,239
26,Non-Hodgkin lymphoma,152,Chile,2,1,2006,2.616815955,3.614455654,0.2863799706,300
26,Non-Hodgkin lymphoma,152,Chile,2,1,2007,1.97660462,2.839443884,0.21835933,238
26,Non-Hodgkin lymphoma,152,Chile,2,1,2008,2.004649573,2.929297564,0.2222900009,248
26,Non-Hodgkin lymphoma,152,Chile,2,1,2009,2.184522757,3.180582358,0.2497986511,272
26,Non-Hodgkin lymphoma,152,Chile,2,1,2010,2.296774317,3.345656695,0.2566716642,289
26,Non-Hodgkin lymphoma,152,Chile,2,1,2011,1.9678009,3.255623473,0.1913802301,284
26,Non-Hodgkin lymphoma,152,Chile,2,1,2012,2.126144752,3.383724908,0.2414091233,298
26,Non-Hodgkin lymphoma,152,Chile,2,1,2013,2.128254183,3.430585367,0.2408534716,305
26,Non-Hodgkin lymphoma,152,Chile,2,1,2014,1.910288603,3.040384322,0.2207782766,273
26,Non-Hodgkin lymphoma,152,Chile,2,1,2015,1.849001247,3.108753285,0.1985860642,282
26,Non-Hodgkin lymphoma,152,Chile,2,1,2016,1.935672546,3.430799815,0.212855626,315
26,Non-Hodgkin lymphoma,152,Chile,2,1,2017,1.675940493,2.894550713,0.1895211179,270
26,Non-Hodgkin lymphoma,152,Chile,2,1,2018,1.889835812,3.401589258,0.216493895,323
26,Non-Hodgkin lymphoma,152,Chile,2,1,2019,1.696837489,2.984893176,0.1916600786,288
26,Non-Hodgkin lymphoma,152,Chile,2,1,2020,1.730803468,3.26576369,0.1880898815,318
26,Non-Hodgkin lymphoma,152,Chile,2,1,2021,1.708097791,3.280877787,0.1769869198,321
26,Non-Hodgkin lymphoma,156,China,1,0,2002,5.333764704,7.011290187,0.5799158269,314
26,Non-Hodgkin lymphoma,156,China,1,0,2003,5.691572281,7.853037542,0.5830895468,352
26,Non-Hodgkin lymphoma,156,China,1,0,2004,5.122013894,7.513326708,0.5464987671,338
26,Non-Hodgkin lymphoma,156,China,1,0,2005,5.297575283,7.945336088,0.5508434879,358
26,Non-Hodgkin lymphoma,156,China,1,0,2006,4.611167214,6.9841336,0.4943440658,315
26,Non-Hodgkin lymphoma,156,China,1,0,2007,4.247204701,6.899066437,0.4294282583,312
26,Non-Hodgkin lymphoma,156,China,1,0,2008,4.499178037,7.889262162,0.5103594229,357
26,Non-Hodgkin lymphoma,156,China,1,0,2009,4.995554395,7.791725409,0.5143409362,352
26,Non-Hodgkin lymphoma,156,China,1,0,2010,4.795200176,8.592610355,0.5331261591,387
26,Non-Hodgkin lymphoma,156,China,1,0,2011,4.749140721,8.710739453,0.5005941079,392
26,Non-Hodgkin lymphoma,156,China,1,0,2012,4.135957217,7.794199384,0.486532566,351
26,Non-Hodgkin lymphoma,156,China,1,0,2013,4.95866479,8.606320865,0.5061934469,387
26,Non-Hodgkin lymphoma,156,China,1,0,2014,5.489455876,10.09114402,0.5505739015,452
26,Non-Hodgkin lymphoma,156,China,1,0,2015,5.394198099,10.07196982,0.5639162038,450
26,Non-Hodgkin lymphoma,156,China,1,0,2016,5.357589733,10.42150856,0.6075493779,465
26,Non-Hodgkin lymphoma,156,China,1,0,2017,6.272148596,11.86642068,0.6607973568,532
26,Non-Hodgkin lymphoma,156,China,2,0,2002,3.333466274,5.032590005,0.3560279717,221
26,Non-Hodgkin lymphoma,156,China,2,0,2003,3.780848021,5.766498144,0.4045995107,254
26,Non-Hodgkin lymphoma,156,China,2,0,2004,3.67441985,6.051621688,0.3977350167,268
26,Non-Hodgkin lymphoma,156,China,2,0,2005,3.66042648,6.387499933,0.4289410361,284
26,Non-Hodgkin lymphoma,156,China,2,0,2006,3.469389979,5.574440496,0.3475267594,249
26,Non-Hodgkin lymphoma,156,China,2,0,2007,3.084029994,5.137863787,0.2989751393,231
26,Non-Hodgkin lymphoma,156,China,2,0,2008,2.924908794,5.884726612,0.321100126,266
26,Non-Hodgkin lymphoma,156,China,2,0,2009,3.494188706,6.809315584,0.3851827591,309
26,Non-Hodgkin lymphoma,156,China,2,0,2010,2.905458895,5.807837293,0.3225594943,265
26,Non-Hodgkin lymphoma,156,China,2,0,2011,3.363823141,6.574347682,0.3545948475,301
26,Non-Hodgkin lymphoma,156,China,2,0,2012,3.776957396,7.035919567,0.408081888,323
26,Non-Hodgkin lymphoma,156,China,2,0,2013,3.508383185,6.913229835,0.3712744855,318
26,Non-Hodgkin lymphoma,156,China,2,0,2014,3.166144448,6.480251434,0.3410361915,298
26,Non-Hodgkin lymphoma,156,China,2,0,2015,3.637493312,7.563561629,0.4164682753,348
26,Non-Hodgkin lymphoma,156,China,2,0,2016,3.846537162,7.82216907,0.3991939519,360
26,Non-Hodgkin lymphoma,156,China,2,0,2017,3.89942587,8.147266366,0.4311140365,378
26,Non-Hodgkin lymphoma,170,Colombia,1,0,2003,9.030133979,8.125554015,1.046547853,143
26,Non-Hodgkin lymphoma,170,Colombia,1,0,2004,9.554474489,8.674851996,1.060029279,155
26,Non-Hodgkin lymphoma,170,Colombia,1,0,2005,11.37276087,10.50216372,1.16336757,190
26,Non-Hodgkin lymphoma,170,Colombia,1,0,2006,10.35494895,9.822553669,1.05254128,181
26,Non-Hodgkin lymphoma,170,Colombia,1,0,2007,9.431950386,8.922246098,1.010925698,167
26,Non-Hodgkin lymphoma,170,Colombia,1,0,2008,8.836595711,8.391747493,0.8978382612,162
26,Non-Hodgkin lymphoma,170,Colombia,1,0,2009,8.975391052,8.562267165,0.9618430546,167
26,Non-Hodgkin lymphoma,170,Colombia,1,0,2010,7.810328458,7.556965062,0.8309761221,149
26,Non-Hodgkin lymphoma,170,Colombia,1,0,2011,6.801478481,6.824695159,0.7169318538,136
26,Non-Hodgkin lymphoma,170,Colombia,1,0,2012,7.921451268,8.040272833,0.831902441,162
26,Non-Hodgkin lymphoma,170,Colombia,1,0,2013,7.311730059,7.686593292,0.7276964904,155
26,Non-Hodgkin lymphoma,170,Colombia,1,0,2014,9.125107154,9.66245655,0.9265972447,197
26,Non-Hodgkin lymphoma,170,Colombia,1,0,2015,9.710402082,10.38218572,1.088731898,214
26,Non-Hodgkin lymphoma,170,Colombia,1,0,2016,10.50306106,11.51361317,1.176308481,240
26,Non-Hodgkin lymphoma,170,Colombia,1,0,2017,9.407921235,10.57409763,0.9375212594,223
26,Non-Hodgkin lymphoma,170,Colombia,1,1,1998,2.690200479,1.852623778,0.3040965199,348
26,Non-Hodgkin lymphoma,170,Colombia,1,1,1999,2.641527988,1.879093768,0.2870008668,359
26,Non-Hodgkin lymphoma,170,Colombia,1,1,2000,2.941417747,2.112191852,0.3077567552,410
26,Non-Hodgkin lymphoma,170,Colombia,1,1,2001,2.572666714,1.84180391,0.2710830183,363
26,Non-Hodgkin lymphoma,170,Colombia,1,1,2002,2.880308471,2.089461859,0.3289774725,418
26,Non-Hodgkin lymphoma,170,Colombia,1,1,2003,2.766715271,2.05405378,0.3055582271,417
26,Non-Hodgkin lymphoma,170,Colombia,1,1,2004,2.765348731,2.049001134,0.2774726255,422
26,Non-Hodgkin lymphoma,170,Colombia,1,1,2005,3.125489897,2.408978623,0.3101712688,503
26,Non-Hodgkin lymphoma,170,Colombia,1,1,2006,3.069538405,2.363706441,0.2986041013,500
26,Non-Hodgkin lymphoma,170,Colombia,1,1,2007,2.687110797,2.133830237,0.29955946,457
26,Non-Hodgkin lymphoma,170,Colombia,1,1,2008,2.982688847,2.48730689,0.3226436354,539
26,Non-Hodgkin lymphoma,170,Colombia,1,1,2009,2.887713328,2.427198917,0.3056324719,532
26,Non-Hodgkin lymphoma,170,Colombia,1,1,2010,2.750646318,2.377789676,0.2716426484,527
26,Non-Hodgkin lymphoma,170,Colombia,1,1,2011,2.867898236,2.522682037,0.3090134618,565
26,Non-Hodgkin lymphoma,170,Colombia,1,1,2012,2.990668039,2.732462537,0.326691807,618
26,Non-Hodgkin lymphoma,170,Colombia,1,1,2013,2.983772495,2.768649279,0.3131897383,632
26,Non-Hodgkin lymphoma,170,Colombia,1,1,2014,2.886826859,2.809814513,0.2814080021,647
26,Non-Hodgkin lymphoma,170,Colombia,1,1,2015,3.150689139,3.087647459,0.3471871925,717
26,Non-Hodgkin lymphoma,170,Colombia,1,1,2016,3.187049929,3.198470602,0.3310579717,750
26,Non-Hodgkin lymphoma,170,Colombia,1,1,2017,3.249216977,3.31664934,0.3352616359,789
26,Non-Hodgkin lymphoma,170,Colombia,1,1,2018,3.242286433,3.396737729,0.3231716731,823
26,Non-Hodgkin lymphoma,170,Colombia,1,1,2019,3.259281296,3.490911709,0.3289875866,861
26,Non-Hodgkin lymphoma,170,Colombia,1,1,2020,2.908790843,3.198324014,0.2890716031,800
26,Non-Hodgkin lymphoma,170,Colombia,1,1,2021,2.997056817,3.303885884,0.2932867487,835
26,Non-Hodgkin lymphoma,170,Colombia,2,0,2003,6.457896423,6.569678368,0.7982241827,128
26,Non-Hodgkin lymphoma,170,Colombia,2,0,2004,7.012818216,7.170685028,0.7862609918,142
26,Non-Hodgkin lymphoma,170,Colombia,2,0,2005,5.957660468,6.082206505,0.7176806157,122
26,Non-Hodgkin lymphoma,170,Colombia,2,0,2006,7.308811126,7.584862376,0.9221321478,155
26,Non-Hodgkin lymphoma,170,Colombia,2,0,2007,6.870366723,7.563848274,0.7403567498,157
26,Non-Hodgkin lymphoma,170,Colombia,2,0,2008,5.607406068,6.274053509,0.5861566037,132
26,Non-Hodgkin lymphoma,170,Colombia,2,0,2009,7.267536461,8.239652409,0.7719837289,175
26,Non-Hodgkin lymphoma,170,Colombia,2,0,2010,5.976111272,6.940216786,0.5959383518,149
26,Non-Hodgkin lymphoma,170,Colombia,2,0,2011,6.6661207,7.656250937,0.7263045758,166
26,Non-Hodgkin lymphoma,170,Colombia,2,0,2012,5.725688505,6.823830088,0.6244307741,150
26,Non-Hodgkin lymphoma,170,Colombia,2,0,2013,5.901260022,7.251378555,0.6284544806,160
26,Non-Hodgkin lymphoma,170,Colombia,2,0,2014,6.983125161,8.876682703,0.8028882161,198
26,Non-Hodgkin lymphoma,170,Colombia,2,0,2015,7.147781432,9.179462483,0.7628511808,207
26,Non-Hodgkin lymphoma,170,Colombia,2,0,2016,7.362745902,9.688095917,0.794843157,221
26,Non-Hodgkin lymphoma,170,Colombia,2,0,2017,6.488627172,8.534655902,0.6919733387,197
26,Non-Hodgkin lymphoma,170,Colombia,2,1,1998,1.736933432,1.346801701,0.1975862396,256
26,Non-Hodgkin lymphoma,170,Colombia,2,1,1999,1.882684747,1.48321111,0.2156117433,287
26,Non-Hodgkin lymphoma,170,Colombia,2,1,2000,1.732105869,1.402523226,0.2019942146,276
26,Non-Hodgkin lymphoma,170,Colombia,2,1,2001,1.923802716,1.589974242,0.2149772255,318
26,Non-Hodgkin lymphoma,170,Colombia,2,1,2002,1.961492384,1.628974766,0.2254215061,331
26,Non-Hodgkin lymphoma,170,Colombia,2,1,2003,1.726777763,1.4586082,0.1979561674,301
26,Non-Hodgkin lymphoma,170,Colombia,2,1,2004,2.007352054,1.704238644,0.2369488103,357
26,Non-Hodgkin lymphoma,170,Colombia,2,1,2005,2.223364014,1.92011218,0.2742262787,408
26,Non-Hodgkin lymphoma,170,Colombia,2,1,2006,1.961841965,1.750405663,0.2187733466,377
26,Non-Hodgkin lymphoma,170,Colombia,2,1,2007,1.956508063,1.796641536,0.2085533549,392
26,Non-Hodgkin lymphoma,170,Colombia,2,1,2008,2.009671037,1.924053358,0.2133901269,425
26,Non-Hodgkin lymphoma,170,Colombia,2,1,2009,1.947280942,1.883393263,0.2126398342,421
26,Non-Hodgkin lymphoma,170,Colombia,2,1,2010,1.931378037,1.897065114,0.2129340755,429
26,Non-Hodgkin lymphoma,170,Colombia,2,1,2011,1.80625101,1.845791874,0.186951035,422
26,Non-Hodgkin lymphoma,170,Colombia,2,1,2012,1.989546498,2.056379564,0.2173569796,475
26,Non-Hodgkin lymphoma,170,Colombia,2,1,2013,2.115115904,2.302293346,0.2172595557,537
26,Non-Hodgkin lymphoma,170,Colombia,2,1,2014,2.233094716,2.472492722,0.2390563014,582
26,Non-Hodgkin lymphoma,170,Colombia,2,1,2015,2.096959568,2.425428853,0.2149140299,576
26,Non-Hodgkin lymphoma,170,Colombia,2,1,2016,2.091184051,2.471986412,0.2231111766,593
26,Non-Hodgkin lymphoma,170,Colombia,2,1,2017,1.987056647,2.423793369,0.2103525156,590
26,Non-Hodgkin lymphoma,170,Colombia,2,1,2018,2.028452907,2.492404267,0.2251266532,618
26,Non-Hodgkin lymphoma,170,Colombia,2,1,2019,2.16053487,2.765019931,0.2295674891,698
26,Non-Hodgkin lymphoma,170,Colombia,2,1,2020,1.953820874,2.47492895,0.2093956638,634
26,Non-Hodgkin lymphoma,170,Colombia,2,1,2021,1.871824135,2.446468689,0.1925075576,634
26,Non-Hodgkin lymphoma,188,Costa Rica,1,0,1982,6.001090224,4.340766226,0.6851243885,54
26,Non-Hodgkin lymphoma,188,Costa Rica,1,0,1983,4.762061431,3.592941588,0.5548515778,46
26,Non-Hodgkin lymphoma,188,Costa Rica,1,0,1984,6.154948607,4.326037509,0.6686108999,57
26,Non-Hodgkin lymphoma,188,Costa Rica,1,0,1985,5.126680045,3.831493848,0.4634862915,52
26,Non-Hodgkin lymphoma,188,Costa Rica,1,0,1986,3.813815487,2.861326525,0.373752438,40
26,Non-Hodgkin lymphoma,188,Costa Rica,1,0,1987,5.427594312,3.826289251,0.6094381996,55
26,Non-Hodgkin lymphoma,188,Costa Rica,1,0,1988,3.524539664,2.641512245,0.4311410653,39
26,Non-Hodgkin lymphoma,188,Costa Rica,1,0,1989,5.653870273,4.224653892,0.5962140617,64
26,Non-Hodgkin lymphoma,188,Costa Rica,1,0,1990,4.780156829,3.673023575,0.4875879054,57
26,Non-Hodgkin lymphoma,188,Costa Rica,1,0,1991,6.295363633,4.975700944,0.5951179293,79
26,Non-Hodgkin lymphoma,188,Costa Rica,1,0,1992,6.089426263,4.43693999,0.6651054872,72
26,Non-Hodgkin lymphoma,188,Costa Rica,1,0,1993,5.026506189,3.963326023,0.4787938204,66
26,Non-Hodgkin lymphoma,188,Costa Rica,1,0,1994,6.666898044,5.130417546,0.7409804871,88
26,Non-Hodgkin lymphoma,188,Costa Rica,1,0,1995,5.684666417,4.532485456,0.6050508209,80
26,Non-Hodgkin lymphoma,188,Costa Rica,1,0,1996,7.630543076,5.955821043,0.8503062326,108
26,Non-Hodgkin lymphoma,188,Costa Rica,1,0,1997,5.826322561,4.623728004,0.6538812213,86
26,Non-Hodgkin lymphoma,188,Costa Rica,1,0,1998,5.432986022,4.354959643,0.5728456712,83
26,Non-Hodgkin lymphoma,188,Costa Rica,1,0,1999,6.887295388,5.328332898,0.8096260054,104
26,Non-Hodgkin lymphoma,188,Costa Rica,1,0,2000,5.843121646,4.658452763,0.5987031569,93
26,Non-Hodgkin lymphoma,188,Costa Rica,1,0,2001,5.165050623,4.267743512,0.5403211999,87
26,Non-Hodgkin lymphoma,188,Costa Rica,1,0,2002,5.467304284,4.615468936,0.5919261083,96
26,Non-Hodgkin lymphoma,188,Costa Rica,1,0,2003,7.253151009,6.092803875,0.7651054499,128
26,Non-Hodgkin lymphoma,188,Costa Rica,1,0,2004,6.678434246,5.860010445,0.6919719334,125
26,Non-Hodgkin lymphoma,188,Costa Rica,1,0,2005,5.975736733,5.404638843,0.6424680628,117
26,Non-Hodgkin lymphoma,188,Costa Rica,1,0,2006,6.155292836,5.418714053,0.6805549927,119
26,Non-Hodgkin lymphoma,188,Costa Rica,1,0,2007,6.511276794,6.060502672,0.6611337277,135
26,Non-Hodgkin lymphoma,188,Costa Rica,1,0,2008,7.399896363,6.862962143,0.7903381487,155
26,Non-Hodgkin lymphoma,188,Costa Rica,1,0,2009,7.624021044,7.125979002,0.8160569692,163
26,Non-Hodgkin lymphoma,188,Costa Rica,1,0,2010,7.631493045,7.172816925,0.8498669915,166
26,Non-Hodgkin lymphoma,188,Costa Rica,1,0,2011,6.051645756,5.940234404,0.6510199006,139
26,Non-Hodgkin lymphoma,188,Costa Rica,1,0,2012,6.26423946,6.214528045,0.7238615639,147
26,Non-Hodgkin lymphoma,188,Costa Rica,1,0,2013,5.418198758,5.292232011,0.6488355306,126
26,Non-Hodgkin lymphoma,188,Costa Rica,1,0,2014,4.200467588,4.148826712,0.442511028,100
26,Non-Hodgkin lymphoma,188,Costa Rica,1,0,2015,4.741468591,4.960370331,0.4619672505,121
26,Non-Hodgkin lymphoma,188,Costa Rica,1,0,2016,4.097204802,4.335796498,0.4120728373,107
26,Non-Hodgkin lymphoma,188,Costa Rica,1,1,1997,3.475699374,2.712243201,0.3433714282,50
26,Non-Hodgkin lymphoma,188,Costa Rica,1,1,1998,3.617952044,2.657063684,0.4260968135,50
26,Non-Hodgkin lymphoma,188,Costa Rica,1,1,1999,3.081292954,2.448692086,0.3476825941,47
26,Non-Hodgkin lymphoma,188,Costa Rica,1,1,2000,2.686916255,2.045313407,0.2741053491,40
26,Non-Hodgkin lymphoma,188,Costa Rica,1,1,2001,3.005433183,2.361561022,0.3131795272,47
26,Non-Hodgkin lymphoma,188,Costa Rica,1,1,2002,2.827224145,2.471926333,0.2873811297,50
26,Non-Hodgkin lymphoma,188,Costa Rica,1,1,2003,3.50086044,3.019245744,0.3706061784,62
26,Non-Hodgkin lymphoma,188,Costa Rica,1,1,2004,4.053200884,3.6479428,0.4339997676,76
26,Non-Hodgkin lymphoma,188,Costa Rica,1,1,2005,3.590522575,3.217898329,0.3896655128,68
26,Non-Hodgkin lymphoma,188,Costa Rica,1,1,2006,3.945288737,3.54733735,0.4339665761,76
26,Non-Hodgkin lymphoma,188,Costa Rica,1,1,2007,4.118567522,3.915094948,0.376356603,85
26,Non-Hodgkin lymphoma,188,Costa Rica,1,1,2008,3.077931428,2.954301053,0.2690929041,65
26,Non-Hodgkin lymphoma,188,Costa Rica,1,1,2009,3.778215617,3.58858811,0.3720525478,80
26,Non-Hodgkin lymphoma,188,Costa Rica,1,1,2010,3.98089393,3.988144576,0.4018958563,90
26,Non-Hodgkin lymphoma,188,Costa Rica,1,1,2011,4.347169168,4.423868831,0.4823478227,101
26,Non-Hodgkin lymphoma,188,Costa Rica,1,1,2012,3.541881702,3.766617766,0.3414129061,87
26,Non-Hodgkin lymphoma,188,Costa Rica,1,1,2013,3.205988097,3.468069251,0.3183360476,81
26,Non-Hodgkin lymphoma,188,Costa Rica,1,1,2014,3.944975571,4.363010986,0.4247078456,103
26,Non-Hodgkin lymphoma,188,Costa Rica,1,1,2015,3.071261177,3.604716058,0.2927070185,86
26,Non-Hodgkin lymphoma,188,Costa Rica,1,1,2016,3.749157405,4.357351817,0.4063656972,105
26,Non-Hodgkin lymphoma,188,Costa Rica,1,1,2017,3.391871973,4.1934901,0.333999579,102
26,Non-Hodgkin lymphoma,188,Costa Rica,1,1,2018,3.465131432,4.237851018,0.3397967226,104
26,Non-Hodgkin lymphoma,188,Costa Rica,1,1,2019,3.708156357,4.80944397,0.3876286209,119
26,Non-Hodgkin lymphoma,188,Costa Rica,1,1,2020,3.740107596,4.898001134,0.4036520601,122
26,Non-Hodgkin lymphoma,188,Costa Rica,1,1,2021,3.295874119,4.475793649,0.3353724555,112
26,Non-Hodgkin lymphoma,188,Costa Rica,1,1,2022,3.018558127,4.378912035,0.3142692254,110
26,Non-Hodgkin lymphoma,188,Costa Rica,2,0,1982,3.151520709,2.335014544,0.3373007024,28
26,Non-Hodgkin lymphoma,188,Costa Rica,2,0,1983,4.82062737,3.564935296,0.5931366014,44
26,Non-Hodgkin lymphoma,188,Costa Rica,2,0,1984,3.192654557,2.597987426,0.3437376836,33
26,Non-Hodgkin lymphoma,188,Costa Rica,2,0,1985,3.942091088,2.903662588,0.3911835259,38
26,Non-Hodgkin lymphoma,188,Costa Rica,2,0,1986,2.842310857,2.076844739,0.3393024883,28
26,Non-Hodgkin lymphoma,188,Costa Rica,2,0,1987,4.165565833,3.173405706,0.4174086655,44
26,Non-Hodgkin lymphoma,188,Costa Rica,2,0,1988,3.023265174,2.246455865,0.3385211824,32
26,Non-Hodgkin lymphoma,188,Costa Rica,2,0,1989,2.716296829,1.983444395,0.3355817336,29
26,Non-Hodgkin lymphoma,188,Costa Rica,2,0,1990,3.294901054,2.602316061,0.4047756342,39
26,Non-Hodgkin lymphoma,188,Costa Rica,2,0,1991,3.494805535,2.803251511,0.313653922,43
26,Non-Hodgkin lymphoma,188,Costa Rica,2,0,1992,3.759298913,2.868930061,0.4257812916,45
26,Non-Hodgkin lymphoma,188,Costa Rica,2,0,1993,4.423721237,3.603039474,0.4447575686,58
26,Non-Hodgkin lymphoma,188,Costa Rica,2,0,1994,3.876076649,2.956594775,0.4868357343,49
26,Non-Hodgkin lymphoma,188,Costa Rica,2,0,1995,3.960080602,3.108808898,0.4812697809,53
26,Non-Hodgkin lymphoma,188,Costa Rica,2,0,1996,4.825458237,3.768676361,0.5376990903,66
26,Non-Hodgkin lymphoma,188,Costa Rica,2,0,1997,4.045341048,3.117121961,0.5228967382,56
26,Non-Hodgkin lymphoma,188,Costa Rica,2,0,1998,4.328231943,3.421841342,0.5158341523,63
26,Non-Hodgkin lymphoma,188,Costa Rica,2,0,1999,4.268555557,3.711897373,0.4169602293,70
26,Non-Hodgkin lymphoma,188,Costa Rica,2,0,2000,5.369506866,4.562053256,0.5781057765,88
26,Non-Hodgkin lymphoma,188,Costa Rica,2,0,2001,4.036205739,3.45226908,0.4723458728,68
26,Non-Hodgkin lymphoma,188,Costa Rica,2,0,2002,4.935711949,4.428768484,0.5620755727,89
26,Non-Hodgkin lymphoma,188,Costa Rica,2,0,2003,5.724195476,5.109533161,0.6972671403,104
26,Non-Hodgkin lymphoma,188,Costa Rica,2,0,2004,4.427907415,4.063514669,0.5005164596,84
26,Non-Hodgkin lymphoma,188,Costa Rica,2,0,2005,5.682060836,5.098462266,0.656994459,107
26,Non-Hodgkin lymphoma,188,Costa Rica,2,0,2006,5.4951625,5.16437259,0.6116416824,110
26,Non-Hodgkin lymphoma,188,Costa Rica,2,0,2007,4.771872394,4.857510706,0.4623497216,105
26,Non-Hodgkin lymphoma,188,Costa Rica,2,0,2008,5.153261799,4.971028935,0.6133522603,109
26,Non-Hodgkin lymphoma,188,Costa Rica,2,0,2009,4.929011336,4.995758106,0.5838168229,111
26,Non-Hodgkin lymphoma,188,Costa Rica,2,0,2010,5.232623011,5.335121192,0.6273008115,120
26,Non-Hodgkin lymphoma,188,Costa Rica,2,0,2011,5.300679392,5.493194372,0.6345089227,125
26,Non-Hodgkin lymphoma,188,Costa Rica,2,0,2012,4.88818474,5.257050204,0.5689205433,121
26,Non-Hodgkin lymphoma,188,Costa Rica,2,0,2013,4.04281722,4.330453939,0.5062171472,101
26,Non-Hodgkin lymphoma,188,Costa Rica,2,0,2014,2.97289517,3.301156929,0.3631059181,78
26,Non-Hodgkin lymphoma,188,Costa Rica,2,0,2015,2.756322338,3.21785147,0.3212864099,77
26,Non-Hodgkin lymphoma,188,Costa Rica,2,0,2016,3.720263757,4.210434199,0.427627902,102
26,Non-Hodgkin lymphoma,188,Costa Rica,2,1,1997,1.651406458,1.453004585,0.1717779853,27
26,Non-Hodgkin lymphoma,188,Costa Rica,2,1,1998,1.309568437,1.052043542,0.1753597491,20
26,Non-Hodgkin lymphoma,188,Costa Rica,2,1,1999,1.894742065,1.595709908,0.2382856859,31
26,Non-Hodgkin lymphoma,188,Costa Rica,2,1,2000,1.870343641,1.765849827,0.2105174197,35
26,Non-Hodgkin lymphoma,188,Costa Rica,2,1,2001,1.717451457,1.585148741,0.1775618909,32
26,Non-Hodgkin lymphoma,188,Costa Rica,2,1,2002,2.369297604,2.143214461,0.2847822283,44
26,Non-Hodgkin lymphoma,188,Costa Rica,2,1,2003,2.018171809,2.110016753,0.1578964042,44
26,Non-Hodgkin lymphoma,188,Costa Rica,2,1,2004,2.717854795,2.740099442,0.2806651346,58
26,Non-Hodgkin lymphoma,188,Costa Rica,2,1,2005,2.139874876,2.234574973,0.253714389,48
26,Non-Hodgkin lymphoma,188,Costa Rica,2,1,2006,3.090985114,3.258543638,0.3377624072,71
26,Non-Hodgkin lymphoma,188,Costa Rica,2,1,2007,2.289750895,2.534896127,0.2543458629,56
26,Non-Hodgkin lymphoma,188,Costa Rica,2,1,2008,2.355913755,2.723368083,0.1954520373,61
26,Non-Hodgkin lymphoma,188,Costa Rica,2,1,2009,2.541945262,2.774716781,0.3112196436,63
26,Non-Hodgkin lymphoma,188,Costa Rica,2,1,2010,2.670597304,3.087931905,0.3305571074,71
26,Non-Hodgkin lymphoma,188,Costa Rica,2,1,2011,2.153953847,2.707623701,0.1995067699,63
26,Non-Hodgkin lymphoma,188,Costa Rica,2,1,2012,2.125095492,2.718581376,0.2166956828,64
26,Non-Hodgkin lymphoma,188,Costa Rica,2,1,2013,2.231844471,2.814471508,0.2567892307,67
26,Non-Hodgkin lymphoma,188,Costa Rica,2,1,2014,2.544517772,3.199848402,0.2959554008,77
26,Non-Hodgkin lymphoma,188,Costa Rica,2,1,2015,1.975268601,2.672395186,0.2377526131,65
26,Non-Hodgkin lymphoma,188,Costa Rica,2,1,2016,2.551634513,3.540504388,0.2821746459,87
26,Non-Hodgkin lymphoma,188,Costa Rica,2,1,2017,2.437346652,3.466574063,0.2465168187,86
26,Non-Hodgkin lymphoma,188,Costa Rica,2,1,2018,2.047434422,3.07539429,0.1898894776,77
26,Non-Hodgkin lymphoma,188,Costa Rica,2,1,2019,2.105015639,3.049197012,0.2375091752,77
26,Non-Hodgkin lymphoma,188,Costa Rica,2,1,2020,2.103211743,3.381157048,0.2396368628,86
26,Non-Hodgkin lymphoma,188,Costa Rica,2,1,2021,2.18799624,3.479773134,0.2355436698,89
26,Non-Hodgkin lymphoma,188,Costa Rica,2,1,2022,1.762947096,2.879685569,0.1865816671,74
26,Non-Hodgkin lymphoma,191,Croatia,1,0,1988,4.841311875,5.776107569,0.5141325107,132
26,Non-Hodgkin lymphoma,191,Croatia,1,0,1989,5.456474919,6.128966687,0.577141937,139
26,Non-Hodgkin lymphoma,191,Croatia,1,0,1990,4.690122933,5.561013587,0.5179180161,126
26,Non-Hodgkin lymphoma,191,Croatia,1,0,1991,5.328674756,6.388725038,0.5700591719,146
26,Non-Hodgkin lymphoma,191,Croatia,1,0,1992,5.193976606,6.13659712,0.5258611979,139
26,Non-Hodgkin lymphoma,191,Croatia,1,0,1993,4.604895056,5.521230914,0.5176998687,124
26,Non-Hodgkin lymphoma,191,Croatia,1,0,1994,5.040487144,6.419418787,0.6562587521,143
26,Non-Hodgkin lymphoma,191,Croatia,1,0,1995,5.830699636,7.238783957,0.6380550246,160
26,Non-Hodgkin lymphoma,191,Croatia,1,0,1996,4.621572951,6.198766172,0.5195155127,136
26,Non-Hodgkin lymphoma,191,Croatia,1,0,1997,4.60972184,6.471957147,0.5047569393,141
26,Non-Hodgkin lymphoma,191,Croatia,1,0,1998,4.674433418,6.191498426,0.5010725589,134
26,Non-Hodgkin lymphoma,191,Croatia,1,0,1999,9.477968411,12.64601028,1.040873687,272
26,Non-Hodgkin lymphoma,191,Croatia,1,0,2000,8.503231466,10.49586553,0.9527658465,221
26,Non-Hodgkin lymphoma,191,Croatia,1,0,2001,6.956182299,9.820274874,0.7739151787,209
26,Non-Hodgkin lymphoma,191,Croatia,1,0,2002,6.722186295,9.586128308,0.7171312354,204
26,Non-Hodgkin lymphoma,191,Croatia,1,0,2003,6.893101269,9.726113581,0.719740402,207
26,Non-Hodgkin lymphoma,191,Croatia,1,0,2004,6.996356261,10.00868829,0.7374292431,213
26,Non-Hodgkin lymphoma,191,Croatia,1,0,2005,7.657167629,10.32894885,0.7098692735,220
26,Non-Hodgkin lymphoma,191,Croatia,1,0,2006,6.832159445,10.2336992,0.6929051765,218
26,Non-Hodgkin lymphoma,191,Croatia,1,0,2007,7.590584833,10.61393638,0.7957849024,226
26,Non-Hodgkin lymphoma,191,Croatia,1,0,2008,7.395543186,10.80151973,0.7651289106,230
26,Non-Hodgkin lymphoma,191,Croatia,1,0,2009,7.877099791,11.46863376,0.8192863581,244
26,Non-Hodgkin lymphoma,191,Croatia,1,0,2010,6.478047701,10.17366829,0.6798867757,216
26,Non-Hodgkin lymphoma,191,Croatia,1,0,2011,8.005232599,12.40121416,0.7975822942,256
26,Non-Hodgkin lymphoma,191,Croatia,1,0,2012,7.42578168,12.38645146,0.7825084475,255
26,Non-Hodgkin lymphoma,191,Croatia,1,0,2013,8.920750008,14.97702631,0.957088463,308
26,Non-Hodgkin lymphoma,191,Croatia,1,0,2014,9.595236302,15.95319615,1.035915085,327
26,Non-Hodgkin lymphoma,191,Croatia,1,0,2015,8.733111815,14.90763153,0.9956094631,304
26,Non-Hodgkin lymphoma,191,Croatia,1,0,2016,10.7994727,18.93409452,1.19041254,383
26,Non-Hodgkin lymphoma,191,Croatia,1,0,2017,9.048197181,16.40719363,1.001407991,329
26,Non-Hodgkin lymphoma,191,Croatia,1,1,1986,2.106631285,2.619108887,0.2340197812,60
26,Non-Hodgkin lymphoma,191,Croatia,1,1,1987,2.297593806,2.739991745,0.2557901603,63
26,Non-Hodgkin lymphoma,191,Croatia,1,1,1988,2.509269944,2.947296062,0.2927359941,68
26,Non-Hodgkin lymphoma,191,Croatia,1,1,1989,2.633983288,3.110551596,0.3224468575,72
26,Non-Hodgkin lymphoma,191,Croatia,1,1,1990,2.772981009,3.488465239,0.3254007825,81
26,Non-Hodgkin lymphoma,191,Croatia,1,1,1991,2.787055162,3.366539062,0.3064344342,78
26,Non-Hodgkin lymphoma,191,Croatia,1,1,1992,2.754327736,3.528309456,0.2768503338,81
26,Non-Hodgkin lymphoma,191,Croatia,1,1,1993,2.994545085,3.876090205,0.304113618,88
26,Non-Hodgkin lymphoma,191,Croatia,1,1,1994,2.13453081,2.762450017,0.2706905558,62
26,Non-Hodgkin lymphoma,191,Croatia,1,1,1995,3.174575416,4.148639438,0.3632151716,92
26,Non-Hodgkin lymphoma,191,Croatia,1,1,1996,2.718861049,3.925917033,0.3136114844,86
26,Non-Hodgkin lymphoma,191,Croatia,1,1,1997,3.33644098,4.761090336,0.3460875075,103
26,Non-Hodgkin lymphoma,191,Croatia,1,1,1998,2.855335787,4.261166422,0.3068096266,91
26,Non-Hodgkin lymphoma,191,Croatia,1,1,1999,3.785769212,5.599369834,0.4247083256,118
26,Non-Hodgkin lymphoma,191,Croatia,1,1,2000,3.605325948,5.434948595,0.3913301769,113
26,Non-Hodgkin lymphoma,191,Croatia,1,1,2001,3.680124872,5.756235055,0.4259718665,119
26,Non-Hodgkin lymphoma,191,Croatia,1,1,2002,3.902699522,6.040983482,0.4328586393,125
26,Non-Hodgkin lymphoma,191,Croatia,1,1,2003,3.629727736,6.089767523,0.4037318931,126
26,Non-Hodgkin lymphoma,191,Croatia,1,1,2004,3.909236956,6.036326128,0.4386341407,125
26,Non-Hodgkin lymphoma,191,Croatia,1,1,2005,3.729043745,6.463894926,0.4099674855,134
26,Non-Hodgkin lymphoma,191,Croatia,1,1,2006,3.888379262,6.265905761,0.3836306144,130
26,Non-Hodgkin lymphoma,191,Croatia,1,1,2007,4.011201137,6.647586168,0.405187694,138
26,Non-Hodgkin lymphoma,191,Croatia,1,1,2008,3.799682185,6.406501684,0.4113999959,133
26,Non-Hodgkin lymphoma,191,Croatia,1,1,2009,3.090476693,5.591119952,0.325386936,116
26,Non-Hodgkin lymphoma,191,Croatia,1,1,2010,4.545601095,7.920093979,0.4813606145,164
26,Non-Hodgkin lymphoma,191,Croatia,1,1,2011,3.969429124,7.037164479,0.3945294206,145
26,Non-Hodgkin lymphoma,191,Croatia,1,1,2012,3.536846979,7.317401561,0.3775800545,150
26,Non-Hodgkin lymphoma,191,Croatia,1,1,2013,3.669936767,7.442660301,0.4163110869,152
26,Non-Hodgkin lymphoma,191,Croatia,1,1,2014,3.813859929,7.579931982,0.4241890589,154
26,Non-Hodgkin lymphoma,191,Croatia,1,1,2015,4.385001217,8.685917472,0.4713716024,175
26,Non-Hodgkin lymphoma,191,Croatia,1,1,2016,3.499030386,7.730438602,0.3533147782,154
26,Non-Hodgkin lymphoma,191,Croatia,1,1,2017,3.424876997,7.482151633,0.3715141021,147
26,Non-Hodgkin lymphoma,191,Croatia,1,1,2018,3.231288834,7.170433466,0.3492321116,139
26,Non-Hodgkin lymphoma,191,Croatia,1,1,2019,3.465344972,8.228804514,0.3521832067,158
26,Non-Hodgkin lymphoma,191,Croatia,1,1,2020,3.530538777,8.137040359,0.3534329706,155
26,Non-Hodgkin lymphoma,191,Croatia,1,1,2021,3.147140811,7.508936692,0.3231767769,142
26,Non-Hodgkin lymphoma,191,Croatia,2,0,1988,2.80789368,4.243954014,0.2907684356,103
26,Non-Hodgkin lymphoma,191,Croatia,2,0,1989,4.071756497,6.288649856,0.4501134701,152
26,Non-Hodgkin lymphoma,191,Croatia,2,0,1990,4.485619856,6.169498908,0.4581989791,149
26,Non-Hodgkin lymphoma,191,Croatia,2,0,1991,3.629614825,5.274039939,0.3950101733,128
26,Non-Hodgkin lymphoma,191,Croatia,2,0,1992,3.588370554,4.855607916,0.3685258365,117
26,Non-Hodgkin lymphoma,191,Croatia,2,0,1993,3.349941361,5.51604249,0.4280298332,132
26,Non-Hodgkin lymphoma,191,Croatia,2,0,1994,3.652092869,5.258068085,0.3781673235,125
26,Non-Hodgkin lymphoma,191,Croatia,2,0,1995,4.260272544,6.730383788,0.4590033099,159
26,Non-Hodgkin lymphoma,191,Croatia,2,0,1996,3.312880169,4.939569057,0.3613682765,116
26,Non-Hodgkin lymphoma,191,Croatia,2,0,1997,4.275544252,6.594729869,0.4490263756,154
26,Non-Hodgkin lymphoma,191,Croatia,2,0,1998,3.72046496,6.156196039,0.4293370532,143
26,Non-Hodgkin lymphoma,191,Croatia,2,0,1999,6.678635866,9.90749686,0.6690346913,229
26,Non-Hodgkin lymphoma,191,Croatia,2,0,2000,5.8319328,9.447389247,0.7000448612,215
26,Non-Hodgkin lymphoma,191,Croatia,2,0,2001,4.927879953,8.289403132,0.5252638036,190
26,Non-Hodgkin lymphoma,191,Croatia,2,0,2002,5.330887093,8.634893167,0.5552939756,198
26,Non-Hodgkin lymphoma,191,Croatia,2,0,2003,5.146375488,9.115794138,0.5662180411,209
26,Non-Hodgkin lymphoma,191,Croatia,2,0,2004,5.837791397,9.293416727,0.6055912746,213
26,Non-Hodgkin lymphoma,191,Croatia,2,0,2005,5.771345492,9.856909083,0.6207508076,226
26,Non-Hodgkin lymphoma,191,Croatia,2,0,2006,6.853785333,11.70011386,0.7159882243,268
26,Non-Hodgkin lymphoma,191,Croatia,2,0,2007,5.656636951,9.661244421,0.5701947536,221
26,Non-Hodgkin lymphoma,191,Croatia,2,0,2008,5.712643152,10.41129424,0.5982343096,238
26,Non-Hodgkin lymphoma,191,Croatia,2,0,2009,5.845277296,11.34798757,0.6332765702,259
26,Non-Hodgkin lymphoma,191,Croatia,2,0,2010,5.286605066,10.19571824,0.5797982289,232
26,Non-Hodgkin lymphoma,191,Croatia,2,0,2011,5.180490984,9.610577591,0.5206278629,213
26,Non-Hodgkin lymphoma,191,Croatia,2,0,2012,5.951082371,11.72552139,0.6775373281,259
26,Non-Hodgkin lymphoma,191,Croatia,2,0,2013,7.017966113,13.32884807,0.7338149529,294
26,Non-Hodgkin lymphoma,191,Croatia,2,0,2014,7.441989123,14.47335424,0.7990791308,318
26,Non-Hodgkin lymphoma,191,Croatia,2,0,2015,6.992706841,14.63745092,0.7548587556,320
26,Non-Hodgkin lymphoma,191,Croatia,2,0,2016,7.857633727,15.72916681,0.8589931983,341
26,Non-Hodgkin lymphoma,191,Croatia,2,0,2017,6.786501882,15.16945115,0.8234988898,326
26,Non-Hodgkin lymphoma,191,Croatia,2,1,1986,1.179155756,1.732337011,0.1346598892,43
26,Non-Hodgkin lymphoma,191,Croatia,2,1,1987,1.125908808,1.88684396,0.1079365265,47
26,Non-Hodgkin lymphoma,191,Croatia,2,1,1988,1.488933576,2.401121324,0.1919520649,60
26,Non-Hodgkin lymphoma,191,Croatia,2,1,1989,1.810147172,2.95287707,0.2124112336,74
26,Non-Hodgkin lymphoma,191,Croatia,2,1,1990,2.054815153,3.342448801,0.2084817474,84
26,Non-Hodgkin lymphoma,191,Croatia,2,1,1991,1.691238227,2.910410198,0.2028825211,73
26,Non-Hodgkin lymphoma,191,Croatia,2,1,1992,1.500774039,2.332581478,0.1541967693,58
26,Non-Hodgkin lymphoma,191,Croatia,2,1,1993,1.23801164,2.154985325,0.1470438068,53
26,Non-Hodgkin lymphoma,191,Croatia,2,1,1994,1.289008888,2.344589213,0.1553848971,57
26,Non-Hodgkin lymphoma,191,Croatia,2,1,1995,1.87336182,3.497427205,0.2267401481,84
26,Non-Hodgkin lymphoma,191,Croatia,2,1,1996,1.45020666,2.656291109,0.1591802056,63
26,Non-Hodgkin lymphoma,191,Croatia,2,1,1997,2.161437683,3.715962107,0.2023204303,87
26,Non-Hodgkin lymphoma,191,Croatia,2,1,1998,1.906440198,3.463050549,0.235094042,80
26,Non-Hodgkin lymphoma,191,Croatia,2,1,1999,2.154551417,4.037846915,0.2683864098,92
26,Non-Hodgkin lymphoma,191,Croatia,2,1,2000,2.254002766,4.717468162,0.248648917,106
26,Non-Hodgkin lymphoma,191,Croatia,2,1,2001,1.917859765,3.894794003,0.1982132888,87
26,Non-Hodgkin lymphoma,191,Croatia,2,1,2002,2.462680312,5.18648545,0.2740868391,116
26,Non-Hodgkin lymphoma,191,Croatia,2,1,2003,2.556735121,5.228719614,0.2736836738,117
26,Non-Hodgkin lymphoma,191,Croatia,2,1,2004,2.201185359,4.778365348,0.2384731079,107
26,Non-Hodgkin lymphoma,191,Croatia,2,1,2005,2.069159886,4.551757838,0.2114920086,102
26,Non-Hodgkin lymphoma,191,Croatia,2,1,2006,2.607098308,5.71153194,0.2664742859,128
26,Non-Hodgkin lymphoma,191,Croatia,2,1,2007,2.33748476,5.758895149,0.2586448573,129
26,Non-Hodgkin lymphoma,191,Croatia,2,1,2008,2.252460158,5.673151854,0.2109339165,127
26,Non-Hodgkin lymphoma,191,Croatia,2,1,2009,2.449060886,5.7249894,0.2769749768,128
26,Non-Hodgkin lymphoma,191,Croatia,2,1,2010,2.622891264,6.590559897,0.2778682056,147
26,Non-Hodgkin lymphoma,191,Croatia,2,1,2011,1.95002997,5.494666345,0.1915162502,122
26,Non-Hodgkin lymphoma,191,Croatia,2,1,2012,2.193822536,5.612565085,0.2576705798,124
26,Non-Hodgkin lymphoma,191,Croatia,2,1,2013,2.66510819,6.545106465,0.269859596,144
26,Non-Hodgkin lymphoma,191,Croatia,2,1,2014,2.290234021,6.307710696,0.2545726735,138
26,Non-Hodgkin lymphoma,191,Croatia,2,1,2015,2.545664203,7.976125106,0.2547284826,173
26,Non-Hodgkin lymphoma,191,Croatia,2,1,2016,2.305575684,7.275038666,0.2641380586,156
26,Non-Hodgkin lymphoma,191,Croatia,2,1,2017,2.203976703,6.857333646,0.2495206163,145
26,Non-Hodgkin lymphoma,191,Croatia,2,1,2018,2.291313945,7.045790931,0.2275039537,147
26,Non-Hodgkin lymphoma,191,Croatia,2,1,2019,2.29329645,7.259528131,0.2548042206,150
26,Non-Hodgkin lymphoma,191,Croatia,2,1,2020,2.150397391,6.832306169,0.2422382464,140
26,Non-Hodgkin lymphoma,191,Croatia,2,1,2021,2.239494582,6.884580016,0.2474556939,140
26,Non-Hodgkin lymphoma,192,Cuba,1,1,2001,3.19876887,3.810792199,0.361809616,213
26,Non-Hodgkin lymphoma,192,Cuba,1,1,2002,3.330359256,4.214613476,0.3361243535,236
26,Non-Hodgkin lymphoma,192,Cuba,1,1,2003,3.892942837,4.77713038,0.4385268064,268
26,Non-Hodgkin lymphoma,192,Cuba,1,1,2004,3.70795151,4.786745165,0.4077689337,269
26,Non-Hodgkin lymphoma,192,Cuba,1,1,2005,3.106960553,4.052442156,0.3356466999,228
26,Non-Hodgkin lymphoma,192,Cuba,1,1,2006,3.369644564,4.477028049,0.3493079372,252
26,Non-Hodgkin lymphoma,192,Cuba,1,1,2007,3.060739557,4.158045164,0.31439935,234
26,Non-Hodgkin lymphoma,192,Cuba,1,1,2008,3.098478239,4.23144248,0.3388334236,238
26,Non-Hodgkin lymphoma,192,Cuba,1,1,2009,3.248052829,4.501159048,0.3498065442,253
26,Non-Hodgkin lymphoma,192,Cuba,1,1,2010,3.566194147,4.913731958,0.4094794196,276
26,Non-Hodgkin lymphoma,192,Cuba,1,1,2011,3.453822836,4.809591394,0.4004523565,270
26,Non-Hodgkin lymphoma,192,Cuba,1,1,2012,3.514473824,5.292691168,0.4124626759,297
26,Non-Hodgkin lymphoma,192,Cuba,1,1,2013,3.417183387,5.099844615,0.3636623242,286
26,Non-Hodgkin lymphoma,192,Cuba,1,1,2014,3.352079873,5.178036981,0.3755671051,290
26,Non-Hodgkin lymphoma,192,Cuba,1,1,2015,3.548425188,5.685009194,0.3985233113,318
26,Non-Hodgkin lymphoma,192,Cuba,1,1,2016,3.82471465,5.960436129,0.4225726207,333
26,Non-Hodgkin lymphoma,192,Cuba,1,1,2017,3.447518654,5.434741667,0.3724319809,303
26,Non-Hodgkin lymphoma,192,Cuba,1,1,2018,3.169249923,4.854413444,0.3626753692,270
26,Non-Hodgkin lymphoma,192,Cuba,1,1,2019,3.14774995,5.336403448,0.3358743813,296
26,Non-Hodgkin lymphoma,192,Cuba,1,1,2020,3.103035919,5.26192307,0.3343459092,291
26,Non-Hodgkin lymphoma,192,Cuba,1,1,2021,3.346080163,5.493238724,0.3320944321,302
26,Non-Hodgkin lymphoma,192,Cuba,2,1,2001,1.99671326,2.646387061,0.2120288614,147
26,Non-Hodgkin lymphoma,192,Cuba,2,1,2002,2.133195575,2.958127172,0.2400600856,165
26,Non-Hodgkin lymphoma,192,Cuba,2,1,2003,2.362724853,3.303972035,0.2318346575,185
26,Non-Hodgkin lymphoma,192,Cuba,2,1,2004,2.079455821,2.883038851,0.2248686779,162
26,Non-Hodgkin lymphoma,192,Cuba,2,1,2005,2.22633742,3.016153988,0.2744975793,170
26,Non-Hodgkin lymphoma,192,Cuba,2,1,2006,2.14400157,3.008947282,0.2490291577,170
26,Non-Hodgkin lymphoma,192,Cuba,2,1,2007,2.2539759,3.445456132,0.2577648091,195
26,Non-Hodgkin lymphoma,192,Cuba,2,1,2008,2.241580848,3.440851411,0.2665137555,195
26,Non-Hodgkin lymphoma,192,Cuba,2,1,2009,2.145545113,3.242893613,0.2497155068,184
26,Non-Hodgkin lymphoma,192,Cuba,2,1,2010,2.369102389,3.661651436,0.2611940981,208
26,Non-Hodgkin lymphoma,192,Cuba,2,1,2011,2.250066901,3.428397522,0.2786203763,195
26,Non-Hodgkin lymphoma,192,Cuba,2,1,2012,2.313999789,3.707176294,0.2692316402,211
26,Non-Hodgkin lymphoma,192,Cuba,2,1,2013,2.478376459,4.077218655,0.2852818482,232
26,Non-Hodgkin lymphoma,192,Cuba,2,1,2014,2.640036776,4.538100919,0.2951053376,258
26,Non-Hodgkin lymphoma,192,Cuba,2,1,2015,2.440271665,4.189103894,0.2695225742,238
26,Non-Hodgkin lymphoma,192,Cuba,2,1,2016,2.301420668,4.032561614,0.2606692348,229
26,Non-Hodgkin lymphoma,192,Cuba,2,1,2017,2.221383918,3.966444234,0.25183525,225
26,Non-Hodgkin lymphoma,192,Cuba,2,1,2018,2.163738378,3.848076187,0.255086147,218
26,Non-Hodgkin lymphoma,192,Cuba,2,1,2019,1.809234803,3.536043198,0.1871117906,200
26,Non-Hodgkin lymphoma,192,Cuba,2,1,2020,1.681126387,3.347469158,0.1764367428,189
26,Non-Hodgkin lymphoma,192,Cuba,2,1,2021,2.106750688,3.893678746,0.2274177218,219
26,Non-Hodgkin lymphoma,196,Cyprus,1,0,1998,11.38481097,13.37991526,1.36191516,45
26,Non-Hodgkin lymphoma,196,Cyprus,1,0,1999,11.37940517,13.83712235,1.362786984,47
26,Non-Hodgkin lymphoma,196,Cyprus,1,0,2000,9.369924704,11.96161779,1.016976428,41
26,Non-Hodgkin lymphoma,196,Cyprus,1,0,2001,6.839840786,7.799455771,0.7566570495,27
26,Non-Hodgkin lymphoma,196,Cyprus,1,0,2002,9.725937246,12.28090719,1.093220418,43
26,Non-Hodgkin lymphoma,196,Cyprus,1,0,2003,12.31218638,15.79413474,1.302873367,56
26,Non-Hodgkin lymphoma,196,Cyprus,1,0,2004,13.37774359,16.69816125,1.478879971,60
26,Non-Hodgkin lymphoma,196,Cyprus,1,0,2005,11.95524426,15.90862961,1.292079838,58
26,Non-Hodgkin lymphoma,196,Cyprus,1,0,2006,10.89249708,14.2659496,1.124623835,53
26,Non-Hodgkin lymphoma,196,Cyprus,1,0,2007,8.916519255,12.09069069,1.077322969,46
26,Non-Hodgkin lymphoma,196,Cyprus,1,0,2008,11.01531952,15.64399399,1.250643851,61
26,Non-Hodgkin lymphoma,196,Cyprus,1,0,2009,8.934642976,12.26210883,1.003451917,49
26,Non-Hodgkin lymphoma,196,Cyprus,1,0,2010,9.994825394,14.18932473,1.229532253,58
26,Non-Hodgkin lymphoma,196,Cyprus,1,0,2011,8.711425586,13.12671095,0.8442742955,55
26,Non-Hodgkin lymphoma,196,Cyprus,1,0,2012,9.824563833,14.72544176,1.087602982,62
26,Non-Hodgkin lymphoma,196,Cyprus,1,0,2013,11.4909239,16.4605912,1.223825884,69
26,Non-Hodgkin lymphoma,196,Cyprus,1,0,2014,11.28567215,17.37590107,1.186439229,72
26,Non-Hodgkin lymphoma,196,Cyprus,1,0,2015,12.7640727,19.02661775,1.484626519,78
26,Non-Hodgkin lymphoma,196,Cyprus,1,0,2016,14.37736445,21.51681454,1.356233093,89
26,Non-Hodgkin lymphoma,196,Cyprus,1,0,2017,13.39442514,19.69120396,1.350076533,83
26,Non-Hodgkin lymphoma,196,Cyprus,1,1,2005,3.24826207,4.943194457,0.4155640947,18
26,Non-Hodgkin lymphoma,196,Cyprus,1,1,2006,3.027769407,5.131778674,0.2819463979,19
26,Non-Hodgkin lymphoma,196,Cyprus,1,1,2007,3.283476348,4.757436799,0.3613739513,18
26,Non-Hodgkin lymphoma,196,Cyprus,1,1,2008,2.810510993,4.644765736,0.3179079626,18
26,Non-Hodgkin lymphoma,196,Cyprus,1,1,2009,3.419706226,6.041946212,0.4089175214,24
26,Non-Hodgkin lymphoma,196,Cyprus,1,1,2010,2.922534506,4.425572927,0.3753837567,18
26,Non-Hodgkin lymphoma,196,Cyprus,1,1,2011,1.945868238,3.389420167,0.1737976933,14
26,Non-Hodgkin lymphoma,196,Cyprus,1,1,2012,1.919846811,3.095164401,0.1826126281,13
26,Non-Hodgkin lymphoma,196,Cyprus,1,1,2013,3.604713022,6.679660196,0.3688435937,28
26,Non-Hodgkin lymphoma,196,Cyprus,1,1,2014,3.933161211,7.722622699,0.4915922927,32
26,Non-Hodgkin lymphoma,196,Cyprus,1,1,2015,3.064334276,5.854343923,0.3283687047,24
26,Non-Hodgkin lymphoma,196,Cyprus,1,1,2016,2.703002705,5.077001185,0.2962118842,21
26,Non-Hodgkin lymphoma,196,Cyprus,1,1,2017,2.781980048,6.405572373,0.2420372332,27
26,Non-Hodgkin lymphoma,196,Cyprus,1,1,2018,3.140281681,6.310903137,0.3615640576,27
26,Non-Hodgkin lymphoma,196,Cyprus,1,1,2019,2.663931468,5.796872935,0.3288905611,25
26,Non-Hodgkin lymphoma,196,Cyprus,1,1,2020,3.67953745,7.997258083,0.2873601952,35
26,Non-Hodgkin lymphoma,196,Cyprus,1,1,2021,3.924524173,8.161729198,0.4464802905,36
26,Non-Hodgkin lymphoma,196,Cyprus,1,1,2022,2.417108907,5.787732678,0.2431497905,26
26,Non-Hodgkin lymphoma,196,Cyprus,2,0,1998,6.742289954,9.234223185,0.8552707698,32
26,Non-Hodgkin lymphoma,196,Cyprus,2,0,1999,7.234709715,10.26047352,0.8334936553,36
26,Non-Hodgkin lymphoma,196,Cyprus,2,0,2000,5.952447324,8.173250361,0.7247729182,29
26,Non-Hodgkin lymphoma,196,Cyprus,2,0,2001,4.679076909,6.400249331,0.4784097976,23
26,Non-Hodgkin lymphoma,196,Cyprus,2,0,2002,7.74510238,10.45153376,0.8570218558,38
26,Non-Hodgkin lymphoma,196,Cyprus,2,0,2003,7.04780864,9.502322639,0.8601152439,35
26,Non-Hodgkin lymphoma,196,Cyprus,2,0,2004,7.551655817,11.77270125,0.6743463822,44
26,Non-Hodgkin lymphoma,196,Cyprus,2,0,2005,7.150492177,11.06920626,0.9042657226,42
26,Non-Hodgkin lymphoma,196,Cyprus,2,0,2006,7.933899862,11.90470029,0.8731147951,46
26,Non-Hodgkin lymphoma,196,Cyprus,2,0,2007,7.834645369,11.61982949,0.8841553281,46
26,Non-Hodgkin lymphoma,196,Cyprus,2,0,2008,8.492831482,13.26768287,0.8902214516,54
26,Non-Hodgkin lymphoma,196,Cyprus,2,0,2009,8.982280872,14.06318901,1.083000771,59
26,Non-Hodgkin lymphoma,196,Cyprus,2,0,2010,10.32992183,15.77751843,1.123078596,68
26,Non-Hodgkin lymphoma,196,Cyprus,2,0,2011,7.782764874,13.76919222,0.9078977428,61
26,Non-Hodgkin lymphoma,196,Cyprus,2,0,2012,7.776222695,12.13925069,0.8888928792,54
26,Non-Hodgkin lymphoma,196,Cyprus,2,0,2013,8.305961056,13.32589492,0.8930834339,59
26,Non-Hodgkin lymphoma,196,Cyprus,2,0,2014,9.734623317,16.18052913,1.070478299,71
26,Non-Hodgkin lymphoma,196,Cyprus,2,0,2015,7.811743982,12.23552226,0.8638333563,53
26,Non-Hodgkin lymphoma,196,Cyprus,2,0,2016,9.282360349,16.04757418,1.091458848,70
26,Non-Hodgkin lymphoma,196,Cyprus,2,0,2017,9.886124878,16.7145516,1.105237254,74
26,Non-Hodgkin lymphoma,196,Cyprus,2,1,2005,2.404065634,3.960929392,0.334978886,15
26,Non-Hodgkin lymphoma,196,Cyprus,2,1,2006,2.993176307,4.934757314,0.4174922099,19
26,Non-Hodgkin lymphoma,196,Cyprus,2,1,2007,2.422917447,4.830512568,0.2456443022,19
26,Non-Hodgkin lymphoma,196,Cyprus,2,1,2008,1.37197847,2.973115602,0.1488766226,12
26,Non-Hodgkin lymphoma,196,Cyprus,2,1,2009,2.188104687,4.090235405,0.2830323712,17
26,Non-Hodgkin lymphoma,196,Cyprus,2,1,2010,2.139615933,3.506909781,0.2615814676,15
26,Non-Hodgkin lymphoma,196,Cyprus,2,1,2011,2.324975423,5.505673137,0.1375674622,24
26,Non-Hodgkin lymphoma,196,Cyprus,2,1,2012,2.543825891,5.631493112,0.230360112,25
26,Non-Hodgkin lymphoma,196,Cyprus,2,1,2013,1.651460175,3.613802013,0.2202704999,16
26,Non-Hodgkin lymphoma,196,Cyprus,2,1,2014,1.566968514,3.418421646,0.1307827331,15
26,Non-Hodgkin lymphoma,196,Cyprus,2,1,2015,1.978611019,4.617178212,0.2157861183,20
26,Non-Hodgkin lymphoma,196,Cyprus,2,1,2016,1.647322813,2.980263776,0.1688535898,13
26,Non-Hodgkin lymphoma,196,Cyprus,2,1,2017,2.955173867,5.872680291,0.3177219744,26
26,Non-Hodgkin lymphoma,196,Cyprus,2,1,2018,1.816351731,4.686788612,0.1287401607,21
26,Non-Hodgkin lymphoma,196,Cyprus,2,1,2019,2.380086061,6.009147257,0.2380693817,27
26,Non-Hodgkin lymphoma,196,Cyprus,2,1,2020,1.849990765,3.708899395,0.1970976368,17
26,Non-Hodgkin lymphoma,196,Cyprus,2,1,2021,2.148141564,5.176630962,0.2514775499,24
26,Non-Hodgkin lymphoma,196,Cyprus,2,1,2022,2.002717994,5.090407763,0.1789327076,24
26,Non-Hodgkin lymphoma,203,Czechia,1,0,1983,6.039720314,7.09079473,0.6328819591,355
26,Non-Hodgkin lymphoma,203,Czechia,1,0,1984,5.456084246,6.464709669,0.5682961793,324
26,Non-Hodgkin lymphoma,203,Czechia,1,0,1985,6.39720005,7.770687413,0.6986754798,390
26,Non-Hodgkin lymphoma,203,Czechia,1,0,1986,6.031617252,7.287207566,0.6512574161,366
26,Non-Hodgkin lymphoma,203,Czechia,1,0,1987,6.658372378,8.058097891,0.7204907322,405
26,Non-Hodgkin lymphoma,203,Czechia,1,0,1988,6.512401489,7.751937984,0.6895846078,390
26,Non-Hodgkin lymphoma,203,Czechia,1,0,1989,7.088197412,8.599630593,0.7574533422,433
26,Non-Hodgkin lymphoma,203,Czechia,1,0,1990,6.481926625,7.822892882,0.7077621897,394
26,Non-Hodgkin lymphoma,203,Czechia,1,0,1991,6.901468418,8.454082143,0.7507594319,423
26,Non-Hodgkin lymphoma,203,Czechia,1,0,1992,6.601203067,8.104763045,0.7069300899,406
26,Non-Hodgkin lymphoma,203,Czechia,1,0,1993,7.812104635,9.727025384,0.8756848674,488
26,Non-Hodgkin lymphoma,203,Czechia,1,0,1994,5.080328549,6.492202984,0.5817002112,326
26,Non-Hodgkin lymphoma,203,Czechia,1,0,1995,5.541282088,7.151162223,0.6232946218,359
26,Non-Hodgkin lymphoma,203,Czechia,1,0,1996,6.146726613,8.076308955,0.66902894,405
26,Non-Hodgkin lymphoma,203,Czechia,1,0,1997,6.412456973,8.422261034,0.7079930674,422
26,Non-Hodgkin lymphoma,203,Czechia,1,0,1998,6.473133369,8.826795115,0.71468032,442
26,Non-Hodgkin lymphoma,203,Czechia,1,0,1999,6.298132248,8.91496661,0.6758667986,446
26,Non-Hodgkin lymphoma,203,Czechia,1,0,2000,6.469724752,8.841191793,0.7052741557,442
26,Non-Hodgkin lymphoma,203,Czechia,1,0,2001,6.245917786,8.937625616,0.6942828832,445
26,Non-Hodgkin lymphoma,203,Czechia,1,0,2002,7.142153557,9.950453189,0.8056055274,494
26,Non-Hodgkin lymphoma,203,Czechia,1,0,2003,6.885110703,10.00364519,0.8016827323,497
26,Non-Hodgkin lymphoma,203,Czechia,1,0,2004,6.631542077,10.01663405,0.6779060154,498
26,Non-Hodgkin lymphoma,203,Czechia,1,0,2005,9.051739407,13.80363458,1.009049445,689
26,Non-Hodgkin lymphoma,203,Czechia,1,0,2006,7.949125291,12.00868136,0.8717286994,602
26,Non-Hodgkin lymphoma,203,Czechia,1,0,2007,8.084626846,12.6978442,0.9008927043,641
26,Non-Hodgkin lymphoma,203,Czechia,1,0,2008,7.120032597,11.16688688,0.7978632597,571
26,Non-Hodgkin lymphoma,203,Czechia,1,0,2009,8.496420819,12.69777414,0.9045786063,654
26,Non-Hodgkin lymphoma,203,Czechia,1,0,2010,7.921816773,12.38184446,0.891859102,639
26,Non-Hodgkin lymphoma,203,Czechia,1,0,2011,8.581142866,13.54548381,0.9115920831,698
26,Non-Hodgkin lymphoma,203,Czechia,1,0,2012,8.356241,13.58286799,0.934147642,701
26,Non-Hodgkin lymphoma,203,Czechia,1,0,2013,7.867135544,13.67788428,0.8978925345,706
26,Non-Hodgkin lymphoma,203,Czechia,1,0,2014,8.270111973,14.06421873,0.9646677074,727
26,Non-Hodgkin lymphoma,203,Czechia,1,0,2015,8.356268204,14.84486632,0.9484563733,769
26,Non-Hodgkin lymphoma,203,Czechia,1,0,2016,8.023330636,14.40397211,0.9063170679,748
26,Non-Hodgkin lymphoma,203,Czechia,1,0,2017,9.047440206,15.65027868,1.016687711,815
26,Non-Hodgkin lymphoma,203,Czechia,1,1,1987,2.939521325,3.740549144,0.3326969362,188
26,Non-Hodgkin lymphoma,203,Czechia,1,1,1988,3.064022242,3.776585172,0.3506857899,190
26,Non-Hodgkin lymphoma,203,Czechia,1,1,1989,3.57673391,4.329606165,0.398625623,218
26,Non-Hodgkin lymphoma,203,Czechia,1,1,1990,2.926329037,3.693040802,0.3326300423,186
26,Non-Hodgkin lymphoma,203,Czechia,1,1,1991,3.587538833,4.596782252,0.403683572,230
26,Non-Hodgkin lymphoma,203,Czechia,1,1,1992,2.672571776,3.353695053,0.3022953758,168
26,Non-Hodgkin lymphoma,203,Czechia,1,1,1993,3.456370528,4.484751844,0.4165973052,225
26,Non-Hodgkin lymphoma,203,Czechia,1,1,1994,3.89834389,4.958776437,0.4091285594,249
26,Non-Hodgkin lymphoma,203,Czechia,1,1,1995,3.804086068,4.940042229,0.4069118901,248
26,Non-Hodgkin lymphoma,203,Czechia,1,1,1996,3.953820745,5.364443115,0.4367439089,269
26,Non-Hodgkin lymphoma,203,Czechia,1,1,1997,3.8258721,5.248977148,0.4392691448,263
26,Non-Hodgkin lymphoma,203,Czechia,1,1,1998,3.977525436,5.391804457,0.4361604787,270
26,Non-Hodgkin lymphoma,203,Czechia,1,1,1999,3.601029451,5.07713345,0.4065765391,254
26,Non-Hodgkin lymphoma,203,Czechia,1,1,2000,3.964599622,5.740773856,0.4738006623,287
26,Non-Hodgkin lymphoma,203,Czechia,1,1,2001,3.844256101,5.621479474,0.4266436981,282
26,Non-Hodgkin lymphoma,203,Czechia,1,1,2002,3.610820317,5.156510154,0.441940036,256
26,Non-Hodgkin lymphoma,203,Czechia,1,1,2003,3.926824642,6.038417621,0.4391238544,300
26,Non-Hodgkin lymphoma,203,Czechia,1,1,2004,3.511479896,5.531273822,0.3626296149,275
26,Non-Hodgkin lymphoma,203,Czechia,1,1,2005,3.612562849,5.729810582,0.3940609982,286
26,Non-Hodgkin lymphoma,203,Czechia,1,1,2006,3.232994759,5.366005458,0.3644978116,269
26,Non-Hodgkin lymphoma,203,Czechia,1,1,2007,3.113805198,5.190070484,0.351529956,262
26,Non-Hodgkin lymphoma,203,Czechia,1,1,2008,3.230208149,5.397654602,0.3819762623,276
26,Non-Hodgkin lymphoma,203,Czechia,1,1,2009,3.045536917,5.222784777,0.3357038586,269
26,Non-Hodgkin lymphoma,203,Czechia,1,1,2010,2.868152941,5.096126905,0.2904091101,263
26,Non-Hodgkin lymphoma,203,Czechia,1,1,2011,3.356504859,6.151745514,0.3686752457,317
26,Non-Hodgkin lymphoma,203,Czechia,1,1,2012,3.040780163,5.464149463,0.3547522919,282
26,Non-Hodgkin lymphoma,203,Czechia,1,1,2013,2.914741201,5.599020617,0.3080490164,289
26,Non-Hodgkin lymphoma,203,Czechia,1,1,2014,2.980834385,5.803666602,0.3308927148,300
26,Non-Hodgkin lymphoma,203,Czechia,1,1,2015,2.635416023,5.23141583,0.2890714318,271
26,Non-Hodgkin lymphoma,203,Czechia,1,1,2016,3.187065872,6.373950224,0.3186518427,331
26,Non-Hodgkin lymphoma,203,Czechia,1,1,2017,2.9698259,6.106489105,0.3417760955,318
26,Non-Hodgkin lymphoma,203,Czechia,1,1,2018,2.82682571,5.946038648,0.3119480054,311
26,Non-Hodgkin lymphoma,203,Czechia,1,1,2019,3.00698803,6.600893613,0.3167211398,347
26,Non-Hodgkin lymphoma,203,Czechia,1,1,2020,2.882437866,6.522365647,0.3210632816,344
26,Non-Hodgkin lymphoma,203,Czechia,1,1,2021,2.529420413,5.720960905,0.2623274144,296
26,Non-Hodgkin lymphoma,203,Czechia,1,1,2022,2.835065487,6.535852371,0.2998699459,345
26,Non-Hodgkin lymphoma,203,Czechia,1,1,2023,2.931981728,6.640589534,0.3037548426,354
26,Non-Hodgkin lymphoma,203,Czechia,2,0,1983,3.401026736,5.266789207,0.3709756418,280
26,Non-Hodgkin lymphoma,203,Czechia,2,0,1984,3.967320727,6.204576157,0.4064280428,330
26,Non-Hodgkin lymphoma,203,Czechia,2,0,1985,3.521905672,5.693911123,0.3764355088,303
26,Non-Hodgkin lymphoma,203,Czechia,2,0,1986,4.022301887,6.37038429,0.4647540789,339
26,Non-Hodgkin lymphoma,203,Czechia,2,0,1987,3.885990793,6.049106724,0.3947693761,322
26,Non-Hodgkin lymphoma,203,Czechia,2,0,1988,3.683966616,5.896381425,0.4279170639,314
26,Non-Hodgkin lymphoma,203,Czechia,2,0,1989,4.207387388,6.851886615,0.4385669747,365
26,Non-Hodgkin lymphoma,203,Czechia,2,0,1990,4.834165706,7.622695355,0.5214089067,406
26,Non-Hodgkin lymphoma,203,Czechia,2,0,1991,4.387317049,7.068803016,0.4691717172,375
26,Non-Hodgkin lymphoma,203,Czechia,2,0,1992,4.062187265,6.838089856,0.4735207192,363
26,Non-Hodgkin lymphoma,203,Czechia,2,0,1993,4.80305721,7.90416092,0.5358568166,420
26,Non-Hodgkin lymphoma,203,Czechia,2,0,1994,3.943424612,6.754781124,0.439081489,359
26,Non-Hodgkin lymphoma,203,Czechia,2,0,1995,4.107211447,7.343808492,0.4460057668,390
26,Non-Hodgkin lymphoma,203,Czechia,2,0,1996,4.332154228,7.263210837,0.4629615001,385
26,Non-Hodgkin lymphoma,203,Czechia,2,0,1997,4.278255912,7.556992476,0.479168987,400
26,Non-Hodgkin lymphoma,203,Czechia,2,0,1998,4.43889924,7.924405334,0.4832228715,419
26,Non-Hodgkin lymphoma,203,Czechia,2,0,1999,4.607468941,8.390213488,0.5354817201,443
26,Non-Hodgkin lymphoma,203,Czechia,2,0,2000,4.343368776,7.926910096,0.4788153687,418
26,Non-Hodgkin lymphoma,203,Czechia,2,0,2001,4.38319472,8.197907398,0.4797204073,430
26,Non-Hodgkin lymphoma,203,Czechia,2,0,2002,4.419099108,8.689547487,0.5166438575,455
26,Non-Hodgkin lymphoma,203,Czechia,2,0,2003,5.174579725,9.783198961,0.5905412703,512
26,Non-Hodgkin lymphoma,203,Czechia,2,0,2004,5.208266143,9.990080595,0.5740457404,523
26,Non-Hodgkin lymphoma,203,Czechia,2,0,2005,6.484720137,12.47460017,0.7028826217,654
26,Non-Hodgkin lymphoma,203,Czechia,2,0,2006,5.801435091,11.38265793,0.6497702785,598
26,Non-Hodgkin lymphoma,203,Czechia,2,0,2007,6.369736904,12.51282565,0.7335239904,660
26,Non-Hodgkin lymphoma,203,Czechia,2,0,2008,5.686565886,10.83448073,0.6553815801,576
26,Non-Hodgkin lymphoma,203,Czechia,2,0,2009,5.637477952,11.17771766,0.6185566489,597
26,Non-Hodgkin lymphoma,203,Czechia,2,0,2010,6.262686147,12.48958035,0.7217831615,669
26,Non-Hodgkin lymphoma,203,Czechia,2,0,2011,6.302558213,12.18265448,0.7266235665,651
26,Non-Hodgkin lymphoma,203,Czechia,2,0,2012,6.096437965,12.04104501,0.725510809,644
26,Non-Hodgkin lymphoma,203,Czechia,2,0,2013,6.27784067,12.95544561,0.7506141987,693
26,Non-Hodgkin lymphoma,203,Czechia,2,0,2014,6.51887251,13.57448236,0.7569399805,727
26,Non-Hodgkin lymphoma,203,Czechia,2,0,2015,6.621579574,13.48201466,0.7846788284,723
26,Non-Hodgkin lymphoma,203,Czechia,2,0,2016,6.285569429,13.3649227,0.7325221594,718
26,Non-Hodgkin lymphoma,203,Czechia,2,0,2017,6.073139933,12.80204892,0.6857208019,689
26,Non-Hodgkin lymphoma,203,Czechia,2,1,1987,1.627519868,2.686404539,0.1812846437,143
26,Non-Hodgkin lymphoma,203,Czechia,2,1,1988,1.889528109,3.079638706,0.1847569147,164
26,Non-Hodgkin lymphoma,203,Czechia,2,1,1989,1.651994422,3.04111132,0.1659237962,162
26,Non-Hodgkin lymphoma,203,Czechia,2,1,1990,1.760208143,3.116668544,0.1923893192,166
26,Non-Hodgkin lymphoma,203,Czechia,2,1,1991,1.896674598,3.279924599,0.2108949407,174
26,Non-Hodgkin lymphoma,203,Czechia,2,1,1992,1.529716049,2.769143826,0.1677683303,147
26,Non-Hodgkin lymphoma,203,Czechia,2,1,1993,1.620833779,3.029903833,0.1633667099,161
26,Non-Hodgkin lymphoma,203,Czechia,2,1,1994,2.177680083,3.932415143,0.2388845263,209
26,Non-Hodgkin lymphoma,203,Czechia,2,1,1995,2.28758784,4.594757457,0.2580244484,244
26,Non-Hodgkin lymphoma,203,Czechia,2,1,1996,2.339562673,4.150473531,0.2548408437,220
26,Non-Hodgkin lymphoma,203,Czechia,2,1,1997,2.562373647,4.496419867,0.2839092194,238
26,Non-Hodgkin lymphoma,203,Czechia,2,1,1998,2.139765913,4.368711703,0.2380147928,231
26,Non-Hodgkin lymphoma,203,Czechia,2,1,1999,2.431321818,5.037916,0.2708320505,266
26,Non-Hodgkin lymphoma,203,Czechia,2,1,2000,2.706393381,5.253000231,0.2985212087,277
26,Non-Hodgkin lymphoma,203,Czechia,2,1,2001,2.773250376,5.729453317,0.3005689845,302
26,Non-Hodgkin lymphoma,203,Czechia,2,1,2002,2.571866908,5.442903371,0.2894123266,285
26,Non-Hodgkin lymphoma,203,Czechia,2,1,2003,2.166481519,4.643197944,0.245552407,243
26,Non-Hodgkin lymphoma,203,Czechia,2,1,2004,2.254626609,5.176504477,0.248730953,271
26,Non-Hodgkin lymphoma,203,Czechia,2,1,2005,2.295503442,5.359881724,0.2443575676,281
26,Non-Hodgkin lymphoma,203,Czechia,2,1,2006,2.123726134,5.082223524,0.230284271,267
26,Non-Hodgkin lymphoma,203,Czechia,2,1,2007,2.12486815,4.720747857,0.2509268078,249
26,Non-Hodgkin lymphoma,203,Czechia,2,1,2008,1.80855189,4.589606422,0.1989994327,244
26,Non-Hodgkin lymphoma,203,Czechia,2,1,2009,2.081691405,5.092695483,0.1911179908,272
26,Non-Hodgkin lymphoma,203,Czechia,2,1,2010,1.732146694,4.368552768,0.1924278063,234
26,Non-Hodgkin lymphoma,203,Czechia,2,1,2011,1.968425,5.16499637,0.2059543566,276
26,Non-Hodgkin lymphoma,203,Czechia,2,1,2012,1.816807246,4.524740515,0.1996494214,242
26,Non-Hodgkin lymphoma,203,Czechia,2,1,2013,1.820572374,4.654986949,0.2136436742,249
26,Non-Hodgkin lymphoma,203,Czechia,2,1,2014,1.665340562,4.499931567,0.1887529647,241
26,Non-Hodgkin lymphoma,203,Czechia,2,1,2015,1.846029992,5.183955843,0.1988342798,278
26,Non-Hodgkin lymphoma,203,Czechia,2,1,2016,1.850617605,5.081648882,0.1890542179,273
26,Non-Hodgkin lymphoma,203,Czechia,2,1,2017,1.656721314,4.979606838,0.181933224,268
26,Non-Hodgkin lymphoma,203,Czechia,2,1,2018,1.688302973,4.892461292,0.1754426946,264
26,Non-Hodgkin lymphoma,203,Czechia,2,1,2019,1.795948484,5.247151942,0.2102823386,284
26,Non-Hodgkin lymphoma,203,Czechia,2,1,2020,1.667026682,5.141914064,0.1776810519,279
26,Non-Hodgkin lymphoma,203,Czechia,2,1,2021,1.699547557,5.293891713,0.1938816307,282
26,Non-Hodgkin lymphoma,203,Czechia,2,1,2022,1.654112984,5.199830394,0.180507605,285
26,Non-Hodgkin lymphoma,203,Czechia,2,1,2023,1.711164022,5.642496471,0.1695958912,313
26,Non-Hodgkin lymphoma,208,Denmark,1,0,1943,2.452192143,2.711295616,0.2527118815,53
26,Non-Hodgkin lymphoma,208,Denmark,1,0,1944,1.818388371,1.969440843,0.2024023861,39
26,Non-Hodgkin lymphoma,208,Denmark,1,0,1945,2.483493165,2.642393211,0.2494446656,53
26,Non-Hodgkin lymphoma,208,Denmark,1,0,1946,1.952702961,2.21662538,0.2100744883,45
26,Non-Hodgkin lymphoma,208,Denmark,1,0,1947,2.329590979,2.58013259,0.2474096372,53
26,Non-Hodgkin lymphoma,208,Denmark,1,0,1948,2.996607783,3.273602918,0.3309060615,68
26,Non-Hodgkin lymphoma,208,Denmark,1,0,1949,2.679756416,2.954190746,0.2943382986,62
26,Non-Hodgkin lymphoma,208,Denmark,1,0,1950,2.368836242,2.692261731,0.2348370271,57
26,Non-Hodgkin lymphoma,208,Denmark,1,0,1951,3.700335476,4.126616796,0.3920837338,88
26,Non-Hodgkin lymphoma,208,Denmark,1,0,1952,3.301432049,3.770388902,0.3867794568,81
26,Non-Hodgkin lymphoma,208,Denmark,1,0,1953,2.646256364,3.137317865,0.2917003015,68
26,Non-Hodgkin lymphoma,208,Denmark,1,0,1954,3.164760744,3.749907681,0.3300310088,82
26,Non-Hodgkin lymphoma,208,Denmark,1,0,1955,3.181569154,3.722941423,0.3262050457,82
26,Non-Hodgkin lymphoma,208,Denmark,1,0,1956,3.401606271,4.062526801,0.3641494696,90
26,Non-Hodgkin lymphoma,208,Denmark,1,0,1957,4.36070136,5.165847281,0.4429151687,115
26,Non-Hodgkin lymphoma,208,Denmark,1,0,1958,4.101544459,4.867768628,0.393199692,109
26,Non-Hodgkin lymphoma,208,Denmark,1,0,1959,5.083996409,6.117253114,0.5539826322,138
26,Non-Hodgkin lymphoma,208,Denmark,1,0,1960,4.394302761,5.239606316,0.4630775376,119
26,Non-Hodgkin lymphoma,208,Denmark,1,0,1961,4.103804969,5.247374345,0.3831903888,120
26,Non-Hodgkin lymphoma,208,Denmark,1,0,1962,4.201645596,5.206495016,0.4544225425,120
26,Non-Hodgkin lymphoma,208,Denmark,1,0,1963,4.557819639,5.596741835,0.45651345,130
26,Non-Hodgkin lymphoma,208,Denmark,1,0,1964,4.151601658,5.296589808,0.5108453043,124
26,Non-Hodgkin lymphoma,208,Denmark,1,0,1965,5.191946024,6.486248623,0.5369529924,153
26,Non-Hodgkin lymphoma,208,Denmark,1,0,1966,4.276518597,5.468112492,0.4680250957,130
26,Non-Hodgkin lymphoma,208,Denmark,1,0,1967,5.015035965,6.677110781,0.5557849383,160
26,Non-Hodgkin lymphoma,208,Denmark,1,0,1968,3.885931884,5.019673178,0.4502499207,121
26,Non-Hodgkin lymphoma,208,Denmark,1,0,1969,5.082313324,6.434881679,0.5911078852,156
26,Non-Hodgkin lymphoma,208,Denmark,1,0,1970,4.490972392,5.886795692,0.490312834,144
26,Non-Hodgkin lymphoma,208,Denmark,1,0,1971,5.249169385,6.855974038,0.5409459024,169
26,Non-Hodgkin lymphoma,208,Denmark,1,0,1972,5.356107382,7.144292921,0.5966013915,177
26,Non-Hodgkin lymphoma,208,Denmark,1,0,1973,5.680111006,7.706239746,0.6363043471,192
26,Non-Hodgkin lymphoma,208,Denmark,1,0,1974,6.079482697,8.036173174,0.6301831341,201
26,Non-Hodgkin lymphoma,208,Denmark,1,0,1975,5.468447835,7.263930732,0.6022067659,182
26,Non-Hodgkin lymphoma,208,Denmark,1,0,1976,5.761122717,7.849119992,0.6031195276,197
26,Non-Hodgkin lymphoma,208,Denmark,1,0,1977,5.306475721,6.994297859,0.5758950736,176
26,Non-Hodgkin lymphoma,208,Denmark,1,0,1978,6.815953977,9.394638436,0.7480038343,237
26,Non-Hodgkin lymphoma,208,Denmark,1,0,1979,6.05104017,8.190494279,0.6372527402,207
26,Non-Hodgkin lymphoma,208,Denmark,1,0,1980,7.249256754,9.766501532,0.7652477387,247
26,Non-Hodgkin lymphoma,208,Denmark,1,0,1981,6.903998324,9.295058786,0.7443541334,235
26,Non-Hodgkin lymphoma,208,Denmark,1,0,1982,7.560195959,10.69804761,0.8757119311,270
26,Non-Hodgkin lymphoma,208,Denmark,1,0,1983,7.745963204,11.22472454,0.8208215332,283
26,Non-Hodgkin lymphoma,208,Denmark,1,0,1984,7.160166372,9.7698835,0.7318895153,246
26,Non-Hodgkin lymphoma,208,Denmark,1,0,1985,7.056141071,9.971903863,0.7309143549,251
26,Non-Hodgkin lymphoma,208,Denmark,1,0,1986,8.912610692,12.61622899,0.9823777732,318
26,Non-Hodgkin lymphoma,208,Denmark,1,0,1987,9.158779976,12.94526567,0.9806804164,327
26,Non-Hodgkin lymphoma,208,Denmark,1,0,1988,10.07508273,14.31964291,1.061102571,362
26,Non-Hodgkin lymphoma,208,Denmark,1,0,1989,8.941158227,13.17160866,0.9853668622,333
26,Non-Hodgkin lymphoma,208,Denmark,1,0,1990,9.612726568,13.79121211,1.060294337,349
26,Non-Hodgkin lymphoma,208,Denmark,1,0,1991,9.877732734,14.54823014,1.075109608,369
26,Non-Hodgkin lymphoma,208,Denmark,1,0,1992,10.3781857,14.89514057,1.171988347,379
26,Non-Hodgkin lymphoma,208,Denmark,1,0,1993,9.754173851,14.01396856,1.10341741,358
26,Non-Hodgkin lymphoma,208,Denmark,1,0,1994,10.33377326,15.01886916,1.115767316,385
26,Non-Hodgkin lymphoma,208,Denmark,1,0,1995,11.20089903,15.85497978,1.175199388,408
26,Non-Hodgkin lymphoma,208,Denmark,1,0,1996,10.24461602,15.23789243,1.097411289,395
26,Non-Hodgkin lymphoma,208,Denmark,1,0,1997,10.34994944,15.39384638,1.073634026,401
26,Non-Hodgkin lymphoma,208,Denmark,1,0,1998,9.807111967,14.7572189,1.012162103,386
26,Non-Hodgkin lymphoma,208,Denmark,1,0,1999,10.27451972,15.42609738,1.126822402,405
26,Non-Hodgkin lymphoma,208,Denmark,1,0,2000,9.545025592,14.57791249,1.017296863,384
26,Non-Hodgkin lymphoma,208,Denmark,1,0,2001,9.224303122,14.10571115,1.115830854,373
26,Non-Hodgkin lymphoma,208,Denmark,1,0,2002,9.671940117,14.99540719,1.058054142,398
26,Non-Hodgkin lymphoma,208,Denmark,1,0,2003,11.02109217,17.05245018,1.235280501,454
26,Non-Hodgkin lymphoma,208,Denmark,1,0,2004,11.43422714,18.33896165,1.232409489,490
26,Non-Hodgkin lymphoma,208,Denmark,1,0,2005,11.3743452,18.54576569,1.230868545,497
26,Non-Hodgkin lymphoma,208,Denmark,1,0,2006,11.65670204,18.99501855,1.302780592,511
26,Non-Hodgkin lymphoma,208,Denmark,1,0,2007,12.51264942,20.86652307,1.423053571,564
26,Non-Hodgkin lymphoma,208,Denmark,1,0,2008,12.2425321,20.07341133,1.359287605,546
26,Non-Hodgkin lymphoma,208,Denmark,1,0,2009,12.70710262,21.56446148,1.452996831,590
26,Non-Hodgkin lymphoma,208,Denmark,1,0,2010,13.46835463,22.77867029,1.497752547,626
26,Non-Hodgkin lymphoma,208,Denmark,1,0,2011,13.82289498,23.62199019,1.578377975,652
26,Non-Hodgkin lymphoma,208,Denmark,1,0,2012,14.58555457,25.33191301,1.662310563,702
26,Non-Hodgkin lymphoma,208,Denmark,1,0,2013,14.54006016,25.73076634,1.611375039,716
26,Non-Hodgkin lymphoma,208,Denmark,1,0,2014,15.06467592,27.35816879,1.66672997,766
26,Non-Hodgkin lymphoma,208,Denmark,1,0,2015,15.27415113,28.13074063,1.662831632,794
26,Non-Hodgkin lymphoma,208,Denmark,1,0,2016,14.95929675,28.58115961,1.701579899,814
26,Non-Hodgkin lymphoma,208,Denmark,1,0,2017,15.04501644,29.40405002,1.697774622,843
26,Non-Hodgkin lymphoma,208,Denmark,1,0,2018,15.10796146,29.46259396,1.65226314,849
26,Non-Hodgkin lymphoma,208,Denmark,1,0,2019,14.3150873,29.23334011,1.582046093,846
26,Non-Hodgkin lymphoma,208,Denmark,1,0,2020,13.89935392,28.54030982,1.542684749,827
26,Non-Hodgkin lymphoma,208,Denmark,1,0,2021,16.05651332,33.29204753,1.744379655,969
26,Non-Hodgkin lymphoma,208,Denmark,1,0,2022,14.80637754,30.05526697,1.570094113,883
26,Non-Hodgkin lymphoma,208,Denmark,1,1,1956,0.06391230735,0.09028346752,0.003303611839,2
26,Non-Hodgkin lymphoma,208,Denmark,1,1,1957,0.3544442543,0.3593882314,0.01417646141,8
26,Non-Hodgkin lymphoma,208,Denmark,1,1,1958,0,0,0,0
26,Non-Hodgkin lymphoma,208,Denmark,1,1,1959,0.02192309379,0.04433149764,0,1
26,Non-Hodgkin lymphoma,208,Denmark,1,1,1960,0.2389861527,0.2641945687,0.02999150785,6
26,Non-Hodgkin lymphoma,208,Denmark,1,1,1961,0.2103696275,0.3060991123,0.01480939721,7
26,Non-Hodgkin lymphoma,208,Denmark,1,1,1962,0.26393673,0.3471010231,0.03124633448,8
26,Non-Hodgkin lymphoma,208,Denmark,1,1,1963,0.2370331834,0.2583118845,0.02545907211,6
26,Non-Hodgkin lymphoma,208,Denmark,1,1,1964,0.1047750013,0.1281428639,0.01053391255,3
26,Non-Hodgkin lymphoma,208,Denmark,1,1,1965,0.1878787566,0.2119701673,0.02034897226,5
26,Non-Hodgkin lymphoma,208,Denmark,1,1,1966,0.03194735077,0.04206228878,0.005324416709,1
26,Non-Hodgkin lymphoma,208,Denmark,1,1,1967,0.204906658,0.2503856983,0.01888956987,6
26,Non-Hodgkin lymphoma,208,Denmark,1,1,1968,0.1649714812,0.2489022374,0.01552886622,6
26,Non-Hodgkin lymphoma,208,Denmark,1,1,1969,0.3262778934,0.412479144,0.03060830646,10
26,Non-Hodgkin lymphoma,208,Denmark,1,1,1970,0.2820382016,0.3679202937,0.03647110493,9
26,Non-Hodgkin lymphoma,208,Denmark,1,1,1971,0.1797667455,0.243407856,0.02332968017,6
26,Non-Hodgkin lymphoma,208,Denmark,1,1,1972,0.3396988372,0.524721973,0.04994753074,13
26,Non-Hodgkin lymphoma,208,Denmark,1,1,1973,0.2475314526,0.3210988645,0.03113774286,8
26,Non-Hodgkin lymphoma,208,Denmark,1,1,1974,0.3567523795,0.519767456,0.04245538247,13
26,Non-Hodgkin lymphoma,208,Denmark,1,1,1975,0.6296030973,0.9179674365,0.06531608791,23
26,Non-Hodgkin lymphoma,208,Denmark,1,1,1976,1.194122922,1.593694071,0.1489096455,40
26,Non-Hodgkin lymphoma,208,Denmark,1,1,1977,1.732460598,2.503614842,0.2184376854,63
26,Non-Hodgkin lymphoma,208,Denmark,1,1,1978,2.277915624,3.250462398,0.2290277639,82
26,Non-Hodgkin lymphoma,208,Denmark,1,1,1979,2.62392431,3.758979757,0.2765588433,95
26,Non-Hodgkin lymphoma,208,Denmark,1,1,1980,2.750311917,3.757043468,0.2847454934,95
26,Non-Hodgkin lymphoma,208,Denmark,1,1,1981,3.050565396,4.433888447,0.3728269118,112
26,Non-Hodgkin lymphoma,208,Denmark,1,1,1982,3.813559161,5.629287996,0.3954373128,142
26,Non-Hodgkin lymphoma,208,Denmark,1,1,1983,2.974174107,4.683276555,0.3446495661,118
26,Non-Hodgkin lymphoma,208,Denmark,1,1,1984,3.263774202,4.806247645,0.3326389919,121
26,Non-Hodgkin lymphoma,208,Denmark,1,1,1985,3.556968383,5.200722067,0.348361616,131
26,Non-Hodgkin lymphoma,208,Denmark,1,1,1986,3.702964427,5.78594653,0.4023364454,146
26,Non-Hodgkin lymphoma,208,Denmark,1,1,1987,4.193763051,6.13355641,0.4807257171,155
26,Non-Hodgkin lymphoma,208,Denmark,1,1,1988,4.011367002,6.763754897,0.3892776887,171
26,Non-Hodgkin lymphoma,208,Denmark,1,1,1989,4.544982807,7.234752907,0.5230013367,183
26,Non-Hodgkin lymphoma,208,Denmark,1,1,1990,4.590469253,7.223043641,0.5469453852,183
26,Non-Hodgkin lymphoma,208,Denmark,1,1,1991,4.344926696,7.124585982,0.444024015,181
26,Non-Hodgkin lymphoma,208,Denmark,1,1,1992,4.522577627,7.138427844,0.5511375248,182
26,Non-Hodgkin lymphoma,208,Denmark,1,1,1993,4.100537171,6.79932249,0.4472906022,174
26,Non-Hodgkin lymphoma,208,Denmark,1,1,1994,4.669003139,7.708928009,0.5532197481,198
26,Non-Hodgkin lymphoma,208,Denmark,1,1,1995,4.296952835,7.278933373,0.4399094779,188
26,Non-Hodgkin lymphoma,208,Denmark,1,1,1996,4.724043547,7.812065562,0.5191624314,203
26,Non-Hodgkin lymphoma,208,Denmark,1,1,1997,5.467522028,8.964619062,0.604407086,234
26,Non-Hodgkin lymphoma,208,Denmark,1,1,1998,5.229971519,8.509776035,0.5606392923,223
26,Non-Hodgkin lymphoma,208,Denmark,1,1,1999,5.121207681,8.099592282,0.585124887,213
26,Non-Hodgkin lymphoma,208,Denmark,1,1,2000,4.388117827,7.388500424,0.4379997379,195
26,Non-Hodgkin lymphoma,208,Denmark,1,1,2001,4.626194479,8.153235532,0.5189548221,216
26,Non-Hodgkin lymphoma,208,Denmark,1,1,2002,4.098528339,7.297932842,0.4488654061,194
26,Non-Hodgkin lymphoma,208,Denmark,1,1,2003,3.892778847,7.013557732,0.3876998295,187
26,Non-Hodgkin lymphoma,208,Denmark,1,1,2004,4.24598556,7.55504665,0.466678007,202
26,Non-Hodgkin lymphoma,208,Denmark,1,1,2005,4.306094408,7.49549012,0.4916916127,201
26,Non-Hodgkin lymphoma,208,Denmark,1,1,2006,3.929354723,7.171166264,0.4486439144,193
26,Non-Hodgkin lymphoma,208,Denmark,1,1,2007,3.212570045,6.063413695,0.3227531,164
26,Non-Hodgkin lymphoma,208,Denmark,1,1,2008,3.205029128,6.02410413,0.3451143405,164
26,Non-Hodgkin lymphoma,208,Denmark,1,1,2009,2.922725834,5.807938063,0.2979774332,159
26,Non-Hodgkin lymphoma,208,Denmark,1,1,2010,3.037635943,6.254735371,0.3253526538,172
26,Non-Hodgkin lymphoma,208,Denmark,1,1,2011,3.18485012,6.228104321,0.3468851917,172
26,Non-Hodgkin lymphoma,208,Denmark,1,1,2012,3.236379594,6.599754294,0.3965188138,183
26,Non-Hodgkin lymphoma,208,Denmark,1,1,2013,2.78555925,6.102716983,0.3390985269,170
26,Non-Hodgkin lymphoma,208,Denmark,1,1,2014,2.921168543,6.388907429,0.3106520027,179
26,Non-Hodgkin lymphoma,208,Denmark,1,1,2015,2.839597225,6.408157124,0.2516527943,181
26,Non-Hodgkin lymphoma,208,Denmark,1,1,2016,2.518671094,5.440342173,0.2520919742,155
26,Non-Hodgkin lymphoma,208,Denmark,1,1,2017,2.828546429,6.903005108,0.2645712776,198
26,Non-Hodgkin lymphoma,208,Denmark,1,1,2018,2.469002198,6.486863754,0.2512187374,187
26,Non-Hodgkin lymphoma,208,Denmark,1,1,2019,2.432177863,6.152853827,0.2668598033,178
26,Non-Hodgkin lymphoma,208,Denmark,1,1,2020,2.512347606,6.584306529,0.2394927499,191
26,Non-Hodgkin lymphoma,208,Denmark,1,1,2021,2.607162872,7.035410249,0.273632377,205
26,Non-Hodgkin lymphoma,208,Denmark,1,1,2022,2.185058919,6.131119091,0.2028926166,180
26,Non-Hodgkin lymphoma,208,Denmark,2,0,1943,1.568057064,1.754787499,0.1772583254,35
26,Non-Hodgkin lymphoma,208,Denmark,2,0,1944,1.7940495,1.982391408,0.2059952999,40
26,Non-Hodgkin lymphoma,208,Denmark,2,0,1945,2.32872531,2.642682852,0.2826364614,54
26,Non-Hodgkin lymphoma,208,Denmark,2,0,1946,1.621678507,1.933163296,0.1931176206,40
26,Non-Hodgkin lymphoma,208,Denmark,2,0,1947,1.565173183,1.720979505,0.142517694,36
26,Non-Hodgkin lymphoma,208,Denmark,2,0,1948,1.694971938,2.035622928,0.1763138083,43
26,Non-Hodgkin lymphoma,208,Denmark,2,0,1949,1.943895046,2.297864698,0.1827857259,49
26,Non-Hodgkin lymphoma,208,Denmark,2,0,1950,1.907550261,2.324187964,0.2209949436,50
26,Non-Hodgkin lymphoma,208,Denmark,2,0,1951,1.933652716,2.537035529,0.1970372481,55
26,Non-Hodgkin lymphoma,208,Denmark,2,0,1952,2.235161316,2.701412633,0.2314691872,59
26,Non-Hodgkin lymphoma,208,Denmark,2,0,1953,1.441950758,1.816678929,0.1422228342,40
26,Non-Hodgkin lymphoma,208,Denmark,2,0,1954,2.043802634,2.522688429,0.2115473443,56
26,Non-Hodgkin lymphoma,208,Denmark,2,0,1955,2.244398159,2.816969424,0.2346318421,63
26,Non-Hodgkin lymphoma,208,Denmark,2,0,1956,2.030332902,2.70972614,0.218605835,61
26,Non-Hodgkin lymphoma,208,Denmark,2,0,1957,2.767947699,3.445676372,0.2781436575,78
26,Non-Hodgkin lymphoma,208,Denmark,2,0,1958,2.716693852,3.601126889,0.307815533,82
26,Non-Hodgkin lymphoma,208,Denmark,2,0,1959,2.660180228,3.532886154,0.2802861237,81
26,Non-Hodgkin lymphoma,208,Denmark,2,0,1960,2.771029195,3.768779732,0.3038923457,87
26,Non-Hodgkin lymphoma,208,Denmark,2,0,1961,3.040804586,4.301391629,0.3228001161,100
26,Non-Hodgkin lymphoma,208,Denmark,2,0,1962,2.964599247,4.012099468,0.3003183634,94
26,Non-Hodgkin lymphoma,208,Denmark,2,0,1963,3.07651961,4.530629916,0.3090084866,107
26,Non-Hodgkin lymphoma,208,Denmark,2,0,1964,2.556080555,3.696014562,0.277836903,88
26,Non-Hodgkin lymphoma,208,Denmark,2,0,1965,3.544688511,4.957889189,0.3648466058,119
26,Non-Hodgkin lymphoma,208,Denmark,2,0,1966,4.030531031,5.743800466,0.4522028835,139
26,Non-Hodgkin lymphoma,208,Denmark,2,0,1967,3.196753145,4.878832754,0.3710418375,119
26,Non-Hodgkin lymphoma,208,Denmark,2,0,1968,3.439709128,4.970731761,0.3752903123,122
26,Non-Hodgkin lymphoma,208,Denmark,2,0,1969,3.875536558,5.633066506,0.4636808079,139
26,Non-Hodgkin lymphoma,208,Denmark,2,0,1970,3.149170096,4.954474223,0.3154298275,123
26,Non-Hodgkin lymphoma,208,Denmark,2,0,1971,3.366899043,5.484119671,0.3675365546,137
26,Non-Hodgkin lymphoma,208,Denmark,2,0,1972,3.678061612,5.687934836,0.3890402675,143
26,Non-Hodgkin lymphoma,208,Denmark,2,0,1973,3.620957848,5.651339614,0.4114261176,143
26,Non-Hodgkin lymphoma,208,Denmark,2,0,1974,3.12186269,5.070542448,0.3605176563,129
26,Non-Hodgkin lymphoma,208,Denmark,2,0,1975,3.62371777,5.911528302,0.4225913705,151
26,Non-Hodgkin lymphoma,208,Denmark,2,0,1976,3.864237458,6.282288181,0.4317772111,161
26,Non-Hodgkin lymphoma,208,Denmark,2,0,1977,4.245276589,7.075975566,0.4490362403,182
26,Non-Hodgkin lymphoma,208,Denmark,2,0,1978,4.567788414,7.359973597,0.4930342955,190
26,Non-Hodgkin lymphoma,208,Denmark,2,0,1979,4.80934664,7.762177689,0.5482680184,201
26,Non-Hodgkin lymphoma,208,Denmark,2,0,1980,4.776709621,7.944429104,0.5241563661,206
26,Non-Hodgkin lymphoma,208,Denmark,2,0,1981,4.477582064,7.666336385,0.5068815164,199
26,Non-Hodgkin lymphoma,208,Denmark,2,0,1982,4.513254662,7.783210613,0.4793450736,202
26,Non-Hodgkin lymphoma,208,Denmark,2,0,1983,5.228954076,8.977961224,0.6419467542,233
26,Non-Hodgkin lymphoma,208,Denmark,2,0,1984,5.322184793,9.791117683,0.6231956655,254
26,Non-Hodgkin lymphoma,208,Denmark,2,0,1985,6.004654232,10.44704083,0.6712520075,271
26,Non-Hodgkin lymphoma,208,Denmark,2,0,1986,5.669079892,10.17062769,0.6337588865,264
26,Non-Hodgkin lymphoma,208,Denmark,2,0,1987,6.241659211,11.04366905,0.6609495328,287
26,Non-Hodgkin lymphoma,208,Denmark,2,0,1988,7.065428031,12.3401831,0.809785862,321
26,Non-Hodgkin lymphoma,208,Denmark,2,0,1989,6.199688832,11.22380615,0.7575817881,292
26,Non-Hodgkin lymphoma,208,Denmark,2,0,1990,6.260090919,11.01806963,0.6606627881,287
26,Non-Hodgkin lymphoma,208,Denmark,2,0,1991,6.721840298,12.68161335,0.729594479,331
26,Non-Hodgkin lymphoma,208,Denmark,2,0,1992,7.27181839,12.87403464,0.8179619719,337
26,Non-Hodgkin lymphoma,208,Denmark,2,0,1993,7.931839756,13.7089588,0.8646494682,360
26,Non-Hodgkin lymphoma,208,Denmark,2,0,1994,6.669409746,12.03858423,0.7474848979,317
26,Non-Hodgkin lymphoma,208,Denmark,2,0,1995,7.465659146,12.98065315,0.8378756042,343
26,Non-Hodgkin lymphoma,208,Denmark,2,0,1996,7.401147619,12.71247797,0.7860535677,338
26,Non-Hodgkin lymphoma,208,Denmark,2,0,1997,7.577108244,13.48221696,0.8796135308,360
26,Non-Hodgkin lymphoma,208,Denmark,2,0,1998,7.94417023,13.47421666,0.8985956919,361
26,Non-Hodgkin lymphoma,208,Denmark,2,0,1999,7.007920663,12.64807548,0.7761011804,340
26,Non-Hodgkin lymphoma,208,Denmark,2,0,2000,7.820331024,13.83583504,0.9249988547,373
26,Non-Hodgkin lymphoma,208,Denmark,2,0,2001,7.233919973,13.12436388,0.8222423349,355
26,Non-Hodgkin lymphoma,208,Denmark,2,0,2002,7.030365345,13.11616501,0.8542868441,356
26,Non-Hodgkin lymphoma,208,Denmark,2,0,2003,7.154600407,13.30379059,0.7967820085,362
26,Non-Hodgkin lymphoma,208,Denmark,2,0,2004,8.15084706,14.72921331,0.889745403,402
26,Non-Hodgkin lymphoma,208,Denmark,2,0,2005,8.738904313,15.56948688,0.9874954076,426
26,Non-Hodgkin lymphoma,208,Denmark,2,0,2006,8.219355964,15.88696642,0.9826754875,436
26,Non-Hodgkin lymphoma,208,Denmark,2,0,2007,8.417232164,16.44569056,0.9708510963,453
26,Non-Hodgkin lymphoma,208,Denmark,2,0,2008,8.706529357,16.61245949,1.007386184,460
26,Non-Hodgkin lymphoma,208,Denmark,2,0,2009,9.011192327,17.10103044,1.008250988,476
26,Non-Hodgkin lymphoma,208,Denmark,2,0,2010,9.222990477,17.6346403,1.08270365,493
26,Non-Hodgkin lymphoma,208,Denmark,2,0,2011,9.215723739,18.13507316,1.085061327,509
26,Non-Hodgkin lymphoma,208,Denmark,2,0,2012,8.590391858,17.43684117,0.9601037002,491
26,Non-Hodgkin lymphoma,208,Denmark,2,0,2013,9.812195825,19.88590022,1.110782439,562
26,Non-Hodgkin lymphoma,208,Denmark,2,0,2014,10.62563387,21.93797926,1.193808981,623
26,Non-Hodgkin lymphoma,208,Denmark,2,0,2015,9.60745,20.37948563,1.130338094,582
26,Non-Hodgkin lymphoma,208,Denmark,2,0,2016,10.62828938,23.11896777,1.19569997,665
26,Non-Hodgkin lymphoma,208,Denmark,2,0,2017,10.10968031,22.28947847,1.175134187,645
26,Non-Hodgkin lymphoma,208,Denmark,2,0,2018,9.391450666,20.90541777,1.098428467,608
26,Non-Hodgkin lymphoma,208,Denmark,2,0,2019,10.35670514,21.60585241,1.188646281,631
26,Non-Hodgkin lymphoma,208,Denmark,2,0,2020,10.20780854,22.03108877,1.173214772,645
26,Non-Hodgkin lymphoma,208,Denmark,2,0,2021,9.955877508,23.30261697,1.136008878,685
26,Non-Hodgkin lymphoma,208,Denmark,2,0,2022,9.894054725,22.57240663,1.138208534,671
26,Non-Hodgkin lymphoma,208,Denmark,2,1,1956,0.1609825353,0.1776916566,0.01571739018,4
26,Non-Hodgkin lymphoma,208,Denmark,2,1,1957,0.2706524567,0.2650588199,0.02756655042,6
26,Non-Hodgkin lymphoma,208,Denmark,2,1,1958,0.2750704376,0.3074187388,0.01509738289,7
26,Non-Hodgkin lymphoma,208,Denmark,2,1,1959,0.08165342297,0.08723154764,0.01022220047,2
26,Non-Hodgkin lymphoma,208,Denmark,2,1,1960,0.2057198564,0.2166106584,0.01270918819,5
26,Non-Hodgkin lymphoma,208,Denmark,2,1,1961,0.1236938802,0.1290589302,0.01446307796,3
26,Non-Hodgkin lymphoma,208,Denmark,2,1,1962,0.186583214,0.1707458928,0.01417331886,4
26,Non-Hodgkin lymphoma,208,Denmark,2,1,1963,0.1395822217,0.12703833,0.01212566569,3
26,Non-Hodgkin lymphoma,208,Denmark,2,1,1964,0.1489847868,0.1680139989,0.01637991404,4
26,Non-Hodgkin lymphoma,208,Denmark,2,1,1965,0.1922243753,0.2083321615,0.01385625849,5
26,Non-Hodgkin lymphoma,208,Denmark,2,1,1966,0.1994295019,0.2066303548,0.01293933053,5
26,Non-Hodgkin lymphoma,208,Denmark,2,1,1967,0.1402748395,0.1640073894,0.01477556309,4
26,Non-Hodgkin lymphoma,208,Denmark,2,1,1968,0.2104817012,0.3259703424,0.02671780085,8
26,Non-Hodgkin lymphoma,208,Denmark,2,1,1969,0.2246575495,0.2836955315,0.0267793055,7
26,Non-Hodgkin lymphoma,208,Denmark,2,1,1970,0.2972096091,0.4833863145,0.02845503548,12
26,Non-Hodgkin lymphoma,208,Denmark,2,1,1971,0.3704525194,0.6404961283,0.03608710394,16
26,Non-Hodgkin lymphoma,208,Denmark,2,1,1972,0.1593590558,0.2386567918,0.02366686077,6
26,Non-Hodgkin lymphoma,208,Denmark,2,1,1973,0.1006244986,0.1580833344,0.01110789106,4
26,Non-Hodgkin lymphoma,208,Denmark,2,1,1974,0.2686398703,0.5109030644,0.02816550446,13
26,Non-Hodgkin lymphoma,208,Denmark,2,1,1975,0.498676348,0.7045382046,0.04929890391,18
26,Non-Hodgkin lymphoma,208,Denmark,2,1,1976,0.990046511,1.63876059,0.1233740828,42
26,Non-Hodgkin lymphoma,208,Denmark,2,1,1977,1.400280322,2.527009848,0.1336057913,65
26,Non-Hodgkin lymphoma,208,Denmark,2,1,1978,1.722442062,3.098822815,0.1968143453,80
26,Non-Hodgkin lymphoma,208,Denmark,2,1,1979,1.454463754,2.703144181,0.1538977931,70
26,Non-Hodgkin lymphoma,208,Denmark,2,1,1980,1.819306754,3.237621782,0.188647801,84
26,Non-Hodgkin lymphoma,208,Denmark,2,1,1981,2.278147241,4.199366666,0.2683024352,109
26,Non-Hodgkin lymphoma,208,Denmark,2,1,1982,1.452257516,2.928289278,0.1651770163,76
26,Non-Hodgkin lymphoma,208,Denmark,2,1,1983,2.116339257,3.969379513,0.2331610638,103
26,Non-Hodgkin lymphoma,208,Denmark,2,1,1984,1.737591584,3.893189386,0.1962112534,101
26,Non-Hodgkin lymphoma,208,Denmark,2,1,1985,2.399768544,5.048172475,0.2693558752,131
26,Non-Hodgkin lymphoma,208,Denmark,2,1,1986,2.633227413,5.120638193,0.3212279095,133
26,Non-Hodgkin lymphoma,208,Denmark,2,1,1987,2.612603162,5.576814758,0.2682092041,145
26,Non-Hodgkin lymphoma,208,Denmark,2,1,1988,2.59364691,5.381596516,0.2992727034,140
26,Non-Hodgkin lymphoma,208,Denmark,2,1,1989,3.257083644,6.607106673,0.3803588032,172
26,Non-Hodgkin lymphoma,208,Denmark,2,1,1990,2.646028799,5.637655242,0.3021815202,147
26,Non-Hodgkin lymphoma,208,Denmark,2,1,1991,2.873136073,6.350794959,0.3003586814,166
26,Non-Hodgkin lymphoma,208,Denmark,2,1,1992,2.923633271,6.407845644,0.3292087242,168
26,Non-Hodgkin lymphoma,208,Denmark,2,1,1993,3.100665445,6.122700826,0.374472212,161
26,Non-Hodgkin lymphoma,208,Denmark,2,1,1994,3.093921904,6.899848696,0.3091093832,182
26,Non-Hodgkin lymphoma,208,Denmark,2,1,1995,3.439165182,7.168285693,0.3588402654,190
26,Non-Hodgkin lymphoma,208,Denmark,2,1,1996,2.752517366,5.779645028,0.3356342842,154
26,Non-Hodgkin lymphoma,208,Denmark,2,1,1997,3.200367808,6.841700802,0.3447361365,183
26,Non-Hodgkin lymphoma,208,Denmark,2,1,1998,3.303698412,6.893348533,0.3854886984,185
26,Non-Hodgkin lymphoma,208,Denmark,2,1,1999,3.316673896,7.354996522,0.3623546545,198
26,Non-Hodgkin lymphoma,208,Denmark,2,1,2000,2.776882583,6.073124867,0.3018545072,164
26,Non-Hodgkin lymphoma,208,Denmark,2,1,2001,3.414349301,7.381236822,0.391387193,200
26,Non-Hodgkin lymphoma,208,Denmark,2,1,2002,2.947279187,6.512927241,0.3409063889,177
26,Non-Hodgkin lymphoma,208,Denmark,2,1,2003,2.730197084,6.49694827,0.3096968801,177
26,Non-Hodgkin lymphoma,208,Denmark,2,1,2004,2.561561546,5.785662798,0.2896610244,158
26,Non-Hodgkin lymphoma,208,Denmark,2,1,2005,2.807545487,6.610804758,0.2794896862,181
26,Non-Hodgkin lymphoma,208,Denmark,2,1,2006,2.094318957,5.353072454,0.2211726418,147
26,Non-Hodgkin lymphoma,208,Denmark,2,1,2007,2.416839563,5.876250517,0.2510853939,162
26,Non-Hodgkin lymphoma,208,Denmark,2,1,2008,1.929538066,4.762992415,0.2146953456,132
26,Non-Hodgkin lymphoma,208,Denmark,2,1,2009,1.860515282,4.487459436,0.2018952163,125
26,Non-Hodgkin lymphoma,208,Denmark,2,1,2010,1.878478875,4.860708534,0.1864202773,136
26,Non-Hodgkin lymphoma,208,Denmark,2,1,2011,1.862558399,4.698890136,0.2039141155,132
26,Non-Hodgkin lymphoma,208,Denmark,2,1,2012,1.717246272,4.895203623,0.193661129,138
26,Non-Hodgkin lymphoma,208,Denmark,2,1,2013,1.812878639,4.770843994,0.1967282659,135
26,Non-Hodgkin lymphoma,208,Denmark,2,1,2014,1.5805731,4.574142093,0.1446953764,130
26,Non-Hodgkin lymphoma,208,Denmark,2,1,2015,1.43417299,4.476814299,0.1523855745,128
26,Non-Hodgkin lymphoma,208,Denmark,2,1,2016,1.779648947,5.209933398,0.171104318,150
26,Non-Hodgkin lymphoma,208,Denmark,2,1,2017,1.560091621,4.48763002,0.1410431799,130
26,Non-Hodgkin lymphoma,208,Denmark,2,1,2018,1.43558126,4.534406614,0.1389339629,132
26,Non-Hodgkin lymphoma,208,Denmark,2,1,2019,1.406761771,4.791809565,0.1037409485,140
26,Non-Hodgkin lymphoma,208,Denmark,2,1,2020,1.330809545,4.572297405,0.1262641805,134
26,Non-Hodgkin lymphoma,208,Denmark,2,1,2021,1.287070504,4.417343851,0.1341526773,130
26,Non-Hodgkin lymphoma,208,Denmark,2,1,2022,1.573613642,5.459948414,0.1499350984,162
26,Non-Hodgkin lymphoma,218,Ecuador,1,0,1985,6.662731724,4.584641867,0.6159165012,22
26,Non-Hodgkin lymphoma,218,Ecuador,1,0,1986,8.084113168,6.646552453,0.8312454329,33
26,Non-Hodgkin lymphoma,218,Ecuador,1,0,1987,8.06017484,5.450906797,0.8289944122,28
26,Non-Hodgkin lymphoma,218,Ecuador,1,0,1988,9.544757959,7.131302288,0.971460632,38
26,Non-Hodgkin lymphoma,218,Ecuador,1,0,1989,10.32942424,7.417283718,0.9974496703,41
26,Non-Hodgkin lymphoma,218,Ecuador,1,0,1990,7.190846506,4.975400472,0.7846635589,26
26,Non-Hodgkin lymphoma,218,Ecuador,1,0,1991,5.369908386,4.117752755,0.5224646307,22
26,Non-Hodgkin lymphoma,218,Ecuador,1,0,1992,10.50815872,7.503605391,1.079020518,41
26,Non-Hodgkin lymphoma,218,Ecuador,1,0,1993,9.80806801,7.158055228,1.06432298,40
26,Non-Hodgkin lymphoma,218,Ecuador,1,0,1994,8.668747518,5.774288319,1.148938286,33
26,Non-Hodgkin lymphoma,218,Ecuador,1,0,1995,10.33126294,7.699204073,1.258720748,45
26,Non-Hodgkin lymphoma,218,Ecuador,1,0,1996,13.01989384,10.20498639,1.328156217,61
26,Non-Hodgkin lymphoma,218,Ecuador,1,0,1997,10.02207981,7.851861546,1.137501504,48
26,Non-Hodgkin lymphoma,218,Ecuador,1,0,1998,9.928074491,8.263134252,1.110048894,55
26,Non-Hodgkin lymphoma,218,Ecuador,1,0,1999,9.671946004,8.137852258,0.9717042227,55
26,Non-Hodgkin lymphoma,218,Ecuador,1,0,2000,7.93404698,7.433307924,0.7080508167,51
26,Non-Hodgkin lymphoma,218,Ecuador,1,0,2001,9.037150278,7.61113696,0.9880246547,53
26,Non-Hodgkin lymphoma,218,Ecuador,1,0,2002,9.384059744,7.92533205,1.022624812,56
26,Non-Hodgkin lymphoma,218,Ecuador,1,0,2003,10.14461834,8.810843771,1.028904239,63
26,Non-Hodgkin lymphoma,218,Ecuador,1,0,2004,12.67754412,10.22215223,1.563611136,74
26,Non-Hodgkin lymphoma,218,Ecuador,1,0,2005,11.41807356,9.685956727,1.269929276,71
26,Non-Hodgkin lymphoma,218,Ecuador,1,0,2006,10.81130367,8.348582963,1.306795757,62
26,Non-Hodgkin lymphoma,218,Ecuador,1,0,2007,13.15947967,10.89078666,1.344030907,82
26,Non-Hodgkin lymphoma,218,Ecuador,1,0,2008,9.942534828,8.673311825,1.139020772,66
26,Non-Hodgkin lymphoma,218,Ecuador,1,0,2009,13.89389164,12.1717039,1.696995917,94
26,Non-Hodgkin lymphoma,218,Ecuador,1,0,2010,13.94813136,12.2508984,1.640284138,96
26,Non-Hodgkin lymphoma,218,Ecuador,1,0,2011,13.46741605,12.29595614,1.259647233,98
26,Non-Hodgkin lymphoma,218,Ecuador,1,0,2012,16.16793991,14.84108904,1.670024291,120
26,Non-Hodgkin lymphoma,218,Ecuador,1,0,2013,15.22367458,14.62789423,1.383526834,126
26,Non-Hodgkin lymphoma,218,Ecuador,1,0,2014,15.51427111,14.69363765,1.642819561,129
26,Non-Hodgkin lymphoma,218,Ecuador,1,0,2015,15.34727048,14.19820924,1.703650635,127
26,Non-Hodgkin lymphoma,218,Ecuador,1,0,2016,13.61236016,12.7332322,1.487307959,116
26,Non-Hodgkin lymphoma,218,Ecuador,1,0,2017,15.25978633,14.33969994,1.648897046,133
26,Non-Hodgkin lymphoma,218,Ecuador,1,1,1998,2.068349665,1.371428348,0.2159513336,84
26,Non-Hodgkin lymphoma,218,Ecuador,1,1,1999,2.808968438,1.828503678,0.2782120898,114
26,Non-Hodgkin lymphoma,218,Ecuador,1,1,2000,2.168773493,1.481791618,0.2173127545,94
26,Non-Hodgkin lymphoma,218,Ecuador,1,1,2001,1.945948265,1.363426638,0.2041766954,88
26,Non-Hodgkin lymphoma,218,Ecuador,1,1,2002,2.266007639,1.598661631,0.2265521523,105
26,Non-Hodgkin lymphoma,218,Ecuador,1,1,2003,2.1480232,1.525898766,0.2048531218,102
26,Non-Hodgkin lymphoma,218,Ecuador,1,1,2004,2.647132191,1.999343157,0.2499240907,136
26,Non-Hodgkin lymphoma,218,Ecuador,1,1,2005,2.392992981,1.748498567,0.2499752018,121
26,Non-Hodgkin lymphoma,218,Ecuador,1,1,2006,2.687839196,2.017226833,0.2645544541,142
26,Non-Hodgkin lymphoma,218,Ecuador,1,1,2007,2.712251035,2.108995102,0.2873755095,151
26,Non-Hodgkin lymphoma,218,Ecuador,1,1,2008,2.437767883,1.908788998,0.2490854745,139
26,Non-Hodgkin lymphoma,218,Ecuador,1,1,2009,2.481687851,2.011728241,0.2476420038,149
26,Non-Hodgkin lymphoma,218,Ecuador,1,1,2010,3.007635548,2.48303272,0.2977487006,187
26,Non-Hodgkin lymphoma,218,Ecuador,1,1,2011,3.225775315,2.730148587,0.3097225017,209
26,Non-Hodgkin lymphoma,218,Ecuador,1,1,2012,3.245552593,2.738514663,0.3606119928,213
26,Non-Hodgkin lymphoma,218,Ecuador,1,1,2013,2.471783546,2.191145114,0.2146562677,173
26,Non-Hodgkin lymphoma,218,Ecuador,1,1,2014,2.931604145,2.521953165,0.2798383208,202
26,Non-Hodgkin lymphoma,218,Ecuador,1,1,2015,3.126589826,2.793641573,0.350381646,227
26,Non-Hodgkin lymphoma,218,Ecuador,1,1,2016,3.373859788,3.104747887,0.3356196011,256
26,Non-Hodgkin lymphoma,218,Ecuador,1,1,2017,2.954761182,2.79472361,0.2969945803,234
26,Non-Hodgkin lymphoma,218,Ecuador,1,1,2018,3.178189714,2.993788769,0.3370189623,255
26,Non-Hodgkin lymphoma,218,Ecuador,1,1,2019,3.321286007,3.221016823,0.3524050949,279
26,Non-Hodgkin lymphoma,218,Ecuador,1,1,2020,2.567277066,2.534245997,0.2216340864,222
26,Non-Hodgkin lymphoma,218,Ecuador,1,1,2021,2.676410554,2.709268919,0.2714211006,239
26,Non-Hodgkin lymphoma,218,Ecuador,1,1,2022,2.837137339,2.902521841,0.2979804803,258
26,Non-Hodgkin lymphoma,218,Ecuador,2,0,1985,7.253100452,4.788923412,0.9009279912,25
26,Non-Hodgkin lymphoma,218,Ecuador,2,0,1986,7.75172144,5.369008233,0.8770891781,29
26,Non-Hodgkin lymphoma,218,Ecuador,2,0,1987,6.190524555,5.010522096,0.6162450001,28
26,Non-Hodgkin lymphoma,218,Ecuador,2,0,1988,5.5252616,4.140093877,0.5611299697,24
26,Non-Hodgkin lymphoma,218,Ecuador,2,0,1989,5.00671088,4.323605222,0.5502188048,26
26,Non-Hodgkin lymphoma,218,Ecuador,2,0,1990,6.050089854,4.571195491,0.7967060685,26
26,Non-Hodgkin lymphoma,218,Ecuador,2,0,1991,7.861898826,5.681730138,0.9010282137,33
26,Non-Hodgkin lymphoma,218,Ecuador,2,0,1992,7.123150945,5.225303278,0.9099288849,31
26,Non-Hodgkin lymphoma,218,Ecuador,2,0,1993,8.885999051,6.435728524,1.065632576,39
26,Non-Hodgkin lymphoma,218,Ecuador,2,0,1994,7.882006787,6.139032941,0.9839403671,38
26,Non-Hodgkin lymphoma,218,Ecuador,2,0,1995,6.389226935,6.010119143,0.6554267716,38
26,Non-Hodgkin lymphoma,218,Ecuador,2,0,1996,8.171878252,6.967799476,0.7572441565,45
26,Non-Hodgkin lymphoma,218,Ecuador,2,0,1997,10.43334148,8.337363059,1.13218726,55
26,Non-Hodgkin lymphoma,218,Ecuador,2,0,1998,7.401048797,6.33281029,0.9015436097,45
26,Non-Hodgkin lymphoma,218,Ecuador,2,0,1999,8.253627404,7.335325405,0.8934040084,53
26,Non-Hodgkin lymphoma,218,Ecuador,2,0,2000,6.77229434,6.399111204,0.7373177842,47
26,Non-Hodgkin lymphoma,218,Ecuador,2,0,2001,6.812831668,6.430670009,0.7583283519,48
26,Non-Hodgkin lymphoma,218,Ecuador,2,0,2002,9.312100719,8.043577731,1.06596979,61
26,Non-Hodgkin lymphoma,218,Ecuador,2,0,2003,8.255643134,7.688087764,0.9542205271,59
26,Non-Hodgkin lymphoma,218,Ecuador,2,0,2004,9.539730302,8.494295952,1.097453645,66
26,Non-Hodgkin lymphoma,218,Ecuador,2,0,2005,9.779205578,9.022311796,1.027932376,71
26,Non-Hodgkin lymphoma,218,Ecuador,2,0,2006,9.67413407,8.654577017,1.045649281,69
26,Non-Hodgkin lymphoma,218,Ecuador,2,0,2007,9.292588554,8.556908401,0.9024169528,69
26,Non-Hodgkin lymphoma,218,Ecuador,2,0,2008,9.308327274,9.477867947,0.9865989819,77
26,Non-Hodgkin lymphoma,218,Ecuador,2,0,2009,11.48919234,11.28670911,1.352342118,93
26,Non-Hodgkin lymphoma,218,Ecuador,2,0,2010,11.70716438,11.72908214,1.421151744,98
26,Non-Hodgkin lymphoma,218,Ecuador,2,0,2011,11.85899974,12.12032779,1.316165595,103
26,Non-Hodgkin lymphoma,218,Ecuador,2,0,2012,12.06878032,12.17908121,1.31580024,105
26,Non-Hodgkin lymphoma,218,Ecuador,2,0,2013,11.06767742,11.56384662,1.271514547,106
26,Non-Hodgkin lymphoma,218,Ecuador,2,0,2014,10.82265304,11.03173498,1.24656321,103
26,Non-Hodgkin lymphoma,218,Ecuador,2,0,2015,12.74416989,13.35918212,1.386548203,127
26,Non-Hodgkin lymphoma,218,Ecuador,2,0,2016,11.61558673,12.60865926,1.285281763,122
26,Non-Hodgkin lymphoma,218,Ecuador,2,0,2017,12.34655879,13.10351062,1.323454602,129
26,Non-Hodgkin lymphoma,218,Ecuador,2,1,1998,1.761571552,1.354840363,0.1762177297,83
26,Non-Hodgkin lymphoma,218,Ecuador,2,1,1999,1.764382306,1.314904993,0.2060862851,82
26,Non-Hodgkin lymphoma,218,Ecuador,2,1,2000,1.931849356,1.528634636,0.1969715532,97
26,Non-Hodgkin lymphoma,218,Ecuador,2,1,2001,1.738219177,1.409451347,0.2022247668,91
26,Non-Hodgkin lymphoma,218,Ecuador,2,1,2002,1.612342653,1.324104175,0.1796877855,87
26,Non-Hodgkin lymphoma,218,Ecuador,2,1,2003,1.540010382,1.241080667,0.17200728,83
26,Non-Hodgkin lymphoma,218,Ecuador,2,1,2004,1.745251259,1.513266277,0.1786298534,103
26,Non-Hodgkin lymphoma,218,Ecuador,2,1,2005,1.772130387,1.617108546,0.1723498376,112
26,Non-Hodgkin lymphoma,218,Ecuador,2,1,2006,1.831651799,1.646146131,0.1904187928,116
26,Non-Hodgkin lymphoma,218,Ecuador,2,1,2007,1.965641925,1.785473914,0.2160551226,128
26,Non-Hodgkin lymphoma,218,Ecuador,2,1,2008,1.495879566,1.439717388,0.1366840958,105
26,Non-Hodgkin lymphoma,218,Ecuador,2,1,2009,1.829236552,1.752165845,0.1984009821,130
26,Non-Hodgkin lymphoma,218,Ecuador,2,1,2010,1.616499668,1.590334583,0.1621022819,120
26,Non-Hodgkin lymphoma,218,Ecuador,2,1,2011,2.13072379,2.098822196,0.2284380139,161
26,Non-Hodgkin lymphoma,218,Ecuador,2,1,2012,1.754785475,1.732044504,0.1930653619,135
26,Non-Hodgkin lymphoma,218,Ecuador,2,1,2013,2.030065703,2.022318049,0.213471153,160
26,Non-Hodgkin lymphoma,218,Ecuador,2,1,2014,1.850006234,1.943814781,0.1910818721,156
26,Non-Hodgkin lymphoma,218,Ecuador,2,1,2015,2.153470559,2.198847018,0.235588729,179
26,Non-Hodgkin lymphoma,218,Ecuador,2,1,2016,2.263136381,2.421395157,0.2405500457,200
26,Non-Hodgkin lymphoma,218,Ecuador,2,1,2017,2.416164637,2.58746095,0.2589269966,217
26,Non-Hodgkin lymphoma,218,Ecuador,2,1,2018,2.287758228,2.484789746,0.2456631185,212
26,Non-Hodgkin lymphoma,218,Ecuador,2,1,2019,2.496604519,2.83470196,0.2556947423,246
26,Non-Hodgkin lymphoma,218,Ecuador,2,1,2020,1.894496302,2.208042442,0.2017144693,194
26,Non-Hodgkin lymphoma,218,Ecuador,2,1,2021,1.668056153,1.997542909,0.1555812729,177
26,Non-Hodgkin lymphoma,218,Ecuador,2,1,2022,1.924066448,2.316712766,0.1858610483,207
26,Non-Hodgkin lymphoma,233,Estonia,1,0,1983,3.955461917,4.425290392,0.4732560789,31
26,Non-Hodgkin lymphoma,233,Estonia,1,0,1984,3.794505666,4.110070523,0.4421512621,29
26,Non-Hodgkin lymphoma,233,Estonia,1,0,1985,4.94426711,5.766672011,0.514012179,41
26,Non-Hodgkin lymphoma,233,Estonia,1,0,1986,4.466401981,4.879789862,0.5492416944,35
26,Non-Hodgkin lymphoma,233,Estonia,1,0,1987,4.675057114,5.111506831,0.416705933,37
26,Non-Hodgkin lymphoma,233,Estonia,1,0,1988,4.152664228,4.79926064,0.4926770631,35
26,Non-Hodgkin lymphoma,233,Estonia,1,0,1989,3.968819235,4.502261363,0.3980586087,33
26,Non-Hodgkin lymphoma,233,Estonia,1,0,1990,3.854675744,4.359411697,0.5067549819,32
26,Non-Hodgkin lymphoma,233,Estonia,1,0,1991,5.205897622,5.889184718,0.5267950741,43
26,Non-Hodgkin lymphoma,233,Estonia,1,0,1992,4.802909273,5.594170874,0.5254247039,40
26,Non-Hodgkin lymphoma,233,Estonia,1,0,1993,5.585183649,6.622011278,0.6676561041,46
26,Non-Hodgkin lymphoma,233,Estonia,1,0,1994,4.791636768,5.746855439,0.4792677421,39
26,Non-Hodgkin lymphoma,233,Estonia,1,0,1995,6.576272603,8.116517112,0.7414799995,54
26,Non-Hodgkin lymphoma,233,Estonia,1,0,1996,7.144297583,8.404350092,0.8113970587,55
26,Non-Hodgkin lymphoma,233,Estonia,1,0,1997,8.149298471,10.21284497,0.9616936648,66
26,Non-Hodgkin lymphoma,233,Estonia,1,0,1998,7.224576278,8.755075208,0.6953738061,56
26,Non-Hodgkin lymphoma,233,Estonia,1,0,1999,7.325784787,9.458471007,0.746794622,60
26,Non-Hodgkin lymphoma,233,Estonia,1,0,2000,7.824039064,9.829896709,0.8761839501,64
26,Non-Hodgkin lymphoma,233,Estonia,1,0,2001,7.45841714,10.05126143,0.8232394636,65
26,Non-Hodgkin lymphoma,233,Estonia,1,0,2002,6.498268846,9.343684059,0.7833267736,60
26,Non-Hodgkin lymphoma,233,Estonia,1,0,2003,6.920169064,9.722135106,0.7423121312,62
26,Non-Hodgkin lymphoma,233,Estonia,1,0,2004,8.571938623,11.99532814,1.006533403,76
26,Non-Hodgkin lymphoma,233,Estonia,1,0,2005,7.747115425,10.79673558,0.9051711205,68
26,Non-Hodgkin lymphoma,233,Estonia,1,0,2006,6.89996104,9.902650556,0.6700609775,62
26,Non-Hodgkin lymphoma,233,Estonia,1,0,2007,6.799490201,10.27031798,0.67752146,64
26,Non-Hodgkin lymphoma,233,Estonia,1,0,2008,7.702182967,12.06398739,0.8672083536,75
26,Non-Hodgkin lymphoma,233,Estonia,1,0,2009,7.734830633,11.59308279,0.7326924591,72
26,Non-Hodgkin lymphoma,233,Estonia,1,0,2010,8.478096167,12.09189843,0.8660429851,75
26,Non-Hodgkin lymphoma,233,Estonia,1,0,2011,11.72323831,16.15720312,1.143778319,100
26,Non-Hodgkin lymphoma,233,Estonia,1,0,2012,10.31621429,15.5552999,1.118119986,96
26,Non-Hodgkin lymphoma,233,Estonia,1,0,2013,9.123176471,15.10861142,1.00395549,93
26,Non-Hodgkin lymphoma,233,Estonia,1,0,2014,11.42865322,16.92008837,1.121144275,104
26,Non-Hodgkin lymphoma,233,Estonia,1,0,2015,8.475454641,14.13372453,0.9336707883,87
26,Non-Hodgkin lymphoma,233,Estonia,1,0,2016,9.420294367,15.55605609,1.055795037,96
26,Non-Hodgkin lymphoma,233,Estonia,1,0,2017,11.94039755,18.8919622,1.36029446,117
26,Non-Hodgkin lymphoma,233,Estonia,1,1,1995,2.478663714,3.104396417,0.2887433149,21
26,Non-Hodgkin lymphoma,233,Estonia,1,1,1996,2.9793529,3.594958969,0.2828447622,24
26,Non-Hodgkin lymphoma,233,Estonia,1,1,1997,2.569346422,3.325983414,0.323003216,22
26,Non-Hodgkin lymphoma,233,Estonia,1,1,1998,2.927541375,3.50094221,0.3133135198,23
26,Non-Hodgkin lymphoma,233,Estonia,1,1,1999,3.745359403,4.893497612,0.3911800267,32
26,Non-Hodgkin lymphoma,233,Estonia,1,1,2000,3.46603098,4.914465268,0.4276406751,32
26,Non-Hodgkin lymphoma,233,Estonia,1,1,2001,4.997277443,6.494299706,0.567258885,42
26,Non-Hodgkin lymphoma,233,Estonia,1,1,2002,4.499646964,6.540487173,0.550141681,42
26,Non-Hodgkin lymphoma,233,Estonia,1,1,2003,4.124696055,5.80165551,0.3988021853,37
26,Non-Hodgkin lymphoma,233,Estonia,1,1,2004,5.608563408,8.206882892,0.586342417,52
26,Non-Hodgkin lymphoma,233,Estonia,1,1,2005,3.197549831,4.763265695,0.4122739152,30
26,Non-Hodgkin lymphoma,233,Estonia,1,1,2006,2.914894796,4.631951521,0.3088721965,29
26,Non-Hodgkin lymphoma,233,Estonia,1,1,2007,2.487967533,4.332891218,0.2762816718,27
26,Non-Hodgkin lymphoma,233,Estonia,1,1,2008,2.52597277,4.343175183,0.3115258864,27
26,Non-Hodgkin lymphoma,233,Estonia,1,1,2009,2.745539306,5.152468797,0.2046919777,32
26,Non-Hodgkin lymphoma,233,Estonia,1,1,2010,3.953328291,6.449080079,0.3748866386,40
26,Non-Hodgkin lymphoma,233,Estonia,1,1,2011,3.998818219,6.786288466,0.4697597727,42
26,Non-Hodgkin lymphoma,233,Estonia,1,1,2012,3.012479755,5.509289229,0.2316258685,34
26,Non-Hodgkin lymphoma,233,Estonia,1,1,2013,4.094101709,7.310873788,0.4981169239,45
26,Non-Hodgkin lymphoma,233,Estonia,1,1,2014,4.411164078,7.647020062,0.464469143,47
26,Non-Hodgkin lymphoma,233,Estonia,1,1,2015,5.161734905,9.585165413,0.5303419463,59
26,Non-Hodgkin lymphoma,233,Estonia,1,1,2016,3.689417391,7.29149957,0.4404324229,45
26,Non-Hodgkin lymphoma,233,Estonia,1,1,2017,4.165956346,8.072842876,0.5145333121,50
26,Non-Hodgkin lymphoma,233,Estonia,1,1,2018,4.182784428,8.662001484,0.3572564547,54
26,Non-Hodgkin lymphoma,233,Estonia,1,1,2019,4.222024332,8.765135796,0.4949650832,55
26,Non-Hodgkin lymphoma,233,Estonia,1,1,2020,3.530428158,7.301575712,0.3472081583,46
26,Non-Hodgkin lymphoma,233,Estonia,1,1,2021,3.607644337,7.600252075,0.3827099642,48
26,Non-Hodgkin lymphoma,233,Estonia,1,1,2022,3.468479083,6.555028292,0.3344477571,42
26,Non-Hodgkin lymphoma,233,Estonia,2,0,1983,1.382574198,1.980129401,0.1893876282,16
26,Non-Hodgkin lymphoma,233,Estonia,2,0,1984,2.39096557,3.813657322,0.2853718302,31
26,Non-Hodgkin lymphoma,233,Estonia,2,0,1985,1.836635664,2.812856958,0.225835959,23
26,Non-Hodgkin lymphoma,233,Estonia,2,0,1986,2.212369017,2.916652995,0.2173354728,24
26,Non-Hodgkin lymphoma,233,Estonia,2,0,1987,2.023160674,2.776744882,0.2026256267,23
26,Non-Hodgkin lymphoma,233,Estonia,2,0,1988,2.664990388,3.843382176,0.2984671163,32
26,Non-Hodgkin lymphoma,233,Estonia,2,0,1989,2.212233839,3.472363578,0.2681382028,29
26,Non-Hodgkin lymphoma,233,Estonia,2,0,1990,2.556986622,3.951480608,0.2805778784,33
26,Non-Hodgkin lymphoma,233,Estonia,2,0,1991,2.339410097,3.128150709,0.2449043041,26
26,Non-Hodgkin lymphoma,233,Estonia,2,0,1992,2.409318445,3.789448464,0.2672020742,31
26,Non-Hodgkin lymphoma,233,Estonia,2,0,1993,3.307704005,4.753119234,0.3433346929,38
26,Non-Hodgkin lymphoma,233,Estonia,2,0,1994,2.851996872,4.592527957,0.3575072972,36
26,Non-Hodgkin lymphoma,233,Estonia,2,0,1995,4.36499279,7.000949018,0.4982035538,54
26,Non-Hodgkin lymphoma,233,Estonia,2,0,1996,2.506014616,4.466801809,0.3369712998,34
26,Non-Hodgkin lymphoma,233,Estonia,2,0,1997,4.659026387,7.965059937,0.520527127,60
26,Non-Hodgkin lymphoma,233,Estonia,2,0,1998,5.33264109,8.974893072,0.5828174605,67
26,Non-Hodgkin lymphoma,233,Estonia,2,0,1999,5.308457256,9.040834887,0.505786459,67
26,Non-Hodgkin lymphoma,233,Estonia,2,0,2000,4.892242096,8.446059176,0.4811022372,63
26,Non-Hodgkin lymphoma,233,Estonia,2,0,2001,5.043571437,9.576089449,0.4908623068,71
26,Non-Hodgkin lymphoma,233,Estonia,2,0,2002,4.210402533,8.13884876,0.4917750516,60
26,Non-Hodgkin lymphoma,233,Estonia,2,0,2003,4.522514722,9.276944065,0.5085268972,68
26,Non-Hodgkin lymphoma,233,Estonia,2,0,2004,4.678231409,10.15130938,0.5343165992,74
26,Non-Hodgkin lymphoma,233,Estonia,2,0,2005,3.739274888,8.690194564,0.4037942033,63
26,Non-Hodgkin lymphoma,233,Estonia,2,0,2006,4.050384837,7.770061675,0.4422020297,56
26,Non-Hodgkin lymphoma,233,Estonia,2,0,2007,4.827481302,10.59196544,0.5633702597,76
26,Non-Hodgkin lymphoma,233,Estonia,2,0,2008,5.045870287,10.76313417,0.5233887927,77
26,Non-Hodgkin lymphoma,233,Estonia,2,0,2009,5.033371629,11.6335298,0.5977063939,83
26,Non-Hodgkin lymphoma,233,Estonia,2,0,2010,6.42046615,12.79482583,0.7256601636,91
26,Non-Hodgkin lymphoma,233,Estonia,2,0,2011,7.050415783,14.11392762,0.7381797031,100
26,Non-Hodgkin lymphoma,233,Estonia,2,0,2012,5.676878228,11.90572368,0.6436308076,84
26,Non-Hodgkin lymphoma,233,Estonia,2,0,2013,6.909832636,15.23231414,0.7296418155,107
26,Non-Hodgkin lymphoma,233,Estonia,2,0,2014,6.628290768,14.85945669,0.7467821311,104
26,Non-Hodgkin lymphoma,233,Estonia,2,0,2015,6.895113247,16.02153752,0.68818151,112
26,Non-Hodgkin lymphoma,233,Estonia,2,0,2016,5.867229504,15.02861878,0.5651690809,105
26,Non-Hodgkin lymphoma,233,Estonia,2,0,2017,8.794793841,17.61993373,0.989558154,123
26,Non-Hodgkin lymphoma,233,Estonia,2,1,1995,1.547736691,3.091520603,0.1831086982,24
26,Non-Hodgkin lymphoma,233,Estonia,2,1,1996,1.494123121,2.607393656,0.1874518841,20
26,Non-Hodgkin lymphoma,233,Estonia,2,1,1997,1.358907954,2.499876651,0.1702481603,19
26,Non-Hodgkin lymphoma,233,Estonia,2,1,1998,2.007907744,3.977532246,0.2130025976,30
26,Non-Hodgkin lymphoma,233,Estonia,2,1,1999,2.08885242,4.001875546,0.2723998969,30
26,Non-Hodgkin lymphoma,233,Estonia,2,1,2000,2.841351291,6.167393793,0.3507494331,46
26,Non-Hodgkin lymphoma,233,Estonia,2,1,2001,2.114179225,4.585606187,0.1843269013,34
26,Non-Hodgkin lymphoma,233,Estonia,2,1,2002,2.524989795,5.832240353,0.2836359803,43
26,Non-Hodgkin lymphoma,233,Estonia,2,1,2003,1.570598176,4.092205576,0.1992010397,30
26,Non-Hodgkin lymphoma,233,Estonia,2,1,2004,2.136648139,5.212180317,0.2632372302,38
26,Non-Hodgkin lymphoma,233,Estonia,2,1,2005,1.862369913,4.827403099,0.2169927535,35
26,Non-Hodgkin lymphoma,233,Estonia,2,1,2006,1.44761196,4.439545529,0.1566194672,32
26,Non-Hodgkin lymphoma,233,Estonia,2,1,2007,2.000935663,5.156334487,0.2167394059,37
26,Non-Hodgkin lymphoma,233,Estonia,2,1,2008,1.165618585,3.913845087,0.1206933412,28
26,Non-Hodgkin lymphoma,233,Estonia,2,1,2009,1.908731489,4.905622825,0.2304746181,35
26,Non-Hodgkin lymphoma,233,Estonia,2,1,2010,2.496619541,7.170928213,0.2820289678,51
26,Non-Hodgkin lymphoma,233,Estonia,2,1,2011,1.363809032,4.657974134,0.180724559,33
26,Non-Hodgkin lymphoma,233,Estonia,2,1,2012,2.231287066,6.378667468,0.2196711292,45
26,Non-Hodgkin lymphoma,233,Estonia,2,1,2013,2.347060989,8.826904405,0.2097796991,62
26,Non-Hodgkin lymphoma,233,Estonia,2,1,2014,1.993577345,6.572992005,0.2281117832,46
26,Non-Hodgkin lymphoma,233,Estonia,2,1,2015,2.160154532,7.724863259,0.2498199074,54
26,Non-Hodgkin lymphoma,233,Estonia,2,1,2016,1.670378486,6.726855324,0.1090646948,47
26,Non-Hodgkin lymphoma,233,Estonia,2,1,2017,1.507739836,6.303146989,0.1472578407,44
26,Non-Hodgkin lymphoma,233,Estonia,2,1,2018,2.714711684,7.443969812,0.284850727,52
26,Non-Hodgkin lymphoma,233,Estonia,2,1,2019,2.847975175,8.150594386,0.2929414561,57
26,Non-Hodgkin lymphoma,233,Estonia,2,1,2020,2.072288739,7.575015883,0.2253784473,53
26,Non-Hodgkin lymphoma,233,Estonia,2,1,2021,2.024202031,8.283448171,0.1528218397,58
26,Non-Hodgkin lymphoma,233,Estonia,2,1,2022,1.624118133,7.612474308,0.1123559151,54
26,Non-Hodgkin lymphoma,246,Finland,1,0,1953,2.981758555,2.624137473,0.3166030573,52
26,Non-Hodgkin lymphoma,246,Finland,1,0,1954,4.356117728,3.788248852,0.4423462959,76
26,Non-Hodgkin lymphoma,246,Finland,1,0,1955,3.811951332,3.495748603,0.4106299525,71
26,Non-Hodgkin lymphoma,246,Finland,1,0,1956,4.001346899,3.600289093,0.4194761887,74
26,Non-Hodgkin lymphoma,246,Finland,1,0,1957,4.519541154,4.283964255,0.5476502438,89
26,Non-Hodgkin lymphoma,246,Finland,1,0,1958,4.124184157,3.863730518,0.4133637929,81
26,Non-Hodgkin lymphoma,246,Finland,1,0,1959,4.245023417,4.019033196,0.4592762884,85
26,Non-Hodgkin lymphoma,246,Finland,1,0,1960,3.457659849,3.374793294,0.3684141245,72
26,Non-Hodgkin lymphoma,246,Finland,1,0,1961,4.909277304,4.557995375,0.505327265,98
26,Non-Hodgkin lymphoma,246,Finland,1,0,1962,4.431036356,4.247463699,0.4465108306,92
26,Non-Hodgkin lymphoma,246,Finland,1,0,1963,4.305996966,4.215468156,0.471410556,92
26,Non-Hodgkin lymphoma,246,Finland,1,0,1964,4.438185925,4.326940923,0.5270253572,95
26,Non-Hodgkin lymphoma,246,Finland,1,0,1965,4.294002666,4.356122053,0.4726372263,96
26,Non-Hodgkin lymphoma,246,Finland,1,0,1966,6.060034306,5.874576437,0.6771093551,130
26,Non-Hodgkin lymphoma,246,Finland,1,0,1967,5.592667768,5.616476856,0.6325992255,125
26,Non-Hodgkin lymphoma,246,Finland,1,0,1968,5.34927837,5.500563584,0.5914694968,123
26,Non-Hodgkin lymphoma,246,Finland,1,0,1969,4.726184254,4.877068783,0.5413664689,109
26,Non-Hodgkin lymphoma,246,Finland,1,0,1970,6.090942366,6.112082103,0.6338137152,136
26,Non-Hodgkin lymphoma,246,Finland,1,0,1971,6.172546065,6.510969187,0.7270665713,145
26,Non-Hodgkin lymphoma,246,Finland,1,0,1972,5.558574479,5.665737545,0.5345032323,127
26,Non-Hodgkin lymphoma,246,Finland,1,0,1973,5.675848806,6.162449711,0.6560318514,139
26,Non-Hodgkin lymphoma,246,Finland,1,0,1974,5.70654633,6.128805895,0.5636095321,139
26,Non-Hodgkin lymphoma,246,Finland,1,0,1975,5.989368693,6.584826059,0.6609008896,150
26,Non-Hodgkin lymphoma,246,Finland,1,0,1976,6.236361272,6.829366099,0.6491416961,156
26,Non-Hodgkin lymphoma,246,Finland,1,0,1977,7.446202182,8.293213096,0.809030685,190
26,Non-Hodgkin lymphoma,246,Finland,1,0,1978,7.073830009,7.919141217,0.8318246994,182
26,Non-Hodgkin lymphoma,246,Finland,1,0,1979,6.831983371,7.813222316,0.7624870361,180
26,Non-Hodgkin lymphoma,246,Finland,1,0,1980,7.796342352,8.957884312,0.8026580241,207
26,Non-Hodgkin lymphoma,246,Finland,1,0,1981,7.684762024,8.831798611,0.8578147419,205
26,Non-Hodgkin lymphoma,246,Finland,1,0,1982,7.324690846,8.436213023,0.787736699,197
26,Non-Hodgkin lymphoma,246,Finland,1,0,1983,8.45764968,10.25522969,0.914832472,241
26,Non-Hodgkin lymphoma,246,Finland,1,0,1984,7.946566097,9.817197021,0.8613702475,232
26,Non-Hodgkin lymphoma,246,Finland,1,0,1985,7.356180342,8.931941973,0.8338515985,212
26,Non-Hodgkin lymphoma,246,Finland,1,0,1986,9.492464698,11.46180887,1.049699037,273
26,Non-Hodgkin lymphoma,246,Finland,1,0,1987,9.609921089,11.92784532,1.061222975,285
26,Non-Hodgkin lymphoma,246,Finland,1,0,1988,8.3688647,10.76292448,0.9082356334,258
26,Non-Hodgkin lymphoma,246,Finland,1,0,1989,10.17546486,12.75412702,1.092720994,307
26,Non-Hodgkin lymphoma,246,Finland,1,0,1990,10.89622562,13.80460776,1.236096109,334
26,Non-Hodgkin lymphoma,246,Finland,1,0,1991,11.08478552,13.92412706,1.1859353,339
26,Non-Hodgkin lymphoma,246,Finland,1,0,1992,10.39005528,13.6317517,1.168879437,334
26,Non-Hodgkin lymphoma,246,Finland,1,0,1993,11.71182208,15.54547783,1.297124793,383
26,Non-Hodgkin lymphoma,246,Finland,1,0,1994,11.71617237,15.67092669,1.233908347,388
26,Non-Hodgkin lymphoma,246,Finland,1,0,1995,12.4934378,16.68895211,1.319602203,415
26,Non-Hodgkin lymphoma,246,Finland,1,0,1996,12.12290823,16.74579858,1.306283044,418
26,Non-Hodgkin lymphoma,246,Finland,1,0,1997,12.00468667,16.68764599,1.343177504,418
26,Non-Hodgkin lymphoma,246,Finland,1,0,1998,11.45722376,16.39744542,1.207149249,412
26,Non-Hodgkin lymphoma,246,Finland,1,0,1999,11.97815889,17.58250132,1.330123845,443
26,Non-Hodgkin lymphoma,246,Finland,1,0,2000,12.55313325,18.96140957,1.374616434,479
26,Non-Hodgkin lymphoma,246,Finland,1,0,2001,10.87403507,16.30175858,1.188724509,413
26,Non-Hodgkin lymphoma,246,Finland,1,0,2002,12.43141512,18.49478791,1.304519724,470
26,Non-Hodgkin lymphoma,246,Finland,1,0,2003,12.21583315,17.96850372,1.296956945,458
26,Non-Hodgkin lymphoma,246,Finland,1,0,2004,11.52090066,17.94731934,1.203072877,459
26,Non-Hodgkin lymphoma,246,Finland,1,0,2005,12.4197886,19.8658974,1.306924152,510
26,Non-Hodgkin lymphoma,246,Finland,1,0,2006,12.19429772,20.55820571,1.345776564,530
26,Non-Hodgkin lymphoma,246,Finland,1,0,2007,11.26529001,19.53468459,1.216677529,506
26,Non-Hodgkin lymphoma,246,Finland,1,0,2008,12.08137709,20.9275714,1.356315089,545
26,Non-Hodgkin lymphoma,246,Finland,1,0,2009,13.94451115,23.56436854,1.515043302,617
26,Non-Hodgkin lymphoma,246,Finland,1,0,2010,12.5039389,22.07663633,1.358541191,581
26,Non-Hodgkin lymphoma,246,Finland,1,0,2011,12.91972312,23.05824096,1.460894927,610
26,Non-Hodgkin lymphoma,246,Finland,1,0,2012,13.18959195,23.65036859,1.431323698,629
26,Non-Hodgkin lymphoma,246,Finland,1,0,2013,12.73896222,23.48986887,1.420682757,628
26,Non-Hodgkin lymphoma,246,Finland,1,0,2014,12.82890448,24.79418684,1.424939587,666
26,Non-Hodgkin lymphoma,246,Finland,1,0,2015,13.60083586,25.51288595,1.456203341,688
26,Non-Hodgkin lymphoma,246,Finland,1,0,2016,12.78433002,25.01008069,1.43992253,677
26,Non-Hodgkin lymphoma,246,Finland,1,0,2017,12.57302132,25.14978483,1.414440472,683
26,Non-Hodgkin lymphoma,246,Finland,1,0,2018,12.31423012,26.6793032,1.35070697,726
26,Non-Hodgkin lymphoma,246,Finland,1,0,2019,12.72458678,26.85473788,1.442100558,732
26,Non-Hodgkin lymphoma,246,Finland,1,0,2020,12.5744845,26.76640907,1.410516197,731
26,Non-Hodgkin lymphoma,246,Finland,1,0,2021,13.51156756,28.81187181,1.439627235,789
26,Non-Hodgkin lymphoma,246,Finland,1,0,2022,12.7351738,27.83550056,1.423118149,765
26,Non-Hodgkin lymphoma,246,Finland,1,1,1997,5.508510384,8.143938524,0.6519854123,204
26,Non-Hodgkin lymphoma,246,Finland,1,1,1998,5.605060457,8.556679244,0.5758339479,215
26,Non-Hodgkin lymphoma,246,Finland,1,1,1999,6.263735269,9.564938191,0.7057450736,241
26,Non-Hodgkin lymphoma,246,Finland,1,1,2000,5.475614143,8.510656827,0.6202307641,215
26,Non-Hodgkin lymphoma,246,Finland,1,1,2001,5.252072754,8.801915265,0.5287344234,223
26,Non-Hodgkin lymphoma,246,Finland,1,1,2002,5.242178382,8.971623699,0.5547972251,228
26,Non-Hodgkin lymphoma,246,Finland,1,1,2003,5.055612875,8.709268722,0.5591535346,222
26,Non-Hodgkin lymphoma,246,Finland,1,1,2004,5.052529333,8.836473051,0.5311601582,226
26,Non-Hodgkin lymphoma,246,Finland,1,1,2005,4.40799134,8.101963207,0.456017197,208
26,Non-Hodgkin lymphoma,246,Finland,1,1,2006,4.353688527,8.339463485,0.4211556592,215
26,Non-Hodgkin lymphoma,246,Finland,1,1,2007,4.267984262,8.261463746,0.433223295,214
26,Non-Hodgkin lymphoma,246,Finland,1,1,2008,4.427366907,8.869978215,0.4432371031,231
26,Non-Hodgkin lymphoma,246,Finland,1,1,2009,4.38413818,8.631093323,0.4731195707,226
26,Non-Hodgkin lymphoma,246,Finland,1,1,2010,4.17898044,8.815103768,0.4204095716,232
26,Non-Hodgkin lymphoma,246,Finland,1,1,2011,4.767481377,9.827684777,0.4940562956,260
26,Non-Hodgkin lymphoma,246,Finland,1,1,2012,4.46468729,9.249137358,0.4684933797,246
26,Non-Hodgkin lymphoma,246,Finland,1,1,2013,4.514921252,9.761985221,0.4679281623,261
26,Non-Hodgkin lymphoma,246,Finland,1,1,2014,3.818140056,9.418202631,0.3822559737,253
26,Non-Hodgkin lymphoma,246,Finland,1,1,2015,4.234731917,10.53083374,0.3878588067,284
26,Non-Hodgkin lymphoma,246,Finland,1,1,2016,3.20621414,8.053094272,0.3151238052,218
26,Non-Hodgkin lymphoma,246,Finland,1,1,2017,3.896055322,10.3835201,0.3541655188,282
26,Non-Hodgkin lymphoma,246,Finland,1,1,2018,3.849969789,10.17887817,0.3744451408,277
26,Non-Hodgkin lymphoma,246,Finland,1,1,2019,4.433896282,12.14296563,0.4273699315,331
26,Non-Hodgkin lymphoma,246,Finland,1,1,2020,3.944168261,10.80157974,0.3989612975,295
26,Non-Hodgkin lymphoma,246,Finland,1,1,2021,3.612440984,10.58968284,0.3716679864,290
26,Non-Hodgkin lymphoma,246,Finland,1,1,2022,3.265269131,9.734804669,0.309348449,268
26,Non-Hodgkin lymphoma,246,Finland,2,0,1953,1.790867835,1.853727034,0.2023955252,40
26,Non-Hodgkin lymphoma,246,Finland,2,0,1954,1.897802482,2.063561358,0.2064939421,45
26,Non-Hodgkin lymphoma,246,Finland,2,0,1955,1.580337635,1.724261148,0.1780364467,38
26,Non-Hodgkin lymphoma,246,Finland,2,0,1956,2.082440307,2.29078507,0.2161476319,51
26,Non-Hodgkin lymphoma,246,Finland,2,0,1957,2.497027427,2.848881102,0.2957856289,64
26,Non-Hodgkin lymphoma,246,Finland,2,0,1958,2.161528766,2.297497164,0.1889859011,52
26,Non-Hodgkin lymphoma,246,Finland,2,0,1959,2.531261831,2.895062537,0.2660608204,66
26,Non-Hodgkin lymphoma,246,Finland,2,0,1960,2.39281207,2.830800855,0.2706630106,65
26,Non-Hodgkin lymphoma,246,Finland,2,0,1961,3.09765728,3.548345011,0.3358529645,82
26,Non-Hodgkin lymphoma,246,Finland,2,0,1962,2.490382493,3.010177841,0.2717595102,70
26,Non-Hodgkin lymphoma,246,Finland,2,0,1963,3.237997531,3.759286077,0.3670929615,88
26,Non-Hodgkin lymphoma,246,Finland,2,0,1964,2.965642162,3.569916062,0.3672706149,84
26,Non-Hodgkin lymphoma,246,Finland,2,0,1965,2.710712254,3.38992172,0.3173159284,80
26,Non-Hodgkin lymphoma,246,Finland,2,0,1966,2.997316037,3.674074149,0.2815261498,87
26,Non-Hodgkin lymphoma,246,Finland,2,0,1967,2.818252257,3.697247525,0.3084792723,88
26,Non-Hodgkin lymphoma,246,Finland,2,0,1968,3.377819017,4.392691565,0.3272684413,105
26,Non-Hodgkin lymphoma,246,Finland,2,0,1969,3.046542826,3.976833064,0.3229456687,95
26,Non-Hodgkin lymphoma,246,Finland,2,0,1970,3.376367508,4.703499971,0.3608509159,112
26,Non-Hodgkin lymphoma,246,Finland,2,0,1971,4.292091331,5.953596329,0.5135144008,142
26,Non-Hodgkin lymphoma,246,Finland,2,0,1972,2.822298497,4.003148309,0.3113429888,96
26,Non-Hodgkin lymphoma,246,Finland,2,0,1973,2.821317231,3.899630966,0.309274844,94
26,Non-Hodgkin lymphoma,246,Finland,2,0,1974,3.519292273,5.159755312,0.3726576161,125
26,Non-Hodgkin lymphoma,246,Finland,2,0,1975,4.593629989,6.410585685,0.5113379966,156
26,Non-Hodgkin lymphoma,246,Finland,2,0,1976,3.877915205,5.734388843,0.4490459684,140
26,Non-Hodgkin lymphoma,246,Finland,2,0,1977,4.066067751,6.454587179,0.4526339577,158
26,Non-Hodgkin lymphoma,246,Finland,2,0,1978,4.496670453,7.089602182,0.5043317366,174
26,Non-Hodgkin lymphoma,246,Finland,2,0,1979,4.993018451,7.842649629,0.5388703517,193
26,Non-Hodgkin lymphoma,246,Finland,2,0,1980,4.799964248,7.736798177,0.520263841,191
26,Non-Hodgkin lymphoma,246,Finland,2,0,1981,5.45116285,8.471820707,0.620929923,210
26,Non-Hodgkin lymphoma,246,Finland,2,0,1982,5.669627857,9.390946927,0.6415155961,234
26,Non-Hodgkin lymphoma,246,Finland,2,0,1983,5.861276738,9.697633378,0.6458519964,243
26,Non-Hodgkin lymphoma,246,Finland,2,0,1984,6.096125487,10.32318313,0.7085970075,260
26,Non-Hodgkin lymphoma,246,Finland,2,0,1985,5.332946009,9.649219244,0.572154499,244
26,Non-Hodgkin lymphoma,246,Finland,2,0,1986,6.489101244,11.11842263,0.7014258312,282
26,Non-Hodgkin lymphoma,246,Finland,2,0,1987,6.715334808,11.99485912,0.7309625681,305
26,Non-Hodgkin lymphoma,246,Finland,2,0,1988,7.685972847,12.94441257,0.8700260787,330
26,Non-Hodgkin lymphoma,246,Finland,2,0,1989,6.652341338,11.8875051,0.7483144665,304
26,Non-Hodgkin lymphoma,246,Finland,2,0,1990,7.911016071,13.51799617,0.8436853812,347
26,Non-Hodgkin lymphoma,246,Finland,2,0,1991,7.266008337,13.37667116,0.8249606388,345
26,Non-Hodgkin lymphoma,246,Finland,2,0,1992,7.920705156,14.27562765,0.912120477,370
26,Non-Hodgkin lymphoma,246,Finland,2,0,1993,8.310960159,15.09965774,0.9354648043,393
26,Non-Hodgkin lymphoma,246,Finland,2,0,1994,8.055807691,14.77562581,0.8565276496,386
26,Non-Hodgkin lymphoma,246,Finland,2,0,1995,8.646403915,15.68034977,0.9181337708,411
26,Non-Hodgkin lymphoma,246,Finland,2,0,1996,8.210731923,15.14215074,0.8606709334,398
26,Non-Hodgkin lymphoma,246,Finland,2,0,1997,8.1807565,15.44599358,0.9053633312,407
26,Non-Hodgkin lymphoma,246,Finland,2,0,1998,8.470967303,16.09293157,0.9250006995,425
26,Non-Hodgkin lymphoma,246,Finland,2,0,1999,8.907815473,16.36479664,0.939178801,433
26,Non-Hodgkin lymphoma,246,Finland,2,0,2000,8.390125577,16.52814596,0.9464588585,438
26,Non-Hodgkin lymphoma,246,Finland,2,0,2001,8.476065565,15.97264158,0.9447628872,424
26,Non-Hodgkin lymphoma,246,Finland,2,0,2002,8.359001765,16.58305261,0.902714709,441
26,Non-Hodgkin lymphoma,246,Finland,2,0,2003,8.308973857,16.85366477,0.9219693976,449
26,Non-Hodgkin lymphoma,246,Finland,2,0,2004,8.567434467,16.92448739,0.9423948699,452
26,Non-Hodgkin lymphoma,246,Finland,2,0,2005,7.978059261,16.68606531,0.8998495391,447
26,Non-Hodgkin lymphoma,246,Finland,2,0,2006,8.869945646,18.37646191,1.002915498,494
26,Non-Hodgkin lymphoma,246,Finland,2,0,2007,9.057326435,18.34383008,1.031236613,495
26,Non-Hodgkin lymphoma,246,Finland,2,0,2008,8.472708287,18.27121796,0.9044820711,495
26,Non-Hodgkin lymphoma,246,Finland,2,0,2009,9.262384232,19.51839554,1.035073843,531
26,Non-Hodgkin lymphoma,246,Finland,2,0,2010,9.458985719,19.65873606,1.057503887,537
26,Non-Hodgkin lymphoma,246,Finland,2,0,2011,8.612374759,18.41186541,0.9801121905,505
26,Non-Hodgkin lymphoma,246,Finland,2,0,2012,9.901366704,22.18274992,1.120014625,611
26,Non-Hodgkin lymphoma,246,Finland,2,0,2013,8.900274369,20.24965657,0.989124942,560
26,Non-Hodgkin lymphoma,246,Finland,2,0,2014,9.899009708,21.9788297,1.098480447,610
26,Non-Hodgkin lymphoma,246,Finland,2,0,2015,9.105500125,20.87784699,1.029294399,581
26,Non-Hodgkin lymphoma,246,Finland,2,0,2016,8.43388674,19.97565624,0.9794553879,557
26,Non-Hodgkin lymphoma,246,Finland,2,0,2017,8.883802189,20.6626035,1.014964222,577
26,Non-Hodgkin lymphoma,246,Finland,2,0,2018,9.792876669,22.83207972,1.115973964,638
26,Non-Hodgkin lymphoma,246,Finland,2,0,2019,9.394860207,23.42775194,1.108949419,655
26,Non-Hodgkin lymphoma,246,Finland,2,0,2020,9.133743564,21.90453304,1.074448092,613
26,Non-Hodgkin lymphoma,246,Finland,2,0,2021,8.476196012,22.19397426,0.9233633453,622
26,Non-Hodgkin lymphoma,246,Finland,2,0,2022,8.307870816,22.15244479,0.9500139784,622
26,Non-Hodgkin lymphoma,246,Finland,2,1,1997,4.260195262,9.184079891,0.4762100314,242
26,Non-Hodgkin lymphoma,246,Finland,2,1,1998,3.799483163,8.709181863,0.4126698203,230
26,Non-Hodgkin lymphoma,246,Finland,2,1,1999,3.843744086,9.070647875,0.3971039234,240
26,Non-Hodgkin lymphoma,246,Finland,2,1,2000,3.532775249,8.566176734,0.3844990887,227
26,Non-Hodgkin lymphoma,246,Finland,2,1,2001,3.740068049,9.041484024,0.4075916517,240
26,Non-Hodgkin lymphoma,246,Finland,2,1,2002,3.723005884,9.476534296,0.3682647743,252
26,Non-Hodgkin lymphoma,246,Finland,2,1,2003,3.456993291,8.633807023,0.3826084596,230
26,Non-Hodgkin lymphoma,246,Finland,2,1,2004,2.907197363,8.163062032,0.2979691557,218
26,Non-Hodgkin lymphoma,246,Finland,2,1,2005,2.929309946,8.137963113,0.3160502207,218
26,Non-Hodgkin lymphoma,246,Finland,2,1,2006,2.720239105,8.332890029,0.2780979589,224
26,Non-Hodgkin lymphoma,246,Finland,2,1,2007,2.777005874,8.078951367,0.31916924,218
26,Non-Hodgkin lymphoma,246,Finland,2,1,2008,2.889183944,8.379208268,0.2943617963,227
26,Non-Hodgkin lymphoma,246,Finland,2,1,2009,2.925192397,8.932455747,0.3062582571,243
26,Non-Hodgkin lymphoma,246,Finland,2,1,2010,2.853495026,9.115857052,0.3020483692,249
26,Non-Hodgkin lymphoma,246,Finland,2,1,2011,2.599390653,7.656818479,0.2592313656,210
26,Non-Hodgkin lymphoma,246,Finland,2,1,2012,2.64899791,8.350688242,0.2743554007,230
26,Non-Hodgkin lymphoma,246,Finland,2,1,2013,2.822992866,9.004068646,0.2841196286,249
26,Non-Hodgkin lymphoma,246,Finland,2,1,2014,2.843338144,9.476123502,0.2994867686,263
26,Non-Hodgkin lymphoma,246,Finland,2,1,2015,2.322374133,8.049229664,0.2210855379,224
26,Non-Hodgkin lymphoma,246,Finland,2,1,2016,1.998450028,7.064894825,0.1955864934,197
26,Non-Hodgkin lymphoma,246,Finland,2,1,2017,2.141084898,7.233521715,0.2079281626,202
26,Non-Hodgkin lymphoma,246,Finland,2,1,2018,2.187859257,7.586561051,0.2168756695,212
26,Non-Hodgkin lymphoma,246,Finland,2,1,2019,2.190533699,8.333628408,0.2217594969,233
26,Non-Hodgkin lymphoma,246,Finland,2,1,2020,2.359207675,8.468731798,0.2366212309,237
26,Non-Hodgkin lymphoma,246,Finland,2,1,2021,1.929577002,7.957009313,0.1721575618,223
26,Non-Hodgkin lymphoma,246,Finland,2,1,2022,2.184701365,8.912432862,0.1997080564,251
26,Non-Hodgkin lymphoma,250,France (metropolitan),1,0,1998,12.83964959,18.42276601,1.411641144,586
26,Non-Hodgkin lymphoma,250,France (metropolitan),1,0,1999,13.22844767,19.01409572,1.399837836,609
26,Non-Hodgkin lymphoma,250,France (metropolitan),1,0,2000,11.66142016,17.24654698,1.271416962,557
26,Non-Hodgkin lymphoma,250,France (metropolitan),1,0,2001,12.07538649,17.64855557,1.32040516,575
26,Non-Hodgkin lymphoma,250,France (metropolitan),1,0,2002,12.0947955,18.22316532,1.266863181,599
26,Non-Hodgkin lymphoma,250,France (metropolitan),1,0,2003,12.31149746,18.51635169,1.293720153,614
26,Non-Hodgkin lymphoma,250,France (metropolitan),1,0,2004,11.98940141,19.09911935,1.266399237,639
26,Non-Hodgkin lymphoma,250,France (metropolitan),1,0,2005,11.03297272,17.82687968,1.15308432,602
26,Non-Hodgkin lymphoma,250,France (metropolitan),1,0,2006,13.01354896,21.24465509,1.462779173,724
26,Non-Hodgkin lymphoma,250,France (metropolitan),1,0,2007,12.97390058,20.63486104,1.458799356,709
26,Non-Hodgkin lymphoma,250,France (metropolitan),1,0,2008,13.22743025,22.15527817,1.463156051,767
26,Non-Hodgkin lymphoma,250,France (metropolitan),1,0,2009,12.39144895,21.53247576,1.381921323,751
26,Non-Hodgkin lymphoma,250,France (metropolitan),1,0,2010,12.99625443,22.33444133,1.41480051,785
26,Non-Hodgkin lymphoma,250,France (metropolitan),1,0,2011,12.66889778,22.38506202,1.393700556,793
26,Non-Hodgkin lymphoma,250,France (metropolitan),1,0,2012,12.50496713,21.87385869,1.357748561,781
26,Non-Hodgkin lymphoma,250,France (metropolitan),1,0,2013,12.54543893,22.49269057,1.356647819,809
26,Non-Hodgkin lymphoma,250,France (metropolitan),1,0,2014,13.09469982,22.93011509,1.409949668,830
26,Non-Hodgkin lymphoma,250,France (metropolitan),1,0,2015,13.47546626,24.78689317,1.520470358,902
26,Non-Hodgkin lymphoma,250,France (metropolitan),1,0,2016,13.83667695,26.20793838,1.524492719,958
26,Non-Hodgkin lymphoma,250,France (metropolitan),1,0,2017,13.40315895,25.40115032,1.491307544,933
26,Non-Hodgkin lymphoma,250,France (metropolitan),1,1,1956,0.4228510322,0.4774355389,0.04548421797,103
26,Non-Hodgkin lymphoma,250,France (metropolitan),1,1,1957,0.3984123985,0.4493296357,0.0451209203,98
26,Non-Hodgkin lymphoma,250,France (metropolitan),1,1,1958,0.3127093419,0.3401251411,0.03054849407,75
26,Non-Hodgkin lymphoma,250,France (metropolitan),1,1,1959,0.4562937134,0.506741012,0.04522466105,113
26,Non-Hodgkin lymphoma,250,France (metropolitan),1,1,1960,0.3872898099,0.4213623995,0.03480132628,95
26,Non-Hodgkin lymphoma,250,France (metropolitan),1,1,1961,0.3901966905,0.4299805331,0.04197338484,98
26,Non-Hodgkin lymphoma,250,France (metropolitan),1,1,1962,0.3532925559,0.4080993303,0.03841840328,94
26,Non-Hodgkin lymphoma,250,France (metropolitan),1,1,1963,0.2989066271,0.3351689635,0.02854749356,78
26,Non-Hodgkin lymphoma,250,France (metropolitan),1,1,1964,0.3718918653,0.4081396133,0.03272364151,96
26,Non-Hodgkin lymphoma,250,France (metropolitan),1,1,1965,0.3472334918,0.3874232965,0.03000016008,92
26,Non-Hodgkin lymphoma,250,France (metropolitan),1,1,1966,0.3424734841,0.3632463047,0.03155739438,87
26,Non-Hodgkin lymphoma,250,France (metropolitan),1,1,1967,0.3714384857,0.4183297431,0.03407263646,101
26,Non-Hodgkin lymphoma,250,France (metropolitan),1,1,1968,0.5379736656,0.6246387523,0.0555226416,152
26,Non-Hodgkin lymphoma,250,France (metropolitan),1,1,1969,0.5732742375,0.688161857,0.05889663092,169
26,Non-Hodgkin lymphoma,250,France (metropolitan),1,1,1970,0.3884392975,0.4674429793,0.04479073296,116
26,Non-Hodgkin lymphoma,250,France (metropolitan),1,1,1971,0.3811381545,0.4705416315,0.03943268805,118
26,Non-Hodgkin lymphoma,250,France (metropolitan),1,1,1972,0.4376343646,0.5135051661,0.04730467084,130
26,Non-Hodgkin lymphoma,250,France (metropolitan),1,1,1973,0.3230632605,0.3719406487,0.03455786271,95
26,Non-Hodgkin lymphoma,250,France (metropolitan),1,1,1974,0.3246635657,0.4043278711,0.03554433623,104
26,Non-Hodgkin lymphoma,250,France (metropolitan),1,1,1975,0.4327591112,0.5381231403,0.0436307718,139
26,Non-Hodgkin lymphoma,250,France (metropolitan),1,1,1976,0.497003595,0.6096398256,0.05294319511,158
26,Non-Hodgkin lymphoma,250,France (metropolitan),1,1,1977,0.6045514249,0.7763977841,0.06024388593,202
26,Non-Hodgkin lymphoma,250,France (metropolitan),1,1,1978,0.7821523804,0.9840832386,0.07933965198,257
26,Non-Hodgkin lymphoma,250,France (metropolitan),1,1,1979,1.082908775,1.392344133,0.1204168615,365
26,Non-Hodgkin lymphoma,250,France (metropolitan),1,1,1980,1.19743141,1.53376274,0.1294552462,404
26,Non-Hodgkin lymphoma,250,France (metropolitan),1,1,1981,1.857264719,2.378438077,0.2046128955,630
26,Non-Hodgkin lymphoma,250,France (metropolitan),1,1,1982,2.155566486,2.804189421,0.2405579337,747
26,Non-Hodgkin lymphoma,250,France (metropolitan),1,1,1983,2.439853377,3.212704738,0.2732513279,860
26,Non-Hodgkin lymphoma,250,France (metropolitan),1,1,1984,2.3935392,3.243496418,0.2656914254,872
26,Non-Hodgkin lymphoma,250,France (metropolitan),1,1,1985,2.904070048,4.01806604,0.3266506318,1085
26,Non-Hodgkin lymphoma,250,France (metropolitan),1,1,1986,3.343391206,4.582244881,0.3657644947,1243
26,Non-Hodgkin lymphoma,250,France (metropolitan),1,1,1987,3.419234381,4.860779748,0.3703039223,1325
26,Non-Hodgkin lymphoma,250,France (metropolitan),1,1,1988,3.555520665,5.116320757,0.3666558609,1402
26,Non-Hodgkin lymphoma,250,France (metropolitan),1,1,1989,3.943126916,5.683401441,0.4280073618,1566
26,Non-Hodgkin lymphoma,250,France (metropolitan),1,1,1990,3.865446714,5.668622305,0.4336199921,1570
26,Non-Hodgkin lymphoma,250,France (metropolitan),1,1,1991,4.265226031,6.385703728,0.4603375602,1777
26,Non-Hodgkin lymphoma,250,France (metropolitan),1,1,1992,4.236438927,6.4595114,0.4530115982,1806
26,Non-Hodgkin lymphoma,250,France (metropolitan),1,1,1993,4.075712564,6.309627944,0.4286403012,1771
26,Non-Hodgkin lymphoma,250,France (metropolitan),1,1,1994,4.558281314,7.160899062,0.4949359522,2016
26,Non-Hodgkin lymphoma,250,France (metropolitan),1,1,1995,4.607057507,7.204125605,0.4891896381,2034
26,Non-Hodgkin lymphoma,250,France (metropolitan),1,1,1996,4.636625347,7.427051862,0.4880933448,2103
26,Non-Hodgkin lymphoma,250,France (metropolitan),1,1,1997,4.437522707,7.313765284,0.4779717454,2077
26,Non-Hodgkin lymphoma,250,France (metropolitan),1,1,1998,4.511604397,7.479768462,0.4807163981,2133
26,Non-Hodgkin lymphoma,250,France (metropolitan),1,1,1999,4.612535765,7.772513828,0.4951262314,2229
26,Non-Hodgkin lymphoma,250,France (metropolitan),1,1,2000,4.613617897,7.904564016,0.5002552603,2281
26,Non-Hodgkin lymphoma,250,France (metropolitan),1,1,2001,4.669520577,8.083297346,0.4888324381,2348
26,Non-Hodgkin lymphoma,250,France (metropolitan),1,1,2002,4.418145528,7.804389709,0.457040304,2282
26,Non-Hodgkin lymphoma,250,France (metropolitan),1,1,2003,4.233726048,7.682575419,0.427736777,2261
26,Non-Hodgkin lymphoma,250,France (metropolitan),1,1,2004,4.076881693,7.614296977,0.4141743938,2256
26,Non-Hodgkin lymphoma,250,France (metropolitan),1,1,2005,3.959578772,7.445115445,0.4081243178,2221
26,Non-Hodgkin lymphoma,250,France (metropolitan),1,1,2006,3.852422772,7.351340488,0.3910696556,2208
26,Non-Hodgkin lymphoma,250,France (metropolitan),1,1,2007,3.692317413,7.377707753,0.3823945166,2230
26,Non-Hodgkin lymphoma,250,France (metropolitan),1,1,2008,3.811165796,7.662444733,0.3991203661,2329
26,Non-Hodgkin lymphoma,250,France (metropolitan),1,1,2009,3.713217665,7.655288292,0.3759761607,2339
26,Non-Hodgkin lymphoma,250,France (metropolitan),1,1,2010,3.893199645,8.131194561,0.4030142332,2497
26,Non-Hodgkin lymphoma,250,France (metropolitan),1,1,2011,3.575698576,7.614692169,0.3636473027,2350
26,Non-Hodgkin lymphoma,250,France (metropolitan),1,1,2012,3.577873262,7.879038702,0.3688733903,2444
26,Non-Hodgkin lymphoma,250,France (metropolitan),1,1,2013,3.621688727,8.152148336,0.3626035592,2542
26,Non-Hodgkin lymphoma,250,France (metropolitan),1,1,2014,3.427238076,8.000505954,0.3545933101,2506
26,Non-Hodgkin lymphoma,250,France (metropolitan),1,1,2015,3.412636661,8.107308423,0.3363621357,2547
26,Non-Hodgkin lymphoma,250,France (metropolitan),1,1,2016,3.321998454,8.177512463,0.3243851723,2576
26,Non-Hodgkin lymphoma,250,France (metropolitan),1,1,2017,3.391913413,8.403585085,0.324636305,2656
26,Non-Hodgkin lymphoma,250,France (metropolitan),1,1,2018,3.228084027,8.224825559,0.304904221,2609
26,Non-Hodgkin lymphoma,250,France (metropolitan),1,1,2019,3.267068772,8.425383872,0.3067030931,2682
26,Non-Hodgkin lymphoma,250,France (metropolitan),1,1,2020,3.168988148,8.448257197,0.295877969,2697
26,Non-Hodgkin lymphoma,250,France (metropolitan),1,1,2021,3.02988164,8.142680756,0.2901235984,2607
26,Non-Hodgkin lymphoma,250,France (metropolitan),1,1,2022,3.064632022,8.571789217,0.2943410328,2753
26,Non-Hodgkin lymphoma,250,France (metropolitan),2,0,1998,7.942076836,13.75789214,0.875280318,461
26,Non-Hodgkin lymphoma,250,France (metropolitan),2,0,1999,7.692603717,13.80301907,0.8474409358,466
26,Non-Hodgkin lymphoma,250,France (metropolitan),2,0,2000,8.349177496,14.76460147,0.931477733,503
26,Non-Hodgkin lymphoma,250,France (metropolitan),2,0,2001,8.748688699,15.14815389,1.048295148,521
26,Non-Hodgkin lymphoma,250,France (metropolitan),2,0,2002,7.866363401,14.42728017,0.8782521811,501
26,Non-Hodgkin lymphoma,250,France (metropolitan),2,0,2003,7.94272797,14.60661977,0.8606525909,512
26,Non-Hodgkin lymphoma,250,France (metropolitan),2,0,2004,8.642246578,15.793914,0.9445428296,559
26,Non-Hodgkin lymphoma,250,France (metropolitan),2,0,2005,7.534228036,14.77519871,0.817298025,528
26,Non-Hodgkin lymphoma,250,France (metropolitan),2,0,2006,7.63147784,15.37124611,0.8092922486,554
26,Non-Hodgkin lymphoma,250,France (metropolitan),2,0,2007,7.470500936,15.61384295,0.8188244833,567
26,Non-Hodgkin lymphoma,250,France (metropolitan),2,0,2008,8.711684314,16.59947571,0.9674924249,607
26,Non-Hodgkin lymphoma,250,France (metropolitan),2,0,2009,8.095193259,15.74688565,0.9144118472,580
26,Non-Hodgkin lymphoma,250,France (metropolitan),2,0,2010,8.497703498,17.4350014,0.9735782176,647
26,Non-Hodgkin lymphoma,250,France (metropolitan),2,0,2011,9.078590507,18.53485824,1.01455416,693
26,Non-Hodgkin lymphoma,250,France (metropolitan),2,0,2012,7.919066655,16.51198406,0.8552426653,622
26,Non-Hodgkin lymphoma,250,France (metropolitan),2,0,2013,9.044780887,17.97150226,1.008754669,682
26,Non-Hodgkin lymphoma,250,France (metropolitan),2,0,2014,8.519451105,17.91805303,0.9010315498,685
26,Non-Hodgkin lymphoma,250,France (metropolitan),2,0,2015,8.418709511,18.61582501,0.8982925097,716
26,Non-Hodgkin lymphoma,250,France (metropolitan),2,0,2016,8.483210308,18.88176009,0.9101161338,730
26,Non-Hodgkin lymphoma,250,France (metropolitan),2,0,2017,8.133761014,18.82594998,0.8873258307,732
26,Non-Hodgkin lymphoma,250,France (metropolitan),2,1,1956,0.29558739,0.3562905221,0.02940600635,82
26,Non-Hodgkin lymphoma,250,France (metropolitan),2,1,1957,0.2773839003,0.3659674707,0.02962872669,85
26,Non-Hodgkin lymphoma,250,France (metropolitan),2,1,1958,0.1685894151,0.2388794116,0.01764753643,56
26,Non-Hodgkin lymphoma,250,France (metropolitan),2,1,1959,0.2074594152,0.2577711287,0.01931560839,61
26,Non-Hodgkin lymphoma,250,France (metropolitan),2,1,1960,0.1737615894,0.2386712743,0.01768393763,57
26,Non-Hodgkin lymphoma,250,France (metropolitan),2,1,1961,0.1702678522,0.253089922,0.01686260455,61
26,Non-Hodgkin lymphoma,250,France (metropolitan),2,1,1962,0.1969879593,0.2220484716,0.01846963326,54
26,Non-Hodgkin lymphoma,250,France (metropolitan),2,1,1963,0.2145128102,0.289253073,0.02195792694,71
26,Non-Hodgkin lymphoma,250,France (metropolitan),2,1,1964,0.234311095,0.2863165991,0.02141681162,71
26,Non-Hodgkin lymphoma,250,France (metropolitan),2,1,1965,0.2457593444,0.3036818143,0.02442442563,76
26,Non-Hodgkin lymphoma,250,France (metropolitan),2,1,1966,0.2284650497,0.3051442768,0.0233964787,77
26,Non-Hodgkin lymphoma,250,France (metropolitan),2,1,1967,0.1887201114,0.255590798,0.01649670014,65
26,Non-Hodgkin lymphoma,250,France (metropolitan),2,1,1968,0.2897433221,0.4528917254,0.03330537197,116
26,Non-Hodgkin lymphoma,250,France (metropolitan),2,1,1969,0.2595707114,0.4031457931,0.02785230107,104
26,Non-Hodgkin lymphoma,250,France (metropolitan),2,1,1970,0.2527464326,0.4038894322,0.02809790209,105
26,Non-Hodgkin lymphoma,250,France (metropolitan),2,1,1971,0.1970962079,0.2822749399,0.01871399366,74
26,Non-Hodgkin lymphoma,250,France (metropolitan),2,1,1972,0.2201905106,0.3367682114,0.0212921376,89
26,Non-Hodgkin lymphoma,250,France (metropolitan),2,1,1973,0.1928080304,0.3155462836,0.01946844838,84
26,Non-Hodgkin lymphoma,250,France (metropolitan),2,1,1974,0.1832810675,0.3061639236,0.02104750118,82
26,Non-Hodgkin lymphoma,250,France (metropolitan),2,1,1975,0.1859766552,0.2897925479,0.01934762643,78
26,Non-Hodgkin lymphoma,250,France (metropolitan),2,1,1976,0.2741388647,0.4770327145,0.02765660179,129
26,Non-Hodgkin lymphoma,250,France (metropolitan),2,1,1977,0.2953252509,0.5482063507,0.02925709603,149
26,Non-Hodgkin lymphoma,250,France (metropolitan),2,1,1978,0.3524019959,0.6480195443,0.03734718537,177
26,Non-Hodgkin lymphoma,250,France (metropolitan),2,1,1979,0.5374233222,0.9108758282,0.06088911968,250
26,Non-Hodgkin lymphoma,250,France (metropolitan),2,1,1980,0.7137937617,1.30069582,0.07479753129,359
26,Non-Hodgkin lymphoma,250,France (metropolitan),2,1,1981,1.041505677,1.833108573,0.1146184634,509
26,Non-Hodgkin lymphoma,250,France (metropolitan),2,1,1982,1.08904867,1.903828497,0.1187639566,532
26,Non-Hodgkin lymphoma,250,France (metropolitan),2,1,1983,1.320972585,2.517719563,0.1467455497,708
26,Non-Hodgkin lymphoma,250,France (metropolitan),2,1,1984,1.580872328,2.958428146,0.1735856711,837
26,Non-Hodgkin lymphoma,250,France (metropolitan),2,1,1985,1.550503675,3.010809103,0.1734489253,857
26,Non-Hodgkin lymphoma,250,France (metropolitan),2,1,1986,1.877510085,3.594585088,0.2028248031,1029
26,Non-Hodgkin lymphoma,250,France (metropolitan),2,1,1987,2.031997016,4.064000999,0.2225127531,1170
26,Non-Hodgkin lymphoma,250,France (metropolitan),2,1,1988,2.338961462,4.73422318,0.2568611582,1371
26,Non-Hodgkin lymphoma,250,France (metropolitan),2,1,1989,2.379802724,4.967189772,0.2498365307,1447
26,Non-Hodgkin lymphoma,250,France (metropolitan),2,1,1990,2.233674449,4.680152938,0.2394964755,1371
26,Non-Hodgkin lymphoma,250,France (metropolitan),2,1,1991,2.56761937,5.203136547,0.2847811437,1532
26,Non-Hodgkin lymphoma,250,France (metropolitan),2,1,1992,2.64425911,5.703454364,0.2825173319,1688
26,Non-Hodgkin lymphoma,250,France (metropolitan),2,1,1993,2.546838704,5.63682492,0.2658711555,1676
26,Non-Hodgkin lymphoma,250,France (metropolitan),2,1,1994,2.836041152,6.12122293,0.3022882132,1827
26,Non-Hodgkin lymphoma,250,France (metropolitan),2,1,1995,2.748186327,6.392201234,0.2827157141,1915
26,Non-Hodgkin lymphoma,250,France (metropolitan),2,1,1996,2.720276402,6.289656685,0.2934891386,1891
26,Non-Hodgkin lymphoma,250,France (metropolitan),2,1,1997,2.720627136,6.413622999,0.2859279623,1935
26,Non-Hodgkin lymphoma,250,France (metropolitan),2,1,1998,2.735936264,6.347918019,0.2953071023,1921
26,Non-Hodgkin lymphoma,250,France (metropolitan),2,1,1999,2.694059285,6.5907547,0.2831207678,2004
26,Non-Hodgkin lymphoma,250,France (metropolitan),2,1,2000,2.917345462,7.134234957,0.3071929721,2185
26,Non-Hodgkin lymphoma,250,France (metropolitan),2,1,2001,2.692613717,6.692035802,0.2894415379,2065
26,Non-Hodgkin lymphoma,250,France (metropolitan),2,1,2002,2.642379288,6.838806987,0.2718409633,2126
26,Non-Hodgkin lymphoma,250,France (metropolitan),2,1,2003,2.45622047,6.358809884,0.2507347803,1991
26,Non-Hodgkin lymphoma,250,France (metropolitan),2,1,2004,2.385629,6.260545354,0.2486565989,1975
26,Non-Hodgkin lymphoma,250,France (metropolitan),2,1,2005,2.354383528,6.410136949,0.237836399,2038
26,Non-Hodgkin lymphoma,250,France (metropolitan),2,1,2006,2.13194189,6.03788927,0.2174532718,1933
26,Non-Hodgkin lymphoma,250,France (metropolitan),2,1,2007,2.086200654,6.026780797,0.2121162013,1941
26,Non-Hodgkin lymphoma,250,France (metropolitan),2,1,2008,2.209369757,6.456654833,0.2180683609,2091
26,Non-Hodgkin lymphoma,250,France (metropolitan),2,1,2009,2.012147131,6.09171281,0.1994107864,1983
26,Non-Hodgkin lymphoma,250,France (metropolitan),2,1,2010,1.970711237,6.258318278,0.1876227066,2047
26,Non-Hodgkin lymphoma,250,France (metropolitan),2,1,2011,1.960130563,6.081092078,0.193382234,1999
26,Non-Hodgkin lymphoma,250,France (metropolitan),2,1,2012,1.995642055,6.274316951,0.2011687447,2073
26,Non-Hodgkin lymphoma,250,France (metropolitan),2,1,2013,1.855774509,6.170614417,0.1820324548,2049
26,Non-Hodgkin lymphoma,250,France (metropolitan),2,1,2014,1.825285092,6.20627113,0.1727241851,2071
26,Non-Hodgkin lymphoma,250,France (metropolitan),2,1,2015,1.860358292,6.298462809,0.1805636156,2110
26,Non-Hodgkin lymphoma,250,France (metropolitan),2,1,2016,1.794525613,6.431282999,0.1675839441,2160
26,Non-Hodgkin lymphoma,250,France (metropolitan),2,1,2017,1.795050575,6.386727958,0.1696368085,2151
26,Non-Hodgkin lymphoma,250,France (metropolitan),2,1,2018,1.603615861,5.890793099,0.1436461243,1991
26,Non-Hodgkin lymphoma,250,France (metropolitan),2,1,2019,1.558633916,5.906113186,0.1408890837,2002
26,Non-Hodgkin lymphoma,250,France (metropolitan),2,1,2020,1.657064888,6.229854224,0.1567402066,2117
26,Non-Hodgkin lymphoma,250,France (metropolitan),2,1,2021,1.626474858,6.18485928,0.1458184247,2107
26,Non-Hodgkin lymphoma,250,France (metropolitan),2,1,2022,1.573218758,6.083062224,0.1427313117,2078
26,Non-Hodgkin lymphoma,268,Georgia,1,1,2004,1.046113401,1.278018089,0.1162498427,26
26,Non-Hodgkin lymphoma,268,Georgia,1,1,2005,0.300561378,0.3397563462,0.0296543715,7
26,Non-Hodgkin lymphoma,268,Georgia,1,1,2006,0.2768080528,0.3843012922,0.02469532234,8
26,Non-Hodgkin lymphoma,268,Georgia,1,1,2007,0.9639473786,1.202530123,0.09878033668,25
26,Non-Hodgkin lymphoma,268,Georgia,1,1,2008,0.8807608547,1.197949111,0.08824464061,25
26,Non-Hodgkin lymphoma,268,Georgia,1,1,2009,1.126732319,1.527555672,0.100887604,32
26,Non-Hodgkin lymphoma,268,Georgia,1,1,2010,0.8682959867,1.128190664,0.100587599,24
26,Non-Hodgkin lymphoma,268,Georgia,1,1,2011,1.654896091,2.153961416,0.2028265083,46
26,Non-Hodgkin lymphoma,268,Georgia,1,1,2012,1.974248348,2.708634941,0.2469390863,58
26,Non-Hodgkin lymphoma,268,Georgia,1,1,2013,2.184586236,2.75688052,0.2566930122,59
26,Non-Hodgkin lymphoma,268,Georgia,1,1,2014,2.490267608,3.602183824,0.2822855034,64
26,Non-Hodgkin lymphoma,268,Georgia,1,1,2015,2.767320347,3.706975911,0.3535379175,66
26,Non-Hodgkin lymphoma,268,Georgia,1,1,2016,3.217386532,4.930905684,0.3494712116,88
26,Non-Hodgkin lymphoma,268,Georgia,1,1,2017,3.274381913,4.528727226,0.3666051741,81
26,Non-Hodgkin lymphoma,268,Georgia,1,1,2018,2.976878359,4.187066987,0.3683545443,75
26,Non-Hodgkin lymphoma,268,Georgia,1,1,2019,2.888240307,4.188554189,0.3190333022,75
26,Non-Hodgkin lymphoma,268,Georgia,1,1,2020,2.759435033,4.126583507,0.3237049374,74
26,Non-Hodgkin lymphoma,268,Georgia,1,1,2021,2.531121147,3.757484123,0.2851443309,67
26,Non-Hodgkin lymphoma,268,Georgia,1,1,2022,2.431496435,3.868524007,0.2820981056,69
26,Non-Hodgkin lymphoma,268,Georgia,1,1,2023,2.609576061,4.259741075,0.304828352,76
26,Non-Hodgkin lymphoma,268,Georgia,2,1,2004,1.375457353,1.663784233,0.1329458687,38
26,Non-Hodgkin lymphoma,268,Georgia,2,1,2005,0.1718873396,0.2607448612,0.01685721437,6
26,Non-Hodgkin lymphoma,268,Georgia,2,1,2006,0.2168721492,0.1726892026,0.01350764076,4
26,Non-Hodgkin lymphoma,268,Georgia,2,1,2007,0.7879273038,0.9526077638,0.07170711457,22
26,Non-Hodgkin lymphoma,268,Georgia,2,1,2008,0.4862962829,0.7350556697,0.04969032069,17
26,Non-Hodgkin lymphoma,268,Georgia,2,1,2009,0.557488166,0.9067161762,0.05846633726,21
26,Non-Hodgkin lymphoma,268,Georgia,2,1,2010,0.3555018326,0.5124044579,0.03952102386,12
26,Non-Hodgkin lymphoma,268,Georgia,2,1,2011,0.954298989,1.618536502,0.1123952301,38
26,Non-Hodgkin lymphoma,268,Georgia,2,1,2012,0.8616505799,1.489742062,0.110062673,35
26,Non-Hodgkin lymphoma,268,Georgia,2,1,2013,0.998908102,1.832048059,0.1098971941,43
26,Non-Hodgkin lymphoma,268,Georgia,2,1,2014,1.923353768,3.332820592,0.2367519263,65
26,Non-Hodgkin lymphoma,268,Georgia,2,1,2015,1.507165428,2.673728051,0.1765522993,52
26,Non-Hodgkin lymphoma,268,Georgia,2,1,2016,1.783847463,3.036783686,0.1931881424,59
26,Non-Hodgkin lymphoma,268,Georgia,2,1,2017,2.198236157,4.124940317,0.2830656531,80
26,Non-Hodgkin lymphoma,268,Georgia,2,1,2018,1.712797194,3.306946655,0.1955319026,64
26,Non-Hodgkin lymphoma,268,Georgia,2,1,2019,2.11475036,4.145982103,0.2571312072,80
26,Non-Hodgkin lymphoma,268,Georgia,2,1,2020,1.661939409,3.576122695,0.1909995321,69
26,Non-Hodgkin lymphoma,268,Georgia,2,1,2021,1.682329546,3.375744806,0.192616921,65
26,Non-Hodgkin lymphoma,268,Georgia,2,1,2022,1.271704758,2.748361095,0.1608423396,53
26,Non-Hodgkin lymphoma,268,Georgia,2,1,2023,1.155080595,2.588880138,0.155394146,50
26,Non-Hodgkin lymphoma,276,Germany,1,0,2003,10.42614683,17.99849509,1.142415697,548
26,Non-Hodgkin lymphoma,276,Germany,1,0,2004,10.70494043,18.71003807,1.195009467,570
26,Non-Hodgkin lymphoma,276,Germany,1,0,2005,11.26077169,19.69944094,1.242752192,601
26,Non-Hodgkin lymphoma,276,Germany,1,0,2006,11.88603444,20.7928418,1.241448915,639
26,Non-Hodgkin lymphoma,276,Germany,1,0,2007,10.82340882,19.88718483,1.198041608,613
26,Non-Hodgkin lymphoma,276,Germany,1,0,2008,11.43684998,20.28202415,1.261269283,624
26,Non-Hodgkin lymphoma,276,Germany,1,0,2009,12.42297308,23.44971678,1.363386683,721
26,Non-Hodgkin lymphoma,276,Germany,1,0,2010,11.0414579,21.03474043,1.195759696,648
26,Non-Hodgkin lymphoma,276,Germany,1,0,2011,12.09969334,23.37871269,1.321245974,708
26,Non-Hodgkin lymphoma,276,Germany,1,0,2012,11.8061393,22.98416961,1.287423929,697
26,Non-Hodgkin lymphoma,276,Germany,1,0,2013,11.59733126,23.08594859,1.312735522,704
26,Non-Hodgkin lymphoma,276,Germany,1,0,2014,11.7176494,24.17881636,1.262319893,742
26,Non-Hodgkin lymphoma,276,Germany,1,0,2015,11.97413642,25.004604,1.330093204,778
26,Non-Hodgkin lymphoma,276,Germany,1,0,2016,12.49787989,25.83000304,1.383531954,814
26,Non-Hodgkin lymphoma,276,Germany,1,0,2017,12.16018343,25.51206241,1.395254976,809
26,Non-Hodgkin lymphoma,276,Germany,1,1,1991,3.278872431,4.865745771,0.3659449095,1881
26,Non-Hodgkin lymphoma,276,Germany,1,1,1992,3.307554185,4.925767859,0.3599162833,1924
26,Non-Hodgkin lymphoma,276,Germany,1,1,1993,3.459314158,5.19612915,0.3843522865,2049
26,Non-Hodgkin lymphoma,276,Germany,1,1,1994,3.705421118,5.657526355,0.4144641971,2239
26,Non-Hodgkin lymphoma,276,Germany,1,1,1995,3.868792372,5.992816674,0.4332083354,2381
26,Non-Hodgkin lymphoma,276,Germany,1,1,1996,3.871449738,6.039470913,0.4239532662,2409
26,Non-Hodgkin lymphoma,276,Germany,1,1,1997,3.869442063,6.166695841,0.4297396543,2466
26,Non-Hodgkin lymphoma,276,Germany,1,1,1998,3.806629436,6.253703838,0.4132187558,2501
26,Non-Hodgkin lymphoma,276,Germany,1,1,1999,3.978975111,6.659525219,0.4353191675,2667
26,Non-Hodgkin lymphoma,276,Germany,1,1,2000,3.939250595,6.680633012,0.4347216794,2680
26,Non-Hodgkin lymphoma,276,Germany,1,1,2001,3.853165276,6.756291346,0.4152384633,2717
26,Non-Hodgkin lymphoma,276,Germany,1,1,2002,3.759001738,6.779883023,0.4138122486,2733
26,Non-Hodgkin lymphoma,276,Germany,1,1,2003,3.644298897,6.741149763,0.3973276403,2720
26,Non-Hodgkin lymphoma,276,Germany,1,1,2004,3.439214269,6.649303467,0.3631068787,2683
26,Non-Hodgkin lymphoma,276,Germany,1,1,2005,3.369486072,6.83784222,0.3527063235,2759
26,Non-Hodgkin lymphoma,276,Germany,1,1,2006,3.336465472,6.823287784,0.3597396367,2751
26,Non-Hodgkin lymphoma,276,Germany,1,1,2007,3.460097735,7.18579408,0.3617678113,2895
26,Non-Hodgkin lymphoma,276,Germany,1,1,2008,3.352824744,7.328784715,0.3503667198,2949
26,Non-Hodgkin lymphoma,276,Germany,1,1,2009,3.299811193,7.50748693,0.3408238988,3013
26,Non-Hodgkin lymphoma,276,Germany,1,1,2010,3.359881979,7.73319196,0.3511662584,3101
26,Non-Hodgkin lymphoma,276,Germany,1,1,2011,3.313527359,7.929673558,0.3483381879,3184
26,Non-Hodgkin lymphoma,276,Germany,1,1,2012,3.322977074,8.330403001,0.3351874101,3355
26,Non-Hodgkin lymphoma,276,Germany,1,1,2013,3.499136594,8.746078611,0.3656866007,3452
26,Non-Hodgkin lymphoma,276,Germany,1,1,2014,3.493687551,8.8194451,0.3631784843,3501
26,Non-Hodgkin lymphoma,276,Germany,1,1,2015,3.358181702,8.836381478,0.339711764,3550
26,Non-Hodgkin lymphoma,276,Germany,1,1,2016,3.350187355,8.927332816,0.3343770956,3625
26,Non-Hodgkin lymphoma,276,Germany,1,1,2017,3.229598739,9.006543651,0.3217867176,3672
26,Non-Hodgkin lymphoma,276,Germany,1,1,2018,3.237038461,9.255561906,0.3121623131,3786
26,Non-Hodgkin lymphoma,276,Germany,1,1,2019,3.210007777,9.343410657,0.3127105151,3831
26,Non-Hodgkin lymphoma,276,Germany,1,1,2020,3.250257664,9.594933914,0.3111293377,3937
26,Non-Hodgkin lymphoma,276,Germany,2,0,2003,7.765635118,16.95865474,0.8858375539,546
26,Non-Hodgkin lymphoma,276,Germany,2,0,2004,8.259678818,17.67322243,0.9378613279,569
26,Non-Hodgkin lymphoma,276,Germany,2,0,2005,8.871753979,19.01092849,1.001336018,612
26,Non-Hodgkin lymphoma,276,Germany,2,0,2006,7.955446185,16.76030712,0.8597821166,540
26,Non-Hodgkin lymphoma,276,Germany,2,0,2007,7.398077365,16.26059571,0.815857523,525
26,Non-Hodgkin lymphoma,276,Germany,2,0,2008,8.055094054,17.66981421,0.913579625,569
26,Non-Hodgkin lymphoma,276,Germany,2,0,2009,7.302136124,16.86921635,0.8045798862,543
26,Non-Hodgkin lymphoma,276,Germany,2,0,2010,7.686081743,18.69345192,0.8550376682,602
26,Non-Hodgkin lymphoma,276,Germany,2,0,2011,8.472241334,19.18090057,0.9463526488,614
26,Non-Hodgkin lymphoma,276,Germany,2,0,2012,7.498920112,17.59087499,0.8676012393,563
26,Non-Hodgkin lymphoma,276,Germany,2,0,2013,8.597123678,19.98976225,0.9774050944,642
26,Non-Hodgkin lymphoma,276,Germany,2,0,2014,7.666027183,18.77961087,0.866363151,605
26,Non-Hodgkin lymphoma,276,Germany,2,0,2015,7.953999573,19.53805615,0.8411720756,633
26,Non-Hodgkin lymphoma,276,Germany,2,0,2016,8.690125623,21.46320912,1.010282088,701
26,Non-Hodgkin lymphoma,276,Germany,2,0,2017,8.069704127,20.61937935,0.9201889432,677
26,Non-Hodgkin lymphoma,276,Germany,2,1,1991,2.180582321,4.94357118,0.2440764272,2043
26,Non-Hodgkin lymphoma,276,Germany,2,1,1992,2.114656655,4.880338999,0.2367955554,2027
26,Non-Hodgkin lymphoma,276,Germany,2,1,1993,2.227137828,5.080762809,0.2446516725,2121
26,Non-Hodgkin lymphoma,276,Germany,2,1,1994,2.365817367,5.496317467,0.2604732966,2300
26,Non-Hodgkin lymphoma,276,Germany,2,1,1995,2.351772481,5.630799831,0.2625436262,2361
26,Non-Hodgkin lymphoma,276,Germany,2,1,1996,2.453883322,5.734608326,0.2730420699,2409
26,Non-Hodgkin lymphoma,276,Germany,2,1,1997,2.400522926,5.73667406,0.2672502709,2413
26,Non-Hodgkin lymphoma,276,Germany,2,1,1998,2.618184475,6.563265695,0.2840208904,2759
26,Non-Hodgkin lymphoma,276,Germany,2,1,1999,2.665638849,6.648635662,0.2871406497,2795
26,Non-Hodgkin lymphoma,276,Germany,2,1,2000,2.523547569,6.529336676,0.2773995636,2747
26,Non-Hodgkin lymphoma,276,Germany,2,1,2001,2.444351552,6.364330201,0.271711018,2681
26,Non-Hodgkin lymphoma,276,Germany,2,1,2002,2.466626645,6.509076819,0.2634026272,2745
26,Non-Hodgkin lymphoma,276,Germany,2,1,2003,2.400920816,6.41436423,0.2592283293,2705
26,Non-Hodgkin lymphoma,276,Germany,2,1,2004,2.310130098,6.455334836,0.2464856411,2721
26,Non-Hodgkin lymphoma,276,Germany,2,1,2005,2.134095719,6.221008498,0.2336846117,2620
26,Non-Hodgkin lymphoma,276,Germany,2,1,2006,2.206743875,6.549657067,0.2316049978,2754
26,Non-Hodgkin lymphoma,276,Germany,2,1,2007,2.068407936,6.256131801,0.2164512424,2626
26,Non-Hodgkin lymphoma,276,Germany,2,1,2008,2.047362136,6.401443168,0.2123037321,2681
26,Non-Hodgkin lymphoma,276,Germany,2,1,2009,2.023503729,6.432447325,0.2012016803,2685
26,Non-Hodgkin lymphoma,276,Germany,2,1,2010,2.081110041,7.055135197,0.2055302425,2939
26,Non-Hodgkin lymphoma,276,Germany,2,1,2011,2.150485106,7.178165749,0.2165705653,2988
26,Non-Hodgkin lymphoma,276,Germany,2,1,2012,2.047156048,7.038366373,0.212153623,2931
26,Non-Hodgkin lymphoma,276,Germany,2,1,2013,2.014701497,7.108421422,0.2072932451,2927
26,Non-Hodgkin lymphoma,276,Germany,2,1,2014,1.902149966,6.982965029,0.1885918389,2883
26,Non-Hodgkin lymphoma,276,Germany,2,1,2015,1.926733923,7.058226053,0.1933931919,2930
26,Non-Hodgkin lymphoma,276,Germany,2,1,2016,2.004237629,7.447944284,0.1962293534,3109
26,Non-Hodgkin lymphoma,276,Germany,2,1,2017,1.945840675,7.31736321,0.1902129777,3065
26,Non-Hodgkin lymphoma,276,Germany,2,1,2018,1.936719727,7.561785934,0.1852066285,3176
26,Non-Hodgkin lymphoma,276,Germany,2,1,2019,1.908094492,7.39353687,0.1857204977,3112
26,Non-Hodgkin lymphoma,276,Germany,2,1,2020,1.891712783,7.420100402,0.178052016,3126
26,Non-Hodgkin lymphoma,300,Greece,1,1,1967,0.0551989386,0.04748513953,0.004046110639,2
26,Non-Hodgkin lymphoma,300,Greece,1,1,1968,0.04014828879,0.04711845332,0.003615987483,2
26,Non-Hodgkin lymphoma,300,Greece,1,1,1969,0.08042435697,0.07046953972,0.004685804116,3
26,Non-Hodgkin lymphoma,300,Greece,1,1,1970,0.1002600916,0.09366021059,0.006798228664,4
26,Non-Hodgkin lymphoma,300,Greece,1,1,1971,0.0789909047,0.06984013244,0.004737683593,3
26,Non-Hodgkin lymphoma,300,Greece,1,1,1972,0.1594657321,0.1849161151,0.01471724394,8
26,Non-Hodgkin lymphoma,300,Greece,1,1,1973,0.2105511606,0.2529326971,0.02025954604,11
26,Non-Hodgkin lymphoma,300,Greece,1,1,1974,0.1311088737,0.1602742063,0.01324806572,7
26,Non-Hodgkin lymphoma,300,Greece,1,1,1975,0.1160110107,0.1586629698,0.01202631418,7
26,Non-Hodgkin lymphoma,300,Greece,1,1,1976,0.2560204569,0.3124477975,0.02735243286,14
26,Non-Hodgkin lymphoma,300,Greece,1,1,1977,0.1891545547,0.242388158,0.02679966437,11
26,Non-Hodgkin lymphoma,300,Greece,1,1,1978,0.3348419608,0.4790201164,0.04130875498,22
26,Non-Hodgkin lymphoma,300,Greece,1,1,1979,1.505631822,1.860476654,0.1406223281,87
26,Non-Hodgkin lymphoma,300,Greece,1,1,1980,1.261220429,1.642373229,0.1196907794,78
26,Non-Hodgkin lymphoma,300,Greece,1,1,1981,1.527840777,1.981722263,0.1538172276,95
26,Non-Hodgkin lymphoma,300,Greece,1,1,1982,1.761864191,2.419977848,0.1782749094,117
26,Non-Hodgkin lymphoma,300,Greece,1,1,1983,1.527523305,1.90913679,0.1590587151,93
26,Non-Hodgkin lymphoma,300,Greece,1,1,1984,1.901150732,2.670912398,0.2147750676,131
26,Non-Hodgkin lymphoma,300,Greece,1,1,1985,1.857271155,2.553936711,0.215979712,126
26,Non-Hodgkin lymphoma,300,Greece,1,1,1986,1.944083005,2.661749957,0.2008694757,132
26,Non-Hodgkin lymphoma,300,Greece,1,1,1987,1.692198752,2.408885657,0.1770658691,120
26,Non-Hodgkin lymphoma,300,Greece,1,1,1988,1.651109271,2.398954775,0.1759782061,120
26,Non-Hodgkin lymphoma,300,Greece,1,1,1989,1.799594699,2.568665507,0.206877375,129
26,Non-Hodgkin lymphoma,300,Greece,1,1,1990,1.700778035,2.618360299,0.1811325964,132
26,Non-Hodgkin lymphoma,300,Greece,1,1,1991,1.853385697,2.8229892,0.1854157856,143
26,Non-Hodgkin lymphoma,300,Greece,1,1,1992,1.752615659,2.630526892,0.1915920648,134
26,Non-Hodgkin lymphoma,300,Greece,1,1,1993,1.790869624,2.811144666,0.2092692986,144
26,Non-Hodgkin lymphoma,300,Greece,1,1,1994,1.689502079,2.640191756,0.174109862,136
26,Non-Hodgkin lymphoma,300,Greece,1,1,1995,2.050408313,3.18556126,0.218891832,165
26,Non-Hodgkin lymphoma,300,Greece,1,1,1996,1.441178206,2.323993058,0.1530843868,121
26,Non-Hodgkin lymphoma,300,Greece,1,1,1997,1.688785171,2.78941147,0.1905403585,146
26,Non-Hodgkin lymphoma,300,Greece,1,1,1998,1.614979388,2.679328807,0.1759860259,141
26,Non-Hodgkin lymphoma,300,Greece,1,1,1999,1.562370397,2.683974903,0.1542259212,142
26,Non-Hodgkin lymphoma,300,Greece,1,1,2000,1.663492277,2.988999635,0.1820747836,159
26,Non-Hodgkin lymphoma,300,Greece,1,1,2001,1.79669819,3.102259538,0.1901518728,166
26,Non-Hodgkin lymphoma,300,Greece,1,1,2002,1.38918641,2.49315893,0.1435235864,134
26,Non-Hodgkin lymphoma,300,Greece,1,1,2003,1.325901385,2.542882606,0.1300299528,137
26,Non-Hodgkin lymphoma,300,Greece,1,1,2004,1.33722285,2.444565315,0.1296999811,132
26,Non-Hodgkin lymphoma,300,Greece,1,1,2005,1.28698373,2.456747165,0.1413923802,133
26,Non-Hodgkin lymphoma,300,Greece,1,1,2006,1.468494068,2.74617197,0.1547750412,149
26,Non-Hodgkin lymphoma,300,Greece,1,1,2007,1.364213416,2.613632024,0.1511750164,142
26,Non-Hodgkin lymphoma,300,Greece,1,1,2008,1.323524156,2.573480449,0.1408002498,140
26,Non-Hodgkin lymphoma,300,Greece,1,1,2009,1.37832413,2.753925468,0.1215751146,150
26,Non-Hodgkin lymphoma,300,Greece,1,1,2010,1.408445491,2.97481516,0.1275076296,162
26,Non-Hodgkin lymphoma,300,Greece,1,1,2011,1.214826153,2.506178606,0.1167170087,136
26,Non-Hodgkin lymphoma,300,Greece,1,1,2012,1.576010046,3.047480867,0.1672185883,164
26,Non-Hodgkin lymphoma,300,Greece,1,1,2013,2.1578789,4.357179406,0.2309919508,232
26,Non-Hodgkin lymphoma,300,Greece,1,1,2014,2.409154267,5.669768953,0.2469125439,299
26,Non-Hodgkin lymphoma,300,Greece,1,1,2015,2.918298365,6.179227046,0.3087505603,323
26,Non-Hodgkin lymphoma,300,Greece,1,1,2016,2.496163952,5.843513028,0.2661676729,304
26,Non-Hodgkin lymphoma,300,Greece,1,1,2017,2.757559103,6.429955739,0.2868313166,334
26,Non-Hodgkin lymphoma,300,Greece,1,1,2018,2.389587004,6.246216003,0.2452910755,324
26,Non-Hodgkin lymphoma,300,Greece,1,1,2019,2.509242273,6.629200123,0.2862859722,344
26,Non-Hodgkin lymphoma,300,Greece,1,1,2020,2.498906198,6.248584305,0.2719599713,324
26,Non-Hodgkin lymphoma,300,Greece,1,1,2021,2.325978258,6.282278376,0.2553397556,322
26,Non-Hodgkin lymphoma,300,Greece,2,1,1967,0.0456290929,0.06751719579,0.003493378633,3
26,Non-Hodgkin lymphoma,300,Greece,2,1,1968,0.08679877293,0.1117744178,0.01024643114,5
26,Non-Hodgkin lymphoma,300,Greece,2,1,1969,0.07858797398,0.08908856606,0.006554714523,4
26,Non-Hodgkin lymphoma,300,Greece,2,1,1970,0.09411792744,0.1116814559,0.007532702947,5
26,Non-Hodgkin lymphoma,300,Greece,2,1,1971,0.0178281191,0.02226421253,0.001485665556,1
26,Non-Hodgkin lymphoma,300,Greece,2,1,1972,0.07162791681,0.1105438492,0.01093831975,5
26,Non-Hodgkin lymphoma,300,Greece,2,1,1973,0.069705866,0.1100251143,0.007115375271,5
26,Non-Hodgkin lymphoma,300,Greece,2,1,1974,0.1298033044,0.1534549617,0.01318847611,7
26,Non-Hodgkin lymphoma,300,Greece,2,1,1975,0.05121514705,0.08686023905,0.007427065338,4
26,Non-Hodgkin lymphoma,300,Greece,2,1,1976,0.09096476608,0.149589894,0.0114519442,7
26,Non-Hodgkin lymphoma,300,Greece,2,1,1977,0.07109190209,0.1053997227,0.003700684658,5
26,Non-Hodgkin lymphoma,300,Greece,2,1,1978,0.1230233686,0.1876071901,0.009555481342,9
26,Non-Hodgkin lymphoma,300,Greece,2,1,1979,0.7220821577,1.051593551,0.08033780741,51
26,Non-Hodgkin lymphoma,300,Greece,2,1,1980,0.5898617674,0.9991458323,0.07247657857,49
26,Non-Hodgkin lymphoma,300,Greece,2,1,1981,0.8810864737,1.209533056,0.1051941736,60
26,Non-Hodgkin lymphoma,300,Greece,2,1,1982,0.9257841545,1.379251067,0.1179281613,69
26,Non-Hodgkin lymphoma,300,Greece,2,1,1983,0.9004420744,1.40867943,0.0869499106,71
26,Non-Hodgkin lymphoma,300,Greece,2,1,1984,0.9198716524,1.438681332,0.1008671205,73
26,Non-Hodgkin lymphoma,300,Greece,2,1,1985,1.117443565,1.783098072,0.1307060079,91
26,Non-Hodgkin lymphoma,300,Greece,2,1,1986,0.8088908361,1.169677514,0.08385445982,60
26,Non-Hodgkin lymphoma,300,Greece,2,1,1987,0.880912082,1.436062797,0.09437841634,74
26,Non-Hodgkin lymphoma,300,Greece,2,1,1988,1.144102068,1.951755691,0.1225912783,101
26,Non-Hodgkin lymphoma,300,Greece,2,1,1989,1.132645594,1.866829254,0.130337161,97
26,Non-Hodgkin lymphoma,300,Greece,2,1,1990,0.9388066883,1.725075156,0.102929113,90
26,Non-Hodgkin lymphoma,300,Greece,2,1,1991,0.9750305554,1.927079502,0.110688725,101
26,Non-Hodgkin lymphoma,300,Greece,2,1,1992,0.9127387082,1.747103701,0.09570747411,92
26,Non-Hodgkin lymphoma,300,Greece,2,1,1993,0.9660163118,1.946966154,0.1050613561,103
26,Non-Hodgkin lymphoma,300,Greece,2,1,1994,0.8465333751,1.749725806,0.08594031161,93
26,Non-Hodgkin lymphoma,300,Greece,2,1,1995,0.9803649258,1.91025062,0.1121151757,102
26,Non-Hodgkin lymphoma,300,Greece,2,1,1996,0.9880582077,1.95766813,0.1220029305,105
26,Non-Hodgkin lymphoma,300,Greece,2,1,1997,1.343830531,2.542571367,0.1436306795,137
26,Non-Hodgkin lymphoma,300,Greece,2,1,1998,1.231871313,2.475568998,0.1125849933,134
26,Non-Hodgkin lymphoma,300,Greece,2,1,1999,0.9732655861,1.986283608,0.1024877595,108
26,Non-Hodgkin lymphoma,300,Greece,2,1,2000,1.187319541,2.617547323,0.130038187,143
26,Non-Hodgkin lymphoma,300,Greece,2,1,2001,1.019407981,2.09386906,0.1036998399,115
26,Non-Hodgkin lymphoma,300,Greece,2,1,2002,1.078542369,2.393221526,0.1226352747,132
26,Non-Hodgkin lymphoma,300,Greece,2,1,2003,0.7387331495,1.771868496,0.07779746225,98
26,Non-Hodgkin lymphoma,300,Greece,2,1,2004,0.8616450853,2.036904932,0.0890147966,113
26,Non-Hodgkin lymphoma,300,Greece,2,1,2005,0.9039900308,2.029573946,0.09051781565,113
26,Non-Hodgkin lymphoma,300,Greece,2,1,2006,0.8041603346,2.003445569,0.08324562811,112
26,Non-Hodgkin lymphoma,300,Greece,2,1,2007,0.7448917255,1.835129147,0.07478817728,103
26,Non-Hodgkin lymphoma,300,Greece,2,1,2008,0.8153352852,2.075657356,0.07956938167,117
26,Non-Hodgkin lymphoma,300,Greece,2,1,2009,0.8628941615,2.313956772,0.07548864898,131
26,Non-Hodgkin lymphoma,300,Greece,2,1,2010,0.616482441,1.86654108,0.06016382212,106
26,Non-Hodgkin lymphoma,300,Greece,2,1,2011,0.6668332464,2.129436289,0.0691137772,121
26,Non-Hodgkin lymphoma,300,Greece,2,1,2012,0.6545871682,1.941129598,0.06654632489,110
26,Non-Hodgkin lymphoma,300,Greece,2,1,2013,0.944438591,2.746768338,0.1001135866,155
26,Non-Hodgkin lymphoma,300,Greece,2,1,2014,1.331290507,4.092830375,0.1305907927,230
26,Non-Hodgkin lymphoma,300,Greece,2,1,2015,1.307599737,3.897233527,0.1262916908,218
26,Non-Hodgkin lymphoma,300,Greece,2,1,2016,1.432515672,4.091040728,0.1668545751,228
26,Non-Hodgkin lymphoma,300,Greece,2,1,2017,1.240396204,4.263282711,0.1262740784,237
26,Non-Hodgkin lymphoma,300,Greece,2,1,2018,1.132301692,3.968466565,0.1158417873,220
26,Non-Hodgkin lymphoma,300,Greece,2,1,2019,1.204132914,4.123403707,0.1296617065,228
26,Non-Hodgkin lymphoma,300,Greece,2,1,2020,1.56286296,4.606293811,0.1655276262,254
26,Non-Hodgkin lymphoma,300,Greece,2,1,2021,1.286389276,4.675440115,0.1391759186,255
26,Non-Hodgkin lymphoma,32,Argentina,1,0,2003,8.007901565,8.329617043,0.8347428597,65
26,Non-Hodgkin lymphoma,32,Argentina,1,0,2004,7.707557689,7.864776583,0.8970897891,62
26,Non-Hodgkin lymphoma,32,Argentina,1,0,2005,7.622336593,7.905247453,0.7752085196,63
26,Non-Hodgkin lymphoma,32,Argentina,1,0,2006,7.974517444,7.784889899,0.9058759772,63
26,Non-Hodgkin lymphoma,32,Argentina,1,0,2007,8.464124574,8.910741227,1.018233002,73
26,Non-Hodgkin lymphoma,32,Argentina,1,0,2008,6.971104721,7.113378819,0.6991666172,59
26,Non-Hodgkin lymphoma,32,Argentina,1,0,2009,9.135583956,9.51702298,1.004650522,80
26,Non-Hodgkin lymphoma,32,Argentina,1,0,2010,7.183507587,8.103270903,0.8608269798,69
26,Non-Hodgkin lymphoma,32,Argentina,1,0,2011,7.854538564,8.838034186,0.707725826,75
26,Non-Hodgkin lymphoma,32,Argentina,1,0,2012,7.126086838,7.799285958,0.8189482659,67
26,Non-Hodgkin lymphoma,32,Argentina,1,0,2013,8.244339019,8.630808534,0.8543889526,75
26,Non-Hodgkin lymphoma,32,Argentina,1,0,2014,8.112171807,9.32358526,0.8771501581,82
26,Non-Hodgkin lymphoma,32,Argentina,1,0,2015,8.888327614,9.767587552,1.090618961,87
26,Non-Hodgkin lymphoma,32,Argentina,1,0,2016,7.719419061,8.431909006,0.8061296421,76
26,Non-Hodgkin lymphoma,32,Argentina,1,0,2017,7.063815494,7.686994374,0.6767883049,70
26,Non-Hodgkin lymphoma,32,Argentina,1,1,1998,3.814719741,4.011211308,0.4130537046,719
26,Non-Hodgkin lymphoma,32,Argentina,1,1,1999,3.816938484,3.970296448,0.4298712541,720
26,Non-Hodgkin lymphoma,32,Argentina,1,1,2000,3.513141878,3.77784371,0.3925335485,693
26,Non-Hodgkin lymphoma,32,Argentina,1,1,2001,3.773030703,4.032816777,0.4112104356,748
26,Non-Hodgkin lymphoma,32,Argentina,1,1,2002,3.554883983,3.851084432,0.4035122756,722
26,Non-Hodgkin lymphoma,32,Argentina,1,1,2003,3.52977376,3.922129523,0.375199998,743
26,Non-Hodgkin lymphoma,32,Argentina,1,1,2004,3.443185081,3.787903031,0.3820797265,725
26,Non-Hodgkin lymphoma,32,Argentina,1,1,2005,3.669639065,4.079207244,0.403032385,789
26,Non-Hodgkin lymphoma,32,Argentina,1,1,2006,3.425009027,3.852092045,0.3657594139,753
26,Non-Hodgkin lymphoma,32,Argentina,1,1,2007,3.319192041,3.756909714,0.3485160636,742
26,Non-Hodgkin lymphoma,32,Argentina,1,1,2008,3.34067131,3.742530533,0.3579929353,747
26,Non-Hodgkin lymphoma,32,Argentina,1,1,2009,3.146373561,3.612250882,0.3406395052,729
26,Non-Hodgkin lymphoma,32,Argentina,1,1,2010,3.011924297,3.46484087,0.3204576474,707
26,Non-Hodgkin lymphoma,32,Argentina,1,1,2011,3.137266945,3.644885407,0.341895024,752
26,Non-Hodgkin lymphoma,32,Argentina,1,1,2012,3.005880861,3.514845282,0.3230436122,733
26,Non-Hodgkin lymphoma,32,Argentina,1,1,2013,3.201146933,3.781662916,0.344907167,797
26,Non-Hodgkin lymphoma,32,Argentina,1,1,2014,3.030263727,3.581201107,0.3484966858,763
26,Non-Hodgkin lymphoma,32,Argentina,1,1,2015,3.119769934,3.797991076,0.3323234586,818
26,Non-Hodgkin lymphoma,32,Argentina,1,1,2016,3.127210434,3.829373682,0.3380718574,833
26,Non-Hodgkin lymphoma,32,Argentina,1,1,2017,2.989967433,3.64867862,0.3273526189,801
26,Non-Hodgkin lymphoma,32,Argentina,1,1,2018,2.84417955,3.509043612,0.3153821323,777
26,Non-Hodgkin lymphoma,32,Argentina,1,1,2019,2.828841605,3.518962174,0.3138116529,785
26,Non-Hodgkin lymphoma,32,Argentina,1,1,2020,2.68067627,3.38098764,0.2908149169,758
26,Non-Hodgkin lymphoma,32,Argentina,1,1,2021,2.316562617,2.985125755,0.2616647292,671
26,Non-Hodgkin lymphoma,32,Argentina,1,1,2022,2.244179369,2.920922591,0.2419005107,658
26,Non-Hodgkin lymphoma,32,Argentina,2,0,2003,6.63627539,7.914648431,0.7203173558,65
26,Non-Hodgkin lymphoma,32,Argentina,2,0,2004,5.310559145,6.386096143,0.5643983216,53
26,Non-Hodgkin lymphoma,32,Argentina,2,0,2005,6.482837149,8.23911094,0.7259889684,69
26,Non-Hodgkin lymphoma,32,Argentina,2,0,2006,5.461276501,6.624968798,0.5389216109,56
26,Non-Hodgkin lymphoma,32,Argentina,2,0,2007,5.089873009,6.428207442,0.4903265609,55
26,Non-Hodgkin lymphoma,32,Argentina,2,0,2008,5.935885622,6.811823941,0.6867249544,59
26,Non-Hodgkin lymphoma,32,Argentina,2,0,2009,5.146001178,6.266370894,0.5397582351,55
26,Non-Hodgkin lymphoma,32,Argentina,2,0,2010,5.2581735,6.074493539,0.6407891047,54
26,Non-Hodgkin lymphoma,32,Argentina,2,0,2011,6.320345918,8.166050484,0.6828329257,73
26,Non-Hodgkin lymphoma,32,Argentina,2,0,2012,4.97268232,6.188789009,0.6399123108,56
26,Non-Hodgkin lymphoma,32,Argentina,2,0,2013,4.938433114,6.227888265,0.5498569024,57
26,Non-Hodgkin lymphoma,32,Argentina,2,0,2014,4.715279606,5.50623338,0.5301074737,51
26,Non-Hodgkin lymphoma,32,Argentina,2,0,2015,5.356091567,6.290374341,0.5736870407,59
26,Non-Hodgkin lymphoma,32,Argentina,2,0,2016,4.588967296,5.795238421,0.4507604736,55
26,Non-Hodgkin lymphoma,32,Argentina,2,0,2017,5.606988313,7.092546255,0.5851591441,68
26,Non-Hodgkin lymphoma,32,Argentina,2,1,1998,2.265208821,3.06806663,0.2550824797,566
26,Non-Hodgkin lymphoma,32,Argentina,2,1,1999,2.303180989,3.1511227,0.2631891585,588
26,Non-Hodgkin lymphoma,32,Argentina,2,1,2000,2.487424674,3.460485141,0.2650066472,653
26,Non-Hodgkin lymphoma,32,Argentina,2,1,2001,2.242003318,3.129423603,0.245012355,597
26,Non-Hodgkin lymphoma,32,Argentina,2,1,2002,2.087363988,2.956219479,0.2315143451,570
26,Non-Hodgkin lymphoma,32,Argentina,2,1,2003,2.324690665,3.326404778,0.259333968,648
26,Non-Hodgkin lymphoma,32,Argentina,2,1,2004,2.338818064,3.349251511,0.2618457648,659
26,Non-Hodgkin lymphoma,32,Argentina,2,1,2005,2.212828599,3.255379326,0.2347856892,647
26,Non-Hodgkin lymphoma,32,Argentina,2,1,2006,2.036232043,3.003841405,0.2172436752,603
26,Non-Hodgkin lymphoma,32,Argentina,2,1,2007,2.003312928,3.000026448,0.2178447451,608
26,Non-Hodgkin lymphoma,32,Argentina,2,1,2008,1.92618968,2.86839711,0.202138479,587
26,Non-Hodgkin lymphoma,32,Argentina,2,1,2009,1.738283209,2.636224035,0.1862919501,545
26,Non-Hodgkin lymphoma,32,Argentina,2,1,2010,1.978106896,2.992762399,0.2132902101,625
26,Non-Hodgkin lymphoma,32,Argentina,2,1,2011,1.761778309,2.663632022,0.1834885729,562
26,Non-Hodgkin lymphoma,32,Argentina,2,1,2012,1.911633281,2.90979834,0.208016858,620
26,Non-Hodgkin lymphoma,32,Argentina,2,1,2013,1.784618246,2.720035657,0.1979792335,585
26,Non-Hodgkin lymphoma,32,Argentina,2,1,2014,1.722532694,2.781055789,0.1849966876,604
26,Non-Hodgkin lymphoma,32,Argentina,2,1,2015,1.846394426,2.898906119,0.1952837562,636
26,Non-Hodgkin lymphoma,32,Argentina,2,1,2016,1.788826544,2.831030935,0.194018752,627
26,Non-Hodgkin lymphoma,32,Argentina,2,1,2017,1.736945745,2.735525989,0.1948091121,611
26,Non-Hodgkin lymphoma,32,Argentina,2,1,2018,1.60662921,2.527530089,0.17653467,569
26,Non-Hodgkin lymphoma,32,Argentina,2,1,2019,1.610745102,2.642753702,0.1783531327,599
26,Non-Hodgkin lymphoma,32,Argentina,2,1,2020,1.488932138,2.353718172,0.164042427,536
26,Non-Hodgkin lymphoma,32,Argentina,2,1,2021,1.513936237,2.426188843,0.1662927836,554
26,Non-Hodgkin lymphoma,32,Argentina,2,1,2022,1.333661707,2.102201521,0.1539867295,481
26,Non-Hodgkin lymphoma,320,Guatemala,1,1,2001,0.02577088621,0.03358671713,0.001531963597,2
26,Non-Hodgkin lymphoma,320,Guatemala,1,1,2002,0.5782900876,0.3611580434,0.04645559027,22
26,Non-Hodgkin lymphoma,320,Guatemala,1,1,2003,0.5870857025,0.337137529,0.06937968145,21
26,Non-Hodgkin lymphoma,320,Guatemala,1,1,2004,0.4913336773,0.329803908,0.0476231121,21
26,Non-Hodgkin lymphoma,320,Guatemala,1,1,2005,0.9642788072,0.5841547112,0.09765325287,38
26,Non-Hodgkin lymphoma,320,Guatemala,1,1,2006,0.7469394819,0.4666827647,0.08698653721,31
26,Non-Hodgkin lymphoma,320,Guatemala,1,1,2007,0.8444781556,0.5012878675,0.1130372916,34
26,Non-Hodgkin lymphoma,320,Guatemala,1,1,2008,1.198231852,0.7656978903,0.1251545647,53
26,Non-Hodgkin lymphoma,320,Guatemala,1,1,2009,1.155602194,0.7790669526,0.1262080482,55
26,Non-Hodgkin lymphoma,320,Guatemala,1,1,2010,1.238075496,0.7916788717,0.1366532517,57
26,Non-Hodgkin lymphoma,320,Guatemala,1,1,2011,1.482792768,0.98037814,0.124822955,72
26,Non-Hodgkin lymphoma,320,Guatemala,1,1,2012,1.013926468,0.69413909,0.09019146223,52
26,Non-Hodgkin lymphoma,320,Guatemala,1,1,2013,1.438252806,0.9425734507,0.1454266405,72
26,Non-Hodgkin lymphoma,320,Guatemala,1,1,2014,1.039233798,0.6936920526,0.1102605337,54
26,Non-Hodgkin lymphoma,320,Guatemala,1,1,2015,1.583687604,1.021685463,0.1769172354,81
26,Non-Hodgkin lymphoma,320,Guatemala,1,1,2016,1.42717863,0.9411441861,0.1561236419,76
26,Non-Hodgkin lymphoma,320,Guatemala,1,1,2017,1.635053842,1.082280036,0.1666478373,89
26,Non-Hodgkin lymphoma,320,Guatemala,1,1,2018,1.184156428,0.801277164,0.1466091628,67
26,Non-Hodgkin lymphoma,320,Guatemala,1,1,2019,1.523721389,1.036528196,0.1638189522,88
26,Non-Hodgkin lymphoma,320,Guatemala,1,1,2020,1.261735235,0.8474580206,0.1433463014,73
26,Non-Hodgkin lymphoma,320,Guatemala,1,1,2021,1.34068409,0.9392870079,0.1375130687,82
26,Non-Hodgkin lymphoma,320,Guatemala,1,1,2022,0.9278462249,0.6552583181,0.1160777589,58
26,Non-Hodgkin lymphoma,320,Guatemala,2,1,2001,0.1094563793,0.08312980386,0.008205382437,5
26,Non-Hodgkin lymphoma,320,Guatemala,2,1,2002,0.4978907679,0.3574098121,0.05745423271,22
26,Non-Hodgkin lymphoma,320,Guatemala,2,1,2003,0.4811166301,0.2858538096,0.04700926456,18
26,Non-Hodgkin lymphoma,320,Guatemala,2,1,2004,0.2685527251,0.1863359535,0.03158415908,12
26,Non-Hodgkin lymphoma,320,Guatemala,2,1,2005,0.5957150186,0.4253703,0.05259300183,28
26,Non-Hodgkin lymphoma,320,Guatemala,2,1,2006,0.5553445729,0.3717564436,0.04380049729,25
26,Non-Hodgkin lymphoma,320,Guatemala,2,1,2007,0.6514519245,0.4367124982,0.06034054201,30
26,Non-Hodgkin lymphoma,320,Guatemala,2,1,2008,0.8857366671,0.5560795536,0.1125731302,39
26,Non-Hodgkin lymphoma,320,Guatemala,2,1,2009,0.7249100269,0.5030827795,0.08455153591,36
26,Non-Hodgkin lymphoma,320,Guatemala,2,1,2010,0.9251156333,0.6849105842,0.08846295222,50
26,Non-Hodgkin lymphoma,320,Guatemala,2,1,2011,0.6649870739,0.469923424,0.06427693586,35
26,Non-Hodgkin lymphoma,320,Guatemala,2,1,2012,0.5397665129,0.4079833659,0.04533481466,31
26,Non-Hodgkin lymphoma,320,Guatemala,2,1,2013,0.9559044521,0.7227042043,0.08734102344,56
26,Non-Hodgkin lymphoma,320,Guatemala,2,1,2014,0.7946501959,0.5698155773,0.08091431218,45
26,Non-Hodgkin lymphoma,320,Guatemala,2,1,2015,0.9732949443,0.6589036217,0.128327438,53
26,Non-Hodgkin lymphoma,320,Guatemala,2,1,2016,1.086527946,0.7811087864,0.1198373491,64
26,Non-Hodgkin lymphoma,320,Guatemala,2,1,2017,1.085307637,0.8029737353,0.1282238963,67
26,Non-Hodgkin lymphoma,320,Guatemala,2,1,2018,1.050079931,0.7779317271,0.1199323459,66
26,Non-Hodgkin lymphoma,320,Guatemala,2,1,2019,0.9654990185,0.7197649666,0.1074975053,62
26,Non-Hodgkin lymphoma,320,Guatemala,2,1,2020,0.8525519633,0.6404880885,0.09633197712,56
26,Non-Hodgkin lymphoma,320,Guatemala,2,1,2021,0.9028755523,0.7103694203,0.0955130653,63
26,Non-Hodgkin lymphoma,320,Guatemala,2,1,2022,1.021817454,0.7892036935,0.1118939601,71
26,Non-Hodgkin lymphoma,328,Guyana,1,1,1997,1.01295751,0.791533755,0.09149253563,3
26,Non-Hodgkin lymphoma,328,Guyana,1,1,1998,1.210533979,1.052620499,0.100826967,4
26,Non-Hodgkin lymphoma,328,Guyana,1,1,1999,1.003335496,0.7878399529,0.1260073903,3
26,Non-Hodgkin lymphoma,328,Guyana,1,1,2000,2.216702759,1.049527188,0.2401936276,4
26,Non-Hodgkin lymphoma,328,Guyana,1,1,2001,4.523789112,2.359349973,0.4465181221,9
26,Non-Hodgkin lymphoma,328,Guyana,1,1,2002,1.368063974,1.311097126,0.1139403698,5
26,Non-Hodgkin lymphoma,328,Guyana,1,1,2003,1.38558221,1.049494144,0.1769318773,4
26,Non-Hodgkin lymphoma,328,Guyana,1,1,2004,2.352691392,2.102104469,0.2329412498,8
26,Non-Hodgkin lymphoma,328,Guyana,1,1,2005,0.9688615585,0.7903076668,0.09181481105,3
26,Non-Hodgkin lymphoma,328,Guyana,1,1,2006,0.9639666199,0.792723852,0.1000360697,3
26,Non-Hodgkin lymphoma,328,Guyana,1,1,2007,1.030357409,1.060369486,0.07479502797,4
26,Non-Hodgkin lymphoma,328,Guyana,1,1,2008,1.407856964,1.330017157,0.113643249,5
26,Non-Hodgkin lymphoma,328,Guyana,1,1,2009,1.5164297,1.06806512,0.2169130506,4
26,Non-Hodgkin lymphoma,328,Guyana,1,1,2010,1.322681735,1.072688022,0.1445429269,4
26,Non-Hodgkin lymphoma,328,Guyana,1,1,2011,2.39830925,1.616684181,0.2469363951,6
26,Non-Hodgkin lymphoma,328,Guyana,1,1,2012,3.289098742,2.699929802,0.3229258116,10
26,Non-Hodgkin lymphoma,328,Guyana,1,1,2013,3.394198842,2.696573464,0.3603964492,10
26,Non-Hodgkin lymphoma,328,Guyana,1,1,2014,3.273046853,3.229609056,0.3028338934,12
26,Non-Hodgkin lymphoma,328,Guyana,1,1,2015,2.01893284,1.879199676,0.1461297143,7
26,Non-Hodgkin lymphoma,328,Guyana,1,1,2016,0.5769011865,0.5353548332,0.03173293535,2
26,Non-Hodgkin lymphoma,328,Guyana,1,1,2017,2.244631553,2.134562842,0.2263281102,8
26,Non-Hodgkin lymphoma,328,Guyana,1,1,2018,3.244491255,2.835833593,0.3481597958,11
26,Non-Hodgkin lymphoma,328,Guyana,1,1,2019,1.182428363,1.261358534,0.08543183612,5
26,Non-Hodgkin lymphoma,328,Guyana,2,1,1997,0.8955851193,0.7828115459,0.06489059008,3
26,Non-Hodgkin lymphoma,328,Guyana,2,1,1998,1.179464105,0.7821054278,0.1613002522,3
26,Non-Hodgkin lymphoma,328,Guyana,2,1,1999,0.246049538,0.2606229932,0.01366848455,1
26,Non-Hodgkin lymphoma,328,Guyana,2,1,2000,0.3538570418,0.2608534604,0,1
26,Non-Hodgkin lymphoma,328,Guyana,2,1,2001,1.255142251,1.044342795,0.04304482263,4
26,Non-Hodgkin lymphoma,328,Guyana,2,1,2002,0,0,0,0
26,Non-Hodgkin lymphoma,328,Guyana,2,1,2003,0,0,0,0
26,Non-Hodgkin lymphoma,328,Guyana,2,1,2004,0.2236969652,0.2618849958,0.01863967636,1
26,Non-Hodgkin lymphoma,328,Guyana,2,1,2005,1.260236603,1.049001482,0.1859608594,4
26,Non-Hodgkin lymphoma,328,Guyana,2,1,2006,0.2015226153,0.2627968948,0.01119507416,1
26,Non-Hodgkin lymphoma,328,Guyana,2,1,2007,1.155663168,1.053646407,0.11511442,4
26,Non-Hodgkin lymphoma,328,Guyana,2,1,2008,1.646037244,1.58448891,0.1207828849,6
26,Non-Hodgkin lymphoma,328,Guyana,2,1,2009,0.5853418594,0.5296778499,0.01760842382,2
26,Non-Hodgkin lymphoma,328,Guyana,2,1,2010,1.19462175,1.062806553,0.1192866399,4
26,Non-Hodgkin lymphoma,328,Guyana,2,1,2011,1.356511001,1.33324445,0.09973130305,5
26,Non-Hodgkin lymphoma,328,Guyana,2,1,2012,1.644233554,1.330109149,0.2098880674,5
26,Non-Hodgkin lymphoma,328,Guyana,2,1,2013,1.253008918,1.054902395,0.09367455764,4
26,Non-Hodgkin lymphoma,328,Guyana,2,1,2014,3.054693807,2.613238142,0.4491953443,10
26,Non-Hodgkin lymphoma,328,Guyana,2,1,2015,2.387771453,2.329891997,0.2347562201,9
26,Non-Hodgkin lymphoma,328,Guyana,2,1,2016,1.415614612,1.28216306,0.1572255596,5
26,Non-Hodgkin lymphoma,328,Guyana,2,1,2017,0.6929351852,0.7620208794,0.05337305181,3
26,Non-Hodgkin lymphoma,328,Guyana,2,1,2018,0.5446482079,0.4954652543,0.05070736669,2
26,Non-Hodgkin lymphoma,328,Guyana,2,1,2019,1.812107099,1.702057301,0.2611940016,7
26,Non-Hodgkin lymphoma,348,Hungary,1,1,1971,3.45936755,4.288898187,0.3751104392,215
26,Non-Hodgkin lymphoma,348,Hungary,1,1,1972,3.324111764,4.057855875,0.3696877635,204
26,Non-Hodgkin lymphoma,348,Hungary,1,1,1973,3.166344148,4.044887946,0.3534926429,204
26,Non-Hodgkin lymphoma,348,Hungary,1,1,1974,2.821364161,3.691204127,0.309165258,187
26,Non-Hodgkin lymphoma,348,Hungary,1,1,1975,3.059994489,3.865449397,0.3316191735,197
26,Non-Hodgkin lymphoma,348,Hungary,1,1,1976,3.355817981,4.331613501,0.3690695227,222
26,Non-Hodgkin lymphoma,348,Hungary,1,1,1977,3.738774353,4.874631659,0.4159350128,251
26,Non-Hodgkin lymphoma,348,Hungary,1,1,1978,4.265405801,5.438790382,0.4683048522,281
26,Non-Hodgkin lymphoma,348,Hungary,1,1,1979,3.2365245,4.073670497,0.3527899729,211
26,Non-Hodgkin lymphoma,348,Hungary,1,1,1980,2.495086996,3.242808469,0.2759930143,168
26,Non-Hodgkin lymphoma,348,Hungary,1,1,1981,2.400658788,3.172966327,0.2689386615,164
26,Non-Hodgkin lymphoma,348,Hungary,1,1,1982,2.571444015,3.376553214,0.2695708178,174
26,Non-Hodgkin lymphoma,348,Hungary,1,1,1983,2.496732968,3.234202116,0.2728102595,166
26,Non-Hodgkin lymphoma,348,Hungary,1,1,1984,3.069718154,4.032398166,0.3565252705,206
26,Non-Hodgkin lymphoma,348,Hungary,1,1,1985,2.584962369,3.244487149,0.2690701129,165
26,Non-Hodgkin lymphoma,348,Hungary,1,1,1986,2.626485951,3.554766661,0.2963360723,180
26,Non-Hodgkin lymphoma,348,Hungary,1,1,1987,2.851455842,3.847605471,0.315844791,194
26,Non-Hodgkin lymphoma,348,Hungary,1,1,1988,3.10545538,4.082452801,0.3240715359,205
26,Non-Hodgkin lymphoma,348,Hungary,1,1,1989,3.07495017,4.100585564,0.3255604308,205
26,Non-Hodgkin lymphoma,348,Hungary,1,1,1990,2.948924836,4.052808496,0.316995451,202
26,Non-Hodgkin lymphoma,348,Hungary,1,1,1991,3.069076189,4.27821278,0.3506692881,213
26,Non-Hodgkin lymphoma,348,Hungary,1,1,1992,3.792410667,5.089494639,0.3928125632,253
26,Non-Hodgkin lymphoma,348,Hungary,1,1,1993,3.421216802,4.75913916,0.384341223,236
26,Non-Hodgkin lymphoma,348,Hungary,1,1,1994,4.109770948,5.641401009,0.4509450668,279
26,Non-Hodgkin lymphoma,348,Hungary,1,1,1995,3.755824268,5.250847586,0.4292821851,259
26,Non-Hodgkin lymphoma,348,Hungary,1,1,1996,4.196304714,5.956820977,0.4693116175,293
26,Non-Hodgkin lymphoma,348,Hungary,1,1,1997,4.098758732,5.831945358,0.4298532308,286
26,Non-Hodgkin lymphoma,348,Hungary,1,1,1998,4.307141507,6.158867055,0.4526231233,301
26,Non-Hodgkin lymphoma,348,Hungary,1,1,1999,4.69022068,6.778849087,0.5408569381,330
26,Non-Hodgkin lymphoma,348,Hungary,1,1,2000,4.151360336,6.061022123,0.4469536482,294
26,Non-Hodgkin lymphoma,348,Hungary,1,1,2001,3.886027168,5.872221899,0.4277339637,284
26,Non-Hodgkin lymphoma,348,Hungary,1,1,2002,4.591551676,6.784091616,0.5192662342,327
26,Non-Hodgkin lymphoma,348,Hungary,1,1,2003,3.986938861,6.162299137,0.4041985952,296
26,Non-Hodgkin lymphoma,348,Hungary,1,1,2004,4.682868127,7.139339661,0.4809679471,342
26,Non-Hodgkin lymphoma,348,Hungary,1,1,2005,3.31259758,5.083069488,0.3820671503,243
26,Non-Hodgkin lymphoma,348,Hungary,1,1,2006,3.729844474,5.865764289,0.4129997469,280
26,Non-Hodgkin lymphoma,348,Hungary,1,1,2007,3.76653799,6.064171949,0.4376563836,289
26,Non-Hodgkin lymphoma,348,Hungary,1,1,2008,3.891428634,6.221621733,0.4263986983,296
26,Non-Hodgkin lymphoma,348,Hungary,1,1,2009,3.653764513,5.97732594,0.4063457028,284
26,Non-Hodgkin lymphoma,348,Hungary,1,1,2010,3.62854934,6.031474384,0.3922040006,286
26,Non-Hodgkin lymphoma,348,Hungary,1,1,2011,3.635818633,6.238006375,0.3953348518,295
26,Non-Hodgkin lymphoma,348,Hungary,1,1,2012,3.625002179,6.103764635,0.4147580947,288
26,Non-Hodgkin lymphoma,348,Hungary,1,1,2013,3.667551603,6.457524306,0.3779731766,304
26,Non-Hodgkin lymphoma,348,Hungary,1,1,2014,3.332308606,5.832747664,0.3721571069,274
26,Non-Hodgkin lymphoma,348,Hungary,1,1,2015,3.752755679,6.865430839,0.4305590205,322
26,Non-Hodgkin lymphoma,348,Hungary,1,1,2016,3.433667364,6.410107115,0.3711131843,300
26,Non-Hodgkin lymphoma,348,Hungary,1,1,2017,3.377864461,6.399553444,0.328576502,299
26,Non-Hodgkin lymphoma,348,Hungary,1,1,2018,3.297781068,5.991643797,0.3708933984,280
26,Non-Hodgkin lymphoma,348,Hungary,1,1,2019,2.821350796,5.451011334,0.3077568625,255
26,Non-Hodgkin lymphoma,348,Hungary,1,1,2020,3.294289351,6.485343178,0.3623808037,303
26,Non-Hodgkin lymphoma,348,Hungary,1,1,2021,3.199709987,6.273800694,0.3606232416,292
26,Non-Hodgkin lymphoma,348,Hungary,1,1,2022,2.983770571,5.984756094,0.3361316245,278
26,Non-Hodgkin lymphoma,348,Hungary,1,1,2023,2.95327709,5.937936303,0.3363395089,276
26,Non-Hodgkin lymphoma,348,Hungary,2,1,1971,1.957585467,2.926265701,0.2158092955,156
26,Non-Hodgkin lymphoma,348,Hungary,2,1,1972,2.162988129,3.160640192,0.2247444936,169
26,Non-Hodgkin lymphoma,348,Hungary,2,1,1973,1.930618975,2.926900565,0.2168468548,157
26,Non-Hodgkin lymphoma,348,Hungary,2,1,1974,1.826591785,2.876861689,0.2051243561,155
26,Non-Hodgkin lymphoma,348,Hungary,2,1,1975,1.902805965,2.897095892,0.1882342241,157
26,Non-Hodgkin lymphoma,348,Hungary,2,1,1976,2.224653223,3.376976782,0.2388258679,184
26,Non-Hodgkin lymphoma,348,Hungary,2,1,1977,2.277130431,3.562273333,0.2548188668,195
26,Non-Hodgkin lymphoma,348,Hungary,2,1,1978,2.406947657,3.804428355,0.2731419165,209
26,Non-Hodgkin lymphoma,348,Hungary,2,1,1979,1.602759613,2.595918037,0.1872474619,143
26,Non-Hodgkin lymphoma,348,Hungary,2,1,1980,1.299726178,2.302947483,0.1422619522,127
26,Non-Hodgkin lymphoma,348,Hungary,2,1,1981,1.047101275,1.977983052,0.1161205769,109
26,Non-Hodgkin lymphoma,348,Hungary,2,1,1982,1.395964777,2.489581917,0.1659771121,137
26,Non-Hodgkin lymphoma,348,Hungary,2,1,1983,1.651198114,2.804922639,0.1876050502,154
26,Non-Hodgkin lymphoma,348,Hungary,2,1,1984,1.730878624,3.122885261,0.1956099428,171
26,Non-Hodgkin lymphoma,348,Hungary,2,1,1985,1.553046298,2.892863973,0.1639531497,158
26,Non-Hodgkin lymphoma,348,Hungary,2,1,1986,1.538171819,2.625069654,0.1809027601,143
26,Non-Hodgkin lymphoma,348,Hungary,2,1,1987,1.57267022,2.779307522,0.1822122487,151
26,Non-Hodgkin lymphoma,348,Hungary,2,1,1988,2.000257809,3.543062978,0.2377312969,192
26,Non-Hodgkin lymphoma,348,Hungary,2,1,1989,1.841352197,3.256765723,0.1948587714,176
26,Non-Hodgkin lymphoma,348,Hungary,2,1,1990,1.7309125,3.261020814,0.1982311495,176
26,Non-Hodgkin lymphoma,348,Hungary,2,1,1991,2.001353355,3.62999162,0.212687652,196
26,Non-Hodgkin lymphoma,348,Hungary,2,1,1992,2.078719197,3.740429038,0.2265597599,202
26,Non-Hodgkin lymphoma,348,Hungary,2,1,1993,2.208553464,4.279370655,0.2418173758,231
26,Non-Hodgkin lymphoma,348,Hungary,2,1,1994,2.056991526,3.948570701,0.2109421236,213
26,Non-Hodgkin lymphoma,348,Hungary,2,1,1995,2.164945677,4.08144259,0.2265307314,220
26,Non-Hodgkin lymphoma,348,Hungary,2,1,1996,2.373323231,4.588089839,0.267176053,247
26,Non-Hodgkin lymphoma,348,Hungary,2,1,1997,2.94285457,5.526015766,0.3322002544,297
26,Non-Hodgkin lymphoma,348,Hungary,2,1,1998,2.773491078,5.648291513,0.3174101661,303
26,Non-Hodgkin lymphoma,348,Hungary,2,1,1999,2.469385655,5.325398179,0.2779768144,285
26,Non-Hodgkin lymphoma,348,Hungary,2,1,2000,2.634420186,5.430780258,0.2893180745,290
26,Non-Hodgkin lymphoma,348,Hungary,2,1,2001,2.408690653,5.102844357,0.2718751497,272
26,Non-Hodgkin lymphoma,348,Hungary,2,1,2002,2.346151497,4.982733887,0.2654467096,265
26,Non-Hodgkin lymphoma,348,Hungary,2,1,2003,2.22406937,4.862822235,0.2575742865,258
26,Non-Hodgkin lymphoma,348,Hungary,2,1,2004,2.211832403,4.796586945,0.2425308215,254
26,Non-Hodgkin lymphoma,348,Hungary,2,1,2005,2.332612796,5.089751813,0.2610467694,269
26,Non-Hodgkin lymphoma,348,Hungary,2,1,2006,2.066471836,4.586389623,0.2295357664,242
26,Non-Hodgkin lymphoma,348,Hungary,2,1,2007,2.262069596,5.086947415,0.238867122,268
26,Non-Hodgkin lymphoma,348,Hungary,2,1,2008,2.336611592,5.457254203,0.2495371576,287
26,Non-Hodgkin lymphoma,348,Hungary,2,1,2009,2.061688904,4.818965467,0.2257134123,253
26,Non-Hodgkin lymphoma,348,Hungary,2,1,2010,2.286375127,5.269854751,0.254834547,276
26,Non-Hodgkin lymphoma,348,Hungary,2,1,2011,2.020637721,4.906468997,0.2119722711,256
26,Non-Hodgkin lymphoma,348,Hungary,2,1,2012,2.247756203,5.636541022,0.2560657443,293
26,Non-Hodgkin lymphoma,348,Hungary,2,1,2013,2.012525939,5.249283048,0.2283649558,272
26,Non-Hodgkin lymphoma,348,Hungary,2,1,2014,2.134339302,5.614467127,0.2219399191,290
26,Non-Hodgkin lymphoma,348,Hungary,2,1,2015,2.122077426,5.554426436,0.2432154212,286
26,Non-Hodgkin lymphoma,348,Hungary,2,1,2016,2.052975911,5.418656512,0.229339853,278
26,Non-Hodgkin lymphoma,348,Hungary,2,1,2017,2.34589226,6.394957879,0.2626321572,327
26,Non-Hodgkin lymphoma,348,Hungary,2,1,2018,2.263855917,5.900551015,0.2463015113,301
26,Non-Hodgkin lymphoma,348,Hungary,2,1,2019,2.016101474,5.63594302,0.2234422949,287
26,Non-Hodgkin lymphoma,348,Hungary,2,1,2020,1.95168129,5.357090454,0.2080180618,272
26,Non-Hodgkin lymphoma,348,Hungary,2,1,2021,1.98348508,5.224026127,0.2273783561,264
26,Non-Hodgkin lymphoma,348,Hungary,2,1,2022,1.615206267,4.484865118,0.1758829256,226
26,Non-Hodgkin lymphoma,348,Hungary,2,1,2023,2.098491084,5.855051937,0.2296781488,295
26,Non-Hodgkin lymphoma,352,Iceland,1,0,1955,3.838057894,3.769365113,0.2416557977,3
26,Non-Hodgkin lymphoma,352,Iceland,1,0,1956,3.828962323,3.689946127,0.506358341,3
26,Non-Hodgkin lymphoma,352,Iceland,1,0,1957,3.662202859,3.603300623,0.2096846806,3
26,Non-Hodgkin lymphoma,352,Iceland,1,0,1958,5.056636762,4.697537316,0.7156384542,4
26,Non-Hodgkin lymphoma,352,Iceland,1,0,1959,2.491280518,2.29943204,0.2488179854,2
26,Non-Hodgkin lymphoma,352,Iceland,1,0,1960,1.380738695,1.125796501,0.08625894402,1
26,Non-Hodgkin lymphoma,352,Iceland,1,0,1961,3.271825208,3.318620781,0.2982060641,3
26,Non-Hodgkin lymphoma,352,Iceland,1,0,1962,2.059527389,2.173487796,0.1414564723,2
26,Non-Hodgkin lymphoma,352,Iceland,1,0,1963,1.797834894,2.132605404,0.04183225206,2
26,Non-Hodgkin lymphoma,352,Iceland,1,0,1964,3.744433094,4.190851371,0.1318578234,4
26,Non-Hodgkin lymphoma,352,Iceland,1,0,1965,1.119350777,1.029007728,0.06993495764,1
26,Non-Hodgkin lymphoma,352,Iceland,1,0,1966,1.732412218,2.022674178,0.08522968886,2
26,Non-Hodgkin lymphoma,352,Iceland,1,0,1967,4.549206942,3.981723887,0.2634992921,4
26,Non-Hodgkin lymphoma,352,Iceland,1,0,1968,4.336197062,4.913618585,0.5086368196,5
26,Non-Hodgkin lymphoma,352,Iceland,1,0,1969,6.107556039,6.824407983,0.5475158997,7
26,Non-Hodgkin lymphoma,352,Iceland,1,0,1970,5.997948086,5.814855016,0.9775957514,6
26,Non-Hodgkin lymphoma,352,Iceland,1,0,1971,2.555181416,2.879327389,0.1835911067,3
26,Non-Hodgkin lymphoma,352,Iceland,1,0,1972,4.808042171,5.673168748,0.2544793878,6
26,Non-Hodgkin lymphoma,352,Iceland,1,0,1973,0.4803073967,0.9318796012,0,1
26,Non-Hodgkin lymphoma,352,Iceland,1,0,1974,3.742301063,3.675389591,0.3808697477,4
26,Non-Hodgkin lymphoma,352,Iceland,1,0,1975,3.366724047,3.630983179,0.3153037571,4
26,Non-Hodgkin lymphoma,352,Iceland,1,0,1976,2.058149513,1.799192163,0.1874769881,2
26,Non-Hodgkin lymphoma,352,Iceland,1,0,1977,6.207378568,6.252288784,0.8067713051,7
26,Non-Hodgkin lymphoma,352,Iceland,1,0,1978,4.066249913,4.433095719,0.5456727951,5
26,Non-Hodgkin lymphoma,352,Iceland,1,0,1979,3.582789455,3.5134874,0.554194499,4
26,Non-Hodgkin lymphoma,352,Iceland,1,0,1980,2.356238402,2.607992628,0.3340446981,3
26,Non-Hodgkin lymphoma,352,Iceland,1,0,1981,7.51279346,7.737675602,0.8313502635,9
26,Non-Hodgkin lymphoma,352,Iceland,1,0,1982,4.778821811,5.088842712,0.6274721298,6
26,Non-Hodgkin lymphoma,352,Iceland,1,0,1983,7.554082632,7.540846251,0.6722296807,9
26,Non-Hodgkin lymphoma,352,Iceland,1,0,1984,6.162494472,6.639940905,0.5925399291,8
26,Non-Hodgkin lymphoma,352,Iceland,1,0,1985,5.468101759,6.591903495,0.5348733098,8
26,Non-Hodgkin lymphoma,352,Iceland,1,0,1986,8.049490039,9.001857656,1.015683121,11
26,Non-Hodgkin lymphoma,352,Iceland,1,0,1987,9.885815752,11.33236199,1.033694546,14
26,Non-Hodgkin lymphoma,352,Iceland,1,0,1988,6.553592736,7.170229208,0.6811757448,9
26,Non-Hodgkin lymphoma,352,Iceland,1,0,1989,8.893578222,9.456115743,0.9950748749,12
26,Non-Hodgkin lymphoma,352,Iceland,1,0,1990,7.146100468,8.600939848,1.036915093,11
26,Non-Hodgkin lymphoma,352,Iceland,1,0,1991,8.273142519,9.274215363,0.7639455427,12
26,Non-Hodgkin lymphoma,352,Iceland,1,0,1992,9.857475189,11.45571602,1.055118448,15
26,Non-Hodgkin lymphoma,352,Iceland,1,0,1993,7.792159107,9.077155825,0.8688772579,12
26,Non-Hodgkin lymphoma,352,Iceland,1,0,1994,13.79153568,16.49175412,1.342736597,22
26,Non-Hodgkin lymphoma,352,Iceland,1,0,1995,9.009261105,11.19135729,1.013094033,15
26,Non-Hodgkin lymphoma,352,Iceland,1,0,1996,10.01695074,11.12974313,0.8546344237,15
26,Non-Hodgkin lymphoma,352,Iceland,1,0,1997,9.961365014,12.52080663,0.9503080025,17
26,Non-Hodgkin lymphoma,352,Iceland,1,0,1998,9.467045635,12.40088411,0.7227079159,17
26,Non-Hodgkin lymphoma,352,Iceland,1,0,1999,12.9322804,16.57335149,1.317090709,23
26,Non-Hodgkin lymphoma,352,Iceland,1,0,2000,9.290550108,12.08132866,0.8207532555,17
26,Non-Hodgkin lymphoma,352,Iceland,1,0,2001,8.408675884,11.90909855,0.9649992118,17
26,Non-Hodgkin lymphoma,352,Iceland,1,0,2002,8.978115202,11.81770153,0.9734848825,17
26,Non-Hodgkin lymphoma,352,Iceland,1,0,2003,12.6687206,15.20313461,1.386016981,22
26,Non-Hodgkin lymphoma,352,Iceland,1,0,2004,8.783259146,12.27069145,1.177204716,18
26,Non-Hodgkin lymphoma,352,Iceland,1,0,2005,10.04639664,12.80004312,1.155111679,19
26,Non-Hodgkin lymphoma,352,Iceland,1,0,2006,13.44321501,16.85236679,1.829744148,26
26,Non-Hodgkin lymphoma,352,Iceland,1,0,2007,10.8248286,14.47797459,1.386481426,23
26,Non-Hodgkin lymphoma,352,Iceland,1,0,2008,9.522229725,14.095642,1.119238247,23
26,Non-Hodgkin lymphoma,352,Iceland,1,0,2009,9.450763926,12.38075783,1.086735075,20
26,Non-Hodgkin lymphoma,352,Iceland,1,0,2010,9.17516486,12.51321709,1.037451678,20
26,Non-Hodgkin lymphoma,352,Iceland,1,0,2011,12.00411391,18.10531047,1.33896134,29
26,Non-Hodgkin lymphoma,352,Iceland,1,0,2012,13.51215808,19.26782274,1.525327619,31
26,Non-Hodgkin lymphoma,352,Iceland,1,0,2013,8.808407947,13.54938443,1.260300406,22
26,Non-Hodgkin lymphoma,352,Iceland,1,0,2014,9.530060549,15.83049196,1.181133957,26
26,Non-Hodgkin lymphoma,352,Iceland,1,0,2015,9.665640315,15.64248499,1.11162538,26
26,Non-Hodgkin lymphoma,352,Iceland,1,0,2016,12.31608476,17.14637088,1.173382019,29
26,Non-Hodgkin lymphoma,352,Iceland,1,0,2017,9.89829108,14.3434158,1.195950737,25
26,Non-Hodgkin lymphoma,352,Iceland,1,0,2018,12.57947924,21.08627616,1.612782194,38
26,Non-Hodgkin lymphoma,352,Iceland,1,0,2019,13.66708236,18.93068664,1.688813656,35
26,Non-Hodgkin lymphoma,352,Iceland,1,0,2020,13.65253568,20.74556364,1.508657259,39
26,Non-Hodgkin lymphoma,352,Iceland,1,0,2021,13.10557855,19.36402269,1.474004084,37
26,Non-Hodgkin lymphoma,352,Iceland,1,0,2022,8.854520727,15.2668648,0.8636814603,30
26,Non-Hodgkin lymphoma,352,Iceland,2,0,1955,2.294414248,2.549297031,0.240018946,2
26,Non-Hodgkin lymphoma,352,Iceland,2,0,1956,1.332445037,1.249156819,0.110975463,1
26,Non-Hodgkin lymphoma,352,Iceland,2,0,1957,4.433934007,4.88680928,0.4561862946,4
26,Non-Hodgkin lymphoma,352,Iceland,2,0,1958,1.246105919,1.195914755,0.1556419919,1
26,Non-Hodgkin lymphoma,352,Iceland,2,0,1959,2.3954682,2.34373169,0.2989856699,2
26,Non-Hodgkin lymphoma,352,Iceland,2,0,1960,0,0,0,0
26,Non-Hodgkin lymphoma,352,Iceland,2,0,1961,2.385522775,2.259810402,0.3299719168,2
26,Non-Hodgkin lymphoma,352,Iceland,2,0,1962,1.25,1.110740864,0.1561279932,1
26,Non-Hodgkin lymphoma,352,Iceland,2,0,1963,1.610877024,2.18114401,0.212811156,2
26,Non-Hodgkin lymphoma,352,Iceland,2,0,1964,1.682811465,2.14135055,0.131943509,2
26,Non-Hodgkin lymphoma,352,Iceland,2,0,1965,3.576685525,3.154375118,0.3258407067,3
26,Non-Hodgkin lymphoma,352,Iceland,2,0,1966,2.160556637,2.067675003,0.3110031176,2
26,Non-Hodgkin lymphoma,352,Iceland,2,0,1967,0,0,0,0
26,Non-Hodgkin lymphoma,352,Iceland,2,0,1968,0.7550018875,1.005247391,0.1885724502,1
26,Non-Hodgkin lymphoma,352,Iceland,2,0,1969,1.948684638,1.993143586,0.3242539307,2
26,Non-Hodgkin lymphoma,352,Iceland,2,0,1970,2.710942253,2.972681061,0.1635679013,3
26,Non-Hodgkin lymphoma,352,Iceland,2,0,1971,1.05801446,0.9813735304,0.08812901518,1
26,Non-Hodgkin lymphoma,352,Iceland,2,0,1972,2.373567779,2.898298699,0.2490010671,3
26,Non-Hodgkin lymphoma,352,Iceland,2,0,1973,1.736944085,2.855755776,0.1157809295,3
26,Non-Hodgkin lymphoma,352,Iceland,2,0,1974,2.761977986,2.817218842,0.218740044,3
26,Non-Hodgkin lymphoma,352,Iceland,2,0,1975,3.231648029,3.708407888,0.365870548,4
26,Non-Hodgkin lymphoma,352,Iceland,2,0,1976,4.031935529,5.506355252,0.7415228477,6
26,Non-Hodgkin lymphoma,352,Iceland,2,0,1977,3.190311832,3.641063919,0.350603962,4
26,Non-Hodgkin lymphoma,352,Iceland,2,0,1978,3.909553812,4.513083429,0.448243043,5
26,Non-Hodgkin lymphoma,352,Iceland,2,0,1979,5.736003753,6.256032603,0.6671209357,7
26,Non-Hodgkin lymphoma,352,Iceland,2,0,1980,1.73880405,1.767987058,0.250123464,2
26,Non-Hodgkin lymphoma,352,Iceland,2,0,1981,5.238253478,4.367613274,0.5006232839,5
26,Non-Hodgkin lymphoma,352,Iceland,2,0,1982,5.422460005,6.030271965,0.7342441022,7
26,Non-Hodgkin lymphoma,352,Iceland,2,0,1983,5.390840778,5.94818283,0.6223029245,7
26,Non-Hodgkin lymphoma,352,Iceland,2,0,1984,3.396775482,4.201715981,0.4502891725,5
26,Non-Hodgkin lymphoma,352,Iceland,2,0,1985,0.6621785675,0.8331736417,0.05516632507,1
26,Non-Hodgkin lymphoma,352,Iceland,2,0,1986,4.773410743,5.785363032,0.5785099763,7
26,Non-Hodgkin lymphoma,352,Iceland,2,0,1987,3.347199565,4.901680459,0.4206385341,6
26,Non-Hodgkin lymphoma,352,Iceland,2,0,1988,4.396534755,6.433402224,0.2288848193,8
26,Non-Hodgkin lymphoma,352,Iceland,2,0,1989,3.272249698,4.770006201,0.274697994,6
26,Non-Hodgkin lymphoma,352,Iceland,2,0,1990,4.358097836,4.729064039,0.5056671475,6
26,Non-Hodgkin lymphoma,352,Iceland,2,0,1991,3.748448419,5.445479085,0.4993852571,7
26,Non-Hodgkin lymphoma,352,Iceland,2,0,1992,6.569601417,9.221335096,0.7214351552,12
26,Non-Hodgkin lymphoma,352,Iceland,2,0,1993,6.004282506,6.846345193,0.5986889445,9
26,Non-Hodgkin lymphoma,352,Iceland,2,0,1994,7.976536328,9.805326555,0.7429313078,13
26,Non-Hodgkin lymphoma,352,Iceland,2,0,1995,4.590594177,7.500693814,0.4195399696,10
26,Non-Hodgkin lymphoma,352,Iceland,2,0,1996,4.598133587,7.455564834,0.7180855415,10
26,Non-Hodgkin lymphoma,352,Iceland,2,0,1997,8.237486792,11.10124334,0.9407625732,15
26,Non-Hodgkin lymphoma,352,Iceland,2,0,1998,4.791673777,7.316038219,0.490653495,10
26,Non-Hodgkin lymphoma,352,Iceland,2,0,1999,7.405509116,9.393945963,0.8260002243,13
26,Non-Hodgkin lymphoma,352,Iceland,2,0,2000,3.800327761,7.121695533,0.2780355871,10
26,Non-Hodgkin lymphoma,352,Iceland,2,0,2001,5.892583812,8.434251495,0.8127602458,12
26,Non-Hodgkin lymphoma,352,Iceland,2,0,2002,7.04221435,9.04794716,0.8414790213,13
26,Non-Hodgkin lymphoma,352,Iceland,2,0,2003,8.174680369,12.45338628,0.9671547794,18
26,Non-Hodgkin lymphoma,352,Iceland,2,0,2004,8.865916035,12.34009296,1.101662544,18
26,Non-Hodgkin lymphoma,352,Iceland,2,0,2005,5.119288183,8.141278316,0.5547103707,12
26,Non-Hodgkin lymphoma,352,Iceland,2,0,2006,4.299386178,7.332404562,0.511051095,11
26,Non-Hodgkin lymphoma,352,Iceland,2,0,2007,7.609155594,11.80273692,0.8316796724,18
26,Non-Hodgkin lymphoma,352,Iceland,2,0,2008,6.496871591,11.5273037,0.7210424963,18
26,Non-Hodgkin lymphoma,352,Iceland,2,0,2009,7.416654141,12.68504307,0.9653714513,20
26,Non-Hodgkin lymphoma,352,Iceland,2,0,2010,9.088264965,13.91233961,0.9518821675,22
26,Non-Hodgkin lymphoma,352,Iceland,2,0,2011,6.59628454,10.07639164,0.7726914185,16
26,Non-Hodgkin lymphoma,352,Iceland,2,0,2012,7.833957165,11.89209489,0.8884376444,19
26,Non-Hodgkin lymphoma,352,Iceland,2,0,2013,6.018790369,9.296560273,0.4255683372,15
26,Non-Hodgkin lymphoma,352,Iceland,2,0,2014,11.87612419,19.61974482,1.449877238,32
26,Non-Hodgkin lymphoma,352,Iceland,2,0,2015,7.866279313,13.36914644,1.016110452,22
26,Non-Hodgkin lymphoma,352,Iceland,2,0,2016,10.43688481,15.03687041,1.281687391,25
26,Non-Hodgkin lymphoma,352,Iceland,2,0,2017,8.794877602,15.3792463,0.8119311347,26
26,Non-Hodgkin lymphoma,352,Iceland,2,0,2018,9.586679746,16.23207226,1.160144452,28
26,Non-Hodgkin lymphoma,352,Iceland,2,0,2019,9.462073682,15.36981482,0.9566890749,27
26,Non-Hodgkin lymphoma,352,Iceland,2,0,2020,10.28068118,16.24913852,0.9407883324,29
26,Non-Hodgkin lymphoma,352,Iceland,2,0,2021,8.949777646,15.98192389,0.911228106,29
26,Non-Hodgkin lymphoma,352,Iceland,2,0,2022,7.394372187,16.17172213,0.654853186,30
26,Non-Hodgkin lymphoma,356,India,1,0,2003,3.726511398,3.123009501,0.4089556036,326
26,Non-Hodgkin lymphoma,356,India,1,0,2004,3.924484466,3.264178658,0.4298062796,346
26,Non-Hodgkin lymphoma,356,India,1,0,2005,3.996472584,3.307958381,0.4471404358,356
26,Non-Hodgkin lymphoma,356,India,1,0,2006,4.316625118,3.539898128,0.4671718409,387
26,Non-Hodgkin lymphoma,356,India,1,0,2007,4.220034013,3.467210589,0.4375802829,385
26,Non-Hodgkin lymphoma,356,India,1,0,2008,4.325787663,3.615555974,0.4785815292,406
26,Non-Hodgkin lymphoma,356,India,1,0,2009,4.331643092,3.635901689,0.4753215398,411
26,Non-Hodgkin lymphoma,356,India,1,0,2010,4.582352069,3.799087338,0.5165225906,440
26,Non-Hodgkin lymphoma,356,India,1,0,2011,4.045385269,3.729335947,0.4338101602,388
26,Non-Hodgkin lymphoma,356,India,1,0,2012,3.74637937,3.495910742,0.4012757918,365
26,Non-Hodgkin lymphoma,356,India,1,0,2013,4.371470363,4.189820435,0.4698180483,439
26,Non-Hodgkin lymphoma,356,India,1,0,2014,4.177972039,4.060853458,0.4425634659,427
26,Non-Hodgkin lymphoma,356,India,1,0,2015,3.895969116,3.800034058,0.4205354592,401
26,Non-Hodgkin lymphoma,356,India,1,0,2016,4.118109734,4.060322799,0.4367622195,430
26,Non-Hodgkin lymphoma,356,India,1,0,2017,4.357474931,4.309248617,0.4637564096,458
26,Non-Hodgkin lymphoma,356,India,2,0,2003,2.268945148,2.002784538,0.25676013,180
26,Non-Hodgkin lymphoma,356,India,2,0,2004,2.505125171,2.182912969,0.2621114878,199
26,Non-Hodgkin lymphoma,356,India,2,0,2005,2.275558489,2.05087243,0.2447101709,190
26,Non-Hodgkin lymphoma,356,India,2,0,2006,2.402820853,2.153060197,0.2612048501,202
26,Non-Hodgkin lymphoma,356,India,2,0,2007,2.449499094,2.22709592,0.2612569427,212
26,Non-Hodgkin lymphoma,356,India,2,0,2008,2.968815085,2.733741924,0.3240724427,264
26,Non-Hodgkin lymphoma,356,India,2,0,2009,2.907629331,2.692816636,0.3150712871,264
26,Non-Hodgkin lymphoma,356,India,2,0,2010,2.8261229,2.645279184,0.3259360224,264
26,Non-Hodgkin lymphoma,356,India,2,0,2011,2.893993113,2.858682828,0.3185676127,268
26,Non-Hodgkin lymphoma,356,India,2,0,2012,2.733585584,2.783566585,0.3055412631,263
26,Non-Hodgkin lymphoma,356,India,2,0,2013,3.131728877,3.181980288,0.3500064221,303
26,Non-Hodgkin lymphoma,356,India,2,0,2014,3.062125698,3.125981754,0.3511354856,300
26,Non-Hodgkin lymphoma,356,India,2,0,2015,2.43868853,2.470994505,0.2634684704,239
26,Non-Hodgkin lymphoma,356,India,2,0,2016,2.916494626,3.098047881,0.3301898218,302
26,Non-Hodgkin lymphoma,356,India,2,0,2017,3.080655546,3.297860299,0.3452433421,324
26,Non-Hodgkin lymphoma,36,Australia,1,0,1993,13.83397108,17.12111373,1.462279901,1505
26,Non-Hodgkin lymphoma,36,Australia,1,0,1994,13.30801007,16.78012125,1.440731732,1489
26,Non-Hodgkin lymphoma,36,Australia,1,0,1995,13.34150288,16.8654798,1.46956122,1513
26,Non-Hodgkin lymphoma,36,Australia,1,0,1996,14.38197773,18.55317208,1.545735621,1684
26,Non-Hodgkin lymphoma,36,Australia,1,0,1997,13.99920681,18.32675825,1.520259677,1680
26,Non-Hodgkin lymphoma,36,Australia,1,0,1998,13.75838744,18.28087791,1.498174879,1692
26,Non-Hodgkin lymphoma,36,Australia,1,0,1999,13.7353609,18.89086766,1.489554948,1767
26,Non-Hodgkin lymphoma,36,Australia,1,0,2000,14.12745269,19.52305195,1.516732834,1847
26,Non-Hodgkin lymphoma,36,Australia,1,0,2001,14.44313437,20.00586922,1.581216706,1917
26,Non-Hodgkin lymphoma,36,Australia,1,0,2002,14.40675896,20.64308943,1.5847293,2003
26,Non-Hodgkin lymphoma,36,Australia,1,0,2003,14.87254048,21.1048399,1.64750682,2071
26,Non-Hodgkin lymphoma,36,Australia,1,0,2004,14.4160094,21.09883626,1.561330357,2094
26,Non-Hodgkin lymphoma,36,Australia,1,0,2005,14.50210744,21.0192663,1.603642866,2113
26,Non-Hodgkin lymphoma,36,Australia,1,0,2006,14.63011221,21.57133021,1.605350386,2200
26,Non-Hodgkin lymphoma,36,Australia,1,0,2007,14.06568505,21.18903915,1.55463934,2201
26,Non-Hodgkin lymphoma,36,Australia,1,0,2008,14.50289116,21.75253937,1.5873763,2299
26,Non-Hodgkin lymphoma,36,Australia,1,0,2009,14.92728377,22.58028156,1.608774944,2438
26,Non-Hodgkin lymphoma,36,Australia,1,0,2010,15.26421052,23.29586293,1.71974247,2554
26,Non-Hodgkin lymphoma,36,Australia,1,0,2011,15.7018921,24.3166924,1.708685943,2703
26,Non-Hodgkin lymphoma,36,Australia,1,0,2012,16.17695332,25.14525297,1.787759032,2843
26,Non-Hodgkin lymphoma,36,Australia,1,0,2013,15.58760602,24.75273116,1.71027348,2849
26,Non-Hodgkin lymphoma,36,Australia,1,0,2014,15.74446947,25.19057872,1.722134276,2940
26,Non-Hodgkin lymphoma,36,Australia,1,0,2015,15.32176053,25.08200471,1.650605984,2967
26,Non-Hodgkin lymphoma,36,Australia,1,0,2016,15.6340788,26.05015793,1.685503733,3127
26,Non-Hodgkin lymphoma,36,Australia,1,0,2017,15.9320343,27.06107542,1.807017943,3302
26,Non-Hodgkin lymphoma,36,Australia,1,1,1956,0.4343195794,0.4606365159,0.05845450976,22
26,Non-Hodgkin lymphoma,36,Australia,1,1,1957,0.3160461249,0.3277143969,0.02851157293,16
26,Non-Hodgkin lymphoma,36,Australia,1,1,1958,0.5246994062,0.5425390829,0.0659056963,27
26,Non-Hodgkin lymphoma,36,Australia,1,1,1959,0.4985308948,0.49210661,0.05108900144,25
26,Non-Hodgkin lymphoma,36,Australia,1,1,1960,0.6277540984,0.6162972093,0.07925069577,32
26,Non-Hodgkin lymphoma,36,Australia,1,1,1961,0.427713426,0.432957476,0.04688701731,23
26,Non-Hodgkin lymphoma,36,Australia,1,1,1962,0.554547253,0.5556378723,0.06380231788,30
26,Non-Hodgkin lymphoma,36,Australia,1,1,1963,0.7148108359,0.7454680994,0.09244256312,41
26,Non-Hodgkin lymphoma,36,Australia,1,1,1964,0.5100228999,0.5352172982,0.05447662268,30
26,Non-Hodgkin lymphoma,36,Australia,1,1,1965,0.6548960347,0.6649750634,0.06957725242,38
26,Non-Hodgkin lymphoma,36,Australia,1,1,1966,0.5034815834,0.5329757238,0.05790213604,31
26,Non-Hodgkin lymphoma,36,Australia,1,1,1967,0.670309456,0.7071540417,0.06827191349,42
26,Non-Hodgkin lymphoma,36,Australia,1,1,1968,0.7747503227,0.810815283,0.08682036624,49
26,Non-Hodgkin lymphoma,36,Australia,1,1,1969,0.7564417031,0.7941138338,0.08970524555,49
26,Non-Hodgkin lymphoma,36,Australia,1,1,1970,0.8517848015,0.8422993182,0.1124964705,53
26,Non-Hodgkin lymphoma,36,Australia,1,1,1971,0.7244737935,0.7329206107,0.07737163941,47
26,Non-Hodgkin lymphoma,36,Australia,1,1,1972,0.6771050118,0.690989497,0.07466489539,45
26,Non-Hodgkin lymphoma,36,Australia,1,1,1973,0.8178762732,0.818839371,0.07732791471,54
26,Non-Hodgkin lymphoma,36,Australia,1,1,1974,1.486552937,1.522728969,0.1781797113,102
26,Non-Hodgkin lymphoma,36,Australia,1,1,1975,1.740752684,1.793592247,0.1865894543,124
26,Non-Hodgkin lymphoma,36,Australia,1,1,1976,2.019019617,2.134853999,0.2256236916,149
26,Non-Hodgkin lymphoma,36,Australia,1,1,1977,2.032764628,2.168613221,0.2122091752,153
26,Non-Hodgkin lymphoma,36,Australia,1,1,1978,2.790104274,2.969645183,0.2960556841,212
26,Non-Hodgkin lymphoma,36,Australia,1,1,1979,2.997286425,3.253225539,0.3185309292,235
26,Non-Hodgkin lymphoma,36,Australia,1,1,1980,3.555605144,3.852827456,0.4049111482,282
26,Non-Hodgkin lymphoma,36,Australia,1,1,1981,3.451925809,3.839132302,0.4086664729,286
26,Non-Hodgkin lymphoma,36,Australia,1,1,1982,3.960381404,4.355688133,0.4671691586,330
26,Non-Hodgkin lymphoma,36,Australia,1,1,1983,4.225820386,4.742485636,0.4446519281,364
26,Non-Hodgkin lymphoma,36,Australia,1,1,1984,3.878958373,4.483842705,0.4402768195,348
26,Non-Hodgkin lymphoma,36,Australia,1,1,1985,4.393940014,5.075819255,0.4848314697,399
26,Non-Hodgkin lymphoma,36,Australia,1,1,1986,5.034210067,5.999925001,0.5667968836,480
26,Non-Hodgkin lymphoma,36,Australia,1,1,1987,4.644036388,5.627801586,0.5168551432,457
26,Non-Hodgkin lymphoma,36,Australia,1,1,1988,5.186707976,6.358318497,0.5704793878,525
26,Non-Hodgkin lymphoma,36,Australia,1,1,1989,5.275119326,6.616989568,0.524843318,555
26,Non-Hodgkin lymphoma,36,Australia,1,1,1990,5.411900266,6.743896421,0.5470061827,574
26,Non-Hodgkin lymphoma,36,Australia,1,1,1991,5.571698838,7.045604912,0.6113329805,607
26,Non-Hodgkin lymphoma,36,Australia,1,1,1992,5.397493585,6.979680863,0.5615894635,608
26,Non-Hodgkin lymphoma,36,Australia,1,1,1993,5.811912878,7.616925491,0.6133684736,670
26,Non-Hodgkin lymphoma,36,Australia,1,1,1994,6.217062068,8.216187014,0.6598940819,730
26,Non-Hodgkin lymphoma,36,Australia,1,1,1995,5.477892722,7.375189107,0.5859624802,663
26,Non-Hodgkin lymphoma,36,Australia,1,1,1996,5.216440714,7.301113283,0.5625868253,665
26,Non-Hodgkin lymphoma,36,Australia,1,1,1997,5.968876979,8.421010541,0.624297859,775
26,Non-Hodgkin lymphoma,36,Australia,1,1,1998,5.634567515,8.133690326,0.5908545801,756
26,Non-Hodgkin lymphoma,36,Australia,1,1,1999,5.715574021,8.4392694,0.6318285408,793
26,Non-Hodgkin lymphoma,36,Australia,1,1,2000,5.910743274,9.015993236,0.6105809055,857
26,Non-Hodgkin lymphoma,36,Australia,1,1,2001,5.353511517,8.171824711,0.5799333078,787
26,Non-Hodgkin lymphoma,36,Australia,1,1,2002,5.259851122,8.446818473,0.5385544871,825
26,Non-Hodgkin lymphoma,36,Australia,1,1,2003,5.155839009,8.224078177,0.5754830799,812
26,Non-Hodgkin lymphoma,36,Australia,1,1,2004,4.572404457,7.58083465,0.4503397755,758
26,Non-Hodgkin lymphoma,36,Australia,1,1,2005,4.599550658,7.711051019,0.466696652,776
26,Non-Hodgkin lymphoma,36,Australia,1,1,2006,4.676609385,7.908717796,0.4886281241,801
26,Non-Hodgkin lymphoma,36,Australia,1,1,2007,4.052487303,7.044991627,0.4220852149,738
26,Non-Hodgkin lymphoma,36,Australia,1,1,2008,4.291485251,7.469996372,0.4451378687,799
26,Non-Hodgkin lymphoma,36,Australia,1,1,2009,3.720835552,6.632899566,0.3974042905,725
26,Non-Hodgkin lymphoma,36,Australia,1,1,2010,4.000693831,7.152995916,0.4159093097,794
26,Non-Hodgkin lymphoma,36,Australia,1,1,2011,3.721444235,7.015502642,0.3891558852,780
26,Non-Hodgkin lymphoma,36,Australia,1,1,2012,3.845055129,7.41636283,0.3919023267,839
26,Non-Hodgkin lymphoma,36,Australia,1,1,2013,3.892706052,7.405098062,0.3921388416,852
26,Non-Hodgkin lymphoma,36,Australia,1,1,2014,3.759368519,7.457579984,0.3690595584,871
26,Non-Hodgkin lymphoma,36,Australia,1,1,2015,3.671518454,7.288006106,0.3625335871,862
26,Non-Hodgkin lymphoma,36,Australia,1,1,2016,3.650178776,7.381463978,0.3698882316,886
26,Non-Hodgkin lymphoma,36,Australia,1,1,2017,3.523297129,7.595735769,0.33500306,927
26,Non-Hodgkin lymphoma,36,Australia,1,1,2018,3.412093719,7.53820291,0.3011866224,934
26,Non-Hodgkin lymphoma,36,Australia,1,1,2019,3.558912618,7.624895834,0.3431772981,959
26,Non-Hodgkin lymphoma,36,Australia,1,1,2020,3.29993641,7.384921514,0.3089502262,940
26,Non-Hodgkin lymphoma,36,Australia,1,1,2021,3.388378032,8.023900714,0.318496778,1023
26,Non-Hodgkin lymphoma,36,Australia,1,1,2022,3.44402438,8.173710326,0.3315919293,1055
26,Non-Hodgkin lymphoma,36,Australia,1,1,2023,3.26307749,7.848393238,0.3071089869,1038
26,Non-Hodgkin lymphoma,36,Australia,2,0,1993,9.202321647,13.36937612,1.013589821,1185
26,Non-Hodgkin lymphoma,36,Australia,2,0,1994,9.633993018,14.03733999,1.074863406,1257
26,Non-Hodgkin lymphoma,36,Australia,2,0,1995,10.08721472,14.95907781,1.11597662,1355
26,Non-Hodgkin lymphoma,36,Australia,2,0,1996,10.19869488,15.2067364,1.177865965,1395
26,Non-Hodgkin lymphoma,36,Australia,2,0,1997,10.1678051,15.58747815,1.13912069,1446
26,Non-Hodgkin lymphoma,36,Australia,2,0,1998,9.71212545,15.3513803,1.082805822,1440
26,Non-Hodgkin lymphoma,36,Australia,2,0,1999,9.942543106,15.93267979,1.097639393,1512
26,Non-Hodgkin lymphoma,36,Australia,2,0,2000,10.42695898,16.70847255,1.151812009,1605
26,Non-Hodgkin lymphoma,36,Australia,2,0,2001,10.06088125,16.06369605,1.131483793,1564
26,Non-Hodgkin lymphoma,36,Australia,2,0,2002,10.58481162,17.00820926,1.211898789,1674
26,Non-Hodgkin lymphoma,36,Australia,2,0,2003,10.00113081,16.39171481,1.110272166,1633
26,Non-Hodgkin lymphoma,36,Australia,2,0,2004,9.943069651,16.40620818,1.108864592,1652
26,Non-Hodgkin lymphoma,36,Australia,2,0,2005,10.46916483,17.69607848,1.157419675,1804
26,Non-Hodgkin lymphoma,36,Australia,2,0,2006,9.93894255,16.44909513,1.115146348,1700
26,Non-Hodgkin lymphoma,36,Australia,2,0,2007,10.00178086,17.07666347,1.102773545,1796
26,Non-Hodgkin lymphoma,36,Australia,2,0,2008,10.06820181,17.23395734,1.124796012,1840
26,Non-Hodgkin lymphoma,36,Australia,2,0,2009,10.13241229,17.32673381,1.11653085,1887
26,Non-Hodgkin lymphoma,36,Australia,2,0,2010,10.33747041,17.45273256,1.173596765,1931
26,Non-Hodgkin lymphoma,36,Australia,2,0,2011,10.33502022,17.72601358,1.161242038,1989
26,Non-Hodgkin lymphoma,36,Australia,2,0,2012,10.69308402,18.53902171,1.167536452,2116
26,Non-Hodgkin lymphoma,36,Australia,2,0,2013,10.42584493,18.16486973,1.151460877,2111
26,Non-Hodgkin lymphoma,36,Australia,2,0,2014,11.09486254,19.56424746,1.253756002,2310
26,Non-Hodgkin lymphoma,36,Australia,2,0,2015,10.57212572,18.61933152,1.197145515,2232
26,Non-Hodgkin lymphoma,36,Australia,2,0,2016,10.64296112,19.15390301,1.222257005,2334
26,Non-Hodgkin lymphoma,36,Australia,2,0,2017,10.67414682,19.5781541,1.209641911,2427
26,Non-Hodgkin lymphoma,36,Australia,2,1,1956,0.1915630988,0.21507689,0.02137156804,10
26,Non-Hodgkin lymphoma,36,Australia,2,1,1957,0.2156569413,0.2522121104,0.0262112797,12
26,Non-Hodgkin lymphoma,36,Australia,2,1,1958,0.248536302,0.3082740762,0.03044889783,15
26,Non-Hodgkin lymphoma,36,Australia,2,1,1959,0.2967611912,0.3416261404,0.03717471504,17
26,Non-Hodgkin lymphoma,36,Australia,2,1,1960,0.3756517885,0.4131662305,0.04423627192,21
26,Non-Hodgkin lymphoma,36,Australia,2,1,1961,0.2229455665,0.230951327,0.02354095817,12
26,Non-Hodgkin lymphoma,36,Australia,2,1,1962,0.3761084409,0.4338558467,0.04073586647,23
26,Non-Hodgkin lymphoma,36,Australia,2,1,1963,0.3567603224,0.4253745145,0.03776655701,23
26,Non-Hodgkin lymphoma,36,Australia,2,1,1964,0.4441754203,0.561960699,0.0538159094,31
26,Non-Hodgkin lymphoma,36,Australia,2,1,1965,0.4386682579,0.5154272714,0.05247503168,29
26,Non-Hodgkin lymphoma,36,Australia,2,1,1966,0.4732334099,0.5580649099,0.0583784932,32
26,Non-Hodgkin lymphoma,36,Australia,2,1,1967,0.346431589,0.409584272,0.0362314769,24
26,Non-Hodgkin lymphoma,36,Australia,2,1,1968,0.5767258848,0.7543753772,0.06241013032,45
26,Non-Hodgkin lymphoma,36,Australia,2,1,1969,0.3691714562,0.4759716387,0.04056810516,29
26,Non-Hodgkin lymphoma,36,Australia,2,1,1970,0.4910126562,0.5953051341,0.05485602945,37
26,Non-Hodgkin lymphoma,36,Australia,2,1,1971,0.4695920133,0.5990856062,0.04497859859,38
26,Non-Hodgkin lymphoma,36,Australia,2,1,1972,0.4718352214,0.6204917397,0.05417602359,40
26,Non-Hodgkin lymphoma,36,Australia,2,1,1973,0.6320537189,0.8260543666,0.07364276658,54
26,Non-Hodgkin lymphoma,36,Australia,2,1,1974,0.9596243444,1.234995557,0.1069730701,82
26,Non-Hodgkin lymphoma,36,Australia,2,1,1975,1.287108764,1.603919396,0.1468577966,110
26,Non-Hodgkin lymphoma,36,Australia,2,1,1976,1.193880309,1.629134108,0.1446403084,113
26,Non-Hodgkin lymphoma,36,Australia,2,1,1977,1.540793337,2.065821342,0.1739780263,145
26,Non-Hodgkin lymphoma,36,Australia,2,1,1978,1.686723775,2.278705358,0.190584386,162
26,Non-Hodgkin lymphoma,36,Australia,2,1,1979,1.940134164,2.667370556,0.2268540496,192
26,Non-Hodgkin lymphoma,36,Australia,2,1,1980,2.383006057,3.330272589,0.2651181169,243
26,Non-Hodgkin lymphoma,36,Australia,2,1,1981,2.427806891,3.437115498,0.2828305648,257
26,Non-Hodgkin lymphoma,36,Australia,2,1,1982,2.586383067,3.670038542,0.2950354205,279
26,Non-Hodgkin lymphoma,36,Australia,2,1,1983,2.798834177,4.050212247,0.30261495,312
26,Non-Hodgkin lymphoma,36,Australia,2,1,1984,2.858252722,4.079695177,0.3215073155,318
26,Non-Hodgkin lymphoma,36,Australia,2,1,1985,3.228340501,4.786264182,0.3526997587,378
26,Non-Hodgkin lymphoma,36,Australia,2,1,1986,3.445577554,5.250554987,0.3890463926,421
26,Non-Hodgkin lymphoma,36,Australia,2,1,1987,3.214761328,5.121214354,0.3527721617,417
26,Non-Hodgkin lymphoma,36,Australia,2,1,1988,3.36235025,5.240912933,0.3825164196,434
26,Non-Hodgkin lymphoma,36,Australia,2,1,1989,3.250413686,5.150173848,0.3600337082,434
26,Non-Hodgkin lymphoma,36,Australia,2,1,1990,3.41981567,5.611541069,0.3939018774,480
26,Non-Hodgkin lymphoma,36,Australia,2,1,1991,3.601255015,5.952586953,0.3846734213,516
26,Non-Hodgkin lymphoma,36,Australia,2,1,1992,3.63496558,6.110420775,0.390790131,536
26,Non-Hodgkin lymphoma,36,Australia,2,1,1993,3.915201218,6.590603875,0.4314062566,584
26,Non-Hodgkin lymphoma,36,Australia,2,1,1994,3.904925995,6.712308878,0.4394218117,601
26,Non-Hodgkin lymphoma,36,Australia,2,1,1995,4.176465711,7.306912361,0.4457984494,663
26,Non-Hodgkin lymphoma,36,Australia,2,1,1996,4.144301702,7.127490819,0.4621714124,656
26,Non-Hodgkin lymphoma,36,Australia,2,1,1997,4.139778093,7.440098351,0.465471044,693
26,Non-Hodgkin lymphoma,36,Australia,2,1,1998,4.410451291,7.996519337,0.4954892564,753
26,Non-Hodgkin lymphoma,36,Australia,2,1,1999,4.068282422,7.450699196,0.4299523004,710
26,Non-Hodgkin lymphoma,36,Australia,2,1,2000,3.998116268,7.607755723,0.4334497674,734
26,Non-Hodgkin lymphoma,36,Australia,2,1,2001,3.707523351,7.308904351,0.4124937211,715
26,Non-Hodgkin lymphoma,36,Australia,2,1,2002,3.66548671,7.040879833,0.4148481904,697
26,Non-Hodgkin lymphoma,36,Australia,2,1,2003,3.25159086,6.600528702,0.3459909692,660
26,Non-Hodgkin lymphoma,36,Australia,2,1,2004,3.371095759,7.006216883,0.3505713047,710
26,Non-Hodgkin lymphoma,36,Australia,2,1,2005,3.02924023,6.627261909,0.3014596189,676
26,Non-Hodgkin lymphoma,36,Australia,2,1,2006,2.771989222,6.340871828,0.2604649906,651
26,Non-Hodgkin lymphoma,36,Australia,2,1,2007,2.411770241,5.558216181,0.2380395568,589
26,Non-Hodgkin lymphoma,36,Australia,2,1,2008,2.481869584,5.915342835,0.2372337915,639
26,Non-Hodgkin lymphoma,36,Australia,2,1,2009,2.336952142,5.752459335,0.2235311311,634
26,Non-Hodgkin lymphoma,36,Australia,2,1,2010,2.102553402,5.0012186,0.1898353795,560
26,Non-Hodgkin lymphoma,36,Australia,2,1,2011,2.284960443,5.418030457,0.2240374256,608
26,Non-Hodgkin lymphoma,36,Australia,2,1,2012,2.13354048,5.2034829,0.1986408735,594
26,Non-Hodgkin lymphoma,36,Australia,2,1,2013,2.194775823,5.563322582,0.1962284121,646
26,Non-Hodgkin lymphoma,36,Australia,2,1,2014,2.221316167,5.530774192,0.2060611697,654
26,Non-Hodgkin lymphoma,36,Australia,2,1,2015,2.154560668,5.505347987,0.1927832135,660
26,Non-Hodgkin lymphoma,36,Australia,2,1,2016,1.993293512,5.037796602,0.1925578336,614
26,Non-Hodgkin lymphoma,36,Australia,2,1,2017,2.112342156,5.246172191,0.2102527565,650
26,Non-Hodgkin lymphoma,36,Australia,2,1,2018,2.070459038,5.479980692,0.1944327993,689
26,Non-Hodgkin lymphoma,36,Australia,2,1,2019,1.979832856,5.557469447,0.1726403362,709
26,Non-Hodgkin lymphoma,36,Australia,2,1,2020,2.007317225,5.526055312,0.1864526118,714
26,Non-Hodgkin lymphoma,36,Australia,2,1,2021,1.848382297,5.480827848,0.1637753807,709
26,Non-Hodgkin lymphoma,36,Australia,2,1,2022,1.976168719,5.863354075,0.1725655539,768
26,Non-Hodgkin lymphoma,36,Australia,2,1,2023,1.879514857,5.584173513,0.1667205323,749
26,Non-Hodgkin lymphoma,372,Ireland,1,0,1994,9.217828359,11.00193376,1.059353391,196
26,Non-Hodgkin lymphoma,372,Ireland,1,0,1995,9.255700499,10.776891,1.010496633,193
26,Non-Hodgkin lymphoma,372,Ireland,1,0,1996,10.11199562,11.77625995,1.050959547,212
26,Non-Hodgkin lymphoma,372,Ireland,1,0,1997,10.11127392,12.14690166,1.128299624,221
26,Non-Hodgkin lymphoma,372,Ireland,1,0,1998,11.47501993,13.81291333,1.290229044,254
26,Non-Hodgkin lymphoma,372,Ireland,1,0,1999,10.37046155,12.59003354,1.126380873,234
26,Non-Hodgkin lymphoma,372,Ireland,1,0,2000,11.68664821,14.07369091,1.297405144,265
26,Non-Hodgkin lymphoma,372,Ireland,1,0,2001,10.58212422,13.1721453,1.15951785,252
26,Non-Hodgkin lymphoma,372,Ireland,1,0,2002,11.62050396,14.38727671,1.294622645,280
26,Non-Hodgkin lymphoma,372,Ireland,1,0,2003,10.92800411,13.80940193,1.161013702,273
26,Non-Hodgkin lymphoma,372,Ireland,1,0,2004,10.86651016,13.42005672,1.195097319,270
26,Non-Hodgkin lymphoma,372,Ireland,1,0,2005,11.45304132,14.21067003,1.249660402,293
26,Non-Hodgkin lymphoma,372,Ireland,1,0,2006,12.82781989,16.10524993,1.426863936,341
26,Non-Hodgkin lymphoma,372,Ireland,1,0,2007,11.59576619,14.78591231,1.320290221,324
26,Non-Hodgkin lymphoma,372,Ireland,1,0,2008,11.05280947,14.25009861,1.168968169,319
26,Non-Hodgkin lymphoma,372,Ireland,1,0,2009,11.26976082,15.01766237,1.211028301,339
26,Non-Hodgkin lymphoma,372,Ireland,1,0,2010,12.30778056,16.53271776,1.435216512,374
26,Non-Hodgkin lymphoma,372,Ireland,1,0,2011,13.01638342,17.66126141,1.384041326,401
26,Non-Hodgkin lymphoma,372,Ireland,1,0,2012,12.85872607,17.84602049,1.391020993,406
26,Non-Hodgkin lymphoma,372,Ireland,1,0,2013,12.8509841,17.93423037,1.496767087,410
26,Non-Hodgkin lymphoma,372,Ireland,1,0,2014,13.297793,19.18191107,1.433581227,441
26,Non-Hodgkin lymphoma,372,Ireland,1,0,2015,13.08909192,19.15677403,1.424626578,444
26,Non-Hodgkin lymphoma,372,Ireland,1,0,2016,13.40164917,20.54082895,1.398897648,482
26,Non-Hodgkin lymphoma,372,Ireland,1,0,2017,12.76096343,19.39205078,1.384006002,460
26,Non-Hodgkin lymphoma,372,Ireland,1,1,1956,0.1443395469,0.1371476377,0.009813239836,2
26,Non-Hodgkin lymphoma,372,Ireland,1,1,1957,0.1394114168,0.2070239071,0.01616465541,3
26,Non-Hodgkin lymphoma,372,Ireland,1,1,1958,0.07995655694,0.06946400532,0.003331467711,1
26,Non-Hodgkin lymphoma,372,Ireland,1,1,1959,0.1196010775,0.1398565701,0.01334858806,2
26,Non-Hodgkin lymphoma,372,Ireland,1,1,1960,0.09124191654,0.1406194851,0.02280787774,2
26,Non-Hodgkin lymphoma,372,Ireland,1,1,1961,0.146472819,0.140878405,0.006667534727,2
26,Non-Hodgkin lymphoma,372,Ireland,1,1,1962,0.3912450824,0.4217219117,0.05266291563,6
26,Non-Hodgkin lymphoma,372,Ireland,1,1,1963,0.1142802724,0.1400062653,0.01904489829,2
26,Non-Hodgkin lymphoma,372,Ireland,1,1,1964,0.1145444266,0.1393146693,0.01521629075,2
26,Non-Hodgkin lymphoma,372,Ireland,1,1,1965,0,0,0,0
26,Non-Hodgkin lymphoma,372,Ireland,1,1,1966,0.2154919462,0.2756355726,0.0238869435,4
26,Non-Hodgkin lymphoma,372,Ireland,1,1,1967,0.04709151058,0.06851577027,0.01177218467,1
26,Non-Hodgkin lymphoma,372,Ireland,1,1,1968,0.1804228021,0.2043201451,0.02739184007,3
26,Non-Hodgkin lymphoma,372,Ireland,1,1,1969,0.5616796732,0.6770130051,0.06026761641,10
26,Non-Hodgkin lymphoma,372,Ireland,1,1,1970,0.3952703549,0.4707156054,0.04447675694,7
26,Non-Hodgkin lymphoma,372,Ireland,1,1,1971,0.4086802843,0.3992074402,0.04217508454,6
26,Non-Hodgkin lymphoma,372,Ireland,1,1,1972,0.3488251644,0.3933333923,0.04859236549,6
26,Non-Hodgkin lymphoma,372,Ireland,1,1,1973,0.6661782106,0.7744426191,0.06402648727,12
26,Non-Hodgkin lymphoma,372,Ireland,1,1,1974,0.4032201028,0.5083281627,0.06585370097,8
26,Non-Hodgkin lymphoma,372,Ireland,1,1,1975,1.37294522,1.501679065,0.1431192846,24
26,Non-Hodgkin lymphoma,372,Ireland,1,1,1976,1.003805623,1.170819481,0.1083685488,19
26,Non-Hodgkin lymphoma,372,Ireland,1,1,1977,0.8491987563,0.9102364278,0.09813663916,15
26,Non-Hodgkin lymphoma,372,Ireland,1,1,1978,1.239381838,1.493630562,0.1323456739,25
26,Non-Hodgkin lymphoma,372,Ireland,1,1,1979,1.523673152,1.82720855,0.2021244928,31
26,Non-Hodgkin lymphoma,372,Ireland,1,1,1980,1.918808399,2.098391845,0.201776098,36
26,Non-Hodgkin lymphoma,372,Ireland,1,1,1981,2.056156856,2.31026114,0.220784629,40
26,Non-Hodgkin lymphoma,372,Ireland,1,1,1982,2.464004125,2.696219527,0.3005428867,47
26,Non-Hodgkin lymphoma,372,Ireland,1,1,1983,2.335325057,2.567628481,0.2766980266,45
26,Non-Hodgkin lymphoma,372,Ireland,1,1,1984,2.576242344,2.954015914,0.3154538884,52
26,Non-Hodgkin lymphoma,372,Ireland,1,1,1985,3.749270816,4.019624827,0.4337319423,71
26,Non-Hodgkin lymphoma,372,Ireland,1,1,1986,3.751147753,4.294890578,0.4044557765,76
26,Non-Hodgkin lymphoma,372,Ireland,1,1,1987,3.621311406,4.303413286,0.3669871016,76
26,Non-Hodgkin lymphoma,372,Ireland,1,1,1988,4.180666545,4.900745654,0.4939870588,86
26,Non-Hodgkin lymphoma,372,Ireland,1,1,1989,4.351882125,5.155798196,0.4494910063,90
26,Non-Hodgkin lymphoma,372,Ireland,1,1,1990,4.745890586,5.780925807,0.6058401894,101
26,Non-Hodgkin lymphoma,372,Ireland,1,1,1991,4.517884805,5.233555968,0.5167389922,92
26,Non-Hodgkin lymphoma,372,Ireland,1,1,1992,5.047429247,6.326752475,0.6339798543,112
26,Non-Hodgkin lymphoma,372,Ireland,1,1,1993,5.113175437,6.352304425,0.5334300903,113
26,Non-Hodgkin lymphoma,372,Ireland,1,1,1994,4.515587555,5.659580704,0.5192209898,101
26,Non-Hodgkin lymphoma,372,Ireland,1,1,1995,4.823892088,5.910501623,0.5605337694,106
26,Non-Hodgkin lymphoma,372,Ireland,1,1,1996,4.885071109,6.198902296,0.5600576634,112
26,Non-Hodgkin lymphoma,372,Ireland,1,1,1997,4.475966476,5.648442579,0.4992784786,103
26,Non-Hodgkin lymphoma,372,Ireland,1,1,1998,6.139001328,7.649859942,0.713090831,141
26,Non-Hodgkin lymphoma,372,Ireland,1,1,1999,5.370901573,6.864965853,0.6174495814,128
26,Non-Hodgkin lymphoma,372,Ireland,1,1,2000,5.774004239,7.300835972,0.6726918071,138
26,Non-Hodgkin lymphoma,372,Ireland,1,1,2001,4.797686154,6.196249811,0.5417891683,119
26,Non-Hodgkin lymphoma,372,Ireland,1,1,2002,4.662341257,6.197868753,0.4788465884,121
26,Non-Hodgkin lymphoma,372,Ireland,1,1,2003,4.40267701,5.8950871,0.4643223658,117
26,Non-Hodgkin lymphoma,372,Ireland,1,1,2004,4.394874237,5.92829578,0.5106260807,120
26,Non-Hodgkin lymphoma,372,Ireland,1,1,2005,3.742547258,5.062844364,0.3984057504,105
26,Non-Hodgkin lymphoma,372,Ireland,1,1,2006,4.257947364,5.900735578,0.476520252,126
26,Non-Hodgkin lymphoma,372,Ireland,1,1,2007,4.360265984,5.916420547,0.4645266952,130
26,Non-Hodgkin lymphoma,372,Ireland,1,1,2008,4.24432311,5.986690336,0.4737485159,134
26,Non-Hodgkin lymphoma,372,Ireland,1,1,2009,4.861676616,7.047353785,0.5084143136,159
26,Non-Hodgkin lymphoma,372,Ireland,1,1,2010,3.914696849,5.917610522,0.4161971566,134
26,Non-Hodgkin lymphoma,372,Ireland,1,1,2011,4.024307536,6.207880795,0.3769651124,141
26,Non-Hodgkin lymphoma,372,Ireland,1,1,2012,4.147061311,6.669188088,0.361838038,152
26,Non-Hodgkin lymphoma,372,Ireland,1,1,2013,2.993382575,4.759484474,0.2804550537,109
26,Non-Hodgkin lymphoma,372,Ireland,1,1,2014,4.635592375,7.54915738,0.5038353671,174
26,Non-Hodgkin lymphoma,372,Ireland,1,1,2015,3.872322293,6.834526653,0.3678164406,159
26,Non-Hodgkin lymphoma,372,Ireland,1,1,2016,3.616393895,6.333329508,0.3399082629,149
26,Non-Hodgkin lymphoma,372,Ireland,1,1,2017,3.148391588,6.004990861,0.2990885351,143
26,Non-Hodgkin lymphoma,372,Ireland,1,1,2018,3.590205964,6.838020555,0.3536139783,165
26,Non-Hodgkin lymphoma,372,Ireland,1,1,2019,3.208557571,6.261779205,0.3072093053,153
26,Non-Hodgkin lymphoma,372,Ireland,1,1,2020,3.062026889,6.444650484,0.2808319649,159
26,Non-Hodgkin lymphoma,372,Ireland,1,1,2021,2.555955461,5.583176884,0.2127574663,139
26,Non-Hodgkin lymphoma,372,Ireland,1,1,2022,3.142570188,6.719176371,0.3324775373,170
26,Non-Hodgkin lymphoma,372,Ireland,2,0,1994,7.6100859,10.14167308,0.9088571696,183
26,Non-Hodgkin lymphoma,372,Ireland,2,0,1995,7.131231926,9.310550948,0.8140621351,169
26,Non-Hodgkin lymphoma,372,Ireland,2,0,1996,8.023107162,10.62515917,0.8855951229,194
26,Non-Hodgkin lymphoma,372,Ireland,2,0,1997,7.724387449,10.56956972,0.8820316663,195
26,Non-Hodgkin lymphoma,372,Ireland,2,0,1998,7.416115049,10.40648034,0.853042033,194
26,Non-Hodgkin lymphoma,372,Ireland,2,0,1999,7.329981024,9.983887705,0.8141493984,188
26,Non-Hodgkin lymphoma,372,Ireland,2,0,2000,9.608553842,13.0599657,1.089275136,249
26,Non-Hodgkin lymphoma,372,Ireland,2,0,2001,8.414767516,11.73690714,0.9566105791,227
26,Non-Hodgkin lymphoma,372,Ireland,2,0,2002,7.938729127,10.70501395,1.002011397,211
26,Non-Hodgkin lymphoma,372,Ireland,2,0,2003,8.840092637,12.13217177,1.012236634,243
26,Non-Hodgkin lymphoma,372,Ireland,2,0,2004,9.426034264,14.06598422,1.011051524,286
26,Non-Hodgkin lymphoma,372,Ireland,2,0,2005,7.666467513,10.95555616,0.9012388986,227
26,Non-Hodgkin lymphoma,372,Ireland,2,0,2006,8.74285038,11.76967178,1.068433215,249
26,Non-Hodgkin lymphoma,372,Ireland,2,0,2007,8.290322502,11.85589639,0.9417295862,259
26,Non-Hodgkin lymphoma,372,Ireland,2,0,2008,8.690133311,12.95354662,0.9591857207,291
26,Non-Hodgkin lymphoma,372,Ireland,2,0,2009,8.930543509,12.69741961,1.054346823,289
26,Non-Hodgkin lymphoma,372,Ireland,2,0,2010,9.328019081,13.56549079,1.087155386,311
26,Non-Hodgkin lymphoma,372,Ireland,2,0,2011,9.469027004,14.49412467,1.080620949,334
26,Non-Hodgkin lymphoma,372,Ireland,2,0,2012,9.258474433,13.80095572,1.110726799,320
26,Non-Hodgkin lymphoma,372,Ireland,2,0,2013,10.95247172,16.57692509,1.274702538,386
26,Non-Hodgkin lymphoma,372,Ireland,2,0,2014,9.152545357,13.8510117,1.071288713,325
26,Non-Hodgkin lymphoma,372,Ireland,2,0,2015,9.103096024,14.42995963,1.055040219,342
26,Non-Hodgkin lymphoma,372,Ireland,2,0,2016,8.786753656,14.45853014,1.007972163,346
26,Non-Hodgkin lymphoma,372,Ireland,2,0,2017,10.01035613,16.03051417,1.137692004,388
26,Non-Hodgkin lymphoma,372,Ireland,2,1,1956,0,0,0,0
26,Non-Hodgkin lymphoma,372,Ireland,2,1,1957,0.0666977923,0.07042298155,0.005557994896,1
26,Non-Hodgkin lymphoma,372,Ireland,2,1,1958,0.06504699645,0.07070110753,0.00813054401,1
26,Non-Hodgkin lymphoma,372,Ireland,2,1,1959,0,0,0,0
26,Non-Hodgkin lymphoma,372,Ireland,2,1,1960,0.07026830782,0.07115353759,0.005855520876,1
26,Non-Hodgkin lymphoma,372,Ireland,2,1,1961,0.05314899667,0.142345867,0,2
26,Non-Hodgkin lymphoma,372,Ireland,2,1,1962,0.1318725837,0.141969126,0.01352952378,2
26,Non-Hodgkin lymphoma,372,Ireland,2,1,1963,0.2311140029,0.2120851041,0.019807345,3
26,Non-Hodgkin lymphoma,372,Ireland,2,1,1964,0.1832943732,0.2110346501,0.02209137945,3
26,Non-Hodgkin lymphoma,372,Ireland,2,1,1965,0.1134856473,0.1398902211,0.01480056763,2
26,Non-Hodgkin lymphoma,372,Ireland,2,1,1966,0.3461172308,0.4173345468,0.03432781665,6
26,Non-Hodgkin lymphoma,372,Ireland,2,1,1967,0.1137799771,0.138321961,0.01632869872,2
26,Non-Hodgkin lymphoma,372,Ireland,2,1,1968,0.1570387749,0.2062549566,0.02471776726,3
26,Non-Hodgkin lymphoma,372,Ireland,2,1,1969,0.3999651441,0.4782479183,0.05017544866,7
26,Non-Hodgkin lymphoma,372,Ireland,2,1,1970,0.3608883671,0.4069711444,0.0411099151,6
26,Non-Hodgkin lymphoma,372,Ireland,2,1,1971,0.1796253328,0.2684307038,0.02167811096,4
26,Non-Hodgkin lymphoma,372,Ireland,2,1,1972,0.430061091,0.4630458028,0.04787902948,7
26,Non-Hodgkin lymphoma,372,Ireland,2,1,1973,0.652625989,0.846942505,0.07837345055,13
26,Non-Hodgkin lymphoma,372,Ireland,2,1,1974,0.3755269189,0.5133499873,0.05459079319,8
26,Non-Hodgkin lymphoma,372,Ireland,2,1,1975,0.6366712192,0.6953630348,0.05747012785,11
26,Non-Hodgkin lymphoma,372,Ireland,2,1,1976,0.4264254772,0.6228176082,0.03972582462,10
26,Non-Hodgkin lymphoma,372,Ireland,2,1,1977,0.7482603248,1.04305197,0.0917292449,17
26,Non-Hodgkin lymphoma,372,Ireland,2,1,1978,0.7328486714,0.9665285135,0.0776010125,16
26,Non-Hodgkin lymphoma,372,Ireland,2,1,1979,0.9102249967,1.310128964,0.103466636,22
26,Non-Hodgkin lymphoma,372,Ireland,2,1,1980,1.363829965,1.823915653,0.1587079839,31
26,Non-Hodgkin lymphoma,372,Ireland,2,1,1981,1.037857085,1.33921774,0.1293666234,23
26,Non-Hodgkin lymphoma,372,Ireland,2,1,1982,1.666329988,2.078096602,0.1811088111,36
26,Non-Hodgkin lymphoma,372,Ireland,2,1,1983,1.680446458,2.292240622,0.1959306834,40
26,Non-Hodgkin lymphoma,372,Ireland,2,1,1984,1.531931949,1.879657492,0.1618061037,33
26,Non-Hodgkin lymphoma,372,Ireland,2,1,1985,1.848747551,2.436348277,0.2354778221,43
26,Non-Hodgkin lymphoma,372,Ireland,2,1,1986,2.354249355,3.103271808,0.2822672326,55
26,Non-Hodgkin lymphoma,372,Ireland,2,1,1987,2.599995758,3.776050876,0.2693957059,67
26,Non-Hodgkin lymphoma,372,Ireland,2,1,1988,3.158859438,4.349642327,0.3439428268,77
26,Non-Hodgkin lymphoma,372,Ireland,2,1,1989,4.000894605,6.060733077,0.4619991478,107
26,Non-Hodgkin lymphoma,372,Ireland,2,1,1990,3.546815129,4.754107917,0.4451696776,84
26,Non-Hodgkin lymphoma,372,Ireland,2,1,1991,3.693779863,5.291681421,0.393035079,94
26,Non-Hodgkin lymphoma,372,Ireland,2,1,1992,3.822737668,5.648262558,0.4276559364,101
26,Non-Hodgkin lymphoma,372,Ireland,2,1,1993,4.131281417,5.619728027,0.4936779801,101
26,Non-Hodgkin lymphoma,372,Ireland,2,1,1994,3.264710778,5.15072232,0.3540891157,93
26,Non-Hodgkin lymphoma,372,Ireland,2,1,1995,2.892956461,4.787377172,0.3495846913,87
26,Non-Hodgkin lymphoma,372,Ireland,2,1,1996,2.909094966,4.531216946,0.3175803829,83
26,Non-Hodgkin lymphoma,372,Ireland,2,1,1997,2.954007069,4.705803446,0.3251231845,87
26,Non-Hodgkin lymphoma,372,Ireland,2,1,1998,4.221844274,6.477854171,0.5581374281,121
26,Non-Hodgkin lymphoma,372,Ireland,2,1,1999,3.533584929,5.348448791,0.3563970707,101
26,Non-Hodgkin lymphoma,372,Ireland,2,1,2000,4.149793976,6.431740798,0.4784473259,123
26,Non-Hodgkin lymphoma,372,Ireland,2,1,2001,3.818008992,6.383643047,0.4711349624,124
26,Non-Hodgkin lymphoma,372,Ireland,2,1,2002,3.447117039,5.667560151,0.3995919896,112
26,Non-Hodgkin lymphoma,372,Ireland,2,1,2003,3.020230856,5.328070992,0.3570316855,107
26,Non-Hodgkin lymphoma,372,Ireland,2,1,2004,3.373975818,5.779004973,0.3765187139,118
26,Non-Hodgkin lymphoma,372,Ireland,2,1,2005,2.829235175,5.188937378,0.2792405619,108
26,Non-Hodgkin lymphoma,372,Ireland,2,1,2006,2.767034108,4.593497716,0.3068177037,98
26,Non-Hodgkin lymphoma,372,Ireland,2,1,2007,2.26085912,4.325577573,0.2289830461,95
26,Non-Hodgkin lymphoma,372,Ireland,2,1,2008,2.709064623,5.071848969,0.2784729067,114
26,Non-Hodgkin lymphoma,372,Ireland,2,1,2009,3.345098195,6.015140592,0.3303443793,137
26,Non-Hodgkin lymphoma,372,Ireland,2,1,2010,2.303349871,4.052901256,0.259040405,93
26,Non-Hodgkin lymphoma,372,Ireland,2,1,2011,3.081875373,5.718504039,0.3190162417,132
26,Non-Hodgkin lymphoma,372,Ireland,2,1,2012,2.855121873,5.299453596,0.3435246754,123
26,Non-Hodgkin lymphoma,372,Ireland,2,1,2013,2.921710024,5.739931828,0.3144378362,134
26,Non-Hodgkin lymphoma,372,Ireland,2,1,2014,2.572631197,5.31158727,0.2567708574,125
26,Non-Hodgkin lymphoma,372,Ireland,2,1,2015,2.603152316,5.387060281,0.260996307,128
26,Non-Hodgkin lymphoma,372,Ireland,2,1,2016,1.844118559,4.248459933,0.1866151863,102
26,Non-Hodgkin lymphoma,372,Ireland,2,1,2017,2.329656805,5.475711719,0.2118669471,133
26,Non-Hodgkin lymphoma,372,Ireland,2,1,2018,2.265563854,4.838231297,0.233724462,119
26,Non-Hodgkin lymphoma,372,Ireland,2,1,2019,1.929749453,4.899409501,0.1650605264,122
26,Non-Hodgkin lymphoma,372,Ireland,2,1,2020,1.919320492,4.730775163,0.1734773548,119
26,Non-Hodgkin lymphoma,372,Ireland,2,1,2021,2.072830734,5.238688225,0.1935525771,133
26,Non-Hodgkin lymphoma,372,Ireland,2,1,2022,1.896453109,4.612504111,0.1984618975,119
26,Non-Hodgkin lymphoma,376,Israel,1,0,1963,7.765898125,7.03141803,0.7191692312,85
26,Non-Hodgkin lymphoma,376,Israel,1,0,1964,7.428248859,6.920552849,0.8707624696,87
26,Non-Hodgkin lymphoma,376,Israel,1,0,1965,8.042247704,7.387024691,0.826211311,96
26,Non-Hodgkin lymphoma,376,Israel,1,0,1966,7.672186162,7.130499398,0.838712932,95
26,Non-Hodgkin lymphoma,376,Israel,1,0,1967,6.193942525,5.968178556,0.5981206934,81
26,Non-Hodgkin lymphoma,376,Israel,1,0,1968,9.215312635,8.539968819,0.9568163906,121
26,Non-Hodgkin lymphoma,376,Israel,1,0,1969,7.456002806,6.953839587,0.7776460617,101
26,Non-Hodgkin lymphoma,376,Israel,1,0,1970,9.387316157,8.784753423,0.9765680159,131
26,Non-Hodgkin lymphoma,376,Israel,1,0,1971,8.821661944,8.409847736,0.9669745033,129
26,Non-Hodgkin lymphoma,376,Israel,1,0,1972,10.15983118,9.672451593,0.9353989433,153
26,Non-Hodgkin lymphoma,376,Israel,1,0,1973,7.6745421,7.478412923,0.8250641016,123
26,Non-Hodgkin lymphoma,376,Israel,1,0,1974,10.18094521,9.745909376,1.024400345,165
26,Non-Hodgkin lymphoma,376,Israel,1,0,1975,8.728935196,8.433787834,1.021004569,146
26,Non-Hodgkin lymphoma,376,Israel,1,0,1976,8.19932934,8.083320379,0.915060966,143
26,Non-Hodgkin lymphoma,376,Israel,1,0,1977,10.04907413,9.837913429,1.091957018,177
26,Non-Hodgkin lymphoma,376,Israel,1,0,1978,8.707614697,8.337190637,0.9162313668,154
26,Non-Hodgkin lymphoma,376,Israel,1,0,1979,9.875965473,9.82611994,1.024779793,186
26,Non-Hodgkin lymphoma,376,Israel,1,0,1980,7.720569258,7.523145186,0.980502662,147
26,Non-Hodgkin lymphoma,376,Israel,1,0,1981,7.785485787,7.787287708,0.7998997322,154
26,Non-Hodgkin lymphoma,376,Israel,1,0,1982,7.256385813,7.341852528,0.8386323969,148
26,Non-Hodgkin lymphoma,376,Israel,1,0,1983,7.016843097,7.189217749,0.8003398108,146
26,Non-Hodgkin lymphoma,376,Israel,1,0,1984,8.080009402,8.102834074,0.8318087595,169
26,Non-Hodgkin lymphoma,376,Israel,1,0,1985,9.010597519,9.231643232,1.016490553,195
26,Non-Hodgkin lymphoma,376,Israel,1,0,1986,8.697828738,8.764160179,0.9423071717,188
26,Non-Hodgkin lymphoma,376,Israel,1,0,1987,8.132841447,8.122992198,0.9541978365,177
26,Non-Hodgkin lymphoma,376,Israel,1,0,1988,10.58874919,10.38374718,1.141445997,230
26,Non-Hodgkin lymphoma,376,Israel,1,0,1989,11.82223586,11.89313926,1.242984906,268
26,Non-Hodgkin lymphoma,376,Israel,1,0,1990,12.89050508,12.83984661,1.40734988,298
26,Non-Hodgkin lymphoma,376,Israel,1,0,1991,13.73606874,14.03196522,1.509046186,345
26,Non-Hodgkin lymphoma,376,Israel,1,0,1992,14.00322988,14.23851479,1.470358159,362
26,Non-Hodgkin lymphoma,376,Israel,1,0,1993,15.36903082,15.63338187,1.684942308,408
26,Non-Hodgkin lymphoma,376,Israel,1,0,1994,14.41892853,14.68664748,1.551085959,393
26,Non-Hodgkin lymphoma,376,Israel,1,0,1995,14.12123117,14.45528692,1.517959294,397
26,Non-Hodgkin lymphoma,376,Israel,1,0,1996,16.90650467,17.32216385,1.851274451,488
26,Non-Hodgkin lymphoma,376,Israel,1,0,1997,15.98829883,16.83185533,1.723934346,484
26,Non-Hodgkin lymphoma,376,Israel,1,0,1998,17.35118225,18.26515023,1.873315822,538
26,Non-Hodgkin lymphoma,376,Israel,1,0,1999,16.63936923,17.77086505,1.843135344,537
26,Non-Hodgkin lymphoma,376,Israel,1,0,2000,16.93628003,18.30581359,1.9042789,550
26,Non-Hodgkin lymphoma,376,Israel,1,0,2001,17.13483049,18.44596801,1.850588042,565
26,Non-Hodgkin lymphoma,376,Israel,1,0,2002,16.83122894,18.25004811,1.80258974,569
26,Non-Hodgkin lymphoma,376,Israel,1,0,2003,17.05732711,18.70131508,1.919268262,593
26,Non-Hodgkin lymphoma,376,Israel,1,0,2004,17.62958245,19.39461536,1.943303928,626
26,Non-Hodgkin lymphoma,376,Israel,1,0,2005,17.592227,19.29984779,1.90447244,634
26,Non-Hodgkin lymphoma,376,Israel,1,0,2006,16.8491035,18.76352932,1.87708522,654
26,Non-Hodgkin lymphoma,376,Israel,1,0,2007,15.11947746,16.93337913,1.558712872,601
26,Non-Hodgkin lymphoma,376,Israel,1,0,2008,15.80987116,17.4039841,1.764441722,629
26,Non-Hodgkin lymphoma,376,Israel,1,0,2009,15.95091679,18.10256481,1.682278785,670
26,Non-Hodgkin lymphoma,376,Israel,1,0,2010,15.8333187,18.29755807,1.753517208,690
26,Non-Hodgkin lymphoma,376,Israel,1,0,2011,17.78743129,20.37448459,1.92838879,783
26,Non-Hodgkin lymphoma,376,Israel,1,0,2012,17.97283067,20.70939509,2.040392994,811
26,Non-Hodgkin lymphoma,376,Israel,1,0,2013,18.21271994,21.14574353,1.944185865,844
26,Non-Hodgkin lymphoma,376,Israel,1,0,2014,18.38962314,21.57105057,1.995783335,878
26,Non-Hodgkin lymphoma,376,Israel,1,0,2015,17.27904129,20.51414417,1.893190986,852
26,Non-Hodgkin lymphoma,376,Israel,1,0,2016,17.03102477,20.41427045,1.879259297,865
26,Non-Hodgkin lymphoma,376,Israel,1,0,2017,17.23733656,20.77833611,1.860568749,898
26,Non-Hodgkin lymphoma,376,Israel,1,1,1976,2.738952514,2.65656794,0.3146293226,47
26,Non-Hodgkin lymphoma,376,Israel,1,1,1977,3.08169455,3.04119436,0.3271752578,55
26,Non-Hodgkin lymphoma,376,Israel,1,1,1978,3.902719033,4.114557956,0.4016195096,76
26,Non-Hodgkin lymphoma,376,Israel,1,1,1979,4.29383847,4.437869822,0.4692750852,84
26,Non-Hodgkin lymphoma,376,Israel,1,1,1980,3.284788638,3.35276216,0.3513377934,65
26,Non-Hodgkin lymphoma,376,Israel,1,1,1981,3.098949217,3.091738469,0.3480580832,61
26,Non-Hodgkin lymphoma,376,Israel,1,1,1982,2.560356369,2.933717866,0.2465956859,59
26,Non-Hodgkin lymphoma,376,Israel,1,1,1983,2.490996568,2.734006065,0.2902089532,55
26,Non-Hodgkin lymphoma,376,Israel,1,1,1984,3.333462421,3.565062389,0.3832413271,74
26,Non-Hodgkin lymphoma,376,Israel,1,1,1985,3.54340829,3.882208124,0.3656304755,82
26,Non-Hodgkin lymphoma,376,Israel,1,1,1986,4.867395166,4.942646647,0.5050033218,106
26,Non-Hodgkin lymphoma,376,Israel,1,1,1987,3.554550181,3.809086737,0.3831098503,83
26,Non-Hodgkin lymphoma,376,Israel,1,1,1988,3.682631764,3.88261851,0.4445665174,86
26,Non-Hodgkin lymphoma,376,Israel,1,1,1989,4.242677338,4.127096831,0.4879377379,93
26,Non-Hodgkin lymphoma,376,Israel,1,1,1990,4.599419179,4.82529835,0.5041216862,112
26,Non-Hodgkin lymphoma,376,Israel,1,1,1991,4.772527254,5.166171745,0.5367046492,127
26,Non-Hodgkin lymphoma,376,Israel,1,1,1992,3.029045809,3.342903213,0.3340421436,85
26,Non-Hodgkin lymphoma,376,Israel,1,1,1993,4.891426464,5.480607083,0.51361361,143
26,Non-Hodgkin lymphoma,376,Israel,1,1,1994,4.593267372,4.858178557,0.5517508616,130
26,Non-Hodgkin lymphoma,376,Israel,1,1,1995,5.033501335,5.388872706,0.6110529759,148
26,Non-Hodgkin lymphoma,376,Israel,1,1,1996,4.483566891,5.241576039,0.4683177429,147
26,Non-Hodgkin lymphoma,376,Israel,1,1,1997,4.751508933,5.599220978,0.4642677242,161
26,Non-Hodgkin lymphoma,376,Israel,1,1,1998,6.205495155,7.1634697,0.6510585206,211
26,Non-Hodgkin lymphoma,376,Israel,1,1,1999,5.752563205,6.949578492,0.5895242385,210
26,Non-Hodgkin lymphoma,376,Israel,1,1,2000,6.504038818,7.445785975,0.7287436182,231
26,Non-Hodgkin lymphoma,376,Israel,1,1,2001,4.6895656,5.603559205,0.4720460171,178
26,Non-Hodgkin lymphoma,376,Israel,1,1,2002,6.560644279,7.711916129,0.6715962155,250
26,Non-Hodgkin lymphoma,376,Israel,1,1,2003,4.579462101,5.633208186,0.4525142821,186
26,Non-Hodgkin lymphoma,376,Israel,1,1,2004,5.056091873,6.186852463,0.5480587759,208
26,Non-Hodgkin lymphoma,376,Israel,1,1,2005,4.517005733,5.550472491,0.4591606222,190
26,Non-Hodgkin lymphoma,376,Israel,1,1,2006,4.567220129,5.738046144,0.4563417235,200
26,Non-Hodgkin lymphoma,376,Israel,1,1,2007,4.507855208,5.719566553,0.4825016971,203
26,Non-Hodgkin lymphoma,376,Israel,1,1,2008,3.782548467,5.091128432,0.3748808079,184
26,Non-Hodgkin lymphoma,376,Israel,1,1,2009,4.274032707,5.430398235,0.4595885786,201
26,Non-Hodgkin lymphoma,376,Israel,1,1,2010,5.088435284,6.682008771,0.5188109991,252
26,Non-Hodgkin lymphoma,376,Israel,1,1,2011,4.314459389,5.857664989,0.4284693389,225
26,Non-Hodgkin lymphoma,376,Israel,1,1,2012,5.476466746,7.532956356,0.5732894194,295
26,Non-Hodgkin lymphoma,376,Israel,1,1,2013,4.610059475,6.213441454,0.506906203,248
26,Non-Hodgkin lymphoma,376,Israel,1,1,2014,4.15167753,5.896415473,0.434246015,240
26,Non-Hodgkin lymphoma,376,Israel,1,1,2015,4.135733925,6.067561658,0.3780911936,252
26,Non-Hodgkin lymphoma,376,Israel,1,1,2016,4.149208809,6.018081148,0.4263850617,255
26,Non-Hodgkin lymphoma,376,Israel,1,1,2017,4.141238225,6.154828819,0.3940163555,266
26,Non-Hodgkin lymphoma,376,Israel,1,1,2018,4.257191582,6.103530859,0.4567186087,269
26,Non-Hodgkin lymphoma,376,Israel,1,1,2019,4.057969629,6.052440522,0.3924932093,272
26,Non-Hodgkin lymphoma,376,Israel,1,1,2020,4.186709928,6.359850912,0.4188728656,291
26,Non-Hodgkin lymphoma,376,Israel,1,1,2021,3.828844125,5.65036447,0.4475739636,263
26,Non-Hodgkin lymphoma,376,Israel,1,1,2022,3.380857523,5.433200901,0.3252599263,258
26,Non-Hodgkin lymphoma,376,Israel,2,0,1963,5.845404439,5.437294402,0.6421031442,64
26,Non-Hodgkin lymphoma,376,Israel,2,0,1964,6.073590277,5.708139562,0.6557611082,70
26,Non-Hodgkin lymphoma,376,Israel,2,0,1965,4.901115466,4.647209823,0.5748994387,59
26,Non-Hodgkin lymphoma,376,Israel,2,0,1966,4.913242989,4.756596517,0.5584814379,62
26,Non-Hodgkin lymphoma,376,Israel,2,0,1967,5.695297802,5.489312009,0.614036992,73
26,Non-Hodgkin lymphoma,376,Israel,2,0,1968,5.875102635,5.75625291,0.6975696593,80
26,Non-Hodgkin lymphoma,376,Israel,2,0,1969,6.061602181,5.817894301,0.5835508309,83
26,Non-Hodgkin lymphoma,376,Israel,2,0,1970,8.134820333,7.907563312,0.9761468838,116
26,Non-Hodgkin lymphoma,376,Israel,2,0,1971,7.659271953,7.673769534,0.7658790343,116
26,Non-Hodgkin lymphoma,376,Israel,2,0,1972,6.38382925,6.386222109,0.7705679258,100
26,Non-Hodgkin lymphoma,376,Israel,2,0,1973,6.21006375,6.368116311,0.662377496,104
26,Non-Hodgkin lymphoma,376,Israel,2,0,1974,7.002175099,7.125315295,0.8527409062,120
26,Non-Hodgkin lymphoma,376,Israel,2,0,1975,6.13184284,6.322036415,0.63166254,109
26,Non-Hodgkin lymphoma,376,Israel,2,0,1976,7.03545212,7.312655713,0.825227948,129
26,Non-Hodgkin lymphoma,376,Israel,2,0,1977,7.09685377,7.535302337,0.7894119723,136
26,Non-Hodgkin lymphoma,376,Israel,2,0,1978,6.055851739,6.556595339,0.7011275303,121
26,Non-Hodgkin lymphoma,376,Israel,2,0,1979,5.954092002,6.39029942,0.7149156602,121
26,Non-Hodgkin lymphoma,376,Israel,2,0,1980,6.916856874,7.461004752,0.7275087859,146
26,Non-Hodgkin lymphoma,376,Israel,2,0,1981,6.102182822,6.711223133,0.6691385654,133
26,Non-Hodgkin lymphoma,376,Israel,2,0,1982,5.484460043,6.035970426,0.6071505598,122
26,Non-Hodgkin lymphoma,376,Israel,2,0,1983,6.477538626,7.021082396,0.7225237086,143
26,Non-Hodgkin lymphoma,376,Israel,2,0,1984,7.118479112,8.015554976,0.8478520109,167
26,Non-Hodgkin lymphoma,376,Israel,2,0,1985,7.769792222,8.910050915,0.811498337,189
26,Non-Hodgkin lymphoma,376,Israel,2,0,1986,6.957676205,7.706950183,0.7193332828,166
26,Non-Hodgkin lymphoma,376,Israel,2,0,1987,7.767419064,8.819631678,0.903087618,193
26,Non-Hodgkin lymphoma,376,Israel,2,0,1988,8.826380751,9.792471476,0.9684930665,218
26,Non-Hodgkin lymphoma,376,Israel,2,0,1989,9.744433673,10.94922737,1.077211799,248
26,Non-Hodgkin lymphoma,376,Israel,2,0,1990,11.25423124,12.82654239,1.142235808,300
26,Non-Hodgkin lymphoma,376,Israel,2,0,1991,11.47223751,12.63817234,1.35556606,315
26,Non-Hodgkin lymphoma,376,Israel,2,0,1992,11.31307412,13.52608325,1.191837426,349
26,Non-Hodgkin lymphoma,376,Israel,2,0,1993,11.85404944,14.4402971,1.234058537,383
26,Non-Hodgkin lymphoma,376,Israel,2,0,1994,12.02189531,14.06381963,1.341159723,383
26,Non-Hodgkin lymphoma,376,Israel,2,0,1995,12.44164827,14.86616875,1.36647984,416
26,Non-Hodgkin lymphoma,376,Israel,2,0,1996,12.16318504,14.86665274,1.346425199,427
26,Non-Hodgkin lymphoma,376,Israel,2,0,1997,12.36736978,15.30439493,1.371375368,452
26,Non-Hodgkin lymphoma,376,Israel,2,0,1998,14.11129465,17.25505752,1.589035458,522
26,Non-Hodgkin lymphoma,376,Israel,2,0,1999,13.291723,16.40136624,1.449799499,509
26,Non-Hodgkin lymphoma,376,Israel,2,0,2000,13.75178738,17.11472129,1.555174611,520
26,Non-Hodgkin lymphoma,376,Israel,2,0,2001,14.5991281,18.56636999,1.664681874,582
26,Non-Hodgkin lymphoma,376,Israel,2,0,2002,11.85240108,15.15151515,1.353165686,483
26,Non-Hodgkin lymphoma,376,Israel,2,0,2003,13.48619686,17.25148906,1.450353571,559
26,Non-Hodgkin lymphoma,376,Israel,2,0,2004,13.86208871,17.51138088,1.523087258,577
26,Non-Hodgkin lymphoma,376,Israel,2,0,2005,14.00429435,18.06239737,1.560767791,605
26,Non-Hodgkin lymphoma,376,Israel,2,0,2006,13.18798258,16.98340055,1.487656561,606
26,Non-Hodgkin lymphoma,376,Israel,2,0,2007,12.29121301,16.22193591,1.395609344,589
26,Non-Hodgkin lymphoma,376,Israel,2,0,2008,11.95269814,16.10433661,1.291373981,595
26,Non-Hodgkin lymphoma,376,Israel,2,0,2009,12.07550934,16.17172042,1.406644586,612
26,Non-Hodgkin lymphoma,376,Israel,2,0,2010,12.3674144,16.11935278,1.359644006,621
26,Non-Hodgkin lymphoma,376,Israel,2,0,2011,13.03188608,16.92696118,1.475977709,664
26,Non-Hodgkin lymphoma,376,Israel,2,0,2012,12.15739364,16.04758296,1.330252678,641
26,Non-Hodgkin lymphoma,376,Israel,2,0,2013,13.61007622,18.21485118,1.564015818,741
26,Non-Hodgkin lymphoma,376,Israel,2,0,2014,13.15988511,17.682263,1.396295039,733
26,Non-Hodgkin lymphoma,376,Israel,2,0,2015,13.19610351,17.88536757,1.450873924,756
26,Non-Hodgkin lymphoma,376,Israel,2,0,2016,13.14020884,17.89370028,1.545008412,771
26,Non-Hodgkin lymphoma,376,Israel,2,0,2017,12.24427744,17.14692868,1.40336065,753
26,Non-Hodgkin lymphoma,376,Israel,2,1,1976,2.019088708,2.097743508,0.2440027716,37
26,Non-Hodgkin lymphoma,376,Israel,2,1,1977,2.02855822,2.216312057,0.1772323307,40
26,Non-Hodgkin lymphoma,376,Israel,2,1,1978,2.77406093,3.03440802,0.3156683662,56
26,Non-Hodgkin lymphoma,376,Israel,2,1,1979,1.838702158,2.165188002,0.2026406078,41
26,Non-Hodgkin lymphoma,376,Israel,2,1,1980,1.980639475,2.318153719,0.1820947701,45
26,Non-Hodgkin lymphoma,376,Israel,2,1,1981,2.277479141,2.630513962,0.2587151503,52
26,Non-Hodgkin lymphoma,376,Israel,2,1,1982,2.37910632,2.678837186,0.2507755316,54
26,Non-Hodgkin lymphoma,376,Israel,2,1,1983,2.134177029,2.665087356,0.2606745102,54
26,Non-Hodgkin lymphoma,376,Israel,2,1,1984,2.560169081,3.072049153,0.2737369708,64
26,Non-Hodgkin lymphoma,376,Israel,2,1,1985,3.305791396,3.914355782,0.3467449248,83
26,Non-Hodgkin lymphoma,376,Israel,2,1,1986,3.374328018,4.223913851,0.3522673119,91
26,Non-Hodgkin lymphoma,376,Israel,2,1,1987,2.48117304,3.105164619,0.277657778,68
26,Non-Hodgkin lymphoma,376,Israel,2,1,1988,2.619823758,3.323452798,0.3003887126,74
26,Non-Hodgkin lymphoma,376,Israel,2,1,1989,3.367464501,4.10559774,0.3703896798,93
26,Non-Hodgkin lymphoma,376,Israel,2,1,1990,3.961826888,5.172929759,0.3787588213,121
26,Non-Hodgkin lymphoma,376,Israel,2,1,1991,3.871281702,4.822957277,0.4244414409,120
26,Non-Hodgkin lymphoma,376,Israel,2,1,1992,4.571262827,5.735100364,0.5184685035,148
26,Non-Hodgkin lymphoma,376,Israel,2,1,1993,4.453817118,5.920060332,0.4528539127,157
26,Non-Hodgkin lymphoma,376,Israel,2,1,1994,4.104344542,5.36055221,0.4158747388,146
26,Non-Hodgkin lymphoma,376,Israel,2,1,1995,4.255301794,6.00364507,0.4693685668,168
26,Non-Hodgkin lymphoma,376,Israel,2,1,1996,3.303289781,5.1725335,0.3818911387,149
26,Non-Hodgkin lymphoma,376,Israel,2,1,1997,3.799729525,5.383807944,0.4374505549,159
26,Non-Hodgkin lymphoma,376,Israel,2,1,1998,5.514113304,7.668660959,0.6225697331,232
26,Non-Hodgkin lymphoma,376,Israel,2,1,1999,4.254660771,6.50902999,0.4284417867,202
26,Non-Hodgkin lymphoma,376,Israel,2,1,2000,3.986723193,5.836592359,0.4407928762,186
26,Non-Hodgkin lymphoma,376,Israel,2,1,2001,4.109087676,6.406138122,0.4291791571,209
26,Non-Hodgkin lymphoma,376,Israel,2,1,2002,4.04591314,6.129401583,0.4566507736,204
26,Non-Hodgkin lymphoma,376,Israel,2,1,2003,3.194940569,5.017856189,0.3277577619,170
26,Non-Hodgkin lymphoma,376,Israel,2,1,2004,3.35849146,5.483029516,0.3353859908,189
26,Non-Hodgkin lymphoma,376,Israel,2,1,2005,3.513511131,5.788430581,0.3659706065,203
26,Non-Hodgkin lymphoma,376,Israel,2,1,2006,3.379011093,5.801226441,0.3442039218,207
26,Non-Hodgkin lymphoma,376,Israel,2,1,2007,3.830193845,6.031555778,0.4268949268,219
26,Non-Hodgkin lymphoma,376,Israel,2,1,2008,3.452043652,5.765052199,0.3479207137,213
26,Non-Hodgkin lymphoma,376,Israel,2,1,2009,2.92390198,4.968051203,0.2835649486,188
26,Non-Hodgkin lymphoma,376,Israel,2,1,2010,3.414776457,5.788841243,0.3577161257,223
26,Non-Hodgkin lymphoma,376,Israel,2,1,2011,3.235692766,5.554549112,0.3462836452,218
26,Non-Hodgkin lymphoma,376,Israel,2,1,2012,3.347817302,6.258762033,0.3192203208,250
26,Non-Hodgkin lymphoma,376,Israel,2,1,2013,3.113278989,5.825801934,0.2877344218,237
26,Non-Hodgkin lymphoma,376,Israel,2,1,2014,3.102212767,5.524198135,0.2977460192,229
26,Non-Hodgkin lymphoma,376,Israel,2,1,2015,2.654379286,4.84987218,0.2461933366,205
26,Non-Hodgkin lymphoma,376,Israel,2,1,2016,3.05910035,5.709267394,0.3005091546,246
26,Non-Hodgkin lymphoma,376,Israel,2,1,2017,2.954703758,5.396841197,0.2939019238,237
26,Non-Hodgkin lymphoma,376,Israel,2,1,2018,2.50773962,4.848643017,0.2641070028,217
26,Non-Hodgkin lymphoma,376,Israel,2,1,2019,2.597576245,5.219322413,0.2416791617,238
26,Non-Hodgkin lymphoma,376,Israel,2,1,2020,2.123441865,4.332327697,0.1857525815,201
26,Non-Hodgkin lymphoma,376,Israel,2,1,2021,2.557434811,5.406203014,0.22941864,255
26,Non-Hodgkin lymphoma,376,Israel,2,1,2022,2.158543628,4.429263416,0.19098729,213
26,Non-Hodgkin lymphoma,380,Italy,1,0,2003,10.55077979,16.70653695,1.1316756,210
26,Non-Hodgkin lymphoma,380,Italy,1,0,2004,10.55053544,16.61502821,1.157644252,210
26,Non-Hodgkin lymphoma,380,Italy,1,0,2005,11.15354924,17.860009,1.247555421,227
26,Non-Hodgkin lymphoma,380,Italy,1,0,2006,10.73231892,16.29701945,1.069780296,208
26,Non-Hodgkin lymphoma,380,Italy,1,0,2007,11.46329698,17.1463354,1.200548074,220
26,Non-Hodgkin lymphoma,380,Italy,1,0,2008,11.29478128,18.36521674,1.241483179,237
26,Non-Hodgkin lymphoma,380,Italy,1,0,2009,12.55132454,20.88873473,1.316256859,271
26,Non-Hodgkin lymphoma,380,Italy,1,0,2010,11.29076536,19.17932438,1.232199898,250
26,Non-Hodgkin lymphoma,380,Italy,1,0,2011,11.7876078,19.45331587,1.287962472,254
26,Non-Hodgkin lymphoma,380,Italy,1,0,2012,12.54183506,20.25693437,1.395239399,265
26,Non-Hodgkin lymphoma,380,Italy,1,0,2013,10.75841153,18.62157762,1.251493343,245
26,Non-Hodgkin lymphoma,380,Italy,1,0,2014,11.60823751,20.77494315,1.328574278,275
26,Non-Hodgkin lymphoma,380,Italy,1,0,2015,11.00027646,18.70402242,1.251163584,248
26,Non-Hodgkin lymphoma,380,Italy,1,0,2016,10.84397324,19.0003408,1.227939236,252
26,Non-Hodgkin lymphoma,380,Italy,1,0,2017,10.46793387,19.60910013,1.12173151,260
26,Non-Hodgkin lymphoma,380,Italy,1,1,1957,0.2724559223,0.2864936909,0.02699402347,69
26,Non-Hodgkin lymphoma,380,Italy,1,1,1958,0.2583358737,0.2682890588,0.02715821274,65
26,Non-Hodgkin lymphoma,380,Italy,1,1,1959,0.2902203172,0.3114307374,0.03023601542,76
26,Non-Hodgkin lymphoma,380,Italy,1,1,1960,0.229106142,0.2522057836,0.02876529461,62
26,Non-Hodgkin lymphoma,380,Italy,1,1,1961,0.3393081562,0.3759398496,0.02965455726,93
26,Non-Hodgkin lymphoma,380,Italy,1,1,1962,0.2758017478,0.2933270114,0.02825934556,73
26,Non-Hodgkin lymphoma,380,Italy,1,1,1963,0.2414102199,0.2714104964,0.02476610505,68
26,Non-Hodgkin lymphoma,380,Italy,1,1,1964,0.2399192542,0.2654043455,0.02802053473,67
26,Non-Hodgkin lymphoma,380,Italy,1,1,1965,0.264619309,0.2949562482,0.03006025621,75
26,Non-Hodgkin lymphoma,380,Italy,1,1,1966,0.2733239232,0.3048160943,0.03345665366,78
26,Non-Hodgkin lymphoma,380,Italy,1,1,1967,0.3055957927,0.3379047575,0.03025231517,87
26,Non-Hodgkin lymphoma,380,Italy,1,1,1968,0.3652451608,0.4170415536,0.04292059122,108
26,Non-Hodgkin lymphoma,380,Italy,1,1,1969,0.3305930728,0.3761793992,0.03697607542,98
26,Non-Hodgkin lymphoma,380,Italy,1,1,1970,0.2672979874,0.3128194955,0.02858648607,82
26,Non-Hodgkin lymphoma,380,Italy,1,1,1971,0.3685795786,0.4208674419,0.04178448158,111
26,Non-Hodgkin lymphoma,380,Italy,1,1,1972,0.3325838006,0.3948689599,0.03958687696,105
26,Non-Hodgkin lymphoma,380,Italy,1,1,1973,0.405430175,0.4795264676,0.04330599963,128
26,Non-Hodgkin lymphoma,380,Italy,1,1,1974,0.4739043887,0.5681734331,0.05251064119,154
26,Non-Hodgkin lymphoma,380,Italy,1,1,1975,0.6688456782,0.8057132393,0.07354495586,220
26,Non-Hodgkin lymphoma,380,Italy,1,1,1976,0.8064833215,0.9976260868,0.08665265813,274
26,Non-Hodgkin lymphoma,380,Italy,1,1,1977,1.000125229,1.235422199,0.110988609,341
26,Non-Hodgkin lymphoma,380,Italy,1,1,1978,1.217168845,1.562206861,0.1431611299,433
26,Non-Hodgkin lymphoma,380,Italy,1,1,1979,1.809368832,2.316230156,0.1998300096,644
26,Non-Hodgkin lymphoma,380,Italy,1,1,1980,1.967728163,2.554700002,0.2217316042,712
26,Non-Hodgkin lymphoma,380,Italy,1,1,1981,1.79601251,2.367173287,0.2037771986,661
26,Non-Hodgkin lymphoma,380,Italy,1,1,1982,2.189632439,2.955496897,0.2493391625,814
26,Non-Hodgkin lymphoma,380,Italy,1,1,1983,2.457665373,3.311342161,0.2785517023,915
26,Non-Hodgkin lymphoma,380,Italy,1,1,1984,2.622347916,3.551308101,0.2997094305,984
26,Non-Hodgkin lymphoma,380,Italy,1,1,1985,2.876970591,3.936369824,0.338135009,1093
26,Non-Hodgkin lymphoma,380,Italy,1,1,1986,2.837591981,3.973062278,0.316153618,1105
26,Non-Hodgkin lymphoma,380,Italy,1,1,1987,3.408342462,4.848985159,0.3922586463,1351
26,Non-Hodgkin lymphoma,380,Italy,1,1,1988,3.566858204,5.262554542,0.4147966567,1469
26,Non-Hodgkin lymphoma,380,Italy,1,1,1989,3.83465924,5.673626936,0.4329320275,1586
26,Non-Hodgkin lymphoma,380,Italy,1,1,1990,3.961095657,5.881387265,0.4474141887,1648
26,Non-Hodgkin lymphoma,380,Italy,1,1,1991,4.242965967,6.533527026,0.4789428152,1817
26,Non-Hodgkin lymphoma,380,Italy,1,1,1992,4.262922443,6.74313165,0.4990360128,1858
26,Non-Hodgkin lymphoma,380,Italy,1,1,1993,4.361734982,7.046989894,0.4959317094,1943
26,Non-Hodgkin lymphoma,380,Italy,1,1,1994,4.405047409,7.332359046,0.4842608941,2022
26,Non-Hodgkin lymphoma,380,Italy,1,1,1995,4.338587374,7.254534746,0.4835084302,2000
26,Non-Hodgkin lymphoma,380,Italy,1,1,1996,4.63676198,8.051438058,0.5153518137,2219
26,Non-Hodgkin lymphoma,380,Italy,1,1,1997,4.813110586,8.47759698,0.5204957609,2337
26,Non-Hodgkin lymphoma,380,Italy,1,1,1998,4.758700204,8.403581398,0.5274715392,2317
26,Non-Hodgkin lymphoma,380,Italy,1,1,1999,4.723590891,8.620017858,0.5130545122,2376
26,Non-Hodgkin lymphoma,380,Italy,1,1,2000,4.778981039,8.772633794,0.5222460275,2418
26,Non-Hodgkin lymphoma,380,Italy,1,1,2001,4.519918472,8.768390684,0.493563649,2418
26,Non-Hodgkin lymphoma,380,Italy,1,1,2002,4.199236661,8.313842684,0.458199247,2301
26,Non-Hodgkin lymphoma,380,Italy,1,1,2003,4.099772372,8.224255385,0.4453684403,2296
26,Non-Hodgkin lymphoma,380,Italy,1,1,2004,4.152296733,8.502442842,0.4345583393,2376
26,Non-Hodgkin lymphoma,380,Italy,1,1,2005,3.922733576,8.073645315,0.4227847552,2268
26,Non-Hodgkin lymphoma,380,Italy,1,1,2006,3.799176285,8.046071322,0.4109481266,2303
26,Non-Hodgkin lymphoma,380,Italy,1,1,2007,3.962111494,8.406713468,0.4164818753,2424
26,Non-Hodgkin lymphoma,380,Italy,1,1,2008,3.864072101,8.471282542,0.3960806621,2461
26,Non-Hodgkin lymphoma,380,Italy,1,1,2009,3.847881594,8.610564889,0.4060505245,2516
26,Non-Hodgkin lymphoma,380,Italy,1,1,2010,3.688041537,8.51097321,0.3887899972,2498
26,Non-Hodgkin lymphoma,380,Italy,1,1,2011,3.683446295,8.676598052,0.3805944051,2492
26,Non-Hodgkin lymphoma,380,Italy,1,1,2012,3.630896981,8.77530896,0.386991286,2528
26,Non-Hodgkin lymphoma,380,Italy,1,1,2013,3.531119244,8.747019144,0.3709476578,2553
26,Non-Hodgkin lymphoma,380,Italy,1,1,2014,3.531500289,8.981767013,0.3664084384,2649
26,Non-Hodgkin lymphoma,380,Italy,1,1,2015,3.520841288,9.07087539,0.3580268853,2674
26,Non-Hodgkin lymphoma,380,Italy,1,1,2016,3.498298346,9.235669882,0.3680417089,2720
26,Non-Hodgkin lymphoma,380,Italy,1,1,2017,3.406325868,9.185818821,0.3540923784,2704
26,Non-Hodgkin lymphoma,380,Italy,1,1,2018,3.510942903,9.686438691,0.3628521571,2823
26,Non-Hodgkin lymphoma,380,Italy,1,1,2019,3.458648951,9.935021781,0.3500610123,2877
26,Non-Hodgkin lymphoma,380,Italy,1,1,2020,3.179522246,9.206384134,0.3274262399,2666
26,Non-Hodgkin lymphoma,380,Italy,1,1,2021,3.132220655,9.3715575,0.3247484216,2703
26,Non-Hodgkin lymphoma,380,Italy,2,0,2003,7.940259923,14.38624585,0.8105913758,191
26,Non-Hodgkin lymphoma,380,Italy,2,0,2004,8.71234971,16.12117122,0.9470056708,215
26,Non-Hodgkin lymphoma,380,Italy,2,0,2005,7.026622231,12.6068035,0.7627380477,169
26,Non-Hodgkin lymphoma,380,Italy,2,0,2006,6.621519059,12.33501912,0.7043419637,166
26,Non-Hodgkin lymphoma,380,Italy,2,0,2007,8.580779658,15.59597698,0.8916122426,211
26,Non-Hodgkin lymphoma,380,Italy,2,0,2008,7.070361856,13.44177837,0.7866630338,183
26,Non-Hodgkin lymphoma,380,Italy,2,0,2009,7.279770145,13.06792547,0.7683245403,179
26,Non-Hodgkin lymphoma,380,Italy,2,0,2010,6.873292602,13.01573959,0.7538452852,179
26,Non-Hodgkin lymphoma,380,Italy,2,0,2011,8.859615626,16.96604977,0.9847775002,234
26,Non-Hodgkin lymphoma,380,Italy,2,0,2012,7.493291611,13.61623229,0.8088835555,188
26,Non-Hodgkin lymphoma,380,Italy,2,0,2013,7.95264223,15.44157493,0.8760070112,214
26,Non-Hodgkin lymphoma,380,Italy,2,0,2014,7.441009441,14.72304516,0.85334188,205
26,Non-Hodgkin lymphoma,380,Italy,2,0,2015,7.474127781,14.28741688,0.8584892235,199
26,Non-Hodgkin lymphoma,380,Italy,2,0,2016,8.030644641,15.02507534,0.8246982759,209
26,Non-Hodgkin lymphoma,380,Italy,2,0,2017,6.334575424,13.24289778,0.690488849,184
26,Non-Hodgkin lymphoma,380,Italy,2,1,1957,0.111491365,0.1275057876,0.01205653125,32
26,Non-Hodgkin lymphoma,380,Italy,2,1,1958,0.1430625666,0.1663537632,0.01616211029,42
26,Non-Hodgkin lymphoma,380,Italy,2,1,1959,0.176595456,0.1966351788,0.01798844561,50
26,Non-Hodgkin lymphoma,380,Italy,2,1,1960,0.1747827101,0.1991083071,0.01710002263,51
26,Non-Hodgkin lymphoma,380,Italy,2,1,1961,0.1972302338,0.2288116531,0.01910737562,59
26,Non-Hodgkin lymphoma,380,Italy,2,1,1962,0.1417391793,0.1733683152,0.01122497023,45
26,Non-Hodgkin lymphoma,380,Italy,2,1,1963,0.2104479628,0.244798978,0.01966874486,64
26,Non-Hodgkin lymphoma,380,Italy,2,1,1964,0.145225645,0.1707429976,0.01419197204,45
26,Non-Hodgkin lymphoma,380,Italy,2,1,1965,0.1639920233,0.2033155495,0.01476685959,54
26,Non-Hodgkin lymphoma,380,Italy,2,1,1966,0.1572852356,0.2056666779,0.01681278342,55
26,Non-Hodgkin lymphoma,380,Italy,2,1,1967,0.1619749308,0.2005921182,0.01770179515,54
26,Non-Hodgkin lymphoma,380,Italy,2,1,1968,0.2155695121,0.2953119232,0.02466203583,80
26,Non-Hodgkin lymphoma,380,Italy,2,1,1969,0.238027722,0.3190857277,0.02578989898,87
26,Non-Hodgkin lymphoma,380,Italy,2,1,1970,0.1772052762,0.2550258305,0.02194998348,70
26,Non-Hodgkin lymphoma,380,Italy,2,1,1971,0.2246667146,0.3221078156,0.02240120666,89
26,Non-Hodgkin lymphoma,380,Italy,2,1,1972,0.2148912692,0.2875618707,0.02343967287,80
26,Non-Hodgkin lymphoma,380,Italy,2,1,1973,0.2244040025,0.2933705413,0.0252945098,82
26,Non-Hodgkin lymphoma,380,Italy,2,1,1974,0.295618006,0.4132990448,0.0281625871,117
26,Non-Hodgkin lymphoma,380,Italy,2,1,1975,0.3804785295,0.5468906114,0.04294369358,156
26,Non-Hodgkin lymphoma,380,Italy,2,1,1976,0.5016723958,0.7490506219,0.0574843818,215
26,Non-Hodgkin lymphoma,380,Italy,2,1,1977,0.5119870581,0.7692467619,0.05815776262,222
26,Non-Hodgkin lymphoma,380,Italy,2,1,1978,0.680133917,0.9966410782,0.07276693088,289
26,Non-Hodgkin lymphoma,380,Italy,2,1,1979,0.9981080007,1.549306419,0.1088115649,451
26,Non-Hodgkin lymphoma,380,Italy,2,1,1980,1.067999637,1.681558678,0.1172755877,491
26,Non-Hodgkin lymphoma,380,Italy,2,1,1981,0.9392198425,1.581727123,0.1028797301,463
26,Non-Hodgkin lymphoma,380,Italy,2,1,1982,1.29901481,2.206299294,0.1458000313,642
26,Non-Hodgkin lymphoma,380,Italy,2,1,1983,1.345123392,2.270213633,0.1486551716,663
26,Non-Hodgkin lymphoma,380,Italy,2,1,1984,1.469981286,2.53261337,0.1640457589,742
26,Non-Hodgkin lymphoma,380,Italy,2,1,1985,1.562965268,2.764180039,0.1738325864,812
26,Non-Hodgkin lymphoma,380,Italy,2,1,1986,1.77910838,3.166416955,0.2011190497,932
26,Non-Hodgkin lymphoma,380,Italy,2,1,1987,1.994766289,3.629173125,0.2205089053,1070
26,Non-Hodgkin lymphoma,380,Italy,2,1,1988,2.298816561,4.275905964,0.2527533301,1263
26,Non-Hodgkin lymphoma,380,Italy,2,1,1989,2.285958911,4.3262536,0.2531676786,1280
26,Non-Hodgkin lymphoma,380,Italy,2,1,1990,2.41368491,4.875053558,0.2786265463,1445
26,Non-Hodgkin lymphoma,380,Italy,2,1,1991,2.56563353,5.234143873,0.2744991024,1541
26,Non-Hodgkin lymphoma,380,Italy,2,1,1992,2.771837264,5.667552849,0.3085046491,1656
26,Non-Hodgkin lymphoma,380,Italy,2,1,1993,2.665126769,5.849733842,0.2994315335,1711
26,Non-Hodgkin lymphoma,380,Italy,2,1,1994,2.90970985,6.406751643,0.3258072082,1875
26,Non-Hodgkin lymphoma,380,Italy,2,1,1995,2.921645769,6.63012979,0.3149602877,1941
26,Non-Hodgkin lymphoma,380,Italy,2,1,1996,2.934815422,6.781882866,0.3123031414,1986
26,Non-Hodgkin lymphoma,380,Italy,2,1,1997,3.064193711,7.117124463,0.3363728249,2086
26,Non-Hodgkin lymphoma,380,Italy,2,1,1998,3.090912725,7.530818485,0.3295509994,2209
26,Non-Hodgkin lymphoma,380,Italy,2,1,1999,3.041355266,7.694572236,0.3311627353,2258
26,Non-Hodgkin lymphoma,380,Italy,2,1,2000,3.127056571,7.748496145,0.3377067058,2275
26,Non-Hodgkin lymphoma,380,Italy,2,1,2001,2.934765491,7.466555515,0.3143897384,2194
26,Non-Hodgkin lymphoma,380,Italy,2,1,2002,2.619521993,7.201327894,0.2808273846,2123
26,Non-Hodgkin lymphoma,380,Italy,2,1,2003,2.837492937,7.747434446,0.3097868023,2300
26,Non-Hodgkin lymphoma,380,Italy,2,1,2004,2.696167497,7.373800828,0.2799581053,2193
26,Non-Hodgkin lymphoma,380,Italy,2,1,2005,2.46672264,7.082111019,0.2607748323,2116
26,Non-Hodgkin lymphoma,380,Italy,2,1,2006,2.411741069,7.206741407,0.2448137288,2185
26,Non-Hodgkin lymphoma,380,Italy,2,1,2007,2.280054229,6.993831513,0.2264550163,2136
26,Non-Hodgkin lymphoma,380,Italy,2,1,2008,2.361969342,7.173232925,0.2434170323,2208
26,Non-Hodgkin lymphoma,380,Italy,2,1,2009,2.365528374,7.261211946,0.2507035289,2249
26,Non-Hodgkin lymphoma,380,Italy,2,1,2010,2.212595933,7.056809177,0.2206080514,2197
26,Non-Hodgkin lymphoma,380,Italy,2,1,2011,2.274715405,7.309548586,0.2224290246,2241
26,Non-Hodgkin lymphoma,380,Italy,2,1,2012,2.307509639,7.266131165,0.2453951712,2233
26,Non-Hodgkin lymphoma,380,Italy,2,1,2013,2.172247639,7.118269664,0.2191234975,2210
26,Non-Hodgkin lymphoma,380,Italy,2,1,2014,2.147378238,7.125495082,0.2240919862,2230
26,Non-Hodgkin lymphoma,380,Italy,2,1,2015,2.094739362,7.148426681,0.2206485433,2234
26,Non-Hodgkin lymphoma,380,Italy,2,1,2016,2.038408688,7.146415917,0.2065015408,2228
26,Non-Hodgkin lymphoma,380,Italy,2,1,2017,1.996929867,7.186485472,0.2018266099,2235
26,Non-Hodgkin lymphoma,380,Italy,2,1,2018,1.936638355,7.096515045,0.1907934327,2181
26,Non-Hodgkin lymphoma,380,Italy,2,1,2019,1.920062212,7.142225596,0.1922079742,2177
26,Non-Hodgkin lymphoma,380,Italy,2,1,2020,1.891529486,7.165190951,0.187100185,2184
26,Non-Hodgkin lymphoma,380,Italy,2,1,2021,1.846073981,7.088011713,0.1904745643,2147
26,Non-Hodgkin lymphoma,392,Japan,1,0,1978,3.93694324,3.573746096,0.3945370922,184
26,Non-Hodgkin lymphoma,392,Japan,1,0,1979,3.83827553,3.782232192,0.4160606969,196
26,Non-Hodgkin lymphoma,392,Japan,1,0,1980,5.106662523,5.150932865,0.5620668864,269
26,Non-Hodgkin lymphoma,392,Japan,1,0,1981,5.197404882,5.195095906,0.6255866918,272
26,Non-Hodgkin lymphoma,392,Japan,1,0,1982,6.233794001,6.222184504,0.7055032009,327
26,Non-Hodgkin lymphoma,392,Japan,1,0,1983,5.753483387,5.907533468,0.6268418568,312
26,Non-Hodgkin lymphoma,392,Japan,1,0,1984,6.178946198,6.47379037,0.6341818928,344
26,Non-Hodgkin lymphoma,392,Japan,1,0,1985,6.181894775,6.595125436,0.6293606246,353
26,Non-Hodgkin lymphoma,392,Japan,1,0,1986,6.459577918,7.108743193,0.7055955601,380
26,Non-Hodgkin lymphoma,392,Japan,1,0,1987,5.890105358,6.604295673,0.6804833847,353
26,Non-Hodgkin lymphoma,392,Japan,1,0,1988,6.562431994,7.624999533,0.7101651611,408
26,Non-Hodgkin lymphoma,392,Japan,1,0,1989,6.24802249,7.589120893,0.665829448,407
26,Non-Hodgkin lymphoma,392,Japan,1,0,1990,6.915413287,8.455127431,0.7682994288,455
26,Non-Hodgkin lymphoma,392,Japan,1,0,1991,6.943371803,8.656683368,0.7192272099,466
26,Non-Hodgkin lymphoma,392,Japan,1,0,1992,5.780841622,7.437867836,0.657110072,401
26,Non-Hodgkin lymphoma,392,Japan,1,0,1993,6.18727076,7.861661397,0.6521718007,425
26,Non-Hodgkin lymphoma,392,Japan,1,0,1994,6.925095983,9.120916824,0.7145525191,495
26,Non-Hodgkin lymphoma,392,Japan,1,0,1995,6.44363537,9.093142377,0.6786184071,496
26,Non-Hodgkin lymphoma,392,Japan,1,0,1996,6.991580506,9.941174341,0.726548433,541
26,Non-Hodgkin lymphoma,392,Japan,1,0,1997,6.481136214,9.750849244,0.7003398345,530
26,Non-Hodgkin lymphoma,392,Japan,1,0,1998,6.731908147,10.26963476,0.7453812981,560
26,Non-Hodgkin lymphoma,392,Japan,1,0,1999,6.947638588,10.93096418,0.7644590495,596
26,Non-Hodgkin lymphoma,392,Japan,1,0,2000,6.989764966,11.3344894,0.7741179957,618
26,Non-Hodgkin lymphoma,392,Japan,1,0,2001,6.912599743,11.66699106,0.7507615086,636
26,Non-Hodgkin lymphoma,392,Japan,1,0,2002,6.765620137,11.81497673,0.7247109597,644
26,Non-Hodgkin lymphoma,392,Japan,1,0,2003,7.453161632,12.74571536,0.7730707163,703
26,Non-Hodgkin lymphoma,392,Japan,1,0,2004,6.177796298,11.54800247,0.6646996149,636
26,Non-Hodgkin lymphoma,392,Japan,1,0,2005,6.890019975,12.73629197,0.7132438009,698
26,Non-Hodgkin lymphoma,392,Japan,1,0,2006,8.000802069,15.36311573,0.8670081584,841
26,Non-Hodgkin lymphoma,392,Japan,1,0,2007,7.881991839,15.45622477,0.8476390284,845
26,Non-Hodgkin lymphoma,392,Japan,1,0,2008,8.377922026,16.97573714,0.8612414404,914
26,Non-Hodgkin lymphoma,392,Japan,1,0,2009,8.302731224,17.32432171,0.8673926209,932
26,Non-Hodgkin lymphoma,392,Japan,1,0,2010,8.389899166,17.99065416,0.9004332961,967
26,Non-Hodgkin lymphoma,392,Japan,1,0,2011,9.400151087,20.01097713,1.011377954,1073
26,Non-Hodgkin lymphoma,392,Japan,1,0,2012,9.098805605,20.77712025,1.011044503,1114
26,Non-Hodgkin lymphoma,392,Japan,1,0,2013,9.863644544,22.11111111,1.062744884,1194
26,Non-Hodgkin lymphoma,392,Japan,1,0,2014,9.024604243,21.39810866,0.9781198197,1154
26,Non-Hodgkin lymphoma,392,Japan,1,0,2015,10.06109822,22.7618165,1.072917529,1228
26,Non-Hodgkin lymphoma,392,Japan,1,1,1969,0.6806802109,0.6546775513,0.07175831072,328
26,Non-Hodgkin lymphoma,392,Japan,1,1,1970,0.7128733104,0.6857626194,0.08024332029,347
26,Non-Hodgkin lymphoma,392,Japan,1,1,1971,0.8208585009,0.7788861343,0.09157147437,399
26,Non-Hodgkin lymphoma,392,Japan,1,1,1972,1.002201062,0.9575195684,0.1109905848,504
26,Non-Hodgkin lymphoma,392,Japan,1,1,1973,1.070108401,1.053776344,0.1201788688,562
26,Non-Hodgkin lymphoma,392,Japan,1,1,1974,1.243301145,1.242548435,0.1445497348,667
26,Non-Hodgkin lymphoma,392,Japan,1,1,1975,1.355081857,1.349522736,0.14796251,739
26,Non-Hodgkin lymphoma,392,Japan,1,1,1976,1.501481807,1.498201796,0.1686437365,829
26,Non-Hodgkin lymphoma,392,Japan,1,1,1977,1.728014589,1.782997082,0.1898604269,996
26,Non-Hodgkin lymphoma,392,Japan,1,1,1978,2.030206093,2.130943932,0.2327857969,1201
26,Non-Hodgkin lymphoma,392,Japan,1,1,1979,2.387062352,2.534085106,0.2633228249,1449
26,Non-Hodgkin lymphoma,392,Japan,1,1,1980,2.792095187,3.013288707,0.3057092218,1734
26,Non-Hodgkin lymphoma,392,Japan,1,1,1981,2.97511431,3.268835891,0.3352366155,1896
26,Non-Hodgkin lymphoma,392,Japan,1,1,1982,3.159963457,3.561515767,0.3550753512,2080
26,Non-Hodgkin lymphoma,392,Japan,1,1,1983,3.347161488,3.867611322,0.3711231824,2260
26,Non-Hodgkin lymphoma,392,Japan,1,1,1984,3.377191091,3.966458592,0.3809914555,2332
26,Non-Hodgkin lymphoma,392,Japan,1,1,1985,3.459869636,4.210419348,0.3808579502,2486
26,Non-Hodgkin lymphoma,392,Japan,1,1,1986,3.57671338,4.436555739,0.3989084999,2637
26,Non-Hodgkin lymphoma,392,Japan,1,1,1987,3.646527255,4.639753529,0.404380636,2771
26,Non-Hodgkin lymphoma,392,Japan,1,1,1988,3.450235422,4.534387299,0.372246195,2719
26,Non-Hodgkin lymphoma,392,Japan,1,1,1989,3.508034661,4.742991042,0.3888282401,2854
26,Non-Hodgkin lymphoma,392,Japan,1,1,1990,3.653227322,5.093852024,0.3984189235,3069
26,Non-Hodgkin lymphoma,392,Japan,1,1,1991,3.635748471,5.221348779,0.3890766546,3155
26,Non-Hodgkin lymphoma,392,Japan,1,1,1992,3.661588333,5.419499637,0.3865895481,3284
26,Non-Hodgkin lymphoma,392,Japan,1,1,1993,3.523850238,5.336736374,0.3731174221,3241
26,Non-Hodgkin lymphoma,392,Japan,1,1,1994,3.572840239,5.575371061,0.3837285145,3392
26,Non-Hodgkin lymphoma,392,Japan,1,1,1995,3.816070391,6.121222866,0.4130099764,3729
26,Non-Hodgkin lymphoma,392,Japan,1,1,1996,3.855521369,6.430499877,0.41155765,3930
26,Non-Hodgkin lymphoma,392,Japan,1,1,1997,3.728489169,6.412350923,0.3998419256,3925
26,Non-Hodgkin lymphoma,392,Japan,1,1,1998,3.868166876,6.908812161,0.4166899723,4236
26,Non-Hodgkin lymphoma,392,Japan,1,1,1999,3.964091824,7.255777568,0.4287573098,4452
26,Non-Hodgkin lymphoma,392,Japan,1,1,2000,3.8936733,7.383553914,0.4163312148,4540
26,Non-Hodgkin lymphoma,392,Japan,1,1,2001,3.830263317,7.516721865,0.4025688884,4630
26,Non-Hodgkin lymphoma,392,Japan,1,1,2002,3.687504509,7.577159742,0.3951972291,4667
26,Non-Hodgkin lymphoma,392,Japan,1,1,2003,3.671464826,7.752353132,0.3857076222,4777
26,Non-Hodgkin lymphoma,392,Japan,1,1,2004,3.507042337,7.678820741,0.3682821289,4730
26,Non-Hodgkin lymphoma,392,Japan,1,1,2005,3.339841633,7.744503695,0.3455775355,4772
26,Non-Hodgkin lymphoma,392,Japan,1,1,2006,3.362631791,7.98031317,0.3344905182,4913
26,Non-Hodgkin lymphoma,392,Japan,1,1,2007,3.377941358,8.426272151,0.337929886,5183
26,Non-Hodgkin lymphoma,392,Japan,1,1,2008,3.346415255,8.578080229,0.3320748241,5269
26,Non-Hodgkin lymphoma,392,Japan,1,1,2009,3.42359935,8.989533405,0.3389806274,5514
26,Non-Hodgkin lymphoma,392,Japan,1,1,2010,3.315398163,9.138934823,0.3190889621,5627
26,Non-Hodgkin lymphoma,392,Japan,1,1,2011,3.277110997,9.305996257,0.318430518,5719
26,Non-Hodgkin lymphoma,392,Japan,1,1,2012,3.350469,9.803186199,0.3277259006,6012
26,Non-Hodgkin lymphoma,392,Japan,1,1,2013,3.299424858,10.18223421,0.3209727043,6230
26,Non-Hodgkin lymphoma,392,Japan,1,1,2014,3.249480648,10.38844018,0.3112367841,6341
26,Non-Hodgkin lymphoma,392,Japan,1,1,2015,3.27527174,10.76483665,0.3144352777,6569
26,Non-Hodgkin lymphoma,392,Japan,1,1,2016,3.294584376,11.17849515,0.3215860745,6804
26,Non-Hodgkin lymphoma,392,Japan,1,1,2017,3.285473082,11.51852683,0.3183688076,6989
26,Non-Hodgkin lymphoma,392,Japan,1,1,2018,3.263630456,11.88818542,0.3143069554,7187
26,Non-Hodgkin lymphoma,392,Japan,1,1,2019,3.151008798,12.00825391,0.2975098786,7230
26,Non-Hodgkin lymphoma,392,Japan,1,1,2020,3.250004004,12.61273675,0.300273346,7568
26,Non-Hodgkin lymphoma,392,Japan,1,1,2021,3.236125892,12.85044629,0.3027229964,7670
26,Non-Hodgkin lymphoma,392,Japan,2,0,1978,1.975933811,2.141064411,0.1866993844,112
26,Non-Hodgkin lymphoma,392,Japan,2,0,1979,2.611280469,2.939052211,0.2945538084,155
26,Non-Hodgkin lymphoma,392,Japan,2,0,1980,2.550671898,2.83694499,0.2753168817,151
26,Non-Hodgkin lymphoma,392,Japan,2,0,1981,2.93292606,3.444038584,0.3343251001,184
26,Non-Hodgkin lymphoma,392,Japan,2,0,1982,3.07344073,3.576338053,0.3112879671,192
26,Non-Hodgkin lymphoma,392,Japan,2,0,1983,3.311999783,3.869820713,0.3737382052,209
26,Non-Hodgkin lymphoma,392,Japan,2,0,1984,3.325072204,3.952950694,0.346760449,215
26,Non-Hodgkin lymphoma,392,Japan,2,0,1985,3.539300057,4.48640428,0.3983494683,246
26,Non-Hodgkin lymphoma,392,Japan,2,0,1986,3.597520576,4.75819613,0.3761439221,261
26,Non-Hodgkin lymphoma,392,Japan,2,0,1987,3.736020682,4.8967059,0.4069732335,269
26,Non-Hodgkin lymphoma,392,Japan,2,0,1988,4.06274669,5.610204108,0.4309373213,309
26,Non-Hodgkin lymphoma,392,Japan,2,0,1989,3.546118802,5.119201419,0.3844834773,283
26,Non-Hodgkin lymphoma,392,Japan,2,0,1990,3.97763658,5.616961062,0.4535287014,312
26,Non-Hodgkin lymphoma,392,Japan,2,0,1991,4.065690938,5.789187631,0.4284437976,322
26,Non-Hodgkin lymphoma,392,Japan,2,0,1992,3.893465491,5.846687305,0.4173908384,326
26,Non-Hodgkin lymphoma,392,Japan,2,0,1993,3.721456136,5.718668665,0.3899044674,320
26,Non-Hodgkin lymphoma,392,Japan,2,0,1994,3.937281598,6.279151137,0.4266106622,353
26,Non-Hodgkin lymphoma,392,Japan,2,0,1995,3.716879016,6.490956877,0.390430306,367
26,Non-Hodgkin lymphoma,392,Japan,2,0,1996,3.905033718,6.546688862,0.4049262725,370
26,Non-Hodgkin lymphoma,392,Japan,2,0,1997,3.752028233,6.577785228,0.4123449693,372
26,Non-Hodgkin lymphoma,392,Japan,2,0,1998,4.089199968,7.091553362,0.4320486903,403
26,Non-Hodgkin lymphoma,392,Japan,2,0,1999,4.284098275,8.133630454,0.4850352745,463
26,Non-Hodgkin lymphoma,392,Japan,2,0,2000,4.739405663,8.540429992,0.5142218639,487
26,Non-Hodgkin lymphoma,392,Japan,2,0,2001,4.350329534,8.666556598,0.4419146467,495
26,Non-Hodgkin lymphoma,392,Japan,2,0,2002,4.481599574,8.721932724,0.4879559968,499
26,Non-Hodgkin lymphoma,392,Japan,2,0,2003,4.521481779,9.384747311,0.4759694978,546
26,Non-Hodgkin lymphoma,392,Japan,2,0,2004,4.035716327,8.737856911,0.4266944849,509
26,Non-Hodgkin lymphoma,392,Japan,2,0,2005,4.596130684,9.978558143,0.505657418,580
26,Non-Hodgkin lymphoma,392,Japan,2,0,2006,5.461483019,11.34523942,0.5939405552,660
26,Non-Hodgkin lymphoma,392,Japan,2,0,2007,5.192455763,12.21370164,0.5772591386,711
26,Non-Hodgkin lymphoma,392,Japan,2,0,2008,5.112915673,12.2822856,0.5622791624,705
26,Non-Hodgkin lymphoma,392,Japan,2,0,2009,5.748281949,13.92562013,0.6363397064,800
26,Non-Hodgkin lymphoma,392,Japan,2,0,2010,6.065286487,14.71516758,0.6659097252,846
26,Non-Hodgkin lymphoma,392,Japan,2,0,2011,6.606899046,16.36387692,0.7321687638,940
26,Non-Hodgkin lymphoma,392,Japan,2,0,2012,6.92053114,17.07230355,0.7446602086,981
26,Non-Hodgkin lymphoma,392,Japan,2,0,2013,6.838201362,16.63493163,0.7408760743,961
26,Non-Hodgkin lymphoma,392,Japan,2,0,2014,6.900349829,17.56148251,0.7731958418,1014
26,Non-Hodgkin lymphoma,392,Japan,2,0,2015,7.282291201,18.51211073,0.8393646953,1070
26,Non-Hodgkin lymphoma,392,Japan,2,1,1969,0.4263532354,0.4468585076,0.04366691818,232
26,Non-Hodgkin lymphoma,392,Japan,2,1,1970,0.4128505344,0.4379375806,0.04463924266,230
26,Non-Hodgkin lymphoma,392,Japan,2,1,1971,0.383977876,0.4179216867,0.04219848508,222
26,Non-Hodgkin lymphoma,392,Japan,2,1,1972,0.505042922,0.5521730386,0.05408097171,302
26,Non-Hodgkin lymphoma,392,Japan,2,1,1973,0.6007596456,0.6536891907,0.06507183546,362
26,Non-Hodgkin lymphoma,392,Japan,2,1,1974,0.6234894936,0.6943696846,0.06895083818,387
26,Non-Hodgkin lymphoma,392,Japan,2,1,1975,0.7135708326,0.8228020568,0.07398221624,465
26,Non-Hodgkin lymphoma,392,Japan,2,1,1976,0.7581186012,0.8828784641,0.08495711959,504
26,Non-Hodgkin lymphoma,392,Japan,2,1,1977,0.9027704703,1.096422747,0.1030347854,632
26,Non-Hodgkin lymphoma,392,Japan,2,1,1978,1.033738292,1.276032262,0.1133004459,742
26,Non-Hodgkin lymphoma,392,Japan,2,1,1979,1.253597015,1.547002936,0.1412700846,912
26,Non-Hodgkin lymphoma,392,Japan,2,1,1980,1.371357771,1.763006801,0.1518028393,1048
26,Non-Hodgkin lymphoma,392,Japan,2,1,1981,1.581920637,2.119178313,0.1756826191,1269
26,Non-Hodgkin lymphoma,392,Japan,2,1,1982,1.682971603,2.282252995,0.1900923674,1376
26,Non-Hodgkin lymphoma,392,Japan,2,1,1983,1.729670015,2.36611877,0.1928677733,1428
26,Non-Hodgkin lymphoma,392,Japan,2,1,1984,1.790242364,2.550633954,0.1962731545,1549
26,Non-Hodgkin lymphoma,392,Japan,2,1,1985,1.750673323,2.602022815,0.1937576358,1593
26,Non-Hodgkin lymphoma,392,Japan,2,1,1986,1.870168238,2.859790596,0.2049869823,1759
26,Non-Hodgkin lymphoma,392,Japan,2,1,1987,1.836566117,2.939606219,0.2034939118,1817
26,Non-Hodgkin lymphoma,392,Japan,2,1,1988,1.787174949,2.979278786,0.1879620725,1849
26,Non-Hodgkin lymphoma,392,Japan,2,1,1989,1.73662095,2.990849253,0.1911896343,1863
26,Non-Hodgkin lymphoma,392,Japan,2,1,1990,1.85626692,3.270259844,0.1992592515,2043
26,Non-Hodgkin lymphoma,392,Japan,2,1,1991,1.911157549,3.473418853,0.201993602,2177
26,Non-Hodgkin lymphoma,392,Japan,2,1,1992,1.848755982,3.501908397,0.1917047044,2202
26,Non-Hodgkin lymphoma,392,Japan,2,1,1993,1.863137661,3.620533803,0.1976350541,2283
26,Non-Hodgkin lymphoma,392,Japan,2,1,1994,1.98512917,3.950718816,0.2125200369,2498
26,Non-Hodgkin lymphoma,392,Japan,2,1,1995,1.942763575,4.116453507,0.2059357551,2609
26,Non-Hodgkin lymphoma,392,Japan,2,1,1996,1.948968903,4.329024751,0.2073037683,2753
26,Non-Hodgkin lymphoma,392,Japan,2,1,1997,2.011345006,4.598999263,0.2135032028,2932
26,Non-Hodgkin lymphoma,392,Japan,2,1,1998,2.024464913,4.713794182,0.2092812256,3014
26,Non-Hodgkin lymphoma,392,Japan,2,1,1999,2.032671538,4.864687705,0.2124614667,3117
26,Non-Hodgkin lymphoma,392,Japan,2,1,2000,2.094212619,5.169620633,0.2189429006,3315
26,Non-Hodgkin lymphoma,392,Japan,2,1,2001,2.018705626,5.225922816,0.2126140507,3361
26,Non-Hodgkin lymphoma,392,Japan,2,1,2002,1.99694077,5.431964605,0.2069957487,3499
26,Non-Hodgkin lymphoma,392,Japan,2,1,2003,1.944930517,5.576738275,0.1995282612,3598
26,Non-Hodgkin lymphoma,392,Japan,2,1,2004,1.857188796,5.540243411,0.1867814561,3578
26,Non-Hodgkin lymphoma,392,Japan,2,1,2005,1.834943225,5.691547042,0.1874347586,3676
26,Non-Hodgkin lymphoma,392,Japan,2,1,2006,1.750413936,5.674516544,0.1776417504,3665
26,Non-Hodgkin lymphoma,392,Japan,2,1,2007,1.737000131,6.024096386,0.170602121,3890
26,Non-Hodgkin lymphoma,392,Japan,2,1,2008,1.751838639,6.245641224,0.1695777181,4030
26,Non-Hodgkin lymphoma,392,Japan,2,1,2009,1.763478887,6.578682092,0.1700010726,4242
26,Non-Hodgkin lymphoma,392,Japan,2,1,2010,1.837857378,6.883196931,0.1785829154,4461
26,Non-Hodgkin lymphoma,392,Japan,2,1,2011,1.767954596,7.009331356,0.1725066952,4537
26,Non-Hodgkin lymphoma,392,Japan,2,1,2012,1.781647506,7.301449769,0.1725771429,4719
26,Non-Hodgkin lymphoma,392,Japan,2,1,2013,1.784689839,7.673946402,0.166773223,4951
26,Non-Hodgkin lymphoma,392,Japan,2,1,2014,1.762505063,7.803643253,0.1649709224,5025
26,Non-Hodgkin lymphoma,392,Japan,2,1,2015,1.772001726,8.001985426,0.1673996382,5145
26,Non-Hodgkin lymphoma,392,Japan,2,1,2016,1.752504143,8.425022282,0.1691032845,5405
26,Non-Hodgkin lymphoma,392,Japan,2,1,2017,1.725663412,8.538012861,0.1655490372,5462
26,Non-Hodgkin lymphoma,392,Japan,2,1,2018,1.76264972,8.921985323,0.1708556867,5689
26,Non-Hodgkin lymphoma,392,Japan,2,1,2019,1.777853029,9.213964744,0.1683987358,5853
26,Non-Hodgkin lymphoma,392,Japan,2,1,2020,1.803343257,9.879152864,0.1641958871,6263
26,Non-Hodgkin lymphoma,392,Japan,2,1,2021,1.72396333,9.761649647,0.1598138903,6159
26,Non-Hodgkin lymphoma,40,Austria,1,0,1998,9.600491698,13.5508179,1.048808607,522
26,Non-Hodgkin lymphoma,40,Austria,1,0,1999,9.074224994,13.17908539,0.9757194403,509
26,Non-Hodgkin lymphoma,40,Austria,1,0,2000,9.753419857,14.22039339,1.023051386,551
26,Non-Hodgkin lymphoma,40,Austria,1,0,2001,9.452600796,14.02185972,0.9973671045,546
26,Non-Hodgkin lymphoma,40,Austria,1,0,2002,10.29467001,15.64198482,1.083478446,613
26,Non-Hodgkin lymphoma,40,Austria,1,0,2003,9.10345587,13.83148681,0.9657023563,545
26,Non-Hodgkin lymphoma,40,Austria,1,0,2004,9.44003161,14.34079836,0.9859334781,569
26,Non-Hodgkin lymphoma,40,Austria,1,0,2005,10.17908279,15.20398344,1.027954434,608
26,Non-Hodgkin lymphoma,40,Austria,1,0,2006,9.574541836,15.78613982,1.134483373,635
26,Non-Hodgkin lymphoma,40,Austria,1,0,2007,10.55949848,16.77175646,1.112629035,677
26,Non-Hodgkin lymphoma,40,Austria,1,0,2008,8.94442892,14.46836773,0.9569584666,586
26,Non-Hodgkin lymphoma,40,Austria,1,0,2009,9.656840219,16.07901123,1.032784573,653
26,Non-Hodgkin lymphoma,40,Austria,1,0,2010,9.912867217,16.65122294,1.048461657,678
26,Non-Hodgkin lymphoma,40,Austria,1,0,2011,10.15630737,17.17562295,1.090202265,702
26,Non-Hodgkin lymphoma,40,Austria,1,0,2012,9.64551359,16.42563168,1.009725812,675
26,Non-Hodgkin lymphoma,40,Austria,1,0,2013,9.932484755,17.37263431,1.088589809,719
26,Non-Hodgkin lymphoma,40,Austria,1,0,2014,9.015511786,16.25743736,0.9762125209,679
26,Non-Hodgkin lymphoma,40,Austria,1,0,2015,10.64810115,18.58562012,1.169154454,786
26,Non-Hodgkin lymphoma,40,Austria,1,0,2016,9.583988325,17.25196058,1.0203621,741
26,Non-Hodgkin lymphoma,40,Austria,1,0,2017,9.192495389,16.83339357,1.001570398,728
26,Non-Hodgkin lymphoma,40,Austria,1,1,1970,0.3546365743,0.397998296,0.03193906902,14
26,Non-Hodgkin lymphoma,40,Austria,1,1,1971,0.1949547692,0.2544482502,0.02059948413,9
26,Non-Hodgkin lymphoma,40,Austria,1,1,1972,0.2092004282,0.2807149923,0.02390808884,10
26,Non-Hodgkin lymphoma,40,Austria,1,1,1973,0.3060697266,0.3902889421,0.03227061498,14
26,Non-Hodgkin lymphoma,40,Austria,1,1,1974,0.2746589304,0.3617453713,0.03882351506,13
26,Non-Hodgkin lymphoma,40,Austria,1,1,1975,0.3776243154,0.4748207447,0.03904810415,17
26,Non-Hodgkin lymphoma,40,Austria,1,1,1976,1.034401897,1.371636324,0.1173074674,49
26,Non-Hodgkin lymphoma,40,Austria,1,1,1977,1.523845565,2.042159973,0.1691657416,73
26,Non-Hodgkin lymphoma,40,Austria,1,1,1978,1.810196162,2.46351651,0.2219190843,88
26,Non-Hodgkin lymphoma,40,Austria,1,1,1979,2.115065557,2.944670896,0.2355747989,105
26,Non-Hodgkin lymphoma,40,Austria,1,1,1980,2.912544498,3.728675759,0.3112034729,133
26,Non-Hodgkin lymphoma,40,Austria,1,1,1981,2.692392377,3.603374099,0.2829133695,129
26,Non-Hodgkin lymphoma,40,Austria,1,1,1982,2.885698328,3.792356756,0.3272774286,136
26,Non-Hodgkin lymphoma,40,Austria,1,1,1983,2.444244528,3.293523105,0.2856602077,118
26,Non-Hodgkin lymphoma,40,Austria,1,1,1984,3.068829544,4.183435853,0.3532901029,150
26,Non-Hodgkin lymphoma,40,Austria,1,1,1985,2.802177393,3.842879152,0.3024571129,138
26,Non-Hodgkin lymphoma,40,Austria,1,1,1986,2.335313519,3.196037136,0.2565973344,115
26,Non-Hodgkin lymphoma,40,Austria,1,1,1987,2.625640325,3.799772513,0.2877635515,137
26,Non-Hodgkin lymphoma,40,Austria,1,1,1988,3.005788023,4.480004248,0.3094040336,162
26,Non-Hodgkin lymphoma,40,Austria,1,1,1989,3.214954591,4.698559905,0.3660022742,171
26,Non-Hodgkin lymphoma,40,Austria,1,1,1990,3.710385219,5.38590411,0.4251486876,198
26,Non-Hodgkin lymphoma,40,Austria,1,1,1991,3.173474069,4.701420192,0.3244248879,175
26,Non-Hodgkin lymphoma,40,Austria,1,1,1992,3.001223612,4.375829087,0.317643747,165
26,Non-Hodgkin lymphoma,40,Austria,1,1,1993,3.11108673,4.516990581,0.3180955243,172
26,Non-Hodgkin lymphoma,40,Austria,1,1,1994,3.231501758,4.703490643,0.3825639285,180
26,Non-Hodgkin lymphoma,40,Austria,1,1,1995,2.851488083,4.354582435,0.3095904469,167
26,Non-Hodgkin lymphoma,40,Austria,1,1,1996,2.70472017,4.06101572,0.2980668989,156
26,Non-Hodgkin lymphoma,40,Austria,1,1,1997,2.960426528,4.54906071,0.3342230231,175
26,Non-Hodgkin lymphoma,40,Austria,1,1,1998,4.220867897,6.384915404,0.455198673,246
26,Non-Hodgkin lymphoma,40,Austria,1,1,1999,4.002642132,6.34256094,0.4122229279,245
26,Non-Hodgkin lymphoma,40,Austria,1,1,2000,3.942955994,6.399552444,0.431457293,248
26,Non-Hodgkin lymphoma,40,Austria,1,1,2001,3.869209409,6.42011293,0.3904920124,250
26,Non-Hodgkin lymphoma,40,Austria,1,1,2002,4.086777003,6.865469217,0.4322015416,269
26,Non-Hodgkin lymphoma,40,Austria,1,1,2003,4.330109106,7.661981779,0.4589100076,302
26,Non-Hodgkin lymphoma,40,Austria,1,1,2004,3.828937357,6.525113689,0.4060470253,259
26,Non-Hodgkin lymphoma,40,Austria,1,1,2005,3.371462015,6.199862828,0.333648744,248
26,Non-Hodgkin lymphoma,40,Austria,1,1,2006,3.703055078,6.886048208,0.4163782463,277
26,Non-Hodgkin lymphoma,40,Austria,1,1,2007,3.445545712,6.58944057,0.3449509709,266
26,Non-Hodgkin lymphoma,40,Austria,1,1,2008,3.696337244,7.184602434,0.3923353643,291
26,Non-Hodgkin lymphoma,40,Austria,1,1,2009,3.43981786,6.769670694,0.3522966248,275
26,Non-Hodgkin lymphoma,40,Austria,1,1,2010,3.24786369,6.702366795,0.3079650714,273
26,Non-Hodgkin lymphoma,40,Austria,1,1,2011,3.690250596,7.801199991,0.3631355506,319
26,Non-Hodgkin lymphoma,40,Austria,1,1,2012,3.665960992,7.953302682,0.3765028276,327
26,Non-Hodgkin lymphoma,40,Austria,1,1,2013,3.349522296,7.584355118,0.3288644822,314
26,Non-Hodgkin lymphoma,40,Austria,1,1,2014,3.536451173,7.849793249,0.3399816433,328
26,Non-Hodgkin lymphoma,40,Austria,1,1,2015,3.303177987,7.434422201,0.337189241,315
26,Non-Hodgkin lymphoma,40,Austria,1,1,2016,3.546566079,8.175915895,0.3615559087,351
26,Non-Hodgkin lymphoma,40,Austria,1,1,2017,3.295086606,7.905517508,0.314492674,342
26,Non-Hodgkin lymphoma,40,Austria,1,1,2018,3.254359119,8.002950973,0.3301697273,348
26,Non-Hodgkin lymphoma,40,Austria,1,1,2019,2.858571115,7.393861744,0.2642502026,323
26,Non-Hodgkin lymphoma,40,Austria,1,1,2020,3.058857864,7.746497245,0.2760768413,340
26,Non-Hodgkin lymphoma,40,Austria,1,1,2021,2.851343421,7.592935261,0.2790074671,335
26,Non-Hodgkin lymphoma,40,Austria,1,1,2022,2.996073818,8.137740791,0.2961753279,363
26,Non-Hodgkin lymphoma,40,Austria,1,1,2023,3.172816936,8.544659755,0.3078337409,384
26,Non-Hodgkin lymphoma,40,Austria,2,0,1998,6.817026647,12.87390387,0.7422403662,531
26,Non-Hodgkin lymphoma,40,Austria,2,0,1999,6.932460534,12.97775888,0.7315535569,536
26,Non-Hodgkin lymphoma,40,Austria,2,0,2000,7.574591679,14.18954378,0.807256842,587
26,Non-Hodgkin lymphoma,40,Austria,2,0,2001,6.388661246,12.10112977,0.7333264437,502
26,Non-Hodgkin lymphoma,40,Austria,2,0,2002,6.793953397,13.61939344,0.775731009,567
26,Non-Hodgkin lymphoma,40,Austria,2,0,2003,7.197064281,13.23612481,0.7976955824,553
26,Non-Hodgkin lymphoma,40,Austria,2,0,2004,7.445605574,14.01800207,0.8356479485,589
26,Non-Hodgkin lymphoma,40,Austria,2,0,2005,6.577192309,12.63508778,0.7343757926,534
26,Non-Hodgkin lymphoma,40,Austria,2,0,2006,7.423977688,13.99150899,0.797783409,594
26,Non-Hodgkin lymphoma,40,Austria,2,0,2007,6.845413118,13.57240491,0.753788576,578
26,Non-Hodgkin lymphoma,40,Austria,2,0,2008,7.172430637,14.46857486,0.7653464101,618
26,Non-Hodgkin lymphoma,40,Austria,2,0,2009,6.60411422,13.83084503,0.7413472044,592
26,Non-Hodgkin lymphoma,40,Austria,2,0,2010,6.875643368,14.05825105,0.731184459,603
26,Non-Hodgkin lymphoma,40,Austria,2,0,2011,6.98880968,14.08861319,0.7854115752,606
26,Non-Hodgkin lymphoma,40,Austria,2,0,2012,7.168292874,14.20007042,0.7603414864,613
26,Non-Hodgkin lymphoma,40,Austria,2,0,2013,6.968534928,14.1983346,0.754504328,616
26,Non-Hodgkin lymphoma,40,Austria,2,0,2014,7.10998204,14.65408796,0.7605971487,640
26,Non-Hodgkin lymphoma,40,Austria,2,0,2015,6.918037836,14.06676555,0.7468717945,619
26,Non-Hodgkin lymphoma,40,Austria,2,0,2016,6.835798718,14.19686895,0.7839256518,631
26,Non-Hodgkin lymphoma,40,Austria,2,0,2017,6.562035485,13.80209452,0.7414904886,617
26,Non-Hodgkin lymphoma,40,Austria,2,1,1970,0.1609548604,0.278571566,0.02156187246,11
26,Non-Hodgkin lymphoma,40,Austria,2,1,1971,0.1793630569,0.3028338052,0.01853718829,12
26,Non-Hodgkin lymphoma,40,Austria,2,1,1972,0.05623073845,0.1255988869,0.007075208095,5
26,Non-Hodgkin lymphoma,40,Austria,2,1,1973,0.143808203,0.2501238426,0.0169534315,10
26,Non-Hodgkin lymphoma,40,Austria,2,1,1974,0.1046885815,0.1748130156,0.01112781405,7
26,Non-Hodgkin lymphoma,40,Austria,2,1,1975,0.4174674209,0.650401379,0.03836161655,26
26,Non-Hodgkin lymphoma,40,Austria,2,1,1976,0.4607851489,0.9518843741,0.05082314471,38
26,Non-Hodgkin lymphoma,40,Austria,2,1,1977,0.8947145743,1.753204419,0.09337318391,70
26,Non-Hodgkin lymphoma,40,Austria,2,1,1978,1.289422244,2.331367548,0.1464034609,93
26,Non-Hodgkin lymphoma,40,Austria,2,1,1979,1.030744685,2.159405561,0.09695757665,86
26,Non-Hodgkin lymphoma,40,Austria,2,1,1980,1.562526928,3.039089218,0.184009187,121
26,Non-Hodgkin lymphoma,40,Austria,2,1,1981,1.906134771,3.310280075,0.2125449565,132
26,Non-Hodgkin lymphoma,40,Austria,2,1,1982,1.766035558,3.787386648,0.1958404572,151
26,Non-Hodgkin lymphoma,40,Austria,2,1,1983,1.613395461,3.192259349,0.1943423757,127
26,Non-Hodgkin lymphoma,40,Austria,2,1,1984,1.678549891,3.647665683,0.1604647457,145
26,Non-Hodgkin lymphoma,40,Austria,2,1,1985,1.657672194,3.498394199,0.1832917043,139
26,Non-Hodgkin lymphoma,40,Austria,2,1,1986,1.752227967,3.827569023,0.202820274,152
26,Non-Hodgkin lymphoma,40,Austria,2,1,1987,1.957392094,4.006211896,0.2211158628,159
26,Non-Hodgkin lymphoma,40,Austria,2,1,1988,1.819016432,4.005770325,0.2184315014,159
26,Non-Hodgkin lymphoma,40,Austria,2,1,1989,1.815960361,4.094455316,0.1845181472,163
26,Non-Hodgkin lymphoma,40,Austria,2,1,1990,2.155990077,5.020780661,0.248482099,201
26,Non-Hodgkin lymphoma,40,Austria,2,1,1991,2.280013175,5.080720882,0.2421835992,205
26,Non-Hodgkin lymphoma,40,Austria,2,1,1992,1.987353539,4.494108298,0.2215636152,183
26,Non-Hodgkin lymphoma,40,Austria,2,1,1993,2.204078276,5.073603225,0.2718530096,208
26,Non-Hodgkin lymphoma,40,Austria,2,1,1994,1.840125542,4.645834195,0.2025030251,191
26,Non-Hodgkin lymphoma,40,Austria,2,1,1995,1.992515907,4.446840933,0.2118790264,183
26,Non-Hodgkin lymphoma,40,Austria,2,1,1996,1.908603422,4.63647263,0.1905939399,191
26,Non-Hodgkin lymphoma,40,Austria,2,1,1997,2.443848873,5.699932971,0.2628063021,235
26,Non-Hodgkin lymphoma,40,Austria,2,1,1998,2.591882161,5.865764405,0.2814523718,242
26,Non-Hodgkin lymphoma,40,Austria,2,1,1999,2.412333398,5.761178108,0.2615726447,238
26,Non-Hodgkin lymphoma,40,Austria,2,1,2000,2.509383292,5.945393734,0.2861786559,246
26,Non-Hodgkin lymphoma,40,Austria,2,1,2001,2.312790043,5.954361148,0.2579753546,247
26,Non-Hodgkin lymphoma,40,Austria,2,1,2002,2.394756654,6.460945207,0.252132322,269
26,Non-Hodgkin lymphoma,40,Austria,2,1,2003,2.877715527,7.175208793,0.3288070835,300
26,Non-Hodgkin lymphoma,40,Austria,2,1,2004,2.429717014,6.08913229,0.2593719576,256
26,Non-Hodgkin lymphoma,40,Austria,2,1,2005,2.38874194,6.384312939,0.2561392317,270
26,Non-Hodgkin lymphoma,40,Austria,2,1,2006,2.222125876,6.16866544,0.2284528202,262
26,Non-Hodgkin lymphoma,40,Austria,2,1,2007,1.955680569,5.680497151,0.197268878,242
26,Non-Hodgkin lymphoma,40,Austria,2,1,2008,2.243293306,6.716712022,0.2226449008,287
26,Non-Hodgkin lymphoma,40,Austria,2,1,2009,2.251707435,6.887969741,0.2235166074,295
26,Non-Hodgkin lymphoma,40,Austria,2,1,2010,2.301180667,7.013205213,0.2073181104,301
26,Non-Hodgkin lymphoma,40,Austria,2,1,2011,2.037640747,6.598274621,0.1886668878,284
26,Non-Hodgkin lymphoma,40,Austria,2,1,2012,2.124933931,6.735952847,0.2104788914,291
26,Non-Hodgkin lymphoma,40,Austria,2,1,2013,1.891624252,6.012017124,0.1758262006,261
26,Non-Hodgkin lymphoma,40,Austria,2,1,2014,2.452740014,7.026195005,0.2495674623,307
26,Non-Hodgkin lymphoma,40,Austria,2,1,2015,1.914476463,6.194702916,0.1689994899,273
26,Non-Hodgkin lymphoma,40,Austria,2,1,2016,2.103914727,6.569447099,0.2069298601,292
26,Non-Hodgkin lymphoma,40,Austria,2,1,2017,1.891387029,6.148432094,0.2117139078,275
26,Non-Hodgkin lymphoma,40,Austria,2,1,2018,1.994022704,6.787952919,0.1995892462,305
26,Non-Hodgkin lymphoma,40,Austria,2,1,2019,1.956184833,6.382430587,0.1818677994,288
26,Non-Hodgkin lymphoma,40,Austria,2,1,2020,1.811786184,6.111654185,0.1804464091,277
26,Non-Hodgkin lymphoma,40,Austria,2,1,2021,1.660478003,6.103102253,0.1728554767,278
26,Non-Hodgkin lymphoma,40,Austria,2,1,2022,1.459363083,5.799330775,0.136244866,267
26,Non-Hodgkin lymphoma,40,Austria,2,1,2023,1.631468189,6.556819804,0.1334410615,304
26,Non-Hodgkin lymphoma,410,"Korea, Republic of",1,0,1999,5.499248362,5.160603732,0.6144109416,1222
26,Non-Hodgkin lymphoma,410,"Korea, Republic of",1,0,2000,5.237024399,4.965805089,0.5870042234,1185
26,Non-Hodgkin lymphoma,410,"Korea, Republic of",1,0,2001,5.521017817,5.301202774,0.6103653794,1274
26,Non-Hodgkin lymphoma,410,"Korea, Republic of",1,0,2002,5.326946767,5.229525229,0.5887466894,1263
26,Non-Hodgkin lymphoma,410,"Korea, Republic of",1,0,2003,5.611865287,5.644688637,0.5973643307,1368
26,Non-Hodgkin lymphoma,410,"Korea, Republic of",1,0,2004,6.030598195,6.205632708,0.6491213781,1509
26,Non-Hodgkin lymphoma,410,"Korea, Republic of",1,0,2005,5.761916919,6.12052669,0.6065508691,1494
26,Non-Hodgkin lymphoma,410,"Korea, Republic of",1,0,2006,6.157029507,6.675746117,0.6517758592,1636
26,Non-Hodgkin lymphoma,410,"Korea, Republic of",1,0,2007,6.260718063,7.017507096,0.6746975581,1728
26,Non-Hodgkin lymphoma,410,"Korea, Republic of",1,0,2008,6.05889327,7.000017773,0.6385633365,1733
26,Non-Hodgkin lymphoma,410,"Korea, Republic of",1,0,2009,6.456447587,7.537259084,0.6748628822,1875
26,Non-Hodgkin lymphoma,410,"Korea, Republic of",1,0,2010,6.519998713,7.763089875,0.676491597,1939
26,Non-Hodgkin lymphoma,410,"Korea, Republic of",1,0,2011,6.783060249,8.364634263,0.7179604613,2098
26,Non-Hodgkin lymphoma,410,"Korea, Republic of",1,0,2012,6.869879498,8.65905776,0.6992951014,2181
26,Non-Hodgkin lymphoma,410,"Korea, Republic of",1,0,2013,7.070902699,9.156378365,0.7205598632,2315
26,Non-Hodgkin lymphoma,410,"Korea, Republic of",1,0,2014,7.130115145,9.446499002,0.726234713,2397
26,Non-Hodgkin lymphoma,410,"Korea, Republic of",1,0,2015,7.378627969,10.07146498,0.7571232924,2564
26,Non-Hodgkin lymphoma,410,"Korea, Republic of",1,0,2016,7.862598037,10.99976892,0.7955806929,2808
26,Non-Hodgkin lymphoma,410,"Korea, Republic of",1,0,2017,7.428873823,10.71285529,0.7606877623,2740
26,Non-Hodgkin lymphoma,410,"Korea, Republic of",1,1,1995,3.655648868,3.002950574,0.4317840081,688
26,Non-Hodgkin lymphoma,410,"Korea, Republic of",1,1,1996,3.433775526,2.843339757,0.4150824439,658
26,Non-Hodgkin lymphoma,410,"Korea, Republic of",1,1,1997,3.00147057,2.617397339,0.3441192368,611
26,Non-Hodgkin lymphoma,410,"Korea, Republic of",1,1,1998,2.320935919,2.019574996,0.2746157729,475
26,Non-Hodgkin lymphoma,410,"Korea, Republic of",1,1,1999,3.025467357,2.685878865,0.3633081974,636
26,Non-Hodgkin lymphoma,410,"Korea, Republic of",1,1,2000,3.231215199,2.89985295,0.3638972889,692
26,Non-Hodgkin lymphoma,410,"Korea, Republic of",1,1,2001,2.687406946,2.47583646,0.3127753526,595
26,Non-Hodgkin lymphoma,410,"Korea, Republic of",1,1,2002,2.665995404,2.554724518,0.307148755,617
26,Non-Hodgkin lymphoma,410,"Korea, Republic of",1,1,2003,2.827797723,2.69443083,0.307526063,653
26,Non-Hodgkin lymphoma,410,"Korea, Republic of",1,1,2004,3.053458285,3.04729864,0.3351685694,741
26,Non-Hodgkin lymphoma,410,"Korea, Republic of",1,1,2005,3.025023464,3.121714416,0.3470704666,762
26,Non-Hodgkin lymphoma,410,"Korea, Republic of",1,1,2006,2.825082795,3.003269402,0.3123437148,736
26,Non-Hodgkin lymphoma,410,"Korea, Republic of",1,1,2007,2.927930037,3.220418084,0.3160026279,793
26,Non-Hodgkin lymphoma,410,"Korea, Republic of",1,1,2008,2.828091985,3.287948336,0.3132574296,814
26,Non-Hodgkin lymphoma,410,"Korea, Republic of",1,1,2009,2.599396476,3.12745991,0.2828545507,778
26,Non-Hodgkin lymphoma,410,"Korea, Republic of",1,1,2010,2.627983024,3.270987917,0.2842840765,817
26,Non-Hodgkin lymphoma,410,"Korea, Republic of",1,1,2011,2.634054577,3.388913171,0.2947282262,850
26,Non-Hodgkin lymphoma,410,"Korea, Republic of",1,1,2012,2.812375501,3.791563577,0.301146105,955
26,Non-Hodgkin lymphoma,410,"Korea, Republic of",1,1,2013,2.745374207,3.848446667,0.2866405988,973
26,Non-Hodgkin lymphoma,410,"Korea, Republic of",1,1,2014,2.514443332,3.736036269,0.254343253,948
26,Non-Hodgkin lymphoma,410,"Korea, Republic of",1,1,2015,2.681204392,4.030157203,0.2783114073,1026
26,Non-Hodgkin lymphoma,410,"Korea, Republic of",1,1,2016,2.624944347,4.183671892,0.2817929369,1068
26,Non-Hodgkin lymphoma,410,"Korea, Republic of",1,1,2017,2.533762405,4.261682641,0.2667159482,1090
26,Non-Hodgkin lymphoma,410,"Korea, Republic of",1,1,2018,2.686070841,4.698857892,0.2796183627,1203
26,Non-Hodgkin lymphoma,410,"Korea, Republic of",1,1,2019,2.511427126,4.642835889,0.2571735383,1189
26,Non-Hodgkin lymphoma,410,"Korea, Republic of",1,1,2020,2.515609281,4.780114629,0.245929533,1224
26,Non-Hodgkin lymphoma,410,"Korea, Republic of",1,1,2021,2.379789559,4.814549569,0.2318608801,1232
26,Non-Hodgkin lymphoma,410,"Korea, Republic of",1,1,2022,2.483550113,5.2544941,0.2371341471,1342
26,Non-Hodgkin lymphoma,410,"Korea, Republic of",2,0,1999,3.145990857,3.457688033,0.3399746617,812
26,Non-Hodgkin lymphoma,410,"Korea, Republic of",2,0,2000,2.964474183,3.324771448,0.324081418,787
26,Non-Hodgkin lymphoma,410,"Korea, Republic of",2,0,2001,3.153349061,3.669566561,0.3490218464,875
26,Non-Hodgkin lymphoma,410,"Korea, Republic of",2,0,2002,3.153779089,3.67892081,0.3460154311,882
26,Non-Hodgkin lymphoma,410,"Korea, Republic of",2,0,2003,3.358769903,4.062604992,0.3664726743,978
26,Non-Hodgkin lymphoma,410,"Korea, Republic of",2,0,2004,3.522864574,4.377562172,0.3793894561,1058
26,Non-Hodgkin lymphoma,410,"Korea, Republic of",2,0,2005,3.559416357,4.478155807,0.3821581163,1087
26,Non-Hodgkin lymphoma,410,"Korea, Republic of",2,0,2006,3.496702617,4.581547234,0.3787609505,1117
26,Non-Hodgkin lymphoma,410,"Korea, Republic of",2,0,2007,3.595480383,4.843666086,0.3839722486,1187
26,Non-Hodgkin lymphoma,410,"Korea, Republic of",2,0,2008,3.793478765,5.07960578,0.3962973648,1252
26,Non-Hodgkin lymphoma,410,"Korea, Republic of",2,0,2009,4.040938697,5.488222376,0.4293924238,1360
26,Non-Hodgkin lymphoma,410,"Korea, Republic of",2,0,2010,4.027059096,5.714250377,0.4304805292,1423
26,Non-Hodgkin lymphoma,410,"Korea, Republic of",2,0,2011,4.274879417,6.12872202,0.4409602258,1534
26,Non-Hodgkin lymphoma,410,"Korea, Republic of",2,0,2012,4.401116438,6.236625439,0.4481323775,1569
26,Non-Hodgkin lymphoma,410,"Korea, Republic of",2,0,2013,4.322229776,6.69409187,0.4529598131,1692
26,Non-Hodgkin lymphoma,410,"Korea, Republic of",2,0,2014,4.542749977,6.754982449,0.4632866036,1715
26,Non-Hodgkin lymphoma,410,"Korea, Republic of",2,0,2015,4.627620109,7.401838559,0.4756011901,1887
26,Non-Hodgkin lymphoma,410,"Korea, Republic of",2,0,2016,4.833374269,7.910837668,0.5001645974,2024
26,Non-Hodgkin lymphoma,410,"Korea, Republic of",2,0,2017,4.906680461,8.104015803,0.5061610124,2079
26,Non-Hodgkin lymphoma,410,"Korea, Republic of",2,1,1995,1.742510525,1.793860326,0.2126606445,407
26,Non-Hodgkin lymphoma,410,"Korea, Republic of",2,1,1996,1.669130039,1.736482271,0.1904513655,398
26,Non-Hodgkin lymphoma,410,"Korea, Republic of",2,1,1997,1.568718931,1.686049025,0.1765450628,390
26,Non-Hodgkin lymphoma,410,"Korea, Republic of",2,1,1998,1.081204956,1.187928587,0.131637286,277
26,Non-Hodgkin lymphoma,410,"Korea, Republic of",2,1,1999,1.425891847,1.643679287,0.1642167017,386
26,Non-Hodgkin lymphoma,410,"Korea, Republic of",2,1,2000,1.465492419,1.71941453,0.1650414281,407
26,Non-Hodgkin lymphoma,410,"Korea, Republic of",2,1,2001,1.363787973,1.64815961,0.1625939827,393
26,Non-Hodgkin lymphoma,410,"Korea, Republic of",2,1,2002,1.391099306,1.735182604,0.1609768218,416
26,Non-Hodgkin lymphoma,410,"Korea, Republic of",2,1,2003,1.307941927,1.690674943,0.1471531356,407
26,Non-Hodgkin lymphoma,410,"Korea, Republic of",2,1,2004,1.618948677,2.159817831,0.1855608749,522
26,Non-Hodgkin lymphoma,410,"Korea, Republic of",2,1,2005,1.504192264,2.055749284,0.1640429014,499
26,Non-Hodgkin lymphoma,410,"Korea, Republic of",2,1,2006,1.405275362,2.009810171,0.1603059376,490
26,Non-Hodgkin lymphoma,410,"Korea, Republic of",2,1,2007,1.360149756,2.048458531,0.1492906081,502
26,Non-Hodgkin lymphoma,410,"Korea, Republic of",2,1,2008,1.356437558,2.146255158,0.1429578329,529
26,Non-Hodgkin lymphoma,410,"Korea, Republic of",2,1,2009,1.401624501,2.267927096,0.1612919425,562
26,Non-Hodgkin lymphoma,410,"Korea, Republic of",2,1,2010,1.537262878,2.570007816,0.1728174963,640
26,Non-Hodgkin lymphoma,410,"Korea, Republic of",2,1,2011,1.377008661,2.369186544,0.1518071996,593
26,Non-Hodgkin lymphoma,410,"Korea, Republic of",2,1,2012,1.337950264,2.47239071,0.1461454177,622
26,Non-Hodgkin lymphoma,410,"Korea, Republic of",2,1,2013,1.385207018,2.674471323,0.1476283292,676
26,Non-Hodgkin lymphoma,410,"Korea, Republic of",2,1,2014,1.328678417,2.705931212,0.1431939774,687
26,Non-Hodgkin lymphoma,410,"Korea, Republic of",2,1,2015,1.401323753,2.922294502,0.1515508379,745
26,Non-Hodgkin lymphoma,410,"Korea, Republic of",2,1,2016,1.356251025,2.939204164,0.1424428178,752
26,Non-Hodgkin lymphoma,410,"Korea, Republic of",2,1,2017,1.451100003,3.282145379,0.1576046117,842
26,Non-Hodgkin lymphoma,410,"Korea, Republic of",2,1,2018,1.433490949,3.408703026,0.1420576348,876
26,Non-Hodgkin lymphoma,410,"Korea, Republic of",2,1,2019,1.381637888,3.346536931,0.1437849713,861
26,Non-Hodgkin lymphoma,410,"Korea, Republic of",2,1,2020,1.377247262,3.499956309,0.1413450834,901
26,Non-Hodgkin lymphoma,410,"Korea, Republic of",2,1,2021,1.243484459,3.433789746,0.1219887643,884
26,Non-Hodgkin lymphoma,410,"Korea, Republic of",2,1,2022,1.346081112,3.810396609,0.1352336906,980
26,Non-Hodgkin lymphoma,414,Kuwait,1,0,1998,11.09274144,6.281768737,1.609643575,24
26,Non-Hodgkin lymphoma,414,Kuwait,1,0,1999,12.85162192,6.839096327,1.453354953,27
26,Non-Hodgkin lymphoma,414,Kuwait,1,0,2000,10.95661867,7.106397473,1.275104273,29
26,Non-Hodgkin lymphoma,414,Kuwait,1,0,2001,11.48478169,7.109493306,1.066097048,30
26,Non-Hodgkin lymphoma,414,Kuwait,1,0,2002,7.521843565,5.508301469,0.638210792,24
26,Non-Hodgkin lymphoma,414,Kuwait,1,0,2003,8.71212792,5.784861019,0.849625811,26
26,Non-Hodgkin lymphoma,414,Kuwait,1,0,2004,10.22978766,6.47390262,1.016053467,30
26,Non-Hodgkin lymphoma,414,Kuwait,1,0,2005,10.6039369,6.286461477,1.342428534,30
26,Non-Hodgkin lymphoma,414,Kuwait,1,0,2006,11.32330092,7.897694481,1.080891037,39
26,Non-Hodgkin lymphoma,414,Kuwait,1,0,2007,10.97094833,6.093258301,1.207423398,31
26,Non-Hodgkin lymphoma,414,Kuwait,1,0,2008,13.46532197,8.200957796,1.375708751,43
26,Non-Hodgkin lymphoma,414,Kuwait,1,0,2009,15.966479,9.630111135,1.545383845,52
26,Non-Hodgkin lymphoma,414,Kuwait,1,0,2010,10.38710167,7.01161411,1.072569218,39
26,Non-Hodgkin lymphoma,414,Kuwait,1,0,2011,8.820016376,5.953642141,0.9171597063,34
26,Non-Hodgkin lymphoma,414,Kuwait,1,0,2012,7.812275062,5.111673017,0.7832024335,30
26,Non-Hodgkin lymphoma,414,Kuwait,1,0,2013,11.01147023,7.466562245,1.266177165,45
26,Non-Hodgkin lymphoma,414,Kuwait,1,0,2014,7.762209118,4.690659118,0.8287520361,29
26,Non-Hodgkin lymphoma,414,Kuwait,1,0,2015,8.779389372,6.157528526,0.854547906,39
26,Non-Hodgkin lymphoma,414,Kuwait,1,0,2016,8.914742356,6.016893586,0.8086570552,39
26,Non-Hodgkin lymphoma,414,Kuwait,1,0,2017,7.255344269,5.279775293,0.7436229288,35
26,Non-Hodgkin lymphoma,414,Kuwait,1,1,1993,0.4243982162,0.3181359777,0.05031469307,3
26,Non-Hodgkin lymphoma,414,Kuwait,1,1,1994,2.494472083,1.369604679,0.3697724222,13
26,Non-Hodgkin lymphoma,414,Kuwait,1,1,1995,0.7085818923,0.2068179609,0.1569643886,2
26,Non-Hodgkin lymphoma,414,Kuwait,1,1,1996,1.397665147,0.5002220986,0.1696991369,5
26,Non-Hodgkin lymphoma,414,Kuwait,1,1,1997,2.351727102,0.8686336393,0.07446096739,9
26,Non-Hodgkin lymphoma,414,Kuwait,1,1,1998,4.989516151,1.771966556,0.5292320274,19
26,Non-Hodgkin lymphoma,414,Kuwait,1,1,1999,3.902411266,1.714877282,0.5175151384,19
26,Non-Hodgkin lymphoma,414,Kuwait,1,1,2000,2.391238066,1.574621304,0.2680714837,18
26,Non-Hodgkin lymphoma,414,Kuwait,1,1,2001,4.773104459,1.528422286,0.4148213665,18
26,Non-Hodgkin lymphoma,414,Kuwait,1,1,2002,5.167424405,2.311239807,0.5645483671,28
26,Non-Hodgkin lymphoma,414,Kuwait,1,1,2003,3.998470141,1.366226715,0.3559077009,17
26,Non-Hodgkin lymphoma,414,Kuwait,1,1,2004,6.359758155,1.802646285,0.8932428603,23
26,Non-Hodgkin lymphoma,414,Kuwait,1,1,2005,3.709819312,1.590087546,0.3975711195,21
26,Non-Hodgkin lymphoma,414,Kuwait,1,1,2006,2.23248007,1.443308641,0.2107633231,20
26,Non-Hodgkin lymphoma,414,Kuwait,1,1,2007,3.140327164,1.166644134,0.4013147568,17
26,Non-Hodgkin lymphoma,414,Kuwait,1,1,2008,2.241353966,1.308150563,0.2725389344,20
26,Non-Hodgkin lymphoma,414,Kuwait,1,1,2009,3.880415478,1.249216117,0.5355124822,20
26,Non-Hodgkin lymphoma,414,Kuwait,1,1,2010,2.448742659,1.074134367,0.1439894268,18
26,Non-Hodgkin lymphoma,414,Kuwait,1,1,2011,2.382226497,0.8402024552,0.2947405166,15
26,Non-Hodgkin lymphoma,414,Kuwait,1,1,2012,4.028761626,1.568801352,0.5202572272,30
26,Non-Hodgkin lymphoma,414,Kuwait,1,1,2013,2.903049084,1.436003276,0.3763579365,29
26,Non-Hodgkin lymphoma,414,Kuwait,1,1,2014,2.969227441,1.64477858,0.2260003037,35
26,Non-Hodgkin lymphoma,414,Kuwait,1,1,2015,2.856895278,1.331741754,0.241254445,30
26,Non-Hodgkin lymphoma,414,Kuwait,1,1,2016,0.9607715317,0.5444465199,0.08452270552,13
26,Non-Hodgkin lymphoma,414,Kuwait,1,1,2017,1.091936279,0.4759039895,0.1433167496,12
26,Non-Hodgkin lymphoma,414,Kuwait,1,1,2018,1.522742473,0.7888606861,0.1205678849,21
26,Non-Hodgkin lymphoma,414,Kuwait,1,1,2019,1.29623943,0.7664202808,0.1102222112,21
26,Non-Hodgkin lymphoma,414,Kuwait,1,1,2020,0.9704088938,0.5433388826,0.1125428915,15
26,Non-Hodgkin lymphoma,414,Kuwait,1,1,2021,1.079319703,0.5392961753,0.1256959267,15
26,Non-Hodgkin lymphoma,414,Kuwait,1,1,2022,1.474760304,0.6780628814,0.1574750113,19
26,Non-Hodgkin lymphoma,414,Kuwait,1,1,2023,1.720401919,0.9123859433,0.1596735511,27
26,Non-Hodgkin lymphoma,414,Kuwait,2,0,1998,7.174865288,3.587903639,0.8184263508,14
26,Non-Hodgkin lymphoma,414,Kuwait,2,0,1999,6.378750479,3.960807807,0.7486822326,16
26,Non-Hodgkin lymphoma,414,Kuwait,2,0,2000,4.462393254,3.346600213,0.4939053647,14
26,Non-Hodgkin lymphoma,414,Kuwait,2,0,2001,6.093264719,3.692106047,0.8087272799,16
26,Non-Hodgkin lymphoma,414,Kuwait,2,0,2002,9.221537969,6.463086859,0.7054426045,29
26,Non-Hodgkin lymphoma,414,Kuwait,2,0,2003,9.662347845,5.818326003,1.152038734,27
26,Non-Hodgkin lymphoma,414,Kuwait,2,0,2004,5.140217838,3.753965126,0.3351493962,18
26,Non-Hodgkin lymphoma,414,Kuwait,2,0,2005,7.01601258,4.23327353,0.708969338,21
26,Non-Hodgkin lymphoma,414,Kuwait,2,0,2006,5.249138679,3.500072918,0.7120013675,18
26,Non-Hodgkin lymphoma,414,Kuwait,2,0,2007,3.256795317,2.45357552,0.3437725303,13
26,Non-Hodgkin lymphoma,414,Kuwait,2,0,2008,6.302383353,3.846012967,0.7238371748,21
26,Non-Hodgkin lymphoma,414,Kuwait,2,0,2009,9.025089389,5.866541514,1.18643934,33
26,Non-Hodgkin lymphoma,414,Kuwait,2,0,2010,8.827423135,6.23923299,0.9607927961,36
26,Non-Hodgkin lymphoma,414,Kuwait,2,0,2011,7.467655361,5.392934245,0.8892774178,32
26,Non-Hodgkin lymphoma,414,Kuwait,2,0,2012,8.750254851,6.240618544,0.9002388816,38
26,Non-Hodgkin lymphoma,414,Kuwait,2,0,2013,7.851365378,5.926410005,0.9362030608,37
26,Non-Hodgkin lymphoma,414,Kuwait,2,0,2014,4.791605788,3.593727539,0.5704416714,23
26,Non-Hodgkin lymphoma,414,Kuwait,2,0,2015,5.400867356,4.255125146,0.4987055462,28
26,Non-Hodgkin lymphoma,414,Kuwait,2,0,2016,6.485745968,5.197366272,0.680165322,35
26,Non-Hodgkin lymphoma,414,Kuwait,2,0,2017,6.247185499,4.934344197,0.7983209964,34
26,Non-Hodgkin lymphoma,414,Kuwait,2,1,1993,1.227903581,0.5485771965,0.03163427393,4
26,Non-Hodgkin lymphoma,414,Kuwait,2,1,1994,1.784101705,0.5592966286,0.2334594591,4
26,Non-Hodgkin lymphoma,414,Kuwait,2,1,1995,0.5411255411,0.1399617345,0.06761782148,1
26,Non-Hodgkin lymphoma,414,Kuwait,2,1,1996,2.459125293,0.6842856537,0.2663870258,5
26,Non-Hodgkin lymphoma,414,Kuwait,2,1,1997,2.6904448,0.7983267072,0.4017862976,6
26,Non-Hodgkin lymphoma,414,Kuwait,2,1,1998,3.498511794,1.036205003,0.4500898323,8
26,Non-Hodgkin lymphoma,414,Kuwait,2,1,1999,4.38293624,1.893752888,0.4925640508,15
26,Non-Hodgkin lymphoma,414,Kuwait,2,1,2000,3.521825943,1.355377522,0.3781516788,11
26,Non-Hodgkin lymphoma,414,Kuwait,2,1,2001,2.645712873,0.8429307015,0.3896042915,7
26,Non-Hodgkin lymphoma,414,Kuwait,2,1,2002,4.943257305,2.003526206,0.732460301,17
26,Non-Hodgkin lymphoma,414,Kuwait,2,1,2003,5.37641896,1.732946078,0.8825346955,15
26,Non-Hodgkin lymphoma,414,Kuwait,2,1,2004,1.345005024,0.90762736,0.09718071704,8
26,Non-Hodgkin lymphoma,414,Kuwait,2,1,2005,4.111474279,1.41905131,0.5756296231,13
26,Non-Hodgkin lymphoma,414,Kuwait,2,1,2006,2.134193693,1.02142542,0.2490264895,10
26,Non-Hodgkin lymphoma,414,Kuwait,2,1,2007,1.370951977,0.5710391771,0.1754380293,6
26,Non-Hodgkin lymphoma,414,Kuwait,2,1,2008,2.776166338,1.247166038,0.3098747566,14
26,Non-Hodgkin lymphoma,414,Kuwait,2,1,2009,3.614240865,1.339493889,0.6743067545,16
26,Non-Hodgkin lymphoma,414,Kuwait,2,1,2010,1.456839668,0.788886794,0.1615489335,10
26,Non-Hodgkin lymphoma,414,Kuwait,2,1,2011,1.926552361,0.890515564,0.2435522888,12
26,Non-Hodgkin lymphoma,414,Kuwait,2,1,2012,2.069968634,1.263391068,0.1628868526,18
26,Non-Hodgkin lymphoma,414,Kuwait,2,1,2013,3.514965251,1.478240303,0.347358981,22
26,Non-Hodgkin lymphoma,414,Kuwait,2,1,2014,2.910117158,1.36557033,0.3767177469,21
26,Non-Hodgkin lymphoma,414,Kuwait,2,1,2015,2.207332291,0.9483089439,0.1280808417,15
26,Non-Hodgkin lymphoma,414,Kuwait,2,1,2016,1.953326264,1.113708389,0.2796134552,18
26,Non-Hodgkin lymphoma,414,Kuwait,2,1,2017,1.177514177,0.7347678042,0.1526957513,12
26,Non-Hodgkin lymphoma,414,Kuwait,2,1,2018,1.537316982,0.9630907508,0.1741801791,16
26,Non-Hodgkin lymphoma,414,Kuwait,2,1,2019,1.839924032,0.9987192894,0.2529589896,17
26,Non-Hodgkin lymphoma,414,Kuwait,2,1,2020,1.074648927,0.5778376161,0.1559809815,10
26,Non-Hodgkin lymphoma,414,Kuwait,2,1,2021,0.9260841557,0.5116543491,0.1232601687,9
26,Non-Hodgkin lymphoma,414,Kuwait,2,1,2022,0.7835594501,0.4475747324,0.09142425053,8
26,Non-Hodgkin lymphoma,414,Kuwait,2,1,2023,0.9833114705,0.6384652997,0.1121305141,12
26,Non-Hodgkin lymphoma,417,Kyrgyzstan,1,1,2001,1.277682737,0.8217588598,0.1164022025,20
26,Non-Hodgkin lymphoma,417,Kyrgyzstan,1,1,2002,0.9997223145,0.7744294798,0.103086424,19
26,Non-Hodgkin lymphoma,417,Kyrgyzstan,1,1,2003,0.700967621,0.5652591713,0.1006978839,14
26,Non-Hodgkin lymphoma,417,Kyrgyzstan,1,1,2004,1.12343804,0.8784907529,0.1308520028,22
26,Non-Hodgkin lymphoma,417,Kyrgyzstan,1,1,2005,1.204257751,0.9096312948,0.1128720174,23
26,Non-Hodgkin lymphoma,417,Kyrgyzstan,1,1,2006,1.055328837,0.8226171133,0.1431916431,21
26,Non-Hodgkin lymphoma,417,Kyrgyzstan,1,1,2007,1.337304804,0.9713830552,0.1537345716,25
26,Non-Hodgkin lymphoma,417,Kyrgyzstan,1,1,2008,1.311908207,1.040286842,0.1431322806,27
26,Non-Hodgkin lymphoma,417,Kyrgyzstan,1,1,2009,1.444987246,1.053954966,0.1478585243,28
26,Non-Hodgkin lymphoma,417,Kyrgyzstan,1,1,2010,1.190219605,0.818077733,0.1678462922,22
26,Non-Hodgkin lymphoma,417,Kyrgyzstan,1,1,2011,0.8353978218,0.6611050591,0.09732697306,18
26,Non-Hodgkin lymphoma,417,Kyrgyzstan,1,1,2012,1.530725893,1.119024903,0.1855991009,31
26,Non-Hodgkin lymphoma,417,Kyrgyzstan,1,1,2013,1.530736001,1.060943419,0.1607058652,30
26,Non-Hodgkin lymphoma,417,Kyrgyzstan,1,1,2014,0.782429571,0.6235368535,0.08168932739,18
26,Non-Hodgkin lymphoma,417,Kyrgyzstan,1,1,2015,1.195507436,0.9834068741,0.09485515899,29
26,Non-Hodgkin lymphoma,417,Kyrgyzstan,1,1,2016,1.229801811,0.943960023,0.133076845,29
26,Non-Hodgkin lymphoma,417,Kyrgyzstan,1,1,2017,1.471474778,1.074161405,0.194231377,33
26,Non-Hodgkin lymphoma,417,Kyrgyzstan,1,1,2018,1.467517579,1.17995041,0.1544786635,37
26,Non-Hodgkin lymphoma,417,Kyrgyzstan,1,1,2019,0.8806759976,0.6555084561,0.09058252027,21
26,Non-Hodgkin lymphoma,417,Kyrgyzstan,2,1,2001,0.9975743333,0.9224929449,0.08291063147,23
26,Non-Hodgkin lymphoma,417,Kyrgyzstan,2,1,2002,0.5288729216,0.5175126273,0.04061329019,13
26,Non-Hodgkin lymphoma,417,Kyrgyzstan,2,1,2003,0.3208111823,0.3156934364,0.02559165984,8
26,Non-Hodgkin lymphoma,417,Kyrgyzstan,2,1,2004,0.607873812,0.5857700064,0.06713798619,15
26,Non-Hodgkin lymphoma,417,Kyrgyzstan,2,1,2005,0.3354654993,0.2705572281,0.0328189279,7
26,Non-Hodgkin lymphoma,417,Kyrgyzstan,2,1,2006,0.8319263863,0.6892912478,0.08482213778,18
26,Non-Hodgkin lymphoma,417,Kyrgyzstan,2,1,2007,0.3538117191,0.3417647975,0.03936952987,9
26,Non-Hodgkin lymphoma,417,Kyrgyzstan,2,1,2008,0.9325185248,0.7157120261,0.1242814721,19
26,Non-Hodgkin lymphoma,417,Kyrgyzstan,2,1,2009,0.4986333261,0.3667548468,0.06079431642,10
26,Non-Hodgkin lymphoma,417,Kyrgyzstan,2,1,2010,0.6408863251,0.5074800751,0.09165148764,14
26,Non-Hodgkin lymphoma,417,Kyrgyzstan,2,1,2011,0.794319729,0.7163221157,0.06695082614,20
26,Non-Hodgkin lymphoma,417,Kyrgyzstan,2,1,2012,0.3353680862,0.3524549545,0.0307156506,10
26,Non-Hodgkin lymphoma,417,Kyrgyzstan,2,1,2013,0.8339280823,0.6915198916,0.1148716109,20
26,Non-Hodgkin lymphoma,417,Kyrgyzstan,2,1,2014,0.6176172696,0.5086369953,0.08110460312,15
26,Non-Hodgkin lymphoma,417,Kyrgyzstan,2,1,2015,0.6682432068,0.5650958885,0.07597047717,17
26,Non-Hodgkin lymphoma,417,Kyrgyzstan,2,1,2016,0.5695423833,0.5757602995,0.04597368351,18
26,Non-Hodgkin lymphoma,417,Kyrgyzstan,2,1,2017,1.068141663,0.9596004991,0.1167078435,30
26,Non-Hodgkin lymphoma,417,Kyrgyzstan,2,1,2018,0.913603024,0.7843407929,0.1189426915,25
26,Non-Hodgkin lymphoma,417,Kyrgyzstan,2,1,2019,0.7176154773,0.6148369376,0.07768337003,20
26,Non-Hodgkin lymphoma,428,Latvia,1,0,1983,2.987730373,3.49144171,0.3158236814,41
26,Non-Hodgkin lymphoma,428,Latvia,1,0,1984,2.452816415,2.536139995,0.2382515529,30
26,Non-Hodgkin lymphoma,428,Latvia,1,0,1985,3.597285965,4.027521396,0.355801587,48
26,Non-Hodgkin lymphoma,428,Latvia,1,0,1986,3.197013743,3.407863021,0.3296290439,41
26,Non-Hodgkin lymphoma,428,Latvia,1,0,1987,3.467523481,3.944124897,0.3697342104,48
26,Non-Hodgkin lymphoma,428,Latvia,1,0,1988,2.942074056,3.328192223,0.3679049263,41
26,Non-Hodgkin lymphoma,428,Latvia,1,0,1989,3.217249472,3.383822108,0.3431757802,42
26,Non-Hodgkin lymphoma,428,Latvia,1,0,1990,4.529329148,5.068382944,0.4617822225,63
26,Non-Hodgkin lymphoma,428,Latvia,1,0,1991,3.546845663,3.790934022,0.3013361091,47
26,Non-Hodgkin lymphoma,428,Latvia,1,0,1992,3.528343449,4.083966348,0.470296921,50
26,Non-Hodgkin lymphoma,428,Latvia,1,0,1993,3.854484086,4.496253122,0.4486315254,54
26,Non-Hodgkin lymphoma,428,Latvia,1,0,1994,4.008998392,4.655887581,0.417981889,55
26,Non-Hodgkin lymphoma,428,Latvia,1,0,1995,3.690731568,4.547404547,0.3966654079,53
26,Non-Hodgkin lymphoma,428,Latvia,1,0,1996,3.523046044,3.988208774,0.3332096449,46
26,Non-Hodgkin lymphoma,428,Latvia,1,0,1997,4.032629186,4.459991255,0.4113164086,51
26,Non-Hodgkin lymphoma,428,Latvia,1,0,1998,3.811682081,4.583921016,0.3809978282,52
26,Non-Hodgkin lymphoma,428,Latvia,1,0,1999,4.738982751,6.213936973,0.562195196,70
26,Non-Hodgkin lymphoma,428,Latvia,1,0,2000,4.425001452,5.950201391,0.5536868638,65
26,Non-Hodgkin lymphoma,428,Latvia,1,0,2001,6.101164566,7.561199612,0.5667126641,82
26,Non-Hodgkin lymphoma,428,Latvia,1,0,2002,5.144548933,7.059345877,0.5206184937,76
26,Non-Hodgkin lymphoma,428,Latvia,1,0,2003,4.569398122,6.070811817,0.5236184724,65
26,Non-Hodgkin lymphoma,428,Latvia,1,0,2004,5.195312702,6.944268492,0.5286254918,74
26,Non-Hodgkin lymphoma,428,Latvia,1,0,2005,4.266900091,5.754168707,0.5030621182,61
26,Non-Hodgkin lymphoma,428,Latvia,1,0,2006,5.620651571,7.778712699,0.6945684581,82
26,Non-Hodgkin lymphoma,428,Latvia,1,0,2007,5.72553534,7.912531257,0.5944782697,83
26,Non-Hodgkin lymphoma,428,Latvia,1,0,2008,5.503410725,7.176951078,0.5511868879,75
26,Non-Hodgkin lymphoma,428,Latvia,1,0,2009,6.447703364,9.132112834,0.7124921033,95
26,Non-Hodgkin lymphoma,428,Latvia,1,0,2010,7.103475704,9.289534469,0.7815570285,96
26,Non-Hodgkin lymphoma,428,Latvia,1,0,2011,7.10793492,9.241800558,0.6571949321,87
26,Non-Hodgkin lymphoma,428,Latvia,1,0,2012,6.003593042,9.455289375,0.6641081172,88
26,Non-Hodgkin lymphoma,428,Latvia,1,0,2013,7.259159517,11.2821147,0.8529597031,104
26,Non-Hodgkin lymphoma,428,Latvia,1,0,2014,8.212439438,12.58032263,0.8942269297,115
26,Non-Hodgkin lymphoma,428,Latvia,1,0,2015,7.397451336,12.22799594,0.7617275145,111
26,Non-Hodgkin lymphoma,428,Latvia,1,0,2016,6.853018601,10.0001,0.6917566394,90
26,Non-Hodgkin lymphoma,428,Latvia,1,0,2017,8.265986808,13.44286279,0.9610125879,120
26,Non-Hodgkin lymphoma,428,Latvia,1,1,1997,3.501874862,4.197638828,0.4370445186,48
26,Non-Hodgkin lymphoma,428,Latvia,1,1,1998,2.365858326,3.085331453,0.277561918,35
26,Non-Hodgkin lymphoma,428,Latvia,1,1,1999,3.000134306,3.994673768,0.383937441,45
26,Non-Hodgkin lymphoma,428,Latvia,1,1,2000,4.076769354,5.321462191,0.3638775898,58
26,Non-Hodgkin lymphoma,428,Latvia,1,1,2001,3.960719179,5.304269658,0.3739125203,57
26,Non-Hodgkin lymphoma,428,Latvia,1,1,2002,3.545517153,4.997468264,0.3984645114,53
26,Non-Hodgkin lymphoma,428,Latvia,1,1,2003,3.8128085,5.23986182,0.4364263379,55
26,Non-Hodgkin lymphoma,428,Latvia,1,1,2004,3.50583642,5.104561648,0.3407541784,53
26,Non-Hodgkin lymphoma,428,Latvia,1,1,2005,4.194025381,5.841781198,0.4619539815,60
26,Non-Hodgkin lymphoma,428,Latvia,1,1,2006,3.521754958,5.206670432,0.4518701398,53
26,Non-Hodgkin lymphoma,428,Latvia,1,1,2007,3.221243249,4.453611186,0.3706876859,45
26,Non-Hodgkin lymphoma,428,Latvia,1,1,2008,3.975663865,6.000930144,0.4998126016,60
26,Non-Hodgkin lymphoma,428,Latvia,1,1,2009,3.528065627,5.500163477,0.4036517853,54
26,Non-Hodgkin lymphoma,428,Latvia,1,1,2010,3.797190791,5.836768515,0.4723038793,56
26,Non-Hodgkin lymphoma,428,Latvia,1,1,2011,3.699517998,5.948745187,0.4674950335,56
26,Non-Hodgkin lymphoma,428,Latvia,1,1,2012,3.441354203,5.372323508,0.3761079073,50
26,Non-Hodgkin lymphoma,428,Latvia,1,1,2013,3.871305194,6.725876072,0.4367377234,62
26,Non-Hodgkin lymphoma,428,Latvia,1,1,2014,3.342310013,5.469705489,0.3869631892,50
26,Non-Hodgkin lymphoma,428,Latvia,1,1,2015,3.206751223,6.058916908,0.3675447977,55
26,Non-Hodgkin lymphoma,428,Latvia,1,1,2016,3.764270615,6.777845556,0.4533705861,61
26,Non-Hodgkin lymphoma,428,Latvia,1,1,2017,4.378626452,8.401789245,0.4196402621,75
26,Non-Hodgkin lymphoma,428,Latvia,1,1,2018,3.929787104,6.8749359,0.491470205,61
26,Non-Hodgkin lymphoma,428,Latvia,1,1,2019,4.753916025,8.834197405,0.5900505648,78
26,Non-Hodgkin lymphoma,428,Latvia,1,1,2020,3.302718549,7.060775626,0.2911570962,62
26,Non-Hodgkin lymphoma,428,Latvia,1,1,2021,3.909854222,7.567583682,0.4616288196,66
26,Non-Hodgkin lymphoma,428,Latvia,1,1,2022,3.186783906,6.087133293,0.4017447535,53
26,Non-Hodgkin lymphoma,428,Latvia,1,1,2023,3.048319054,6.088238098,0.3197734204,53
26,Non-Hodgkin lymphoma,428,Latvia,2,0,1983,1.995108184,2.916302129,0.2085799634,40
26,Non-Hodgkin lymphoma,428,Latvia,2,0,1984,1.952207259,2.537887028,0.1985380244,35
26,Non-Hodgkin lymphoma,428,Latvia,2,0,1985,2.307390743,3.604123117,0.2624655785,50
26,Non-Hodgkin lymphoma,428,Latvia,2,0,1986,2.330773243,3.14938086,0.2369042011,44
26,Non-Hodgkin lymphoma,428,Latvia,2,0,1987,2.585216687,3.973321981,0.2691816463,56
26,Non-Hodgkin lymphoma,428,Latvia,2,0,1988,1.925650613,2.743001829,0.1984840486,39
26,Non-Hodgkin lymphoma,428,Latvia,2,0,1989,2.49066063,3.149937001,0.2444581403,45
26,Non-Hodgkin lymphoma,428,Latvia,2,0,1990,2.418981886,3.432333987,0.253560684,49
26,Non-Hodgkin lymphoma,428,Latvia,2,0,1991,2.298366602,3.303577704,0.2746548106,47
26,Non-Hodgkin lymphoma,428,Latvia,2,0,1992,2.104873133,2.913173227,0.1862312688,41
26,Non-Hodgkin lymphoma,428,Latvia,2,0,1993,2.179801548,3.465453758,0.256858183,48
26,Non-Hodgkin lymphoma,428,Latvia,2,0,1994,1.853393641,3.146955504,0.2262124648,43
26,Non-Hodgkin lymphoma,428,Latvia,2,0,1995,1.981804607,3.03636229,0.2266129793,41
26,Non-Hodgkin lymphoma,428,Latvia,2,0,1996,2.283078827,3.514544231,0.2718248032,47
26,Non-Hodgkin lymphoma,428,Latvia,2,0,1997,2.054576417,3.318250377,0.2529057267,44
26,Non-Hodgkin lymphoma,428,Latvia,2,0,1998,3.249742075,4.944469801,0.3272525203,65
26,Non-Hodgkin lymphoma,428,Latvia,2,0,1999,3.158655234,4.979316685,0.3531962078,65
26,Non-Hodgkin lymphoma,428,Latvia,2,0,2000,3.296476406,5.622364517,0.3999339066,72
26,Non-Hodgkin lymphoma,428,Latvia,2,0,2001,3.201813039,5.588232285,0.3487606591,71
26,Non-Hodgkin lymphoma,428,Latvia,2,0,2002,3.569589277,6.497432326,0.431538236,82
26,Non-Hodgkin lymphoma,428,Latvia,2,0,2003,3.209841837,5.499563622,0.3411421241,69
26,Non-Hodgkin lymphoma,428,Latvia,2,0,2004,4.32286762,7.777471312,0.4963735842,97
26,Non-Hodgkin lymphoma,428,Latvia,2,0,2005,3.51145829,6.449475214,0.3976606635,80
26,Non-Hodgkin lymphoma,428,Latvia,2,0,2006,4.430023657,8.348267005,0.5197588943,103
26,Non-Hodgkin lymphoma,428,Latvia,2,0,2007,3.381899376,6.600762266,0.3633573084,81
26,Non-Hodgkin lymphoma,428,Latvia,2,0,2008,3.475779506,6.715355725,0.4080078083,82
26,Non-Hodgkin lymphoma,428,Latvia,2,0,2009,4.813882352,9.550870323,0.5908019996,116
26,Non-Hodgkin lymphoma,428,Latvia,2,0,2010,4.721027734,8.709450251,0.5156285025,105
26,Non-Hodgkin lymphoma,428,Latvia,2,0,2011,5.566642001,11.08792186,0.6710616686,124
26,Non-Hodgkin lymphoma,428,Latvia,2,0,2012,5.709094921,9.785950456,0.6044038724,108
26,Non-Hodgkin lymphoma,428,Latvia,2,0,2013,4.209503765,8.983951729,0.4076011294,98
26,Non-Hodgkin lymphoma,428,Latvia,2,0,2014,4.600517962,10.0031862,0.5017325203,108
26,Non-Hodgkin lymphoma,428,Latvia,2,0,2015,5.474739811,10.7499341,0.5929935077,115
26,Non-Hodgkin lymphoma,428,Latvia,2,0,2016,4.715269472,10.66494517,0.5206819446,113
26,Non-Hodgkin lymphoma,428,Latvia,2,0,2017,6.271011313,11.90938955,0.6752443422,125
26,Non-Hodgkin lymphoma,428,Latvia,2,1,1997,1.330452198,2.488687783,0.143880973,33
26,Non-Hodgkin lymphoma,428,Latvia,2,1,1998,1.709154775,2.96668188,0.1824457344,39
26,Non-Hodgkin lymphoma,428,Latvia,2,1,1999,1.466967592,2.374751034,0.1811904593,31
26,Non-Hodgkin lymphoma,428,Latvia,2,1,2000,1.567550793,3.287352147,0.1820649496,42
26,Non-Hodgkin lymphoma,428,Latvia,2,1,2001,2.020497576,3.960195285,0.2143693237,50
26,Non-Hodgkin lymphoma,428,Latvia,2,1,2002,1.83408201,3.681071928,0.2140508831,46
26,Non-Hodgkin lymphoma,428,Latvia,2,1,2003,1.801780032,3.795498539,0.2083461034,47
26,Non-Hodgkin lymphoma,428,Latvia,2,1,2004,1.429097293,3.265745998,0.179110965,40
26,Non-Hodgkin lymphoma,428,Latvia,2,1,2005,2.293529964,4.869131768,0.2825070272,59
26,Non-Hodgkin lymphoma,428,Latvia,2,1,2006,2.180877657,4.914897304,0.2491626842,59
26,Non-Hodgkin lymphoma,428,Latvia,2,1,2007,1.580341056,3.781801802,0.1950721265,45
26,Non-Hodgkin lymphoma,428,Latvia,2,1,2008,2.102042401,5.095640934,0.2226187442,60
26,Non-Hodgkin lymphoma,428,Latvia,2,1,2009,2.350338352,5.08673311,0.2965880916,59
26,Non-Hodgkin lymphoma,428,Latvia,2,1,2010,2.459813307,6.589814782,0.2984510688,75
26,Non-Hodgkin lymphoma,428,Latvia,2,1,2011,1.784831306,4.918029855,0.212198222,55
26,Non-Hodgkin lymphoma,428,Latvia,2,1,2012,2.195521403,5.889692404,0.236077864,65
26,Non-Hodgkin lymphoma,428,Latvia,2,1,2013,1.704741992,4.766994795,0.2065215069,52
26,Non-Hodgkin lymphoma,428,Latvia,2,1,2014,2.754614565,6.854034989,0.2749198946,74
26,Non-Hodgkin lymphoma,428,Latvia,2,1,2015,1.959349115,5.889094332,0.2336724006,63
26,Non-Hodgkin lymphoma,428,Latvia,2,1,2016,1.463215605,5.474042656,0.1400780013,58
26,Non-Hodgkin lymphoma,428,Latvia,2,1,2017,2.243489454,6.66925815,0.2137578404,70
26,Non-Hodgkin lymphoma,428,Latvia,2,1,2018,1.760993363,5.67360064,0.2264780592,59
26,Non-Hodgkin lymphoma,428,Latvia,2,1,2019,2.15963107,6.402241172,0.2496146387,66
26,Non-Hodgkin lymphoma,428,Latvia,2,1,2020,1.965521007,6.651287195,0.2384135632,68
26,Non-Hodgkin lymphoma,428,Latvia,2,1,2021,2.00850324,6.025589989,0.2141697552,61
26,Non-Hodgkin lymphoma,428,Latvia,2,1,2022,1.918763056,6.047423698,0.1808494035,61
26,Non-Hodgkin lymphoma,428,Latvia,2,1,2023,2.40855045,5.660860808,0.2813495454,57
26,Non-Hodgkin lymphoma,440,Lithuania,1,0,1988,3.701697063,3.876823481,0.3615875816,67
26,Non-Hodgkin lymphoma,440,Lithuania,1,0,1989,3.289023124,3.491390289,0.3269052779,61
26,Non-Hodgkin lymphoma,440,Lithuania,1,0,1990,2.958977469,3.018751,0.3080098589,53
26,Non-Hodgkin lymphoma,440,Lithuania,1,0,1991,3.148390948,3.386035088,0.3513585152,60
26,Non-Hodgkin lymphoma,440,Lithuania,1,0,1992,2.753149332,2.935509675,0.2898474143,52
26,Non-Hodgkin lymphoma,440,Lithuania,1,0,1993,3.824806996,4.29734215,0.4717524533,76
26,Non-Hodgkin lymphoma,440,Lithuania,1,0,1994,4.125267458,4.497252691,0.4461996917,79
26,Non-Hodgkin lymphoma,440,Lithuania,1,0,1995,4.667206748,5.135271613,0.4509937947,90
26,Non-Hodgkin lymphoma,440,Lithuania,1,0,1996,3.858482225,4.402412522,0.4069888732,77
26,Non-Hodgkin lymphoma,440,Lithuania,1,0,1997,4.153983127,4.808094083,0.4182942519,84
26,Non-Hodgkin lymphoma,440,Lithuania,1,0,1998,5.03504464,6.127543005,0.5252130294,102
26,Non-Hodgkin lymphoma,440,Lithuania,1,0,1999,5.342040359,6.481160116,0.5393226242,107
26,Non-Hodgkin lymphoma,440,Lithuania,1,0,2000,5.295627941,6.594932527,0.5464497541,108
26,Non-Hodgkin lymphoma,440,Lithuania,1,0,2001,6.205276998,7.986685581,0.7040132181,130
26,Non-Hodgkin lymphoma,440,Lithuania,1,0,2002,5.840864229,7.526724499,0.5832817446,122
26,Non-Hodgkin lymphoma,440,Lithuania,1,0,2003,7.371603781,9.609447265,0.8135189545,155
26,Non-Hodgkin lymphoma,440,Lithuania,1,0,2004,6.42803417,8.170031452,0.750457117,131
26,Non-Hodgkin lymphoma,440,Lithuania,1,0,2005,6.660748179,8.917346248,0.7555974752,142
26,Non-Hodgkin lymphoma,440,Lithuania,1,0,2006,6.982845756,9.546044492,0.7999194512,151
26,Non-Hodgkin lymphoma,440,Lithuania,1,0,2007,6.902669671,9.096813634,0.7825188953,143
26,Non-Hodgkin lymphoma,440,Lithuania,1,0,2008,6.819678761,9.020420697,0.7143892894,141
26,Non-Hodgkin lymphoma,440,Lithuania,1,0,2009,6.576431376,9.398139297,0.7561646491,146
26,Non-Hodgkin lymphoma,440,Lithuania,1,0,2010,6.711620427,9.5580389,0.7028081554,146
26,Non-Hodgkin lymphoma,440,Lithuania,1,0,2011,9.481076732,14.8348069,0.9797216374,207
26,Non-Hodgkin lymphoma,440,Lithuania,1,0,2012,7.635060381,12.20751911,0.8662094072,168
26,Non-Hodgkin lymphoma,440,Lithuania,1,0,2013,7.08782963,10.71604463,0.7513076325,146
26,Non-Hodgkin lymphoma,440,Lithuania,1,0,2014,7.082390648,11.32388837,0.735787262,153
26,Non-Hodgkin lymphoma,440,Lithuania,1,0,2015,7.782495172,12.03349647,0.8577305131,161
26,Non-Hodgkin lymphoma,440,Lithuania,1,0,2016,7.595863832,12.26439306,0.8380694997,162
26,Non-Hodgkin lymphoma,440,Lithuania,1,0,2017,8.405857999,14.10242654,0.8467068905,184
26,Non-Hodgkin lymphoma,440,Lithuania,1,1,1994,0.7874578626,0.8694170385,0.102288209,15
26,Non-Hodgkin lymphoma,440,Lithuania,1,1,1995,0.9888302123,1.111505013,0.1023943816,19
26,Non-Hodgkin lymphoma,440,Lithuania,1,1,1996,0.6101785931,0.7675467082,0.08286051923,13
26,Non-Hodgkin lymphoma,440,Lithuania,1,1,1997,1.599432096,1.727469626,0.1273196408,29
26,Non-Hodgkin lymphoma,440,Lithuania,1,1,1998,2.065251735,2.583179894,0.2464402383,43
26,Non-Hodgkin lymphoma,440,Lithuania,1,1,1999,3.016785314,3.816010161,0.3271675355,63
26,Non-Hodgkin lymphoma,440,Lithuania,1,1,2000,2.928829136,3.66386259,0.3021194446,60
26,Non-Hodgkin lymphoma,440,Lithuania,1,1,2001,3.058118881,3.945157381,0.3030966561,64
26,Non-Hodgkin lymphoma,440,Lithuania,1,1,2002,3.241224094,4.54170467,0.3872724715,73
26,Non-Hodgkin lymphoma,440,Lithuania,1,1,2003,2.701238199,3.767523695,0.3465285569,60
26,Non-Hodgkin lymphoma,440,Lithuania,1,1,2004,2.252474129,3.241921735,0.2850710396,51
26,Non-Hodgkin lymphoma,440,Lithuania,1,1,2005,3.145967843,4.464967477,0.361643866,69
26,Non-Hodgkin lymphoma,440,Lithuania,1,1,2006,3.447990915,5.007811527,0.3802608758,76
26,Non-Hodgkin lymphoma,440,Lithuania,1,1,2007,2.57266853,4.074525067,0.3147281038,61
26,Non-Hodgkin lymphoma,440,Lithuania,1,1,2008,2.746665779,4.458296687,0.3257983762,66
26,Non-Hodgkin lymphoma,440,Lithuania,1,1,2009,3.148381633,5.130745066,0.3618357607,75
26,Non-Hodgkin lymphoma,440,Lithuania,1,1,2010,3.279889859,5.249487125,0.3548825214,75
26,Non-Hodgkin lymphoma,440,Lithuania,1,1,2011,3.459066573,5.44659577,0.3709312089,76
26,Non-Hodgkin lymphoma,440,Lithuania,1,1,2012,3.205844567,5.958431944,0.3600594216,82
26,Non-Hodgkin lymphoma,440,Lithuania,1,1,2013,2.4203285,4.257058827,0.2910743722,58
26,Non-Hodgkin lymphoma,440,Lithuania,1,1,2014,3.044267551,5.624938015,0.3391541543,76
26,Non-Hodgkin lymphoma,440,Lithuania,1,1,2015,3.080506834,5.605666058,0.3577115525,75
26,Non-Hodgkin lymphoma,440,Lithuania,1,1,2016,3.047748106,5.75366588,0.343433597,76
26,Non-Hodgkin lymphoma,440,Lithuania,1,1,2017,2.375351015,4.675260972,0.2589882831,61
26,Non-Hodgkin lymphoma,440,Lithuania,1,1,2018,3.169860532,6.325003355,0.3254395704,82
26,Non-Hodgkin lymphoma,440,Lithuania,1,1,2019,3.077700127,6.230898642,0.3562418591,81
26,Non-Hodgkin lymphoma,440,Lithuania,1,1,2020,3.144388776,6.188043173,0.3277954226,81
26,Non-Hodgkin lymphoma,440,Lithuania,1,1,2021,3.085654992,6.586091706,0.3286039564,86
26,Non-Hodgkin lymphoma,440,Lithuania,1,1,2022,3.159585218,6.509197079,0.3232547006,86
26,Non-Hodgkin lymphoma,440,Lithuania,1,1,2023,2.730391902,5.32993402,0.2757832984,72
26,Non-Hodgkin lymphoma,440,Lithuania,2,0,1988,1.603918653,2.439714398,0.1463610801,47
26,Non-Hodgkin lymphoma,440,Lithuania,2,0,1989,1.549007074,2.059101357,0.1684044152,40
26,Non-Hodgkin lymphoma,440,Lithuania,2,0,1990,1.709529511,2.355883923,0.2020966978,46
26,Non-Hodgkin lymphoma,440,Lithuania,2,0,1991,2.384465011,2.842975844,0.2319160033,56
26,Non-Hodgkin lymphoma,440,Lithuania,2,0,1992,2.361624508,3.197550778,0.2545419513,63
26,Non-Hodgkin lymphoma,440,Lithuania,2,0,1993,2.258399783,3.099664372,0.2270055891,61
26,Non-Hodgkin lymphoma,440,Lithuania,2,0,1994,2.567609321,3.518422768,0.2795880204,69
26,Non-Hodgkin lymphoma,440,Lithuania,2,0,1995,2.592214631,3.981074584,0.2983633808,78
26,Non-Hodgkin lymphoma,440,Lithuania,2,0,1996,3.436192625,4.64719136,0.3602041521,91
26,Non-Hodgkin lymphoma,440,Lithuania,2,0,1997,2.77862638,4.343589143,0.3221142755,85
26,Non-Hodgkin lymphoma,440,Lithuania,2,0,1998,2.687883917,4.403816145,0.3285473166,83
26,Non-Hodgkin lymphoma,440,Lithuania,2,0,1999,3.39216051,5.551661682,0.3949956036,104
26,Non-Hodgkin lymphoma,440,Lithuania,2,0,2000,3.421521318,5.53190918,0.3721799,103
26,Non-Hodgkin lymphoma,440,Lithuania,2,0,2001,4.09798604,6.79761242,0.4646953822,126
26,Non-Hodgkin lymphoma,440,Lithuania,2,0,2002,5.447042957,8.278418919,0.5964482925,153
26,Non-Hodgkin lymphoma,440,Lithuania,2,0,2003,3.967476252,7.603699526,0.4721765784,140
26,Non-Hodgkin lymphoma,440,Lithuania,2,0,2004,4.524909221,8.29617339,0.5245147068,152
26,Non-Hodgkin lymphoma,440,Lithuania,2,0,2005,4.960620717,10.20911114,0.5742481607,186
26,Non-Hodgkin lymphoma,440,Lithuania,2,0,2006,4.571904007,8.718323654,0.5180900103,158
26,Non-Hodgkin lymphoma,440,Lithuania,2,0,2007,4.526758862,8.538293971,0.4765317813,154
26,Non-Hodgkin lymphoma,440,Lithuania,2,0,2008,4.333499936,8.802257835,0.4713612138,158
26,Non-Hodgkin lymphoma,440,Lithuania,2,0,2009,5.473490962,10.52657512,0.6117973977,188
26,Non-Hodgkin lymphoma,440,Lithuania,2,0,2010,4.558519091,9.833400595,0.4819007861,173
26,Non-Hodgkin lymphoma,440,Lithuania,2,0,2011,6.261023465,11.94305551,0.6480409983,195
26,Non-Hodgkin lymphoma,440,Lithuania,2,0,2012,5.944705405,12.96870385,0.648322648,209
26,Non-Hodgkin lymphoma,440,Lithuania,2,0,2013,5.403563534,11.22083992,0.563805362,179
26,Non-Hodgkin lymphoma,440,Lithuania,2,0,2014,4.563205954,10.11863467,0.508253395,160
26,Non-Hodgkin lymphoma,440,Lithuania,2,0,2015,6.193490556,12.57196974,0.69547244,197
26,Non-Hodgkin lymphoma,440,Lithuania,2,0,2016,5.654289422,13.37784861,0.6014007869,207
26,Non-Hodgkin lymphoma,440,Lithuania,2,0,2017,5.831405437,12.33868644,0.6591532999,188
26,Non-Hodgkin lymphoma,440,Lithuania,2,1,1994,0.2415632764,0.4658727505,0.03825804703,9
26,Non-Hodgkin lymphoma,440,Lithuania,2,1,1995,0.5862411007,0.9376367387,0.06161729427,18
26,Non-Hodgkin lymphoma,440,Lithuania,2,1,1996,0.8278040446,1.205503806,0.07216858109,23
26,Non-Hodgkin lymphoma,440,Lithuania,2,1,1997,1.221569272,2.003801951,0.1384784436,38
26,Non-Hodgkin lymphoma,440,Lithuania,2,1,1998,1.390099985,2.334553137,0.16556281,44
26,Non-Hodgkin lymphoma,440,Lithuania,2,1,1999,1.455882035,2.508924029,0.1517311731,47
26,Non-Hodgkin lymphoma,440,Lithuania,2,1,2000,1.245308797,2.363152015,0.142782627,44
26,Non-Hodgkin lymphoma,440,Lithuania,2,1,2001,1.173417989,2.488401883,0.1557915274,46
26,Non-Hodgkin lymphoma,440,Lithuania,2,1,2002,2.519513979,4.793704559,0.2938726809,88
26,Non-Hodgkin lymphoma,440,Lithuania,2,1,2003,1.489078247,3.127306045,0.1867385805,57
26,Non-Hodgkin lymphoma,440,Lithuania,2,1,2004,1.491343034,3.71410484,0.1589934105,67
26,Non-Hodgkin lymphoma,440,Lithuania,2,1,2005,1.365027216,3.544973902,0.1631573749,63
26,Non-Hodgkin lymphoma,440,Lithuania,2,1,2006,1.639117562,4.394274888,0.1826057654,77
26,Non-Hodgkin lymphoma,440,Lithuania,2,1,2007,1.476215149,3.748154034,0.171317151,65
26,Non-Hodgkin lymphoma,440,Lithuania,2,1,2008,2.004850027,4.598785106,0.2038932909,79
26,Non-Hodgkin lymphoma,440,Lithuania,2,1,2009,2.035481032,4.937865196,0.2489667467,84
26,Non-Hodgkin lymphoma,440,Lithuania,2,1,2010,1.461320555,4.135275035,0.1739144143,69
26,Non-Hodgkin lymphoma,440,Lithuania,2,1,2011,1.765385269,4.715975766,0.2119935188,77
26,Non-Hodgkin lymphoma,440,Lithuania,2,1,2012,1.829133404,5.584609313,0.1967828393,90
26,Non-Hodgkin lymphoma,440,Lithuania,2,1,2013,1.753602815,5.140273036,0.1924864689,82
26,Non-Hodgkin lymphoma,440,Lithuania,2,1,2014,1.418229241,4.3636612,0.16141555,69
26,Non-Hodgkin lymphoma,440,Lithuania,2,1,2015,1.731694848,5.998807896,0.1778262202,94
26,Non-Hodgkin lymphoma,440,Lithuania,2,1,2016,2.076782706,6.010337781,0.2269495416,93
26,Non-Hodgkin lymphoma,440,Lithuania,2,1,2017,1.530894527,4.987979625,0.1854588347,76
26,Non-Hodgkin lymphoma,440,Lithuania,2,1,2018,1.37230332,4.517969226,0.1174489324,68
26,Non-Hodgkin lymphoma,440,Lithuania,2,1,2019,1.762013555,5.688799891,0.191646011,85
26,Non-Hodgkin lymphoma,440,Lithuania,2,1,2020,1.668959362,5.653105271,0.1779193583,84
26,Non-Hodgkin lymphoma,440,Lithuania,2,1,2021,1.323041293,4.658597975,0.1438627084,70
26,Non-Hodgkin lymphoma,440,Lithuania,2,1,2022,1.403455541,4.766851316,0.1654993898,72
26,Non-Hodgkin lymphoma,440,Lithuania,2,1,2023,1.524194804,6.181262227,0.1449262924,94
26,Non-Hodgkin lymphoma,442,Luxembourg,1,1,1980,0.2941176471,0.5614823133,0,1
26,Non-Hodgkin lymphoma,442,Luxembourg,1,1,1981,2.511840272,2.810567735,0.2855380105,5
26,Non-Hodgkin lymphoma,442,Luxembourg,1,1,1982,2.60270775,3.36889388,0.4065011367,6
26,Non-Hodgkin lymphoma,442,Luxembourg,1,1,1983,2.628863253,3.376477209,0.2791850747,6
26,Non-Hodgkin lymphoma,442,Luxembourg,1,1,1984,1.088888889,1.124859393,0.06664444938,2
26,Non-Hodgkin lymphoma,442,Luxembourg,1,1,1985,3.05851601,5.059021922,0.383344872,9
26,Non-Hodgkin lymphoma,442,Luxembourg,1,1,1986,4.691852205,6.726457399,0.4538919178,12
26,Non-Hodgkin lymphoma,442,Luxembourg,1,1,1987,4.47612173,6.097560976,0.4534975146,11
26,Non-Hodgkin lymphoma,442,Luxembourg,1,1,1988,2.395153015,4.390779363,0.1988358755,8
26,Non-Hodgkin lymphoma,442,Luxembourg,1,1,1989,2.762034161,3.796095445,0.4083900011,7
26,Non-Hodgkin lymphoma,442,Luxembourg,1,1,1990,3.933377235,5.350454789,0.3735438323,10
26,Non-Hodgkin lymphoma,442,Luxembourg,1,1,1991,4.96240303,6.838506049,0.5888686306,13
26,Non-Hodgkin lymphoma,442,Luxembourg,1,1,1992,4.230079732,5.711318795,0.5027740795,11
26,Non-Hodgkin lymphoma,442,Luxembourg,1,1,1993,4.356950034,6.649616368,0.4113806405,13
26,Non-Hodgkin lymphoma,442,Luxembourg,1,1,1994,3.545539023,5.042864347,0.2814689231,10
26,Non-Hodgkin lymphoma,442,Luxembourg,1,1,1995,7.61404217,10.93983093,1.026300246,22
26,Non-Hodgkin lymphoma,442,Luxembourg,1,1,1996,4.889904897,6.866110839,0.6156504924,14
26,Non-Hodgkin lymphoma,442,Luxembourg,1,1,1997,2.760350043,3.868471954,0.3723438289,8
26,Non-Hodgkin lymphoma,442,Luxembourg,1,1,1998,5.417990869,8.106007505,0.7531018118,17
26,Non-Hodgkin lymphoma,442,Luxembourg,1,1,1999,4.746176329,6.574097118,0.6155530501,14
26,Non-Hodgkin lymphoma,442,Luxembourg,1,1,2000,2.529826442,4.163197336,0.168912343,9
26,Non-Hodgkin lymphoma,442,Luxembourg,1,1,2001,3.083378596,5.053242804,0.4403926038,11
26,Non-Hodgkin lymphoma,442,Luxembourg,1,1,2002,4.949920716,6.820631045,0.5651405774,15
26,Non-Hodgkin lymphoma,442,Luxembourg,1,1,2003,3.971336113,5.833153852,0.493535759,13
26,Non-Hodgkin lymphoma,442,Luxembourg,1,1,2004,2.409651764,3.974597903,0.227472909,9
26,Non-Hodgkin lymphoma,442,Luxembourg,1,1,2005,2.974614211,4.779803159,0.413035632,11
26,Non-Hodgkin lymphoma,442,Luxembourg,1,1,2006,2.337852051,3.419490239,0.2543228715,8
26,Non-Hodgkin lymphoma,442,Luxembourg,1,1,2007,4.17002354,6.310316105,0.398676789,15
26,Non-Hodgkin lymphoma,442,Luxembourg,1,1,2008,3.354572378,5.77970251,0.3863660636,14
26,Non-Hodgkin lymphoma,442,Luxembourg,1,1,2009,2.800542591,5.665126292,0.1563079686,14
26,Non-Hodgkin lymphoma,442,Luxembourg,1,1,2010,4.272333591,6.348752867,0.4110354745,16
26,Non-Hodgkin lymphoma,442,Luxembourg,1,1,2011,5.09600196,8.519602832,0.5340575155,22
26,Non-Hodgkin lymphoma,442,Luxembourg,1,1,2012,4.913204486,9.052367949,0.4973302523,24
26,Non-Hodgkin lymphoma,442,Luxembourg,1,1,2013,2.6326915,5.519474546,0.2372834652,15
26,Non-Hodgkin lymphoma,442,Luxembourg,1,1,2014,1.853175394,4.308116491,0.1028036733,12
26,Non-Hodgkin lymphoma,442,Luxembourg,1,1,2015,2.341246801,4.201930787,0.2115916956,12
26,Non-Hodgkin lymphoma,442,Luxembourg,1,1,2016,2.474550263,4.438117282,0.1816236181,13
26,Non-Hodgkin lymphoma,442,Luxembourg,1,1,2017,3.729388979,6.341556218,0.3791882855,19
26,Non-Hodgkin lymphoma,442,Luxembourg,1,1,2018,1.799419684,4.25323082,0.07976796385,13
26,Non-Hodgkin lymphoma,442,Luxembourg,1,1,2019,4.511738094,8.658189124,0.3811432678,27
26,Non-Hodgkin lymphoma,442,Luxembourg,1,1,2020,2.269829137,4.728609348,0.1814692657,15
26,Non-Hodgkin lymphoma,442,Luxembourg,1,1,2021,1.520741017,3.10304595,0.1190144467,10
26,Non-Hodgkin lymphoma,442,Luxembourg,1,1,2022,1.231803765,2.737609276,0.0816854318,9
26,Non-Hodgkin lymphoma,442,Luxembourg,2,1,1980,0.9077031201,1.617250674,0.1011452245,3
26,Non-Hodgkin lymphoma,442,Luxembourg,2,1,1981,1.330966025,2.142474558,0.1365593647,4
26,Non-Hodgkin lymphoma,442,Luxembourg,2,1,1982,2.374238831,3.731343284,0.3341065974,7
26,Non-Hodgkin lymphoma,442,Luxembourg,2,1,1983,0.5681114551,1.066098081,0.05261773096,2
26,Non-Hodgkin lymphoma,442,Luxembourg,2,1,1984,1.665037673,3.191489362,0.2656481438,6
26,Non-Hodgkin lymphoma,442,Luxembourg,2,1,1985,2.042624971,3.189792663,0.1713229153,6
26,Non-Hodgkin lymphoma,442,Luxembourg,2,1,1986,1.044865404,2.119766826,0.2186041819,4
26,Non-Hodgkin lymphoma,442,Luxembourg,2,1,1987,1.734474519,3.678402522,0.1583484793,7
26,Non-Hodgkin lymphoma,442,Luxembourg,2,1,1988,1.390324125,2.085505735,0.1224906178,4
26,Non-Hodgkin lymphoma,442,Luxembourg,2,1,1989,1.721237182,4.138644594,0.2252708761,8
26,Non-Hodgkin lymphoma,442,Luxembourg,2,1,1990,1.923895287,5.635245902,0.1455469357,11
26,Non-Hodgkin lymphoma,442,Luxembourg,2,1,1991,3.537348888,8.620689655,0.3555232374,17
26,Non-Hodgkin lymphoma,442,Luxembourg,2,1,1992,2.904784486,7.503751876,0.3360771964,15
26,Non-Hodgkin lymphoma,442,Luxembourg,2,1,1993,3.289768728,5.925925926,0.3042359447,12
26,Non-Hodgkin lymphoma,442,Luxembourg,2,1,1994,2.349055971,5.842259007,0.242947117,12
26,Non-Hodgkin lymphoma,442,Luxembourg,2,1,1995,2.325428932,4.79616307,0.2301452349,10
26,Non-Hodgkin lymphoma,442,Luxembourg,2,1,1996,2.952863951,6.143667297,0.3254001557,13
26,Non-Hodgkin lymphoma,442,Luxembourg,2,1,1997,0.7672054414,0.9337068161,0.08553350089,2
26,Non-Hodgkin lymphoma,442,Luxembourg,2,1,1998,2.870748458,6.920606799,0.3225385868,15
26,Non-Hodgkin lymphoma,442,Luxembourg,2,1,1999,1.507545147,3.644547302,0.1897849842,8
26,Non-Hodgkin lymphoma,442,Luxembourg,2,1,2000,3.450351288,8.534339487,0.3314706061,19
26,Non-Hodgkin lymphoma,442,Luxembourg,2,1,2001,1.49895001,3.123354661,0.1278853061,7
26,Non-Hodgkin lymphoma,442,Luxembourg,2,1,2002,3.76357179,7.955344002,0.4482982867,18
26,Non-Hodgkin lymphoma,442,Luxembourg,2,1,2003,2.457248166,5.245305452,0.2500215811,12
26,Non-Hodgkin lymphoma,442,Luxembourg,2,1,2004,1.530913423,3.884836189,0.203823857,9
26,Non-Hodgkin lymphoma,442,Luxembourg,2,1,2005,1.796938635,4.680193845,0.1478630042,11
26,Non-Hodgkin lymphoma,442,Luxembourg,2,1,2006,2.027076168,5.446235185,0.2046147819,13
26,Non-Hodgkin lymphoma,442,Luxembourg,2,1,2007,2.760166807,6.19067272,0.3220766576,15
26,Non-Hodgkin lymphoma,442,Luxembourg,2,1,2008,1.963660606,5.681034273,0.1081042019,14
26,Non-Hodgkin lymphoma,442,Luxembourg,2,1,2009,1.343530904,3.191485118,0.1261024288,8
26,Non-Hodgkin lymphoma,442,Luxembourg,2,1,2010,2.741327996,5.491315876,0.3822846017,14
26,Non-Hodgkin lymphoma,442,Luxembourg,2,1,2011,0.8330125191,3.459768657,0,9
26,Non-Hodgkin lymphoma,442,Luxembourg,2,1,2012,3.070444067,7.899577561,0.2860389052,21
26,Non-Hodgkin lymphoma,442,Luxembourg,2,1,2013,1.539164234,4.050148199,0.1992355058,11
26,Non-Hodgkin lymphoma,442,Luxembourg,2,1,2014,1.963061181,4.3200432,0.2681345833,12
26,Non-Hodgkin lymphoma,442,Luxembourg,2,1,2015,1.835790665,6.337559547,0.1951862635,18
26,Non-Hodgkin lymphoma,442,Luxembourg,2,1,2016,1.956489351,5.162782533,0.2474365214,15
26,Non-Hodgkin lymphoma,442,Luxembourg,2,1,2017,1.993899761,4.381161008,0.3041123199,13
26,Non-Hodgkin lymphoma,442,Luxembourg,2,1,2018,0.8330870665,2.646382148,0.07791178247,8
26,Non-Hodgkin lymphoma,442,Luxembourg,2,1,2019,1.095645553,3.569562664,0.0906002203,11
26,Non-Hodgkin lymphoma,442,Luxembourg,2,1,2020,1.826532368,4.150503648,0.2650341832,13
26,Non-Hodgkin lymphoma,442,Luxembourg,2,1,2021,1.540900242,3.77582903,0.1459449178,12
26,Non-Hodgkin lymphoma,442,Luxembourg,2,1,2022,1.278959695,4.316338265,0.06004117401,14
26,Non-Hodgkin lymphoma,470,Malta,1,0,1993,7.859720074,8.872819227,0.8286158022,16
26,Non-Hodgkin lymphoma,470,Malta,1,0,1994,9.598584242,11.53491233,1.076502646,21
26,Non-Hodgkin lymphoma,470,Malta,1,0,1995,4.810873624,5.99174229,0.6948940389,11
26,Non-Hodgkin lymphoma,470,Malta,1,0,1996,13.94350509,17.3136751,1.530688065,32
26,Non-Hodgkin lymphoma,470,Malta,1,0,1997,14.16914259,16.66568106,1.574651909,31
26,Non-Hodgkin lymphoma,470,Malta,1,0,1998,5.128389849,6.94466703,0.4169129599,13
26,Non-Hodgkin lymphoma,470,Malta,1,0,1999,7.786896567,9.550236899,0.7414620274,18
26,Non-Hodgkin lymphoma,470,Malta,1,0,2000,8.429214864,12.15792617,0.8630957491,23
26,Non-Hodgkin lymphoma,470,Malta,1,0,2001,11.6323253,15.42020046,0.9221232265,30
26,Non-Hodgkin lymphoma,470,Malta,1,0,2002,6.384423944,8.158145653,0.6921137683,16
26,Non-Hodgkin lymphoma,470,Malta,1,0,2003,8.551624162,12.65861241,0.6658010248,25
26,Non-Hodgkin lymphoma,470,Malta,1,0,2004,6.046846159,8.548641772,0.8657133207,17
26,Non-Hodgkin lymphoma,470,Malta,1,0,2005,11.36544796,16.49142446,1.010630346,33
26,Non-Hodgkin lymphoma,470,Malta,1,0,2006,7.884981125,10.40907671,0.717789125,21
26,Non-Hodgkin lymphoma,470,Malta,1,0,2007,8.258374643,11.80051234,0.7278492588,24
26,Non-Hodgkin lymphoma,470,Malta,1,0,2008,10.6768676,13.16976807,0.8871136828,27
26,Non-Hodgkin lymphoma,470,Malta,1,0,2009,12.70307217,18.92340388,1.507563517,39
26,Non-Hodgkin lymphoma,470,Malta,1,0,2010,12.60041834,20.77786529,1.380744409,43
26,Non-Hodgkin lymphoma,470,Malta,1,0,2011,9.49524928,16.3914668,1.051808583,34
26,Non-Hodgkin lymphoma,470,Malta,1,0,2012,10.8917267,17.24047105,1.103906292,36
26,Non-Hodgkin lymphoma,470,Malta,1,0,2013,13.82299684,22.11952071,1.322530638,47
26,Non-Hodgkin lymphoma,470,Malta,1,0,2014,11.989471,22.52490381,1.267309766,49
26,Non-Hodgkin lymphoma,470,Malta,1,0,2015,11.40396261,17.45224127,1.017555432,39
26,Non-Hodgkin lymphoma,470,Malta,1,0,2016,14.44622594,23.57481511,1.579888137,54
26,Non-Hodgkin lymphoma,470,Malta,1,0,2017,13.54140702,22.86595048,1.471363635,54
26,Non-Hodgkin lymphoma,470,Malta,1,1,1979,0.6931808335,0.6059724646,0.086610076,1
26,Non-Hodgkin lymphoma,470,Malta,1,1,1980,1.960131742,1.803529507,0.1608197395,3
26,Non-Hodgkin lymphoma,470,Malta,1,1,1981,1.35384502,1.789613086,0.1446519053,3
26,Non-Hodgkin lymphoma,470,Malta,1,1,1982,0.3372681282,0.5919769366,0,1
26,Non-Hodgkin lymphoma,470,Malta,1,1,1983,0.6315124724,0.5874008394,0.06313131103,1
26,Non-Hodgkin lymphoma,470,Malta,1,1,1984,0.99159009,1.165861251,0.05575689847,2
26,Non-Hodgkin lymphoma,470,Malta,1,1,1985,1.87879279,2.31443979,0.2297466459,4
26,Non-Hodgkin lymphoma,470,Malta,1,1,1986,2.413311967,2.295585303,0.2000447204,4
26,Non-Hodgkin lymphoma,470,Malta,1,1,1987,6.377914075,6.824036531,0.4706028964,12
26,Non-Hodgkin lymphoma,470,Malta,1,1,1988,2.104191821,2.816385732,0.2268266601,5
26,Non-Hodgkin lymphoma,470,Malta,1,1,1989,1.833303549,2.231140587,0.2003934113,4
26,Non-Hodgkin lymphoma,470,Malta,1,1,1990,1.741745028,2.209133109,0.2934791039,4
26,Non-Hodgkin lymphoma,470,Malta,1,1,1991,1.172271006,1.640482739,0.0760097033,3
26,Non-Hodgkin lymphoma,470,Malta,1,1,1992,4.278239281,5.414507632,0.3649349428,10
26,Non-Hodgkin lymphoma,470,Malta,1,1,1993,2.194895158,2.14483537,0.2049922722,4
26,Non-Hodgkin lymphoma,470,Malta,1,1,1994,3.455042891,4.250537294,0.2731354098,8
26,Non-Hodgkin lymphoma,470,Malta,1,1,1995,4.654262533,5.267246942,0.4472692316,10
26,Non-Hodgkin lymphoma,470,Malta,1,1,1996,5.943981622,8.355527704,0.4989271927,16
26,Non-Hodgkin lymphoma,470,Malta,1,1,1997,4.298444576,5.696087823,0.5564545734,11
26,Non-Hodgkin lymphoma,470,Malta,1,1,1998,6.315305123,7.701628638,0.599105218,15
26,Non-Hodgkin lymphoma,470,Malta,1,1,1999,5.759474133,7.636249787,0.6733891784,15
26,Non-Hodgkin lymphoma,470,Malta,1,1,2000,5.823395198,8.585208191,0.6251818027,17
26,Non-Hodgkin lymphoma,470,Malta,1,1,2001,5.910204037,8.019467257,0.6709668598,16
26,Non-Hodgkin lymphoma,470,Malta,1,1,2002,4.236339455,6.467983482,0.3748442127,13
26,Non-Hodgkin lymphoma,470,Malta,1,1,2003,3.181729118,4.446398664,0.3134378948,9
26,Non-Hodgkin lymphoma,470,Malta,1,1,2004,3.822232169,5.888327862,0.3735258835,12
26,Non-Hodgkin lymphoma,470,Malta,1,1,2005,4.420032101,6.823543174,0.4203035872,14
26,Non-Hodgkin lymphoma,470,Malta,1,1,2006,3.510906335,6.301380487,0.274143205,13
26,Non-Hodgkin lymphoma,470,Malta,1,1,2007,2.580216742,4.343639825,0.269525986,9
26,Non-Hodgkin lymphoma,470,Malta,1,1,2008,5.385645877,8.648316221,0.5045060867,18
26,Non-Hodgkin lymphoma,470,Malta,1,1,2009,5.332918605,9.086431089,0.7233641837,19
26,Non-Hodgkin lymphoma,470,Malta,1,1,2010,3.590908085,6.1878979,0.4673464863,13
26,Non-Hodgkin lymphoma,470,Malta,1,1,2011,3.186112731,5.683405876,0.2679368372,12
26,Non-Hodgkin lymphoma,470,Malta,1,1,2012,3.17545403,5.649464831,0.3405475483,12
26,Non-Hodgkin lymphoma,470,Malta,1,1,2013,4.226187715,7.482737092,0.3835117536,16
26,Non-Hodgkin lymphoma,470,Malta,1,1,2014,4.111154682,7.815948212,0.2396641506,17
26,Non-Hodgkin lymphoma,470,Malta,1,1,2015,3.977636017,8.951149104,0.3277677177,20
26,Non-Hodgkin lymphoma,470,Malta,1,1,2016,3.424284232,6.98641143,0.3200109215,16
26,Non-Hodgkin lymphoma,470,Malta,1,1,2017,2.49489831,5.505908263,0.3346457632,13
26,Non-Hodgkin lymphoma,470,Malta,1,1,2018,3.346111622,6.90499739,0.4235008731,17
26,Non-Hodgkin lymphoma,470,Malta,1,1,2019,2.808387783,6.569197804,0.337794682,17
26,Non-Hodgkin lymphoma,470,Malta,1,1,2020,2.109119401,5.217057542,0.09141592644,14
26,Non-Hodgkin lymphoma,470,Malta,1,1,2021,1.855750509,4.774961571,0.1300458043,13
26,Non-Hodgkin lymphoma,470,Malta,2,0,1993,6.747447933,9.763029577,0.7478585652,18
26,Non-Hodgkin lymphoma,470,Malta,2,0,1994,6.82106295,9.143422652,0.8019544748,17
26,Non-Hodgkin lymphoma,470,Malta,2,0,1995,7.25385127,10.14756699,0.8731970344,19
26,Non-Hodgkin lymphoma,470,Malta,2,0,1996,4.306501521,5.843169335,0.4533050755,11
26,Non-Hodgkin lymphoma,470,Malta,2,0,1997,7.40677209,11.09572973,0.9821680649,21
26,Non-Hodgkin lymphoma,470,Malta,2,0,1998,8.911936241,13.13308013,1.085748434,25
26,Non-Hodgkin lymphoma,470,Malta,2,0,1999,6.088701175,8.874318766,0.5401707818,17
26,Non-Hodgkin lymphoma,470,Malta,2,0,2000,5.114909361,8.323535838,0.5721501065,16
26,Non-Hodgkin lymphoma,470,Malta,2,0,2001,5.40285945,8.563239524,0.6788567747,17
26,Non-Hodgkin lymphoma,470,Malta,2,0,2002,4.979772736,8.004282291,0.5025156998,16
26,Non-Hodgkin lymphoma,470,Malta,2,0,2003,4.178744494,5.468909251,0.5225259222,11
26,Non-Hodgkin lymphoma,470,Malta,2,0,2004,6.974326401,11.85483751,0.7393479077,24
26,Non-Hodgkin lymphoma,470,Malta,2,0,2005,6.154090297,11.30748998,0.7887498331,23
26,Non-Hodgkin lymphoma,470,Malta,2,0,2006,8.344391339,14.16665852,0.9459325045,29
26,Non-Hodgkin lymphoma,470,Malta,2,0,2007,8.446307214,14.09744739,0.9695198958,29
26,Non-Hodgkin lymphoma,470,Malta,2,0,2008,9.614598761,13.52748495,1.032031528,28
26,Non-Hodgkin lymphoma,470,Malta,2,0,2009,10.54215199,18.75928946,1.218458928,39
26,Non-Hodgkin lymphoma,470,Malta,2,0,2010,12.10932466,22.00493676,1.316155837,46
26,Non-Hodgkin lymphoma,470,Malta,2,0,2011,13.0747143,23.83153961,1.358805779,50
26,Non-Hodgkin lymphoma,470,Malta,2,0,2012,7.554888422,16.61161104,0.7492991859,35
26,Non-Hodgkin lymphoma,470,Malta,2,0,2013,12.29497189,19.66872252,1.260049503,42
26,Non-Hodgkin lymphoma,470,Malta,2,0,2014,9.217977078,20.73073539,1.144354055,45
26,Non-Hodgkin lymphoma,470,Malta,2,0,2015,7.944328731,13.98677122,0.8297850623,31
26,Non-Hodgkin lymphoma,470,Malta,2,0,2016,8.64181874,19.88054004,1.09772195,45
26,Non-Hodgkin lymphoma,470,Malta,2,0,2017,9.217707455,17.68026322,0.9305230661,41
26,Non-Hodgkin lymphoma,470,Malta,2,1,1979,1.13642807,1.13670594,0.09465751069,2
26,Non-Hodgkin lymphoma,470,Malta,2,1,1980,0.2441108263,0.5664550957,0,1
26,Non-Hodgkin lymphoma,470,Malta,2,1,1981,0,0,0,0
26,Non-Hodgkin lymphoma,470,Malta,2,1,1982,0.7318282654,1.125372076,0.08290498613,2
26,Non-Hodgkin lymphoma,470,Malta,2,1,1983,1.665629349,2.242787336,0.222610743,4
26,Non-Hodgkin lymphoma,470,Malta,2,1,1984,2.695413607,3.351880405,0.312677077,6
26,Non-Hodgkin lymphoma,470,Malta,2,1,1985,0.4895161948,0.5563653763,0.08155276012,1
26,Non-Hodgkin lymphoma,470,Malta,2,1,1986,0,0,0,0
26,Non-Hodgkin lymphoma,470,Malta,2,1,1987,0.6746192694,1.097505097,0.07411249939,2
26,Non-Hodgkin lymphoma,470,Malta,2,1,1988,0.9281324524,1.088782007,0.1035238849,2
26,Non-Hodgkin lymphoma,470,Malta,2,1,1989,1.399806606,1.619511879,0.1165825402,3
26,Non-Hodgkin lymphoma,470,Malta,2,1,1990,1.850856792,2.140852006,0.2108734394,4
26,Non-Hodgkin lymphoma,470,Malta,2,1,1991,2.023143575,2.653103999,0.1828019938,5
26,Non-Hodgkin lymphoma,470,Malta,2,1,1992,2.11663258,3.156142247,0.298984696,6
26,Non-Hodgkin lymphoma,470,Malta,2,1,1993,2.139415802,4.172697519,0.2239248085,8
26,Non-Hodgkin lymphoma,470,Malta,2,1,1994,4.15559702,6.209814094,0.4709511482,12
26,Non-Hodgkin lymphoma,470,Malta,2,1,1995,3.033455598,4.108948777,0.357697955,8
26,Non-Hodgkin lymphoma,470,Malta,2,1,1996,2.700708799,5.098555069,0.3936115331,10
26,Non-Hodgkin lymphoma,470,Malta,2,1,1997,3.009210931,5.061650908,0.3236450224,10
26,Non-Hodgkin lymphoma,470,Malta,2,1,1998,2.044973532,4.019888398,0.1422211839,8
26,Non-Hodgkin lymphoma,470,Malta,2,1,1999,3.388520963,6.984041465,0.4349389243,14
26,Non-Hodgkin lymphoma,470,Malta,2,1,2000,1.742161831,3.962750149,0.08254380696,8
26,Non-Hodgkin lymphoma,470,Malta,2,1,2001,2.139364749,3.443695577,0.2674123639,7
26,Non-Hodgkin lymphoma,470,Malta,2,1,2002,1.925969894,3.910555812,0.2970988057,8
26,Non-Hodgkin lymphoma,470,Malta,2,1,2003,1.049896868,1.457616166,0.1247597442,3
26,Non-Hodgkin lymphoma,470,Malta,2,1,2004,3.644064472,7.246219285,0.4244420111,15
26,Non-Hodgkin lymphoma,470,Malta,2,1,2005,2.93964742,6.725999592,0.2974241138,14
26,Non-Hodgkin lymphoma,470,Malta,2,1,2006,2.03275289,4.303121436,0.2722277728,9
26,Non-Hodgkin lymphoma,470,Malta,2,1,2007,2.118650688,4.285775511,0.2751361729,9
26,Non-Hodgkin lymphoma,470,Malta,2,1,2008,1.813884001,4.268720712,0.1777626335,9
26,Non-Hodgkin lymphoma,470,Malta,2,1,2009,3.518075352,6.141011803,0.4219831965,13
26,Non-Hodgkin lymphoma,470,Malta,2,1,2010,2.742295135,6.115833894,0.3110532882,13
26,Non-Hodgkin lymphoma,470,Malta,2,1,2011,1.732960312,5.152526495,0.185267965,11
26,Non-Hodgkin lymphoma,470,Malta,2,1,2012,2.354348521,5.135363514,0.2635823134,11
26,Non-Hodgkin lymphoma,470,Malta,2,1,2013,1.975668761,4.659246041,0.1346205742,10
26,Non-Hodgkin lymphoma,470,Malta,2,1,2014,1.964443712,5.530450893,0.2637267668,12
26,Non-Hodgkin lymphoma,470,Malta,2,1,2015,2.364404088,5.867869128,0.2848314645,13
26,Non-Hodgkin lymphoma,470,Malta,2,1,2016,2.854806607,6.187763256,0.3331812121,14
26,Non-Hodgkin lymphoma,470,Malta,2,1,2017,2.253482563,5.177044124,0.2972056168,12
26,Non-Hodgkin lymphoma,470,Malta,2,1,2018,3.065429756,6.712563822,0.2197831308,16
26,Non-Hodgkin lymphoma,470,Malta,2,1,2019,1.795916581,5.708879755,0.2021763719,14
26,Non-Hodgkin lymphoma,470,Malta,2,1,2020,1.633084239,4.802766393,0.1036937814,12
26,Non-Hodgkin lymphoma,470,Malta,2,1,2021,2.540761227,6.742740646,0.2949233253,17
26,Non-Hodgkin lymphoma,474,"France, Martinique",1,0,1993,4.728472626,5.146474379,0.2934488457,9
26,Non-Hodgkin lymphoma,474,"France, Martinique",1,0,1994,3.521647351,4.555056397,0.3265770336,8
26,Non-Hodgkin lymphoma,474,"France, Martinique",1,0,1995,5.854293248,6.798250584,0.5870975745,12
26,Non-Hodgkin lymphoma,474,"France, Martinique",1,0,1996,5.320641837,6.195891561,0.609124304,11
26,Non-Hodgkin lymphoma,474,"France, Martinique",1,0,1997,4.282228504,5.036458362,0.4268484184,9
26,Non-Hodgkin lymphoma,474,"France, Martinique",1,0,1998,5.822134649,7.222141976,0.5557855372,13
26,Non-Hodgkin lymphoma,474,"France, Martinique",1,0,1999,4.414316086,5.522421029,0.4971827155,10
26,Non-Hodgkin lymphoma,474,"France, Martinique",1,0,2000,5.098640605,6.597031336,0.8255883932,12
26,Non-Hodgkin lymphoma,474,"France, Martinique",1,0,2001,5.172078842,6.566778667,0.5142341873,12
26,Non-Hodgkin lymphoma,474,"France, Martinique",1,0,2002,5.043003912,7.08690177,0.5604380711,13
26,Non-Hodgkin lymphoma,474,"France, Martinique",1,0,2003,5.323700626,7.064679861,0.4746275796,13
26,Non-Hodgkin lymphoma,474,"France, Martinique",1,0,2004,6.978592058,9.752503142,0.7983184468,18
26,Non-Hodgkin lymphoma,474,"France, Martinique",1,0,2005,8.256493911,11.87789524,1.026474895,22
26,Non-Hodgkin lymphoma,474,"France, Martinique",1,0,2006,4.260305109,6.452410782,0.5980916087,12
26,Non-Hodgkin lymphoma,474,"France, Martinique",1,0,2007,5.567218423,8.618832148,0.8093759707,16
26,Non-Hodgkin lymphoma,474,"France, Martinique",1,0,2008,5.738373292,7.595733368,0.6197940748,14
26,Non-Hodgkin lymphoma,474,"France, Martinique",1,0,2009,6.998802546,9.26142833,0.899459639,17
26,Non-Hodgkin lymphoma,474,"France, Martinique",1,0,2010,4.463135019,6.591016445,0.3680865712,12
26,Non-Hodgkin lymphoma,474,"France, Martinique",1,0,2011,6.419482525,8.857003676,0.6562716989,16
26,Non-Hodgkin lymphoma,474,"France, Martinique",1,0,2012,6.828130132,11.17100008,0.7305128215,20
26,Non-Hodgkin lymphoma,474,"France, Martinique",1,0,2013,3.343311291,6.75192852,0.441801377,12
26,Non-Hodgkin lymphoma,474,"France, Martinique",1,0,2014,5.900620633,9.615874111,0.5756513785,17
26,Non-Hodgkin lymphoma,474,"France, Martinique",1,0,2015,4.311335775,7.437794293,0.3446649483,13
26,Non-Hodgkin lymphoma,474,"France, Martinique",1,0,2016,3.272337025,5.221689739,0.4242988483,9
26,Non-Hodgkin lymphoma,474,"France, Martinique",1,0,2017,3.069984787,6.468153166,0.3074242999,11
26,Non-Hodgkin lymphoma,474,"France, Martinique",2,0,1993,2.34979258,2.637617704,0.3098699632,5
26,Non-Hodgkin lymphoma,474,"France, Martinique",2,0,1994,6.099426857,7.846706737,0.8285796832,15
26,Non-Hodgkin lymphoma,474,"France, Martinique",2,0,1995,4.189216902,4.665533115,0.4521214295,9
26,Non-Hodgkin lymphoma,474,"France, Martinique",2,0,1996,5.936654645,8.21363669,0.6878567078,16
26,Non-Hodgkin lymphoma,474,"France, Martinique",2,0,1997,4.999446155,7.112303269,0.618112549,14
26,Non-Hodgkin lymphoma,474,"France, Martinique",2,0,1998,4.516104282,6.531547374,0.4139011521,13
26,Non-Hodgkin lymphoma,474,"France, Martinique",2,0,1999,4.678446302,7.457863074,0.4523563035,15
26,Non-Hodgkin lymphoma,474,"France, Martinique",2,0,2000,5.789236213,8.86049156,0.6054904148,18
26,Non-Hodgkin lymphoma,474,"France, Martinique",2,0,2001,6.736361008,8.772913143,0.67057434,18
26,Non-Hodgkin lymphoma,474,"France, Martinique",2,0,2002,3.082477087,3.863912985,0.3219140363,8
26,Non-Hodgkin lymphoma,474,"France, Martinique",2,0,2003,2.430226293,3.832518923,0.1893841752,8
26,Non-Hodgkin lymphoma,474,"France, Martinique",2,0,2004,3.483880409,6.180469716,0.3701977601,13
26,Non-Hodgkin lymphoma,474,"France, Martinique",2,0,2005,3.419086633,4.725205665,0.4096444323,10
26,Non-Hodgkin lymphoma,474,"France, Martinique",2,0,2006,1.628141917,2.81846281,0.2014681622,6
26,Non-Hodgkin lymphoma,474,"France, Martinique",2,0,2007,1.169995354,2.335324587,0.0930513588,5
26,Non-Hodgkin lymphoma,474,"France, Martinique",2,0,2008,5.157289646,8.436405904,0.5324273412,18
26,Non-Hodgkin lymphoma,474,"France, Martinique",2,0,2009,4.372233512,8.457454306,0.4314264591,18
26,Non-Hodgkin lymphoma,474,"France, Martinique",2,0,2010,3.444196035,6.600877917,0.3643050048,14
26,Non-Hodgkin lymphoma,474,"France, Martinique",2,0,2011,3.805030391,6.142970552,0.4528678736,13
26,Non-Hodgkin lymphoma,474,"France, Martinique",2,0,2012,4.596621257,6.688611683,0.4504897066,14
26,Non-Hodgkin lymphoma,474,"France, Martinique",2,0,2013,3.220928372,4.830917874,0.2945790247,10
26,Non-Hodgkin lymphoma,474,"France, Martinique",2,0,2014,3.287389451,5.350064444,0.3813274239,11
26,Non-Hodgkin lymphoma,474,"France, Martinique",2,0,2015,4.940614594,7.847137757,0.5950563976,16
26,Non-Hodgkin lymphoma,474,"France, Martinique",2,0,2016,1.254398921,2.967681944,0.1134708891,6
26,Non-Hodgkin lymphoma,474,"France, Martinique",2,0,2017,3.121236214,5.992269972,0.2823587253,12
26,Non-Hodgkin lymphoma,48,Bahrain,1,0,1998,5.672628479,3.653883295,0.6034424022,7
26,Non-Hodgkin lymphoma,48,Bahrain,1,0,1999,8.067213471,5.09709975,0.8849064146,10
26,Non-Hodgkin lymphoma,48,Bahrain,1,0,2000,5.619320126,3.982021174,0.6818095927,8
26,Non-Hodgkin lymphoma,48,Bahrain,1,0,2001,8.525243728,5.831413826,0.9335691597,12
26,Non-Hodgkin lymphoma,48,Bahrain,1,0,2002,8.424081275,5.217894532,0.8637289714,11
26,Non-Hodgkin lymphoma,48,Bahrain,1,0,2003,7.071368176,5.55949353,0.8065443265,12
26,Non-Hodgkin lymphoma,48,Bahrain,1,0,2004,8.498947861,5.881847262,0.8631894126,13
26,Non-Hodgkin lymphoma,48,Bahrain,1,0,2005,6.146883854,5.305321237,0.2866140327,12
26,Non-Hodgkin lymphoma,48,Bahrain,1,0,2006,6.460778423,5.18376445,0.6157436726,12
26,Non-Hodgkin lymphoma,48,Bahrain,1,0,2007,4.629495612,4.128819158,0.3460048043,11
26,Non-Hodgkin lymphoma,48,Bahrain,1,0,2008,6.734033307,5.153140287,0.7176213601,14
26,Non-Hodgkin lymphoma,48,Bahrain,1,0,2009,6.501757244,5.31894146,0.8196859881,15
26,Non-Hodgkin lymphoma,48,Bahrain,1,0,2010,8.754703163,6.962842789,1.042267783,20
26,Non-Hodgkin lymphoma,48,Bahrain,1,0,2011,9.708326728,7.097519924,1.378417236,21
26,Non-Hodgkin lymphoma,48,Bahrain,1,0,2012,8.405563048,6.877263766,0.8028707962,21
26,Non-Hodgkin lymphoma,48,Bahrain,1,0,2013,5.852849301,5.112719487,0.699074553,16
26,Non-Hodgkin lymphoma,48,Bahrain,1,0,2014,8.846599795,7.480387359,0.9467245559,24
26,Non-Hodgkin lymphoma,48,Bahrain,1,0,2015,7.391762155,6.081116006,0.7944934771,20
26,Non-Hodgkin lymphoma,48,Bahrain,1,0,2016,7.260391186,6.234525018,0.8211789945,21
26,Non-Hodgkin lymphoma,48,Bahrain,1,0,2017,6.503887241,5.242616648,0.7093469142,18
26,Non-Hodgkin lymphoma,48,Bahrain,2,0,1998,4.41727091,3.193901777,0.4836269154,6
26,Non-Hodgkin lymphoma,48,Bahrain,2,0,1999,7.459698461,4.155326089,0.8422797035,8
26,Non-Hodgkin lymphoma,48,Bahrain,2,0,2000,5.130967745,4.054369089,0.6102129257,8
26,Non-Hodgkin lymphoma,48,Bahrain,2,0,2001,4.29222422,2.967579197,0.5387162866,6
26,Non-Hodgkin lymphoma,48,Bahrain,2,0,2002,8.649563301,4.828002414,1.158515288,10
26,Non-Hodgkin lymphoma,48,Bahrain,2,0,2003,4.573302772,3.356686279,0.6002113323,7
26,Non-Hodgkin lymphoma,48,Bahrain,2,0,2004,6.427241241,5.064736542,0.7340033036,11
26,Non-Hodgkin lymphoma,48,Bahrain,2,0,2005,8.641773502,5.847874298,0.9851281839,13
26,Non-Hodgkin lymphoma,48,Bahrain,2,0,2006,4.880179829,2.637130802,0.8716051025,6
26,Non-Hodgkin lymphoma,48,Bahrain,2,0,2007,3.515776928,3.448090907,0.3938649868,9
26,Non-Hodgkin lymphoma,48,Bahrain,2,0,2008,3.883006332,3.00707791,0.4462942199,8
26,Non-Hodgkin lymphoma,48,Bahrain,2,0,2009,3.399734921,2.536231884,0.3644866708,7
26,Non-Hodgkin lymphoma,48,Bahrain,2,0,2010,7.069133936,5.690709916,0.8249278561,16
26,Non-Hodgkin lymphoma,48,Bahrain,2,0,2011,7.733276691,6.232471175,0.9767925426,18
26,Non-Hodgkin lymphoma,48,Bahrain,2,0,2012,5.573378318,4.077818367,0.7344598855,12
26,Non-Hodgkin lymphoma,48,Bahrain,2,0,2013,7.551198831,5.962535403,0.7093037905,18
26,Non-Hodgkin lymphoma,48,Bahrain,2,0,2014,6.86536785,6.453590616,0.4810485054,20
26,Non-Hodgkin lymphoma,48,Bahrain,2,0,2015,5.018498167,4.702960984,0.3280458501,15
26,Non-Hodgkin lymphoma,48,Bahrain,2,0,2016,2.916197227,2.744965276,0.1895447956,9
26,Non-Hodgkin lymphoma,48,Bahrain,2,0,2017,8.465186198,7.481311683,1.010579702,25
26,Non-Hodgkin lymphoma,480,Mauritius,1,1,1970,0,0,0,0
26,Non-Hodgkin lymphoma,480,Mauritius,1,1,1971,0.5443658138,0.2327792799,0.135998891,1
26,Non-Hodgkin lymphoma,480,Mauritius,1,1,1972,0.2649123582,0.2295146683,0.02207359327,1
26,Non-Hodgkin lymphoma,480,Mauritius,1,1,1973,0,0,0,0
26,Non-Hodgkin lymphoma,480,Mauritius,1,1,1974,0.4829751268,0.2236496037,0.1206709157,1
26,Non-Hodgkin lymphoma,480,Mauritius,1,1,1975,0,0,0,0
26,Non-Hodgkin lymphoma,480,Mauritius,1,1,1976,0.3648802737,0.2180223844,0.04559963441,1
26,Non-Hodgkin lymphoma,480,Mauritius,1,1,1977,0,0,0,0
26,Non-Hodgkin lymphoma,480,Mauritius,1,1,1978,0,0,0,0
26,Non-Hodgkin lymphoma,480,Mauritius,1,1,1979,0,0,0,0
26,Non-Hodgkin lymphoma,480,Mauritius,1,1,1980,0.4065453806,0.2059462871,0.1015847129,1
26,Non-Hodgkin lymphoma,480,Mauritius,1,1,1981,0.3933523454,0.2027903958,0.09828975029,1
26,Non-Hodgkin lymphoma,480,Mauritius,1,1,1982,0.5747846399,0.5994628813,0.04185098447,3
26,Non-Hodgkin lymphoma,480,Mauritius,1,1,1983,0,0,0,0
26,Non-Hodgkin lymphoma,480,Mauritius,1,1,1984,0.3398181973,0.1942726481,0.08491847316,1
26,Non-Hodgkin lymphoma,480,Mauritius,1,1,1985,1.32581214,0.9578626636,0.2634402854,5
26,Non-Hodgkin lymphoma,480,Mauritius,1,1,1986,0,0,0,0
26,Non-Hodgkin lymphoma,480,Mauritius,1,1,1987,0.6248304438,0.5598362292,0.0379793133,3
26,Non-Hodgkin lymphoma,480,Mauritius,1,1,1988,0.7275460434,0.5528710594,0.008541168427,3
26,Non-Hodgkin lymphoma,480,Mauritius,1,1,1989,0.6924159915,0.5465795055,0.1034793704,3
26,Non-Hodgkin lymphoma,480,Mauritius,1,1,1990,0.2643125231,0.1801865111,0.02642775956,1
26,Non-Hodgkin lymphoma,480,Mauritius,1,1,1991,0.4525298466,0.3561253561,0.04935731629,2
26,Non-Hodgkin lymphoma,480,Mauritius,1,1,1992,0.5785339952,0.5276617899,0.05316702285,3
26,Non-Hodgkin lymphoma,480,Mauritius,1,1,1993,0.4781998474,0.3474970224,0.02558460816,2
26,Non-Hodgkin lymphoma,480,Mauritius,1,1,1994,0.6837420653,0.5152536551,0.0580686355,3
26,Non-Hodgkin lymphoma,480,Mauritius,1,1,1995,1.619445764,1.359465662,0.183968904,8
26,Non-Hodgkin lymphoma,480,Mauritius,1,1,1996,0.2139609521,0.1682609391,0.05347593455,1
26,Non-Hodgkin lymphoma,480,Mauritius,1,1,1997,0.6734554179,0.5001375378,0.0544754367,3
26,Non-Hodgkin lymphoma,480,Mauritius,1,1,1998,0.9398429329,0.8266990733,0.07947196157,5
26,Non-Hodgkin lymphoma,480,Mauritius,1,1,1999,1.067465739,0.9838976943,0.1684194168,6
26,Non-Hodgkin lymphoma,480,Mauritius,1,1,2000,1.094784659,0.9758826859,0.1211167659,6
26,Non-Hodgkin lymphoma,480,Mauritius,1,1,2001,1.275992654,1.130756662,0.126548398,7
26,Non-Hodgkin lymphoma,480,Mauritius,1,1,2002,1.94989562,1.605548777,0.2489384994,10
26,Non-Hodgkin lymphoma,480,Mauritius,1,1,2003,1.338422242,1.11733627,0.1462120344,7
26,Non-Hodgkin lymphoma,480,Mauritius,1,1,2004,1.556741396,1.587369617,0.1658639283,10
26,Non-Hodgkin lymphoma,480,Mauritius,1,1,2005,1.466233197,1.42111733,0.1903450224,9
26,Non-Hodgkin lymphoma,480,Mauritius,1,1,2006,1.742990689,1.886183002,0.1562694208,12
26,Non-Hodgkin lymphoma,480,Mauritius,1,1,2007,1.597570465,1.565713382,0.1937678653,10
26,Non-Hodgkin lymphoma,480,Mauritius,1,1,2008,1.407863454,1.40446041,0.07037761367,9
26,Non-Hodgkin lymphoma,480,Mauritius,1,1,2009,2.347430848,2.490291753,0.2491846056,16
26,Non-Hodgkin lymphoma,480,Mauritius,1,1,2010,1.206511576,1.242568856,0.1423999041,8
26,Non-Hodgkin lymphoma,480,Mauritius,1,1,2011,1.742183375,1.860261785,0.2270644207,12
26,Non-Hodgkin lymphoma,480,Mauritius,1,1,2012,1.529857554,1.54714459,0.170266124,10
26,Non-Hodgkin lymphoma,480,Mauritius,1,1,2013,1.685941909,2.007959242,0.1870934908,13
26,Non-Hodgkin lymphoma,480,Mauritius,1,1,2014,1.254316414,1.3887078,0.1209194485,9
26,Non-Hodgkin lymphoma,480,Mauritius,1,1,2015,2.441137556,2.622076963,0.2553543432,17
26,Non-Hodgkin lymphoma,480,Mauritius,1,1,2016,1.910771678,2.314093446,0.2532873846,15
26,Non-Hodgkin lymphoma,480,Mauritius,1,1,2017,1.992703365,2.624655707,0.2330855389,17
26,Non-Hodgkin lymphoma,480,Mauritius,1,1,2018,1.938841105,2.62822044,0.2131048484,17
26,Non-Hodgkin lymphoma,480,Mauritius,1,1,2019,1.4983863,2.01397856,0.156192611,13
26,Non-Hodgkin lymphoma,480,Mauritius,1,1,2020,2.252985009,2.795997064,0.2221350163,18
26,Non-Hodgkin lymphoma,480,Mauritius,1,1,2021,2.796673115,3.740607568,0.1816903774,24
26,Non-Hodgkin lymphoma,480,Mauritius,1,1,2022,1.063980692,1.564947676,0.1038132253,10
26,Non-Hodgkin lymphoma,480,Mauritius,1,1,2023,1.739554112,2.356343552,0.1515564922,15
26,Non-Hodgkin lymphoma,480,Mauritius,2,1,1970,0,0,0,0
26,Non-Hodgkin lymphoma,480,Mauritius,2,1,1971,0.4260758415,0.2430045077,0.07098743224,1
26,Non-Hodgkin lymphoma,480,Mauritius,2,1,1972,0,0,0,0
26,Non-Hodgkin lymphoma,480,Mauritius,2,1,1973,0,0,0,0
26,Non-Hodgkin lymphoma,480,Mauritius,2,1,1974,0,0,0,0
26,Non-Hodgkin lymphoma,480,Mauritius,2,1,1975,0,0,0,0
26,Non-Hodgkin lymphoma,480,Mauritius,2,1,1976,0,0,0,0
26,Non-Hodgkin lymphoma,480,Mauritius,2,1,1977,0,0,0,0
26,Non-Hodgkin lymphoma,480,Mauritius,2,1,1978,0.2769827347,0.2202061129,0.0230792309,1
26,Non-Hodgkin lymphoma,480,Mauritius,2,1,1979,0,0,0,0
26,Non-Hodgkin lymphoma,480,Mauritius,2,1,1980,0.283712089,0.2133777159,0.02836718465,1
26,Non-Hodgkin lymphoma,480,Mauritius,2,1,1981,0,0,0,0
26,Non-Hodgkin lymphoma,480,Mauritius,2,1,1982,0.6278890542,0.4139402663,0.07089714906,2
26,Non-Hodgkin lymphoma,480,Mauritius,2,1,1983,0.4682036284,0.4082982537,0.04744676237,2
26,Non-Hodgkin lymphoma,480,Mauritius,2,1,1984,0,0,0,0
26,Non-Hodgkin lymphoma,480,Mauritius,2,1,1985,0.2608298737,0.1987802842,0.02173346075,1
26,Non-Hodgkin lymphoma,480,Mauritius,2,1,1986,0.4503430195,0.3926846771,0.008951910332,2
26,Non-Hodgkin lymphoma,480,Mauritius,2,1,1987,0.179373806,0.1940841219,0.008968288127,1
26,Non-Hodgkin lymphoma,480,Mauritius,2,1,1988,0.2646202699,0.1919490797,0.02645852611,1
26,Non-Hodgkin lymphoma,480,Mauritius,2,1,1989,0.4140158957,0.3794245647,0.01008908663,2
26,Non-Hodgkin lymphoma,480,Mauritius,2,1,1990,0.2384027019,0.1872508394,0.009932952562,1
26,Non-Hodgkin lymphoma,480,Mauritius,2,1,1991,0,0,0,0
26,Non-Hodgkin lymphoma,480,Mauritius,2,1,1992,0.3112806923,0.3642164611,0.0183250728,2
26,Non-Hodgkin lymphoma,480,Mauritius,2,1,1993,0.7248105313,0.7183275897,0.0750481497,4
26,Non-Hodgkin lymphoma,480,Mauritius,2,1,1994,0.3188951605,0.3544148124,0.009308646795,2
26,Non-Hodgkin lymphoma,480,Mauritius,2,1,1995,0.8422682291,0.7000913619,0.1098584947,4
26,Non-Hodgkin lymphoma,480,Mauritius,2,1,1996,0.1700029751,0.1729900289,0.04249171348,1
26,Non-Hodgkin lymphoma,480,Mauritius,2,1,1997,0,0,0,0
26,Non-Hodgkin lymphoma,480,Mauritius,2,1,1998,0.7372266351,0.6776324539,0.06312693432,4
26,Non-Hodgkin lymphoma,480,Mauritius,2,1,1999,0.1691224658,0.167764968,0.01056959549,1
26,Non-Hodgkin lymphoma,480,Mauritius,2,1,2000,0.5618485015,0.4985040724,0.08009381679,3
26,Non-Hodgkin lymphoma,480,Mauritius,2,1,2001,1.241612667,1.153694335,0.1480270534,7
26,Non-Hodgkin lymphoma,480,Mauritius,2,1,2002,1.018372682,1.145202705,0.108712142,7
26,Non-Hodgkin lymphoma,480,Mauritius,2,1,2003,0.4750821719,0.4873227059,0.03739983437,3
26,Non-Hodgkin lymphoma,480,Mauritius,2,1,2004,0.5871201568,0.645341882,0.08520417098,4
26,Non-Hodgkin lymphoma,480,Mauritius,2,1,2005,0.787978939,0.8013969952,0.07709666569,5
26,Non-Hodgkin lymphoma,480,Mauritius,2,1,2006,0.6711501119,0.7967175238,0.06855574239,5
26,Non-Hodgkin lymphoma,480,Mauritius,2,1,2007,1.299514263,1.426687296,0.1291955255,9
26,Non-Hodgkin lymphoma,480,Mauritius,2,1,2008,0.7806529598,0.946641749,0.06616590281,6
26,Non-Hodgkin lymphoma,480,Mauritius,2,1,2009,1.471962659,1.571148683,0.2261415919,10
26,Non-Hodgkin lymphoma,480,Mauritius,2,1,2010,0.6526448733,0.7826171343,0.06884478298,5
26,Non-Hodgkin lymphoma,480,Mauritius,2,1,2011,0.850994959,1.247667447,0.07422898232,8
26,Non-Hodgkin lymphoma,480,Mauritius,2,1,2012,0.6079468157,0.7778251387,0.07136800204,5
26,Non-Hodgkin lymphoma,480,Mauritius,2,1,2013,1.012125375,1.243085338,0.1191682199,8
26,Non-Hodgkin lymphoma,480,Mauritius,2,1,2014,0.3607948589,0.4658963846,0.04502904078,3
26,Non-Hodgkin lymphoma,480,Mauritius,2,1,2015,1.672670292,1.863543575,0.2154869555,12
26,Non-Hodgkin lymphoma,480,Mauritius,2,1,2016,1.462340551,2.175259069,0.1330439883,14
26,Non-Hodgkin lymphoma,480,Mauritius,2,1,2017,1.120516075,1.555328478,0.1214382259,10
26,Non-Hodgkin lymphoma,480,Mauritius,2,1,2018,0.7611398492,0.9345677935,0.09096046813,6
26,Non-Hodgkin lymphoma,480,Mauritius,2,1,2019,0.8904389063,1.404534931,0.03712826099,9
26,Non-Hodgkin lymphoma,480,Mauritius,2,1,2020,0.7751545187,1.094698454,0.06206364146,7
26,Non-Hodgkin lymphoma,480,Mauritius,2,1,2021,1.037733525,1.410621826,0.09936703023,9
26,Non-Hodgkin lymphoma,480,Mauritius,2,1,2022,1.169128124,1.8834446,0.122595072,12
26,Non-Hodgkin lymphoma,480,Mauritius,2,1,2023,0.8235550367,1.569837765,0.09609828368,10
26,Non-Hodgkin lymphoma,484,Mexico,1,1,1998,2.377525297,1.795601617,0.2599074019,839
26,Non-Hodgkin lymphoma,484,Mexico,1,1,1999,2.18634749,1.660648642,0.240335636,788
26,Non-Hodgkin lymphoma,484,Mexico,1,1,2000,2.463683489,1.887464664,0.2721390966,909
26,Non-Hodgkin lymphoma,484,Mexico,1,1,2001,2.280997003,1.815229155,0.2429526209,887
26,Non-Hodgkin lymphoma,484,Mexico,1,1,2002,2.480377799,1.980917871,0.2668419325,982
26,Non-Hodgkin lymphoma,484,Mexico,1,1,2003,2.274037776,1.839979893,0.2524710073,925
26,Non-Hodgkin lymphoma,484,Mexico,1,1,2004,2.534333061,2.115169757,0.2781863556,1078
26,Non-Hodgkin lymphoma,484,Mexico,1,1,2005,2.586953691,2.171904268,0.2907483555,1122
26,Non-Hodgkin lymphoma,484,Mexico,1,1,2006,2.444175417,2.083329972,0.2641044039,1091
26,Non-Hodgkin lymphoma,484,Mexico,1,1,2007,2.521357166,2.170606877,0.281478702,1153
26,Non-Hodgkin lymphoma,484,Mexico,1,1,2008,2.598597323,2.24444068,0.2833467125,1210
26,Non-Hodgkin lymphoma,484,Mexico,1,1,2009,2.498642785,2.218780696,0.2672624635,1214
26,Non-Hodgkin lymphoma,484,Mexico,1,1,2010,2.350719257,2.076983679,0.2662274678,1153
26,Non-Hodgkin lymphoma,484,Mexico,1,1,2011,2.506097658,2.257345384,0.2709175596,1271
26,Non-Hodgkin lymphoma,484,Mexico,1,1,2012,2.523193702,2.286812997,0.2734423183,1305
26,Non-Hodgkin lymphoma,484,Mexico,1,1,2013,2.358164262,2.157579166,0.2563879365,1247
26,Non-Hodgkin lymphoma,484,Mexico,1,1,2014,2.614040356,2.435173072,0.287467903,1424
26,Non-Hodgkin lymphoma,484,Mexico,1,1,2015,2.546229625,2.378694556,0.2878477677,1405
26,Non-Hodgkin lymphoma,484,Mexico,1,1,2016,2.545758905,2.454980598,0.2778947987,1463
26,Non-Hodgkin lymphoma,484,Mexico,1,1,2017,2.557810792,2.488881347,0.2838471008,1496
26,Non-Hodgkin lymphoma,484,Mexico,1,1,2018,2.584351351,2.560972036,0.2844013837,1553
26,Non-Hodgkin lymphoma,484,Mexico,1,1,2019,2.560369438,2.59869785,0.2817290177,1590
26,Non-Hodgkin lymphoma,484,Mexico,1,1,2020,2.421408968,2.48720398,0.2628746762,1533
26,Non-Hodgkin lymphoma,484,Mexico,1,1,2021,2.238063391,2.323337866,0.2448602813,1440
26,Non-Hodgkin lymphoma,484,Mexico,1,1,2022,2.235666316,2.325256363,0.2433268447,1451
26,Non-Hodgkin lymphoma,484,Mexico,2,1,1998,1.684350727,1.295804581,0.1953674949,633
26,Non-Hodgkin lymphoma,484,Mexico,2,1,1999,1.822041944,1.427582835,0.212101332,709
26,Non-Hodgkin lymphoma,484,Mexico,2,1,2000,1.660487224,1.32763415,0.1860773005,670
26,Non-Hodgkin lymphoma,484,Mexico,2,1,2001,1.746989321,1.387730129,0.2038431465,711
26,Non-Hodgkin lymphoma,484,Mexico,2,1,2002,1.780477672,1.485311053,0.2005790759,772
26,Non-Hodgkin lymphoma,484,Mexico,2,1,2003,1.824986015,1.553896089,0.2047004183,819
26,Non-Hodgkin lymphoma,484,Mexico,2,1,2004,1.678050485,1.446781071,0.1845575002,773
26,Non-Hodgkin lymphoma,484,Mexico,2,1,2005,1.784563788,1.573355818,0.2045656177,852
26,Non-Hodgkin lymphoma,484,Mexico,2,1,2006,1.826874391,1.647062823,0.1996088465,904
26,Non-Hodgkin lymphoma,484,Mexico,2,1,2007,1.770742864,1.642243387,0.190005264,914
26,Non-Hodgkin lymphoma,484,Mexico,2,1,2008,1.834733969,1.698448177,0.1999007493,959
26,Non-Hodgkin lymphoma,484,Mexico,2,1,2009,1.83284007,1.726455894,0.1954494853,989
26,Non-Hodgkin lymphoma,484,Mexico,2,1,2010,1.794399621,1.696761526,0.1980897295,986
26,Non-Hodgkin lymphoma,484,Mexico,2,1,2011,1.872647171,1.810363829,0.2055078512,1067
26,Non-Hodgkin lymphoma,484,Mexico,2,1,2012,1.839499231,1.792411937,0.1983416191,1071
26,Non-Hodgkin lymphoma,484,Mexico,2,1,2013,1.637312663,1.630130062,0.1776188415,987
26,Non-Hodgkin lymphoma,484,Mexico,2,1,2014,1.815168345,1.839892655,0.20151553,1128
26,Non-Hodgkin lymphoma,484,Mexico,2,1,2015,1.749757695,1.803042754,0.1815386609,1118
26,Non-Hodgkin lymphoma,484,Mexico,2,1,2016,1.799440016,1.889616655,0.1954336182,1184
26,Non-Hodgkin lymphoma,484,Mexico,2,1,2017,1.79699344,1.938611198,0.1928354828,1227
26,Non-Hodgkin lymphoma,484,Mexico,2,1,2018,1.784085329,1.959874226,0.1896202524,1253
26,Non-Hodgkin lymphoma,484,Mexico,2,1,2019,1.84264454,2.076542712,0.1964590395,1341
26,Non-Hodgkin lymphoma,484,Mexico,2,1,2020,1.706331295,1.93973385,0.1823009246,1264
26,Non-Hodgkin lymphoma,484,Mexico,2,1,2021,1.547160784,1.793862522,0.1667566418,1178
26,Non-Hodgkin lymphoma,484,Mexico,2,1,2022,1.564082277,1.836541855,0.1671121841,1216
26,Non-Hodgkin lymphoma,498,Moldova,1,1,1997,1.599425964,1.680041112,0.1477109163,34
26,Non-Hodgkin lymphoma,498,Moldova,1,1,1998,2.468878309,2.592987266,0.2880749498,52
26,Non-Hodgkin lymphoma,498,Moldova,1,1,1999,2.100905175,2.216537587,0.2479239669,44
26,Non-Hodgkin lymphoma,498,Moldova,1,1,2000,1.723262785,1.782809035,0.1644509178,35
26,Non-Hodgkin lymphoma,498,Moldova,1,1,2001,2.11700874,2.164437468,0.2035764975,42
26,Non-Hodgkin lymphoma,498,Moldova,1,1,2002,2.500707203,2.712537767,0.2830650635,52
26,Non-Hodgkin lymphoma,498,Moldova,1,1,2003,2.441167302,2.746718728,0.2565711475,52
26,Non-Hodgkin lymphoma,498,Moldova,1,1,2004,3.353609846,3.744861515,0.3955843956,70
26,Non-Hodgkin lymphoma,498,Moldova,1,1,2005,3.245341099,3.363753602,0.3426198899,62
26,Non-Hodgkin lymphoma,498,Moldova,1,1,2006,2.862140781,3.196890418,0.3456121725,58
26,Non-Hodgkin lymphoma,498,Moldova,1,1,2007,3.042465394,3.419660131,0.2939490751,61
26,Non-Hodgkin lymphoma,498,Moldova,1,1,2008,2.937068521,3.367428067,0.3415898762,59
26,Non-Hodgkin lymphoma,498,Moldova,1,1,2009,3.6347602,4.187570593,0.4279608803,72
26,Non-Hodgkin lymphoma,498,Moldova,1,1,2010,2.821260924,3.38083706,0.2875032233,57
26,Non-Hodgkin lymphoma,498,Moldova,1,1,2011,3.826227311,4.53935805,0.4881815727,75
26,Non-Hodgkin lymphoma,498,Moldova,1,1,2012,2.688499388,3.274616777,0.2932136499,53
26,Non-Hodgkin lymphoma,498,Moldova,1,1,2013,3.298057732,4.226689335,0.3597775096,67
26,Non-Hodgkin lymphoma,498,Moldova,1,1,2014,3.066304196,3.861528174,0.3906478639,60
26,Non-Hodgkin lymphoma,498,Moldova,1,1,2015,3.113675765,3.932603049,0.3732279385,60
26,Non-Hodgkin lymphoma,498,Moldova,1,1,2016,3.894984539,4.931058472,0.4288326472,74
26,Non-Hodgkin lymphoma,498,Moldova,1,1,2017,3.370756782,4.464956183,0.3522570333,66
26,Non-Hodgkin lymphoma,498,Moldova,1,1,2018,3.763320871,5.006656109,0.4050512326,73
26,Non-Hodgkin lymphoma,498,Moldova,1,1,2019,2.780932379,3.898592051,0.3149723156,56
26,Non-Hodgkin lymphoma,498,Moldova,1,1,2020,2.348331087,3.392775227,0.270177703,48
26,Non-Hodgkin lymphoma,498,Moldova,1,1,2021,2.207494778,3.158351111,0.2456738415,44
26,Non-Hodgkin lymphoma,498,Moldova,2,1,1997,1.586706689,1.972741008,0.1853050368,46
26,Non-Hodgkin lymphoma,498,Moldova,2,1,1998,1.22140163,1.469759906,0.1410500578,34
26,Non-Hodgkin lymphoma,498,Moldova,2,1,1999,1.28728058,1.569901842,0.1230893654,36
26,Non-Hodgkin lymphoma,498,Moldova,2,1,2000,1.249163273,1.584665369,0.1498804356,36
26,Non-Hodgkin lymphoma,498,Moldova,2,1,2001,1.25390714,1.644948895,0.1344147877,37
26,Non-Hodgkin lymphoma,498,Moldova,2,1,2002,0.95923748,1.257913624,0.1053048256,28
26,Non-Hodgkin lymphoma,498,Moldova,2,1,2003,1.980983364,2.315812321,0.1911326095,51
26,Non-Hodgkin lymphoma,498,Moldova,2,1,2004,2.11549339,2.617750553,0.2499530723,57
26,Non-Hodgkin lymphoma,498,Moldova,2,1,2005,1.465636528,2.097418078,0.1846888205,45
26,Non-Hodgkin lymphoma,498,Moldova,2,1,2006,1.438793272,1.850928146,0.1779088165,39
26,Non-Hodgkin lymphoma,498,Moldova,2,1,2007,1.711228169,2.466635132,0.1747197381,51
26,Non-Hodgkin lymphoma,498,Moldova,2,1,2008,2.01928365,2.811445246,0.242447756,57
26,Non-Hodgkin lymphoma,498,Moldova,2,1,2009,1.639905379,2.566894013,0.1951598398,51
26,Non-Hodgkin lymphoma,498,Moldova,2,1,2010,1.747936196,2.363800148,0.1935408577,46
26,Non-Hodgkin lymphoma,498,Moldova,2,1,2011,1.297430137,1.994697255,0.1677964657,38
26,Non-Hodgkin lymphoma,498,Moldova,2,1,2012,1.970395703,3.004101672,0.2402026071,56
26,Non-Hodgkin lymphoma,498,Moldova,2,1,2013,1.897732549,2.741874455,0.2259907433,50
26,Non-Hodgkin lymphoma,498,Moldova,2,1,2014,1.07383511,1.844689447,0.1125497748,33
26,Non-Hodgkin lymphoma,498,Moldova,2,1,2015,2.219533374,3.235959343,0.2578044298,57
26,Non-Hodgkin lymphoma,498,Moldova,2,1,2016,2.271963645,3.741851399,0.2861427229,65
26,Non-Hodgkin lymphoma,498,Moldova,2,1,2017,1.804729637,3.089795281,0.1868131197,53
26,Non-Hodgkin lymphoma,498,Moldova,2,1,2018,1.69590284,3.125527064,0.1834748732,53
26,Non-Hodgkin lymphoma,498,Moldova,2,1,2019,1.4673576,2.688133503,0.1750139805,45
26,Non-Hodgkin lymphoma,498,Moldova,2,1,2020,1.411345738,2.481332512,0.1768438657,41
26,Non-Hodgkin lymphoma,498,Moldova,2,1,2021,1.440268442,2.453009536,0.1867206857,40
26,Non-Hodgkin lymphoma,51,Armenia,1,1,2007,1.088880778,1.23394376,0.1443749959,17
26,Non-Hodgkin lymphoma,51,Armenia,1,1,2008,2.059839583,2.704077456,0.2160889574,37
26,Non-Hodgkin lymphoma,51,Armenia,1,1,2009,1.626123425,2.062808846,0.1808946791,28
26,Non-Hodgkin lymphoma,51,Armenia,1,1,2010,2.342119649,2.748512925,0.26941328,37
26,Non-Hodgkin lymphoma,51,Armenia,1,1,2011,1.885369667,2.088403617,0.230205193,28
26,Non-Hodgkin lymphoma,51,Armenia,1,1,2012,2.479565625,2.982002497,0.2866316846,40
26,Non-Hodgkin lymphoma,51,Armenia,1,1,2013,2.462713423,3.35213259,0.2805283758,45
26,Non-Hodgkin lymphoma,51,Armenia,1,1,2014,1.97248621,2.456379721,0.2518336298,33
26,Non-Hodgkin lymphoma,51,Armenia,1,1,2015,2.816879644,3.423021456,0.3184927585,46
26,Non-Hodgkin lymphoma,51,Armenia,1,1,2016,2.894705152,3.646827799,0.3071111869,49
26,Non-Hodgkin lymphoma,51,Armenia,1,1,2017,1.758359256,2.234390548,0.2282929857,30
26,Non-Hodgkin lymphoma,51,Armenia,1,1,2018,1.823227926,2.384835724,0.2491185707,32
26,Non-Hodgkin lymphoma,51,Armenia,1,1,2019,1.648402243,2.311559438,0.1834813594,31
26,Non-Hodgkin lymphoma,51,Armenia,1,1,2020,2.016235472,2.618907766,0.2488465383,35
26,Non-Hodgkin lymphoma,51,Armenia,1,1,2021,1.446754558,1.958102629,0.1226162381,26
26,Non-Hodgkin lymphoma,51,Armenia,1,1,2022,1.171988247,1.649250828,0.1206442785,22
26,Non-Hodgkin lymphoma,51,Armenia,2,1,2007,0.4054887305,0.6261260486,0.04192601433,10
26,Non-Hodgkin lymphoma,51,Armenia,2,1,2008,0.5981212853,0.816744006,0.06607941961,13
26,Non-Hodgkin lymphoma,51,Armenia,2,1,2009,0.7355499629,1.133398483,0.09160550266,18
26,Non-Hodgkin lymphoma,51,Armenia,2,1,2010,0.724761708,1.009530281,0.08553863518,16
26,Non-Hodgkin lymphoma,51,Armenia,2,1,2011,1.222222929,1.832504652,0.143147596,29
26,Non-Hodgkin lymphoma,51,Armenia,2,1,2012,0.9944536742,1.644375887,0.1100086369,26
26,Non-Hodgkin lymphoma,51,Armenia,2,1,2013,0.9339335338,1.518901783,0.1185988873,24
26,Non-Hodgkin lymphoma,51,Armenia,2,1,2014,1.001416366,1.32997125,0.1532099764,21
26,Non-Hodgkin lymphoma,51,Armenia,2,1,2015,0.7376271418,1.331359118,0.06204471778,21
26,Non-Hodgkin lymphoma,51,Armenia,2,1,2016,1.108631998,1.714112671,0.1235546058,27
26,Non-Hodgkin lymphoma,51,Armenia,2,1,2017,0.914622691,1.526411207,0.1170159314,24
26,Non-Hodgkin lymphoma,51,Armenia,2,1,2018,0.8977835411,1.594232195,0.09259181793,25
26,Non-Hodgkin lymphoma,51,Armenia,2,1,2019,1.033463946,1.791557987,0.1607104125,28
26,Non-Hodgkin lymphoma,51,Armenia,2,1,2020,0.8614748047,1.350953629,0.08517829908,21
26,Non-Hodgkin lymphoma,51,Armenia,2,1,2021,0.9300105379,2.00968213,0.089772356,31
26,Non-Hodgkin lymphoma,51,Armenia,2,1,2022,0.7585415651,1.4221666,0.06816498393,22
26,Non-Hodgkin lymphoma,528,The Netherlands,1,0,1989,10.5542432,13.34236271,1.185018722,979
26,Non-Hodgkin lymphoma,528,The Netherlands,1,0,1990,10.41594334,13.20884538,1.201956566,976
26,Non-Hodgkin lymphoma,528,The Netherlands,1,0,1991,10.54523511,13.65108734,1.12122772,1017
26,Non-Hodgkin lymphoma,528,The Netherlands,1,0,1992,10.22474239,13.27945365,1.149713382,997
26,Non-Hodgkin lymphoma,528,The Netherlands,1,0,1993,11.09321381,14.46980275,1.201278248,1094
26,Non-Hodgkin lymphoma,528,The Netherlands,1,0,1994,10.97181876,14.1191708,1.210842972,1074
26,Non-Hodgkin lymphoma,528,The Netherlands,1,0,1995,10.19358064,13.57771298,1.086058501,1038
26,Non-Hodgkin lymphoma,528,The Netherlands,1,0,1996,10.93028975,14.66233464,1.203152972,1126
26,Non-Hodgkin lymphoma,528,The Netherlands,1,0,1997,9.984004214,13.56492957,1.11517151,1047
26,Non-Hodgkin lymphoma,528,The Netherlands,1,0,1998,9.966211995,13.71244753,1.093329409,1065
26,Non-Hodgkin lymphoma,528,The Netherlands,1,0,1999,9.524906445,13.26122738,1.039912727,1037
26,Non-Hodgkin lymphoma,528,The Netherlands,1,0,2000,10.46116054,14.85133622,1.092278936,1170
26,Non-Hodgkin lymphoma,528,The Netherlands,1,0,2001,10.11738077,14.57012771,1.135023305,1157
26,Non-Hodgkin lymphoma,528,The Netherlands,1,0,2002,10.94381016,15.82493444,1.176157143,1265
26,Non-Hodgkin lymphoma,528,The Netherlands,1,0,2003,10.85979431,15.88904961,1.183814065,1276
26,Non-Hodgkin lymphoma,528,The Netherlands,1,0,2004,11.42885132,17.01849393,1.253523611,1371
26,Non-Hodgkin lymphoma,528,The Netherlands,1,0,2005,11.38359265,17.05962444,1.220612476,1377
26,Non-Hodgkin lymphoma,528,The Netherlands,1,0,2006,10.90937663,16.76367328,1.204906745,1355
26,Non-Hodgkin lymphoma,528,The Netherlands,1,0,2007,11.62176135,18.34503127,1.298877073,1486
26,Non-Hodgkin lymphoma,528,The Netherlands,1,0,2008,11.83682385,18.95693113,1.244182793,1542
26,Non-Hodgkin lymphoma,528,The Netherlands,1,0,2009,12.30896934,19.71899274,1.334699567,1613
26,Non-Hodgkin lymphoma,528,The Netherlands,1,0,2010,12.35384383,20.58740374,1.32319362,1693
26,Non-Hodgkin lymphoma,528,The Netherlands,1,0,2011,12.42052359,20.59741956,1.380828878,1702
26,Non-Hodgkin lymphoma,528,The Netherlands,1,0,2012,12.339818,21.16912649,1.380506576,1756
26,Non-Hodgkin lymphoma,528,The Netherlands,1,0,2013,13.64408651,23.79562872,1.532388047,1980
26,Non-Hodgkin lymphoma,528,The Netherlands,1,0,2014,13.02914461,23.06249781,1.426392935,1919
26,Non-Hodgkin lymphoma,528,The Netherlands,1,0,2015,12.31847287,22.5491337,1.38658143,1893
26,Non-Hodgkin lymphoma,528,The Netherlands,1,0,2016,13.33320715,24.74507247,1.501606744,2090
26,Non-Hodgkin lymphoma,528,The Netherlands,1,0,2017,13.47439081,24.87828461,1.516318565,2115
26,Non-Hodgkin lymphoma,528,The Netherlands,1,1,1956,0.8131844624,0.8662955727,0.08837191488,47
26,Non-Hodgkin lymphoma,528,The Netherlands,1,1,1957,0.7809748461,0.8372313125,0.07918011743,46
26,Non-Hodgkin lymphoma,528,The Netherlands,1,1,1958,0.7176506623,0.7894075855,0.07707205949,44
26,Non-Hodgkin lymphoma,528,The Netherlands,1,1,1959,1.1259349,1.220741999,0.1194357966,69
26,Non-Hodgkin lymphoma,528,The Netherlands,1,1,1960,0.9362440929,0.9789525208,0.1020712571,56
26,Non-Hodgkin lymphoma,528,The Netherlands,1,1,1961,0.7957328097,0.9143448633,0.09354451164,53
26,Non-Hodgkin lymphoma,528,The Netherlands,1,1,1962,0.6895595959,0.7651629797,0.07612298159,45
26,Non-Hodgkin lymphoma,528,The Netherlands,1,1,1963,1.03727146,1.190795653,0.09900144153,71
26,Non-Hodgkin lymphoma,528,The Netherlands,1,1,1964,0.9977319651,1.108170691,0.1197190094,67
26,Non-Hodgkin lymphoma,528,The Netherlands,1,1,1965,0.7522761518,0.8476786646,0.08843774284,52
26,Non-Hodgkin lymphoma,528,The Netherlands,1,1,1966,0.8744834831,0.9485073067,0.106673024,59
26,Non-Hodgkin lymphoma,528,The Netherlands,1,1,1967,1.030392132,1.160627693,0.09873130662,73
26,Non-Hodgkin lymphoma,528,The Netherlands,1,1,1968,0.9464855079,1.102362205,0.1214241345,70
26,Non-Hodgkin lymphoma,528,The Netherlands,1,1,1969,1.111987012,1.229744244,0.1258969911,79
26,Non-Hodgkin lymphoma,528,The Netherlands,1,1,1970,0.742443955,0.8759124088,0.09079540429,57
26,Non-Hodgkin lymphoma,528,The Netherlands,1,1,1971,0.5644362397,0.6224381357,0.06188349649,41
26,Non-Hodgkin lymphoma,528,The Netherlands,1,1,1972,0.8885304254,1.007594556,0.09352430377,67
26,Non-Hodgkin lymphoma,528,The Netherlands,1,1,1973,0.7191451733,0.8658267152,0.08545790418,58
26,Non-Hodgkin lymphoma,528,The Netherlands,1,1,1974,0.722982407,0.8596540633,0.07808427675,58
26,Non-Hodgkin lymphoma,528,The Netherlands,1,1,1975,0.9007142692,1.08754758,0.1139983603,74
26,Non-Hodgkin lymphoma,528,The Netherlands,1,1,1976,0.8793015875,1.021256729,0.100754362,70
26,Non-Hodgkin lymphoma,528,The Netherlands,1,1,1977,1.166100731,1.37892995,0.1143705526,95
26,Non-Hodgkin lymphoma,528,The Netherlands,1,1,1978,1.764547911,2.107907541,0.2029394551,146
26,Non-Hodgkin lymphoma,528,The Netherlands,1,1,1979,2.289263351,2.826398852,0.26263364,197
26,Non-Hodgkin lymphoma,528,The Netherlands,1,1,1980,3.038789552,3.71731328,0.3180443916,261
26,Non-Hodgkin lymphoma,528,The Netherlands,1,1,1981,3.490217204,4.331332805,0.3864533501,306
26,Non-Hodgkin lymphoma,528,The Netherlands,1,1,1982,3.639623523,4.526099095,0.4018462822,321
26,Non-Hodgkin lymphoma,528,The Netherlands,1,1,1983,3.658920113,4.625203846,0.4383161056,329
26,Non-Hodgkin lymphoma,528,The Netherlands,1,1,1984,3.984629259,5.100253612,0.4551918541,364
26,Non-Hodgkin lymphoma,528,The Netherlands,1,1,1985,4.02532088,5.274246885,0.443228517,378
26,Non-Hodgkin lymphoma,528,The Netherlands,1,1,1986,4.291357046,5.649482246,0.4871813819,407
26,Non-Hodgkin lymphoma,528,The Netherlands,1,1,1987,4.480816768,5.986867516,0.4881551284,434
26,Non-Hodgkin lymphoma,528,The Netherlands,1,1,1988,4.399288635,5.908075283,0.5073103993,431
26,Non-Hodgkin lymphoma,528,The Netherlands,1,1,1989,4.568936263,6.255366123,0.511953877,459
26,Non-Hodgkin lymphoma,528,The Netherlands,1,1,1990,4.476200933,6.171419291,0.5231358864,456
26,Non-Hodgkin lymphoma,528,The Netherlands,1,1,1991,4.852771362,6.684743215,0.5381342228,498
26,Non-Hodgkin lymphoma,528,The Netherlands,1,1,1992,5.12693737,7.20593524,0.553549061,541
26,Non-Hodgkin lymphoma,528,The Netherlands,1,1,1993,5.08971867,7.142290294,0.5533548047,540
26,Non-Hodgkin lymphoma,528,The Netherlands,1,1,1994,5.004919154,6.993742441,0.5777848455,532
26,Non-Hodgkin lymphoma,528,The Netherlands,1,1,1995,4.822406374,6.867323314,0.5111086955,525
26,Non-Hodgkin lymphoma,528,The Netherlands,1,1,1996,5.28038225,7.708634452,0.5592217191,592
26,Non-Hodgkin lymphoma,528,The Netherlands,1,1,1997,5.1954837,7.566138937,0.5766313007,584
26,Non-Hodgkin lymphoma,528,The Netherlands,1,1,1998,5.227022313,7.686464355,0.5437879641,597
26,Non-Hodgkin lymphoma,528,The Netherlands,1,1,1999,4.945449342,7.493701965,0.5188105163,586
26,Non-Hodgkin lymphoma,528,The Netherlands,1,1,2000,5.08815601,7.679522483,0.5503504126,605
26,Non-Hodgkin lymphoma,528,The Netherlands,1,1,2001,5.022982762,7.769882525,0.5507178946,617
26,Non-Hodgkin lymphoma,528,The Netherlands,1,1,2002,4.859448433,7.718555207,0.5183872285,617
26,Non-Hodgkin lymphoma,528,The Netherlands,1,1,2003,4.990375368,7.832444951,0.5383517505,629
26,Non-Hodgkin lymphoma,528,The Netherlands,1,1,2004,4.811120703,7.882376081,0.5452529928,635
26,Non-Hodgkin lymphoma,528,The Netherlands,1,1,2005,4.51458229,7.507651672,0.468863046,606
26,Non-Hodgkin lymphoma,528,The Netherlands,1,1,2006,4.428288479,7.422957128,0.4921125918,600
26,Non-Hodgkin lymphoma,528,The Netherlands,1,1,2007,3.97472893,6.962703366,0.4245760168,564
26,Non-Hodgkin lymphoma,528,The Netherlands,1,1,2008,3.838313697,6.872182206,0.4053451655,559
26,Non-Hodgkin lymphoma,528,The Netherlands,1,1,2009,3.675650548,6.992715473,0.3898876651,572
26,Non-Hodgkin lymphoma,528,The Netherlands,1,1,2010,3.959997641,7.502902663,0.4152367446,617
26,Non-Hodgkin lymphoma,528,The Netherlands,1,1,2011,3.770568132,7.418448799,0.3844980627,613
26,Non-Hodgkin lymphoma,528,The Netherlands,1,1,2012,3.636755931,7.377838901,0.3826314884,612
26,Non-Hodgkin lymphoma,528,The Netherlands,1,1,2013,3.464008664,7.306929998,0.3657139958,608
26,Non-Hodgkin lymphoma,528,The Netherlands,1,1,2014,3.621575378,7.697252572,0.3630797369,643
26,Non-Hodgkin lymphoma,528,The Netherlands,1,1,2015,3.552402008,7.790350472,0.3702888845,654
26,Non-Hodgkin lymphoma,528,The Netherlands,1,1,2016,3.78789408,8.560137512,0.3716357008,723
26,Non-Hodgkin lymphoma,528,The Netherlands,1,1,2017,3.890022602,9.022050857,0.3958356967,767
26,Non-Hodgkin lymphoma,528,The Netherlands,1,1,2018,3.473509176,8.432614281,0.3622615481,725
26,Non-Hodgkin lymphoma,528,The Netherlands,1,1,2019,3.451078059,8.851906054,0.3447488808,767
26,Non-Hodgkin lymphoma,528,The Netherlands,1,1,2020,3.442984998,8.625477352,0.3358781002,751
26,Non-Hodgkin lymphoma,528,The Netherlands,1,1,2021,3.490645426,8.88886544,0.3609088148,775
26,Non-Hodgkin lymphoma,528,The Netherlands,1,1,2022,3.177704262,8.459426928,0.3035125133,744
26,Non-Hodgkin lymphoma,528,The Netherlands,1,1,2023,3.325111964,8.857820611,0.33158965,787
26,Non-Hodgkin lymphoma,528,The Netherlands,2,0,1989,6.818759355,10.97561203,0.7566337084,824
26,Non-Hodgkin lymphoma,528,The Netherlands,2,0,1990,6.918096579,11.29704103,0.7890759919,859
26,Non-Hodgkin lymphoma,528,The Netherlands,2,0,1991,6.519949645,10.74473051,0.7360653178,828
26,Non-Hodgkin lymphoma,528,The Netherlands,2,0,1992,7.587167228,12.23245236,0.8174371997,944
26,Non-Hodgkin lymphoma,528,The Netherlands,2,0,1993,6.750993001,11.31984766,0.740811056,875
26,Non-Hodgkin lymphoma,528,The Netherlands,2,0,1994,6.954677345,11.52241592,0.7588328567,896
26,Non-Hodgkin lymphoma,528,The Netherlands,2,0,1995,6.758274573,11.51762055,0.7373816794,900
26,Non-Hodgkin lymphoma,528,The Netherlands,2,0,1996,6.789497013,11.56548376,0.7661025007,908
26,Non-Hodgkin lymphoma,528,The Netherlands,2,0,1997,6.848111358,11.45434007,0.7576276647,904
26,Non-Hodgkin lymphoma,528,The Netherlands,2,0,1998,6.893521939,11.93874818,0.7533491896,948
26,Non-Hodgkin lymphoma,528,The Netherlands,2,0,1999,6.903278798,11.8364103,0.7638778048,946
26,Non-Hodgkin lymphoma,528,The Netherlands,2,0,2000,7.043332852,11.97899153,0.8159444677,964
26,Non-Hodgkin lymphoma,528,The Netherlands,2,0,2001,6.823455974,11.32597285,0.7768309944,918
26,Non-Hodgkin lymphoma,528,The Netherlands,2,0,2002,7.236370153,12.39698911,0.8117009367,1011
26,Non-Hodgkin lymphoma,528,The Netherlands,2,0,2003,7.396878231,12.81330983,0.8360176027,1050
26,Non-Hodgkin lymphoma,528,The Netherlands,2,0,2004,8.003683464,13.77368606,0.8836590909,1133
26,Non-Hodgkin lymphoma,528,The Netherlands,2,0,2005,7.747241431,13.91824052,0.8985113058,1148
26,Non-Hodgkin lymphoma,528,The Netherlands,2,0,2006,7.766971347,14.00195132,0.8701589927,1157
26,Non-Hodgkin lymphoma,528,The Netherlands,2,0,2007,7.947335463,14.40578376,0.8780943976,1193
26,Non-Hodgkin lymphoma,528,The Netherlands,2,0,2008,8.376483455,15.3524962,0.9272781381,1276
26,Non-Hodgkin lymphoma,528,The Netherlands,2,0,2009,7.647842535,14.526165,0.8797193784,1213
26,Non-Hodgkin lymphoma,528,The Netherlands,2,0,2010,8.396845908,15.896262,0.9479949672,1334
26,Non-Hodgkin lymphoma,528,The Netherlands,2,0,2011,8.427765811,15.93140221,0.9690270777,1343
26,Non-Hodgkin lymphoma,528,The Netherlands,2,0,2012,8.33792381,15.72131522,0.9524905795,1330
26,Non-Hodgkin lymphoma,528,The Netherlands,2,0,2013,8.534510319,16.26674827,0.9919397921,1380
26,Non-Hodgkin lymphoma,528,The Netherlands,2,0,2014,8.677874082,16.58498532,0.993528894,1407
26,Non-Hodgkin lymphoma,528,The Netherlands,2,0,2015,8.016713266,16.40739011,0.9176176294,1402
26,Non-Hodgkin lymphoma,528,The Netherlands,2,0,2016,8.22018288,16.50706921,0.9338981994,1417
26,Non-Hodgkin lymphoma,528,The Netherlands,2,0,2017,8.04432461,16.60082715,0.9143878087,1433
26,Non-Hodgkin lymphoma,528,The Netherlands,2,1,1956,0.4420106748,0.4941073128,0.05587977891,27
26,Non-Hodgkin lymphoma,528,The Netherlands,2,1,1957,0.4792403439,0.5784526392,0.05617937974,32
26,Non-Hodgkin lymphoma,528,The Netherlands,2,1,1958,0.6718000661,0.7482762921,0.07751262655,42
26,Non-Hodgkin lymphoma,528,The Netherlands,2,1,1959,0.531460494,0.5794047933,0.05556752485,33
26,Non-Hodgkin lymphoma,528,The Netherlands,2,1,1960,0.6539395316,0.7456992231,0.05780334311,43
26,Non-Hodgkin lymphoma,528,The Netherlands,2,1,1961,0.6499519817,0.7531280489,0.07726041477,44
26,Non-Hodgkin lymphoma,528,The Netherlands,2,1,1962,0.5784015775,0.6920415225,0.06423884958,41
26,Non-Hodgkin lymphoma,528,The Netherlands,2,1,1963,0.493571111,0.5663646055,0.05671310234,34
26,Non-Hodgkin lymphoma,528,The Netherlands,2,1,1964,0.655149781,0.8222196642,0.07763768132,50
26,Non-Hodgkin lymphoma,528,The Netherlands,2,1,1965,0.7954953221,1.038927308,0.09711418361,64
26,Non-Hodgkin lymphoma,528,The Netherlands,2,1,1966,0.7272221755,0.9781597768,0.07857962762,61
26,Non-Hodgkin lymphoma,528,The Netherlands,2,1,1967,0.5446614926,0.7608661193,0.05153474545,48
26,Non-Hodgkin lymphoma,528,The Netherlands,2,1,1968,0.3888904762,0.4859162657,0.03886668724,31
26,Non-Hodgkin lymphoma,528,The Netherlands,2,1,1969,0.6526321651,0.8211961574,0.07346203962,53
26,Non-Hodgkin lymphoma,528,The Netherlands,2,1,1970,0.370108128,0.4746593171,0.03969157891,31
26,Non-Hodgkin lymphoma,528,The Netherlands,2,1,1971,0.478473757,0.6507657849,0.0580367128,43
26,Non-Hodgkin lymphoma,528,The Netherlands,2,1,1972,0.5695177506,0.8085526907,0.06693799959,54
26,Non-Hodgkin lymphoma,528,The Netherlands,2,1,1973,0.5028418691,0.6972983398,0.05548200567,47
26,Non-Hodgkin lymphoma,528,The Netherlands,2,1,1974,0.5335253471,0.8237353456,0.04937601132,56
26,Non-Hodgkin lymphoma,528,The Netherlands,2,1,1975,0.7045702774,1.020066159,0.08137325757,70
26,Non-Hodgkin lymphoma,528,The Netherlands,2,1,1976,0.6653267955,1.026056043,0.08018015007,71
26,Non-Hodgkin lymphoma,528,The Netherlands,2,1,1977,0.8924074269,1.334883521,0.1007470309,93
26,Non-Hodgkin lymphoma,528,The Netherlands,2,1,1978,1.149055755,1.753210656,0.1275956909,123
26,Non-Hodgkin lymphoma,528,The Netherlands,2,1,1979,1.416170074,2.320251266,0.1539046787,164
26,Non-Hodgkin lymphoma,528,The Netherlands,2,1,1980,1.792084878,2.988047809,0.2009106645,213
26,Non-Hodgkin lymphoma,528,The Netherlands,2,1,1981,1.94739853,3.202361393,0.2261570146,230
26,Non-Hodgkin lymphoma,528,The Netherlands,2,1,1982,2.062407284,3.642356591,0.2208642628,263
26,Non-Hodgkin lymphoma,528,The Netherlands,2,1,1983,2.208791558,3.777434653,0.2354484932,274
26,Non-Hodgkin lymphoma,528,The Netherlands,2,1,1984,2.63264359,4.473536152,0.2876032986,326
26,Non-Hodgkin lymphoma,528,The Netherlands,2,1,1985,2.479703179,4.600871025,0.263827258,337
26,Non-Hodgkin lymphoma,528,The Netherlands,2,1,1986,2.406096575,4.668964956,0.2621878971,344
26,Non-Hodgkin lymphoma,528,The Netherlands,2,1,1987,3.088285608,5.798117634,0.3523056593,430
26,Non-Hodgkin lymphoma,528,The Netherlands,2,1,1988,2.686567775,5.063630275,0.285302708,378
26,Non-Hodgkin lymphoma,528,The Netherlands,2,1,1989,2.98165451,5.737868601,0.3410430826,431
26,Non-Hodgkin lymphoma,528,The Netherlands,2,1,1990,3.120500518,6.016449369,0.3391105264,455
26,Non-Hodgkin lymphoma,528,The Netherlands,2,1,1991,3.001300149,5.945115949,0.3341762476,453
26,Non-Hodgkin lymphoma,528,The Netherlands,2,1,1992,3.052043959,6.109714315,0.3162815683,469
26,Non-Hodgkin lymphoma,528,The Netherlands,2,1,1993,3.184585872,6.338857195,0.3539918394,490
26,Non-Hodgkin lymphoma,528,The Netherlands,2,1,1994,3.16016824,6.31421921,0.3199952782,491
26,Non-Hodgkin lymphoma,528,The Netherlands,2,1,1995,3.067967115,6.130023036,0.3177852504,479
26,Non-Hodgkin lymphoma,528,The Netherlands,2,1,1996,3.18504862,6.610791257,0.343501403,519
26,Non-Hodgkin lymphoma,528,The Netherlands,2,1,1997,3.802071245,7.298160255,0.4123711562,576
26,Non-Hodgkin lymphoma,528,The Netherlands,2,1,1998,3.357649196,6.939109628,0.3829382591,551
26,Non-Hodgkin lymphoma,528,The Netherlands,2,1,1999,3.414900569,7.007007007,0.3686781837,560
26,Non-Hodgkin lymphoma,528,The Netherlands,2,1,2000,3.203351112,6.598378216,0.3573921013,531
26,Non-Hodgkin lymphoma,528,The Netherlands,2,1,2001,3.107756066,6.464925619,0.359797246,524
26,Non-Hodgkin lymphoma,528,The Netherlands,2,1,2002,2.957734435,6.057475139,0.3362065589,494
26,Non-Hodgkin lymphoma,528,The Netherlands,2,1,2003,3.313363489,6.882567774,0.3671664141,564
26,Non-Hodgkin lymphoma,528,The Netherlands,2,1,2004,3.224923523,6.722723809,0.3612984322,553
26,Non-Hodgkin lymphoma,528,The Netherlands,2,1,2005,2.813260854,6.158885921,0.2910941864,508
26,Non-Hodgkin lymphoma,528,The Netherlands,2,1,2006,2.641025376,6.050917259,0.2666810129,500
26,Non-Hodgkin lymphoma,528,The Netherlands,2,1,2007,2.37417707,5.578761486,0.2607272468,462
26,Non-Hodgkin lymphoma,528,The Netherlands,2,1,2008,2.465123377,6.112112016,0.2537792982,508
26,Non-Hodgkin lymphoma,528,The Netherlands,2,1,2009,2.598998914,6.382884959,0.2642586592,533
26,Non-Hodgkin lymphoma,528,The Netherlands,2,1,2010,2.396146822,5.910446488,0.2600704245,496
26,Non-Hodgkin lymphoma,528,The Netherlands,2,1,2011,2.269386027,5.765190892,0.2481484674,486
26,Non-Hodgkin lymphoma,528,The Netherlands,2,1,2012,2.212829733,5.697492465,0.2429483044,482
26,Non-Hodgkin lymphoma,528,The Netherlands,2,1,2013,2.09855027,5.481178517,0.2238001008,465
26,Non-Hodgkin lymphoma,528,The Netherlands,2,1,2014,2.281305644,6.097708554,0.2401293252,519
26,Non-Hodgkin lymphoma,528,The Netherlands,2,1,2015,2.214696389,6.436565308,0.2251102963,550
26,Non-Hodgkin lymphoma,528,The Netherlands,2,1,2016,2.333564003,6.442067235,0.2281510429,553
26,Non-Hodgkin lymphoma,528,The Netherlands,2,1,2017,2.150893348,6.325224265,0.2156900955,546
26,Non-Hodgkin lymphoma,528,The Netherlands,2,1,2018,1.97473738,6.170539961,0.2028935138,538
26,Non-Hodgkin lymphoma,528,The Netherlands,2,1,2019,1.993517807,6.207115059,0.2113273724,546
26,Non-Hodgkin lymphoma,528,The Netherlands,2,1,2020,1.967590874,6.382508746,0.1849735818,562
26,Non-Hodgkin lymphoma,528,The Netherlands,2,1,2021,1.91978336,6.020498266,0.2014311159,531
26,Non-Hodgkin lymphoma,528,The Netherlands,2,1,2022,1.937711202,6.55038295,0.189705744,583
26,Non-Hodgkin lymphoma,528,The Netherlands,2,1,2023,1.833114049,6.239752652,0.1583487086,561
26,Non-Hodgkin lymphoma,554,New Zealand,1,0,1983,7.771869601,8.670970962,0.8617550723,139
26,Non-Hodgkin lymphoma,554,New Zealand,1,0,1984,7.7006508,8.897896636,0.8832253047,144
26,Non-Hodgkin lymphoma,554,New Zealand,1,0,1985,8.99157902,10.01573023,1.059745012,163
26,Non-Hodgkin lymphoma,554,New Zealand,1,0,1986,8.074807851,9.360124637,0.8780584683,152
26,Non-Hodgkin lymphoma,554,New Zealand,1,0,1987,9.774163949,11.22807018,0.9671486189,184
26,Non-Hodgkin lymphoma,554,New Zealand,1,0,1988,9.098776347,10.62621822,0.9716553969,175
26,Non-Hodgkin lymphoma,554,New Zealand,1,0,1989,10.77432446,12.46023009,1.16734251,206
26,Non-Hodgkin lymphoma,554,New Zealand,1,0,1990,10.14064879,12.02289734,0.9513814774,201
26,Non-Hodgkin lymphoma,554,New Zealand,1,0,1991,9.989360926,12.01829184,1.130634544,200
26,Non-Hodgkin lymphoma,554,New Zealand,1,0,1992,9.890588918,12.45935876,1.124202758,210
26,Non-Hodgkin lymphoma,554,New Zealand,1,0,1993,10.73260375,12.97609997,1.162479558,227
26,Non-Hodgkin lymphoma,554,New Zealand,1,0,1994,11.03377364,13.36099491,1.152770537,237
26,Non-Hodgkin lymphoma,554,New Zealand,1,0,1995,12.23868463,14.65600036,1.377725611,264
26,Non-Hodgkin lymphoma,554,New Zealand,1,0,1996,12.74696158,15.67398119,1.44480106,287
26,Non-Hodgkin lymphoma,554,New Zealand,1,0,1997,11.98970331,15.15404818,1.41887529,281
26,Non-Hodgkin lymphoma,554,New Zealand,1,0,1998,13.07194869,16.53414381,1.429083436,309
26,Non-Hodgkin lymphoma,554,New Zealand,1,0,1999,13.3747943,17.19814068,1.473470834,323
26,Non-Hodgkin lymphoma,554,New Zealand,1,0,2000,11.61746248,15.5190678,1.240740148,293
26,Non-Hodgkin lymphoma,554,New Zealand,1,0,2001,12.63045405,17.26064625,1.409694532,329
26,Non-Hodgkin lymphoma,554,New Zealand,1,0,2002,11.09241397,15.29312688,1.25063056,296
26,Non-Hodgkin lymphoma,554,New Zealand,1,0,2003,12.97147142,17.70396335,1.393537417,349
26,Non-Hodgkin lymphoma,554,New Zealand,1,0,2004,12.67294679,17.36493384,1.346691436,347
26,Non-Hodgkin lymphoma,554,New Zealand,1,0,2005,13.00385128,18.2372327,1.468591368,368
26,Non-Hodgkin lymphoma,554,New Zealand,1,0,2006,14.38153404,19.51666968,1.627668606,400
26,Non-Hodgkin lymphoma,554,New Zealand,1,0,2007,12.40217144,18.00219115,1.395237912,373
26,Non-Hodgkin lymphoma,554,New Zealand,1,0,2008,13.92512306,20.02145497,1.583895002,419
26,Non-Hodgkin lymphoma,554,New Zealand,1,0,2009,14.13918959,20.59168021,1.489117309,436
26,Non-Hodgkin lymphoma,554,New Zealand,1,0,2010,13.65467187,20.4708768,1.568929034,439
26,Non-Hodgkin lymphoma,554,New Zealand,1,0,2011,11.31224875,17.60555245,1.194579917,381
26,Non-Hodgkin lymphoma,554,New Zealand,1,0,2012,12.6037565,20.05396674,1.366054025,437
26,Non-Hodgkin lymphoma,554,New Zealand,1,0,2013,12.82107285,20.99394352,1.372505345,456
26,Non-Hodgkin lymphoma,554,New Zealand,1,0,2014,13.32814055,20.93837456,1.431359952,462
26,Non-Hodgkin lymphoma,554,New Zealand,1,0,2015,13.46930255,21.38452578,1.412775245,481
26,Non-Hodgkin lymphoma,554,New Zealand,1,0,2016,13.91377472,22.33401322,1.461026307,513
26,Non-Hodgkin lymphoma,554,New Zealand,1,0,2017,13.96199137,23.23311915,1.493031004,544
26,Non-Hodgkin lymphoma,554,New Zealand,1,1,1956,0.4302333192,0.4551083408,0.04056900767,5
26,Non-Hodgkin lymphoma,554,New Zealand,1,1,1957,0.1753370044,0.1780721905,0.02576055261,2
26,Non-Hodgkin lymphoma,554,New Zealand,1,1,1958,0.5615526034,0.5221616273,0.05966595786,6
26,Non-Hodgkin lymphoma,554,New Zealand,1,1,1959,0.2812402806,0.2557065171,0.03514885642,3
26,Non-Hodgkin lymphoma,554,New Zealand,1,1,1960,0.6050041445,0.5853310193,0.05544673435,7
26,Non-Hodgkin lymphoma,554,New Zealand,1,1,1961,0.5944928745,0.5732310907,0.06504605946,7
26,Non-Hodgkin lymphoma,554,New Zealand,1,1,1962,0,0,0,0
26,Non-Hodgkin lymphoma,554,New Zealand,1,1,1963,0.5518636896,0.5492750746,0.05966340444,7
26,Non-Hodgkin lymphoma,554,New Zealand,1,1,1964,0.2559511994,0.2309535495,0.02083661377,3
26,Non-Hodgkin lymphoma,554,New Zealand,1,1,1965,0.1640609148,0.1512215297,0.03064182175,2
26,Non-Hodgkin lymphoma,554,New Zealand,1,1,1966,0.3998470633,0.3716538149,0.05826237114,5
26,Non-Hodgkin lymphoma,554,New Zealand,1,1,1967,0.4319040931,0.4397577668,0.03002188759,6
26,Non-Hodgkin lymphoma,554,New Zealand,1,1,1968,0.4791938259,0.5081551645,0.03985821788,7
26,Non-Hodgkin lymphoma,554,New Zealand,1,1,1969,0.9053159239,0.9346731753,0.09369781809,13
26,Non-Hodgkin lymphoma,554,New Zealand,1,1,1970,0.3520576844,0.3546953327,0.05464201019,5
26,Non-Hodgkin lymphoma,554,New Zealand,1,1,1971,1.467385946,1.536083831,0.1791493977,22
26,Non-Hodgkin lymphoma,554,New Zealand,1,1,1972,0.6450365558,0.6858414211,0.09272216434,10
26,Non-Hodgkin lymphoma,554,New Zealand,1,1,1973,1.020625723,1.008208498,0.1378795701,15
26,Non-Hodgkin lymphoma,554,New Zealand,1,1,1974,0.9981404631,1.053637387,0.1296810579,16
26,Non-Hodgkin lymphoma,554,New Zealand,1,1,1975,1.280940443,1.359657159,0.1842926072,21
26,Non-Hodgkin lymphoma,554,New Zealand,1,1,1976,1.940349841,2.051037505,0.2656609646,32
26,Non-Hodgkin lymphoma,554,New Zealand,1,1,1977,1.552925479,1.660357309,0.1883038034,26
26,Non-Hodgkin lymphoma,554,New Zealand,1,1,1978,2.04398108,2.171637268,0.2276602257,34
26,Non-Hodgkin lymphoma,554,New Zealand,1,1,1979,2.075903446,2.174321771,0.1966981689,34
26,Non-Hodgkin lymphoma,554,New Zealand,1,1,1980,1.677328465,1.78936491,0.1301184057,28
26,Non-Hodgkin lymphoma,554,New Zealand,1,1,1981,2.4137626,2.674312654,0.2796801696,42
26,Non-Hodgkin lymphoma,554,New Zealand,1,1,1982,2.570373889,2.971105994,0.2444625666,47
26,Non-Hodgkin lymphoma,554,New Zealand,1,1,1983,2.172457499,2.440790491,0.2333545731,39
26,Non-Hodgkin lymphoma,554,New Zealand,1,1,1984,2.080003751,2.357834961,0.1738938692,38
26,Non-Hodgkin lymphoma,554,New Zealand,1,1,1985,3.366723457,3.952729066,0.3557267336,64
26,Non-Hodgkin lymphoma,554,New Zealand,1,1,1986,3.584731078,4.186186815,0.4381731395,68
26,Non-Hodgkin lymphoma,554,New Zealand,1,1,1987,3.041960817,3.861510304,0.2900171927,63
26,Non-Hodgkin lymphoma,554,New Zealand,1,1,1988,3.578561262,4.458701431,0.3601339244,73
26,Non-Hodgkin lymphoma,554,New Zealand,1,1,1989,4.419252409,5.172071786,0.4501749807,85
26,Non-Hodgkin lymphoma,554,New Zealand,1,1,1990,5.587875061,6.755496463,0.5959573096,113
26,Non-Hodgkin lymphoma,554,New Zealand,1,1,1991,4.242157239,5.311683456,0.4779048775,91
26,Non-Hodgkin lymphoma,554,New Zealand,1,1,1992,5.298385974,6.786256221,0.5939855438,118
26,Non-Hodgkin lymphoma,554,New Zealand,1,1,1993,4.931519802,6.193011158,0.526603578,109
26,Non-Hodgkin lymphoma,554,New Zealand,1,1,1994,4.685650532,6.221512758,0.5321751286,111
26,Non-Hodgkin lymphoma,554,New Zealand,1,1,1995,4.577402006,5.907271299,0.5416437223,107
26,Non-Hodgkin lymphoma,554,New Zealand,1,1,1996,5.672461073,7.34153301,0.6363946827,135
26,Non-Hodgkin lymphoma,554,New Zealand,1,1,1997,4.944453222,6.769953228,0.5329416882,126
26,Non-Hodgkin lymphoma,554,New Zealand,1,1,1998,3.29815396,4.211670004,0.3983585257,79
26,Non-Hodgkin lymphoma,554,New Zealand,1,1,1999,3.677478273,5.09254372,0.3934699817,96
26,Non-Hodgkin lymphoma,554,New Zealand,1,1,2000,5.878283794,8.607542531,0.6162472217,163
26,Non-Hodgkin lymphoma,554,New Zealand,1,1,2001,6.23577475,8.905134648,0.6566885786,170
26,Non-Hodgkin lymphoma,554,New Zealand,1,1,2002,4.95382543,7.069962439,0.5734596941,137
26,Non-Hodgkin lymphoma,554,New Zealand,1,1,2003,6.157120316,8.97275173,0.6782032125,177
26,Non-Hodgkin lymphoma,554,New Zealand,1,1,2004,4.57588926,6.793922836,0.5108049135,136
26,Non-Hodgkin lymphoma,554,New Zealand,1,1,2005,4.994519744,7.652881112,0.5498669288,155
26,Non-Hodgkin lymphoma,554,New Zealand,1,1,2006,5.313718269,8.207491241,0.5865416731,168
26,Non-Hodgkin lymphoma,554,New Zealand,1,1,2007,5.100745715,7.937931186,0.5817095775,164
26,Non-Hodgkin lymphoma,554,New Zealand,1,1,2008,4.349682327,7.196424241,0.5077025276,150
26,Non-Hodgkin lymphoma,554,New Zealand,1,1,2009,4.37883101,7.030785339,0.4810327229,148
26,Non-Hodgkin lymphoma,554,New Zealand,1,1,2010,3.615030435,6.349927576,0.3703988044,135
26,Non-Hodgkin lymphoma,554,New Zealand,1,1,2011,3.88766256,7.233983668,0.3554828368,155
26,Non-Hodgkin lymphoma,554,New Zealand,1,1,2012,4.161457167,7.094193032,0.4321652287,153
26,Non-Hodgkin lymphoma,554,New Zealand,1,1,2013,4.790493985,8.993758974,0.4696057949,196
26,Non-Hodgkin lymphoma,554,New Zealand,1,1,2014,4.151642454,8.156397342,0.3926085084,181
26,Non-Hodgkin lymphoma,554,New Zealand,1,1,2015,3.883780076,7.394913004,0.379472772,168
26,Non-Hodgkin lymphoma,554,New Zealand,1,1,2016,4.128087094,8.117249154,0.4080102354,189
26,Non-Hodgkin lymphoma,554,New Zealand,1,1,2017,3.848963296,7.598170142,0.3657463329,181
26,Non-Hodgkin lymphoma,554,New Zealand,1,1,2018,3.917169459,7.737369002,0.4113983447,188
26,Non-Hodgkin lymphoma,554,New Zealand,2,0,1983,5.744512513,7.704112764,0.6309933927,125
26,Non-Hodgkin lymphoma,554,New Zealand,2,0,1984,5.231229139,7.195692341,0.6149805292,118
26,Non-Hodgkin lymphoma,554,New Zealand,2,0,1985,6.004016619,8.356647168,0.667366381,138
26,Non-Hodgkin lymphoma,554,New Zealand,2,0,1986,5.45541836,7.495436246,0.6295612089,124
26,Non-Hodgkin lymphoma,554,New Zealand,2,0,1987,6.499583211,8.802447919,0.7139642613,147
26,Non-Hodgkin lymphoma,554,New Zealand,2,0,1988,7.271745678,9.767137157,0.7878991161,164
26,Non-Hodgkin lymphoma,554,New Zealand,2,0,1989,6.89654183,9.883118805,0.7328421353,167
26,Non-Hodgkin lymphoma,554,New Zealand,2,0,1990,7.581267784,10.71798806,0.9029857449,183
26,Non-Hodgkin lymphoma,554,New Zealand,2,0,1991,7.492007017,10.28173712,0.7971141237,176
26,Non-Hodgkin lymphoma,554,New Zealand,2,0,1992,7.229264355,10.50214082,0.7479550512,182
26,Non-Hodgkin lymphoma,554,New Zealand,2,0,1993,7.475298518,10.96114882,0.7837267779,198
26,Non-Hodgkin lymphoma,554,New Zealand,2,0,1994,7.089720671,10.38308104,0.8739593399,190
26,Non-Hodgkin lymphoma,554,New Zealand,2,0,1995,9.122458774,12.33437466,1.030031347,229
26,Non-Hodgkin lymphoma,554,New Zealand,2,0,1996,9.842740775,14.00790598,1.074006855,264
26,Non-Hodgkin lymphoma,554,New Zealand,2,0,1997,9.513559836,14.25591463,1.091111309,272
26,Non-Hodgkin lymphoma,554,New Zealand,2,0,1998,10.41201665,15.80025156,1.18535745,304
26,Non-Hodgkin lymphoma,554,New Zealand,2,0,1999,8.419932887,12.55982716,0.9632672213,243
26,Non-Hodgkin lymphoma,554,New Zealand,2,0,2000,8.942381882,13.47085257,0.9867726296,262
26,Non-Hodgkin lymphoma,554,New Zealand,2,0,2001,9.368087823,14.54604226,1.116142177,288
26,Non-Hodgkin lymphoma,554,New Zealand,2,0,2002,11.01997799,16.79474529,1.363368334,337
26,Non-Hodgkin lymphoma,554,New Zealand,2,0,2003,8.765504591,13.34451918,1.016342012,272
26,Non-Hodgkin lymphoma,554,New Zealand,2,0,2004,9.500637612,14.53389789,1.093699763,300
26,Non-Hodgkin lymphoma,554,New Zealand,2,0,2005,9.187835081,14.5003385,1.03438265,302
26,Non-Hodgkin lymphoma,554,New Zealand,2,0,2006,9.094929845,14.12931599,1.079457628,302
26,Non-Hodgkin lymphoma,554,New Zealand,2,0,2007,9.604450142,15.28648258,1.112385761,330
26,Non-Hodgkin lymphoma,554,New Zealand,2,0,2008,10.129896,16.22458875,1.108144219,353
26,Non-Hodgkin lymphoma,554,New Zealand,2,0,2009,9.0721294,14.92391307,1.059437313,328
26,Non-Hodgkin lymphoma,554,New Zealand,2,0,2010,9.429952115,15.51956815,1.064917671,345
26,Non-Hodgkin lymphoma,554,New Zealand,2,0,2011,9.14413571,15.48650844,1.014817671,347
26,Non-Hodgkin lymphoma,554,New Zealand,2,0,2012,8.23788064,13.71160805,0.9651995145,309
26,Non-Hodgkin lymphoma,554,New Zealand,2,0,2013,8.124467735,14.53802133,0.8846512569,330
26,Non-Hodgkin lymphoma,554,New Zealand,2,0,2014,8.756688861,15.01475363,0.9400116597,345
26,Non-Hodgkin lymphoma,554,New Zealand,2,0,2015,8.994723399,16.77827214,1.008620533,392
26,Non-Hodgkin lymphoma,554,New Zealand,2,0,2016,10.73294271,18.60226838,1.248505049,443
26,Non-Hodgkin lymphoma,554,New Zealand,2,0,2017,8.869753411,16.70719709,1.007581495,405
26,Non-Hodgkin lymphoma,554,New Zealand,2,1,1956,0.2757203458,0.276191467,0.02656162244,3
26,Non-Hodgkin lymphoma,554,New Zealand,2,1,1957,0.2231127006,0.2701369054,0.02223357647,3
26,Non-Hodgkin lymphoma,554,New Zealand,2,1,1958,0.0787329248,0.08803398112,0.01312129322,1
26,Non-Hodgkin lymphoma,554,New Zealand,2,1,1959,0.1214932327,0.1723747859,0.01307770772,2
26,Non-Hodgkin lymphoma,554,New Zealand,2,1,1960,0.1390687025,0.1689794318,0.02501707713,2
26,Non-Hodgkin lymphoma,554,New Zealand,2,1,1961,0.08180851354,0.08274042921,0.00681714375,1
26,Non-Hodgkin lymphoma,554,New Zealand,2,1,1962,0.1113484999,0.08090408699,0.006959039093,1
26,Non-Hodgkin lymphoma,554,New Zealand,2,1,1963,0.07742934572,0.0791322359,0.006452237311,1
26,Non-Hodgkin lymphoma,554,New Zealand,2,1,1964,0.4135988102,0.4651858766,0.06459747454,6
26,Non-Hodgkin lymphoma,554,New Zealand,2,1,1965,0.2989827749,0.3805376312,0.03681106024,5
26,Non-Hodgkin lymphoma,554,New Zealand,2,1,1966,0.3350267136,0.3739032017,0.0476085011,5
26,Non-Hodgkin lymphoma,554,New Zealand,2,1,1967,0.4065542969,0.4414907081,0.06129951571,6
26,Non-Hodgkin lymphoma,554,New Zealand,2,1,1968,0.4895092087,0.5809758724,0.06086206657,8
26,Non-Hodgkin lymphoma,554,New Zealand,2,1,1969,0.6341204787,0.789357169,0.08338187288,11
26,Non-Hodgkin lymphoma,554,New Zealand,2,1,1970,0.7386935876,0.9203429056,0.1068311185,13
26,Non-Hodgkin lymphoma,554,New Zealand,2,1,1971,0.5560435715,0.6271988984,0.0536613031,9
26,Non-Hodgkin lymphoma,554,New Zealand,2,1,1972,0.6433032426,0.8212459053,0.07062003288,12
26,Non-Hodgkin lymphoma,554,New Zealand,2,1,1973,0.8196155362,1.072961373,0.129048505,16
26,Non-Hodgkin lymphoma,554,New Zealand,2,1,1974,0.6726684666,0.8537567266,0.05485175303,13
26,Non-Hodgkin lymphoma,554,New Zealand,2,1,1975,1.048885178,1.355254029,0.1004203236,21
26,Non-Hodgkin lymphoma,554,New Zealand,2,1,1976,1.829082206,2.234356552,0.1770178948,35
26,Non-Hodgkin lymphoma,554,New Zealand,2,1,1977,1.642533681,2.223345188,0.1495008132,35
26,Non-Hodgkin lymphoma,554,New Zealand,2,1,1978,2.399099608,3.23479985,0.2530958816,51
26,Non-Hodgkin lymphoma,554,New Zealand,2,1,1979,1.123965127,1.584389831,0.1147660752,25
26,Non-Hodgkin lymphoma,554,New Zealand,2,1,1980,1.488727712,1.960132176,0.1437204478,31
26,Non-Hodgkin lymphoma,554,New Zealand,2,1,1981,1.541418105,1.950492106,0.1462368375,31
26,Non-Hodgkin lymphoma,554,New Zealand,2,1,1982,2.11128992,3.056348144,0.2089004911,49
26,Non-Hodgkin lymphoma,554,New Zealand,2,1,1983,1.846543498,2.528623556,0.1983075533,41
26,Non-Hodgkin lymphoma,554,New Zealand,2,1,1984,1.644246442,2.380690767,0.1919519692,39
26,Non-Hodgkin lymphoma,554,New Zealand,2,1,1985,1.633209456,2.607809419,0.1861727752,43
26,Non-Hodgkin lymphoma,554,New Zealand,2,1,1986,2.18694471,3.25866957,0.2359554963,54
26,Non-Hodgkin lymphoma,554,New Zealand,2,1,1987,2.420521451,3.896982956,0.2902459106,65
26,Non-Hodgkin lymphoma,554,New Zealand,2,1,1988,3.342748036,5.003639552,0.3826146437,84
26,Non-Hodgkin lymphoma,554,New Zealand,2,1,1989,2.274399498,3.78612197,0.2421532373,64
26,Non-Hodgkin lymphoma,554,New Zealand,2,1,1990,2.84127348,4.465666995,0.3361635827,77
26,Non-Hodgkin lymphoma,554,New Zealand,2,1,1991,3.389328276,5.091301173,0.3809377185,90
26,Non-Hodgkin lymphoma,554,New Zealand,2,1,1992,4.019591426,6.468031198,0.4168355979,116
26,Non-Hodgkin lymphoma,554,New Zealand,2,1,1993,3.768059362,6.010274813,0.4281492265,109
26,Non-Hodgkin lymphoma,554,New Zealand,2,1,1994,3.21688039,5.335079755,0.3695432516,98
26,Non-Hodgkin lymphoma,554,New Zealand,2,1,1995,3.346731499,5.421068042,0.3635007085,101
26,Non-Hodgkin lymphoma,554,New Zealand,2,1,1996,4.318338406,6.823499604,0.4618313237,129
26,Non-Hodgkin lymphoma,554,New Zealand,2,1,1997,4.013461748,6.837928056,0.4494492121,131
26,Non-Hodgkin lymphoma,554,New Zealand,2,1,1998,3.027413943,5.321263537,0.3490679333,103
26,Non-Hodgkin lymphoma,554,New Zealand,2,1,1999,2.269113255,3.896545687,0.2667576422,76
26,Non-Hodgkin lymphoma,554,New Zealand,2,1,2000,2.951010335,5.193784161,0.3215452212,102
26,Non-Hodgkin lymphoma,554,New Zealand,2,1,2001,3.548174002,6.556545286,0.3696500388,130
26,Non-Hodgkin lymphoma,554,New Zealand,2,1,2002,4.025103399,7.251620812,0.4864508017,146
26,Non-Hodgkin lymphoma,554,New Zealand,2,1,2003,4.400881303,7.707514461,0.5494538681,158
26,Non-Hodgkin lymphoma,554,New Zealand,2,1,2004,3.946444884,7.300246407,0.4348056528,152
26,Non-Hodgkin lymphoma,554,New Zealand,2,1,2005,2.62628433,5.119392044,0.2632005017,108
26,Non-Hodgkin lymphoma,554,New Zealand,2,1,2006,3.653891987,6.838313007,0.4041708311,146
26,Non-Hodgkin lymphoma,554,New Zealand,2,1,2007,3.269131836,6.582497233,0.3369201378,142
26,Non-Hodgkin lymphoma,554,New Zealand,2,1,2008,2.667285499,5.648795119,0.2531146322,123
26,Non-Hodgkin lymphoma,554,New Zealand,2,1,2009,3.319742457,6.502139795,0.3636140423,143
26,Non-Hodgkin lymphoma,554,New Zealand,2,1,2010,2.593168106,5.806202465,0.2482251466,129
26,Non-Hodgkin lymphoma,554,New Zealand,2,1,2011,2.792979176,5.937404577,0.2939127916,133
26,Non-Hodgkin lymphoma,554,New Zealand,2,1,2012,2.747731417,5.365894111,0.2781021213,121
26,Non-Hodgkin lymphoma,554,New Zealand,2,1,2013,2.449164812,5.319705508,0.2395278027,121
26,Non-Hodgkin lymphoma,554,New Zealand,2,1,2014,2.074748152,4.991609755,0.19443161,115
26,Non-Hodgkin lymphoma,554,New Zealand,2,1,2015,2.04631681,4.781835174,0.2103779243,112
26,Non-Hodgkin lymphoma,554,New Zealand,2,1,2016,2.792884573,5.908493774,0.2802626878,141
26,Non-Hodgkin lymphoma,554,New Zealand,2,1,2017,2.886880058,6.747307968,0.3157411115,164
26,Non-Hodgkin lymphoma,554,New Zealand,2,1,2018,2.530151571,6.07021908,0.2254826438,150
26,Non-Hodgkin lymphoma,558,Nicaragua,1,1,1998,1.350807571,0.8340850525,0.1349596759,20
26,Non-Hodgkin lymphoma,558,Nicaragua,1,1,1999,0.9371433667,0.5755525819,0.08288501724,14
26,Non-Hodgkin lymphoma,558,Nicaragua,1,1,2000,0.9381746023,0.5677313657,0.1023009207,14
26,Non-Hodgkin lymphoma,558,Nicaragua,1,1,2001,1.405270032,0.8007373189,0.1362281942,20
26,Non-Hodgkin lymphoma,558,Nicaragua,1,1,2002,1.506893462,0.8307458238,0.1286912438,21
26,Non-Hodgkin lymphoma,558,Nicaragua,1,1,2003,1.606302143,0.9775258976,0.2062565397,25
26,Non-Hodgkin lymphoma,558,Nicaragua,1,1,2004,1.746190454,1.159394301,0.1556364003,30
26,Non-Hodgkin lymphoma,558,Nicaragua,1,1,2005,1.573032474,0.9537150635,0.147275457,25
26,Non-Hodgkin lymphoma,558,Nicaragua,1,1,2006,2.398998942,1.541871012,0.2396229881,41
26,Non-Hodgkin lymphoma,558,Nicaragua,1,1,2007,1.573767816,1.111979691,0.149117207,30
26,Non-Hodgkin lymphoma,558,Nicaragua,1,1,2008,2.194648898,1.461348964,0.2623293024,40
26,Non-Hodgkin lymphoma,558,Nicaragua,1,1,2009,1.899131805,1.260435052,0.1979270254,35
26,Non-Hodgkin lymphoma,558,Nicaragua,1,1,2010,1.484582727,1.029505266,0.1626493249,29
26,Non-Hodgkin lymphoma,558,Nicaragua,1,1,2011,1.573198722,1.119923509,0.1526835303,32
26,Non-Hodgkin lymphoma,558,Nicaragua,1,1,2012,1.367758028,0.9316426205,0.1485152337,27
26,Non-Hodgkin lymphoma,558,Nicaragua,1,1,2013,1.489247999,1.088789045,0.1141985658,32
26,Non-Hodgkin lymphoma,558,Nicaragua,1,1,2014,2.213111619,1.577126167,0.2220098297,47
26,Non-Hodgkin lymphoma,558,Nicaragua,1,1,2015,2.763682324,2.05202954,0.3098091519,62
26,Non-Hodgkin lymphoma,558,Nicaragua,1,1,2016,2.238332943,1.50184907,0.2190487112,46
26,Non-Hodgkin lymphoma,558,Nicaragua,1,1,2017,1.752418324,1.352826489,0.1441872139,42
26,Non-Hodgkin lymphoma,558,Nicaragua,1,1,2018,2.642051585,1.970511612,0.3018062461,62
26,Non-Hodgkin lymphoma,558,Nicaragua,1,1,2019,1.881245186,1.442926757,0.1934050359,46
26,Non-Hodgkin lymphoma,558,Nicaragua,1,1,2020,2.775119506,2.044611566,0.3111541184,66
26,Non-Hodgkin lymphoma,558,Nicaragua,1,1,2021,2.458937439,1.836812665,0.265367251,60
26,Non-Hodgkin lymphoma,558,Nicaragua,1,1,2022,2.535765118,1.994553057,0.2517882213,66
26,Non-Hodgkin lymphoma,558,Nicaragua,2,1,1998,0.6075658195,0.3620538591,0.0694793158,9
26,Non-Hodgkin lymphoma,558,Nicaragua,2,1,1999,0.7715534863,0.4758934205,0.07361129939,12
26,Non-Hodgkin lymphoma,558,Nicaragua,2,1,2000,0.8105783815,0.5084713279,0.09186727529,13
26,Non-Hodgkin lymphoma,558,Nicaragua,2,1,2001,0.8710489331,0.463297209,0.07250127203,12
26,Non-Hodgkin lymphoma,558,Nicaragua,2,1,2002,0.5628724065,0.3813793806,0.03467454777,10
26,Non-Hodgkin lymphoma,558,Nicaragua,2,1,2003,0.8696562859,0.5276074359,0.06881270138,14
26,Non-Hodgkin lymphoma,558,Nicaragua,2,1,2004,0.9354282604,0.7820203832,0.05697077122,21
26,Non-Hodgkin lymphoma,558,Nicaragua,2,1,2005,0.6903966831,0.4778052128,0.1035498209,13
26,Non-Hodgkin lymphoma,558,Nicaragua,2,1,2006,1.148731249,0.9058784992,0.1334731317,25
26,Non-Hodgkin lymphoma,558,Nicaragua,2,1,2007,1.498510778,1.071676588,0.1745470242,30
26,Non-Hodgkin lymphoma,558,Nicaragua,2,1,2008,0.8984054327,0.7043746597,0.1098955979,20
26,Non-Hodgkin lymphoma,558,Nicaragua,2,1,2009,0.9405840836,0.7639483071,0.09414034919,22
26,Non-Hodgkin lymphoma,558,Nicaragua,2,1,2010,1.088423092,0.8559990468,0.1347717851,25
26,Non-Hodgkin lymphoma,558,Nicaragua,2,1,2011,1.280781018,0.8778709334,0.1520193485,26
26,Non-Hodgkin lymphoma,558,Nicaragua,2,1,2012,1.268451827,0.965643085,0.1307158792,29
26,Non-Hodgkin lymphoma,558,Nicaragua,2,1,2013,1.742966297,1.346558508,0.1977008238,41
26,Non-Hodgkin lymphoma,558,Nicaragua,2,1,2014,1.639401843,1.360812677,0.1763427351,42
26,Non-Hodgkin lymphoma,558,Nicaragua,2,1,2015,1.250690904,1.05498013,0.1217343168,33
26,Non-Hodgkin lymphoma,558,Nicaragua,2,1,2016,0.9571415098,0.8202474939,0.105613322,26
26,Non-Hodgkin lymphoma,558,Nicaragua,2,1,2017,1.073023358,0.9341077294,0.1053241496,30
26,Non-Hodgkin lymphoma,558,Nicaragua,2,1,2018,1.658388668,1.383045947,0.1824891071,45
26,Non-Hodgkin lymphoma,558,Nicaragua,2,1,2019,1.728917817,1.547474234,0.1726461725,51
26,Non-Hodgkin lymphoma,558,Nicaragua,2,1,2020,1.527710467,1.318442524,0.1687820767,44
26,Non-Hodgkin lymphoma,558,Nicaragua,2,1,2021,1.512910483,1.361666253,0.1651648317,46
26,Non-Hodgkin lymphoma,558,Nicaragua,2,1,2022,1.369662529,1.256706943,0.154869938,43
26,Non-Hodgkin lymphoma,56,Belgium,1,1,1992,3.321349065,5.212469204,0.3891105266,256
26,Non-Hodgkin lymphoma,56,Belgium,1,1,1993,3.708654518,5.921599643,0.384286875,292
26,Non-Hodgkin lymphoma,56,Belgium,1,1,1994,3.627733727,5.942395149,0.3968929099,294
26,Non-Hodgkin lymphoma,56,Belgium,1,1,1995,3.779791737,6.072711133,0.3977798547,301
26,Non-Hodgkin lymphoma,56,Belgium,1,1,1996,3.924254124,6.505160123,0.4074608898,323
26,Non-Hodgkin lymphoma,56,Belgium,1,1,1997,4.022495991,6.77825648,0.446559995,337
26,Non-Hodgkin lymphoma,56,Belgium,1,1,1998,4.276136541,7.156897435,0.4718227347,357
26,Non-Hodgkin lymphoma,56,Belgium,1,1,1999,4.004842196,6.900184925,0.4408740559,345
26,Non-Hodgkin lymphoma,56,Belgium,1,1,2000,4.666911864,8.200283239,0.5206725994,411
26,Non-Hodgkin lymphoma,56,Belgium,1,1,2001,3.740485595,6.779108418,0.3924193388,341
26,Non-Hodgkin lymphoma,56,Belgium,1,1,2002,3.564488047,6.489147593,0.4048920797,328
26,Non-Hodgkin lymphoma,56,Belgium,1,1,2003,3.662967222,6.874096975,0.3865463417,349
26,Non-Hodgkin lymphoma,56,Belgium,1,1,2004,3.450978418,6.393096397,0.3692172968,326
26,Non-Hodgkin lymphoma,56,Belgium,1,1,2005,3.274437211,6.260263126,0.3797908622,321
26,Non-Hodgkin lymphoma,56,Belgium,1,1,2006,3.385879987,6.585805884,0.3509122924,340
26,Non-Hodgkin lymphoma,56,Belgium,1,1,2007,3.677156106,7.053807288,0.365275875,367
26,Non-Hodgkin lymphoma,56,Belgium,1,1,2008,3.24739766,6.728313008,0.3439252481,353
26,Non-Hodgkin lymphoma,56,Belgium,1,1,2009,3.078761821,6.369980569,0.3338006493,337
26,Non-Hodgkin lymphoma,56,Belgium,1,1,2010,3.585814025,7.529807212,0.3661957152,400
26,Non-Hodgkin lymphoma,56,Belgium,1,1,2011,3.101548525,6.516445324,0.3160686423,352
26,Non-Hodgkin lymphoma,56,Belgium,1,1,2012,3.556889011,7.612192715,0.3567434186,415
26,Non-Hodgkin lymphoma,56,Belgium,1,1,2013,3.295385844,7.349318951,0.322375908,404
26,Non-Hodgkin lymphoma,56,Belgium,1,1,2014,3.532973583,7.769793867,0.3808287375,429
26,Non-Hodgkin lymphoma,56,Belgium,1,1,2015,3.257839733,7.54340662,0.3305100797,418
26,Non-Hodgkin lymphoma,56,Belgium,1,1,2016,3.096963168,7.294105112,0.3214121391,408
26,Non-Hodgkin lymphoma,56,Belgium,1,1,2017,2.585056629,6.39086114,0.2542767957,358
26,Non-Hodgkin lymphoma,56,Belgium,1,1,2018,2.805067182,6.892228462,0.2572244375,388
26,Non-Hodgkin lymphoma,56,Belgium,1,1,2019,2.876561936,7.151645973,0.2810755525,405
26,Non-Hodgkin lymphoma,56,Belgium,1,1,2020,2.834326385,7.380259247,0.2749870587,420
26,Non-Hodgkin lymphoma,56,Belgium,1,1,2021,2.742010164,6.99659703,0.2757440321,400
26,Non-Hodgkin lymphoma,56,Belgium,2,1,1992,2.372610387,5.161868402,0.2717612304,265
26,Non-Hodgkin lymphoma,56,Belgium,2,1,1993,2.483694952,5.298398836,0.275317587,273
26,Non-Hodgkin lymphoma,56,Belgium,2,1,1994,2.293754869,5.08930472,0.2509342113,263
26,Non-Hodgkin lymphoma,56,Belgium,2,1,1995,2.490168607,5.463214996,0.2698482999,283
26,Non-Hodgkin lymphoma,56,Belgium,2,1,1996,2.042677361,5.008321519,0.218005504,260
26,Non-Hodgkin lymphoma,56,Belgium,2,1,1997,2.662587472,6.405760491,0.3034549341,333
26,Non-Hodgkin lymphoma,56,Belgium,2,1,1998,2.52080487,5.829547483,0.2797886653,304
26,Non-Hodgkin lymphoma,56,Belgium,2,1,1999,2.434896597,5.93124463,0.2619424846,310
26,Non-Hodgkin lymphoma,56,Belgium,2,1,2000,2.48978518,6.20319096,0.2731238933,325
26,Non-Hodgkin lymphoma,56,Belgium,2,1,2001,2.578149336,6.468281923,0.275619133,340
26,Non-Hodgkin lymphoma,56,Belgium,2,1,2002,2.543931847,6.214232639,0.2712481049,328
26,Non-Hodgkin lymphoma,56,Belgium,2,1,2003,2.43563206,6.189727995,0.2707244718,328
26,Non-Hodgkin lymphoma,56,Belgium,2,1,2004,2.043509324,5.467986349,0.2112226628,291
26,Non-Hodgkin lymphoma,56,Belgium,2,1,2005,2.151299176,5.98013474,0.2123493136,320
26,Non-Hodgkin lymphoma,56,Belgium,2,1,2006,1.862040903,5.644945726,0.1871689718,304
26,Non-Hodgkin lymphoma,56,Belgium,2,1,2007,2.035043614,5.993163,0.2111928203,325
26,Non-Hodgkin lymphoma,56,Belgium,2,1,2008,2.223319145,6.314634632,0.2342023548,345
26,Non-Hodgkin lymphoma,56,Belgium,2,1,2009,2.076401192,6.193171747,0.2012354209,341
26,Non-Hodgkin lymphoma,56,Belgium,2,1,2010,1.896643351,6.114676599,0.179593956,338
26,Non-Hodgkin lymphoma,56,Belgium,2,1,2011,2.216608959,6.376229701,0.222833059,357
26,Non-Hodgkin lymphoma,56,Belgium,2,1,2012,1.736653737,5.369417711,0.172689605,303
26,Non-Hodgkin lymphoma,56,Belgium,2,1,2013,1.810672915,5.614884407,0.1931124056,319
26,Non-Hodgkin lymphoma,56,Belgium,2,1,2014,1.700548615,5.765960538,0.1679841743,329
26,Non-Hodgkin lymphoma,56,Belgium,2,1,2015,1.949321947,6.568177773,0.1924769635,376
26,Non-Hodgkin lymphoma,56,Belgium,2,1,2016,1.800638786,6.112489605,0.1624865658,352
26,Non-Hodgkin lymphoma,56,Belgium,2,1,2017,1.619639326,5.750492039,0.1572311765,332
26,Non-Hodgkin lymphoma,56,Belgium,2,1,2018,1.681109263,5.623076554,0.1604965889,326
26,Non-Hodgkin lymphoma,56,Belgium,2,1,2019,1.640673977,5.715797176,0.1433118583,333
26,Non-Hodgkin lymphoma,56,Belgium,2,1,2020,1.472312495,5.301174244,0.1357611503,310
26,Non-Hodgkin lymphoma,56,Belgium,2,1,2021,1.709857026,5.588550151,0.1568468402,328
26,Non-Hodgkin lymphoma,578,Norway,1,0,1953,3.514773212,4.130667995,0.3732657181,69
26,Non-Hodgkin lymphoma,578,Norway,1,0,1954,3.400518277,3.791069425,0.3822199759,64
26,Non-Hodgkin lymphoma,578,Norway,1,0,1955,3.666197272,4.220060939,0.3659758234,72
26,Non-Hodgkin lymphoma,578,Norway,1,0,1956,3.514409158,4.236664735,0.3690164237,73
26,Non-Hodgkin lymphoma,578,Norway,1,0,1957,3.9606429,4.71527773,0.4482326435,82
26,Non-Hodgkin lymphoma,578,Norway,1,0,1958,4.404056283,5.242363884,0.4419080819,92
26,Non-Hodgkin lymphoma,578,Norway,1,0,1959,4.503126364,5.423177304,0.4905454109,96
26,Non-Hodgkin lymphoma,578,Norway,1,0,1960,4.681970879,5.491885179,0.4742153318,98
26,Non-Hodgkin lymphoma,578,Norway,1,0,1961,3.688449196,4.558919025,0.4069099844,82
26,Non-Hodgkin lymphoma,578,Norway,1,0,1962,4.007301495,5.018826113,0.44506128,91
26,Non-Hodgkin lymphoma,578,Norway,1,0,1963,4.414843223,5.528524174,0.4953002517,101
26,Non-Hodgkin lymphoma,578,Norway,1,0,1964,4.301012748,5.649640786,0.5054861654,104
26,Non-Hodgkin lymphoma,578,Norway,1,0,1965,4.723800484,6.144962909,0.517944804,114
26,Non-Hodgkin lymphoma,578,Norway,1,0,1966,5.285536858,6.473847662,0.5719857158,121
26,Non-Hodgkin lymphoma,578,Norway,1,0,1967,4.342974754,5.890705131,0.4760584934,111
26,Non-Hodgkin lymphoma,578,Norway,1,0,1968,5.107769976,6.57634452,0.5830891475,125
26,Non-Hodgkin lymphoma,578,Norway,1,0,1969,5.109049532,6.471638956,0.5065368512,124
26,Non-Hodgkin lymphoma,578,Norway,1,0,1970,4.764926683,6.17032535,0.5063664307,119
26,Non-Hodgkin lymphoma,578,Norway,1,0,1971,3.774340112,5.100359884,0.4284585233,99
26,Non-Hodgkin lymphoma,578,Norway,1,0,1972,5.033184571,6.596199822,0.5674493876,129
26,Non-Hodgkin lymphoma,578,Norway,1,0,1973,4.206642879,5.739717525,0.4952513341,113
26,Non-Hodgkin lymphoma,578,Norway,1,0,1974,5.042003131,7.018911675,0.5771876921,139
26,Non-Hodgkin lymphoma,578,Norway,1,0,1975,5.300644625,7.48540033,0.5861006427,149
26,Non-Hodgkin lymphoma,578,Norway,1,0,1976,5.083714594,7.253664914,0.5487173059,145
26,Non-Hodgkin lymphoma,578,Norway,1,0,1977,4.458651669,6.478912759,0.4813998197,130
26,Non-Hodgkin lymphoma,578,Norway,1,0,1978,3.599181082,5.315094446,0.3998482161,107
26,Non-Hodgkin lymphoma,578,Norway,1,0,1979,4.174229291,5.844156166,0.4791064714,118
26,Non-Hodgkin lymphoma,578,Norway,1,0,1980,3.50955064,5.037733613,0.4031442384,102
26,Non-Hodgkin lymphoma,578,Norway,1,0,1981,4.810653025,6.648440091,0.5146635535,135
26,Non-Hodgkin lymphoma,578,Norway,1,0,1982,5.874967191,8.149241077,0.6375130924,166
26,Non-Hodgkin lymphoma,578,Norway,1,0,1983,6.296173791,9.251112642,0.7016278888,189
26,Non-Hodgkin lymphoma,578,Norway,1,0,1984,7.482358565,10.74320779,0.8283966686,220
26,Non-Hodgkin lymphoma,578,Norway,1,0,1985,6.719470206,9.302345969,0.740894377,191
26,Non-Hodgkin lymphoma,578,Norway,1,0,1986,7.40120029,10.77716988,0.7797292847,222
26,Non-Hodgkin lymphoma,578,Norway,1,0,1987,7.543145375,11.01562358,0.8547801102,228
26,Non-Hodgkin lymphoma,578,Norway,1,0,1988,8.989889377,12.77545269,0.864726809,266
26,Non-Hodgkin lymphoma,578,Norway,1,0,1989,8.235122369,11.86216357,0.8795109536,248
26,Non-Hodgkin lymphoma,578,Norway,1,0,1990,8.826650789,12.58859102,0.980662433,264
26,Non-Hodgkin lymphoma,578,Norway,1,0,1991,7.697750678,11.05745057,0.8583631258,233
26,Non-Hodgkin lymphoma,578,Norway,1,0,1992,8.329833313,12.07610114,0.8653488216,256
26,Non-Hodgkin lymphoma,578,Norway,1,0,1993,10.63800801,15.38281519,1.162492894,328
26,Non-Hodgkin lymphoma,578,Norway,1,0,1994,10.58179578,14.69115005,1.141356304,315
26,Non-Hodgkin lymphoma,578,Norway,1,0,1995,9.445703971,13.82535835,1.00135518,298
26,Non-Hodgkin lymphoma,578,Norway,1,0,1996,11.49764074,16.06334497,1.223407771,348
26,Non-Hodgkin lymphoma,578,Norway,1,0,1997,9.812076634,14.45866085,1.032221076,315
26,Non-Hodgkin lymphoma,578,Norway,1,0,1998,11.17804778,16.3752533,1.210829103,359
26,Non-Hodgkin lymphoma,578,Norway,1,0,1999,10.12232842,14.39989458,1.050687658,318
26,Non-Hodgkin lymphoma,578,Norway,1,0,2000,11.58644811,16.59008178,1.29356026,369
26,Non-Hodgkin lymphoma,578,Norway,1,0,2001,10.23911023,14.88855381,1.178422311,333
26,Non-Hodgkin lymphoma,578,Norway,1,0,2002,9.297740851,14.09502492,1.01015338,317
26,Non-Hodgkin lymphoma,578,Norway,1,0,2003,10.2681513,15.29229048,1.126357851,346
26,Non-Hodgkin lymphoma,578,Norway,1,0,2004,10.85829135,16.2525952,1.198203754,370
26,Non-Hodgkin lymphoma,578,Norway,1,0,2005,10.98514191,17.18253896,1.208762515,394
26,Non-Hodgkin lymphoma,578,Norway,1,0,2006,11.8757155,18.7563381,1.328728444,434
26,Non-Hodgkin lymphoma,578,Norway,1,0,2007,11.10758735,16.86060632,1.224177463,395
26,Non-Hodgkin lymphoma,578,Norway,1,0,2008,11.76070152,18.67608828,1.308818237,444
26,Non-Hodgkin lymphoma,578,Norway,1,0,2009,11.72991298,18.41633994,1.39899834,444
26,Non-Hodgkin lymphoma,578,Norway,1,0,2010,12.78516649,20.62361473,1.415843796,504
26,Non-Hodgkin lymphoma,578,Norway,1,0,2011,12.01378143,18.8720331,1.33148629,468
26,Non-Hodgkin lymphoma,578,Norway,1,0,2012,12.04197532,19.86184498,1.359758743,500
26,Non-Hodgkin lymphoma,578,Norway,1,0,2013,12.32637127,20.02609271,1.399645901,511
26,Non-Hodgkin lymphoma,578,Norway,1,0,2014,11.77122267,19.70478439,1.33750591,509
26,Non-Hodgkin lymphoma,578,Norway,1,0,2015,12.25744475,21.17177951,1.370455131,553
26,Non-Hodgkin lymphoma,578,Norway,1,0,2016,12.29633612,20.47687999,1.310802293,540
26,Non-Hodgkin lymphoma,578,Norway,1,0,2017,10.96425734,18.99389168,1.239047723,505
26,Non-Hodgkin lymphoma,578,Norway,1,0,2018,11.61061855,20.77168297,1.349818769,556
26,Non-Hodgkin lymphoma,578,Norway,1,0,2019,11.96329591,21.77447101,1.384306273,587
26,Non-Hodgkin lymphoma,578,Norway,1,0,2020,11.18158969,20.6420374,1.225542423,560
26,Non-Hodgkin lymphoma,578,Norway,1,0,2021,10.91884946,21.29534722,1.224624626,581
26,Non-Hodgkin lymphoma,578,Norway,1,0,2022,11.50474168,21.18920506,1.348719842,583
26,Non-Hodgkin lymphoma,578,Norway,1,0,2023,10.48609249,21.29041493,1.171330814,592
26,Non-Hodgkin lymphoma,578,Norway,1,1,1997,5.371937662,8.629791141,0.5544012954,188
26,Non-Hodgkin lymphoma,578,Norway,1,1,1998,5.19528956,8.528687403,0.5597584407,187
26,Non-Hodgkin lymphoma,578,Norway,1,1,1999,5.262774772,8.467845282,0.5651950862,187
26,Non-Hodgkin lymphoma,578,Norway,1,1,2000,4.831260036,7.814409138,0.5186778,173
26,Non-Hodgkin lymphoma,578,Norway,1,1,2001,5.753274095,9.389150792,0.6777550716,210
26,Non-Hodgkin lymphoma,578,Norway,1,1,2002,4.262261891,7.558831049,0.4776801651,170
26,Non-Hodgkin lymphoma,578,Norway,1,1,2003,3.981616921,6.983159977,0.4438107452,158
26,Non-Hodgkin lymphoma,578,Norway,1,1,2004,4.127954882,7.467265922,0.4298921786,170
26,Non-Hodgkin lymphoma,578,Norway,1,1,2005,3.938372424,6.977551473,0.4350402869,160
26,Non-Hodgkin lymphoma,578,Norway,1,1,2006,4.047582746,7.260500715,0.4441862042,168
26,Non-Hodgkin lymphoma,578,Norway,1,1,2007,3.983397852,7.256441799,0.4290920131,170
26,Non-Hodgkin lymphoma,578,Norway,1,1,2008,3.529176567,6.982485319,0.3246394354,166
26,Non-Hodgkin lymphoma,578,Norway,1,1,2009,3.657949779,7.092779571,0.3779546035,171
26,Non-Hodgkin lymphoma,578,Norway,1,1,2010,3.679192472,6.751760675,0.374940374,165
26,Non-Hodgkin lymphoma,578,Norway,1,1,2011,3.334046034,6.572938446,0.3164663481,163
26,Non-Hodgkin lymphoma,578,Norway,1,1,2012,3.212244178,6.395514083,0.3123634696,161
26,Non-Hodgkin lymphoma,578,Norway,1,1,2013,3.186251276,6.387970863,0.3601465066,163
26,Non-Hodgkin lymphoma,578,Norway,1,1,2014,2.793803291,5.84562366,0.2595269137,151
26,Non-Hodgkin lymphoma,578,Norway,1,1,2015,3.406518558,7.235903866,0.3467447723,189
26,Non-Hodgkin lymphoma,578,Norway,1,1,2016,2.637638887,5.498421479,0.2791349392,145
26,Non-Hodgkin lymphoma,578,Norway,2,0,1953,2.476178741,3.016937442,0.2750089132,51
26,Non-Hodgkin lymphoma,578,Norway,2,0,1954,1.12344722,1.523972081,0.1117722814,26
26,Non-Hodgkin lymphoma,578,Norway,2,0,1955,2.500443103,3.135773778,0.2640390944,54
26,Non-Hodgkin lymphoma,578,Norway,2,0,1956,2.518766019,3.165052298,0.2842241073,55
26,Non-Hodgkin lymphoma,578,Norway,2,0,1957,1.691080167,2.110775796,0.1854247869,37
26,Non-Hodgkin lymphoma,578,Norway,2,0,1958,2.631282964,3.619786659,0.3035275297,64
26,Non-Hodgkin lymphoma,578,Norway,2,0,1959,2.685816366,3.702303394,0.3137629091,66
26,Non-Hodgkin lymphoma,578,Norway,2,0,1960,2.174900492,2.949708035,0.2567521098,53
26,Non-Hodgkin lymphoma,578,Norway,2,0,1961,2.660694555,3.533709379,0.2942694928,64
26,Non-Hodgkin lymphoma,578,Norway,2,0,1962,2.725219399,3.888824532,0.3062355467,71
26,Non-Hodgkin lymphoma,578,Norway,2,0,1963,2.093817389,3.207135278,0.228054523,59
26,Non-Hodgkin lymphoma,578,Norway,2,0,1964,2.828536429,4.154272413,0.3163126485,77
26,Non-Hodgkin lymphoma,578,Norway,2,0,1965,2.903901422,4.389746302,0.3157990978,82
26,Non-Hodgkin lymphoma,578,Norway,2,0,1966,3.437111788,4.883347705,0.3572317772,92
26,Non-Hodgkin lymphoma,578,Norway,2,0,1967,3.377768349,5.049803689,0.3354408198,96
26,Non-Hodgkin lymphoma,578,Norway,2,0,1968,4.014015969,6.151502648,0.4693933023,118
26,Non-Hodgkin lymphoma,578,Norway,2,0,1969,3.741871013,5.323205117,0.4291031946,103
26,Non-Hodgkin lymphoma,578,Norway,2,0,1970,3.095446046,4.874792244,0.3077625225,95
26,Non-Hodgkin lymphoma,578,Norway,2,0,1971,2.962205099,4.638125545,0.338584439,91
26,Non-Hodgkin lymphoma,578,Norway,2,0,1972,3.335153174,5.006745198,0.3943036167,99
26,Non-Hodgkin lymphoma,578,Norway,2,0,1973,3.489555132,5.321620413,0.3831785084,106
26,Non-Hodgkin lymphoma,578,Norway,2,0,1974,3.004674464,4.937916917,0.3249139138,99
26,Non-Hodgkin lymphoma,578,Norway,2,0,1975,3.521932791,6.049270815,0.3787291966,122
26,Non-Hodgkin lymphoma,578,Norway,2,0,1976,3.666527327,6.116926028,0.4500994344,124
26,Non-Hodgkin lymphoma,578,Norway,2,0,1977,3.841325523,5.302707253,0.3878702075,108
26,Non-Hodgkin lymphoma,578,Norway,2,0,1978,3.134184644,5.328675387,0.3804373318,109
26,Non-Hodgkin lymphoma,578,Norway,2,0,1979,3.329498287,5.259554126,0.3659021766,108
26,Non-Hodgkin lymphoma,578,Norway,2,0,1980,2.743459711,5.046338978,0.3314178506,104
26,Non-Hodgkin lymphoma,578,Norway,2,0,1981,3.440680623,5.896140927,0.3882884542,122
26,Non-Hodgkin lymphoma,578,Norway,2,0,1982,4.190009563,7.219217557,0.4503124939,150
26,Non-Hodgkin lymphoma,578,Norway,2,0,1983,5.49209794,9.158762838,0.6018427579,191
26,Non-Hodgkin lymphoma,578,Norway,2,0,1984,5.53020762,9.463299485,0.628223107,198
26,Non-Hodgkin lymphoma,578,Norway,2,0,1985,5.729836064,9.622390254,0.6773623595,202
26,Non-Hodgkin lymphoma,578,Norway,2,0,1986,5.364699601,8.639161223,0.5784424543,182
26,Non-Hodgkin lymphoma,578,Norway,2,0,1987,5.920565996,9.591945412,0.6511710111,203
26,Non-Hodgkin lymphoma,578,Norway,2,0,1988,6.072961301,10.38841875,0.7015634699,221
26,Non-Hodgkin lymphoma,578,Norway,2,0,1989,6.478046548,10.34537641,0.6970330246,221
26,Non-Hodgkin lymphoma,578,Norway,2,0,1990,5.824339935,9.933144806,0.6214737957,213
26,Non-Hodgkin lymphoma,578,Norway,2,0,1991,6.322334641,11.18560186,0.6945971179,241
26,Non-Hodgkin lymphoma,578,Norway,2,0,1992,6.59391661,11.67776208,0.7119681017,253
26,Non-Hodgkin lymphoma,578,Norway,2,0,1993,7.288593366,12.34449776,0.7984554226,269
26,Non-Hodgkin lymphoma,578,Norway,2,0,1994,7.282036722,12.13652588,0.8209153988,266
26,Non-Hodgkin lymphoma,578,Norway,2,0,1995,7.009301557,11.79927616,0.792690829,260
26,Non-Hodgkin lymphoma,578,Norway,2,0,1996,6.940738058,11.69398424,0.7342936089,259
26,Non-Hodgkin lymphoma,578,Norway,2,0,1997,8.56569462,14.46195574,0.9777093367,322
26,Non-Hodgkin lymphoma,578,Norway,2,0,1998,7.330019095,13.13009084,0.7842739629,294
26,Non-Hodgkin lymphoma,578,Norway,2,0,1999,7.977704353,13.88911384,0.9134987682,313
26,Non-Hodgkin lymphoma,578,Norway,2,0,2000,7.596360018,13.3230631,0.8883420283,302
26,Non-Hodgkin lymphoma,578,Norway,2,0,2001,7.878699865,13.92101078,0.9213695234,317
26,Non-Hodgkin lymphoma,578,Norway,2,0,2002,7.421075934,13.62958161,0.8828725731,312
26,Non-Hodgkin lymphoma,578,Norway,2,0,2003,7.042758926,12.59622812,0.8497387211,290
26,Non-Hodgkin lymphoma,578,Norway,2,0,2004,8.3569757,14.16632169,0.9336708398,328
26,Non-Hodgkin lymphoma,578,Norway,2,0,2005,7.213920113,13.04572376,0.7872900002,304
26,Non-Hodgkin lymphoma,578,Norway,2,0,2006,8.864009988,15.21225571,0.9543651771,357
26,Non-Hodgkin lymphoma,578,Norway,2,0,2007,8.764907579,14.83257258,1.019327992,351
26,Non-Hodgkin lymphoma,578,Norway,2,0,2008,7.930776276,14.26276957,0.9612060458,341
26,Non-Hodgkin lymphoma,578,Norway,2,0,2009,8.437761628,15.09622499,0.9626082454,365
26,Non-Hodgkin lymphoma,578,Norway,2,0,2010,8.47296155,14.92566915,0.9470382126,365
26,Non-Hodgkin lymphoma,578,Norway,2,0,2011,9.123156347,16.73926074,1.052260638,414
26,Non-Hodgkin lymphoma,578,Norway,2,0,2012,9.752544037,16.87201616,1.081250895,422
26,Non-Hodgkin lymphoma,578,Norway,2,0,2013,8.164926847,15.06825504,0.9655882629,381
26,Non-Hodgkin lymphoma,578,Norway,2,0,2014,8.433821293,16.36456172,1.002929968,418
26,Non-Hodgkin lymphoma,578,Norway,2,0,2015,8.499958391,16.48612101,0.9960587563,425
26,Non-Hodgkin lymphoma,578,Norway,2,0,2016,7.955585609,15.54425775,0.9695065458,404
26,Non-Hodgkin lymphoma,578,Norway,2,0,2017,7.608672673,15.31576349,0.8727717182,401
26,Non-Hodgkin lymphoma,578,Norway,2,0,2018,8.379698071,16.39348306,0.9267174867,432
26,Non-Hodgkin lymphoma,578,Norway,2,0,2019,8.020164023,16.32681687,0.9277383769,433
26,Non-Hodgkin lymphoma,578,Norway,2,0,2020,8.078355668,15.86311073,0.8568452621,423
26,Non-Hodgkin lymphoma,578,Norway,2,0,2021,8.17294277,16.64164202,0.966656933,446
26,Non-Hodgkin lymphoma,578,Norway,2,0,2022,7.455249346,15.9291813,0.8507895864,431
26,Non-Hodgkin lymphoma,578,Norway,2,0,2023,7.992007448,16.50237614,0.8788356211,452
26,Non-Hodgkin lymphoma,578,Norway,2,1,1997,4.221873654,8.443745789,0.4656182517,188
26,Non-Hodgkin lymphoma,578,Norway,2,1,1998,3.570146789,8.351196856,0.3813503166,187
26,Non-Hodgkin lymphoma,578,Norway,2,1,1999,3.266301046,7.58796717,0.3323015731,171
26,Non-Hodgkin lymphoma,578,Norway,2,1,2000,3.260747006,7.3134116,0.3577042011,165
26,Non-Hodgkin lymphoma,578,Norway,2,1,2001,3.068486057,6.675045605,0.3937716698,152
26,Non-Hodgkin lymphoma,578,Norway,2,1,2002,3.329169103,7.251622114,0.3736228973,166
26,Non-Hodgkin lymphoma,578,Norway,2,1,2003,2.895553225,5.994052857,0.3316472099,138
26,Non-Hodgkin lymphoma,578,Norway,2,1,2004,2.392677798,6.089676314,0.2481768932,141
26,Non-Hodgkin lymphoma,578,Norway,2,1,2005,2.676005174,6.565661334,0.2909926129,153
26,Non-Hodgkin lymphoma,578,Norway,2,1,2006,2.539068902,6.391687738,0.2508179585,150
26,Non-Hodgkin lymphoma,578,Norway,2,1,2007,2.279809748,6.042883343,0.2349823134,143
26,Non-Hodgkin lymphoma,578,Norway,2,1,2008,2.306405062,6.441234609,0.2539216576,154
26,Non-Hodgkin lymphoma,578,Norway,2,1,2009,1.764358545,4.839063902,0.1738376276,117
26,Non-Hodgkin lymphoma,578,Norway,2,1,2010,2.217660513,5.602222569,0.2402382486,137
26,Non-Hodgkin lymphoma,578,Norway,2,1,2011,2.211581731,6.428827022,0.2193136595,159
26,Non-Hodgkin lymphoma,578,Norway,2,1,2012,1.802729161,5.357464848,0.1786093097,134
26,Non-Hodgkin lymphoma,578,Norway,2,1,2013,1.533238747,4.508611745,0.1465563827,114
26,Non-Hodgkin lymphoma,578,Norway,2,1,2014,1.871891366,5.246055671,0.1914437757,134
26,Non-Hodgkin lymphoma,578,Norway,2,1,2015,1.922064479,5.469500359,0.1677216791,141
26,Non-Hodgkin lymphoma,578,Norway,2,1,2016,1.74245918,4.655582149,0.186608127,121
26,Non-Hodgkin lymphoma,591,Panama,1,1,1999,3.185233936,2.223623779,0.2950409186,33
26,Non-Hodgkin lymphoma,591,Panama,1,1,2000,2.28751351,1.718300495,0.1955154751,26
26,Non-Hodgkin lymphoma,591,Panama,1,1,2001,3.484413253,2.269049644,0.3024329087,35
26,Non-Hodgkin lymphoma,591,Panama,1,1,2002,3.060767621,2.035374814,0.2611061094,32
26,Non-Hodgkin lymphoma,591,Panama,1,1,2003,3.766159689,2.870994962,0.4713854681,46
26,Non-Hodgkin lymphoma,591,Panama,1,1,2004,2.8010964,2.266180683,0.2803386147,37
26,Non-Hodgkin lymphoma,591,Panama,1,1,2005,2.905803446,2.344584131,0.2756316655,39
26,Non-Hodgkin lymphoma,591,Panama,1,1,2006,3.302263296,2.715254774,0.2732299835,46
26,Non-Hodgkin lymphoma,591,Panama,1,1,2007,2.779118425,2.202838531,0.3158280421,38
26,Non-Hodgkin lymphoma,591,Panama,1,1,2008,2.67536015,2.220643098,0.259650627,39
26,Non-Hodgkin lymphoma,591,Panama,1,1,2009,3.089015618,2.461305756,0.3059491061,44
26,Non-Hodgkin lymphoma,591,Panama,1,1,2010,2.674386775,2.253642518,0.3142050756,41
26,Non-Hodgkin lymphoma,591,Panama,1,1,2011,2.09976442,1.890561345,0.1986229402,35
26,Non-Hodgkin lymphoma,591,Panama,1,1,2012,2.131776188,1.911085677,0.2044829037,36
26,Non-Hodgkin lymphoma,591,Panama,1,1,2013,3.007728381,2.765514143,0.3082452133,53
26,Non-Hodgkin lymphoma,591,Panama,1,1,2014,2.490869815,2.359482555,0.2316434101,46
26,Non-Hodgkin lymphoma,591,Panama,1,1,2015,2.751937094,2.82348006,0.2025687211,56
26,Non-Hodgkin lymphoma,591,Panama,1,1,2016,2.281093541,2.279723004,0.2466530786,46
26,Non-Hodgkin lymphoma,591,Panama,1,1,2017,2.57238075,2.58219668,0.2860409386,53
26,Non-Hodgkin lymphoma,591,Panama,1,1,2018,2.899666207,3.018739183,0.2851714622,63
26,Non-Hodgkin lymphoma,591,Panama,1,1,2019,2.553008329,2.735663238,0.2751786262,58
26,Non-Hodgkin lymphoma,591,Panama,1,1,2020,2.215733309,2.375327888,0.2445698449,51
26,Non-Hodgkin lymphoma,591,Panama,1,1,2021,2.16871947,2.299902714,0.2346280307,50
26,Non-Hodgkin lymphoma,591,Panama,1,1,2022,2.635218619,3.08922406,0.2235264584,68
26,Non-Hodgkin lymphoma,591,Panama,2,1,1999,1.320564892,1.090097216,0.1262497532,16
26,Non-Hodgkin lymphoma,591,Panama,2,1,2000,1.96767365,1.66973341,0.1748374497,25
26,Non-Hodgkin lymphoma,591,Panama,2,1,2001,1.709115556,1.506178935,0.1762896723,23
26,Non-Hodgkin lymphoma,591,Panama,2,1,2002,2.019298521,1.733939227,0.2310181848,27
26,Non-Hodgkin lymphoma,591,Panama,2,1,2003,1.994187647,1.763697314,0.1903595978,28
26,Non-Hodgkin lymphoma,591,Panama,2,1,2004,1.938235592,1.791836762,0.18434956,29
26,Non-Hodgkin lymphoma,591,Panama,2,1,2005,1.724103667,1.576124383,0.1964383003,26
26,Non-Hodgkin lymphoma,591,Panama,2,1,2006,1.709026351,1.606289994,0.180221409,27
26,Non-Hodgkin lymphoma,591,Panama,2,1,2007,2.567740111,2.511032484,0.2172066921,43
26,Non-Hodgkin lymphoma,591,Panama,2,1,2008,1.916058493,1.777113303,0.2739376742,31
26,Non-Hodgkin lymphoma,591,Panama,2,1,2009,1.571161437,1.519661037,0.1780516296,27
26,Non-Hodgkin lymphoma,591,Panama,2,1,2010,1.530183242,1.658139225,0.1380804712,30
26,Non-Hodgkin lymphoma,591,Panama,2,1,2011,1.436178036,1.465635728,0.1665901047,27
26,Non-Hodgkin lymphoma,591,Panama,2,1,2012,1.927098846,2.07943772,0.1912738129,39
26,Non-Hodgkin lymphoma,591,Panama,2,1,2013,1.439962103,1.571609606,0.1628717012,30
26,Non-Hodgkin lymphoma,591,Panama,2,1,2014,1.555280947,1.595861879,0.2051468458,31
26,Non-Hodgkin lymphoma,591,Panama,2,1,2015,1.275778221,1.467117595,0.1622886686,29
26,Non-Hodgkin lymphoma,591,Panama,2,1,2016,2.847588625,3.231745486,0.3180026129,65
26,Non-Hodgkin lymphoma,591,Panama,2,1,2017,1.522504025,1.808240494,0.171797919,37
26,Non-Hodgkin lymphoma,591,Panama,2,1,2018,1.868743779,2.258642431,0.1772942664,47
26,Non-Hodgkin lymphoma,591,Panama,2,1,2019,1.804064407,2.175397578,0.1937675032,46
26,Non-Hodgkin lymphoma,591,Panama,2,1,2020,1.400238223,1.773231668,0.1542887112,38
26,Non-Hodgkin lymphoma,591,Panama,2,1,2021,1.296812656,1.703967435,0.1391342916,37
26,Non-Hodgkin lymphoma,591,Panama,2,1,2022,1.17901732,1.636680557,0.1354082643,36
26,Non-Hodgkin lymphoma,600,Paraguay,1,1,1997,2.494862814,1.486992533,0.2262755358,36
26,Non-Hodgkin lymphoma,600,Paraguay,1,1,1998,0.9361260251,0.6061913964,0.1280359267,15
26,Non-Hodgkin lymphoma,600,Paraguay,1,1,1999,1.616084393,0.8311416918,0.2040030328,21
26,Non-Hodgkin lymphoma,600,Paraguay,1,1,2000,1.290898047,0.8151903343,0.1219442694,21
26,Non-Hodgkin lymphoma,600,Paraguay,1,1,2001,1.765449794,1.145034016,0.2022360988,30
26,Non-Hodgkin lymphoma,600,Paraguay,1,1,2002,1.560529854,0.9784439392,0.2264230727,26
26,Non-Hodgkin lymphoma,600,Paraguay,1,1,2003,1.331338613,0.8550433804,0.1525310183,23
26,Non-Hodgkin lymphoma,600,Paraguay,1,1,2004,2.168941857,1.396797951,0.2305124327,38
26,Non-Hodgkin lymphoma,600,Paraguay,1,1,2005,1.700443551,1.272678448,0.2144558855,35
26,Non-Hodgkin lymphoma,600,Paraguay,1,1,2006,3.094346425,2.231669222,0.3215573083,62
26,Non-Hodgkin lymphoma,600,Paraguay,1,1,2007,2.349218046,1.675715531,0.2523294592,47
26,Non-Hodgkin lymphoma,600,Paraguay,1,1,2008,2.642326902,1.801327048,0.2994421625,51
26,Non-Hodgkin lymphoma,600,Paraguay,1,1,2009,2.393511574,1.748607278,0.3026668547,50
26,Non-Hodgkin lymphoma,600,Paraguay,1,1,2010,2.454588718,1.763381211,0.2515910229,51
26,Non-Hodgkin lymphoma,600,Paraguay,1,1,2011,3.364518962,2.52563218,0.2972169059,74
26,Non-Hodgkin lymphoma,600,Paraguay,1,1,2012,2.414784075,1.817806628,0.2653750953,54
26,Non-Hodgkin lymphoma,600,Paraguay,1,1,2013,2.538926109,1.925169012,0.2521151152,58
26,Non-Hodgkin lymphoma,600,Paraguay,1,1,2014,1.984730137,1.570834062,0.2237189183,48
26,Non-Hodgkin lymphoma,600,Paraguay,1,1,2015,2.442977754,1.838955564,0.2856578891,57
26,Non-Hodgkin lymphoma,600,Paraguay,1,1,2016,2.615862349,2.067581609,0.2655188167,65
26,Non-Hodgkin lymphoma,600,Paraguay,1,1,2017,2.819003067,2.321507813,0.301607433,74
26,Non-Hodgkin lymphoma,600,Paraguay,1,1,2018,2.759234152,2.197500853,0.3097551522,71
26,Non-Hodgkin lymphoma,600,Paraguay,1,1,2019,2.328800609,1.985472754,0.2237701539,65
26,Non-Hodgkin lymphoma,600,Paraguay,1,1,2020,2.948391972,2.59280196,0.2625914333,86
26,Non-Hodgkin lymphoma,600,Paraguay,1,1,2021,2.227754023,1.967131029,0.2573873927,66
26,Non-Hodgkin lymphoma,600,Paraguay,2,1,1997,1.114184102,0.758399911,0.140244227,18
26,Non-Hodgkin lymphoma,600,Paraguay,2,1,1998,1.254576495,0.9070072286,0.1620806035,22
26,Non-Hodgkin lymphoma,600,Paraguay,2,1,1999,1.236613238,0.9287340003,0.1440329188,23
26,Non-Hodgkin lymphoma,600,Paraguay,2,1,2000,1.663457985,1.109006419,0.1494837884,28
26,Non-Hodgkin lymphoma,600,Paraguay,2,1,2001,1.275041619,0.9346960943,0.1611913822,24
26,Non-Hodgkin lymphoma,600,Paraguay,2,1,2002,1.094454418,0.7680351453,0.08152195138,20
26,Non-Hodgkin lymphoma,600,Paraguay,2,1,2003,0.9932252575,0.7206484167,0.09527300849,19
26,Non-Hodgkin lymphoma,600,Paraguay,2,1,2004,1.033997838,0.7497189023,0.08680147188,20
26,Non-Hodgkin lymphoma,600,Paraguay,2,1,2005,1.474391797,1.11193827,0.1724578571,30
26,Non-Hodgkin lymphoma,600,Paraguay,2,1,2006,1.068825249,0.8801015637,0.08494371599,24
26,Non-Hodgkin lymphoma,600,Paraguay,2,1,2007,2.036818219,1.488411536,0.2385914971,41
26,Non-Hodgkin lymphoma,600,Paraguay,2,1,2008,1.654726528,1.293880753,0.1662885617,36
26,Non-Hodgkin lymphoma,600,Paraguay,2,1,2009,1.59485236,1.387002999,0.1555675766,39
26,Non-Hodgkin lymphoma,600,Paraguay,2,1,2010,1.86619621,1.581277395,0.1812282987,45
26,Non-Hodgkin lymphoma,600,Paraguay,2,1,2011,1.483835016,1.317309991,0.1484037338,38
26,Non-Hodgkin lymphoma,600,Paraguay,2,1,2012,1.493642098,1.332697739,0.1590255777,39
26,Non-Hodgkin lymphoma,600,Paraguay,2,1,2013,1.208728267,1.111214937,0.1041201739,33
26,Non-Hodgkin lymphoma,600,Paraguay,2,1,2014,1.376436075,1.327091799,0.1320904818,40
26,Non-Hodgkin lymphoma,600,Paraguay,2,1,2015,1.561110678,1.470820154,0.1438322719,45
26,Non-Hodgkin lymphoma,600,Paraguay,2,1,2016,1.458890927,1.352501718,0.1640963973,42
26,Non-Hodgkin lymphoma,600,Paraguay,2,1,2017,1.7112067,1.618494248,0.1885873814,51
26,Non-Hodgkin lymphoma,600,Paraguay,2,1,2018,1.599951121,1.59552577,0.1319255731,51
26,Non-Hodgkin lymphoma,600,Paraguay,2,1,2019,1.350085333,1.357489028,0.1533201569,44
26,Non-Hodgkin lymphoma,600,Paraguay,2,1,2020,1.674948127,1.642903138,0.2007496337,54
26,Non-Hodgkin lymphoma,600,Paraguay,2,1,2021,1.560645799,1.592049605,0.1434108684,53
26,Non-Hodgkin lymphoma,608,Philippines,1,0,1983,4.993576485,3.008814753,0.6348534548,56
26,Non-Hodgkin lymphoma,608,Philippines,1,0,1984,5.028259336,3.112385607,0.6215189034,59
26,Non-Hodgkin lymphoma,608,Philippines,1,0,1985,4.06126256,2.277945604,0.4426478894,44
26,Non-Hodgkin lymphoma,608,Philippines,1,0,1986,4.729174593,2.541324477,0.6208411011,50
26,Non-Hodgkin lymphoma,608,Philippines,1,0,1987,4.487585393,2.643587977,0.4500164093,53
26,Non-Hodgkin lymphoma,608,Philippines,1,0,1988,7.320269302,4.25687032,0.8186060204,87
26,Non-Hodgkin lymphoma,608,Philippines,1,0,1989,7.133640891,3.886252741,0.822912979,81
26,Non-Hodgkin lymphoma,608,Philippines,1,0,1990,5.540460028,3.573984777,0.5861051926,76
26,Non-Hodgkin lymphoma,608,Philippines,1,0,1991,5.798459257,3.101462522,0.6376084268,68
26,Non-Hodgkin lymphoma,608,Philippines,1,0,1992,5.423327188,3.494247098,0.5832131879,79
26,Non-Hodgkin lymphoma,608,Philippines,1,0,1993,5.738676831,3.388229804,0.720899104,79
26,Non-Hodgkin lymphoma,608,Philippines,1,0,1994,6.064851345,3.576131898,0.6821130951,86
26,Non-Hodgkin lymphoma,608,Philippines,1,0,1995,7.713231617,4.313380388,0.7799389634,107
26,Non-Hodgkin lymphoma,608,Philippines,1,0,1996,7.029044638,3.751223544,0.8456839589,96
26,Non-Hodgkin lymphoma,608,Philippines,1,0,1997,7.527773144,4.431027646,0.7860856028,117
26,Non-Hodgkin lymphoma,608,Philippines,1,0,1998,6.913378411,4.330591019,0.6970377957,110
26,Non-Hodgkin lymphoma,608,Philippines,1,0,1999,6.35032724,4.018154255,0.5647511611,103
26,Non-Hodgkin lymphoma,608,Philippines,1,0,2000,5.948372851,3.771839141,0.6930053865,98
26,Non-Hodgkin lymphoma,608,Philippines,1,0,2001,7.119738596,4.489541067,0.8107279913,119
26,Non-Hodgkin lymphoma,608,Philippines,1,0,2002,7.561973617,4.437361101,0.846174932,120
26,Non-Hodgkin lymphoma,608,Philippines,1,0,2003,6.267080413,4.131428721,0.7327953306,114
26,Non-Hodgkin lymphoma,608,Philippines,1,0,2004,6.01653613,3.942144939,0.6621369346,111
26,Non-Hodgkin lymphoma,608,Philippines,1,0,2005,6.135086124,3.688851629,0.5984761463,106
26,Non-Hodgkin lymphoma,608,Philippines,1,0,2006,5.626719336,3.546146447,0.5467178833,104
26,Non-Hodgkin lymphoma,608,Philippines,1,0,2007,5.940580054,3.574426747,0.6492022212,107
26,Non-Hodgkin lymphoma,608,Philippines,1,0,2008,6.775606443,4.11462832,0.7616037057,126
26,Non-Hodgkin lymphoma,608,Philippines,1,0,2009,5.377016778,3.889023836,0.4973568932,122
26,Non-Hodgkin lymphoma,608,Philippines,1,0,2010,4.637243209,3.386750782,0.5315778806,109
26,Non-Hodgkin lymphoma,608,Philippines,1,0,2011,4.978523461,3.658883224,0.6069567829,121
26,Non-Hodgkin lymphoma,608,Philippines,1,0,2012,5.400069402,3.555142911,0.5526742976,121
26,Non-Hodgkin lymphoma,608,Philippines,1,0,2013,5.362396584,3.768179129,0.5432919086,121
26,Non-Hodgkin lymphoma,608,Philippines,1,0,2014,5.394959405,3.932765684,0.5894291087,128
26,Non-Hodgkin lymphoma,608,Philippines,1,0,2015,4.808356344,3.759495379,0.4092566306,124
26,Non-Hodgkin lymphoma,608,Philippines,1,0,2016,4.14704953,2.917392381,0.4077841615,97
26,Non-Hodgkin lymphoma,608,Philippines,1,0,2017,4.403197165,3.371656838,0.4711663627,113
26,Non-Hodgkin lymphoma,608,Philippines,1,1,1992,0.5121653142,0.2902168095,0.06094192858,96
26,Non-Hodgkin lymphoma,608,Philippines,1,1,1993,0.8210563226,0.4101392925,0.08920410659,139
26,Non-Hodgkin lymphoma,608,Philippines,1,1,1994,1.296079749,0.6787105539,0.1370357517,235
26,Non-Hodgkin lymphoma,608,Philippines,1,1,1995,1.065080997,0.5483570502,0.1191501085,194
26,Non-Hodgkin lymphoma,608,Philippines,1,1,1996,1.636984248,0.8368622405,0.1896332429,303
26,Non-Hodgkin lymphoma,608,Philippines,1,1,1997,1.540484676,0.7957369217,0.1592820118,295
26,Non-Hodgkin lymphoma,608,Philippines,1,1,1998,1.598884218,0.8174627497,0.1576401117,311
26,Non-Hodgkin lymphoma,608,Philippines,1,1,1999,2.238876096,1.124007065,0.2465506954,439
26,Non-Hodgkin lymphoma,608,Philippines,1,1,2000,2.542711221,1.294755939,0.2879141177,518
26,Non-Hodgkin lymphoma,608,Philippines,1,1,2001,2.283786582,1.187942152,0.2467453537,486
26,Non-Hodgkin lymphoma,608,Philippines,1,1,2002,2.457625615,1.240970621,0.2892734906,518
26,Non-Hodgkin lymphoma,608,Philippines,1,1,2003,2.457861361,1.259129718,0.2778271311,536
26,Non-Hodgkin lymphoma,608,Philippines,1,1,2004,2.489956471,1.277910376,0.283547491,554
26,Non-Hodgkin lymphoma,608,Philippines,1,1,2005,2.549494472,1.314150959,0.2913204706,580
26,Non-Hodgkin lymphoma,608,Philippines,1,1,2006,2.642394124,1.364712185,0.3013807527,613
26,Non-Hodgkin lymphoma,608,Philippines,1,1,2007,2.589866521,1.431814937,0.29480363,654
26,Non-Hodgkin lymphoma,608,Philippines,1,1,2008,2.593532423,1.418128158,0.2967202964,659
26,Non-Hodgkin lymphoma,608,Philippines,1,1,2009,2.899670189,1.554106996,0.3041551572,735
26,Non-Hodgkin lymphoma,608,Philippines,1,1,2010,2.445650723,1.426722842,0.2597278521,689
26,Non-Hodgkin lymphoma,608,Philippines,1,1,2011,2.169298366,1.302982342,0.2399015301,642
26,Non-Hodgkin lymphoma,608,Philippines,1,1,2012,2.209229417,1.344279901,0.24370794,675
26,Non-Hodgkin lymphoma,608,Philippines,1,1,2013,2.270991757,1.395787022,0.2482259469,714
26,Non-Hodgkin lymphoma,608,Philippines,1,1,2014,2.342421272,1.455031084,0.253906853,758
26,Non-Hodgkin lymphoma,608,Philippines,1,1,2015,2.340507913,1.5039483,0.2523869151,794
26,Non-Hodgkin lymphoma,608,Philippines,1,1,2016,2.372087406,1.564672367,0.2536592587,837
26,Non-Hodgkin lymphoma,608,Philippines,1,1,2017,2.365728941,1.605682512,0.2527550437,869
26,Non-Hodgkin lymphoma,608,Philippines,1,1,2018,2.361774159,1.661478006,0.2391003888,909
26,Non-Hodgkin lymphoma,608,Philippines,1,1,2019,2.324153307,1.654677698,0.2391814425,915
26,Non-Hodgkin lymphoma,608,Philippines,2,0,1983,2.766523383,1.478620624,0.2433707801,30
26,Non-Hodgkin lymphoma,608,Philippines,2,0,1984,2.303089633,1.263716795,0.2951856663,26
26,Non-Hodgkin lymphoma,608,Philippines,2,0,1985,3.834862327,2.107850065,0.4201641957,44
26,Non-Hodgkin lymphoma,608,Philippines,2,0,1986,3.685149975,1.841840669,0.4053956073,39
26,Non-Hodgkin lymphoma,608,Philippines,2,0,1987,2.732665997,1.814837272,0.2374611286,39
26,Non-Hodgkin lymphoma,608,Philippines,2,0,1988,4.262488248,2.245610176,0.3955665367,49
26,Non-Hodgkin lymphoma,608,Philippines,2,0,1989,5.053119231,2.977320934,0.6033846146,66
26,Non-Hodgkin lymphoma,608,Philippines,2,0,1990,4.341619691,2.662880642,0.4405258998,60
26,Non-Hodgkin lymphoma,608,Philippines,2,0,1991,3.471309046,2.244034429,0.3401530512,52
26,Non-Hodgkin lymphoma,608,Philippines,2,0,1992,2.979014673,1.804133984,0.3347749373,43
26,Non-Hodgkin lymphoma,608,Philippines,2,0,1993,4.293407695,2.732735231,0.4754027284,67
26,Non-Hodgkin lymphoma,608,Philippines,2,0,1994,3.474206068,2.45802428,0.3600186838,62
26,Non-Hodgkin lymphoma,608,Philippines,2,0,1995,5.157931376,3.506343785,0.5569256821,91
26,Non-Hodgkin lymphoma,608,Philippines,2,0,1996,4.362456516,2.808285115,0.4516660587,75
26,Non-Hodgkin lymphoma,608,Philippines,2,0,1997,4.435659076,2.801463892,0.5250488505,77
26,Non-Hodgkin lymphoma,608,Philippines,2,0,1998,5.578331547,3.63864606,0.6869766278,96
26,Non-Hodgkin lymphoma,608,Philippines,2,0,1999,4.677760375,3.162293416,0.5245462777,84
26,Non-Hodgkin lymphoma,608,Philippines,2,0,2000,4.996273816,3.309506129,0.62669339,89
26,Non-Hodgkin lymphoma,608,Philippines,2,0,2001,5.434416871,3.862603548,0.6320123207,106
26,Non-Hodgkin lymphoma,608,Philippines,2,0,2002,4.488050972,2.892059761,0.5215714877,81
26,Non-Hodgkin lymphoma,608,Philippines,2,0,2003,5.271715109,3.567943081,0.5907112105,102
26,Non-Hodgkin lymphoma,608,Philippines,2,0,2004,5.240412778,3.803498259,0.5805944483,111
26,Non-Hodgkin lymphoma,608,Philippines,2,0,2005,4.343330249,3.121275655,0.4551132873,93
26,Non-Hodgkin lymphoma,608,Philippines,2,0,2006,4.866479336,3.286883101,0.5826908071,100
26,Non-Hodgkin lymphoma,608,Philippines,2,0,2007,5.493621137,3.991038188,0.6244175527,124
26,Non-Hodgkin lymphoma,608,Philippines,2,0,2008,4.875433817,3.835633666,0.5309341083,122
26,Non-Hodgkin lymphoma,608,Philippines,2,0,2009,3.291002709,2.54658408,0.3458444077,83
26,Non-Hodgkin lymphoma,608,Philippines,2,0,2010,4.127664737,3.290405507,0.4568379848,110
26,Non-Hodgkin lymphoma,608,Philippines,2,0,2011,3.436603856,2.825942619,0.3245602289,97
26,Non-Hodgkin lymphoma,608,Philippines,2,0,2012,3.83710795,3.45801068,0.3337165464,122
26,Non-Hodgkin lymphoma,608,Philippines,2,0,2013,4.432629954,3.541137577,0.4995061308,117
26,Non-Hodgkin lymphoma,608,Philippines,2,0,2014,3.603640013,2.903221558,0.4354752192,97
26,Non-Hodgkin lymphoma,608,Philippines,2,0,2015,3.500499086,2.989747239,0.3943840945,101
26,Non-Hodgkin lymphoma,608,Philippines,2,0,2016,3.717273013,3.182841889,0.4045589318,108
26,Non-Hodgkin lymphoma,608,Philippines,2,0,2017,3.915790642,3.403580097,0.4091621037,116
26,Non-Hodgkin lymphoma,608,Philippines,2,1,1992,0.2621133672,0.1491746365,0.02274929008,49
26,Non-Hodgkin lymphoma,608,Philippines,2,1,1993,0.446053968,0.264568368,0.04665767112,89
26,Non-Hodgkin lymphoma,608,Philippines,2,1,1994,0.7659978396,0.4739086813,0.08099059735,163
26,Non-Hodgkin lymphoma,608,Philippines,2,1,1995,0.6518014742,0.4151520489,0.07753490545,146
26,Non-Hodgkin lymphoma,608,Philippines,2,1,1996,0.7530044249,0.4891121414,0.07808124679,176
26,Non-Hodgkin lymphoma,608,Philippines,2,1,1997,0.7974757561,0.4859343058,0.08896299416,179
26,Non-Hodgkin lymphoma,608,Philippines,2,1,1998,0.7959515718,0.5219030386,0.08890713827,197
26,Non-Hodgkin lymphoma,608,Philippines,2,1,1999,1.145896678,0.7390837651,0.130369947,286
26,Non-Hodgkin lymphoma,608,Philippines,2,1,2000,1.292934097,0.8228612045,0.147292572,326
26,Non-Hodgkin lymphoma,608,Philippines,2,1,2001,1.225291749,0.7903106921,0.1269755089,320
26,Non-Hodgkin lymphoma,608,Philippines,2,1,2002,1.26941857,0.8202796951,0.1367874297,339
26,Non-Hodgkin lymphoma,608,Philippines,2,1,2003,1.491161419,0.9581917233,0.1637831655,404
26,Non-Hodgkin lymphoma,608,Philippines,2,1,2004,1.433491347,0.9541053454,0.1574809397,410
26,Non-Hodgkin lymphoma,608,Philippines,2,1,2005,1.408969336,0.9707264755,0.1542404391,425
26,Non-Hodgkin lymphoma,608,Philippines,2,1,2006,1.404278315,1.000199838,0.1528208254,446
26,Non-Hodgkin lymphoma,608,Philippines,2,1,2007,1.339973481,0.9493624392,0.1368687673,431
26,Non-Hodgkin lymphoma,608,Philippines,2,1,2008,1.471103641,1.057768708,0.1629113106,489
26,Non-Hodgkin lymphoma,608,Philippines,2,1,2009,1.414245049,1.02781453,0.1453461012,484
26,Non-Hodgkin lymphoma,608,Philippines,2,1,2010,1.467422985,1.080245462,0.1547052375,519
26,Non-Hodgkin lymphoma,608,Philippines,2,1,2011,1.464272951,1.102557601,0.1508417503,540
26,Non-Hodgkin lymphoma,608,Philippines,2,1,2012,1.447519538,1.110768836,0.1492606108,554
26,Non-Hodgkin lymphoma,608,Philippines,2,1,2013,1.446914809,1.13050672,0.1485960022,574
26,Non-Hodgkin lymphoma,608,Philippines,2,1,2014,1.460164867,1.161169943,0.1491440426,600
26,Non-Hodgkin lymphoma,608,Philippines,2,1,2015,1.45246304,1.176200182,0.1483996218,617
26,Non-Hodgkin lymphoma,608,Philippines,2,1,2016,1.467680951,1.209569301,0.1490624639,644
26,Non-Hodgkin lymphoma,608,Philippines,2,1,2017,1.457730647,1.212976328,0.1509626372,655
26,Non-Hodgkin lymphoma,608,Philippines,2,1,2018,1.610516325,1.36243355,0.1713603874,746
26,Non-Hodgkin lymphoma,608,Philippines,2,1,2019,1.342997769,1.154811259,0.1487554344,641
26,Non-Hodgkin lymphoma,616,Poland,1,0,1999,5.739879264,6.866329352,0.6039635072,45
26,Non-Hodgkin lymphoma,616,Poland,1,0,2000,6.973517163,8.400332348,0.8004174754,55
26,Non-Hodgkin lymphoma,616,Poland,1,0,2001,6.069011991,7.501875469,0.602082548,49
26,Non-Hodgkin lymphoma,616,Poland,1,0,2002,7.329050009,10.17877053,0.9325115717,65
26,Non-Hodgkin lymphoma,616,Poland,1,0,2003,4.245054954,5.660208264,0.5238779516,36
26,Non-Hodgkin lymphoma,616,Poland,1,0,2004,4.640783537,6.149770566,0.5326341545,39
26,Non-Hodgkin lymphoma,616,Poland,1,0,2005,5.961000341,7.916716146,0.6400176903,50
26,Non-Hodgkin lymphoma,616,Poland,1,0,2006,6.392070529,9.067134976,0.8105962236,57
26,Non-Hodgkin lymphoma,616,Poland,1,0,2007,3.571541007,5.273755873,0.4800003251,33
26,Non-Hodgkin lymphoma,616,Poland,1,0,2008,6.417996637,8.663273017,0.7518525109,54
26,Non-Hodgkin lymphoma,616,Poland,1,0,2009,5.776727558,8.687174834,0.6372339858,54
26,Non-Hodgkin lymphoma,616,Poland,1,0,2010,7.895644359,10.8365325,0.8467771597,68
26,Non-Hodgkin lymphoma,616,Poland,1,0,2011,6.99831859,10.71651927,0.7243051563,67
26,Non-Hodgkin lymphoma,616,Poland,1,0,2012,5.314110799,8.988230234,0.5893142007,56
26,Non-Hodgkin lymphoma,616,Poland,1,0,2013,6.589030661,10.17389282,0.8516070103,63
26,Non-Hodgkin lymphoma,616,Poland,1,0,2014,6.752201583,10.70264485,0.7717257192,66
26,Non-Hodgkin lymphoma,616,Poland,1,0,2015,5.608589217,8.969092507,0.4712485746,55
26,Non-Hodgkin lymphoma,616,Poland,1,0,2016,6.698728993,11.78504085,0.6853188832,72
26,Non-Hodgkin lymphoma,616,Poland,1,0,2017,7.712941536,11.33907956,0.7379695062,69
26,Non-Hodgkin lymphoma,616,Poland,1,1,1999,3.35291378,4.029060329,0.3831816841,757
26,Non-Hodgkin lymphoma,616,Poland,1,1,2000,3.289666594,4.088050789,0.3785257652,758
26,Non-Hodgkin lymphoma,616,Poland,1,1,2001,3.538231696,4.429948937,0.3944621604,821
26,Non-Hodgkin lymphoma,616,Poland,1,1,2002,3.289594672,4.27170899,0.3736070032,791
26,Non-Hodgkin lymphoma,616,Poland,1,1,2003,3.407496888,4.515234184,0.3848893175,835
26,Non-Hodgkin lymphoma,616,Poland,1,1,2004,3.301199837,4.443033064,0.391857267,821
26,Non-Hodgkin lymphoma,616,Poland,1,1,2005,3.311430495,4.474362606,0.3860187152,826
26,Non-Hodgkin lymphoma,616,Poland,1,1,2006,3.134941812,4.382705432,0.3502205327,808
26,Non-Hodgkin lymphoma,616,Poland,1,1,2007,3.500626594,5.017083604,0.4109449778,924
26,Non-Hodgkin lymphoma,616,Poland,1,1,2008,3.114249486,4.573997584,0.3718665864,842
26,Non-Hodgkin lymphoma,616,Poland,1,1,2009,3.070461791,4.602856279,0.3729806824,848
26,Non-Hodgkin lymphoma,616,Poland,1,1,2010,2.773027134,4.315411763,0.3178681391,795
26,Non-Hodgkin lymphoma,616,Poland,1,1,2011,2.960477534,4.581270518,0.3457352638,844
26,Non-Hodgkin lymphoma,616,Poland,1,1,2012,2.726612621,4.390973591,0.2882807083,809
26,Non-Hodgkin lymphoma,616,Poland,1,1,2013,3.174116828,5.127334417,0.3580101949,944
26,Non-Hodgkin lymphoma,616,Poland,1,1,2014,3.269111407,5.424658934,0.3594494054,998
26,Non-Hodgkin lymphoma,616,Poland,1,1,2015,3.061121946,5.199955985,0.3369425702,956
26,Non-Hodgkin lymphoma,616,Poland,1,1,2016,3.144762532,5.568657051,0.3416343363,1023
26,Non-Hodgkin lymphoma,616,Poland,1,1,2017,3.106044043,5.518844596,0.3542225232,1014
26,Non-Hodgkin lymphoma,616,Poland,1,1,2018,2.930356446,5.406129342,0.3136568794,993
26,Non-Hodgkin lymphoma,616,Poland,1,1,2019,2.965290247,5.574900752,0.3245233771,1024
26,Non-Hodgkin lymphoma,616,Poland,1,1,2020,2.883794672,5.485151051,0.2944064225,987
26,Non-Hodgkin lymphoma,616,Poland,1,1,2021,2.323167362,4.476170283,0.2532993064,817
26,Non-Hodgkin lymphoma,616,Poland,1,1,2022,2.441557913,4.802235786,0.2478639202,855
26,Non-Hodgkin lymphoma,616,Poland,2,0,1999,4.131156526,6.466470615,0.4700761779,44
26,Non-Hodgkin lymphoma,616,Poland,2,0,2000,3.631681559,6.172821361,0.3952769267,42
26,Non-Hodgkin lymphoma,616,Poland,2,0,2001,3.175089598,5.152802683,0.3473669519,35
26,Non-Hodgkin lymphoma,616,Poland,2,0,2002,3.599963063,6.271961197,0.4339045134,42
26,Non-Hodgkin lymphoma,616,Poland,2,0,2003,3.989005869,6.892686859,0.4353938121,46
26,Non-Hodgkin lymphoma,616,Poland,2,0,2004,3.869990638,5.857579708,0.4258610094,39
26,Non-Hodgkin lymphoma,616,Poland,2,0,2005,4.030756471,6.778231334,0.4515953176,45
26,Non-Hodgkin lymphoma,616,Poland,2,0,2006,3.531381452,6.651278028,0.4431737157,44
26,Non-Hodgkin lymphoma,616,Poland,2,0,2007,2.587307847,4.853183613,0.2966649957,32
26,Non-Hodgkin lymphoma,616,Poland,2,0,2008,4.179715651,7.299880617,0.4472828946,48
26,Non-Hodgkin lymphoma,616,Poland,2,0,2009,4.08653324,7.468077778,0.4229678097,49
26,Non-Hodgkin lymphoma,616,Poland,2,0,2010,3.010933017,5.476984494,0.2934367674,36
26,Non-Hodgkin lymphoma,616,Poland,2,0,2011,3.390562232,7.176438074,0.3698237617,47
26,Non-Hodgkin lymphoma,616,Poland,2,0,2012,4.860058631,9.349031532,0.5108565835,61
26,Non-Hodgkin lymphoma,616,Poland,2,0,2013,3.100958442,6.933669437,0.3152714083,45
26,Non-Hodgkin lymphoma,616,Poland,2,0,2014,4.311651418,8.816623512,0.5160425435,57
26,Non-Hodgkin lymphoma,616,Poland,2,0,2015,4.46075808,8.075010637,0.4608757781,52
26,Non-Hodgkin lymphoma,616,Poland,2,0,2016,4.643455951,9.813756706,0.4616283837,63
26,Non-Hodgkin lymphoma,616,Poland,2,0,2017,4.480455163,8.917159587,0.4518777879,57
26,Non-Hodgkin lymphoma,616,Poland,2,1,1999,1.878222355,2.879436194,0.2145082635,572
26,Non-Hodgkin lymphoma,616,Poland,2,1,2000,1.734737947,2.810171258,0.2068344259,554
26,Non-Hodgkin lymphoma,616,Poland,2,1,2001,1.954328638,3.28636319,0.2293613389,648
26,Non-Hodgkin lymphoma,616,Poland,2,1,2002,1.966376722,3.52014053,0.2288013778,694
26,Non-Hodgkin lymphoma,616,Poland,2,1,2003,1.898512625,3.354950687,0.2222987269,661
26,Non-Hodgkin lymphoma,616,Poland,2,1,2004,1.897629958,3.537733275,0.2113417846,697
26,Non-Hodgkin lymphoma,616,Poland,2,1,2005,1.878017702,3.563346323,0.2211450123,702
26,Non-Hodgkin lymphoma,616,Poland,2,1,2006,1.735891737,3.432138299,0.1966754165,676
26,Non-Hodgkin lymphoma,616,Poland,2,1,2007,1.723077116,3.507811327,0.2000020286,691
26,Non-Hodgkin lymphoma,616,Poland,2,1,2008,1.840124885,3.775211716,0.2158377377,744
26,Non-Hodgkin lymphoma,616,Poland,2,1,2009,1.876451317,3.801308928,0.210509571,750
26,Non-Hodgkin lymphoma,616,Poland,2,1,2010,1.767109368,3.583067717,0.2058559022,703
26,Non-Hodgkin lymphoma,616,Poland,2,1,2011,1.87171435,4.050296016,0.2226061102,795
26,Non-Hodgkin lymphoma,616,Poland,2,1,2012,1.862419655,4.110013082,0.1984615679,807
26,Non-Hodgkin lymphoma,616,Poland,2,1,2013,1.835745557,4.041689852,0.2076921003,793
26,Non-Hodgkin lymphoma,616,Poland,2,1,2014,1.783020948,4.166521323,0.2038505417,817
26,Non-Hodgkin lymphoma,616,Poland,2,1,2015,2.056007246,4.669125603,0.2236821528,915
26,Non-Hodgkin lymphoma,616,Poland,2,1,2016,1.714256621,4.350023297,0.1819144551,852
26,Non-Hodgkin lymphoma,616,Poland,2,1,2017,1.763832956,4.512758165,0.188477053,884
26,Non-Hodgkin lymphoma,616,Poland,2,1,2018,1.808046258,4.560753009,0.1926641558,893
26,Non-Hodgkin lymphoma,616,Poland,2,1,2019,1.727437565,4.504573521,0.2006178277,882
26,Non-Hodgkin lymphoma,616,Poland,2,1,2020,1.578168691,4.261461807,0.1685851236,817
26,Non-Hodgkin lymphoma,616,Poland,2,1,2021,1.576653638,4.19296852,0.1722367956,817
26,Non-Hodgkin lymphoma,616,Poland,2,1,2022,1.40723342,3.814744434,0.1529829409,725
26,Non-Hodgkin lymphoma,620,Portugal,1,1,1985,1.929712556,2.306552458,0.1957871945,111
26,Non-Hodgkin lymphoma,620,Portugal,1,1,1986,2.139966874,2.67693503,0.2467634891,129
26,Non-Hodgkin lymphoma,620,Portugal,1,1,1987,2.462847707,3.027056704,0.2504272188,146
26,Non-Hodgkin lymphoma,620,Portugal,1,1,1988,2.150357927,2.736371729,0.2222514593,132
26,Non-Hodgkin lymphoma,620,Portugal,1,1,1989,2.827744265,3.795645751,0.3069980443,183
26,Non-Hodgkin lymphoma,620,Portugal,1,1,1990,2.793710493,3.676517171,0.3181499722,177
26,Non-Hodgkin lymphoma,620,Portugal,1,1,1991,3.21107982,4.372308298,0.3649097718,210
26,Non-Hodgkin lymphoma,620,Portugal,1,1,1992,3.5539923,5.04471136,0.4197848664,242
26,Non-Hodgkin lymphoma,620,Portugal,1,1,1993,2.878595644,4.227312814,0.3161210963,203
26,Non-Hodgkin lymphoma,620,Portugal,1,1,1994,3.144214581,4.735200525,0.3537535903,228
26,Non-Hodgkin lymphoma,620,Portugal,1,1,1995,3.597610602,5.401224029,0.4067852648,261
26,Non-Hodgkin lymphoma,620,Portugal,1,1,1996,3.179302847,4.761844883,0.3623220936,231
26,Non-Hodgkin lymphoma,620,Portugal,1,1,1997,3.498011581,5.478992169,0.3830611714,267
26,Non-Hodgkin lymphoma,620,Portugal,1,1,1998,3.762965623,5.981662224,0.4198042927,293
26,Non-Hodgkin lymphoma,620,Portugal,1,1,1999,3.227858978,5.419160935,0.3735269813,267
26,Non-Hodgkin lymphoma,620,Portugal,1,1,2000,3.089486198,5.460813024,0.3480614263,271
26,Non-Hodgkin lymphoma,620,Portugal,1,1,2001,3.958349056,6.480725841,0.459467546,324
26,Non-Hodgkin lymphoma,620,Portugal,1,1,2002,3.725694541,6.168582177,0.3875321021,310
26,Non-Hodgkin lymphoma,620,Portugal,1,1,2003,3.892536183,6.388731706,0.4335233033,322
26,Non-Hodgkin lymphoma,620,Portugal,1,1,2004,3.752004203,6.379996136,0.4203005434,322
26,Non-Hodgkin lymphoma,620,Portugal,1,1,2005,3.786947589,6.608722287,0.4212365161,334
26,Non-Hodgkin lymphoma,620,Portugal,1,1,2006,3.71735289,6.718268236,0.4147774066,340
26,Non-Hodgkin lymphoma,620,Portugal,1,1,2007,3.818015295,7.005114325,0.4209685818,355
26,Non-Hodgkin lymphoma,620,Portugal,1,1,2008,3.956264742,7.397352852,0.4280118095,375
26,Non-Hodgkin lymphoma,620,Portugal,1,1,2009,3.683390273,7.084814106,0.3671767153,359
26,Non-Hodgkin lymphoma,620,Portugal,1,1,2010,3.855069253,7.983536525,0.4171162204,404
26,Non-Hodgkin lymphoma,620,Portugal,1,1,2011,3.625093681,7.594706787,0.3764320584,383
26,Non-Hodgkin lymphoma,620,Portugal,1,1,2012,3.663458717,8.136448237,0.3903338333,408
26,Non-Hodgkin lymphoma,620,Portugal,1,1,2013,3.90345866,8.937692035,0.4257214941,445
26,Non-Hodgkin lymphoma,620,Portugal,1,1,2014,3.54912049,8.250009251,0.3650756627,408
26,Non-Hodgkin lymphoma,620,Portugal,1,1,2015,3.971401201,9.262392614,0.3999830465,456
26,Non-Hodgkin lymphoma,620,Portugal,1,1,2016,3.579672547,8.390804574,0.3609875411,412
26,Non-Hodgkin lymphoma,620,Portugal,1,1,2017,3.965614458,9.588289068,0.4125396285,470
26,Non-Hodgkin lymphoma,620,Portugal,1,1,2018,3.702515696,9.067332911,0.4023968723,444
26,Non-Hodgkin lymphoma,620,Portugal,1,1,2019,3.686316399,9.700327141,0.3706579103,476
26,Non-Hodgkin lymphoma,620,Portugal,1,1,2020,3.515578304,9.501523289,0.3601304186,468
26,Non-Hodgkin lymphoma,620,Portugal,1,1,2021,3.405180444,9.385115167,0.3543615614,464
26,Non-Hodgkin lymphoma,620,Portugal,1,1,2022,3.394744739,9.41062865,0.3566947026,467
26,Non-Hodgkin lymphoma,620,Portugal,2,1,1985,1.136799871,1.703085934,0.1350068274,88
26,Non-Hodgkin lymphoma,620,Portugal,2,1,1986,1.269541953,1.932684596,0.140871397,100
26,Non-Hodgkin lymphoma,620,Portugal,2,1,1987,1.438857266,2.181962125,0.1564842956,113
26,Non-Hodgkin lymphoma,620,Portugal,2,1,1988,1.982294917,2.972581602,0.226936996,154
26,Non-Hodgkin lymphoma,620,Portugal,2,1,1989,1.538045192,2.413096667,0.1565814213,125
26,Non-Hodgkin lymphoma,620,Portugal,2,1,1990,1.646480947,2.743862202,0.1772328748,142
26,Non-Hodgkin lymphoma,620,Portugal,2,1,1991,1.892512094,3.213180389,0.2044194046,166
26,Non-Hodgkin lymphoma,620,Portugal,2,1,1992,1.788860811,3.176298922,0.1965324597,164
26,Non-Hodgkin lymphoma,620,Portugal,2,1,1993,2.059264349,3.636197651,0.2208367752,188
26,Non-Hodgkin lymphoma,620,Portugal,2,1,1994,2.155785648,3.839118183,0.2410711133,199
26,Non-Hodgkin lymphoma,620,Portugal,2,1,1995,2.206918758,4.15423841,0.2604301776,216
26,Non-Hodgkin lymphoma,620,Portugal,2,1,1996,2.229897437,4.217315993,0.2599499572,220
26,Non-Hodgkin lymphoma,620,Portugal,2,1,1997,1.960591531,4.047813074,0.234350717,212
26,Non-Hodgkin lymphoma,620,Portugal,2,1,1998,1.983558454,3.9914689,0.2248216236,210
26,Non-Hodgkin lymphoma,620,Portugal,2,1,1999,2.3019495,4.519744095,0.2651612535,239
26,Non-Hodgkin lymphoma,620,Portugal,2,1,2000,2.458295321,4.849100868,0.286356876,258
26,Non-Hodgkin lymphoma,620,Portugal,2,1,2001,2.229274564,4.836700661,0.2470200912,259
26,Non-Hodgkin lymphoma,620,Portugal,2,1,2002,2.306356699,4.770232561,0.2704326087,257
26,Non-Hodgkin lymphoma,620,Portugal,2,1,2003,2.415065718,5.374833699,0.2744771346,291
26,Non-Hodgkin lymphoma,620,Portugal,2,1,2004,2.283929426,5.266679999,0.2573292527,286
26,Non-Hodgkin lymphoma,620,Portugal,2,1,2005,2.26549464,5.324415733,0.249245343,290
26,Non-Hodgkin lymphoma,620,Portugal,2,1,2006,2.186001668,5.32688591,0.2370172536,291
26,Non-Hodgkin lymphoma,620,Portugal,2,1,2007,2.298564832,5.493602964,0.2384610315,301
26,Non-Hodgkin lymphoma,620,Portugal,2,1,2008,2.284709949,5.587201196,0.2408445668,307
26,Non-Hodgkin lymphoma,620,Portugal,2,1,2009,2.310817173,5.881190157,0.2572152444,324
26,Non-Hodgkin lymphoma,620,Portugal,2,1,2010,2.273282442,5.98015892,0.2565261578,330
26,Non-Hodgkin lymphoma,620,Portugal,2,1,2011,2.242998663,6.365539761,0.2372721511,351
26,Non-Hodgkin lymphoma,620,Portugal,2,1,2012,2.247154896,6.583406578,0.2338741692,362
26,Non-Hodgkin lymphoma,620,Portugal,2,1,2013,2.260432612,6.296327051,0.2513850248,345
26,Non-Hodgkin lymphoma,620,Portugal,2,1,2014,2.380740278,6.958749813,0.2457046672,380
26,Non-Hodgkin lymphoma,620,Portugal,2,1,2015,2.331963958,7.196447598,0.2662987216,392
26,Non-Hodgkin lymphoma,620,Portugal,2,1,2016,2.142948991,6.898156537,0.221915173,375
26,Non-Hodgkin lymphoma,620,Portugal,2,1,2017,2.189970993,6.944148965,0.2401466448,377
26,Non-Hodgkin lymphoma,620,Portugal,2,1,2018,2.027794126,7.03674285,0.2034121398,382
26,Non-Hodgkin lymphoma,620,Portugal,2,1,2019,2.079118379,7.321343132,0.2123845994,398
26,Non-Hodgkin lymphoma,620,Portugal,2,1,2020,2.039017539,7.331451043,0.2102277844,399
26,Non-Hodgkin lymphoma,620,Portugal,2,1,2021,2.065508046,7.414951516,0.2139052095,404
26,Non-Hodgkin lymphoma,620,Portugal,2,1,2022,2.1442262,7.608257251,0.2215015412,415
26,Non-Hodgkin lymphoma,630,Puerto Rico,1,0,2003,8.082182687,10.72285442,0.8478369635,200
26,Non-Hodgkin lymphoma,630,Puerto Rico,1,0,2004,8.919570411,11.59396131,0.9644691434,217
26,Non-Hodgkin lymphoma,630,Puerto Rico,1,0,2005,8.17501483,11.54727037,0.8722581716,217
26,Non-Hodgkin lymphoma,630,Puerto Rico,1,0,2006,8.271510455,11.50564333,0.8824902822,217
26,Non-Hodgkin lymphoma,630,Puerto Rico,1,0,2007,9.025248491,12.73445802,0.9419124823,241
26,Non-Hodgkin lymphoma,630,Puerto Rico,1,0,2008,8.105897264,11.33246012,0.8344672358,215
26,Non-Hodgkin lymphoma,630,Puerto Rico,1,0,2009,8.648465102,12.34652222,0.9501715035,235
26,Non-Hodgkin lymphoma,630,Puerto Rico,1,0,2010,9.435870821,14.00426066,1.013751476,250
26,Non-Hodgkin lymphoma,630,Puerto Rico,1,0,2011,9.981267837,14.54216693,1.084437765,258
26,Non-Hodgkin lymphoma,630,Puerto Rico,1,0,2012,10.91275494,16.63363675,1.109874168,292
26,Non-Hodgkin lymphoma,630,Puerto Rico,1,0,2013,10.58045655,16.62520055,1.182695257,286
26,Non-Hodgkin lymphoma,630,Puerto Rico,1,0,2014,12.27854105,19.77634962,1.239933111,334
26,Non-Hodgkin lymphoma,630,Puerto Rico,1,0,2015,11.17529816,18.65535351,1.180914945,309
26,Non-Hodgkin lymphoma,630,Puerto Rico,1,0,2016,10.08339901,17.46626788,1.101776577,283
26,Non-Hodgkin lymphoma,630,Puerto Rico,1,0,2017,10.60148182,18.85142923,1.110147397,298
26,Non-Hodgkin lymphoma,630,Puerto Rico,2,0,2003,5.901165325,8.642226714,0.6665477733,174
26,Non-Hodgkin lymphoma,630,Puerto Rico,2,0,2004,5.858064397,8.74849558,0.5883882678,177
26,Non-Hodgkin lymphoma,630,Puerto Rico,2,0,2005,5.013838765,7.969272061,0.5915084117,162
26,Non-Hodgkin lymphoma,630,Puerto Rico,2,0,2006,5.968979948,9.06087241,0.6652479809,185
26,Non-Hodgkin lymphoma,630,Puerto Rico,2,0,2007,6.044082237,9.610356159,0.6607398963,197
26,Non-Hodgkin lymphoma,630,Puerto Rico,2,0,2008,6.276765643,10.21172802,0.7584271586,210
26,Non-Hodgkin lymphoma,630,Puerto Rico,2,0,2009,6.640678851,11.43456281,0.7373617568,236
26,Non-Hodgkin lymphoma,630,Puerto Rico,2,0,2010,7.75614863,12.21260444,0.8402996898,237
26,Non-Hodgkin lymphoma,630,Puerto Rico,2,0,2011,7.525385474,12.52238635,0.7888204605,242
26,Non-Hodgkin lymphoma,630,Puerto Rico,2,0,2012,8.587627797,14.38581715,0.9244416694,275
26,Non-Hodgkin lymphoma,630,Puerto Rico,2,0,2013,8.125703747,14.47033501,0.8953513271,271
26,Non-Hodgkin lymphoma,630,Puerto Rico,2,0,2014,7.433419496,13.5970548,0.8421909976,251
26,Non-Hodgkin lymphoma,630,Puerto Rico,2,0,2015,8.637566549,15.90646777,0.911010998,289
26,Non-Hodgkin lymphoma,630,Puerto Rico,2,0,2016,8.34847422,15.89784181,0.9230627828,284
26,Non-Hodgkin lymphoma,630,Puerto Rico,2,0,2017,7.100960116,13.81481498,0.7982204797,241
26,Non-Hodgkin lymphoma,634,Qatar,1,0,2003,8.085192007,4.386782624,0.8187958982,4
26,Non-Hodgkin lymphoma,634,Qatar,1,0,2004,7.403588948,5.259061363,0.7026279526,5
26,Non-Hodgkin lymphoma,634,Qatar,1,0,2005,7.748352075,4.038160618,1.09088799,4
26,Non-Hodgkin lymphoma,634,Qatar,1,0,2006,10.69917261,5.796429399,1.296210518,6
26,Non-Hodgkin lymphoma,634,Qatar,1,0,2007,8.051030092,4.619748501,1.086374544,5
26,Non-Hodgkin lymphoma,634,Qatar,1,0,2008,8.844088619,6.92245124,0.8088598707,8
26,Non-Hodgkin lymphoma,634,Qatar,1,0,2009,10.51812341,7.735148515,0.5651846668,9
26,Non-Hodgkin lymphoma,634,Qatar,1,0,2010,7.893148366,5.561072493,1.290984266,7
26,Non-Hodgkin lymphoma,634,Qatar,1,0,2011,14.56068238,7.586792911,1.787040741,10
26,Non-Hodgkin lymphoma,634,Qatar,1,0,2012,6.104865261,4.454805993,0.5859716623,6
26,Non-Hodgkin lymphoma,634,Qatar,1,0,2013,7.157833797,5.285811372,0.527096833,7
26,Non-Hodgkin lymphoma,634,Qatar,1,0,2014,7.762125479,3.670748539,1.24099285,5
26,Non-Hodgkin lymphoma,634,Qatar,1,0,2015,5.554157348,4.263755943,0.7280299254,6
26,Non-Hodgkin lymphoma,634,Qatar,1,0,2016,11.03703547,7.617359269,1.325234894,11
26,Non-Hodgkin lymphoma,634,Qatar,1,0,2017,10.12340284,7.424907189,0.6845592002,11
26,Non-Hodgkin lymphoma,634,Qatar,2,0,2003,9.021707293,4.319701077,1.51065206,4
26,Non-Hodgkin lymphoma,634,Qatar,2,0,2004,3.979357195,3.10321286,0.3814759443,3
26,Non-Hodgkin lymphoma,634,Qatar,2,0,2005,4.847901464,2.959543047,0.5116819201,3
26,Non-Hodgkin lymphoma,634,Qatar,2,0,2006,14.52546634,7.57812574,1.629390619,8
26,Non-Hodgkin lymphoma,634,Qatar,2,0,2007,5.117834998,2.732738204,0.5711219717,3
26,Non-Hodgkin lymphoma,634,Qatar,2,0,2008,2.427877351,2.618417952,0.1723112596,3
26,Non-Hodgkin lymphoma,634,Qatar,2,0,2009,5.332903855,5.055270963,0.4143956854,6
26,Non-Hodgkin lymphoma,634,Qatar,2,0,2010,3.878327234,2.403653553,0.4940923693,3
26,Non-Hodgkin lymphoma,634,Qatar,2,0,2011,6.900167538,4.571637561,0.5504097511,6
26,Non-Hodgkin lymphoma,634,Qatar,2,0,2012,6.885501767,4.437147801,0.6930568092,6
26,Non-Hodgkin lymphoma,634,Qatar,2,0,2013,2.728859864,2.214136524,0.2572754625,3
26,Non-Hodgkin lymphoma,634,Qatar,2,0,2014,7.120125607,4.313908761,0.5974515322,6
26,Non-Hodgkin lymphoma,634,Qatar,2,0,2015,4.376591104,2.821710239,0.5525583143,4
26,Non-Hodgkin lymphoma,634,Qatar,2,0,2016,2.451444878,2.020691885,0.1607063255,3
26,Non-Hodgkin lymphoma,634,Qatar,2,0,2017,2.938647976,2.615079858,0.288391041,4
26,Non-Hodgkin lymphoma,642,Romania,1,1,2000,2.591907135,3.272889715,0.2804497876,359
26,Non-Hodgkin lymphoma,642,Romania,1,1,2001,2.419727917,3.19649591,0.2666454911,350
26,Non-Hodgkin lymphoma,642,Romania,1,1,2002,2.788399353,3.711520692,0.2992175825,395
26,Non-Hodgkin lymphoma,642,Romania,1,1,2003,2.822788141,3.780791411,0.3094794321,401
26,Non-Hodgkin lymphoma,642,Romania,1,1,2004,2.589554357,3.499941258,0.2694009556,370
26,Non-Hodgkin lymphoma,642,Romania,1,1,2005,2.660308037,3.708439631,0.310510603,391
26,Non-Hodgkin lymphoma,642,Romania,1,1,2006,2.812364968,3.858879448,0.3062631206,406
26,Non-Hodgkin lymphoma,642,Romania,1,1,2007,2.653454461,3.582071352,0.2979835816,376
26,Non-Hodgkin lymphoma,642,Romania,1,1,2008,2.691672789,3.884473283,0.3123674318,407
26,Non-Hodgkin lymphoma,642,Romania,1,1,2009,2.821473396,4.006801426,0.3123717735,419
26,Non-Hodgkin lymphoma,642,Romania,1,1,2010,2.429105742,3.622722058,0.2747318796,378
26,Non-Hodgkin lymphoma,642,Romania,1,1,2011,2.477314741,3.771937497,0.2862332831,392
26,Non-Hodgkin lymphoma,642,Romania,1,1,2012,2.812876095,4.431774369,0.3192402134,433
26,Non-Hodgkin lymphoma,642,Romania,1,1,2013,2.50426195,3.874415635,0.2682542694,378
26,Non-Hodgkin lymphoma,642,Romania,1,1,2014,2.435909124,4.090333473,0.2893734017,398
26,Non-Hodgkin lymphoma,642,Romania,1,1,2015,2.461850982,3.987382105,0.2802288752,386
26,Non-Hodgkin lymphoma,642,Romania,1,1,2016,2.539245679,4.216873164,0.303133094,406
26,Non-Hodgkin lymphoma,642,Romania,1,1,2017,2.682860288,4.498683326,0.3008061589,431
26,Non-Hodgkin lymphoma,642,Romania,1,1,2018,2.345133928,4.206551541,0.2760353561,401
26,Non-Hodgkin lymphoma,642,Romania,1,1,2019,2.371782372,4.365863126,0.2641040012,414
26,Non-Hodgkin lymphoma,642,Romania,2,1,2000,1.351302939,2.023320513,0.1501432601,232
26,Non-Hodgkin lymphoma,642,Romania,2,1,2001,1.454715265,2.251524426,0.1665616387,258
26,Non-Hodgkin lymphoma,642,Romania,2,1,2002,1.441938494,2.214798711,0.1545528498,247
26,Non-Hodgkin lymphoma,642,Romania,2,1,2003,1.541566795,2.462409831,0.1834867903,274
26,Non-Hodgkin lymphoma,642,Romania,2,1,2004,1.393471086,2.305956881,0.1594237374,256
26,Non-Hodgkin lymphoma,642,Romania,2,1,2005,1.68684868,2.824825359,0.1888861546,313
26,Non-Hodgkin lymphoma,642,Romania,2,1,2006,1.646568705,2.711698702,0.1789027398,300
26,Non-Hodgkin lymphoma,642,Romania,2,1,2007,1.515379709,2.572267353,0.1669608676,284
26,Non-Hodgkin lymphoma,642,Romania,2,1,2008,1.610255335,2.765980543,0.1805749058,305
26,Non-Hodgkin lymphoma,642,Romania,2,1,2009,1.575201445,2.824002019,0.1787876409,311
26,Non-Hodgkin lymphoma,642,Romania,2,1,2010,1.615758605,2.891656979,0.1791809205,318
26,Non-Hodgkin lymphoma,642,Romania,2,1,2011,1.681667085,3.083418606,0.1891958358,338
26,Non-Hodgkin lymphoma,642,Romania,2,1,2012,1.684472032,3.139022038,0.1903457378,323
26,Non-Hodgkin lymphoma,642,Romania,2,1,2013,1.606629119,3.117553055,0.1772076172,319
26,Non-Hodgkin lymphoma,642,Romania,2,1,2014,1.602337988,3.347668751,0.1776178479,341
26,Non-Hodgkin lymphoma,642,Romania,2,1,2015,1.585313215,3.254707491,0.1820989212,330
26,Non-Hodgkin lymphoma,642,Romania,2,1,2016,1.622358787,3.353694625,0.1808569502,338
26,Non-Hodgkin lymphoma,642,Romania,2,1,2017,1.546763779,3.335879522,0.1888975829,334
26,Non-Hodgkin lymphoma,642,Romania,2,1,2018,1.502726019,3.43680909,0.1692673457,342
26,Non-Hodgkin lymphoma,642,Romania,2,1,2019,1.499013732,3.163797584,0.1609759942,313
26,Non-Hodgkin lymphoma,688,Serbia,1,1,1999,1.877118137,2.752653381,0.1991278807,101
26,Non-Hodgkin lymphoma,688,Serbia,1,1,2000,2.049294978,3.173060064,0.2313133724,116
26,Non-Hodgkin lymphoma,688,Serbia,1,1,2001,2.242259456,3.535667623,0.2594733878,129
26,Non-Hodgkin lymphoma,688,Serbia,1,1,2002,1.947408943,3.207949133,0.2390442831,117
26,Non-Hodgkin lymphoma,688,Serbia,1,1,2003,2.538080524,4.095894512,0.3075262838,149
26,Non-Hodgkin lymphoma,688,Serbia,1,1,2004,2.480773261,4.050486141,0.2760716838,147
26,Non-Hodgkin lymphoma,688,Serbia,1,1,2005,2.469489906,3.841859128,0.2753759635,139
26,Non-Hodgkin lymphoma,688,Serbia,1,1,2006,2.606430124,4.328886605,0.311008517,156
26,Non-Hodgkin lymphoma,688,Serbia,1,1,2007,2.667295697,4.681025713,0.313742477,168
26,Non-Hodgkin lymphoma,688,Serbia,1,1,2008,3.00524338,4.952691998,0.3470872974,177
26,Non-Hodgkin lymphoma,688,Serbia,1,1,2009,2.701668173,4.88757455,0.3180220334,174
26,Non-Hodgkin lymphoma,688,Serbia,1,1,2010,3.141786063,5.498574036,0.3467922954,195
26,Non-Hodgkin lymphoma,688,Serbia,1,1,2011,2.959309459,5.081344086,0.3278721925,179
26,Non-Hodgkin lymphoma,688,Serbia,1,1,2012,3.048094941,5.448250412,0.3484923482,191
26,Non-Hodgkin lymphoma,688,Serbia,1,1,2013,2.886836324,5.417854151,0.326981459,189
26,Non-Hodgkin lymphoma,688,Serbia,1,1,2014,3.121260824,5.845518215,0.3444751925,203
26,Non-Hodgkin lymphoma,688,Serbia,1,1,2015,2.532232003,5.006750431,0.2914796626,173
26,Non-Hodgkin lymphoma,688,Serbia,1,1,2016,3.327527354,6.254308928,0.3638871891,215
26,Non-Hodgkin lymphoma,688,Serbia,1,1,2017,2.695091865,5.555856092,0.288514386,190
26,Non-Hodgkin lymphoma,688,Serbia,1,1,2018,3.009964611,6.261564051,0.3325886187,213
26,Non-Hodgkin lymphoma,688,Serbia,1,1,2019,2.952005904,5.674208241,0.3685433725,192
26,Non-Hodgkin lymphoma,688,Serbia,1,1,2020,2.888023394,5.743524548,0.3490759313,193
26,Non-Hodgkin lymphoma,688,Serbia,1,1,2021,2.294336735,4.658850418,0.27310514,155
26,Non-Hodgkin lymphoma,688,Serbia,1,1,2022,2.05291429,4.474173528,0.2291085757,145
26,Non-Hodgkin lymphoma,688,Serbia,1,1,2023,2.718692716,5.681613553,0.3297959128,183
26,Non-Hodgkin lymphoma,688,Serbia,2,1,1999,1.116414654,1.834049991,0.1144031061,71
26,Non-Hodgkin lymphoma,688,Serbia,2,1,2000,1.530366435,2.51258299,0.1568470302,97
26,Non-Hodgkin lymphoma,688,Serbia,2,1,2001,1.580916912,2.723806065,0.1734504687,105
26,Non-Hodgkin lymphoma,688,Serbia,2,1,2002,1.222936146,2.28402885,0.1371292783,88
26,Non-Hodgkin lymphoma,688,Serbia,2,1,2003,1.694718482,3.25283478,0.1927003198,125
26,Non-Hodgkin lymphoma,688,Serbia,2,1,2004,1.567061416,2.973424626,0.175097772,114
26,Non-Hodgkin lymphoma,688,Serbia,2,1,2005,1.676020728,3.374552577,0.1930495482,129
26,Non-Hodgkin lymphoma,688,Serbia,2,1,2006,1.690771263,3.256412835,0.2038217937,124
26,Non-Hodgkin lymphoma,688,Serbia,2,1,2007,1.396759086,3.032203051,0.1668602409,115
26,Non-Hodgkin lymphoma,688,Serbia,2,1,2008,1.692806541,3.627785981,0.2034366144,137
26,Non-Hodgkin lymphoma,688,Serbia,2,1,2009,2.139684472,4.440592976,0.2746925419,167
26,Non-Hodgkin lymphoma,688,Serbia,2,1,2010,1.957634015,4.192186938,0.2424265897,157
26,Non-Hodgkin lymphoma,688,Serbia,2,1,2011,1.82240733,3.745208356,0.2116718539,139
26,Non-Hodgkin lymphoma,688,Serbia,2,1,2012,1.58112329,3.601052721,0.1926498777,133
26,Non-Hodgkin lymphoma,688,Serbia,2,1,2013,1.821471954,4.108099049,0.2081671037,151
26,Non-Hodgkin lymphoma,688,Serbia,2,1,2014,1.976815407,4.31807132,0.233832863,158
26,Non-Hodgkin lymphoma,688,Serbia,2,1,2015,1.817026061,4.340602102,0.2044647217,158
26,Non-Hodgkin lymphoma,688,Serbia,2,1,2016,1.870123221,4.363806698,0.2261624461,158
26,Non-Hodgkin lymphoma,688,Serbia,2,1,2017,2.083652433,4.887472879,0.2495766478,176
26,Non-Hodgkin lymphoma,688,Serbia,2,1,2018,2.320821723,5.585191201,0.2606145047,200
26,Non-Hodgkin lymphoma,688,Serbia,2,1,2019,1.684704439,4.464407302,0.1905153966,159
26,Non-Hodgkin lymphoma,688,Serbia,2,1,2020,1.955278209,5.086441243,0.2266529291,180
26,Non-Hodgkin lymphoma,688,Serbia,2,1,2021,1.615527218,3.877599025,0.183779491,136
26,Non-Hodgkin lymphoma,688,Serbia,2,1,2022,1.727637511,4.556571145,0.1971549336,156
26,Non-Hodgkin lymphoma,688,Serbia,2,1,2023,2.011925723,4.908491897,0.231465229,167
26,Non-Hodgkin lymphoma,702,Singapore,1,1,1967,0.06540222368,0.09828975821,0.003270057716,1
26,Non-Hodgkin lymphoma,702,Singapore,1,1,1968,0.3229750539,0.2901073397,0.02512953389,3
26,Non-Hodgkin lymphoma,702,Singapore,1,1,1969,0.5325629636,0.3820439351,0.04185765816,4
26,Non-Hodgkin lymphoma,702,Singapore,1,1,1970,0.5384786642,0.3765769158,0.06498677659,4
26,Non-Hodgkin lymphoma,702,Singapore,1,1,1971,0.2489059822,0.1852366398,0.02034994942,2
26,Non-Hodgkin lymphoma,702,Singapore,1,1,1972,0.6079767851,0.4553734062,0.08961868909,5
26,Non-Hodgkin lymphoma,702,Singapore,1,1,1973,0.2872582998,0.2686727566,0.0239353267,3
26,Non-Hodgkin lymphoma,702,Singapore,1,1,1974,0.8877017047,0.7060277116,0.09351255029,8
26,Non-Hodgkin lymphoma,702,Singapore,1,1,1975,0.7952432203,0.6096498868,0.098845292,7
26,Non-Hodgkin lymphoma,702,Singapore,1,1,1976,1.82584146,1.376936317,0.2266823516,16
26,Non-Hodgkin lymphoma,702,Singapore,1,1,1977,0.6794612808,0.5099005694,0.09808854222,6
26,Non-Hodgkin lymphoma,702,Singapore,1,1,1978,2.606342208,1.849516604,0.2637519212,22
26,Non-Hodgkin lymphoma,702,Singapore,1,1,1979,2.305137191,1.495264994,0.1949379861,18
26,Non-Hodgkin lymphoma,702,Singapore,1,1,1980,1.920879218,1.298912161,0.2122887462,16
26,Non-Hodgkin lymphoma,702,Singapore,1,1,1981,2.709067951,1.925700072,0.2956104382,24
26,Non-Hodgkin lymphoma,702,Singapore,1,1,1982,3.803917408,3.014676716,0.4704921457,38
26,Non-Hodgkin lymphoma,702,Singapore,1,1,1983,3.088383372,2.195217562,0.2767799125,28
26,Non-Hodgkin lymphoma,702,Singapore,1,1,1984,2.313978903,1.862341895,0.2853764349,24
26,Non-Hodgkin lymphoma,702,Singapore,1,1,1985,4.55377447,3.377081894,0.387232835,44
26,Non-Hodgkin lymphoma,702,Singapore,1,1,1986,2.260468099,1.974333662,0.2345120082,26
26,Non-Hodgkin lymphoma,702,Singapore,1,1,1987,3.939112208,3.307773267,0.431670229,44
26,Non-Hodgkin lymphoma,702,Singapore,1,1,1988,3.180280484,2.582409236,0.3795492834,34
26,Non-Hodgkin lymphoma,702,Singapore,1,1,1989,3.583517511,3.056736002,0.4792125871,41
26,Non-Hodgkin lymphoma,702,Singapore,1,1,1990,3.157626186,2.668974969,0.3081833121,37
26,Non-Hodgkin lymphoma,702,Singapore,1,1,1991,2.363944886,2.192052044,0.2252712103,31
26,Non-Hodgkin lymphoma,702,Singapore,1,1,1992,3.018379567,2.779514975,0.3560243848,40
26,Non-Hodgkin lymphoma,702,Singapore,1,1,1993,2.681622003,2.390383827,0.3042645572,35
26,Non-Hodgkin lymphoma,702,Singapore,1,1,1994,2.984077922,2.686005909,0.3498140754,40
26,Non-Hodgkin lymphoma,702,Singapore,1,1,1995,4.116053241,3.69905542,0.4457418537,56
26,Non-Hodgkin lymphoma,702,Singapore,1,1,1996,3.950574341,3.701298701,0.4526104609,57
26,Non-Hodgkin lymphoma,702,Singapore,1,1,1997,3.492697661,3.257120961,0.3628225047,51
26,Non-Hodgkin lymphoma,702,Singapore,1,1,1998,5.138552125,4.90011308,0.562672498,78
26,Non-Hodgkin lymphoma,702,Singapore,1,1,1999,3.477109825,3.467706979,0.4104699548,56
26,Non-Hodgkin lymphoma,702,Singapore,1,1,2000,4.059477542,3.9767513,0.4410302255,65
26,Non-Hodgkin lymphoma,702,Singapore,1,1,2001,3.400540228,3.55678804,0.3814861216,59
26,Non-Hodgkin lymphoma,702,Singapore,1,1,2002,3.739168902,3.977913673,0.4516491667,67
26,Non-Hodgkin lymphoma,702,Singapore,1,1,2003,3.64936122,3.860552176,0.428489681,66
26,Non-Hodgkin lymphoma,702,Singapore,1,1,2004,2.894381864,3.178088524,0.3310149834,55
26,Non-Hodgkin lymphoma,702,Singapore,1,1,2005,2.724401767,3.071497639,0.3122023697,54
26,Non-Hodgkin lymphoma,702,Singapore,1,1,2006,3.169555125,3.580219288,0.3503335182,64
26,Non-Hodgkin lymphoma,702,Singapore,1,1,2007,2.346280463,2.759785976,0.2948151357,49
26,Non-Hodgkin lymphoma,702,Singapore,1,1,2008,3.215747751,3.937881309,0.3671867897,71
26,Non-Hodgkin lymphoma,702,Singapore,1,1,2009,2.744233994,3.360981927,0.2555432895,62
26,Non-Hodgkin lymphoma,702,Singapore,1,1,2010,2.546917266,3.277983771,0.2922108897,61
26,Non-Hodgkin lymphoma,702,Singapore,1,1,2011,3.7960549,5.192997484,0.3917792433,97
26,Non-Hodgkin lymphoma,702,Singapore,1,1,2012,2.899881385,4.09530901,0.3219080372,77
26,Non-Hodgkin lymphoma,702,Singapore,1,1,2013,3.7958234,5.445402177,0.4627793745,103
26,Non-Hodgkin lymphoma,702,Singapore,1,1,2014,3.119126644,4.783406311,0.3565144394,91
26,Non-Hodgkin lymphoma,702,Singapore,1,1,2015,3.292445726,5.165321596,0.3280363665,99
26,Non-Hodgkin lymphoma,702,Singapore,1,1,2016,3.078566874,5.027141381,0.3128339086,97
26,Non-Hodgkin lymphoma,702,Singapore,1,1,2017,2.812594258,4.78507058,0.3109659581,93
26,Non-Hodgkin lymphoma,702,Singapore,1,1,2018,2.672772009,4.55047913,0.3071937821,89
26,Non-Hodgkin lymphoma,702,Singapore,1,1,2019,3.543481852,6.448723508,0.364568765,127
26,Non-Hodgkin lymphoma,702,Singapore,1,1,2020,2.957134378,5.764691367,0.2663535683,114
26,Non-Hodgkin lymphoma,702,Singapore,1,1,2021,2.785345914,5.63203172,0.2748213946,110
26,Non-Hodgkin lymphoma,702,Singapore,1,1,2022,3.058462694,6.481721545,0.2681496306,129
26,Non-Hodgkin lymphoma,702,Singapore,2,1,1967,0.1724137931,0.2082899396,0.007183650009,2
26,Non-Hodgkin lymphoma,702,Singapore,2,1,1968,0.1860465116,0.1022704029,0.02325311,1
26,Non-Hodgkin lymphoma,702,Singapore,2,1,1969,0.3603896104,0.2008838891,0,2
26,Non-Hodgkin lymphoma,702,Singapore,2,1,1970,0.3446037632,0.2963548355,0.0266318347,3
26,Non-Hodgkin lymphoma,702,Singapore,2,1,1971,0.2651691505,0.2910643252,0.0196245372,3
26,Non-Hodgkin lymphoma,702,Singapore,2,1,1972,0.4678191322,0.2858776444,0.07295498583,3
26,Non-Hodgkin lymphoma,702,Singapore,2,1,1973,0.2999730966,0.1871782873,0.05379236019,2
26,Non-Hodgkin lymphoma,702,Singapore,2,1,1974,0,0,0,0
26,Non-Hodgkin lymphoma,702,Singapore,2,1,1975,0.2988469969,0.2723064355,0.02375044797,3
26,Non-Hodgkin lymphoma,702,Singapore,2,1,1976,0.8843152606,0.7167174342,0.1193582403,8
26,Non-Hodgkin lymphoma,702,Singapore,2,1,1977,0.9572867998,0.7067137809,0.1128754041,8
26,Non-Hodgkin lymphoma,702,Singapore,2,1,1978,1.224202089,0.9603631919,0.1471657201,11
26,Non-Hodgkin lymphoma,702,Singapore,2,1,1979,1.572351245,1.293772641,0.1604192165,15
26,Non-Hodgkin lymphoma,702,Singapore,2,1,1980,1.250166421,1.01497082,0.1502858417,12
26,Non-Hodgkin lymphoma,702,Singapore,2,1,1981,1.87060579,1.587301587,0.231233205,19
26,Non-Hodgkin lymphoma,702,Singapore,2,1,1982,1.58985903,1.403450838,0.1713877145,17
26,Non-Hodgkin lymphoma,702,Singapore,2,1,1983,1.0190533,0.8968609865,0.1041303698,11
26,Non-Hodgkin lymphoma,702,Singapore,2,1,1984,1.708339017,1.531763947,0.1796238791,19
26,Non-Hodgkin lymphoma,702,Singapore,2,1,1985,1.168336906,1.195123895,0.1461652325,15
26,Non-Hodgkin lymphoma,702,Singapore,2,1,1986,1.495625198,1.339320886,0.1770728269,17
26,Non-Hodgkin lymphoma,702,Singapore,2,1,1987,2.053252118,1.871199127,0.196879615,24
26,Non-Hodgkin lymphoma,702,Singapore,2,1,1988,2.019922479,1.872513069,0.2930376957,24
26,Non-Hodgkin lymphoma,702,Singapore,2,1,1989,2.676954379,2.449292002,0.345293996,32
26,Non-Hodgkin lymphoma,702,Singapore,2,1,1990,1.709565364,1.704334939,0.1951326762,23
26,Non-Hodgkin lymphoma,702,Singapore,2,1,1991,1.868327542,1.955671447,0.1680630832,27
26,Non-Hodgkin lymphoma,702,Singapore,2,1,1992,2.259976455,2.197490607,0.2410965621,31
26,Non-Hodgkin lymphoma,702,Singapore,2,1,1993,2.044079956,2.08275479,0.2530562271,30
26,Non-Hodgkin lymphoma,702,Singapore,2,1,1994,2.395045692,2.72090334,0.1932219438,40
26,Non-Hodgkin lymphoma,702,Singapore,2,1,1995,1.53667034,1.600533511,0.1690514645,24
26,Non-Hodgkin lymphoma,702,Singapore,2,1,1996,2.064415706,2.290126284,0.2106830867,35
26,Non-Hodgkin lymphoma,702,Singapore,2,1,1997,2.088642345,2.439807384,0.2200535626,38
26,Non-Hodgkin lymphoma,702,Singapore,2,1,1998,2.070891927,2.266431629,0.2611554767,36
26,Non-Hodgkin lymphoma,702,Singapore,2,1,1999,2.207093661,2.600941293,0.2168165927,42
26,Non-Hodgkin lymphoma,702,Singapore,2,1,2000,1.783789245,2.135709055,0.2003198795,35
26,Non-Hodgkin lymphoma,702,Singapore,2,1,2001,2.019688188,2.459213052,0.2116002391,41
26,Non-Hodgkin lymphoma,702,Singapore,2,1,2002,2.205010814,2.649084594,0.2472379375,45
26,Non-Hodgkin lymphoma,702,Singapore,2,1,2003,1.831147684,2.198310772,0.2606544978,38
26,Non-Hodgkin lymphoma,702,Singapore,2,1,2004,1.859012552,2.33299192,0.2114003823,41
26,Non-Hodgkin lymphoma,702,Singapore,2,1,2005,1.41096009,1.959796181,0.1241932936,35
26,Non-Hodgkin lymphoma,702,Singapore,2,1,2006,1.862260578,2.361339923,0.172002178,43
26,Non-Hodgkin lymphoma,702,Singapore,2,1,2007,1.959206007,2.876742642,0.1922186469,52
26,Non-Hodgkin lymphoma,702,Singapore,2,1,2008,1.962184389,2.772191118,0.1844385201,51
26,Non-Hodgkin lymphoma,702,Singapore,2,1,2009,1.09715558,1.587982992,0.1310232636,30
26,Non-Hodgkin lymphoma,702,Singapore,2,1,2010,1.937178127,2.931476731,0.2278399924,56
26,Non-Hodgkin lymphoma,702,Singapore,2,1,2011,1.599453609,2.498308437,0.1857496349,48
26,Non-Hodgkin lymphoma,702,Singapore,2,1,2012,2.074307782,3.353973168,0.2297877187,65
26,Non-Hodgkin lymphoma,702,Singapore,2,1,2013,1.536714805,2.5086433,0.1617911904,49
26,Non-Hodgkin lymphoma,702,Singapore,2,1,2014,1.962100068,3.454707013,0.230736041,68
26,Non-Hodgkin lymphoma,702,Singapore,2,1,2015,2.170119873,3.82666805,0.2036808706,76
26,Non-Hodgkin lymphoma,702,Singapore,2,1,2016,1.311176557,2.345270762,0.164049968,47
26,Non-Hodgkin lymphoma,702,Singapore,2,1,2017,1.879230875,4.005437505,0.1922204345,81
26,Non-Hodgkin lymphoma,702,Singapore,2,1,2018,1.997983075,3.728332136,0.2360090187,76
26,Non-Hodgkin lymphoma,702,Singapore,2,1,2019,1.658297986,3.938104663,0.1552342865,81
26,Non-Hodgkin lymphoma,702,Singapore,2,1,2020,1.740230037,4.112928434,0.1702985944,85
26,Non-Hodgkin lymphoma,702,Singapore,2,1,2021,1.347406834,3.638638009,0.1259046775,74
26,Non-Hodgkin lymphoma,702,Singapore,2,1,2022,1.572533459,4.272628247,0.1538589103,89
26,Non-Hodgkin lymphoma,703,Slovakia,1,1,1993,1.320128617,1.541620675,0.1527580939,40
26,Non-Hodgkin lymphoma,703,Slovakia,1,1,1994,2.657085137,2.994248739,0.3295979661,78
26,Non-Hodgkin lymphoma,703,Slovakia,1,1,1995,3.30043151,3.713303849,0.3623784242,97
26,Non-Hodgkin lymphoma,703,Slovakia,1,1,1996,3.076352854,3.631034876,0.3909570066,95
26,Non-Hodgkin lymphoma,703,Slovakia,1,1,1997,4.299807061,4.846719629,0.5367926892,127
26,Non-Hodgkin lymphoma,703,Slovakia,1,1,1998,3.968027279,4.575088642,0.5020065152,120
26,Non-Hodgkin lymphoma,703,Slovakia,1,1,1999,4.333975474,4.992568314,0.5171992646,131
26,Non-Hodgkin lymphoma,703,Slovakia,1,1,2000,3.562009316,4.2274586,0.4433295258,111
26,Non-Hodgkin lymphoma,703,Slovakia,1,1,2001,3.550940952,4.325054235,0.3918657424,113
26,Non-Hodgkin lymphoma,703,Slovakia,1,1,2002,3.542028573,4.365387532,0.3878900095,114
26,Non-Hodgkin lymphoma,703,Slovakia,1,1,2003,3.425066103,4.481261433,0.3755526791,117
26,Non-Hodgkin lymphoma,703,Slovakia,1,1,2004,3.226404332,4.019426462,0.3697674836,105
26,Non-Hodgkin lymphoma,703,Slovakia,1,1,2005,3.473613594,4.359611337,0.3965747406,114
26,Non-Hodgkin lymphoma,703,Slovakia,1,1,2006,3.277708729,4.279833881,0.3850668736,112
26,Non-Hodgkin lymphoma,703,Slovakia,1,1,2007,3.271244795,4.425631272,0.3681024463,116
26,Non-Hodgkin lymphoma,703,Slovakia,1,1,2008,2.816581802,3.768707923,0.3206819645,99
26,Non-Hodgkin lymphoma,703,Slovakia,1,1,2009,3.040133949,4.215038345,0.3869587105,111
26,Non-Hodgkin lymphoma,703,Slovakia,1,1,2010,3.409548664,4.772915297,0.378780019,126
26,Non-Hodgkin lymphoma,703,Slovakia,1,1,2011,3.893734294,5.726466781,0.4253993864,151
26,Non-Hodgkin lymphoma,703,Slovakia,1,1,2012,4.695116771,6.985928669,0.490273149,184
26,Non-Hodgkin lymphoma,703,Slovakia,1,1,2013,4.959602879,7.507060618,0.5461168866,198
26,Non-Hodgkin lymphoma,703,Slovakia,1,1,2014,4.592627009,7.119343294,0.4836544368,188
26,Non-Hodgkin lymphoma,703,Slovakia,1,1,2015,4.229899222,6.768028288,0.4470527591,179
26,Non-Hodgkin lymphoma,703,Slovakia,1,1,2016,4.295669732,6.870825832,0.4431084412,182
26,Non-Hodgkin lymphoma,703,Slovakia,1,1,2017,4.454241777,7.422484023,0.5126211527,197
26,Non-Hodgkin lymphoma,703,Slovakia,1,1,2018,4.392160082,7.672640043,0.4356570349,204
26,Non-Hodgkin lymphoma,703,Slovakia,1,1,2019,4.251076254,7.434628774,0.47542327,198
26,Non-Hodgkin lymphoma,703,Slovakia,1,1,2020,4.077471188,7.202024669,0.4097582364,192
26,Non-Hodgkin lymphoma,703,Slovakia,1,1,2021,3.846432531,7.138461353,0.4064225842,190
26,Non-Hodgkin lymphoma,703,Slovakia,1,1,2022,3.172709619,5.872390692,0.3759484958,156
26,Non-Hodgkin lymphoma,703,Slovakia,1,1,2023,3.282059923,6.216660802,0.3582703364,165
26,Non-Hodgkin lymphoma,703,Slovakia,2,1,1993,1.239475642,1.75826752,0.1417003132,48
26,Non-Hodgkin lymphoma,703,Slovakia,2,1,1994,1.598392861,2.406634435,0.1788274006,66
26,Non-Hodgkin lymphoma,703,Slovakia,2,1,1995,1.917069559,2.871216491,0.2423273584,79
26,Non-Hodgkin lymphoma,703,Slovakia,2,1,1996,1.553179935,2.284712121,0.1708144246,63
26,Non-Hodgkin lymphoma,703,Slovakia,2,1,1997,2.078303421,3.07647316,0.2265414524,85
26,Non-Hodgkin lymphoma,703,Slovakia,2,1,1998,2.243176556,3.504715106,0.2460962529,97
26,Non-Hodgkin lymphoma,703,Slovakia,2,1,1999,2.337865096,3.536374134,0.2840220748,98
26,Non-Hodgkin lymphoma,703,Slovakia,2,1,2000,2.162821428,3.387402036,0.2493340434,94
26,Non-Hodgkin lymphoma,703,Slovakia,2,1,2001,1.872541833,2.99953453,0.2155229014,83
26,Non-Hodgkin lymphoma,703,Slovakia,2,1,2002,2.067047123,3.505149498,0.2543141446,97
26,Non-Hodgkin lymphoma,703,Slovakia,2,1,2003,2.218480817,3.612614962,0.2577379446,100
26,Non-Hodgkin lymphoma,703,Slovakia,2,1,2004,2.002664246,3.681963541,0.2386539366,102
26,Non-Hodgkin lymphoma,703,Slovakia,2,1,2005,2.218597981,3.859509525,0.2725103448,107
26,Non-Hodgkin lymphoma,703,Slovakia,2,1,2006,1.912958087,3.640610469,0.2030632977,101
26,Non-Hodgkin lymphoma,703,Slovakia,2,1,2007,1.931794414,3.745492354,0.1861930954,104
26,Non-Hodgkin lymphoma,703,Slovakia,2,1,2008,1.787004191,3.632992899,0.1989087082,101
26,Non-Hodgkin lymphoma,703,Slovakia,2,1,2009,1.678929656,3.159845828,0.1939735116,88
26,Non-Hodgkin lymphoma,703,Slovakia,2,1,2010,1.98362404,3.726092103,0.2161179713,104
26,Non-Hodgkin lymphoma,703,Slovakia,2,1,2011,2.12663284,4.276852524,0.2244026312,119
26,Non-Hodgkin lymphoma,703,Slovakia,2,1,2012,2.463075467,5.119491454,0.2504097753,142
26,Non-Hodgkin lymphoma,703,Slovakia,2,1,2013,2.735358724,6.268296039,0.2784952091,174
26,Non-Hodgkin lymphoma,703,Slovakia,2,1,2014,3.100218939,7.019557206,0.3130248461,195
26,Non-Hodgkin lymphoma,703,Slovakia,2,1,2015,2.678488306,6.331083281,0.2826306672,176
26,Non-Hodgkin lymphoma,703,Slovakia,2,1,2016,2.441714035,5.931163989,0.268966791,165
26,Non-Hodgkin lymphoma,703,Slovakia,2,1,2017,2.635850488,6.139740494,0.2931084125,171
26,Non-Hodgkin lymphoma,703,Slovakia,2,1,2018,2.619665108,6.743243127,0.2845886677,188
26,Non-Hodgkin lymphoma,703,Slovakia,2,1,2019,2.909720228,7.452704884,0.3105393794,208
26,Non-Hodgkin lymphoma,703,Slovakia,2,1,2020,2.826255198,6.838740354,0.2913034498,191
26,Non-Hodgkin lymphoma,703,Slovakia,2,1,2021,2.382516441,6.474009728,0.247222783,180
26,Non-Hodgkin lymphoma,703,Slovakia,2,1,2022,2.080407496,5.476974188,0.2339995187,152
26,Non-Hodgkin lymphoma,703,Slovakia,2,1,2023,1.943582772,5.446183055,0.2158749572,151
26,Non-Hodgkin lymphoma,705,Slovenia,1,0,1983,4.680738348,4.897873887,0.4809788244,45
26,Non-Hodgkin lymphoma,705,Slovenia,1,0,1984,4.261526158,4.789032245,0.4280705473,44
26,Non-Hodgkin lymphoma,705,Slovenia,1,0,1985,4.702384187,5.006715529,0.4811074096,46
26,Non-Hodgkin lymphoma,705,Slovenia,1,0,1986,4.968013539,5.514812996,0.5213114054,53
26,Non-Hodgkin lymphoma,705,Slovenia,1,0,1987,4.981456737,5.386541312,0.5676622078,52
26,Non-Hodgkin lymphoma,705,Slovenia,1,0,1988,4.808489135,5.357516338,0.5055563796,52
26,Non-Hodgkin lymphoma,705,Slovenia,1,0,1989,6.662286974,7.746005385,0.7449528223,75
26,Non-Hodgkin lymphoma,705,Slovenia,1,0,1990,5.51295603,6.39735851,0.5145067124,62
26,Non-Hodgkin lymphoma,705,Slovenia,1,0,1991,5.422090899,6.382415827,0.5440018943,62
26,Non-Hodgkin lymphoma,705,Slovenia,1,0,1992,6.886447916,8.055712481,0.7590359265,78
26,Non-Hodgkin lymphoma,705,Slovenia,1,0,1993,6.975787516,8.910301241,0.6730545138,86
26,Non-Hodgkin lymphoma,705,Slovenia,1,0,1994,6.73779005,8.401504803,0.7089259928,81
26,Non-Hodgkin lymphoma,705,Slovenia,1,0,1995,7.27260493,8.802361104,0.6875192874,85
26,Non-Hodgkin lymphoma,705,Slovenia,1,0,1996,6.230862044,8.048588711,0.7460768638,78
26,Non-Hodgkin lymphoma,705,Slovenia,1,0,1997,6.815006856,8.254613555,0.7747982837,80
26,Non-Hodgkin lymphoma,705,Slovenia,1,0,1998,8.980970545,11.38111955,0.9964324437,110
26,Non-Hodgkin lymphoma,705,Slovenia,1,0,1999,6.332327504,8.053998965,0.6082443033,78
26,Non-Hodgkin lymphoma,705,Slovenia,1,0,2000,7.021489664,9.356547167,0.7217179419,91
26,Non-Hodgkin lymphoma,705,Slovenia,1,0,2001,8.49462667,11.39968635,0.8236175309,111
26,Non-Hodgkin lymphoma,705,Slovenia,1,0,2002,8.152881285,11.37165753,0.8107120488,111
26,Non-Hodgkin lymphoma,705,Slovenia,1,0,2003,6.749214732,9.412380964,0.6784046827,92
26,Non-Hodgkin lymphoma,705,Slovenia,1,0,2004,7.634771659,10.64382883,0.7727823204,104
26,Non-Hodgkin lymphoma,705,Slovenia,1,0,2005,7.643784697,11.52978869,0.8485369656,113
26,Non-Hodgkin lymphoma,705,Slovenia,1,0,2006,6.915199079,11.1575898,0.7585678902,110
26,Non-Hodgkin lymphoma,705,Slovenia,1,0,2007,7.150448187,10.95339781,0.7019812131,109
26,Non-Hodgkin lymphoma,705,Slovenia,1,0,2008,8.110772886,12.63830671,0.8248120986,126
26,Non-Hodgkin lymphoma,705,Slovenia,1,0,2009,8.844607403,13.342993,0.9154728081,135
26,Non-Hodgkin lymphoma,705,Slovenia,1,0,2010,8.682382347,13.89551362,0.9195483553,141
26,Non-Hodgkin lymphoma,705,Slovenia,1,0,2011,9.877538036,15.95383237,0.9506960831,162
26,Non-Hodgkin lymphoma,705,Slovenia,1,0,2012,9.77869704,16.80731738,1.142004641,171
26,Non-Hodgkin lymphoma,705,Slovenia,1,0,2013,10.36068452,16.96647307,1.074777895,173
26,Non-Hodgkin lymphoma,705,Slovenia,1,0,2014,9.919896142,17.9162518,1.178641054,183
26,Non-Hodgkin lymphoma,705,Slovenia,1,0,2015,10.58030105,19.26548622,1.0839921,197
26,Non-Hodgkin lymphoma,705,Slovenia,1,0,2016,11.50265937,20.90105013,1.293835596,214
26,Non-Hodgkin lymphoma,705,Slovenia,1,0,2017,8.503509082,16.27723147,0.8736672862,167
26,Non-Hodgkin lymphoma,705,Slovenia,1,1,1986,2.552265058,2.698215027,0.2984151702,26
26,Non-Hodgkin lymphoma,705,Slovenia,1,1,1987,3.607233448,4.133512452,0.4728212349,40
26,Non-Hodgkin lymphoma,705,Slovenia,1,1,1988,3.680256153,4.23422493,0.3424514908,41
26,Non-Hodgkin lymphoma,705,Slovenia,1,1,1989,3.29001062,3.821129815,0.3598765826,37
26,Non-Hodgkin lymphoma,705,Slovenia,1,1,1990,2.646025,3.09182727,0.2849521679,30
26,Non-Hodgkin lymphoma,705,Slovenia,1,1,1991,2.473311207,2.886300381,0.2842408903,28
26,Non-Hodgkin lymphoma,705,Slovenia,1,1,1992,3.161653687,3.722854188,0.391295592,36
26,Non-Hodgkin lymphoma,705,Slovenia,1,1,1993,4.298753361,5.39083558,0.4494791128,52
26,Non-Hodgkin lymphoma,705,Slovenia,1,1,1994,3.041920268,3.836980193,0.315315702,37
26,Non-Hodgkin lymphoma,705,Slovenia,1,1,1995,3.036281313,3.746097815,0.2367414648,36
26,Non-Hodgkin lymphoma,705,Slovenia,1,1,1996,3.928399703,4.953049221,0.424691598,48
26,Non-Hodgkin lymphoma,705,Slovenia,1,1,1997,3.337160479,4.58763424,0.3294850549,44
26,Non-Hodgkin lymphoma,705,Slovenia,1,1,1998,2.89122055,3.974895397,0.3966514098,38
26,Non-Hodgkin lymphoma,705,Slovenia,1,1,1999,3.083984006,4.281984334,0.398121002,41
26,Non-Hodgkin lymphoma,705,Slovenia,1,1,2000,3.978018697,5.637219848,0.3831200713,54
26,Non-Hodgkin lymphoma,705,Slovenia,1,1,2001,4.388338792,6.470092255,0.4254183739,63
26,Non-Hodgkin lymphoma,705,Slovenia,1,1,2002,3.520564246,4.917473525,0.3995318189,48
26,Non-Hodgkin lymphoma,705,Slovenia,1,1,2003,3.818904362,5.524658392,0.345599616,54
26,Non-Hodgkin lymphoma,705,Slovenia,1,1,2004,3.684160255,5.321914415,0.3069599009,52
26,Non-Hodgkin lymphoma,705,Slovenia,1,1,2005,3.806047914,6.1216744,0.3644743994,60
26,Non-Hodgkin lymphoma,705,Slovenia,1,1,2006,4.069433804,6.593121244,0.4609405357,65
26,Non-Hodgkin lymphoma,705,Slovenia,1,1,2007,4.777239155,7.536741615,0.445278398,75
26,Non-Hodgkin lymphoma,705,Slovenia,1,1,2008,3.869771459,7.013890467,0.3390236027,71
26,Non-Hodgkin lymphoma,705,Slovenia,1,1,2009,3.968938604,7.116262934,0.3578194261,72
26,Non-Hodgkin lymphoma,705,Slovenia,1,1,2010,3.547502999,6.701428685,0.3885734727,68
26,Non-Hodgkin lymphoma,705,Slovenia,1,1,2011,3.513400333,6.992111716,0.3136936221,71
26,Non-Hodgkin lymphoma,705,Slovenia,1,1,2012,4.053899706,8.256063784,0.38218381,84
26,Non-Hodgkin lymphoma,705,Slovenia,1,1,2013,4.877037068,10.19949826,0.4152094906,104
26,Non-Hodgkin lymphoma,705,Slovenia,1,1,2014,5.673007352,11.65045882,0.5849669363,119
26,Non-Hodgkin lymphoma,705,Slovenia,1,1,2015,4.673619395,9.779434631,0.4822672853,100
26,Non-Hodgkin lymphoma,705,Slovenia,1,1,2016,5.739995675,13.57591574,0.5544203567,139
26,Non-Hodgkin lymphoma,705,Slovenia,1,1,2017,4.410108764,10.91646661,0.4027009955,112
26,Non-Hodgkin lymphoma,705,Slovenia,1,1,2018,5.162662864,12.36859584,0.5273883487,127
26,Non-Hodgkin lymphoma,705,Slovenia,1,1,2019,5.913296082,15.25725704,0.5280427447,155
26,Non-Hodgkin lymphoma,705,Slovenia,1,1,2020,5.082559889,13.65598118,0.4500150388,144
26,Non-Hodgkin lymphoma,705,Slovenia,2,0,1983,3.005574471,4.110582901,0.3302995888,40
26,Non-Hodgkin lymphoma,705,Slovenia,2,0,1984,3.876524174,4.829934909,0.4074540709,47
26,Non-Hodgkin lymphoma,705,Slovenia,2,0,1985,3.878225657,5.549286917,0.3943910188,54
26,Non-Hodgkin lymphoma,705,Slovenia,2,0,1986,3.017536236,4.707077581,0.2958968566,48
26,Non-Hodgkin lymphoma,705,Slovenia,2,0,1987,3.975484616,5.272958608,0.450932559,54
26,Non-Hodgkin lymphoma,705,Slovenia,2,0,1988,4.622094798,6.508715364,0.5513699195,67
26,Non-Hodgkin lymphoma,705,Slovenia,2,0,1989,3.266695973,4.960799953,0.3615805377,51
26,Non-Hodgkin lymphoma,705,Slovenia,2,0,1990,3.382435224,5.248114323,0.4009696582,54
26,Non-Hodgkin lymphoma,705,Slovenia,2,0,1991,3.441708785,5.338484162,0.4228017852,55
26,Non-Hodgkin lymphoma,705,Slovenia,2,0,1992,4.824035299,7.688003309,0.5008353427,79
26,Non-Hodgkin lymphoma,705,Slovenia,2,0,1993,5.075080428,8.191541648,0.5683936939,84
26,Non-Hodgkin lymphoma,705,Slovenia,2,0,1994,5.709844464,9.270671402,0.5839957846,95
26,Non-Hodgkin lymphoma,705,Slovenia,2,0,1995,4.851724501,7.926760646,0.5233191253,81
26,Non-Hodgkin lymphoma,705,Slovenia,2,0,1996,4.953077786,7.827367412,0.5238808101,80
26,Non-Hodgkin lymphoma,705,Slovenia,2,0,1997,5.750351332,9.433100159,0.6458344947,96
26,Non-Hodgkin lymphoma,705,Slovenia,2,0,1998,5.570785016,9.546398449,0.6300369913,97
26,Non-Hodgkin lymphoma,705,Slovenia,2,0,1999,4.759435354,8.357142998,0.4990381933,85
26,Non-Hodgkin lymphoma,705,Slovenia,2,0,2000,6.33873658,11.88966002,0.6871675451,121
26,Non-Hodgkin lymphoma,705,Slovenia,2,0,2001,5.704757075,11.09666472,0.6567432137,113
26,Non-Hodgkin lymphoma,705,Slovenia,2,0,2002,4.549066768,8.826930376,0.5234921776,90
26,Non-Hodgkin lymphoma,705,Slovenia,2,0,2003,6.429854361,12.75338774,0.6877519645,130
26,Non-Hodgkin lymphoma,705,Slovenia,2,0,2004,6.293195327,11.37353027,0.6942143913,116
26,Non-Hodgkin lymphoma,705,Slovenia,2,0,2005,6.582332801,12.63412742,0.7297041356,129
26,Non-Hodgkin lymphoma,705,Slovenia,2,0,2006,5.882018364,11.4409763,0.6830500725,117
26,Non-Hodgkin lymphoma,705,Slovenia,2,0,2007,5.730722039,11.42264672,0.6256580253,117
26,Non-Hodgkin lymphoma,705,Slovenia,2,0,2008,6.589539865,13.0647583,0.7378859716,134
26,Non-Hodgkin lymphoma,705,Slovenia,2,0,2009,6.535526926,13.48770775,0.6417351976,139
26,Non-Hodgkin lymphoma,705,Slovenia,2,0,2010,5.683915733,12.08260636,0.6267184803,125
26,Non-Hodgkin lymphoma,705,Slovenia,2,0,2011,7.401621142,14.36745588,0.7898123009,149
26,Non-Hodgkin lymphoma,705,Slovenia,2,0,2012,8.179793754,18.00070848,0.92309951,187
26,Non-Hodgkin lymphoma,705,Slovenia,2,0,2013,7.733925195,16.73952529,0.7809260395,174
26,Non-Hodgkin lymphoma,705,Slovenia,2,0,2014,6.794007607,14.7086533,0.7392963979,153
26,Non-Hodgkin lymphoma,705,Slovenia,2,0,2015,7.377742118,17.68341497,0.8404793394,184
26,Non-Hodgkin lymphoma,705,Slovenia,2,0,2016,7.750029073,16.24423642,0.9187871622,169
26,Non-Hodgkin lymphoma,705,Slovenia,2,0,2017,7.340517976,16.53547243,0.8667978967,172
26,Non-Hodgkin lymphoma,705,Slovenia,2,1,1986,1.768853483,2.641103394,0.2198590284,27
26,Non-Hodgkin lymphoma,705,Slovenia,2,1,1987,1.532754455,2.63055339,0.1598086512,27
26,Non-Hodgkin lymphoma,705,Slovenia,2,1,1988,1.353850828,2.140077821,0.1315628405,22
26,Non-Hodgkin lymphoma,705,Slovenia,2,1,1989,1.270655123,2.431433573,0.1865767633,25
26,Non-Hodgkin lymphoma,705,Slovenia,2,1,1990,1.574610305,3.204816937,0.1378502752,33
26,Non-Hodgkin lymphoma,705,Slovenia,2,1,1991,1.538515385,2.623906706,0.1497415558,27
26,Non-Hodgkin lymphoma,705,Slovenia,2,1,1992,2.074057246,3.407652614,0.2063299645,35
26,Non-Hodgkin lymphoma,705,Slovenia,2,1,1993,2.363313363,4.780021461,0.2371604326,49
26,Non-Hodgkin lymphoma,705,Slovenia,2,1,1994,2.42597251,4.584918545,0.2652704585,47
26,Non-Hodgkin lymphoma,705,Slovenia,2,1,1995,1.976076513,3.326484688,0.2351946195,34
26,Non-Hodgkin lymphoma,705,Slovenia,2,1,1996,2.525033727,3.912745769,0.279631234,40
26,Non-Hodgkin lymphoma,705,Slovenia,2,1,1997,2.626245209,4.996570981,0.2956173159,51
26,Non-Hodgkin lymphoma,705,Slovenia,2,1,1998,1.833416977,3.831417625,0.1713381887,39
26,Non-Hodgkin lymphoma,705,Slovenia,2,1,1999,2.650172897,4.809107861,0.2619126649,49
26,Non-Hodgkin lymphoma,705,Slovenia,2,1,2000,2.641309638,5.493912549,0.2890900773,56
26,Non-Hodgkin lymphoma,705,Slovenia,2,1,2001,2.670756707,5.695633217,0.3021961432,58
26,Non-Hodgkin lymphoma,705,Slovenia,2,1,2002,2.323079489,5.100004217,0.2465733084,52
26,Non-Hodgkin lymphoma,705,Slovenia,2,1,2003,2.514377966,6.769105801,0.2302604662,69
26,Non-Hodgkin lymphoma,705,Slovenia,2,1,2004,1.88539355,4.706288386,0.2367107009,48
26,Non-Hodgkin lymphoma,705,Slovenia,2,1,2005,2.488935506,5.484582447,0.2642503252,56
26,Non-Hodgkin lymphoma,705,Slovenia,2,1,2006,2.646674772,6.845028554,0.2397853334,70
26,Non-Hodgkin lymphoma,705,Slovenia,2,1,2007,2.646679631,6.54117376,0.302736322,67
26,Non-Hodgkin lymphoma,705,Slovenia,2,1,2008,1.849633468,5.257408565,0.1896908106,54
26,Non-Hodgkin lymphoma,705,Slovenia,2,1,2009,2.864215718,8.733048183,0.294523209,90
26,Non-Hodgkin lymphoma,705,Slovenia,2,1,2010,2.01588949,6.476277011,0.1814619223,67
26,Non-Hodgkin lymphoma,705,Slovenia,2,1,2011,2.979152023,9.063560629,0.2461927406,94
26,Non-Hodgkin lymphoma,705,Slovenia,2,1,2012,3.030830793,8.759703056,0.3348950862,91
26,Non-Hodgkin lymphoma,705,Slovenia,2,1,2013,2.585003126,9.620416833,0.2194933146,100
26,Non-Hodgkin lymphoma,705,Slovenia,2,1,2014,2.774218246,10.3825788,0.2011226778,108
26,Non-Hodgkin lymphoma,705,Slovenia,2,1,2015,3.338195771,12.78203365,0.266422965,133
26,Non-Hodgkin lymphoma,705,Slovenia,2,1,2016,3.202632848,11.24600983,0.2735647671,117
26,Non-Hodgkin lymphoma,705,Slovenia,2,1,2017,2.925304165,10.0943291,0.3151671096,105
26,Non-Hodgkin lymphoma,705,Slovenia,2,1,2018,3.320344641,12.12006949,0.3289647074,126
26,Non-Hodgkin lymphoma,705,Slovenia,2,1,2019,2.983442551,11.16183116,0.2819782597,116
26,Non-Hodgkin lymphoma,705,Slovenia,2,1,2020,2.738754194,11.38055723,0.2367079405,119
26,Non-Hodgkin lymphoma,710,South Africa,1,1,1994,1.974021896,1.252574878,0.2250507999,279
26,Non-Hodgkin lymphoma,710,South Africa,1,1,1995,1.86875659,1.189338523,0.2053389424,261
26,Non-Hodgkin lymphoma,710,South Africa,1,1,1996,2.072660489,1.410575109,0.2226321603,307
26,Non-Hodgkin lymphoma,710,South Africa,1,1,1997,2.071802822,1.376740979,0.2289911303,299
26,Non-Hodgkin lymphoma,710,South Africa,1,1,1998,2.148040935,1.460314952,0.2163554594,321
26,Non-Hodgkin lymphoma,710,South Africa,1,1,1999,2.584424248,1.705724725,0.288720332,379
26,Non-Hodgkin lymphoma,710,South Africa,1,1,2000,2.837390487,1.940572142,0.3028611475,435
26,Non-Hodgkin lymphoma,710,South Africa,1,1,2001,2.548965078,1.729306635,0.2791590016,391
26,Non-Hodgkin lymphoma,710,South Africa,1,1,2002,2.460943063,1.728997122,0.2684178299,395
26,Non-Hodgkin lymphoma,710,South Africa,1,1,2003,2.889610235,2.085916747,0.3056523969,482
26,Non-Hodgkin lymphoma,710,South Africa,1,1,2004,3.124442701,2.20725972,0.3428517672,516
26,Non-Hodgkin lymphoma,710,South Africa,1,1,2005,2.709261318,1.961740936,0.2886868562,464
26,Non-Hodgkin lymphoma,710,South Africa,1,1,2006,3.233866953,2.344176116,0.3493714132,561
26,Non-Hodgkin lymphoma,710,South Africa,1,1,2007,3.074608967,2.241986987,0.3442985421,543
26,Non-Hodgkin lymphoma,710,South Africa,1,1,2008,3.122040424,2.376447264,0.322039535,583
26,Non-Hodgkin lymphoma,710,South Africa,1,1,2009,3.220006808,2.409742957,0.3379907713,599
26,Non-Hodgkin lymphoma,710,South Africa,1,1,2010,2.981390902,2.271230551,0.3065339321,572
26,Non-Hodgkin lymphoma,710,South Africa,1,1,2011,3.285466677,2.483346304,0.3599307989,634
26,Non-Hodgkin lymphoma,710,South Africa,1,1,2012,3.262160971,2.49799948,0.3474577474,648
26,Non-Hodgkin lymphoma,710,South Africa,1,1,2013,3.110813966,2.442893066,0.3285719989,645
26,Non-Hodgkin lymphoma,710,South Africa,1,1,2014,3.11089903,2.42091393,0.3242134191,651
26,Non-Hodgkin lymphoma,710,South Africa,1,1,2015,3.309615793,2.644457966,0.3392564621,728
26,Non-Hodgkin lymphoma,710,South Africa,1,1,2016,3.709099142,2.980502599,0.3750411999,828
26,Non-Hodgkin lymphoma,710,South Africa,1,1,2017,3.372835701,2.766545704,0.3509538078,772
26,Non-Hodgkin lymphoma,710,South Africa,1,1,2018,3.413143618,2.86255974,0.3402889521,813
26,Non-Hodgkin lymphoma,710,South Africa,1,1,2019,3.051668501,2.640848239,0.3095971687,763
26,Non-Hodgkin lymphoma,710,South Africa,1,1,2020,3.098489901,2.699006689,0.2969247974,793
26,Non-Hodgkin lymphoma,710,South Africa,2,1,1994,1.468184497,1.0952589,0.1558319827,238
26,Non-Hodgkin lymphoma,710,South Africa,2,1,1995,1.106595366,0.8364096465,0.1106288087,189
26,Non-Hodgkin lymphoma,710,South Africa,2,1,1996,1.207665632,0.9204222015,0.123282713,215
26,Non-Hodgkin lymphoma,710,South Africa,2,1,1997,1.462139015,1.156630193,0.1576879662,277
26,Non-Hodgkin lymphoma,710,South Africa,2,1,1998,1.576749495,1.282880463,0.1737270453,311
26,Non-Hodgkin lymphoma,710,South Africa,2,1,1999,1.52163004,1.248417014,0.148760794,306
26,Non-Hodgkin lymphoma,710,South Africa,2,1,2000,1.543221231,1.277095387,0.1561894408,316
26,Non-Hodgkin lymphoma,710,South Africa,2,1,2001,1.224218458,1.04180931,0.1185437042,260
26,Non-Hodgkin lymphoma,710,South Africa,2,1,2002,1.56689519,1.374444777,0.1416117552,346
26,Non-Hodgkin lymphoma,710,South Africa,2,1,2003,1.561385368,1.413775339,0.1485673929,359
26,Non-Hodgkin lymphoma,710,South Africa,2,1,2004,1.642527016,1.487466775,0.1566760156,381
26,Non-Hodgkin lymphoma,710,South Africa,2,1,2005,1.7926161,1.648761733,0.1763127271,426
26,Non-Hodgkin lymphoma,710,South Africa,2,1,2006,1.75241007,1.657291461,0.1695039631,432
26,Non-Hodgkin lymphoma,710,South Africa,2,1,2007,1.780721422,1.706640573,0.1705560859,449
26,Non-Hodgkin lymphoma,710,South Africa,2,1,2008,2.084200892,2.012626542,0.199248184,535
26,Non-Hodgkin lymphoma,710,South Africa,2,1,2009,2.054882476,1.979822704,0.2026793697,532
26,Non-Hodgkin lymphoma,710,South Africa,2,1,2010,1.955213848,1.892526199,0.200706584,514
26,Non-Hodgkin lymphoma,710,South Africa,2,1,2011,1.839518461,1.798643859,0.1875454588,494
26,Non-Hodgkin lymphoma,710,South Africa,2,1,2012,2.011470424,1.996996711,0.1996886649,556
26,Non-Hodgkin lymphoma,710,South Africa,2,1,2013,1.896079568,1.906232393,0.1858938156,539
26,Non-Hodgkin lymphoma,710,South Africa,2,1,2014,1.756207036,1.780229299,0.1662795906,511
26,Non-Hodgkin lymphoma,710,South Africa,2,1,2015,1.870713258,1.894207614,0.1934555155,553
26,Non-Hodgkin lymphoma,710,South Africa,2,1,2016,1.96508274,2.014993622,0.1913601459,594
26,Non-Hodgkin lymphoma,710,South Africa,2,1,2017,1.867681959,1.930688453,0.1862115657,574
26,Non-Hodgkin lymphoma,710,South Africa,2,1,2018,1.899267639,1.985975932,0.1917694791,600
26,Non-Hodgkin lymphoma,710,South Africa,2,1,2019,1.81387935,1.954674137,0.1781884498,600
26,Non-Hodgkin lymphoma,710,South Africa,2,1,2020,1.71372477,1.82161037,0.1659827651,568
26,Non-Hodgkin lymphoma,724,Spain,1,0,1993,9.552477292,12.42473028,0.9913363847,422
26,Non-Hodgkin lymphoma,724,Spain,1,0,1994,9.709107361,12.94411568,1.032936017,442
26,Non-Hodgkin lymphoma,724,Spain,1,0,1995,10.38172752,13.54685113,1.094810098,465
26,Non-Hodgkin lymphoma,724,Spain,1,0,1996,9.997077459,13.73849257,1.077418189,475
26,Non-Hodgkin lymphoma,724,Spain,1,0,1997,10.84610514,14.60991386,1.073587636,508
26,Non-Hodgkin lymphoma,724,Spain,1,0,1998,11.32304898,15.44444311,1.157206159,541
26,Non-Hodgkin lymphoma,724,Spain,1,0,1999,10.31321723,14.31696747,1.078391167,506
26,Non-Hodgkin lymphoma,724,Spain,1,0,2000,10.64798775,15.48953212,1.113649389,554
26,Non-Hodgkin lymphoma,724,Spain,1,0,2001,10.37195331,14.96859205,1.146610715,545
26,Non-Hodgkin lymphoma,724,Spain,1,0,2002,9.938049317,14.62559027,1.056642171,544
26,Non-Hodgkin lymphoma,724,Spain,1,0,2003,10.85681078,16.10622292,1.137509739,610
26,Non-Hodgkin lymphoma,724,Spain,1,0,2004,10.88527114,15.67973328,1.179099345,605
26,Non-Hodgkin lymphoma,724,Spain,1,0,2005,10.88590302,15.64114102,1.152161602,617
26,Non-Hodgkin lymphoma,724,Spain,1,0,2006,10.56649579,16.09060956,1.143534143,646
26,Non-Hodgkin lymphoma,724,Spain,1,0,2007,10.82102947,16.57989529,1.170885343,678
26,Non-Hodgkin lymphoma,724,Spain,1,0,2008,10.47068783,16.06654479,1.124918126,669
26,Non-Hodgkin lymphoma,724,Spain,1,0,2009,11.19919255,16.90115534,1.193715535,711
26,Non-Hodgkin lymphoma,724,Spain,1,0,2010,10.84204233,16.91192106,1.136950855,715
26,Non-Hodgkin lymphoma,724,Spain,1,0,2011,11.10358307,17.55902215,1.225702072,744
26,Non-Hodgkin lymphoma,724,Spain,1,0,2012,11.47151219,18.52535354,1.254055758,785
26,Non-Hodgkin lymphoma,724,Spain,1,0,2013,12.33462792,19.90404827,1.294637833,840
26,Non-Hodgkin lymphoma,724,Spain,1,0,2014,12.50869223,20.32753304,1.31988611,853
26,Non-Hodgkin lymphoma,724,Spain,1,0,2015,12.2908642,20.24446625,1.319376496,848
26,Non-Hodgkin lymphoma,724,Spain,1,0,2016,11.71235768,20.07341133,1.274535759,840
26,Non-Hodgkin lymphoma,724,Spain,1,1,1956,0.0432199986,0.04228135536,0.006243796527,6
26,Non-Hodgkin lymphoma,724,Spain,1,1,1957,0.06754128146,0.06283677895,0.00557024056,9
26,Non-Hodgkin lymphoma,724,Spain,1,1,1958,0.07962671969,0.0829208797,0.007336927785,12
26,Non-Hodgkin lymphoma,724,Spain,1,1,1959,0.07185441003,0.07520443728,0.005211333919,11
26,Non-Hodgkin lymphoma,724,Spain,1,1,1960,0.08315276435,0.08802773984,0.007360104245,13
26,Non-Hodgkin lymphoma,724,Spain,1,1,1961,0.09015790494,0.08712157195,0.009882727857,13
26,Non-Hodgkin lymphoma,724,Spain,1,1,1962,0.06421493309,0.0662426387,0.005959108237,10
26,Non-Hodgkin lymphoma,724,Spain,1,1,1963,0.09458497537,0.1047840157,0.01141106997,16
26,Non-Hodgkin lymphoma,724,Spain,1,1,1964,0.119569285,0.1229509337,0.0153093996,19
26,Non-Hodgkin lymphoma,724,Spain,1,1,1965,0.1145440402,0.1214830924,0.01084374019,19
26,Non-Hodgkin lymphoma,724,Spain,1,1,1966,0.05213472608,0.05056886976,0.003974520985,8
26,Non-Hodgkin lymphoma,724,Spain,1,1,1967,0.1178745029,0.1250026641,0.01317802567,20
26,Non-Hodgkin lymphoma,724,Spain,1,1,1968,0.1085372599,0.1174564594,0.0098568386,19
26,Non-Hodgkin lymphoma,724,Spain,1,1,1969,0.1095402189,0.1162662193,0.01051710279,19
26,Non-Hodgkin lymphoma,724,Spain,1,1,1970,0.08242248536,0.0848340425,0.009437074648,14
26,Non-Hodgkin lymphoma,724,Spain,1,1,1971,0.1551713989,0.1618882647,0.01760213203,27
26,Non-Hodgkin lymphoma,724,Spain,1,1,1972,0.2581247326,0.2726338552,0.02512043421,46
26,Non-Hodgkin lymphoma,724,Spain,1,1,1973,0.2535454847,0.2753429052,0.02579757239,47
26,Non-Hodgkin lymphoma,724,Spain,1,1,1974,0.2924630754,0.3178969877,0.02856844241,55
26,Non-Hodgkin lymphoma,724,Spain,1,1,1975,0.4484694623,0.4905101263,0.04845791286,86
26,Non-Hodgkin lymphoma,724,Spain,1,1,1976,0.7522380002,0.8292249328,0.07947496603,147
26,Non-Hodgkin lymphoma,724,Spain,1,1,1977,0.7987553122,0.8984976673,0.08534947679,161
26,Non-Hodgkin lymphoma,724,Spain,1,1,1978,1.025994525,1.116049754,0.1138472859,202
26,Non-Hodgkin lymphoma,724,Spain,1,1,1979,1.099616834,1.226390914,0.106758985,224
26,Non-Hodgkin lymphoma,724,Spain,1,1,1980,1.187710347,1.324692753,0.1216560196,244
26,Non-Hodgkin lymphoma,724,Spain,1,1,1981,1.285114697,1.508700148,0.1449372553,280
26,Non-Hodgkin lymphoma,724,Spain,1,1,1982,1.496350101,1.734559038,0.159460191,324
26,Non-Hodgkin lymphoma,724,Spain,1,1,1983,1.553885202,1.857979408,0.1631537175,349
26,Non-Hodgkin lymphoma,724,Spain,1,1,1984,1.66549811,2.055399315,0.1704810024,388
26,Non-Hodgkin lymphoma,724,Spain,1,1,1985,1.878662486,2.357734088,0.2104971272,447
26,Non-Hodgkin lymphoma,724,Spain,1,1,1986,1.915130479,2.428483398,0.2105501566,462
26,Non-Hodgkin lymphoma,724,Spain,1,1,1987,2.263932473,2.908957493,0.2521283703,555
26,Non-Hodgkin lymphoma,724,Spain,1,1,1988,2.263452313,2.943886516,0.2547109711,563
26,Non-Hodgkin lymphoma,724,Spain,1,1,1989,2.718055623,3.71683414,0.2985997737,712
26,Non-Hodgkin lymphoma,724,Spain,1,1,1990,3.029183251,4.130390267,0.3364188756,792
26,Non-Hodgkin lymphoma,724,Spain,1,1,1991,2.952323677,4.176204197,0.3196069875,803
26,Non-Hodgkin lymphoma,724,Spain,1,1,1992,3.116455725,4.437101679,0.3491087639,858
26,Non-Hodgkin lymphoma,724,Spain,1,1,1993,2.940675492,4.287220651,0.3272260542,834
26,Non-Hodgkin lymphoma,724,Spain,1,1,1994,3.348204351,4.980305805,0.3831366144,974
26,Non-Hodgkin lymphoma,724,Spain,1,1,1995,3.308385504,5.0627089,0.3660016243,995
26,Non-Hodgkin lymphoma,724,Spain,1,1,1996,3.23383971,5.03427294,0.3572271084,994
26,Non-Hodgkin lymphoma,724,Spain,1,1,1997,3.444633509,5.429212247,0.3826152319,1077
26,Non-Hodgkin lymphoma,724,Spain,1,1,1998,3.226704741,5.136838943,0.3597948487,1024
26,Non-Hodgkin lymphoma,724,Spain,1,1,1999,3.746113436,6.045115631,0.4094400797,1211
26,Non-Hodgkin lymphoma,724,Spain,1,1,2000,3.616910645,6.14799139,0.3927526006,1238
26,Non-Hodgkin lymphoma,724,Spain,1,1,2001,3.693792577,6.341012387,0.4093830821,1284
26,Non-Hodgkin lymphoma,724,Spain,1,1,2002,3.58058517,6.10163749,0.3857365644,1252
26,Non-Hodgkin lymphoma,724,Spain,1,1,2003,3.611884278,6.323466233,0.3886141433,1323
26,Non-Hodgkin lymphoma,724,Spain,1,1,2004,3.374348013,5.826500194,0.3592123422,1242
26,Non-Hodgkin lymphoma,724,Spain,1,1,2005,3.380604889,5.844899444,0.3594293062,1269
26,Non-Hodgkin lymphoma,724,Spain,1,1,2006,3.095224997,5.493180108,0.3314750927,1214
26,Non-Hodgkin lymphoma,724,Spain,1,1,2007,3.120275661,5.702765304,0.3210116324,1285
26,Non-Hodgkin lymphoma,724,Spain,1,1,2008,3.140498304,5.958021353,0.3242139383,1365
26,Non-Hodgkin lymphoma,724,Spain,1,1,2009,3.0462442,5.588217579,0.3244456479,1291
26,Non-Hodgkin lymphoma,724,Spain,1,1,2010,3.09266844,6.025917137,0.3194832863,1397
26,Non-Hodgkin lymphoma,724,Spain,1,1,2011,3.048579418,5.990161805,0.3220840487,1392
26,Non-Hodgkin lymphoma,724,Spain,1,1,2012,2.904627907,5.965048348,0.287373975,1385
26,Non-Hodgkin lymphoma,724,Spain,1,1,2013,2.946063183,6.361603817,0.2933373853,1470
26,Non-Hodgkin lymphoma,724,Spain,1,1,2014,2.875478343,6.113903854,0.3048359061,1407
26,Non-Hodgkin lymphoma,724,Spain,1,1,2015,2.885194782,6.440574085,0.2935898369,1480
26,Non-Hodgkin lymphoma,724,Spain,1,1,2016,2.786539691,6.43396941,0.2797208104,1479
26,Non-Hodgkin lymphoma,724,Spain,1,1,2017,2.771146465,6.407029466,0.2845603816,1476
26,Non-Hodgkin lymphoma,724,Spain,1,1,2018,2.774177336,6.68220546,0.2822016765,1546
26,Non-Hodgkin lymphoma,724,Spain,1,1,2019,2.79775654,6.734022775,0.2925445524,1569
26,Non-Hodgkin lymphoma,724,Spain,1,1,2020,2.780463698,6.755705758,0.281227134,1582
26,Non-Hodgkin lymphoma,724,Spain,1,1,2021,2.670250252,6.752564289,0.2762975558,1583
26,Non-Hodgkin lymphoma,724,Spain,1,1,2022,2.575594638,6.420944884,0.2644394497,1508
26,Non-Hodgkin lymphoma,724,Spain,2,0,1993,6.458945776,10.12682272,0.7463971678,354
26,Non-Hodgkin lymphoma,724,Spain,2,0,1994,6.880973283,10.56153489,0.7785615289,371
26,Non-Hodgkin lymphoma,724,Spain,2,0,1995,6.969630376,10.99622397,0.7435395553,389
26,Non-Hodgkin lymphoma,724,Spain,2,0,1996,6.128960973,9.992999286,0.6221864799,356
26,Non-Hodgkin lymphoma,724,Spain,2,0,1997,6.543028049,10.44476548,0.7243009327,374
26,Non-Hodgkin lymphoma,724,Spain,2,0,1998,7.760740947,12.56791669,0.8380360848,453
26,Non-Hodgkin lymphoma,724,Spain,2,0,1999,7.547000426,12.77227799,0.8174818134,464
26,Non-Hodgkin lymphoma,724,Spain,2,0,2000,7.415599222,12.70466853,0.7854602259,466
26,Non-Hodgkin lymphoma,724,Spain,2,0,2001,7.322737525,12.93116427,0.7969818314,481
26,Non-Hodgkin lymphoma,724,Spain,2,0,2002,7.822921418,13.41746188,0.8323986614,508
26,Non-Hodgkin lymphoma,724,Spain,2,0,2003,7.105949361,12.55553158,0.7594804391,483
26,Non-Hodgkin lymphoma,724,Spain,2,0,2004,7.4294764,12.6684423,0.8022243801,495
26,Non-Hodgkin lymphoma,724,Spain,2,0,2005,7.428566589,13.2753342,0.8392462786,528
26,Non-Hodgkin lymphoma,724,Spain,2,0,2006,6.937943752,12.31839032,0.7658739178,498
26,Non-Hodgkin lymphoma,724,Spain,2,0,2007,7.227410681,12.65753284,0.7923554866,521
26,Non-Hodgkin lymphoma,724,Spain,2,0,2008,7.382096627,13.51890055,0.8011281621,566
26,Non-Hodgkin lymphoma,724,Spain,2,0,2009,7.939597988,13.81514253,0.8715609171,585
26,Non-Hodgkin lymphoma,724,Spain,2,0,2010,7.889079361,13.76661345,0.8754049625,587
26,Non-Hodgkin lymphoma,724,Spain,2,0,2011,8.063022287,15.02256422,0.869288603,643
26,Non-Hodgkin lymphoma,724,Spain,2,0,2012,8.181430449,15.59217399,0.8955240766,669
26,Non-Hodgkin lymphoma,724,Spain,2,0,2013,8.57089961,16.28003527,0.9715688005,698
26,Non-Hodgkin lymphoma,724,Spain,2,0,2014,8.426702349,15.94405647,0.9293376328,682
26,Non-Hodgkin lymphoma,724,Spain,2,0,2015,8.110257795,15.28652773,0.8984584993,654
26,Non-Hodgkin lymphoma,724,Spain,2,0,2016,8.776411064,16.95891597,0.9804331074,726
26,Non-Hodgkin lymphoma,724,Spain,2,1,1956,0.02068627744,0.0264322697,0.003000850893,4
26,Non-Hodgkin lymphoma,724,Spain,2,1,1957,0.03364349078,0.03935163718,0.004095808158,6
26,Non-Hodgkin lymphoma,724,Spain,2,1,1958,0.04378790171,0.04551947722,0.003716122326,7
26,Non-Hodgkin lymphoma,724,Spain,2,1,1959,0.03284913749,0.03867496851,0.002418013947,6
26,Non-Hodgkin lymphoma,724,Spain,2,1,1960,0.05473750837,0.05755628853,0.005470316128,9
26,Non-Hodgkin lymphoma,724,Spain,2,1,1961,0.06323933761,0.0697178184,0.006553626955,11
26,Non-Hodgkin lymphoma,724,Spain,2,1,1962,0.02609463816,0.03135958509,0.003257910945,5
26,Non-Hodgkin lymphoma,724,Spain,2,1,1963,0.06015490057,0.0744864046,0.006052366588,12
26,Non-Hodgkin lymphoma,724,Spain,2,1,1964,0.08548819123,0.09823021989,0.009026687409,16
26,Non-Hodgkin lymphoma,724,Spain,2,1,1965,0.06023058771,0.0789283641,0.007237108029,13
26,Non-Hodgkin lymphoma,724,Spain,2,1,1966,0.0534349081,0.05406745077,0.004431085743,9
26,Non-Hodgkin lymphoma,724,Spain,2,1,1967,0.06115741799,0.07728392655,0.005815148828,13
26,Non-Hodgkin lymphoma,724,Spain,2,1,1968,0.06717733336,0.08238243651,0.008272688871,14
26,Non-Hodgkin lymphoma,724,Spain,2,1,1969,0.08779464847,0.1107540459,0.01045739746,19
26,Non-Hodgkin lymphoma,724,Spain,2,1,1970,0.08714761672,0.1039866518,0.01131179741,18
26,Non-Hodgkin lymphoma,724,Spain,2,1,1971,0.1300170672,0.1601896554,0.01377053479,28
26,Non-Hodgkin lymphoma,724,Spain,2,1,1972,0.2139162459,0.2830067841,0.01829610274,50
26,Non-Hodgkin lymphoma,724,Spain,2,1,1973,0.1892772233,0.2352032119,0.02284052731,42
26,Non-Hodgkin lymphoma,724,Spain,2,1,1974,0.186910986,0.2380878621,0.0186564925,43
26,Non-Hodgkin lymphoma,724,Spain,2,1,1975,0.3346768139,0.4051907897,0.03393417774,74
26,Non-Hodgkin lymphoma,724,Spain,2,1,1976,0.2893076624,0.3685860106,0.03112332057,68
26,Non-Hodgkin lymphoma,724,Spain,2,1,1977,0.4787892405,0.6064681709,0.05061653982,113
26,Non-Hodgkin lymphoma,724,Spain,2,1,1978,0.5046166284,0.6859725943,0.05301354483,129
26,Non-Hodgkin lymphoma,724,Spain,2,1,1979,0.7102124503,0.9332786443,0.07616975194,177
26,Non-Hodgkin lymphoma,724,Spain,2,1,1980,0.7052776374,0.9885868434,0.07426321734,189
26,Non-Hodgkin lymphoma,724,Spain,2,1,1981,0.6567163313,0.9452733476,0.07303683652,182
26,Non-Hodgkin lymphoma,724,Spain,2,1,1982,0.7141257786,1.027467856,0.08239391732,199
26,Non-Hodgkin lymphoma,724,Spain,2,1,1983,0.8788658696,1.355974164,0.09819247026,264
26,Non-Hodgkin lymphoma,724,Spain,2,1,1984,1.020689091,1.528600785,0.1112702988,299
26,Non-Hodgkin lymphoma,724,Spain,2,1,1985,1.092894647,1.73094585,0.1296484547,340
26,Non-Hodgkin lymphoma,724,Spain,2,1,1986,1.119303115,1.861858567,0.1209434868,367
26,Non-Hodgkin lymphoma,724,Spain,2,1,1987,1.40411605,2.361805369,0.1667292401,467
26,Non-Hodgkin lymphoma,724,Spain,2,1,1988,1.615237225,2.703263543,0.1930080609,536
26,Non-Hodgkin lymphoma,724,Spain,2,1,1989,1.696700034,2.91846366,0.2010147594,580
26,Non-Hodgkin lymphoma,724,Spain,2,1,1990,1.807524767,3.058758986,0.2015412272,609
26,Non-Hodgkin lymphoma,724,Spain,2,1,1991,1.745226315,3.1591429,0.1995916836,631
26,Non-Hodgkin lymphoma,724,Spain,2,1,1992,1.822217197,3.475507395,0.2112091467,698
26,Non-Hodgkin lymphoma,724,Spain,2,1,1993,1.923102224,3.673547662,0.2197322426,742
26,Non-Hodgkin lymphoma,724,Spain,2,1,1994,2.133997073,4.132661182,0.2433266368,839
26,Non-Hodgkin lymphoma,724,Spain,2,1,1995,2.125775777,4.206041626,0.2362572456,858
26,Non-Hodgkin lymphoma,724,Spain,2,1,1996,2.212107121,4.572356901,0.2472697855,937
26,Non-Hodgkin lymphoma,724,Spain,2,1,1997,2.300180994,4.66806375,0.2542678877,961
26,Non-Hodgkin lymphoma,724,Spain,2,1,1998,2.247455617,4.936420738,0.2470259214,1021
26,Non-Hodgkin lymphoma,724,Spain,2,1,1999,2.388077075,5.332010404,0.2644619627,1108
26,Non-Hodgkin lymphoma,724,Spain,2,1,2000,2.38043164,5.281778704,0.250920786,1103
26,Non-Hodgkin lymphoma,724,Spain,2,1,2001,2.539912814,5.739060767,0.2736705775,1205
26,Non-Hodgkin lymphoma,724,Spain,2,1,2002,2.264431564,5.363376529,0.240073259,1139
26,Non-Hodgkin lymphoma,724,Spain,2,1,2003,2.230854446,5.253776517,0.2383470372,1134
26,Non-Hodgkin lymphoma,724,Spain,2,1,2004,2.108049204,5.260476269,0.2190237317,1153
26,Non-Hodgkin lymphoma,724,Spain,2,1,2005,2.121942423,5.142116711,0.2256050487,1144
26,Non-Hodgkin lymphoma,724,Spain,2,1,2006,1.939051435,4.84613703,0.2054487577,1095
26,Non-Hodgkin lymphoma,724,Spain,2,1,2007,1.818725452,4.677252398,0.1933575309,1075
26,Non-Hodgkin lymphoma,724,Spain,2,1,2008,1.840371352,4.904658519,0.186029767,1144
26,Non-Hodgkin lymphoma,724,Spain,2,1,2009,1.956554779,5.103471395,0.1989148073,1201
26,Non-Hodgkin lymphoma,724,Spain,2,1,2010,1.708514201,4.734272372,0.178597875,1120
26,Non-Hodgkin lymphoma,724,Spain,2,1,2011,1.814568839,5.058935547,0.1858855349,1202
26,Non-Hodgkin lymphoma,724,Spain,2,1,2012,1.899069588,5.453842353,0.1883281654,1298
26,Non-Hodgkin lymphoma,724,Spain,2,1,2013,1.824387144,5.321431178,0.1853724618,1264
26,Non-Hodgkin lymphoma,724,Spain,2,1,2014,1.871982541,5.508905614,0.1864806747,1306
26,Non-Hodgkin lymphoma,724,Spain,2,1,2015,1.681037193,5.231103398,0.1737721299,1240
26,Non-Hodgkin lymphoma,724,Spain,2,1,2016,1.652044998,5.281021405,0.1598707757,1254
26,Non-Hodgkin lymphoma,724,Spain,2,1,2017,1.805129697,5.757110729,0.1835278159,1372
26,Non-Hodgkin lymphoma,724,Spain,2,1,2018,1.61001018,5.184343267,0.1564632903,1242
26,Non-Hodgkin lymphoma,724,Spain,2,1,2019,1.686279237,5.427683993,0.1740915725,1310
26,Non-Hodgkin lymphoma,724,Spain,2,1,2020,1.586207112,5.316902538,0.1544055111,1290
26,Non-Hodgkin lymphoma,724,Spain,2,1,2021,1.519659763,5.141458546,0.152744628,1249
26,Non-Hodgkin lymphoma,724,Spain,2,1,2022,1.480649513,5.221268721,0.1468073016,1271
26,Non-Hodgkin lymphoma,752,Sweden,1,0,1960,2.926771779,3.82972558,0.310458725,143
26,Non-Hodgkin lymphoma,752,Sweden,1,0,1961,3.508844358,4.611385484,0.3482251563,173
26,Non-Hodgkin lymphoma,752,Sweden,1,0,1962,3.506192952,4.718167676,0.3724134875,178
26,Non-Hodgkin lymphoma,752,Sweden,1,0,1963,3.810542544,5.16607617,0.3610245887,196
26,Non-Hodgkin lymphoma,752,Sweden,1,0,1964,3.851086268,5.361855966,0.4223442098,205
26,Non-Hodgkin lymphoma,752,Sweden,1,0,1965,3.957936268,5.800569181,0.4371004712,224
26,Non-Hodgkin lymphoma,752,Sweden,1,0,1966,4.091580006,5.537288769,0.3991834881,216
26,Non-Hodgkin lymphoma,752,Sweden,1,0,1967,4.386981345,6.054898082,0.4926369212,238
26,Non-Hodgkin lymphoma,752,Sweden,1,0,1968,4.423426097,6.201470331,0.4725144877,245
26,Non-Hodgkin lymphoma,752,Sweden,1,0,1969,4.631343962,6.812768284,0.5270197878,271
26,Non-Hodgkin lymphoma,752,Sweden,1,0,1970,5.016817254,7.071443742,0.5251086892,284
26,Non-Hodgkin lymphoma,752,Sweden,1,0,1971,4.474996801,6.75378973,0.4697832223,273
26,Non-Hodgkin lymphoma,752,Sweden,1,0,1972,4.879874839,7.03712739,0.524562034,285
26,Non-Hodgkin lymphoma,752,Sweden,1,0,1973,4.670498509,7.007286591,0.502791022,284
26,Non-Hodgkin lymphoma,752,Sweden,1,0,1974,4.802481607,7.04230034,0.5148426318,286
26,Non-Hodgkin lymphoma,752,Sweden,1,0,1975,5.045070388,7.780021249,0.542982876,317
26,Non-Hodgkin lymphoma,752,Sweden,1,0,1976,5.558199943,8.343677291,0.6183374838,341
26,Non-Hodgkin lymphoma,752,Sweden,1,0,1977,4.89465718,7.53917075,0.5419334914,309
26,Non-Hodgkin lymphoma,752,Sweden,1,0,1978,4.996910718,8.059300871,0.5372135237,331
26,Non-Hodgkin lymphoma,752,Sweden,1,0,1979,5.677600728,8.68081518,0.610818019,357
26,Non-Hodgkin lymphoma,752,Sweden,1,0,1980,5.228677219,8.038514929,0.5943926557,331
26,Non-Hodgkin lymphoma,752,Sweden,1,0,1981,5.437480293,8.496741864,0.5973408922,350
26,Non-Hodgkin lymphoma,752,Sweden,1,0,1982,5.100253546,8.183596188,0.6028663025,337
26,Non-Hodgkin lymphoma,752,Sweden,1,0,1983,4.86857432,7.845991209,0.5017228435,323
26,Non-Hodgkin lymphoma,752,Sweden,1,0,1984,5.055887944,8.352863818,0.581933387,344
26,Non-Hodgkin lymphoma,752,Sweden,1,0,1985,6.006557096,9.384468583,0.629734319,387
26,Non-Hodgkin lymphoma,752,Sweden,1,0,1986,6.851551789,11.4947619,0.7798056871,475
26,Non-Hodgkin lymphoma,752,Sweden,1,0,1987,8.106957609,13.58245273,0.855319874,563
26,Non-Hodgkin lymphoma,752,Sweden,1,0,1988,8.431185072,13.78404437,0.9678503383,574
26,Non-Hodgkin lymphoma,752,Sweden,1,0,1989,8.598102512,14.353897,0.9745625413,602
26,Non-Hodgkin lymphoma,752,Sweden,1,0,1990,9.475187978,15.04238831,1.031300667,636
26,Non-Hodgkin lymphoma,752,Sweden,1,0,1991,9.363171407,15.07989172,1.076379651,642
26,Non-Hodgkin lymphoma,752,Sweden,1,0,1992,9.635571946,15.80811332,1.087756865,677
26,Non-Hodgkin lymphoma,752,Sweden,1,0,1993,10.07652701,16.48183029,1.079224236,710
26,Non-Hodgkin lymphoma,752,Sweden,1,0,1994,10.17741547,16.71042493,1.119373362,725
26,Non-Hodgkin lymphoma,752,Sweden,1,0,1995,10.03065707,16.89914262,1.066688947,737
26,Non-Hodgkin lymphoma,752,Sweden,1,0,1996,10.67291886,17.53704357,1.143602356,766
26,Non-Hodgkin lymphoma,752,Sweden,1,0,1997,9.740702476,16.08394216,1.044375379,703
26,Non-Hodgkin lymphoma,752,Sweden,1,0,1998,9.960404199,16.23312784,1.096445382,710
26,Non-Hodgkin lymphoma,752,Sweden,1,0,1999,10.4210629,16.78897109,1.176831256,735
26,Non-Hodgkin lymphoma,752,Sweden,1,0,2000,10.21775643,17.80487544,1.124012573,781
26,Non-Hodgkin lymphoma,752,Sweden,1,0,2001,10.23209094,17.27036437,1.104146052,760
26,Non-Hodgkin lymphoma,752,Sweden,1,0,2002,10.11589936,17.52010795,1.140547769,774
26,Non-Hodgkin lymphoma,752,Sweden,1,0,2003,10.33276974,18.14335141,1.143405219,805
26,Non-Hodgkin lymphoma,752,Sweden,1,0,2004,10.32486778,17.95135542,1.184474589,800
26,Non-Hodgkin lymphoma,752,Sweden,1,0,2005,9.224381632,17.08948816,1.050165902,765
26,Non-Hodgkin lymphoma,752,Sweden,1,0,2006,10.0446142,17.58030615,1.110006522,792
26,Non-Hodgkin lymphoma,752,Sweden,1,0,2007,9.51812968,17.27656993,1.057992595,785
26,Non-Hodgkin lymphoma,752,Sweden,1,0,2008,9.70426254,17.60539951,1.071340337,807
26,Non-Hodgkin lymphoma,752,Sweden,1,0,2009,10.1990579,18.95655512,1.126079354,877
26,Non-Hodgkin lymphoma,752,Sweden,1,0,2010,10.43191877,19.12355034,1.181949366,893
26,Non-Hodgkin lymphoma,752,Sweden,1,0,2011,9.500174734,18.43458124,1.063810336,868
26,Non-Hodgkin lymphoma,752,Sweden,1,0,2012,10.42946712,19.63603389,1.163103834,932
26,Non-Hodgkin lymphoma,752,Sweden,1,0,2013,11.2417505,21.39813538,1.198791329,1025
26,Non-Hodgkin lymphoma,752,Sweden,1,0,2014,10.01158646,19.67665048,1.111267817,953
26,Non-Hodgkin lymphoma,752,Sweden,1,0,2015,10.52932859,20.7074945,1.139015292,1015
26,Non-Hodgkin lymphoma,752,Sweden,1,0,2016,10.25068989,20.83601074,1.156392555,1036
26,Non-Hodgkin lymphoma,752,Sweden,1,0,2017,10.875447,21.57285742,1.185739733,1089
26,Non-Hodgkin lymphoma,752,Sweden,1,0,2018,9.68344925,19.83352746,1.072830317,1014
26,Non-Hodgkin lymphoma,752,Sweden,1,0,2019,10.67707383,21.29951412,1.112087011,1101
26,Non-Hodgkin lymphoma,752,Sweden,1,0,2020,10.08201532,19.92576405,1.100829976,1038
26,Non-Hodgkin lymphoma,752,Sweden,1,0,2021,10.71195941,21.97725888,1.158430048,1152
26,Non-Hodgkin lymphoma,752,Sweden,1,0,2022,9.800397728,20.24805285,1.03983874,1069
26,Non-Hodgkin lymphoma,752,Sweden,1,1,1956,0.3237794823,0.3838034926,0.03002688461,14
26,Non-Hodgkin lymphoma,752,Sweden,1,1,1957,0.2075914487,0.2449179525,0.02756941951,9
26,Non-Hodgkin lymphoma,752,Sweden,1,1,1958,0.2461381321,0.2703360277,0.02819545523,10
26,Non-Hodgkin lymphoma,752,Sweden,1,1,1959,0.3694863881,0.4571612973,0.03559318196,17
26,Non-Hodgkin lymphoma,752,Sweden,1,1,1960,0.1164370518,0.1607975559,0.01891204083,6
26,Non-Hodgkin lymphoma,752,Sweden,1,1,1961,0.2061002328,0.2665600426,0.02168073472,10
26,Non-Hodgkin lymphoma,752,Sweden,1,1,1962,0.1885978741,0.2385685885,0.01903788571,9
26,Non-Hodgkin lymphoma,752,Sweden,1,1,1963,0.4221860681,0.3953715174,0.02422055685,15
26,Non-Hodgkin lymphoma,752,Sweden,1,1,1964,0.2632935478,0.2354048964,0.02145713519,9
26,Non-Hodgkin lymphoma,752,Sweden,1,1,1965,0.1575586052,0.2071680133,0.01385180304,8
26,Non-Hodgkin lymphoma,752,Sweden,1,1,1966,0.208963181,0.2563510985,0.0175004937,10
26,Non-Hodgkin lymphoma,752,Sweden,1,1,1967,0.1001055106,0.1526445671,0.01731065748,6
26,Non-Hodgkin lymphoma,752,Sweden,1,1,1968,0.1060041219,0.151856445,0.009052376924,6
26,Non-Hodgkin lymphoma,752,Sweden,1,1,1969,0.8743014594,1.282083511,0.09139978624,51
26,Non-Hodgkin lymphoma,752,Sweden,1,1,1970,1.164431375,1.792650134,0.1391679921,72
26,Non-Hodgkin lymphoma,752,Sweden,1,1,1971,1.210853439,1.781120127,0.1169724698,72
26,Non-Hodgkin lymphoma,752,Sweden,1,1,1972,1.288134477,2.074022864,0.1454954025,84
26,Non-Hodgkin lymphoma,752,Sweden,1,1,1973,1.01526326,1.727073105,0.09518027505,70
26,Non-Hodgkin lymphoma,752,Sweden,1,1,1974,1.770672633,2.832024035,0.2006729724,115
26,Non-Hodgkin lymphoma,752,Sweden,1,1,1975,2.317011541,3.853044396,0.2588235574,157
26,Non-Hodgkin lymphoma,752,Sweden,1,1,1976,2.743259587,4.4777215,0.3028162568,183
26,Non-Hodgkin lymphoma,752,Sweden,1,1,1977,3.555599054,5.734084864,0.364736588,235
26,Non-Hodgkin lymphoma,752,Sweden,1,1,1978,3.552052238,6.087020038,0.3826311391,250
26,Non-Hodgkin lymphoma,752,Sweden,1,1,1979,3.802472027,6.200758681,0.4360699286,255
26,Non-Hodgkin lymphoma,752,Sweden,1,1,1980,3.738423824,6.193078324,0.4214946942,255
26,Non-Hodgkin lymphoma,752,Sweden,1,1,1981,3.615705275,6.23937849,0.4069412056,257
26,Non-Hodgkin lymphoma,752,Sweden,1,1,1982,3.708019501,6.289613638,0.414400331,259
26,Non-Hodgkin lymphoma,752,Sweden,1,1,1983,3.839051747,6.582942648,0.437137308,271
26,Non-Hodgkin lymphoma,752,Sweden,1,1,1984,4.096483466,7.090304252,0.4516060136,292
26,Non-Hodgkin lymphoma,752,Sweden,1,1,1985,3.96037655,7.46883942,0.4263435203,308
26,Non-Hodgkin lymphoma,752,Sweden,1,1,1986,4.101674154,7.332478281,0.4828961365,303
26,Non-Hodgkin lymphoma,752,Sweden,1,1,1987,3.79610896,7.358262967,0.434774555,305
26,Non-Hodgkin lymphoma,752,Sweden,1,1,1988,4.532682897,8.260890447,0.5294369216,344
26,Non-Hodgkin lymphoma,752,Sweden,1,1,1989,4.305254017,7.964137536,0.4965880769,334
26,Non-Hodgkin lymphoma,752,Sweden,1,1,1990,5.026039403,8.964261217,0.5497430879,379
26,Non-Hodgkin lymphoma,752,Sweden,1,1,1991,4.937885438,8.906540079,0.5606411897,379
26,Non-Hodgkin lymphoma,752,Sweden,1,1,1992,5.091498888,9.013005814,0.6199988326,386
26,Non-Hodgkin lymphoma,752,Sweden,1,1,1993,5.004751206,9.169200771,0.5572138468,395
26,Non-Hodgkin lymphoma,752,Sweden,1,1,1994,4.815068279,9.288068404,0.5242274373,403
26,Non-Hodgkin lymphoma,752,Sweden,1,1,1995,5.156976121,9.469870678,0.5570787492,413
26,Non-Hodgkin lymphoma,752,Sweden,1,1,1996,5.177554216,10.0503663,0.5657816742,439
26,Non-Hodgkin lymphoma,752,Sweden,1,1,1997,4.922428126,9.72362039,0.5208108079,425
26,Non-Hodgkin lymphoma,752,Sweden,1,1,1998,5.143201041,10.31092821,0.5278959093,451
26,Non-Hodgkin lymphoma,752,Sweden,1,1,1999,4.62591537,8.77122654,0.4749389525,384
26,Non-Hodgkin lymphoma,752,Sweden,1,1,2000,4.32843619,8.617305464,0.4957406068,378
26,Non-Hodgkin lymphoma,752,Sweden,1,1,2001,4.693012033,9.589427089,0.5089409526,422
26,Non-Hodgkin lymphoma,752,Sweden,1,1,2002,4.246627152,8.760063887,0.4588302559,387
26,Non-Hodgkin lymphoma,752,Sweden,1,1,2003,4.286374099,9.128032831,0.4564842889,405
26,Non-Hodgkin lymphoma,752,Sweden,1,1,2004,4.120746425,9.13276129,0.4561305288,407
26,Non-Hodgkin lymphoma,752,Sweden,1,1,2005,3.720639689,8.17615732,0.4033110049,366
26,Non-Hodgkin lymphoma,752,Sweden,1,1,2006,3.471381836,7.658095556,0.3834279837,345
26,Non-Hodgkin lymphoma,752,Sweden,1,1,2007,3.810416326,8.605266731,0.3806513445,391
26,Non-Hodgkin lymphoma,752,Sweden,1,1,2008,3.088684734,7.04652144,0.3325332649,323
26,Non-Hodgkin lymphoma,752,Sweden,1,1,2009,3.566908474,7.976019201,0.3687691552,369
26,Non-Hodgkin lymphoma,752,Sweden,1,1,2010,3.164588724,7.538072082,0.3052681158,352
26,Non-Hodgkin lymphoma,752,Sweden,1,1,2011,3.402667185,7.624435999,0.3700274315,359
26,Non-Hodgkin lymphoma,752,Sweden,1,1,2012,3.313802158,7.921831747,0.3368351233,376
26,Non-Hodgkin lymphoma,752,Sweden,1,1,2013,3.215290712,7.598957106,0.3578495699,364
26,Non-Hodgkin lymphoma,752,Sweden,1,1,2014,3.463099255,8.465305205,0.3467873904,410
26,Non-Hodgkin lymphoma,752,Sweden,1,1,2015,2.839939809,7.061303366,0.2725634832,342
26,Non-Hodgkin lymphoma,752,Sweden,1,1,2016,3.205715375,8.306255042,0.3252258891,413
26,Non-Hodgkin lymphoma,752,Sweden,1,1,2017,2.919304901,7.527727045,0.2835277893,380
26,Non-Hodgkin lymphoma,752,Sweden,1,1,2018,2.679130243,7.432690145,0.244344151,380
26,Non-Hodgkin lymphoma,752,Sweden,1,1,2019,2.808228492,7.893017117,0.2734487293,408
26,Non-Hodgkin lymphoma,752,Sweden,1,1,2020,2.609510495,7.045051183,0.2433963599,367
26,Non-Hodgkin lymphoma,752,Sweden,1,1,2021,2.471954887,6.94420995,0.230033584,364
26,Non-Hodgkin lymphoma,752,Sweden,1,1,2022,2.408445286,6.951395445,0.2131998533,367
26,Non-Hodgkin lymphoma,752,Sweden,1,1,2023,2.347022018,7.16248464,0.2319099007,380
26,Non-Hodgkin lymphoma,752,Sweden,2,0,1960,2.137820209,3.11940357,0.2371329826,117
26,Non-Hodgkin lymphoma,752,Sweden,2,0,1961,2.692059664,4.113127458,0.2733580267,155
26,Non-Hodgkin lymphoma,752,Sweden,2,0,1962,2.29688993,3.589387764,0.3049466295,136
26,Non-Hodgkin lymphoma,752,Sweden,2,0,1963,2.722571809,4.25157236,0.2916916235,162
26,Non-Hodgkin lymphoma,752,Sweden,2,0,1964,2.769800216,4.455375893,0.3138752384,171
26,Non-Hodgkin lymphoma,752,Sweden,2,0,1965,2.439111472,3.977094005,0.2772357989,154
26,Non-Hodgkin lymphoma,752,Sweden,2,0,1966,2.482765541,4.146422994,0.2761203617,162
26,Non-Hodgkin lymphoma,752,Sweden,2,0,1967,2.886680976,4.774917258,0.3420889642,188
26,Non-Hodgkin lymphoma,752,Sweden,2,0,1968,2.895959182,5.023579267,0.3207536238,199
26,Non-Hodgkin lymphoma,752,Sweden,2,0,1969,2.960073098,4.987577423,0.3160736878,199
26,Non-Hodgkin lymphoma,752,Sweden,2,0,1970,3.809622753,6.407452911,0.4227132091,258
26,Non-Hodgkin lymphoma,752,Sweden,2,0,1971,3.151105882,5.00494454,0.3165364613,203
26,Non-Hodgkin lymphoma,752,Sweden,2,0,1972,3.576177465,6.139175602,0.3965815571,250
26,Non-Hodgkin lymphoma,752,Sweden,2,0,1973,3.07523135,5.362568391,0.3710413718,219
26,Non-Hodgkin lymphoma,752,Sweden,2,0,1974,3.389125134,5.854519579,0.3683903801,240
26,Non-Hodgkin lymphoma,752,Sweden,2,0,1975,3.204287246,5.949440923,0.3304947676,245
26,Non-Hodgkin lymphoma,752,Sweden,2,0,1976,3.220471086,5.924467155,0.3658641035,245
26,Non-Hodgkin lymphoma,752,Sweden,2,0,1977,3.063354191,5.875181763,0.3342086481,244
26,Non-Hodgkin lymphoma,752,Sweden,2,0,1978,3.391629205,6.332865485,0.3950632092,264
26,Non-Hodgkin lymphoma,752,Sweden,2,0,1979,3.208405076,6.003041222,0.3475343442,251
26,Non-Hodgkin lymphoma,752,Sweden,2,0,1980,3.058313616,5.795642774,0.3606828432,243
26,Non-Hodgkin lymphoma,752,Sweden,2,0,1981,3.465899188,6.117200807,0.3863294872,257
26,Non-Hodgkin lymphoma,752,Sweden,2,0,1982,3.306400837,6.3699218,0.3730261223,268
26,Non-Hodgkin lymphoma,752,Sweden,2,0,1983,3.130417486,5.935019607,0.3525042418,250
26,Non-Hodgkin lymphoma,752,Sweden,2,0,1984,2.999695487,5.926617101,0.3345751292,250
26,Non-Hodgkin lymphoma,752,Sweden,2,0,1985,3.338255843,6.766738687,0.3711651024,286
26,Non-Hodgkin lymphoma,752,Sweden,2,0,1986,4.709559997,9.274290322,0.529749368,393
26,Non-Hodgkin lymphoma,752,Sweden,2,0,1987,5.95403883,11.96870642,0.692984583,509
26,Non-Hodgkin lymphoma,752,Sweden,2,0,1988,5.912077883,11.9374813,0.6655650033,510
26,Non-Hodgkin lymphoma,752,Sweden,2,0,1989,6.153265149,11.25846624,0.7163943194,484
26,Non-Hodgkin lymphoma,752,Sweden,2,0,1990,5.797423116,11.68378326,0.6624380519,506
26,Non-Hodgkin lymphoma,752,Sweden,2,0,1991,6.046401554,12.17873707,0.6941910419,531
26,Non-Hodgkin lymphoma,752,Sweden,2,0,1992,5.909166675,11.78893564,0.6734124297,517
26,Non-Hodgkin lymphoma,752,Sweden,2,0,1993,6.927855969,13.98840164,0.8219132346,617
26,Non-Hodgkin lymphoma,752,Sweden,2,0,1994,7.22661935,14.22735768,0.8038732107,632
26,Non-Hodgkin lymphoma,752,Sweden,2,0,1995,7.360475978,14.12966735,0.8214357724,631
26,Non-Hodgkin lymphoma,752,Sweden,2,0,1996,6.650191477,13.70411497,0.755034608,613
26,Non-Hodgkin lymphoma,752,Sweden,2,0,1997,7.357023629,15.01591083,0.8608596744,672
26,Non-Hodgkin lymphoma,752,Sweden,2,0,1998,6.970143769,13.98191553,0.7960258009,626
26,Non-Hodgkin lymphoma,752,Sweden,2,0,1999,7.101898458,15.06692729,0.8013924831,675
26,Non-Hodgkin lymphoma,752,Sweden,2,0,2000,6.721221682,14.04469334,0.7354239594,630
26,Non-Hodgkin lymphoma,752,Sweden,2,0,2001,7.59067906,14.94873385,0.8723794967,672
26,Non-Hodgkin lymphoma,752,Sweden,2,0,2002,7.689672853,14.90951786,0.8904454347,672
26,Non-Hodgkin lymphoma,752,Sweden,2,0,2003,6.923516168,14.17717219,0.7830113398,641
26,Non-Hodgkin lymphoma,752,Sweden,2,0,2004,7.368050998,14.23832353,0.8202664428,646
26,Non-Hodgkin lymphoma,752,Sweden,2,0,2005,6.610532237,13.96836078,0.7397907059,636
26,Non-Hodgkin lymphoma,752,Sweden,2,0,2006,6.89833321,14.00948361,0.7664795409,641
26,Non-Hodgkin lymphoma,752,Sweden,2,0,2007,6.823344664,14.05184981,0.7453999208,647
26,Non-Hodgkin lymphoma,752,Sweden,2,0,2008,7.137431992,15.22921369,0.8002724497,706
26,Non-Hodgkin lymphoma,752,Sweden,2,0,2009,6.447213012,14.12623762,0.7293944735,660
26,Non-Hodgkin lymphoma,752,Sweden,2,0,2010,6.798652523,14.71805683,0.7529795157,693
26,Non-Hodgkin lymphoma,752,Sweden,2,0,2011,7.344981821,15.63066902,0.8464616223,741
26,Non-Hodgkin lymphoma,752,Sweden,2,0,2012,7.157286493,15.21053072,0.8022286218,726
26,Non-Hodgkin lymphoma,752,Sweden,2,0,2013,7.399386146,15.92432164,0.815207151,766
26,Non-Hodgkin lymphoma,752,Sweden,2,0,2014,7.251757765,15.41373091,0.8540793408,748
26,Non-Hodgkin lymphoma,752,Sweden,2,0,2015,6.59321835,14.98696298,0.7745909676,734
26,Non-Hodgkin lymphoma,752,Sweden,2,0,2016,7.031969068,16.2595583,0.7889603636,805
26,Non-Hodgkin lymphoma,752,Sweden,2,0,2017,7.501169499,16.40817143,0.8142848754,822
26,Non-Hodgkin lymphoma,752,Sweden,2,0,2018,6.452754025,14.49828144,0.7596582145,734
26,Non-Hodgkin lymphoma,752,Sweden,2,0,2019,6.872974568,15.42145285,0.7504304231,788
26,Non-Hodgkin lymphoma,752,Sweden,2,0,2020,6.384985542,15.31846962,0.7060564391,788
26,Non-Hodgkin lymphoma,752,Sweden,2,0,2021,6.376416549,14.97863563,0.6808916628,775
26,Non-Hodgkin lymphoma,752,Sweden,2,0,2022,7.229846649,15.51628817,0.8084791457,808
26,Non-Hodgkin lymphoma,752,Sweden,2,1,1956,0.305078817,0.4089422028,0.02843536177,15
26,Non-Hodgkin lymphoma,752,Sweden,2,1,1957,0.2187316915,0.2708118941,0.02695930933,10
26,Non-Hodgkin lymphoma,752,Sweden,2,1,1958,0.2200436265,0.3229018109,0.02835971436,12
26,Non-Hodgkin lymphoma,752,Sweden,2,1,1959,0.3046217483,0.4015849218,0.03356296091,15
26,Non-Hodgkin lymphoma,752,Sweden,2,1,1960,0.08745304628,0.1600469471,0.007456759583,6
26,Non-Hodgkin lymphoma,752,Sweden,2,1,1961,0.04308421881,0.07959248647,0.006024786052,3
26,Non-Hodgkin lymphoma,752,Sweden,2,1,1962,0.08946002482,0.1319539745,0.005352146583,5
26,Non-Hodgkin lymphoma,752,Sweden,2,1,1963,0.1060565103,0.1312198194,0.009656333304,5
26,Non-Hodgkin lymphoma,752,Sweden,2,1,1964,0.07588510108,0.07816163827,0.007349200042,3
26,Non-Hodgkin lymphoma,752,Sweden,2,1,1965,0.171508298,0.2324200088,0.01704548714,9
26,Non-Hodgkin lymphoma,752,Sweden,2,1,1966,0.1428152043,0.1535705145,0.01526387673,6
26,Non-Hodgkin lymphoma,752,Sweden,2,1,1967,0.09872831702,0.1524041759,0.01155423348,6
26,Non-Hodgkin lymphoma,752,Sweden,2,1,1968,0.01619152446,0.05048847601,0,2
26,Non-Hodgkin lymphoma,752,Sweden,2,1,1969,0.7355774284,1.202977369,0.08618498524,48
26,Non-Hodgkin lymphoma,752,Sweden,2,1,1970,0.8583389802,1.589469763,0.09412718753,64
26,Non-Hodgkin lymphoma,752,Sweden,2,1,1971,0.7541009406,1.183431953,0.07438903797,48
26,Non-Hodgkin lymphoma,752,Sweden,2,1,1972,0.7023829887,1.301411909,0.08232945383,53
26,Non-Hodgkin lymphoma,752,Sweden,2,1,1973,1.024190429,1.811993438,0.1216063123,74
26,Non-Hodgkin lymphoma,752,Sweden,2,1,1974,1.163443903,2.317412304,0.12617483,95
26,Non-Hodgkin lymphoma,752,Sweden,2,1,1975,1.4526385,2.98674178,0.1308434174,123
26,Non-Hodgkin lymphoma,752,Sweden,2,1,1976,1.417038818,2.949995164,0.1371894495,122
26,Non-Hodgkin lymphoma,752,Sweden,2,1,1977,2.340245902,4.936190706,0.2599640607,205
26,Non-Hodgkin lymphoma,752,Sweden,2,1,1978,2.132944327,4.581654193,0.2389893601,191
26,Non-Hodgkin lymphoma,752,Sweden,2,1,1979,2.314759879,4.854949418,0.2458354206,203
26,Non-Hodgkin lymphoma,752,Sweden,2,1,1980,2.216681734,4.889217487,0.2511415294,205
26,Non-Hodgkin lymphoma,752,Sweden,2,1,1981,2.485522276,5.450434369,0.2656649096,229
26,Non-Hodgkin lymphoma,752,Sweden,2,1,1982,2.335674183,4.920253857,0.2561711959,207
26,Non-Hodgkin lymphoma,752,Sweden,2,1,1983,2.303840893,5.246539895,0.279202289,221
26,Non-Hodgkin lymphoma,752,Sweden,2,1,1984,2.568054516,5.80802693,0.2714636205,245
26,Non-Hodgkin lymphoma,752,Sweden,2,1,1985,2.5965564,5.962239152,0.2956307388,252
26,Non-Hodgkin lymphoma,752,Sweden,2,1,1986,2.675294568,6.017699115,0.2805466166,255
26,Non-Hodgkin lymphoma,752,Sweden,2,1,1987,2.938109614,6.795363164,0.3297060275,289
26,Non-Hodgkin lymphoma,752,Sweden,2,1,1988,2.54164574,6.249414849,0.2924285008,267
26,Non-Hodgkin lymphoma,752,Sweden,2,1,1989,2.823056015,6.931683376,0.3323310983,298
26,Non-Hodgkin lymphoma,752,Sweden,2,1,1990,2.789993961,6.996721009,0.3007005187,303
26,Non-Hodgkin lymphoma,752,Sweden,2,1,1991,3.038794736,7.457036,0.324638955,325
26,Non-Hodgkin lymphoma,752,Sweden,2,1,1992,3.039006783,7.615833637,0.334419039,334
26,Non-Hodgkin lymphoma,752,Sweden,2,1,1993,3.356290775,7.935068468,0.3732387531,350
26,Non-Hodgkin lymphoma,752,Sweden,2,1,1994,3.102678442,7.901134522,0.3527256872,351
26,Non-Hodgkin lymphoma,752,Sweden,2,1,1995,3.205766398,7.904518787,0.3399600763,353
26,Non-Hodgkin lymphoma,752,Sweden,2,1,1996,2.834888674,7.19858711,0.3127919648,322
26,Non-Hodgkin lymphoma,752,Sweden,2,1,1997,3.107598274,8.066137862,0.336398312,361
26,Non-Hodgkin lymphoma,752,Sweden,2,1,1998,3.064887469,8.398105959,0.3352363028,376
26,Non-Hodgkin lymphoma,752,Sweden,2,1,1999,3.183954202,9.30782795,0.3581085406,417
26,Non-Hodgkin lymphoma,752,Sweden,2,1,2000,2.937168063,8.226008812,0.3201211615,369
26,Non-Hodgkin lymphoma,752,Sweden,2,1,2001,2.915012435,7.718920944,0.336274565,347
26,Non-Hodgkin lymphoma,752,Sweden,2,1,2002,2.82538203,8.120373218,0.2940025463,366
26,Non-Hodgkin lymphoma,752,Sweden,2,1,2003,3.096392183,8.249752977,0.3351003255,373
26,Non-Hodgkin lymphoma,752,Sweden,2,1,2004,2.48302867,7.427737973,0.2654469817,337
26,Non-Hodgkin lymphoma,752,Sweden,2,1,2005,2.449335191,7.094003119,0.2539551172,323
26,Non-Hodgkin lymphoma,752,Sweden,2,1,2006,2.302183205,7.103098525,0.2431254935,325
26,Non-Hodgkin lymphoma,752,Sweden,2,1,2007,2.303301334,6.385228664,0.2420053256,294
26,Non-Hodgkin lymphoma,752,Sweden,2,1,2008,2.01023645,6.471337261,0.1948671681,300
26,Non-Hodgkin lymphoma,752,Sweden,2,1,2009,2.057998349,6.399612342,0.216053447,299
26,Non-Hodgkin lymphoma,752,Sweden,2,1,2010,1.848514282,5.882981342,0.1773137845,277
26,Non-Hodgkin lymphoma,752,Sweden,2,1,2011,2.042713346,6.370392777,0.2082229733,302
26,Non-Hodgkin lymphoma,752,Sweden,2,1,2012,2.145237515,6.725315891,0.2280363986,321
26,Non-Hodgkin lymphoma,752,Sweden,2,1,2013,2.035187554,6.361419033,0.1994079839,306
26,Non-Hodgkin lymphoma,752,Sweden,2,1,2014,1.732418357,5.934704649,0.1632635688,288
26,Non-Hodgkin lymphoma,752,Sweden,2,1,2015,1.833672011,6.388050142,0.1879862272,310
26,Non-Hodgkin lymphoma,752,Sweden,2,1,2016,1.678036684,5.716099515,0.1529338545,283
26,Non-Hodgkin lymphoma,752,Sweden,2,1,2017,1.847960719,6.068236117,0.1810699208,304
26,Non-Hodgkin lymphoma,752,Sweden,2,1,2018,1.626322526,5.728210062,0.1541106189,290
26,Non-Hodgkin lymphoma,752,Sweden,2,1,2019,1.638905018,5.694982603,0.1479516677,291
26,Non-Hodgkin lymphoma,752,Sweden,2,1,2020,1.545195441,5.579194774,0.1373844688,287
26,Non-Hodgkin lymphoma,752,Sweden,2,1,2021,1.207580785,4.677202032,0.09779690761,242
26,Non-Hodgkin lymphoma,752,Sweden,2,1,2022,1.376298668,5.300123833,0.107876673,276
26,Non-Hodgkin lymphoma,752,Sweden,2,1,2023,1.460179689,5.35249015,0.1349370506,280
26,Non-Hodgkin lymphoma,756,Switzerland,1,0,1998,12.40061205,19.19295893,1.273588668,168
26,Non-Hodgkin lymphoma,756,Switzerland,1,0,1999,13.09069657,19.76816712,1.465383273,174
26,Non-Hodgkin lymphoma,756,Switzerland,1,0,2000,12.00627738,18.05567467,1.35060088,160
26,Non-Hodgkin lymphoma,756,Switzerland,1,0,2001,11.37699105,17.29025739,1.322975455,154
26,Non-Hodgkin lymphoma,756,Switzerland,1,0,2002,11.86631219,19.35029709,1.213065989,174
26,Non-Hodgkin lymphoma,756,Switzerland,1,0,2003,13.97606775,22.43437122,1.43120664,204
26,Non-Hodgkin lymphoma,756,Switzerland,1,0,2004,11.51054853,19.03148242,1.138878184,175
26,Non-Hodgkin lymphoma,756,Switzerland,1,0,2005,11.02543022,17.66508507,1.25005983,164
26,Non-Hodgkin lymphoma,756,Switzerland,1,0,2006,11.99476319,19.21483898,1.329521795,180
26,Non-Hodgkin lymphoma,756,Switzerland,1,0,2007,13.73803347,21.8466429,1.446342475,207
26,Non-Hodgkin lymphoma,756,Switzerland,1,0,2008,11.15987601,19.41326268,1.169941758,187
26,Non-Hodgkin lymphoma,756,Switzerland,1,0,2009,12.99922331,22.14010093,1.408285993,217
26,Non-Hodgkin lymphoma,756,Switzerland,1,0,2010,12.64348555,20.21209629,1.375353816,201
26,Non-Hodgkin lymphoma,756,Switzerland,1,0,2011,13.22995122,22.15871603,1.361974137,223
26,Non-Hodgkin lymphoma,756,Switzerland,1,0,2012,11.87778439,20.71726917,1.194922414,211
26,Non-Hodgkin lymphoma,756,Switzerland,1,0,2013,12.1291661,20.81576499,1.400250658,215
26,Non-Hodgkin lymphoma,756,Switzerland,1,0,2014,13.0584344,22.87871422,1.48545596,240
26,Non-Hodgkin lymphoma,756,Switzerland,1,0,2015,12.01936291,22.10204561,1.296744319,235
26,Non-Hodgkin lymphoma,756,Switzerland,1,0,2016,14.18860106,25.73746669,1.430815843,277
26,Non-Hodgkin lymphoma,756,Switzerland,1,0,2017,11.31493721,20.52137167,1.156692897,223
26,Non-Hodgkin lymphoma,756,Switzerland,1,1,1956,0.2104795035,0.2449586489,0.02472646156,6
26,Non-Hodgkin lymphoma,756,Switzerland,1,1,1957,0.1888316738,0.2014477648,0.01924017766,5
26,Non-Hodgkin lymphoma,756,Switzerland,1,1,1958,0.4277166709,0.5168298689,0.05152356686,13
26,Non-Hodgkin lymphoma,756,Switzerland,1,1,1959,0.4268883485,0.470828173,0.03933810881,12
26,Non-Hodgkin lymphoma,756,Switzerland,1,1,1960,0.4674225133,0.5423907422,0.05049452057,14
26,Non-Hodgkin lymphoma,756,Switzerland,1,1,1961,0.5334058541,0.5692880484,0.05088675334,15
26,Non-Hodgkin lymphoma,756,Switzerland,1,1,1962,0.3981975613,0.4803537177,0.03112874218,13
26,Non-Hodgkin lymphoma,756,Switzerland,1,1,1963,0.545454365,0.6501546646,0.06083683229,18
26,Non-Hodgkin lymphoma,756,Switzerland,1,1,1964,0.277127939,0.3194101276,0.03766369109,9
26,Non-Hodgkin lymphoma,756,Switzerland,1,1,1965,0.3097878973,0.3855991343,0.02979681446,11
26,Non-Hodgkin lymphoma,756,Switzerland,1,1,1966,0.3215032714,0.3813031799,0.02898096733,11
26,Non-Hodgkin lymphoma,756,Switzerland,1,1,1967,0.7499124565,0.8894815725,0.07642869541,26
26,Non-Hodgkin lymphoma,756,Switzerland,1,1,1968,0.4578768333,0.5401419122,0.04397189038,16
26,Non-Hodgkin lymphoma,756,Switzerland,1,1,1969,0.371810788,0.4003445632,0.04189617008,12
26,Non-Hodgkin lymphoma,756,Switzerland,1,1,1970,0.4564440306,0.562985399,0.04286111977,17
26,Non-Hodgkin lymphoma,756,Switzerland,1,1,1971,0.8757253319,1.054251971,0.09679392705,32
26,Non-Hodgkin lymphoma,756,Switzerland,1,1,1972,0.6565782919,0.8175073449,0.0763019089,25
26,Non-Hodgkin lymphoma,756,Switzerland,1,1,1973,0.4685242329,0.5846333983,0.05397020968,18
26,Non-Hodgkin lymphoma,756,Switzerland,1,1,1974,0.4063076503,0.5172550632,0.03805651148,16
26,Non-Hodgkin lymphoma,756,Switzerland,1,1,1975,0.1668077433,0.2265604961,0.02504251981,7
26,Non-Hodgkin lymphoma,756,Switzerland,1,1,1976,0.2029482626,0.2931783744,0.02937511978,9
26,Non-Hodgkin lymphoma,756,Switzerland,1,1,1977,0.4694418058,0.6213954973,0.04128551403,19
26,Non-Hodgkin lymphoma,756,Switzerland,1,1,1978,0.4599859469,0.5889074377,0.04933635463,18
26,Non-Hodgkin lymphoma,756,Switzerland,1,1,1979,0.9324056177,1.208377321,0.1297036076,37
26,Non-Hodgkin lymphoma,756,Switzerland,1,1,1980,2.19758061,3.090222795,0.243266911,95
26,Non-Hodgkin lymphoma,756,Switzerland,1,1,1981,2.954581892,3.945637524,0.3052252945,122
26,Non-Hodgkin lymphoma,756,Switzerland,1,1,1982,3.351026624,4.660015699,0.3888168818,145
26,Non-Hodgkin lymphoma,756,Switzerland,1,1,1983,3.776129209,5.566439616,0.4435377915,174
26,Non-Hodgkin lymphoma,756,Switzerland,1,1,1984,3.375537826,5.003220226,0.4094951199,157
26,Non-Hodgkin lymphoma,756,Switzerland,1,1,1985,3.879589937,5.804007239,0.4252846086,183
26,Non-Hodgkin lymphoma,756,Switzerland,1,1,1986,4.343896751,6.750041241,0.4913719796,214
26,Non-Hodgkin lymphoma,756,Switzerland,1,1,1987,4.230346391,6.580747178,0.460386369,210
26,Non-Hodgkin lymphoma,756,Switzerland,1,1,1988,4.555775255,7.090294118,0.4531025375,228
26,Non-Hodgkin lymphoma,756,Switzerland,1,1,1989,4.692548779,7.553462715,0.4795409334,245
26,Non-Hodgkin lymphoma,756,Switzerland,1,1,1990,4.82885983,7.961507788,0.5030125258,261
26,Non-Hodgkin lymphoma,756,Switzerland,1,1,1991,4.253249828,6.776802253,0.4479059176,225
26,Non-Hodgkin lymphoma,756,Switzerland,1,1,1992,4.563050918,7.207054813,0.5129020804,242
26,Non-Hodgkin lymphoma,756,Switzerland,1,1,1993,4.770715717,8.114467698,0.4923495367,275
26,Non-Hodgkin lymphoma,756,Switzerland,1,1,1994,5.37936514,8.693780039,0.539882741,297
26,Non-Hodgkin lymphoma,756,Switzerland,1,1,1995,4.968068453,8.113548972,0.568369168,279
26,Non-Hodgkin lymphoma,756,Switzerland,1,1,1996,4.367513889,7.470935022,0.42491022,258
26,Non-Hodgkin lymphoma,756,Switzerland,1,1,1997,4.405914114,7.510845227,0.4605371962,260
26,Non-Hodgkin lymphoma,756,Switzerland,1,1,1998,4.222206373,7.257674667,0.4193719274,252
26,Non-Hodgkin lymphoma,756,Switzerland,1,1,1999,4.209886917,7.163686072,0.4593048792,250
26,Non-Hodgkin lymphoma,756,Switzerland,1,1,2000,4.31540527,7.492418556,0.4723363475,263
26,Non-Hodgkin lymphoma,756,Switzerland,1,1,2001,4.874709096,8.496365609,0.5308709896,300
26,Non-Hodgkin lymphoma,756,Switzerland,1,1,2002,4.157148122,7.560871338,0.4660970721,269
26,Non-Hodgkin lymphoma,756,Switzerland,1,1,2003,4.46625701,8.05767511,0.4710121688,289
26,Non-Hodgkin lymphoma,756,Switzerland,1,1,2004,4.258028978,7.831755082,0.467521789,283
26,Non-Hodgkin lymphoma,756,Switzerland,1,1,2005,3.469789495,6.732563348,0.370831445,245
26,Non-Hodgkin lymphoma,756,Switzerland,1,1,2006,3.66940263,7.313693882,0.3554139837,268
26,Non-Hodgkin lymphoma,756,Switzerland,1,1,2007,3.334408505,6.942984857,0.3452641178,257
26,Non-Hodgkin lymphoma,756,Switzerland,1,1,2008,3.287627576,6.684033615,0.350363104,251
26,Non-Hodgkin lymphoma,756,Switzerland,1,1,2009,3.26926127,6.724520307,0.2948252363,256
26,Non-Hodgkin lymphoma,756,Switzerland,1,1,2010,3.064265664,6.617144476,0.2981477541,255
26,Non-Hodgkin lymphoma,756,Switzerland,1,1,2011,3.027379832,6.53710886,0.2861376765,255
26,Non-Hodgkin lymphoma,756,Switzerland,1,1,2012,3.379391758,7.551209809,0.2964180374,298
26,Non-Hodgkin lymphoma,756,Switzerland,1,1,2013,3.026497445,7.031646664,0.2824227076,281
26,Non-Hodgkin lymphoma,756,Switzerland,1,1,2014,3.111186838,6.890975749,0.3300425876,279
26,Non-Hodgkin lymphoma,756,Switzerland,1,1,2015,2.879862322,6.978275968,0.2767818825,286
26,Non-Hodgkin lymphoma,756,Switzerland,1,1,2016,2.944538673,7.304299906,0.2614753786,303
26,Non-Hodgkin lymphoma,756,Switzerland,1,1,2017,2.799632146,6.752809127,0.2589968856,283
26,Non-Hodgkin lymphoma,756,Switzerland,1,1,2018,2.77903137,6.938462586,0.2407290386,293
26,Non-Hodgkin lymphoma,756,Switzerland,1,1,2019,2.686685035,6.887264414,0.2368008707,293
26,Non-Hodgkin lymphoma,756,Switzerland,1,1,2020,2.763267198,7.627535543,0.2501461712,327
26,Non-Hodgkin lymphoma,756,Switzerland,1,1,2021,2.732564591,7.126646171,0.2326696201,308
26,Non-Hodgkin lymphoma,756,Switzerland,1,1,2022,2.551479274,6.780866228,0.2326065711,296
26,Non-Hodgkin lymphoma,756,Switzerland,2,0,1998,8.301205975,14.72834213,0.8782363938,138
26,Non-Hodgkin lymphoma,756,Switzerland,2,0,1999,8.765232977,16.13274704,0.9321374157,152
26,Non-Hodgkin lymphoma,756,Switzerland,2,0,2000,6.586509531,12.43863694,0.8191150995,118
26,Non-Hodgkin lymphoma,756,Switzerland,2,0,2001,8.688678682,16.32885476,0.9204705615,156
26,Non-Hodgkin lymphoma,756,Switzerland,2,0,2002,8.643924493,17.032785,0.9907458702,164
26,Non-Hodgkin lymphoma,756,Switzerland,2,0,2003,8.403315551,16.87760239,0.9274831956,164
26,Non-Hodgkin lymphoma,756,Switzerland,2,0,2004,8.13220312,16.01044248,0.9506272933,157
26,Non-Hodgkin lymphoma,756,Switzerland,2,0,2005,7.93518605,16.2857718,0.9260851137,161
26,Non-Hodgkin lymphoma,756,Switzerland,2,0,2006,9.101267043,17.26547066,1.055053281,172
26,Non-Hodgkin lymphoma,756,Switzerland,2,0,2007,7.88113451,15.41678022,0.9214505083,155
26,Non-Hodgkin lymphoma,756,Switzerland,2,0,2008,8.002573433,17.37334634,0.8825366084,177
26,Non-Hodgkin lymphoma,756,Switzerland,2,0,2009,7.443489456,15.47566886,0.8269821268,160
26,Non-Hodgkin lymphoma,756,Switzerland,2,0,2010,7.834249287,15.28569927,0.8126117595,160
26,Non-Hodgkin lymphoma,756,Switzerland,2,0,2011,8.361059646,16.78620913,0.9745004878,177
26,Non-Hodgkin lymphoma,756,Switzerland,2,0,2012,9.896736871,19.34156069,1.17415735,206
26,Non-Hodgkin lymphoma,756,Switzerland,2,0,2013,8.247389608,16.98221415,0.9980741871,183
26,Non-Hodgkin lymphoma,756,Switzerland,2,0,2014,9.966930344,20.22474172,1.146524807,221
26,Non-Hodgkin lymphoma,756,Switzerland,2,0,2015,8.001186199,16.72328478,0.926195687,185
26,Non-Hodgkin lymphoma,756,Switzerland,2,0,2016,7.754622967,15.47799262,0.8392163741,173
26,Non-Hodgkin lymphoma,756,Switzerland,2,0,2017,7.972963776,17.48042326,0.8596583876,197
26,Non-Hodgkin lymphoma,756,Switzerland,2,1,1956,0.03075846531,0.03822298294,0.003844734251,1
26,Non-Hodgkin lymphoma,756,Switzerland,2,1,1957,0.2751882285,0.3398625973,0.03714381212,9
26,Non-Hodgkin lymphoma,756,Switzerland,2,1,1958,0.2421538296,0.3356822387,0.03085778284,9
26,Non-Hodgkin lymphoma,756,Switzerland,2,1,1959,0.2489662328,0.36844633,0.02332443152,10
26,Non-Hodgkin lymphoma,756,Switzerland,2,1,1960,0.1716301624,0.2184506714,0.01786536656,6
26,Non-Hodgkin lymphoma,756,Switzerland,2,1,1961,0.143913479,0.2143428979,0.01715091906,6
26,Non-Hodgkin lymphoma,756,Switzerland,2,1,1962,0.2721662233,0.3138779022,0.0289930991,9
26,Non-Hodgkin lymphoma,756,Switzerland,2,1,1963,0.2603642544,0.3759921493,0.0289831524,11
26,Non-Hodgkin lymphoma,756,Switzerland,2,1,1964,0.3307549083,0.4374961088,0.02590020047,13
26,Non-Hodgkin lymphoma,756,Switzerland,2,1,1965,0.1527371681,0.1997525731,0.01754858306,6
26,Non-Hodgkin lymphoma,756,Switzerland,2,1,1966,0.2044154867,0.3296937343,0.0254371121,10
26,Non-Hodgkin lymphoma,756,Switzerland,2,1,1967,0.4042650106,0.5539837624,0.03502500109,17
26,Non-Hodgkin lymphoma,756,Switzerland,2,1,1968,0.319380352,0.4830182847,0.03951171553,15
26,Non-Hodgkin lymphoma,756,Switzerland,2,1,1969,0.2817338621,0.4460113602,0.02712858403,14
26,Non-Hodgkin lymphoma,756,Switzerland,2,1,1970,0.2360646842,0.3163250119,0.02493021095,10
26,Non-Hodgkin lymphoma,756,Switzerland,2,1,1971,0.2502590307,0.4405004967,0.0354109177,14
26,Non-Hodgkin lymphoma,756,Switzerland,2,1,1972,0.359938246,0.5619724484,0.04942160775,18
26,Non-Hodgkin lymphoma,756,Switzerland,2,1,1973,0.3095828582,0.4026575398,0.02650431542,13
26,Non-Hodgkin lymphoma,756,Switzerland,2,1,1974,0.1222215762,0.24629594,0.01407402918,8
26,Non-Hodgkin lymphoma,756,Switzerland,2,1,1975,0.118572957,0.2154564121,0.01202742823,7
26,Non-Hodgkin lymphoma,756,Switzerland,2,1,1976,0.1027155513,0.1546670313,0.01504180193,5
26,Non-Hodgkin lymphoma,756,Switzerland,2,1,1977,0.2544162246,0.4653001628,0.01964763515,15
26,Non-Hodgkin lymphoma,756,Switzerland,2,1,1978,0.3894042639,0.589050299,0.03796827257,19
26,Non-Hodgkin lymphoma,756,Switzerland,2,1,1979,0.3918204028,0.6805336745,0.04451147766,22
26,Non-Hodgkin lymphoma,756,Switzerland,2,1,1980,1.507460559,2.557281173,0.1669781307,83
26,Non-Hodgkin lymphoma,756,Switzerland,2,1,1981,1.737375595,3.310310329,0.1988516,108
26,Non-Hodgkin lymphoma,756,Switzerland,2,1,1982,1.454374675,3.048569969,0.1582224052,100
26,Non-Hodgkin lymphoma,756,Switzerland,2,1,1983,2.089120959,4.4937884,0.2116287818,148
26,Non-Hodgkin lymphoma,756,Switzerland,2,1,1984,2.323276182,4.599867512,0.22258567,152
26,Non-Hodgkin lymphoma,756,Switzerland,2,1,1985,2.305478231,4.97293143,0.2429463249,165
26,Non-Hodgkin lymphoma,756,Switzerland,2,1,1986,2.25466015,4.918427579,0.2405166618,164
26,Non-Hodgkin lymphoma,756,Switzerland,2,1,1987,2.52425006,5.365693633,0.2846102242,180
26,Non-Hodgkin lymphoma,756,Switzerland,2,1,1988,2.561802737,5.919822808,0.2629575243,200
26,Non-Hodgkin lymphoma,756,Switzerland,2,1,1989,2.702924899,6.139397217,0.3036976742,209
26,Non-Hodgkin lymphoma,756,Switzerland,2,1,1990,3.014374594,7.220007456,0.3034922713,248
26,Non-Hodgkin lymphoma,756,Switzerland,2,1,1991,2.958449262,7.104249103,0.3083910711,247
26,Non-Hodgkin lymphoma,756,Switzerland,2,1,1992,2.915448895,6.681395115,0.3271594058,235
26,Non-Hodgkin lymphoma,756,Switzerland,2,1,1993,3.163674829,6.959515764,0.3382316721,247
26,Non-Hodgkin lymphoma,756,Switzerland,2,1,1994,3.241063201,7.044316578,0.3592256752,252
26,Non-Hodgkin lymphoma,756,Switzerland,2,1,1995,3.078750515,7.079822921,0.3370739518,255
26,Non-Hodgkin lymphoma,756,Switzerland,2,1,1996,2.873840051,6.660217402,0.3330444117,241
26,Non-Hodgkin lymphoma,756,Switzerland,2,1,1997,3.079435011,7.057199011,0.3407222607,256
26,Non-Hodgkin lymphoma,756,Switzerland,2,1,1998,2.95407993,7.201552347,0.3173166091,262
26,Non-Hodgkin lymphoma,756,Switzerland,2,1,1999,3.253001024,7.66221141,0.3427741057,280
26,Non-Hodgkin lymphoma,756,Switzerland,2,1,2000,3.237068243,7.049937374,0.3420530295,259
26,Non-Hodgkin lymphoma,756,Switzerland,2,1,2001,2.774225843,6.846221684,0.296556373,253
26,Non-Hodgkin lymphoma,756,Switzerland,2,1,2002,2.797402926,6.718694445,0.2976738184,250
26,Non-Hodgkin lymphoma,756,Switzerland,2,1,2003,2.316936211,6.191943028,0.2336361005,232
26,Non-Hodgkin lymphoma,756,Switzerland,2,1,2004,2.417788145,6.391385367,0.2614583351,241
26,Non-Hodgkin lymphoma,756,Switzerland,2,1,2005,2.449733015,6.82874072,0.2343192787,259
26,Non-Hodgkin lymphoma,756,Switzerland,2,1,2006,2.432264008,6.633194814,0.2729624066,253
26,Non-Hodgkin lymphoma,756,Switzerland,2,1,2007,1.978394442,5.801546021,0.1999492545,223
26,Non-Hodgkin lymphoma,756,Switzerland,2,1,2008,2.116414502,6.200935261,0.21175746,241
26,Non-Hodgkin lymphoma,756,Switzerland,2,1,2009,1.960644966,6.258455912,0.1871523045,246
26,Non-Hodgkin lymphoma,756,Switzerland,2,1,2010,1.938158535,5.765172442,0.1724253013,229
26,Non-Hodgkin lymphoma,756,Switzerland,2,1,2011,1.835648293,5.43158083,0.1667319464,218
26,Non-Hodgkin lymphoma,756,Switzerland,2,1,2012,1.865383079,6.020916764,0.1685363915,244
26,Non-Hodgkin lymphoma,756,Switzerland,2,1,2013,1.919200389,5.763149688,0.1852354184,236
26,Non-Hodgkin lymphoma,756,Switzerland,2,1,2014,1.680618247,5.239695547,0.173407261,217
26,Non-Hodgkin lymphoma,756,Switzerland,2,1,2015,2.052767828,6.450841423,0.1917650196,270
26,Non-Hodgkin lymphoma,756,Switzerland,2,1,2016,1.82792186,6.222408027,0.1703133089,263
26,Non-Hodgkin lymphoma,756,Switzerland,2,1,2017,1.680574709,5.583211611,0.161130446,238
26,Non-Hodgkin lymphoma,756,Switzerland,2,1,2018,1.420270695,5.240471251,0.1155981739,225
26,Non-Hodgkin lymphoma,756,Switzerland,2,1,2019,1.47120653,5.250624813,0.1303248116,227
26,Non-Hodgkin lymphoma,756,Switzerland,2,1,2020,1.553224492,5.719558997,0.1260976929,249
26,Non-Hodgkin lymphoma,756,Switzerland,2,1,2021,1.516775947,5.472935763,0.1252038651,240
26,Non-Hodgkin lymphoma,756,Switzerland,2,1,2022,1.558728664,5.60204095,0.1431865342,248
26,Non-Hodgkin lymphoma,76,Brazil,1,1,1997,2.337478105,1.703571963,0.2515370221,1412
26,Non-Hodgkin lymphoma,76,Brazil,1,1,1998,2.355072006,1.790738869,0.2442939672,1506
26,Non-Hodgkin lymphoma,76,Brazil,1,1,1999,2.365490424,1.784196028,0.2519143039,1522
26,Non-Hodgkin lymphoma,76,Brazil,1,1,2000,2.463567331,1.881907668,0.2572706479,1627
26,Non-Hodgkin lymphoma,76,Brazil,1,1,2001,2.418165086,1.883371678,0.2542139714,1649
26,Non-Hodgkin lymphoma,76,Brazil,1,1,2002,2.422395775,1.921814438,0.2577836679,1703
26,Non-Hodgkin lymphoma,76,Brazil,1,1,2003,2.454384264,1.980373848,0.2639323083,1775
26,Non-Hodgkin lymphoma,76,Brazil,1,1,2004,2.460787358,2.000866211,0.2661856357,1813
26,Non-Hodgkin lymphoma,76,Brazil,1,1,2005,2.317020538,1.943826494,0.2469253458,1780
26,Non-Hodgkin lymphoma,76,Brazil,1,1,2006,2.479593183,2.112225845,0.2572122669,1954
26,Non-Hodgkin lymphoma,76,Brazil,1,1,2007,2.525130832,2.21383604,0.2595616967,2068
26,Non-Hodgkin lymphoma,76,Brazil,1,1,2008,2.432784929,2.158630317,0.2553856875,2035
26,Non-Hodgkin lymphoma,76,Brazil,1,1,2009,2.396777638,2.198119231,0.2439941496,2090
26,Non-Hodgkin lymphoma,76,Brazil,1,1,2010,2.330435411,2.178531956,0.2452785373,2088
26,Non-Hodgkin lymphoma,76,Brazil,1,1,2011,2.390998858,2.278772937,0.2556710923,2201
26,Non-Hodgkin lymphoma,76,Brazil,1,1,2012,2.485663424,2.441097429,0.2573648974,2376
26,Non-Hodgkin lymphoma,76,Brazil,1,1,2013,2.338526341,2.35407846,0.2416721912,2309
26,Non-Hodgkin lymphoma,76,Brazil,1,1,2014,2.321216732,2.403895598,0.2385258019,2376
26,Non-Hodgkin lymphoma,76,Brazil,1,1,2015,2.317244941,2.448099549,0.2321183334,2438
26,Non-Hodgkin lymphoma,76,Brazil,1,1,2016,2.324776302,2.528169312,0.2388932589,2536
26,Non-Hodgkin lymphoma,76,Brazil,1,1,2017,2.215223813,2.47520541,0.231670826,2500
26,Non-Hodgkin lymphoma,76,Brazil,1,1,2018,2.097248234,2.390449476,0.2163664913,2430
26,Non-Hodgkin lymphoma,76,Brazil,1,1,2019,2.251505679,2.640771089,0.2353502774,2701
26,Non-Hodgkin lymphoma,76,Brazil,1,1,2020,1.976669711,2.359874021,0.2011470134,2427
26,Non-Hodgkin lymphoma,76,Brazil,1,1,2021,1.980244975,2.418719006,0.2026092002,2497
26,Non-Hodgkin lymphoma,76,Brazil,2,1,1997,1.571291692,1.297492322,0.1641120144,1087
26,Non-Hodgkin lymphoma,76,Brazil,2,1,1998,1.594570005,1.337874567,0.1689110066,1138
26,Non-Hodgkin lymphoma,76,Brazil,2,1,1999,1.603654208,1.347046803,0.1680517706,1163
26,Non-Hodgkin lymphoma,76,Brazil,2,1,2000,1.583481734,1.376144869,0.1617616721,1205
26,Non-Hodgkin lymphoma,76,Brazil,2,1,2001,1.696203863,1.489653609,0.1811983811,1322
26,Non-Hodgkin lymphoma,76,Brazil,2,1,2002,1.590718005,1.431760923,0.1639258209,1287
26,Non-Hodgkin lymphoma,76,Brazil,2,1,2003,1.675118181,1.546270292,0.1698392793,1407
26,Non-Hodgkin lymphoma,76,Brazil,2,1,2004,1.680666543,1.566295119,0.1765987338,1442
26,Non-Hodgkin lymphoma,76,Brazil,2,1,2005,1.567773181,1.520681551,0.1571485043,1416
26,Non-Hodgkin lymphoma,76,Brazil,2,1,2006,1.739065978,1.706958491,0.1742314314,1607
26,Non-Hodgkin lymphoma,76,Brazil,2,1,2007,1.65420411,1.680684608,0.170845134,1599
26,Non-Hodgkin lymphoma,76,Brazil,2,1,2008,1.639295635,1.681676899,0.1686087273,1616
26,Non-Hodgkin lymphoma,76,Brazil,2,1,2009,1.669016993,1.774251205,0.1708425333,1721
26,Non-Hodgkin lymphoma,76,Brazil,2,1,2010,1.621604713,1.771963068,0.1720250702,1734
26,Non-Hodgkin lymphoma,76,Brazil,2,1,2011,1.645836237,1.831856914,0.1705719654,1808
26,Non-Hodgkin lymphoma,76,Brazil,2,1,2012,1.66720534,1.914753497,0.1702877672,1906
26,Non-Hodgkin lymphoma,76,Brazil,2,1,2013,1.571842208,1.850722801,0.1660088993,1858
26,Non-Hodgkin lymphoma,76,Brazil,2,1,2014,1.581733922,1.904281037,0.1684789586,1928
26,Non-Hodgkin lymphoma,76,Brazil,2,1,2015,1.550718008,1.924808488,0.1603888751,1965
26,Non-Hodgkin lymphoma,76,Brazil,2,1,2016,1.531983665,1.975543759,0.1581372225,2033
26,Non-Hodgkin lymphoma,76,Brazil,2,1,2017,1.473693333,1.947894281,0.1501644674,2020
26,Non-Hodgkin lymphoma,76,Brazil,2,1,2018,1.484663885,2.003777058,0.1550280984,2093
26,Non-Hodgkin lymphoma,76,Brazil,2,1,2019,1.520886297,2.125035218,0.1587134736,2235
26,Non-Hodgkin lymphoma,76,Brazil,2,1,2020,1.297621221,1.828639566,0.1394986215,1935
26,Non-Hodgkin lymphoma,76,Brazil,2,1,2021,1.297890783,1.865232415,0.1326794899,1983
26,Non-Hodgkin lymphoma,764,Thailand,1,0,1993,4.946477053,4.434514026,0.4846120915,109
26,Non-Hodgkin lymphoma,764,Thailand,1,0,1994,4.830012243,4.403270054,0.5236413128,109
26,Non-Hodgkin lymphoma,764,Thailand,1,0,1995,4.810792963,4.490349357,0.5309360804,112
26,Non-Hodgkin lymphoma,764,Thailand,1,0,1996,4.945148334,4.772405949,0.540103263,120
26,Non-Hodgkin lymphoma,764,Thailand,1,0,1997,5.510578787,5.323081473,0.6071465518,135
26,Non-Hodgkin lymphoma,764,Thailand,1,0,1998,5.16106064,5.079531792,0.5874389156,130
26,Non-Hodgkin lymphoma,764,Thailand,1,0,1999,5.597191972,5.611452937,0.5319008791,145
26,Non-Hodgkin lymphoma,764,Thailand,1,0,2000,6.230382377,6.206171309,0.6954021719,162
26,Non-Hodgkin lymphoma,764,Thailand,1,0,2001,6.783240141,6.728444879,0.776888199,178
26,Non-Hodgkin lymphoma,764,Thailand,1,0,2002,5.316308965,5.646912579,0.5279062661,149
26,Non-Hodgkin lymphoma,764,Thailand,1,0,2003,5.78842177,6.058556708,0.7400098375,160
26,Non-Hodgkin lymphoma,764,Thailand,1,0,2004,4.902390421,5.355230275,0.5545125486,141
26,Non-Hodgkin lymphoma,764,Thailand,1,0,2005,5.480311516,6.202418187,0.6514183222,164
26,Non-Hodgkin lymphoma,764,Thailand,1,0,2006,5.717698422,6.584782079,0.6163945307,175
26,Non-Hodgkin lymphoma,764,Thailand,1,0,2007,5.534833167,6.395997527,0.6209965435,171
26,Non-Hodgkin lymphoma,764,Thailand,1,0,2008,5.917212885,7.095299531,0.6337101099,191
26,Non-Hodgkin lymphoma,764,Thailand,1,0,2009,6.108216269,7.335486059,0.7023122771,199
26,Non-Hodgkin lymphoma,764,Thailand,1,0,2010,5.986147107,7.491594796,0.6445040729,205
26,Non-Hodgkin lymphoma,764,Thailand,1,0,2011,7.095395458,8.655637121,0.7644051404,237
26,Non-Hodgkin lymphoma,764,Thailand,1,0,2012,5.870783737,7.777412641,0.6670907511,213
26,Non-Hodgkin lymphoma,764,Thailand,1,0,2013,5.994012363,7.710152684,0.6384540895,204
26,Non-Hodgkin lymphoma,764,Thailand,1,0,2014,6.861941793,9.349335274,0.7497843027,248
26,Non-Hodgkin lymphoma,764,Thailand,1,0,2015,7.032655595,9.370822645,0.7879672486,249
26,Non-Hodgkin lymphoma,764,Thailand,1,0,2016,6.765048658,9.289262365,0.7185612544,247
26,Non-Hodgkin lymphoma,764,Thailand,1,0,2017,7.261989391,10.25803273,0.7704033588,273
26,Non-Hodgkin lymphoma,764,Thailand,2,0,1993,2.56528903,2.439504358,0.2745170052,60
26,Non-Hodgkin lymphoma,764,Thailand,2,0,1994,2.329937888,2.335857671,0.2285648341,58
26,Non-Hodgkin lymphoma,764,Thailand,2,0,1995,4.144986596,3.947085137,0.4198824214,99
26,Non-Hodgkin lymphoma,764,Thailand,2,0,1996,3.969150405,3.984154898,0.4415296814,101
26,Non-Hodgkin lymphoma,764,Thailand,2,0,1997,3.071784642,3.081498217,0.346253349,79
26,Non-Hodgkin lymphoma,764,Thailand,2,0,1998,3.290237863,3.392196945,0.3526596883,88
26,Non-Hodgkin lymphoma,764,Thailand,2,0,1999,3.564500176,3.692957606,0.3183630973,97
26,Non-Hodgkin lymphoma,764,Thailand,2,0,2000,4.27397908,4.509465933,0.5392917724,120
26,Non-Hodgkin lymphoma,764,Thailand,2,0,2001,4.507349401,4.577093322,0.4766531664,123
26,Non-Hodgkin lymphoma,764,Thailand,2,0,2002,3.785004127,4.205860886,0.4673736272,113
26,Non-Hodgkin lymphoma,764,Thailand,2,0,2003,4.2652171,4.813850262,0.4761976316,130
26,Non-Hodgkin lymphoma,764,Thailand,2,0,2004,4.356383315,5.010625473,0.4409644888,136
26,Non-Hodgkin lymphoma,764,Thailand,2,0,2005,3.647408074,4.425791906,0.4126861804,121
26,Non-Hodgkin lymphoma,764,Thailand,2,0,2006,4.022664105,4.861284692,0.4748251884,134
26,Non-Hodgkin lymphoma,764,Thailand,2,0,2007,3.541649093,4.457490993,0.3793523895,124
26,Non-Hodgkin lymphoma,764,Thailand,2,0,2008,3.775886729,5.017477547,0.3834744847,141
26,Non-Hodgkin lymphoma,764,Thailand,2,0,2009,4.349759457,5.665786182,0.4745334282,161
26,Non-Hodgkin lymphoma,764,Thailand,2,0,2010,4.036027803,5.354100754,0.445491349,154
26,Non-Hodgkin lymphoma,764,Thailand,2,0,2011,4.500153746,6.451612903,0.5004166518,186
26,Non-Hodgkin lymphoma,764,Thailand,2,0,2012,4.233018613,5.920847616,0.4590583513,171
26,Non-Hodgkin lymphoma,764,Thailand,2,0,2013,4.792795094,6.725640036,0.5478523981,188
26,Non-Hodgkin lymphoma,764,Thailand,2,0,2014,5.391737683,7.839836418,0.5207499813,220
26,Non-Hodgkin lymphoma,764,Thailand,2,0,2015,4.821438491,7.277555309,0.5242593015,205
26,Non-Hodgkin lymphoma,764,Thailand,2,0,2016,4.65780394,6.977801029,0.4923704195,197
26,Non-Hodgkin lymphoma,764,Thailand,2,0,2017,3.938443565,6.288370542,0.4534656701,178
26,Non-Hodgkin lymphoma,792,Türkiye,1,0,1998,4.678738486,4.342187155,0.5284732358,99
26,Non-Hodgkin lymphoma,792,Türkiye,1,0,1999,5.168625154,4.906953494,0.5655144923,115
26,Non-Hodgkin lymphoma,792,Türkiye,1,0,2000,4.944465863,4.716223182,0.5123049966,113
26,Non-Hodgkin lymphoma,792,Türkiye,1,0,2001,6.12786717,5.987685054,0.6857749184,146
26,Non-Hodgkin lymphoma,792,Türkiye,1,0,2002,6.18342473,5.929188548,0.6774783774,147
26,Non-Hodgkin lymphoma,792,Türkiye,1,0,2003,7.529492045,7.342569359,0.8175336927,185
26,Non-Hodgkin lymphoma,792,Türkiye,1,0,2004,7.469978351,7.274996421,0.8148644677,187
26,Non-Hodgkin lymphoma,792,Türkiye,1,0,2005,6.932076706,7.029748757,0.7743913423,185
26,Non-Hodgkin lymphoma,792,Türkiye,1,0,2006,7.497168619,7.766018814,0.8846789417,208
26,Non-Hodgkin lymphoma,792,Türkiye,1,0,2007,8.323803923,8.476504304,0.8707325502,231
26,Non-Hodgkin lymphoma,792,Türkiye,1,0,2008,6.643956063,6.901277229,0.7222148773,196
26,Non-Hodgkin lymphoma,792,Türkiye,1,0,2009,7.68823424,8.117678825,0.7639234586,236
26,Non-Hodgkin lymphoma,792,Türkiye,1,0,2010,6.702945839,7.130241732,0.7643550703,213
26,Non-Hodgkin lymphoma,792,Türkiye,1,0,2011,7.067154038,7.498980504,0.7462876893,226
26,Non-Hodgkin lymphoma,792,Türkiye,1,0,2012,7.295103248,7.915439555,0.782468895,242
26,Non-Hodgkin lymphoma,792,Türkiye,1,0,2013,7.398667155,8.402345345,0.8410845685,262
26,Non-Hodgkin lymphoma,792,Türkiye,1,0,2014,8.302485423,9.264449942,0.8897515533,294
26,Non-Hodgkin lymphoma,792,Türkiye,1,0,2015,7.8273568,9.028228674,0.8225696864,292
26,Non-Hodgkin lymphoma,792,Türkiye,1,0,2016,8.01803722,9.391480829,0.8861257417,308
26,Non-Hodgkin lymphoma,792,Türkiye,1,0,2017,8.702867618,10.40247976,0.9522467155,346
26,Non-Hodgkin lymphoma,792,Türkiye,2,0,1998,3.968437565,3.861751087,0.4919921559,87
26,Non-Hodgkin lymphoma,792,Türkiye,2,0,1999,3.954167744,3.888476758,0.4472225753,90
26,Non-Hodgkin lymphoma,792,Türkiye,2,0,2000,4.020523751,4.013770189,0.4459632195,95
26,Non-Hodgkin lymphoma,792,Türkiye,2,0,2001,4.210359855,4.272045518,0.5045107533,103
26,Non-Hodgkin lymphoma,792,Türkiye,2,0,2002,5.08936151,5.299419224,0.5443680269,130
26,Non-Hodgkin lymphoma,792,Türkiye,2,0,2003,4.509985597,4.809224092,0.5040364909,120
26,Non-Hodgkin lymphoma,792,Türkiye,2,0,2004,4.755325638,5.050560416,0.5575863486,129
26,Non-Hodgkin lymphoma,792,Türkiye,2,0,2005,5.413730432,5.922846329,0.6172379631,155
26,Non-Hodgkin lymphoma,792,Türkiye,2,0,2006,5.58507025,6.188748631,0.5859673904,166
26,Non-Hodgkin lymphoma,792,Türkiye,2,0,2007,5.905445044,6.570566593,0.6508860723,178
26,Non-Hodgkin lymphoma,792,Türkiye,2,0,2008,5.4409813,6.180735358,0.5957816673,174
26,Non-Hodgkin lymphoma,792,Türkiye,2,0,2009,5.218001331,5.970559587,0.5899281516,172
26,Non-Hodgkin lymphoma,792,Türkiye,2,0,2010,5.708695992,6.700896798,0.6279067514,197
26,Non-Hodgkin lymphoma,792,Türkiye,2,0,2011,4.854385883,5.809739059,0.5680345731,174
26,Non-Hodgkin lymphoma,792,Türkiye,2,0,2012,5.402784959,6.47881395,0.6440854145,197
26,Non-Hodgkin lymphoma,792,Türkiye,2,0,2013,6.073225482,7.577804707,0.6532660044,235
26,Non-Hodgkin lymphoma,792,Türkiye,2,0,2014,5.578621574,7.083646801,0.6424021348,224
26,Non-Hodgkin lymphoma,792,Türkiye,2,0,2015,5.772441975,7.509531985,0.6212677929,242
26,Non-Hodgkin lymphoma,792,Türkiye,2,0,2016,5.725131989,7.608787324,0.6449773801,249
26,Non-Hodgkin lymphoma,792,Türkiye,2,0,2017,6.000226699,7.595067185,0.6411123327,252
26,Non-Hodgkin lymphoma,800,Uganda,1,0,1993,3.205814129,3.818445638,0.1963066572,21
26,Non-Hodgkin lymphoma,800,Uganda,1,0,1994,4.14240127,4.361471805,0.2706151332,25
26,Non-Hodgkin lymphoma,800,Uganda,1,0,1995,5.531274734,4.686349334,0.4260178486,28
26,Non-Hodgkin lymphoma,800,Uganda,1,0,1996,7.302014505,4.816561264,0.6040010351,30
26,Non-Hodgkin lymphoma,800,Uganda,1,0,1997,7.687696228,6.313870187,0.7089217269,41
26,Non-Hodgkin lymphoma,800,Uganda,1,0,1998,4.154870138,3.249309153,0.3642134137,22
26,Non-Hodgkin lymphoma,800,Uganda,1,0,1999,7.656240387,3.682610007,0.8505898219,26
26,Non-Hodgkin lymphoma,800,Uganda,1,0,2000,6.053994996,3.259616207,0.654500545,24
26,Non-Hodgkin lymphoma,800,Uganda,1,0,2001,5.281918584,3.776454716,0.4474218167,29
26,Non-Hodgkin lymphoma,800,Uganda,1,0,2002,6.614083481,5.618047666,0.5718659307,45
26,Non-Hodgkin lymphoma,800,Uganda,1,0,2003,7.992400862,6.628310841,0.5101123784,55
26,Non-Hodgkin lymphoma,800,Uganda,1,0,2004,10.83864221,6.397513577,1.150984306,55
26,Non-Hodgkin lymphoma,800,Uganda,1,0,2005,9.418964653,7.072056397,0.8108364006,63
26,Non-Hodgkin lymphoma,800,Uganda,1,0,2006,7.682753383,6.607516754,0.6586405309,61
26,Non-Hodgkin lymphoma,800,Uganda,1,0,2007,12.57664506,7.315740024,1.281688192,70
26,Non-Hodgkin lymphoma,800,Uganda,1,0,2008,9.944621073,6.956746179,0.9684668469,69
26,Non-Hodgkin lymphoma,800,Uganda,1,0,2009,7.240031007,5.543377415,0.6327937981,57
26,Non-Hodgkin lymphoma,800,Uganda,1,0,2010,8.848589429,5.534034311,0.9660369693,59
26,Non-Hodgkin lymphoma,800,Uganda,1,0,2011,5.336812226,3.5276974,0.619114194,39
26,Non-Hodgkin lymphoma,800,Uganda,1,0,2012,7.292983511,4.448161906,0.7664803357,51
26,Non-Hodgkin lymphoma,800,Uganda,1,0,2013,6.92098653,4.204450663,0.6799214705,50
26,Non-Hodgkin lymphoma,800,Uganda,1,0,2014,4.212634785,3.485633919,0.3452504697,43
26,Non-Hodgkin lymphoma,800,Uganda,1,0,2015,4.566066798,2.914113208,0.4745928883,37
26,Non-Hodgkin lymphoma,800,Uganda,1,0,2016,6.398705061,3.063408731,0.6712344656,40
26,Non-Hodgkin lymphoma,800,Uganda,1,0,2017,8.013083793,3.651838216,0.762746157,49
26,Non-Hodgkin lymphoma,800,Uganda,2,0,1993,2.039996211,2.769320772,0.1140429794,16
26,Non-Hodgkin lymphoma,800,Uganda,2,0,1994,1.695254619,2.150253068,0.09751590495,13
26,Non-Hodgkin lymphoma,800,Uganda,2,0,1995,3.430803935,4.425254294,0.1957022324,28
26,Non-Hodgkin lymphoma,800,Uganda,2,0,1996,4.834071556,4.529792445,0.5084898093,30
26,Non-Hodgkin lymphoma,800,Uganda,2,0,1997,7.803397265,4.182827043,0.8749282044,29
26,Non-Hodgkin lymphoma,800,Uganda,2,0,1998,1.523000134,2.066434491,0.07727062197,15
26,Non-Hodgkin lymphoma,800,Uganda,2,0,1999,4.848897092,2.631246579,0.4045792015,20
26,Non-Hodgkin lymphoma,800,Uganda,2,0,2000,6.039736178,3.643115391,0.6710538785,29
26,Non-Hodgkin lymphoma,800,Uganda,2,0,2001,3.612180065,3.238369157,0.2539542304,27
26,Non-Hodgkin lymphoma,800,Uganda,2,0,2002,5.719426761,4.236346941,0.4451378141,37
26,Non-Hodgkin lymphoma,800,Uganda,2,0,2003,7.837795044,5.626462467,0.7122235512,51
26,Non-Hodgkin lymphoma,800,Uganda,2,0,2004,7.382600608,5.420273097,0.68049764,51
26,Non-Hodgkin lymphoma,800,Uganda,2,0,2005,5.314877925,4.094605869,0.451930828,40
26,Non-Hodgkin lymphoma,800,Uganda,2,0,2006,9.981909085,5.22451619,1.233013944,53
26,Non-Hodgkin lymphoma,800,Uganda,2,0,2007,6.430203338,4.365767825,0.7941577117,46
26,Non-Hodgkin lymphoma,800,Uganda,2,0,2008,6.887917635,4.842035446,0.5174384696,53
26,Non-Hodgkin lymphoma,800,Uganda,2,0,2009,5.116144455,3.165324921,0.499032416,36
26,Non-Hodgkin lymphoma,800,Uganda,2,0,2010,4.9659951,3.807257987,0.403046825,45
26,Non-Hodgkin lymphoma,800,Uganda,2,0,2011,5.889414154,3.744162972,0.6684582433,46
26,Non-Hodgkin lymphoma,800,Uganda,2,0,2012,5.927385203,3.131644959,0.5393028525,40
26,Non-Hodgkin lymphoma,800,Uganda,2,0,2013,4.254449231,2.861070914,0.3953280869,38
26,Non-Hodgkin lymphoma,800,Uganda,2,0,2014,2.916233224,1.665026977,0.2744650662,23
26,Non-Hodgkin lymphoma,800,Uganda,2,0,2015,3.949764368,1.826249242,0.3286781689,26
26,Non-Hodgkin lymphoma,800,Uganda,2,0,2016,3.905843045,1.909940833,0.4089592306,28
26,Non-Hodgkin lymphoma,800,Uganda,2,0,2017,1.975375557,1.458552254,0.1202416363,22
26,Non-Hodgkin lymphoma,826,United Kingdom,1,1,1967,0.4803751736,0.5846412495,0.04892830074,156
26,Non-Hodgkin lymphoma,826,United Kingdom,1,1,1968,0.6699522124,0.8392035623,0.0735301342,225
26,Non-Hodgkin lymphoma,826,United Kingdom,1,1,1969,0.5374203298,0.6984753583,0.05549181216,188
26,Non-Hodgkin lymphoma,826,United Kingdom,1,1,1970,0.4936555178,0.6438231789,0.04876623575,174
26,Non-Hodgkin lymphoma,826,United Kingdom,1,1,1971,0.5726301479,0.7549376606,0.063266825,205
26,Non-Hodgkin lymphoma,826,United Kingdom,1,1,1972,0.6072692578,0.7887092059,0.06269243341,215
26,Non-Hodgkin lymphoma,826,United Kingdom,1,1,1973,0.6500832338,0.8711189728,0.07451721857,238
26,Non-Hodgkin lymphoma,826,United Kingdom,1,1,1974,0.7414353955,0.9835641315,0.07646670219,269
26,Non-Hodgkin lymphoma,826,United Kingdom,1,1,1975,0.9248232551,1.239126981,0.09991251129,339
26,Non-Hodgkin lymphoma,826,United Kingdom,1,1,1976,1.181192803,1.57567186,0.1287433238,431
26,Non-Hodgkin lymphoma,826,United Kingdom,1,1,1977,1.416343675,1.90209674,0.1598616038,520
26,Non-Hodgkin lymphoma,826,United Kingdom,1,1,1978,1.993793504,2.6851589,0.2133676373,734
26,Non-Hodgkin lymphoma,826,United Kingdom,1,1,1979,2.138592581,2.927666998,0.2239690979,801
26,Non-Hodgkin lymphoma,826,United Kingdom,1,1,1980,2.538303945,3.58499604,0.2931924188,982
26,Non-Hodgkin lymphoma,826,United Kingdom,1,1,1981,2.456738126,3.471159664,0.2722990607,951
26,Non-Hodgkin lymphoma,826,United Kingdom,1,1,1982,2.913124208,4.140948843,0.3226763638,1134
26,Non-Hodgkin lymphoma,826,United Kingdom,1,1,1983,3.311815482,4.717282574,0.3698347234,1294
26,Non-Hodgkin lymphoma,826,United Kingdom,1,1,1984,3.645951913,5.222938798,0.4058026247,1437
26,Non-Hodgkin lymphoma,826,United Kingdom,1,1,1985,3.664567911,5.443136198,0.4153424167,1501
26,Non-Hodgkin lymphoma,826,United Kingdom,1,1,1986,3.968199611,5.895380342,0.4559051938,1629
26,Non-Hodgkin lymphoma,826,United Kingdom,1,1,1987,4.30332794,6.452919833,0.4813508769,1788
26,Non-Hodgkin lymphoma,826,United Kingdom,1,1,1988,4.613763248,7.002571637,0.5171623943,1936
26,Non-Hodgkin lymphoma,826,United Kingdom,1,1,1989,4.605226927,7.118517109,0.5070302543,1963
26,Non-Hodgkin lymphoma,826,United Kingdom,1,1,1990,4.868750761,7.551288212,0.5421048443,2089
26,Non-Hodgkin lymphoma,826,United Kingdom,1,1,1991,4.694172495,7.398374426,0.5084599946,2053
26,Non-Hodgkin lymphoma,826,United Kingdom,1,1,1992,4.828209694,7.658804632,0.5201561777,2134
26,Non-Hodgkin lymphoma,826,United Kingdom,1,1,1993,4.979142412,7.916021523,0.5554771079,2214
26,Non-Hodgkin lymphoma,826,United Kingdom,1,1,1994,4.847396033,7.721183189,0.5334102685,2165
26,Non-Hodgkin lymphoma,826,United Kingdom,1,1,1995,5.082123539,8.206628687,0.5630723901,2308
26,Non-Hodgkin lymphoma,826,United Kingdom,1,1,1996,5.035919231,8.079477383,0.563596664,2279
26,Non-Hodgkin lymphoma,826,United Kingdom,1,1,1997,4.954027072,8.112337529,0.5543166087,2295
26,Non-Hodgkin lymphoma,826,United Kingdom,1,1,1998,4.944451719,8.190125323,0.5493646479,2325
26,Non-Hodgkin lymphoma,826,United Kingdom,1,1,1999,4.847600333,8.17082404,0.5326336755,2329
26,Non-Hodgkin lymphoma,826,United Kingdom,1,1,2000,4.84857799,8.294316867,0.5303947945,2375
26,Non-Hodgkin lymphoma,826,United Kingdom,1,1,2001,4.880821836,8.451457311,0.530334996,2431
26,Non-Hodgkin lymphoma,826,United Kingdom,1,1,2002,4.967004577,8.68921377,0.5675195926,2512
26,Non-Hodgkin lymphoma,826,United Kingdom,1,1,2003,4.77941272,8.497927056,0.5366394323,2470
26,Non-Hodgkin lymphoma,826,United Kingdom,1,1,2004,4.410542499,7.943845625,0.4920042448,2324
26,Non-Hodgkin lymphoma,826,United Kingdom,1,1,2005,4.366550201,7.957582085,0.4695638633,2346
26,Non-Hodgkin lymphoma,826,United Kingdom,1,1,2006,4.269276627,7.996917503,0.4519203912,2377
26,Non-Hodgkin lymphoma,826,United Kingdom,1,1,2007,4.252473788,8.180695386,0.4537510254,2453
26,Non-Hodgkin lymphoma,826,United Kingdom,1,1,2008,4.021083751,7.946950075,0.4236889693,2404
26,Non-Hodgkin lymphoma,826,United Kingdom,1,1,2009,3.981483965,7.971680605,0.4124878981,2432
26,Non-Hodgkin lymphoma,826,United Kingdom,1,1,2010,3.865417218,7.823121815,0.4055792715,2408
26,Non-Hodgkin lymphoma,826,United Kingdom,1,1,2011,3.90876698,8.121276353,0.404134919,2522
26,Non-Hodgkin lymphoma,826,United Kingdom,1,1,2012,3.906446927,8.247292493,0.4112550979,2581
26,Non-Hodgkin lymphoma,826,United Kingdom,1,1,2013,3.800807146,8.180796426,0.389657228,2579
26,Non-Hodgkin lymphoma,826,United Kingdom,1,1,2014,3.857973781,8.341337735,0.3873598933,2651
26,Non-Hodgkin lymphoma,826,United Kingdom,1,1,2015,3.807791826,8.539144492,0.3872821777,2738
26,Non-Hodgkin lymphoma,826,United Kingdom,1,1,2016,3.779981727,8.591549749,0.3871401355,2779
26,Non-Hodgkin lymphoma,826,United Kingdom,1,1,2017,3.572634017,8.269033543,0.3651017036,2695
26,Non-Hodgkin lymphoma,826,United Kingdom,1,1,2018,3.611652565,8.621879195,0.3579829384,2828
26,Non-Hodgkin lymphoma,826,United Kingdom,1,1,2019,3.510477543,8.42603385,0.3560921936,2780
26,Non-Hodgkin lymphoma,826,United Kingdom,1,1,2020,3.528741749,8.672222644,0.3510934008,2873
26,Non-Hodgkin lymphoma,826,United Kingdom,1,1,2021,3.303326903,8.207660231,0.3188132429,2733
26,Non-Hodgkin lymphoma,826,United Kingdom,2,1,1967,0.3889934343,0.6256488456,0.04534405324,177
26,Non-Hodgkin lymphoma,826,United Kingdom,2,1,1968,0.3743091588,0.6085226017,0.03894327321,173
26,Non-Hodgkin lymphoma,826,United Kingdom,2,1,1969,0.4018968952,0.6657220421,0.0456346826,190
26,Non-Hodgkin lymphoma,826,United Kingdom,2,1,1970,0.3436980639,0.5412437705,0.0407459304,155
26,Non-Hodgkin lymphoma,826,United Kingdom,2,1,1971,0.3859624212,0.6403159932,0.04080188567,184
26,Non-Hodgkin lymphoma,826,United Kingdom,2,1,1972,0.4311877443,0.6870346056,0.04472584358,198
26,Non-Hodgkin lymphoma,826,United Kingdom,2,1,1973,0.4397725016,0.7517075887,0.0490186351,217
26,Non-Hodgkin lymphoma,826,United Kingdom,2,1,1974,0.4286492043,0.7792198077,0.0498852057,225
26,Non-Hodgkin lymphoma,826,United Kingdom,2,1,1975,0.6225375088,1.108717782,0.07017665977,320
26,Non-Hodgkin lymphoma,826,United Kingdom,2,1,1976,0.7014108206,1.320727744,0.07449857612,381
26,Non-Hodgkin lymphoma,826,United Kingdom,2,1,1977,0.9052282517,1.609011742,0.1028599608,464
26,Non-Hodgkin lymphoma,826,United Kingdom,2,1,1978,1.215220097,2.122044096,0.1353697157,612
26,Non-Hodgkin lymphoma,826,United Kingdom,2,1,1979,1.398781817,2.536461812,0.1571850033,732
26,Non-Hodgkin lymphoma,826,United Kingdom,2,1,1980,1.63327769,2.962946348,0.1760951173,856
26,Non-Hodgkin lymphoma,826,United Kingdom,2,1,1981,1.761311885,3.27251755,0.2015095765,946
26,Non-Hodgkin lymphoma,826,United Kingdom,2,1,1982,1.859063864,3.531927396,0.2135750729,1021
26,Non-Hodgkin lymphoma,826,United Kingdom,2,1,1983,2.09870542,3.95833835,0.2423563131,1144
26,Non-Hodgkin lymphoma,826,United Kingdom,2,1,1984,2.287688834,4.399050178,0.2616836313,1273
26,Non-Hodgkin lymphoma,826,United Kingdom,2,1,1985,2.477061715,4.884534832,0.2761466273,1418
26,Non-Hodgkin lymphoma,826,United Kingdom,2,1,1986,2.439772433,5.006848015,0.2841481582,1458
26,Non-Hodgkin lymphoma,826,United Kingdom,2,1,1987,2.770085188,5.55219739,0.3213168552,1620
26,Non-Hodgkin lymphoma,826,United Kingdom,2,1,1988,2.932847558,6.041615533,0.3361344745,1775
26,Non-Hodgkin lymphoma,826,United Kingdom,2,1,1989,2.974937892,6.187898929,0.33957693,1832
26,Non-Hodgkin lymphoma,826,United Kingdom,2,1,1990,2.9285233,6.160846782,0.3293025442,1830
26,Non-Hodgkin lymphoma,826,United Kingdom,2,1,1991,3.178037831,6.632925642,0.3589774319,1977
26,Non-Hodgkin lymphoma,826,United Kingdom,2,1,1992,3.257166181,6.859612701,0.3659448889,2048
26,Non-Hodgkin lymphoma,826,United Kingdom,2,1,1993,3.111220339,6.596985285,0.3544265342,1972
26,Non-Hodgkin lymphoma,826,United Kingdom,2,1,1994,3.225290053,6.751556729,0.3717619621,2023
26,Non-Hodgkin lymphoma,826,United Kingdom,2,1,1995,3.208987574,6.723046577,0.3600486509,2019
26,Non-Hodgkin lymphoma,826,United Kingdom,2,1,1996,3.26413756,7.0119935,0.3654401005,2110
26,Non-Hodgkin lymphoma,826,United Kingdom,2,1,1997,3.206183083,6.887325249,0.3631807291,2077
26,Non-Hodgkin lymphoma,826,United Kingdom,2,1,1998,3.117284578,6.908303172,0.3441137182,2089
26,Non-Hodgkin lymphoma,826,United Kingdom,2,1,1999,3.324123724,7.146907654,0.3745729209,2168
26,Non-Hodgkin lymphoma,826,United Kingdom,2,1,2000,3.257060531,7.203581731,0.3689735287,2192
26,Non-Hodgkin lymphoma,826,United Kingdom,2,1,2001,3.222375547,7.295941334,0.3660380442,2227
26,Non-Hodgkin lymphoma,826,United Kingdom,2,1,2002,3.165159194,7.306237552,0.3564026233,2238
26,Non-Hodgkin lymphoma,826,United Kingdom,2,1,2003,3.060662211,7.182694317,0.3349677955,2209
26,Non-Hodgkin lymphoma,826,United Kingdom,2,1,2004,2.850655238,6.822016501,0.3152426828,2109
26,Non-Hodgkin lymphoma,826,United Kingdom,2,1,2005,2.876484729,6.803837866,0.3195731043,2117
26,Non-Hodgkin lymphoma,826,United Kingdom,2,1,2006,2.775569398,6.78963991,0.3105750813,2127
26,Non-Hodgkin lymphoma,826,United Kingdom,2,1,2007,2.671209177,6.652799009,0.2807508889,2099
26,Non-Hodgkin lymphoma,826,United Kingdom,2,1,2008,2.526753565,6.44811917,0.2738733535,2049
26,Non-Hodgkin lymphoma,826,United Kingdom,2,1,2009,2.506979138,6.347225883,0.2705536081,2031
26,Non-Hodgkin lymphoma,826,United Kingdom,2,1,2010,2.478172249,6.376851638,0.2701934905,2055
26,Non-Hodgkin lymphoma,826,United Kingdom,2,1,2011,2.58219638,6.704656846,0.2747102041,2176
26,Non-Hodgkin lymphoma,826,United Kingdom,2,1,2012,2.446405428,6.563527044,0.2497479463,2144
26,Non-Hodgkin lymphoma,826,United Kingdom,2,1,2013,2.310511328,6.450760916,0.2371642313,2120
26,Non-Hodgkin lymphoma,826,United Kingdom,2,1,2014,2.411002073,6.698012519,0.2493662938,2216
26,Non-Hodgkin lymphoma,826,United Kingdom,2,1,2015,2.418642266,6.77111329,0.2507031715,2256
26,Non-Hodgkin lymphoma,826,United Kingdom,2,1,2016,2.26168708,6.569765017,0.2200380077,2204
26,Non-Hodgkin lymphoma,826,United Kingdom,2,1,2017,2.284897916,6.658177096,0.2235521946,2248
26,Non-Hodgkin lymphoma,826,United Kingdom,2,1,2018,2.144725201,6.488533307,0.207100153,2203
26,Non-Hodgkin lymphoma,826,United Kingdom,2,1,2019,2.080591964,6.213732648,0.2014549566,2120
26,Non-Hodgkin lymphoma,826,United Kingdom,2,1,2020,2.048813291,6.375810304,0.2002067943,2182
26,Non-Hodgkin lymphoma,826,United Kingdom,2,1,2021,1.973816478,6.173875418,0.194127883,2122
26,Non-Hodgkin lymphoma,8260,"UK, England",1,0,1971,4.31302698,5.463367082,0.459977322,1233
26,Non-Hodgkin lymphoma,8260,"UK, England",1,0,1972,4.498395097,5.72556152,0.4819237799,1297
26,Non-Hodgkin lymphoma,8260,"UK, England",1,0,1973,4.66136754,5.929923884,0.4949551455,1347
26,Non-Hodgkin lymphoma,8260,"UK, England",1,0,1974,4.764315674,6.183271281,0.5144151543,1405
26,Non-Hodgkin lymphoma,8260,"UK, England",1,0,1975,4.948934864,6.435691474,0.5349555143,1463
26,Non-Hodgkin lymphoma,8260,"UK, England",1,0,1976,5.199588116,6.788952882,0.5618592653,1543
26,Non-Hodgkin lymphoma,8260,"UK, England",1,0,1977,5.419873191,7.105436936,0.5788479265,1614
26,Non-Hodgkin lymphoma,8260,"UK, England",1,0,1978,5.550808916,7.315537038,0.586435372,1661
26,Non-Hodgkin lymphoma,8260,"UK, England",1,0,1979,5.752236025,7.745599691,0.6226186885,1762
26,Non-Hodgkin lymphoma,8260,"UK, England",1,0,1980,5.985941092,8.056801327,0.6526785078,1836
26,Non-Hodgkin lymphoma,8260,"UK, England",1,0,1981,6.253885003,8.387951532,0.6554610152,1912
26,Non-Hodgkin lymphoma,8260,"UK, England",1,0,1982,6.335263164,8.684966976,0.6824325688,1979
26,Non-Hodgkin lymphoma,8260,"UK, England",1,0,1983,6.587153877,9.049773756,0.721809105,2066
26,Non-Hodgkin lymphoma,8260,"UK, England",1,0,1984,7.036295606,9.694879742,0.7745383111,2221
26,Non-Hodgkin lymphoma,8260,"UK, England",1,0,1985,7.291377047,10.33638904,0.8101289758,2378
26,Non-Hodgkin lymphoma,8260,"UK, England",1,0,1986,7.846609458,11.02818555,0.8530247344,2546
26,Non-Hodgkin lymphoma,8260,"UK, England",1,0,1987,8.489245448,11.85676919,0.9206854462,2747
26,Non-Hodgkin lymphoma,8260,"UK, England",1,0,1988,9.014622949,12.69078101,0.980655043,2951
26,Non-Hodgkin lymphoma,8260,"UK, England",1,0,1989,8.983110461,12.83236994,0.9723204056,2997
26,Non-Hodgkin lymphoma,8260,"UK, England",1,0,1990,9.542622598,13.55600051,1.023744336,3182
26,Non-Hodgkin lymphoma,8260,"UK, England",1,0,1991,9.623021502,13.91397248,1.025633479,3282
26,Non-Hodgkin lymphoma,8260,"UK, England",1,0,1992,9.750053319,14.10418777,1.044444159,3341
26,Non-Hodgkin lymphoma,8260,"UK, England",1,0,1993,9.996822407,14.41017921,1.086921097,3427
26,Non-Hodgkin lymphoma,8260,"UK, England",1,0,1994,10.52407502,15.24940439,1.138571577,3642
26,Non-Hodgkin lymphoma,8260,"UK, England",1,0,1995,9.290195822,13.78565807,1.007403599,3246
26,Non-Hodgkin lymphoma,8260,"UK, England",1,0,1996,9.345149974,13.96602177,1.042687837,3300
26,Non-Hodgkin lymphoma,8260,"UK, England",1,0,1997,10.06184023,14.80006084,1.101637607,3509
26,Non-Hodgkin lymphoma,8260,"UK, England",1,0,1998,9.955914356,14.95360977,1.075893329,3558
26,Non-Hodgkin lymphoma,8260,"UK, England",1,0,1999,10.24157897,15.68411859,1.136916632,3751
26,Non-Hodgkin lymphoma,8260,"UK, England",1,0,2000,10.39682289,16.03832886,1.149280485,3854
26,Non-Hodgkin lymphoma,8260,"UK, England",1,0,2001,10.58278857,16.4407345,1.167697438,3973
26,Non-Hodgkin lymphoma,8260,"UK, England",1,0,2002,10.2181458,16.09121467,1.15149825,3909
26,Non-Hodgkin lymphoma,8260,"UK, England",1,0,2003,10.46610093,16.67778451,1.146979272,4074
26,Non-Hodgkin lymphoma,8260,"UK, England",1,0,2004,10.79716951,17.30316852,1.199074743,4252
26,Non-Hodgkin lymphoma,8260,"UK, England",1,0,2005,11.05319695,17.78780612,1.215467504,4409
26,Non-Hodgkin lymphoma,8260,"UK, England",1,0,2006,11.18689633,18.1842276,1.222511652,4542
26,Non-Hodgkin lymphoma,8260,"UK, England",1,0,2007,11.66423663,19.05515252,1.295960907,4802
26,Non-Hodgkin lymphoma,8260,"UK, England",1,0,2008,11.81192286,19.55578719,1.299524749,4974
26,Non-Hodgkin lymphoma,8260,"UK, England",1,0,2009,12.29497529,20.9137674,1.34126105,5361
26,Non-Hodgkin lymphoma,8260,"UK, England",1,0,2010,12.67187897,21.28124618,1.405211365,5507
26,Non-Hodgkin lymphoma,8260,"UK, England",1,0,2011,13.1214303,22.50397407,1.458450053,5881
26,Non-Hodgkin lymphoma,8260,"UK, England",1,0,2012,13.05671809,22.74293894,1.443348773,5989
26,Non-Hodgkin lymphoma,8260,"UK, England",1,0,2013,13.38350889,23.5773246,1.467287247,6256
26,Non-Hodgkin lymphoma,8260,"UK, England",1,0,2014,13.22502,23.55340767,1.447435604,6306
26,Non-Hodgkin lymphoma,8260,"UK, England",1,0,2015,13.1474745,23.43384135,1.454988257,6334
26,Non-Hodgkin lymphoma,8260,"UK, England",1,0,2016,13.21254062,23.84901315,1.444653873,6511
26,Non-Hodgkin lymphoma,8260,"UK, England",1,0,2017,12.73994377,23.31060604,1.382242693,6406
26,Non-Hodgkin lymphoma,8260,"UK, England",2,0,1971,3.070788436,4.667997584,0.3311173805,1113
26,Non-Hodgkin lymphoma,8260,"UK, England",2,0,1972,3.051452053,4.791150169,0.3294715012,1146
26,Non-Hodgkin lymphoma,8260,"UK, England",2,0,1973,3.184859076,5.118706432,0.3454721846,1227
26,Non-Hodgkin lymphoma,8260,"UK, England",2,0,1974,3.307462839,5.225353817,0.3604640464,1252
26,Non-Hodgkin lymphoma,8260,"UK, England",2,0,1975,3.59022358,5.855867144,0.3918092539,1402
26,Non-Hodgkin lymphoma,8260,"UK, England",2,0,1976,3.514907364,5.645208467,0.383671304,1351
26,Non-Hodgkin lymphoma,8260,"UK, England",2,0,1977,3.657533285,5.977061459,0.3967617701,1430
26,Non-Hodgkin lymphoma,8260,"UK, England",2,0,1978,3.542584334,5.85799583,0.3948960289,1402
26,Non-Hodgkin lymphoma,8260,"UK, England",2,0,1979,3.668151207,6.104460599,0.410380757,1462
26,Non-Hodgkin lymphoma,8260,"UK, England",2,0,1980,3.97475951,6.746114421,0.4427693411,1619
26,Non-Hodgkin lymphoma,8260,"UK, England",2,0,1981,4.18218345,7.146275987,0.4550802556,1717
26,Non-Hodgkin lymphoma,8260,"UK, England",2,0,1982,4.299558543,7.360778044,0.4840959463,1768
26,Non-Hodgkin lymphoma,8260,"UK, England",2,0,1983,4.510292831,7.718892572,0.5060176654,1856
26,Non-Hodgkin lymphoma,8260,"UK, England",2,0,1984,4.617843757,8.076733115,0.5081123518,1946
26,Non-Hodgkin lymphoma,8260,"UK, England",2,0,1985,5.245448126,9.145811789,0.5850119056,2211
26,Non-Hodgkin lymphoma,8260,"UK, England",2,0,1986,5.275297814,9.218185716,0.5929850714,2236
26,Non-Hodgkin lymphoma,8260,"UK, England",2,0,1987,5.48560342,9.691930656,0.6196529046,2357
26,Non-Hodgkin lymphoma,8260,"UK, England",2,0,1988,6.253290596,11.15654852,0.6880695232,2720
26,Non-Hodgkin lymphoma,8260,"UK, England",2,0,1989,6.074775659,10.95957634,0.6914738972,2680
26,Non-Hodgkin lymphoma,8260,"UK, England",2,0,1990,6.088615539,10.79163098,0.6819923179,2646
26,Non-Hodgkin lymphoma,8260,"UK, England",2,0,1991,6.493614983,11.64122603,0.7272839663,2866
26,Non-Hodgkin lymphoma,8260,"UK, England",2,0,1992,6.728922423,11.98793107,0.7493826741,2960
26,Non-Hodgkin lymphoma,8260,"UK, England",2,0,1993,6.757136878,12.27809336,0.7591533855,3039
26,Non-Hodgkin lymphoma,8260,"UK, England",2,0,1994,7.060004454,12.61978321,0.8101324446,3133
26,Non-Hodgkin lymphoma,8260,"UK, England",2,0,1995,6.190570513,11.382097,0.6979631348,2827
26,Non-Hodgkin lymphoma,8260,"UK, England",2,0,1996,6.278811011,11.41807832,0.7084814139,2842
26,Non-Hodgkin lymphoma,8260,"UK, England",2,0,1997,6.743343875,12.19374633,0.7627629871,3043
26,Non-Hodgkin lymphoma,8260,"UK, England",2,0,1998,7.032043883,12.76221834,0.7915604567,3194
26,Non-Hodgkin lymphoma,8260,"UK, England",2,0,1999,7.369155864,13.20223467,0.8195653874,3316
26,Non-Hodgkin lymphoma,8260,"UK, England",2,0,2000,7.541555627,13.68467462,0.8508516812,3449
26,Non-Hodgkin lymphoma,8260,"UK, England",2,0,2001,7.591112406,13.96922081,0.8410021013,3532
26,Non-Hodgkin lymphoma,8260,"UK, England",2,0,2002,7.321504261,13.62534776,0.8292913335,3459
26,Non-Hodgkin lymphoma,8260,"UK, England",2,0,2003,7.569455388,14.27573472,0.8731367217,3640
26,Non-Hodgkin lymphoma,8260,"UK, England",2,0,2004,7.871458085,14.68713285,0.8862765671,3763
26,Non-Hodgkin lymphoma,8260,"UK, England",2,0,2005,7.812479764,14.53558684,0.9126086207,3753
26,Non-Hodgkin lymphoma,8260,"UK, England",2,0,2006,8.019386612,15.0764814,0.929979161,3918
26,Non-Hodgkin lymphoma,8260,"UK, England",2,0,2007,8.261913655,15.54206633,0.9339401845,4069
26,Non-Hodgkin lymphoma,8260,"UK, England",2,0,2008,8.502106097,16.36409517,0.9838126969,4317
26,Non-Hodgkin lymphoma,8260,"UK, England",2,0,2009,8.953400476,17.14820366,1.030399713,4555
26,Non-Hodgkin lymphoma,8260,"UK, England",2,0,2010,9.010768463,17.09682211,1.028538663,4576
26,Non-Hodgkin lymphoma,8260,"UK, England",2,0,2011,9.535006033,18.19529446,1.101733705,4908
26,Non-Hodgkin lymphoma,8260,"UK, England",2,0,2012,9.331474942,18.31350714,1.063897948,4974
26,Non-Hodgkin lymphoma,8260,"UK, England",2,0,2013,9.485120832,18.89736837,1.093175798,5165
26,Non-Hodgkin lymphoma,8260,"UK, England",2,0,2014,9.094149561,18.09869522,1.018942624,4985
26,Non-Hodgkin lymphoma,8260,"UK, England",2,0,2015,9.10358488,18.25122498,1.018686063,5066
26,Non-Hodgkin lymphoma,8260,"UK, England",2,0,2016,9.233433808,18.45379509,1.027756954,5161
26,Non-Hodgkin lymphoma,8260,"UK, England",2,0,2017,8.822940076,18.12471274,0.9905215416,5100
26,Non-Hodgkin lymphoma,8261,"UK, Wales",1,0,2003,12.26495324,20.54116506,1.347274174,293
26,Non-Hodgkin lymphoma,8261,"UK, Wales",1,0,2004,11.79052735,19.46362422,1.336606394,280
26,Non-Hodgkin lymphoma,8261,"UK, Wales",1,0,2005,11.11606839,19.54750631,1.348269416,283
26,Non-Hodgkin lymphoma,8261,"UK, Wales",1,0,2006,12.56444101,22.60143165,1.396051378,329
26,Non-Hodgkin lymphoma,8261,"UK, Wales",1,0,2007,13.77075288,23.56089572,1.578998871,346
26,Non-Hodgkin lymphoma,8261,"UK, Wales",1,0,2008,12.64457111,22.374011,1.478392814,331
26,Non-Hodgkin lymphoma,8261,"UK, Wales",1,0,2009,11.16665569,20.29777235,1.228963926,302
26,Non-Hodgkin lymphoma,8261,"UK, Wales",1,0,2010,10.95763059,20.26087718,1.249105457,303
26,Non-Hodgkin lymphoma,8261,"UK, Wales",1,0,2011,12.12397147,22.9980558,1.345976429,346
26,Non-Hodgkin lymphoma,8261,"UK, Wales",1,0,2012,11.44340034,20.99426731,1.222164603,317
26,Non-Hodgkin lymphoma,8261,"UK, Wales",1,0,2013,11.49267473,21.44893141,1.285653549,325
26,Non-Hodgkin lymphoma,8261,"UK, Wales",1,0,2014,11.65151391,21.7574927,1.215880283,331
26,Non-Hodgkin lymphoma,8261,"UK, Wales",1,0,2015,11.52132323,22.28688332,1.278141669,340
26,Non-Hodgkin lymphoma,8261,"UK, Wales",1,0,2016,9.778363585,19.75179233,1.078072434,303
26,Non-Hodgkin lymphoma,8261,"UK, Wales",1,0,2017,11.99801908,23.76314764,1.315412686,366
26,Non-Hodgkin lymphoma,8261,"UK, Wales",2,0,2003,8.3029887,16.47569636,0.9481768556,249
26,Non-Hodgkin lymphoma,8261,"UK, Wales",2,0,2004,7.405956376,15.9332017,0.8199655234,242
26,Non-Hodgkin lymphoma,8261,"UK, Wales",2,0,2005,8.800054396,17.2192377,0.967413567,262
26,Non-Hodgkin lymphoma,8261,"UK, Wales",2,0,2006,9.278390587,19.54238148,1.132668964,299
26,Non-Hodgkin lymphoma,8261,"UK, Wales",2,0,2007,8.435189532,17.23281336,1.026323924,265
26,Non-Hodgkin lymphoma,8261,"UK, Wales",2,0,2008,9.275257112,18.42904366,1.058561247,285
26,Non-Hodgkin lymphoma,8261,"UK, Wales",2,0,2009,8.430519685,17.21443382,0.9199523782,267
26,Non-Hodgkin lymphoma,8261,"UK, Wales",2,0,2010,8.234004802,18.0124775,0.9781857131,280
26,Non-Hodgkin lymphoma,8261,"UK, Wales",2,0,2011,8.596335384,18.98308389,0.9990055788,296
26,Non-Hodgkin lymphoma,8261,"UK, Wales",2,0,2012,8.03411018,17.0062482,0.8728013835,266
26,Non-Hodgkin lymphoma,8261,"UK, Wales",2,0,2013,8.781467327,19.2064115,1.087924336,301
26,Non-Hodgkin lymphoma,8261,"UK, Wales",2,0,2014,7.820065394,17.06222811,0.9346985854,268
26,Non-Hodgkin lymphoma,8261,"UK, Wales",2,0,2015,9.223129082,18.74771612,1.08016409,295
26,Non-Hodgkin lymphoma,8261,"UK, Wales",2,0,2016,7.69002414,16.59160338,0.9009366737,262
26,Non-Hodgkin lymphoma,8261,"UK, Wales",2,0,2017,7.124537664,15.52084746,0.8680925475,246
26,Non-Hodgkin lymphoma,8262,"UK, Scotland",1,0,1978,6.862611641,8.619179398,0.7203980623,215
26,Non-Hodgkin lymphoma,8262,"UK, Scotland",1,0,1979,6.521596661,8.435560951,0.6956993993,210
26,Non-Hodgkin lymphoma,8262,"UK, Scotland",1,0,1980,7.051063781,9.232605207,0.7381295285,229
26,Non-Hodgkin lymphoma,8262,"UK, Scotland",1,0,1981,6.284468656,8.176811524,0.6407432625,204
26,Non-Hodgkin lymphoma,8262,"UK, Scotland",1,0,1982,6.580219328,8.885011468,0.7419603139,221
26,Non-Hodgkin lymphoma,8262,"UK, Scotland",1,0,1983,7.781762864,10.20541936,0.8137108877,253
26,Non-Hodgkin lymphoma,8262,"UK, Scotland",1,0,1984,8.219004957,11.03198346,0.9781273904,273
26,Non-Hodgkin lymphoma,8262,"UK, Scotland",1,0,1985,8.397846265,11.25727572,0.90973324,278
26,Non-Hodgkin lymphoma,8262,"UK, Scotland",1,0,1986,8.560267926,11.4120434,0.9516219174,281
26,Non-Hodgkin lymphoma,8262,"UK, Scotland",1,0,1987,10.14187175,13.39902248,1.128368768,329
26,Non-Hodgkin lymphoma,8262,"UK, Scotland",1,0,1988,8.299697216,11.61877807,0.8949473403,284
26,Non-Hodgkin lymphoma,8262,"UK, Scotland",1,0,1989,9.059185812,12.40194584,1.034278312,303
26,Non-Hodgkin lymphoma,8262,"UK, Scotland",1,0,1990,10.45393949,13.91238878,1.103043988,340
26,Non-Hodgkin lymphoma,8262,"UK, Scotland",1,0,1991,8.746054254,12.39509678,0.9362884398,303
26,Non-Hodgkin lymphoma,8262,"UK, Scotland",1,0,1992,10.05436192,14.59960283,1.076214783,357
26,Non-Hodgkin lymphoma,8262,"UK, Scotland",1,0,1993,11.14551478,15.43853401,1.186480811,378
26,Non-Hodgkin lymphoma,8262,"UK, Scotland",1,0,1994,9.749467388,13.73636452,0.9986419639,337
26,Non-Hodgkin lymphoma,8262,"UK, Scotland",1,0,1995,11.66240229,16.54878038,1.306282658,406
26,Non-Hodgkin lymphoma,8262,"UK, Scotland",1,0,1996,11.50189555,17.00026972,1.271701551,416
26,Non-Hodgkin lymphoma,8262,"UK, Scotland",1,0,1997,10.50506181,15.72274254,1.12901274,384
26,Non-Hodgkin lymphoma,8262,"UK, Scotland",1,0,1998,11.11267742,16.64622789,1.228594592,406
26,Non-Hodgkin lymphoma,8262,"UK, Scotland",1,0,1999,10.08776894,15.39070853,1.085548921,375
26,Non-Hodgkin lymphoma,8262,"UK, Scotland",1,0,2000,10.26148585,15.50211643,1.113251263,377
26,Non-Hodgkin lymphoma,8262,"UK, Scotland",1,0,2001,10.93956384,17.09308293,1.255338395,416
26,Non-Hodgkin lymphoma,8262,"UK, Scotland",1,0,2002,10.2745312,16.05325575,1.142579483,391
26,Non-Hodgkin lymphoma,8262,"UK, Scotland",1,0,2003,11.14630431,18.25188005,1.266363225,445
26,Non-Hodgkin lymphoma,8262,"UK, Scotland",1,0,2004,11.6388333,18.51546818,1.297076971,453
26,Non-Hodgkin lymphoma,8262,"UK, Scotland",1,0,2005,11.84539087,19.21762724,1.310865179,473
26,Non-Hodgkin lymphoma,8262,"UK, Scotland",1,0,2006,10.5860417,17.93853144,1.193511203,444
26,Non-Hodgkin lymphoma,8262,"UK, Scotland",1,0,2007,11.14713844,18.58558864,1.18413237,464
26,Non-Hodgkin lymphoma,8262,"UK, Scotland",1,0,2008,11.04770603,18.7651274,1.243882256,472
26,Non-Hodgkin lymphoma,8262,"UK, Scotland",1,0,2009,11.69065736,19.54999467,1.284291474,495
26,Non-Hodgkin lymphoma,8262,"UK, Scotland",1,0,2010,11.00260522,19.46455979,1.257556573,496
26,Non-Hodgkin lymphoma,8262,"UK, Scotland",1,0,2011,11.22286388,19.80313582,1.231400783,509
26,Non-Hodgkin lymphoma,8262,"UK, Scotland",1,0,2012,12.05803522,21.22507896,1.283342032,547
26,Non-Hodgkin lymphoma,8262,"UK, Scotland",1,0,2013,11.95054529,21.26399364,1.289230476,550
26,Non-Hodgkin lymphoma,8262,"UK, Scotland",1,0,2014,12.58290165,22.99222424,1.49788067,597
26,Non-Hodgkin lymphoma,8262,"UK, Scotland",1,0,2015,11.60715824,21.10731826,1.31213448,551
26,Non-Hodgkin lymphoma,8262,"UK, Scotland",1,0,2016,12.82783781,23.21595827,1.431019597,610
26,Non-Hodgkin lymphoma,8262,"UK, Scotland",1,0,2017,11.69084838,22.23232208,1.29249125,587
26,Non-Hodgkin lymphoma,8262,"UK, Scotland",1,1,1956,0.682406883,0.7768736967,0.06901824233,19
26,Non-Hodgkin lymphoma,8262,"UK, Scotland",1,1,1957,0.5762463804,0.6944160778,0.05458819564,17
26,Non-Hodgkin lymphoma,8262,"UK, Scotland",1,1,1958,0.5151035129,0.5693371289,0.04690761141,14
26,Non-Hodgkin lymphoma,8262,"UK, Scotland",1,1,1959,0.6391056602,0.6875353879,0.06741084645,17
26,Non-Hodgkin lymphoma,8262,"UK, Scotland",1,1,1960,0.5240749897,0.6044243865,0.05108862126,15
26,Non-Hodgkin lymphoma,8262,"UK, Scotland",1,1,1961,0.5529532809,0.6035245836,0.05740726698,15
26,Non-Hodgkin lymphoma,8262,"UK, Scotland",1,1,1962,0.4976922279,0.5611672278,0.06019594919,14
26,Non-Hodgkin lymphoma,8262,"UK, Scotland",1,1,1963,0.609115114,0.7200576046,0.06785778221,18
26,Non-Hodgkin lymphoma,8262,"UK, Scotland",1,1,1964,0.5709268588,0.6797009316,0.06386919045,17
26,Non-Hodgkin lymphoma,8262,"UK, Scotland",1,1,1965,0.8233526536,0.9595777858,0.09077126187,24
26,Non-Hodgkin lymphoma,8262,"UK, Scotland",1,1,1966,0.7761296258,0.8813043304,0.0757801052,22
26,Non-Hodgkin lymphoma,8262,"UK, Scotland",1,1,1967,0.76305928,0.9614614214,0.09273458744,24
26,Non-Hodgkin lymphoma,8262,"UK, Scotland",1,1,1968,0.9904002996,1.201105017,0.09908042701,30
26,Non-Hodgkin lymphoma,8262,"UK, Scotland",1,1,1969,0.7759479921,0.9589260029,0.07528683229,24
26,Non-Hodgkin lymphoma,8262,"UK, Scotland",1,1,1970,0.7826467093,0.9972475966,0.06040399352,25
26,Non-Hodgkin lymphoma,8262,"UK, Scotland",1,1,1971,0.7846490401,0.957281321,0.08356481116,24
26,Non-Hodgkin lymphoma,8262,"UK, Scotland",1,1,1972,0.6058958499,0.7590284436,0.07355425555,19
26,Non-Hodgkin lymphoma,8262,"UK, Scotland",1,1,1973,1.022208203,1.317733498,0.1211149873,33
26,Non-Hodgkin lymphoma,8262,"UK, Scotland",1,1,1974,0.7672752162,1.034825871,0.1131134414,26
26,Non-Hodgkin lymphoma,8262,"UK, Scotland",1,1,1975,1.132068765,1.517571885,0.1202583253,38
26,Non-Hodgkin lymphoma,8262,"UK, Scotland",1,1,1976,1.568359065,1.997203915,0.154864974,50
26,Non-Hodgkin lymphoma,8262,"UK, Scotland",1,1,1977,1.503731564,1.91946255,0.1649796544,48
26,Non-Hodgkin lymphoma,8262,"UK, Scotland",1,1,1978,2.747697244,3.567563234,0.3224436681,89
26,Non-Hodgkin lymphoma,8262,"UK, Scotland",1,1,1979,2.597979013,3.494677646,0.297406325,87
26,Non-Hodgkin lymphoma,8262,"UK, Scotland",1,1,1980,3.04043326,4.193041164,0.35139733,104
26,Non-Hodgkin lymphoma,8262,"UK, Scotland",1,1,1981,2.901224164,3.968158534,0.3078329239,99
26,Non-Hodgkin lymphoma,8262,"UK, Scotland",1,1,1982,2.629667452,3.618330462,0.3127281025,90
26,Non-Hodgkin lymphoma,8262,"UK, Scotland",1,1,1983,3.451448654,4.800177486,0.3916053109,119
26,Non-Hodgkin lymphoma,8262,"UK, Scotland",1,1,1984,4.346658332,6.142349764,0.4683795526,152
26,Non-Hodgkin lymphoma,8262,"UK, Scotland",1,1,1985,3.59303231,5.142712291,0.4013435375,127
26,Non-Hodgkin lymphoma,8262,"UK, Scotland",1,1,1986,4.047517632,5.685715574,0.4685811559,140
26,Non-Hodgkin lymphoma,8262,"UK, Scotland",1,1,1987,4.126763468,5.783164719,0.4617889455,142
26,Non-Hodgkin lymphoma,8262,"UK, Scotland",1,1,1988,4.533676928,6.463968083,0.4782813752,158
26,Non-Hodgkin lymphoma,8262,"UK, Scotland",1,1,1989,4.620476659,6.54888229,0.5204212719,160
26,Non-Hodgkin lymphoma,8262,"UK, Scotland",1,1,1990,5.136692605,7.365382294,0.5477362401,180
26,Non-Hodgkin lymphoma,8262,"UK, Scotland",1,1,1991,4.427533764,6.504357715,0.4705278249,159
26,Non-Hodgkin lymphoma,8262,"UK, Scotland",1,1,1992,4.67250859,7.402039528,0.4892544981,181
26,Non-Hodgkin lymphoma,8262,"UK, Scotland",1,1,1993,4.885225666,7.310840179,0.5195941518,179
26,Non-Hodgkin lymphoma,8262,"UK, Scotland",1,1,1994,4.749389975,7.173887701,0.5053578972,176
26,Non-Hodgkin lymphoma,8262,"UK, Scotland",1,1,1995,5.116981854,8.11134802,0.5388131193,199
26,Non-Hodgkin lymphoma,8262,"UK, Scotland",1,1,1996,6.040543063,9.235723451,0.7130247964,226
26,Non-Hodgkin lymphoma,8262,"UK, Scotland",1,1,1997,5.061112559,8.270817689,0.5481213587,202
26,Non-Hodgkin lymphoma,8262,"UK, Scotland",1,1,1998,4.485848931,7.380101034,0.4698006692,180
26,Non-Hodgkin lymphoma,8262,"UK, Scotland",1,1,1999,5.076210358,8.29046166,0.5532310677,202
26,Non-Hodgkin lymphoma,8262,"UK, Scotland",1,1,2000,4.557798041,7.93609674,0.4934218023,193
26,Non-Hodgkin lymphoma,8262,"UK, Scotland",1,1,2001,5.146372695,8.505452324,0.5534710284,207
26,Non-Hodgkin lymphoma,8262,"UK, Scotland",1,1,2002,4.690478182,8.293497857,0.5543683142,202
26,Non-Hodgkin lymphoma,8262,"UK, Scotland",1,1,2003,4.724559683,8.490200381,0.5048345765,207
26,Non-Hodgkin lymphoma,8262,"UK, Scotland",1,1,2004,4.015667632,7.357139675,0.4552099327,180
26,Non-Hodgkin lymphoma,8262,"UK, Scotland",1,1,2005,4.517357795,7.922700446,0.5191274372,195
26,Non-Hodgkin lymphoma,8262,"UK, Scotland",1,1,2006,4.479479553,8.242027959,0.5058345445,204
26,Non-Hodgkin lymphoma,8262,"UK, Scotland",1,1,2007,4.627562269,9.012408284,0.4731024977,225
26,Non-Hodgkin lymphoma,8262,"UK, Scotland",1,1,2008,3.975649193,7.712785413,0.4248365511,194
26,Non-Hodgkin lymphoma,8262,"UK, Scotland",1,1,2009,3.562860767,7.385553541,0.3741604637,187
26,Non-Hodgkin lymphoma,8262,"UK, Scotland",1,1,2010,3.964940058,7.966342009,0.4206304584,203
26,Non-Hodgkin lymphoma,8262,"UK, Scotland",1,1,2011,3.081437631,6.458390071,0.3232452219,166
26,Non-Hodgkin lymphoma,8262,"UK, Scotland",1,1,2012,4.178678711,8.187370496,0.4174902807,211
26,Non-Hodgkin lymphoma,8262,"UK, Scotland",1,1,2013,4.059078529,8.660244683,0.4364206204,224
26,Non-Hodgkin lymphoma,8262,"UK, Scotland",1,1,2014,3.360925887,7.124893608,0.3241886278,185
26,Non-Hodgkin lymphoma,8262,"UK, Scotland",1,1,2015,4.128710097,9.002213778,0.4517890888,235
26,Non-Hodgkin lymphoma,8262,"UK, Scotland",1,1,2016,3.563735787,8.715499088,0.3072438944,229
26,Non-Hodgkin lymphoma,8262,"UK, Scotland",1,1,2017,3.5514585,8.218763019,0.3489833362,217
26,Non-Hodgkin lymphoma,8262,"UK, Scotland",1,1,2018,3.884390059,8.758845207,0.3656672168,232
26,Non-Hodgkin lymphoma,8262,"UK, Scotland",1,1,2019,3.408506062,8.449108018,0.3126701846,225
26,Non-Hodgkin lymphoma,8262,"UK, Scotland",1,1,2020,3.772331599,9.200139842,0.3758315355,245
26,Non-Hodgkin lymphoma,8262,"UK, Scotland",2,0,1978,4.552021263,7.411647758,0.5378530533,199
26,Non-Hodgkin lymphoma,8262,"UK, Scotland",2,0,1979,5.571745353,9.07549806,0.6104749059,243
26,Non-Hodgkin lymphoma,8262,"UK, Scotland",2,0,1980,5.67486908,9.577397342,0.6034004847,256
26,Non-Hodgkin lymphoma,8262,"UK, Scotland",2,0,1981,6.233888474,9.942875018,0.6887830303,267
26,Non-Hodgkin lymphoma,8262,"UK, Scotland",2,0,1982,5.055664688,8.852515963,0.584736759,237
26,Non-Hodgkin lymphoma,8262,"UK, Scotland",2,0,1983,5.746480294,9.628912214,0.6339558201,257
26,Non-Hodgkin lymphoma,8262,"UK, Scotland",2,0,1984,6.698943487,11.18510714,0.7921328332,298
26,Non-Hodgkin lymphoma,8262,"UK, Scotland",2,0,1985,6.500667602,11.58602094,0.7708736179,308
26,Non-Hodgkin lymphoma,8262,"UK, Scotland",2,0,1986,6.463667348,12.1157267,0.7470868237,321
26,Non-Hodgkin lymphoma,8262,"UK, Scotland",2,0,1987,6.253542877,11.2724347,0.6951592573,298
26,Non-Hodgkin lymphoma,8262,"UK, Scotland",2,0,1988,6.778843313,12.45670062,0.779802158,328
26,Non-Hodgkin lymphoma,8262,"UK, Scotland",2,0,1989,7.519659227,13.32055673,0.8291471426,351
26,Non-Hodgkin lymphoma,8262,"UK, Scotland",2,0,1990,7.558317751,13.30853623,0.8639076561,351
26,Non-Hodgkin lymphoma,8262,"UK, Scotland",2,0,1991,7.236721584,13.64248725,0.8494662033,360
26,Non-Hodgkin lymphoma,8262,"UK, Scotland",2,0,1992,7.396976098,13.44519738,0.8468050095,355
26,Non-Hodgkin lymphoma,8262,"UK, Scotland",2,0,1993,7.88029037,14.90143307,0.8606024627,394
26,Non-Hodgkin lymphoma,8262,"UK, Scotland",2,0,1994,8.486564401,15.10079022,0.9934868347,400
26,Non-Hodgkin lymphoma,8262,"UK, Scotland",2,0,1995,8.33344656,14.33779931,0.9196149922,380
26,Non-Hodgkin lymphoma,8262,"UK, Scotland",2,0,1996,8.361909386,15.49994896,0.9465232303,410
26,Non-Hodgkin lymphoma,8262,"UK, Scotland",2,0,1997,7.936490814,15.63790932,0.8407610941,413
26,Non-Hodgkin lymphoma,8262,"UK, Scotland",2,0,1998,8.131884368,15.23836094,0.9573137513,402
26,Non-Hodgkin lymphoma,8262,"UK, Scotland",2,0,1999,8.447169414,15.74704553,0.9196538793,415
26,Non-Hodgkin lymphoma,8262,"UK, Scotland",2,0,2000,8.474191824,16.00143519,0.9248092225,421
26,Non-Hodgkin lymphoma,8262,"UK, Scotland",2,0,2001,6.848686477,12.92546152,0.8181564821,340
26,Non-Hodgkin lymphoma,8262,"UK, Scotland",2,0,2002,8.490512091,15.96741431,0.9656965756,420
26,Non-Hodgkin lymphoma,8262,"UK, Scotland",2,0,2003,7.898182045,14.94072183,0.8762528437,393
26,Non-Hodgkin lymphoma,8262,"UK, Scotland",2,0,2004,7.953912445,15.39221525,0.9444337666,406
26,Non-Hodgkin lymphoma,8262,"UK, Scotland",2,0,2005,8.352479646,16.61055571,0.9352032424,440
26,Non-Hodgkin lymphoma,8262,"UK, Scotland",2,0,2006,8.190743699,16.44105056,0.9375574851,437
26,Non-Hodgkin lymphoma,8262,"UK, Scotland",2,0,2007,9.161605326,17.87957248,1.063400085,478
26,Non-Hodgkin lymphoma,8262,"UK, Scotland",2,0,2008,8.508453093,15.96222051,0.9667519442,429
26,Non-Hodgkin lymphoma,8262,"UK, Scotland",2,0,2009,8.826280385,17.88935269,0.984056373,483
26,Non-Hodgkin lymphoma,8262,"UK, Scotland",2,0,2010,8.807170364,17.61251653,1.046878267,478
26,Non-Hodgkin lymphoma,8262,"UK, Scotland",2,0,2011,8.309886058,17.18200469,0.953473309,469
26,Non-Hodgkin lymphoma,8262,"UK, Scotland",2,0,2012,9.228074802,19.22191444,1.029408551,526
26,Non-Hodgkin lymphoma,8262,"UK, Scotland",2,0,2013,9.095063644,18.38632291,1.08841539,504
26,Non-Hodgkin lymphoma,8262,"UK, Scotland",2,0,2014,8.586637199,18.429193,1.006386719,507
26,Non-Hodgkin lymphoma,8262,"UK, Scotland",2,0,2015,9.197918958,19.14910638,1.057990406,529
26,Non-Hodgkin lymphoma,8262,"UK, Scotland",2,0,2016,8.015783022,17.28361366,0.9345483402,480
26,Non-Hodgkin lymphoma,8262,"UK, Scotland",2,0,2017,8.358804979,18.45932843,0.9431507232,514
26,Non-Hodgkin lymphoma,8262,"UK, Scotland",2,1,1956,0.4079280031,0.5235602094,0.0484005487,14
26,Non-Hodgkin lymphoma,8262,"UK, Scotland",2,1,1957,0.4255504549,0.5230125523,0.04548817138,14
26,Non-Hodgkin lymphoma,8262,"UK, Scotland",2,1,1958,0.4061599468,0.5593466831,0.05195433894,15
26,Non-Hodgkin lymphoma,8262,"UK, Scotland",2,1,1959,0.3338792868,0.4460800714,0.04364110261,12
26,Non-Hodgkin lymphoma,8262,"UK, Scotland",2,1,1960,0.5332331709,0.7048785012,0.0528666767,19
26,Non-Hodgkin lymphoma,8262,"UK, Scotland",2,1,1961,0.5638277886,0.7040426872,0.0577769875,19
26,Non-Hodgkin lymphoma,8262,"UK, Scotland",2,1,1962,0.6523301551,0.8879351807,0.07986402472,24
26,Non-Hodgkin lymphoma,8262,"UK, Scotland",2,1,1963,0.5768039376,0.7761966365,0.05770972776,21
26,Non-Hodgkin lymphoma,8262,"UK, Scotland",2,1,1964,0.3618064444,0.6648690577,0.04730799004,18
26,Non-Hodgkin lymphoma,8262,"UK, Scotland",2,1,1965,0.5509700226,0.7383343178,0.05649206934,20
26,Non-Hodgkin lymphoma,8262,"UK, Scotland",2,1,1966,0.6858558814,0.887475502,0.06549212045,24
26,Non-Hodgkin lymphoma,8262,"UK, Scotland",2,1,1967,0.6185218224,0.9622857989,0.08731714501,26
26,Non-Hodgkin lymphoma,8262,"UK, Scotland",2,1,1968,0.7636171421,1.221136767,0.07066445237,33
26,Non-Hodgkin lymphoma,8262,"UK, Scotland",2,1,1969,0.6568244878,1.071850976,0.06507413435,29
26,Non-Hodgkin lymphoma,8262,"UK, Scotland",2,1,1970,0.5102201468,0.7388252678,0.06483625683,20
26,Non-Hodgkin lymphoma,8262,"UK, Scotland",2,1,1971,0.4496653424,0.8117781632,0.03609124476,22
26,Non-Hodgkin lymphoma,8262,"UK, Scotland",2,1,1972,0.5453575525,0.849649058,0.04504746033,23
26,Non-Hodgkin lymphoma,8262,"UK, Scotland",2,1,1973,0.462662703,0.7755946225,0.0650857231,21
26,Non-Hodgkin lymphoma,8262,"UK, Scotland",2,1,1974,0.748964824,1.252855774,0.08450406593,34
26,Non-Hodgkin lymphoma,8262,"UK, Scotland",2,1,1975,0.6077379412,1.110165415,0.06078029624,30
26,Non-Hodgkin lymphoma,8262,"UK, Scotland",2,1,1976,1.067223541,2.109860823,0.1069512859,57
26,Non-Hodgkin lymphoma,8262,"UK, Scotland",2,1,1977,1.222064663,2.338009352,0.1328030218,63
26,Non-Hodgkin lymphoma,8262,"UK, Scotland",2,1,1978,1.541397506,2.644221817,0.1822906044,71
26,Non-Hodgkin lymphoma,8262,"UK, Scotland",2,1,1979,2.098433505,3.548218421,0.2119047819,95
26,Non-Hodgkin lymphoma,8262,"UK, Scotland",2,1,1980,2.006930294,3.853204145,0.2309206261,103
26,Non-Hodgkin lymphoma,8262,"UK, Scotland",2,1,1981,2.084728517,3.947358621,0.237668247,106
26,Non-Hodgkin lymphoma,8262,"UK, Scotland",2,1,1982,2.125711065,3.697886415,0.2238023607,99
26,Non-Hodgkin lymphoma,8262,"UK, Scotland",2,1,1983,2.711191281,5.17038866,0.3499328263,138
26,Non-Hodgkin lymphoma,8262,"UK, Scotland",2,1,1984,2.335696612,4.579137823,0.2649178618,122
26,Non-Hodgkin lymphoma,8262,"UK, Scotland",2,1,1985,2.812681449,5.567308763,0.3213505038,148
26,Non-Hodgkin lymphoma,8262,"UK, Scotland",2,1,1986,2.911462491,5.96350411,0.3626513791,158
26,Non-Hodgkin lymphoma,8262,"UK, Scotland",2,1,1987,3.049758833,6.317102667,0.3426616636,167
26,Non-Hodgkin lymphoma,8262,"UK, Scotland",2,1,1988,3.310233946,6.722061007,0.3929211395,177
26,Non-Hodgkin lymphoma,8262,"UK, Scotland",2,1,1989,3.204260409,6.489501997,0.3502023805,171
26,Non-Hodgkin lymphoma,8262,"UK, Scotland",2,1,1990,3.286372061,6.90072249,0.3517866781,182
26,Non-Hodgkin lymphoma,8262,"UK, Scotland",2,1,1991,3.509535915,7.12441001,0.4138869591,188
26,Non-Hodgkin lymphoma,8262,"UK, Scotland",2,1,1992,3.651859829,7.574759085,0.4100048222,200
26,Non-Hodgkin lymphoma,8262,"UK, Scotland",2,1,1993,3.662363033,8.055850874,0.431959369,213
26,Non-Hodgkin lymphoma,8262,"UK, Scotland",2,1,1994,3.438923121,7.701403014,0.3883987339,204
26,Non-Hodgkin lymphoma,8262,"UK, Scotland",2,1,1995,3.684041102,7.357554907,0.398912275,195
26,Non-Hodgkin lymphoma,8262,"UK, Scotland",2,1,1996,3.481117546,7.93899825,0.3855470613,210
26,Non-Hodgkin lymphoma,8262,"UK, Scotland",2,1,1997,3.696014296,8.178664439,0.391447116,216
26,Non-Hodgkin lymphoma,8262,"UK, Scotland",2,1,1998,3.59686436,8.339401511,0.3708675467,220
26,Non-Hodgkin lymphoma,8262,"UK, Scotland",2,1,1999,3.751396264,8.27194199,0.4274227072,218
26,Non-Hodgkin lymphoma,8262,"UK, Scotland",2,1,2000,3.675477475,8.779884866,0.3987043065,231
26,Non-Hodgkin lymphoma,8262,"UK, Scotland",2,1,2001,3.653108507,8.401549991,0.410402689,221
26,Non-Hodgkin lymphoma,8262,"UK, Scotland",2,1,2002,3.316058496,8.28784838,0.3603285712,218
26,Non-Hodgkin lymphoma,8262,"UK, Scotland",2,1,2003,3.660930499,8.021608922,0.403055411,211
26,Non-Hodgkin lymphoma,8262,"UK, Scotland",2,1,2004,3.085510935,7.354900885,0.3702262023,194
26,Non-Hodgkin lymphoma,8262,"UK, Scotland",2,1,2005,3.185018985,7.89001396,0.3516196735,209
26,Non-Hodgkin lymphoma,8262,"UK, Scotland",2,1,2006,2.95899942,7.41164064,0.3279402163,197
26,Non-Hodgkin lymphoma,8262,"UK, Scotland",2,1,2007,3.421428527,7.967257191,0.3696276057,213
26,Non-Hodgkin lymphoma,8262,"UK, Scotland",2,1,2008,2.21349624,6.064899635,0.2428280594,163
26,Non-Hodgkin lymphoma,8262,"UK, Scotland",2,1,2009,2.312908645,6.555725519,0.226469244,177
26,Non-Hodgkin lymphoma,8262,"UK, Scotland",2,1,2010,2.681037823,7.185022434,0.2768928,195
26,Non-Hodgkin lymphoma,8262,"UK, Scotland",2,1,2011,2.967808309,7.693434936,0.3027637936,210
26,Non-Hodgkin lymphoma,8262,"UK, Scotland",2,1,2012,2.699359978,7.85686617,0.2826665767,215
26,Non-Hodgkin lymphoma,8262,"UK, Scotland",2,1,2013,2.545621465,7.077275089,0.2650150435,194
26,Non-Hodgkin lymphoma,8262,"UK, Scotland",2,1,2014,2.418880056,7.197199635,0.2504028621,198
26,Non-Hodgkin lymphoma,8262,"UK, Scotland",2,1,2015,2.715104745,7.456929895,0.3089867946,206
26,Non-Hodgkin lymphoma,8262,"UK, Scotland",2,1,2016,2.361433751,6.805422878,0.2544716542,189
26,Non-Hodgkin lymphoma,8262,"UK, Scotland",2,1,2017,2.384875458,7.505835877,0.2273343043,209
26,Non-Hodgkin lymphoma,8262,"UK, Scotland",2,1,2018,2.308284951,7.24183313,0.2204785536,202
26,Non-Hodgkin lymphoma,8262,"UK, Scotland",2,1,2019,2.227329518,6.999257579,0.2009524864,196
26,Non-Hodgkin lymphoma,8262,"UK, Scotland",2,1,2020,2.064124141,6.535021107,0.206743461,183
26,Non-Hodgkin lymphoma,8263,"UK, Northern Ireland",1,0,1993,13.37891828,16.66224011,1.403133009,133
26,Non-Hodgkin lymphoma,8263,"UK, Northern Ireland",1,0,1994,10.59896253,13.09315091,1.123305403,105
26,Non-Hodgkin lymphoma,8263,"UK, Northern Ireland",1,0,1995,11.54911372,14.42760947,1.252705165,116
26,Non-Hodgkin lymphoma,8263,"UK, Northern Ireland",1,0,1996,11.8364392,15.30208664,1.380069776,124
26,Non-Hodgkin lymphoma,8263,"UK, Northern Ireland",1,0,1997,11.39244066,14.95979861,1.220697305,122
26,Non-Hodgkin lymphoma,8263,"UK, Northern Ireland",1,0,1998,11.30045735,14.04719123,1.328966575,115
26,Non-Hodgkin lymphoma,8263,"UK, Northern Ireland",1,0,1999,10.40489556,13.31707591,1.132315687,109
26,Non-Hodgkin lymphoma,8263,"UK, Northern Ireland",1,0,2000,12.45984813,16.45382326,1.375402743,135
26,Non-Hodgkin lymphoma,8263,"UK, Northern Ireland",1,0,2001,10.68038532,14.31564542,1.239466098,118
26,Non-Hodgkin lymphoma,8263,"UK, Northern Ireland",1,0,2002,11.64215975,15.68180886,1.309868227,130
26,Non-Hodgkin lymphoma,8263,"UK, Northern Ireland",1,0,2003,12.22198792,16.80462463,1.442371644,140
26,Non-Hodgkin lymphoma,8263,"UK, Northern Ireland",1,0,2004,10.7798647,15.98566539,1.289912726,134
26,Non-Hodgkin lymphoma,8263,"UK, Northern Ireland",1,0,2005,9.742423456,13.84122342,1.181165387,117
26,Non-Hodgkin lymphoma,8263,"UK, Northern Ireland",1,0,2006,11.1383516,15.94167223,1.239353662,136
26,Non-Hodgkin lymphoma,8263,"UK, Northern Ireland",1,0,2007,10.81067727,15.19270379,1.220544608,131
26,Non-Hodgkin lymphoma,8263,"UK, Northern Ireland",1,0,2008,11.64044849,16.76238063,1.320290342,146
26,Non-Hodgkin lymphoma,8263,"UK, Northern Ireland",1,0,2009,10.63123248,15.70748564,1.180539573,138
26,Non-Hodgkin lymphoma,8263,"UK, Northern Ireland",1,0,2010,10.70661477,17.29722397,1.194802924,153
26,Non-Hodgkin lymphoma,8263,"UK, Northern Ireland",1,0,2011,12.51354312,20.80236405,1.355169038,185
26,Non-Hodgkin lymphoma,8263,"UK, Northern Ireland",1,0,2012,12.58137602,20.23368226,1.447805757,181
26,Non-Hodgkin lymphoma,8263,"UK, Northern Ireland",1,0,2013,11.57216513,19.06046403,1.257170494,171
26,Non-Hodgkin lymphoma,8263,"UK, Northern Ireland",1,0,2014,11.53736312,19.71838163,1.248667904,178
26,Non-Hodgkin lymphoma,8263,"UK, Northern Ireland",1,0,2015,11.15315636,19.57917963,1.323707528,178
26,Non-Hodgkin lymphoma,8263,"UK, Northern Ireland",1,0,2016,12.73320467,21.08798717,1.471340633,193
26,Non-Hodgkin lymphoma,8263,"UK, Northern Ireland",1,0,2017,12.55018959,21.7332719,1.375557685,200
26,Non-Hodgkin lymphoma,8263,"UK, Northern Ireland",1,1,1956,0.7984267309,0.8811866647,0.1017719507,6
26,Non-Hodgkin lymphoma,8263,"UK, Northern Ireland",1,1,1957,0.1685393258,0.1467782181,0.00702222534,1
26,Non-Hodgkin lymphoma,8263,"UK, Northern Ireland",1,1,1958,0.5203917653,0.5851375073,0.07692993351,4
26,Non-Hodgkin lymphoma,8263,"UK, Northern Ireland",1,1,1959,0.2325581395,0.2916727432,0.02906554259,2
26,Non-Hodgkin lymphoma,8263,"UK, Northern Ireland",1,1,1960,0.312588977,0.2890591126,0.01933580241,2
26,Non-Hodgkin lymphoma,8263,"UK, Northern Ireland",1,1,1961,0.1149425287,0.1437401179,0.01436678397,1
26,Non-Hodgkin lymphoma,8263,"UK, Northern Ireland",1,1,1962,0.3869314754,0.4288777698,0.04991902348,3
26,Non-Hodgkin lymphoma,8263,"UK, Northern Ireland",1,1,1963,1.067385592,1.276595745,0.1248014934,9
26,Non-Hodgkin lymphoma,8263,"UK, Northern Ireland",1,1,1964,0.3921220879,0.4219409283,0.0497227016,3
26,Non-Hodgkin lymphoma,8263,"UK, Northern Ireland",1,1,1965,0.2418414918,0.2792126204,0.04442486117,2
26,Non-Hodgkin lymphoma,8263,"UK, Northern Ireland",1,1,1966,0.3550209586,0.4166088043,0.07259984095,3
26,Non-Hodgkin lymphoma,8263,"UK, Northern Ireland",1,1,1967,1.287948034,1.375515818,0.1251040011,10
26,Non-Hodgkin lymphoma,8263,"UK, Northern Ireland",1,1,1968,0.4619971652,0.546000546,0.04094130395,4
26,Non-Hodgkin lymphoma,8263,"UK, Northern Ireland",1,1,1969,1.206399058,1.355380862,0.0928669854,10
26,Non-Hodgkin lymphoma,8263,"UK, Northern Ireland",1,1,1970,0.6247004468,0.8053691275,0.05241315045,6
26,Non-Hodgkin lymphoma,8263,"UK, Northern Ireland",1,1,1971,0.968802559,1.059602649,0.09489911512,8
26,Non-Hodgkin lymphoma,8263,"UK, Northern Ireland",1,1,1972,0.7050684109,0.7845188285,0.05961376102,6
26,Non-Hodgkin lymphoma,8263,"UK, Northern Ireland",1,1,1973,0.6859612539,0.7835967089,0.07576286545,6
26,Non-Hodgkin lymphoma,8263,"UK, Northern Ireland",1,1,1974,0.6254298815,0.7832898172,0.06700170135,6
26,Non-Hodgkin lymphoma,8263,"UK, Northern Ireland",1,1,1975,0.9733203312,1.051939513,0.1209105852,8
26,Non-Hodgkin lymphoma,8263,"UK, Northern Ireland",1,1,1976,1.613570496,1.706932773,0.1912445625,13
26,Non-Hodgkin lymphoma,8263,"UK, Northern Ireland",1,1,1977,1.064969187,1.313887794,0.161316821,10
26,Non-Hodgkin lymphoma,8263,"UK, Northern Ireland",1,1,1978,1.329182019,1.312508203,0.1238071805,10
26,Non-Hodgkin lymphoma,8263,"UK, Northern Ireland",1,1,1979,0.8778729976,0.9170706144,0.07551257266,7
26,Non-Hodgkin lymphoma,8263,"UK, Northern Ireland",1,1,1980,1.726758107,1.964122037,0.1831698745,15
26,Non-Hodgkin lymphoma,8263,"UK, Northern Ireland",1,1,1981,2.082061747,2.775574941,0.1716080662,21
26,Non-Hodgkin lymphoma,8263,"UK, Northern Ireland",1,1,1982,2.393184549,2.775208141,0.2885575544,21
26,Non-Hodgkin lymphoma,8263,"UK, Northern Ireland",1,1,1983,2.027340643,2.503623666,0.2188237948,19
26,Non-Hodgkin lymphoma,8263,"UK, Northern Ireland",1,1,1984,2.7604745,3.152502299,0.2991797027,24
26,Non-Hodgkin lymphoma,8263,"UK, Northern Ireland",1,1,1985,3.061492364,3.791345274,0.3632339083,29
26,Non-Hodgkin lymphoma,8263,"UK, Northern Ireland",1,1,1986,3.506194802,4.166124203,0.384998785,32
26,Non-Hodgkin lymphoma,8263,"UK, Northern Ireland",1,1,1987,4.129640186,4.917820629,0.4866880674,38
26,Non-Hodgkin lymphoma,8263,"UK, Northern Ireland",1,1,1988,3.862723173,4.780979455,0.4739325648,37
26,Non-Hodgkin lymphoma,8263,"UK, Northern Ireland",1,1,1989,4.043465612,5.026420931,0.4243817861,39
26,Non-Hodgkin lymphoma,8263,"UK, Northern Ireland",1,1,1990,4.930515111,6.298200514,0.6630178419,49
26,Non-Hodgkin lymphoma,8263,"UK, Northern Ireland",1,1,1991,4.2471593,5.490997318,0.3605085977,43
26,Non-Hodgkin lymphoma,8263,"UK, Northern Ireland",1,1,1992,4.758183396,6.430462741,0.5607677749,51
26,Non-Hodgkin lymphoma,8263,"UK, Northern Ireland",1,1,1993,5.68456243,7.24547158,0.5766952514,58
26,Non-Hodgkin lymphoma,8263,"UK, Northern Ireland",1,1,1994,5.767491902,7.823171489,0.6779321679,63
26,Non-Hodgkin lymphoma,8263,"UK, Northern Ireland",1,1,1995,5.037940506,6.801038704,0.5240813491,55
26,Non-Hodgkin lymphoma,8263,"UK, Northern Ireland",1,1,1996,4.829754565,6.370207032,0.6864157509,52
26,Non-Hodgkin lymphoma,8263,"UK, Northern Ireland",1,1,1997,5.4997719,7.172380258,0.7402070092,59
26,Non-Hodgkin lymphoma,8263,"UK, Northern Ireland",1,1,1998,5.333737893,7.372492144,0.551481725,61
26,Non-Hodgkin lymphoma,8263,"UK, Northern Ireland",1,1,1999,4.828419738,6.277160792,0.5532686698,52
26,Non-Hodgkin lymphoma,8263,"UK, Northern Ireland",1,1,2000,3.585289003,4.927606253,0.4040713079,41
26,Non-Hodgkin lymphoma,8263,"UK, Northern Ireland",1,1,2001,6.712481725,9.582389751,0.7256214102,79
26,Non-Hodgkin lymphoma,8263,"UK, Northern Ireland",1,1,2002,5.33901516,7.600837781,0.6252765737,63
26,Non-Hodgkin lymphoma,8263,"UK, Northern Ireland",1,1,2003,4.662876435,6.964264916,0.6098707074,58
26,Non-Hodgkin lymphoma,8263,"UK, Northern Ireland",1,1,2004,4.688213966,7.531461785,0.5610625962,63
26,Non-Hodgkin lymphoma,8263,"UK, Northern Ireland",1,1,2005,4.372875267,6.63302774,0.496547052,56
26,Non-Hodgkin lymphoma,8263,"UK, Northern Ireland",1,1,2006,2.74520166,5.155823033,0.2111629388,44
26,Non-Hodgkin lymphoma,8263,"UK, Northern Ireland",1,1,2007,2.882111763,4.75638051,0.3275454313,41
26,Non-Hodgkin lymphoma,8263,"UK, Northern Ireland",1,1,2008,3.811262148,5.97106788,0.4089036804,52
26,Non-Hodgkin lymphoma,8263,"UK, Northern Ireland",1,1,2009,3.48428794,5.690813547,0.4337435396,50
26,Non-Hodgkin lymphoma,8263,"UK, Northern Ireland",1,1,2010,4.469417526,7.575808972,0.5070371794,67
26,Non-Hodgkin lymphoma,8263,"UK, Northern Ireland",1,1,2011,4.528334506,8.545836041,0.4613611778,76
26,Non-Hodgkin lymphoma,8263,"UK, Northern Ireland",1,1,2012,4.409965119,8.048757585,0.4285403838,72
26,Non-Hodgkin lymphoma,8263,"UK, Northern Ireland",1,1,2013,2.530591798,5.350305692,0.2032708619,48
26,Non-Hodgkin lymphoma,8263,"UK, Northern Ireland",1,1,2014,3.885761346,7.422087468,0.3973600822,67
26,Non-Hodgkin lymphoma,8263,"UK, Northern Ireland",1,1,2015,4.320261156,8.469645122,0.4467833314,77
26,Non-Hodgkin lymphoma,8263,"UK, Northern Ireland",1,1,2016,3.795060794,6.88364348,0.4174315322,63
26,Non-Hodgkin lymphoma,8263,"UK, Northern Ireland",1,1,2017,3.313657685,7.063313368,0.3590784138,65
26,Non-Hodgkin lymphoma,8263,"UK, Northern Ireland",1,1,2018,2.671830551,6.208819735,0.2462374728,58
26,Non-Hodgkin lymphoma,8263,"UK, Northern Ireland",1,1,2019,2.895871252,6.6472467,0.3155431396,62
26,Non-Hodgkin lymphoma,8263,"UK, Northern Ireland",1,1,2020,3.640697018,8.670937906,0.3500938872,81
26,Non-Hodgkin lymphoma,8263,"UK, Northern Ireland",1,1,2021,3.128755986,7.472134276,0.3069250978,70
26,Non-Hodgkin lymphoma,8263,"UK, Northern Ireland",1,1,2022,3.496397599,7.979173294,0.3257129411,75
26,Non-Hodgkin lymphoma,8263,"UK, Northern Ireland",2,0,1993,8.390149235,12.42028328,0.9280484765,104
26,Non-Hodgkin lymphoma,8263,"UK, Northern Ireland",2,0,1994,8.974447717,13.66183513,1.079599826,115
26,Non-Hodgkin lymphoma,8263,"UK, Northern Ireland",2,0,1995,6.920745562,11.35937391,0.8821881482,96
26,Non-Hodgkin lymphoma,8263,"UK, Northern Ireland",2,0,1996,9.005409418,14.5641787,1.094086971,124
26,Non-Hodgkin lymphoma,8263,"UK, Northern Ireland",2,0,1997,8.50451696,13.90606047,1.052628629,119
26,Non-Hodgkin lymphoma,8263,"UK, Northern Ireland",2,0,1998,11.2951623,16.29612385,1.146872483,140
26,Non-Hodgkin lymphoma,8263,"UK, Northern Ireland",2,0,1999,9.340364001,15.68840731,1.106621098,135
26,Non-Hodgkin lymphoma,8263,"UK, Northern Ireland",2,0,2000,9.909210323,15.42089775,1.215762437,133
26,Non-Hodgkin lymphoma,8263,"UK, Northern Ireland",2,0,2001,9.380135419,15.96178425,1.068998613,138
26,Non-Hodgkin lymphoma,8263,"UK, Northern Ireland",2,0,2002,8.531511033,14.39183557,0.9698419667,125
26,Non-Hodgkin lymphoma,8263,"UK, Northern Ireland",2,0,2003,8.582241897,14.79663233,1.009896034,129
26,Non-Hodgkin lymphoma,8263,"UK, Northern Ireland",2,0,2004,9.11335072,16.44227904,1.001023356,144
26,Non-Hodgkin lymphoma,8263,"UK, Northern Ireland",2,0,2005,8.853773353,15.41195242,0.9526246263,136
26,Non-Hodgkin lymphoma,8263,"UK, Northern Ireland",2,0,2006,7.586377953,12.92130476,0.8402699574,115
26,Non-Hodgkin lymphoma,8263,"UK, Northern Ireland",2,0,2007,10.24135639,16.01019316,1.276906895,144
26,Non-Hodgkin lymphoma,8263,"UK, Northern Ireland",2,0,2008,7.983632754,14.09452582,0.9015762289,128
26,Non-Hodgkin lymphoma,8263,"UK, Northern Ireland",2,0,2009,8.6791364,14.32052393,1.07924157,131
26,Non-Hodgkin lymphoma,8263,"UK, Northern Ireland",2,0,2010,9.654542603,16.62504971,1.142645828,153
26,Non-Hodgkin lymphoma,8263,"UK, Northern Ireland",2,0,2011,9.961268597,17.94602355,1.230139704,166
26,Non-Hodgkin lymphoma,8263,"UK, Northern Ireland",2,0,2012,8.648447794,15.06857277,0.9812944892,140
26,Non-Hodgkin lymphoma,8263,"UK, Northern Ireland",2,0,2013,7.642127259,14.6904287,0.8699728797,137
26,Non-Hodgkin lymphoma,8263,"UK, Northern Ireland",2,0,2014,9.062451784,18.02114979,1.003804909,169
26,Non-Hodgkin lymphoma,8263,"UK, Northern Ireland",2,0,2015,7.720307117,15.70305106,0.8630904188,148
26,Non-Hodgkin lymphoma,8263,"UK, Northern Ireland",2,0,2016,8.422714386,16.1575797,1.013341319,153
26,Non-Hodgkin lymphoma,8263,"UK, Northern Ireland",2,0,2017,7.74480099,15.99013661,0.8723199661,152
26,Non-Hodgkin lymphoma,8263,"UK, Northern Ireland",2,1,1956,0.1047120419,0.1397233478,0.01308814866,1
26,Non-Hodgkin lymphoma,8263,"UK, Northern Ireland",2,1,1957,0.1253918495,0.139431121,0.01567275289,1
26,Non-Hodgkin lymphoma,8263,"UK, Northern Ireland",2,1,1958,0.2354750513,0.2782802282,0.01298616971,2
26,Non-Hodgkin lymphoma,8263,"UK, Northern Ireland",2,1,1959,0,0,0,0
26,Non-Hodgkin lymphoma,8263,"UK, Northern Ireland",2,1,1960,0.0495049505,0.1373815084,0,1
26,Non-Hodgkin lymphoma,8263,"UK, Northern Ireland",2,1,1961,0.266383892,0.4100041,0.03091048365,3
26,Non-Hodgkin lymphoma,8263,"UK, Northern Ireland",2,1,1962,0.560044284,0.5435521131,0.03899331345,4
26,Non-Hodgkin lymphoma,8263,"UK, Northern Ireland",2,1,1963,0.114416476,0.1349527665,0.01144099307,1
26,Non-Hodgkin lymphoma,8263,"UK, Northern Ireland",2,1,1964,0.6202686203,0.8032128514,0.08802594748,6
26,Non-Hodgkin lymphoma,8263,"UK, Northern Ireland",2,1,1965,0.6913741901,0.7971303308,0.06569671178,6
26,Non-Hodgkin lymphoma,8263,"UK, Northern Ireland",2,1,1966,0.4242987897,0.5277741127,0.0392115861,4
26,Non-Hodgkin lymphoma,8263,"UK, Northern Ireland",2,1,1967,1.36709941,1.701570681,0.1424048623,13
26,Non-Hodgkin lymphoma,8263,"UK, Northern Ireland",2,1,1968,0.7675986525,0.909799844,0.09462116022,7
26,Non-Hodgkin lymphoma,8263,"UK, Northern Ireland",2,1,1969,0.4467044545,0.6454111269,0.05723657709,5
26,Non-Hodgkin lymphoma,8263,"UK, Northern Ireland",2,1,1970,0.9649031465,1.412066752,0.1363191702,11
26,Non-Hodgkin lymphoma,8263,"UK, Northern Ireland",2,1,1971,0.5118858321,0.7702182285,0.07206007963,6
26,Non-Hodgkin lymphoma,8263,"UK, Northern Ireland",2,1,1972,0.08771929825,0.1274534795,0.01461881439,1
26,Non-Hodgkin lymphoma,8263,"UK, Northern Ireland",2,1,1973,0.3175266872,0.5119017149,0.04816512141,4
26,Non-Hodgkin lymphoma,8263,"UK, Northern Ireland",2,1,1974,0.3700577858,0.6402868485,0.02577664441,5
26,Non-Hodgkin lymphoma,8263,"UK, Northern Ireland",2,1,1975,0.1797051187,0.3862495172,0.01424399969,3
26,Non-Hodgkin lymphoma,8263,"UK, Northern Ireland",2,1,1976,0.9819149007,1.545396008,0.1448269553,12
26,Non-Hodgkin lymphoma,8263,"UK, Northern Ireland",2,1,1977,0.594075211,0.9017132552,0.06937640311,7
26,Non-Hodgkin lymphoma,8263,"UK, Northern Ireland",2,1,1978,1.362805589,2.059467113,0.1365954507,16
26,Non-Hodgkin lymphoma,8263,"UK, Northern Ireland",2,1,1979,1.155114321,1.41025641,0.130996703,11
26,Non-Hodgkin lymphoma,8263,"UK, Northern Ireland",2,1,1980,1.526757104,2.552322614,0.1210817107,20
26,Non-Hodgkin lymphoma,8263,"UK, Northern Ireland",2,1,1981,1.551580909,2.543558438,0.1936463717,20
26,Non-Hodgkin lymphoma,8263,"UK, Northern Ireland",2,1,1982,1.439603026,2.412085819,0.1794629213,19
26,Non-Hodgkin lymphoma,8263,"UK, Northern Ireland",2,1,1983,0.7829137665,1.516108654,0.06716466205,12
26,Non-Hodgkin lymphoma,8263,"UK, Northern Ireland",2,1,1984,2.129402576,3.267152551,0.2458638881,26
26,Non-Hodgkin lymphoma,8263,"UK, Northern Ireland",2,1,1985,1.840674907,2.998875422,0.2038403705,24
26,Non-Hodgkin lymphoma,8263,"UK, Northern Ireland",2,1,1986,1.254820758,2.359955285,0.1801036536,19
26,Non-Hodgkin lymphoma,8263,"UK, Northern Ireland",2,1,1987,2.964016255,4.572982326,0.3796942071,37
26,Non-Hodgkin lymphoma,8263,"UK, Northern Ireland",2,1,1988,2.877685827,4.682109414,0.3518931347,38
26,Non-Hodgkin lymphoma,8263,"UK, Northern Ireland",2,1,1989,2.528135393,4.298170208,0.3114277912,35
26,Non-Hodgkin lymphoma,8263,"UK, Northern Ireland",2,1,1990,2.623792945,4.159021407,0.3133388755,34
26,Non-Hodgkin lymphoma,8263,"UK, Northern Ireland",2,1,1991,2.825630568,5.097706032,0.307683686,42
26,Non-Hodgkin lymphoma,8263,"UK, Northern Ireland",2,1,1992,3.752762191,6.254510464,0.4245293531,52
26,Non-Hodgkin lymphoma,8263,"UK, Northern Ireland",2,1,1993,2.487938122,4.774409167,0.2843951404,40
26,Non-Hodgkin lymphoma,8263,"UK, Northern Ireland",2,1,1994,2.51976811,4.867046534,0.319036802,41
26,Non-Hodgkin lymphoma,8263,"UK, Northern Ireland",2,1,1995,2.517413672,4.491725768,0.332532734,38
26,Non-Hodgkin lymphoma,8263,"UK, Northern Ireland",2,1,1996,3.85470905,7.152908068,0.5407623402,61
26,Non-Hodgkin lymphoma,8263,"UK, Northern Ireland",2,1,1997,4.087542088,6.763848397,0.4703748217,58
26,Non-Hodgkin lymphoma,8263,"UK, Northern Ireland",2,1,1998,4.571909007,8.011145942,0.5347373665,69
26,Non-Hodgkin lymphoma,8263,"UK, Northern Ireland",2,1,1999,4.539193499,7.763615295,0.5023654023,67
26,Non-Hodgkin lymphoma,8263,"UK, Northern Ireland",2,1,2000,3.264341873,5.775486065,0.4282446901,50
26,Non-Hodgkin lymphoma,8263,"UK, Northern Ireland",2,1,2001,3.963883075,7.746649863,0.4496015986,67
26,Non-Hodgkin lymphoma,8263,"UK, Northern Ireland",2,1,2002,3.856187151,7.375098671,0.4420296586,64
26,Non-Hodgkin lymphoma,8263,"UK, Northern Ireland",2,1,2003,3.701353991,7.932593648,0.3764853459,69
26,Non-Hodgkin lymphoma,8263,"UK, Northern Ireland",2,1,2004,2.466550823,5.493053005,0.3101422052,48
26,Non-Hodgkin lymphoma,8263,"UK, Northern Ireland",2,1,2005,3.052384725,7.044269827,0.3220197368,62
26,Non-Hodgkin lymphoma,8263,"UK, Northern Ireland",2,1,2006,3.081447003,6.980291934,0.3423982524,62
26,Non-Hodgkin lymphoma,8263,"UK, Northern Ireland",2,1,2007,2.35716479,4.904430484,0.2604359,44
26,Non-Hodgkin lymphoma,8263,"UK, Northern Ireland",2,1,2008,2.567925872,5.640738074,0.293756041,51
26,Non-Hodgkin lymphoma,8263,"UK, Northern Ireland",2,1,2009,2.094277007,4.723784916,0.263521732,43
26,Non-Hodgkin lymphoma,8263,"UK, Northern Ireland",2,1,2010,2.546149447,5.901652244,0.3074112059,54
26,Non-Hodgkin lymphoma,8263,"UK, Northern Ireland",2,1,2011,2.732490318,6.270297385,0.2797166711,58
26,Non-Hodgkin lymphoma,8263,"UK, Northern Ireland",2,1,2012,2.877155174,6.565592421,0.3061243081,61
26,Non-Hodgkin lymphoma,8263,"UK, Northern Ireland",2,1,2013,2.425610705,6.326534989,0.2504780749,59
26,Non-Hodgkin lymphoma,8263,"UK, Northern Ireland",2,1,2014,2.443409504,7.144479503,0.1756379608,67
26,Non-Hodgkin lymphoma,8263,"UK, Northern Ireland",2,1,2015,2.605299649,6.68440687,0.2606103964,63
26,Non-Hodgkin lymphoma,8263,"UK, Northern Ireland",2,1,2016,2.220393618,5.91388538,0.2281455144,56
26,Non-Hodgkin lymphoma,8263,"UK, Northern Ireland",2,1,2017,2.144064294,6.627490832,0.19437619,63
26,Non-Hodgkin lymphoma,8263,"UK, Northern Ireland",2,1,2018,2.213770189,6.55325036,0.2088203912,63
26,Non-Hodgkin lymphoma,8263,"UK, Northern Ireland",2,1,2019,2.130758442,5.203184349,0.2204206592,50
26,Non-Hodgkin lymphoma,8263,"UK, Northern Ireland",2,1,2020,2.638079049,7.073349595,0.2647409784,68
26,Non-Hodgkin lymphoma,8263,"UK, Northern Ireland",2,1,2021,1.90754883,5.683285973,0.2005444269,55
26,Non-Hodgkin lymphoma,8263,"UK, Northern Ireland",2,1,2022,2.457692672,6.593886643,0.2791272214,64
26,Non-Hodgkin lymphoma,8265,"UK, England and wales",1,1,1956,0.3123631736,0.3625040666,0.03177232488,78
26,Non-Hodgkin lymphoma,8265,"UK, England and wales",1,1,1957,0.3047273298,0.3603104213,0.02914446173,78
26,Non-Hodgkin lymphoma,8265,"UK, England and wales",1,1,1958,0.4282094319,0.5058866814,0.04879472005,110
26,Non-Hodgkin lymphoma,8265,"UK, England and wales",1,1,1959,0.2662455944,0.3198537811,0.02893555065,70
26,Non-Hodgkin lymphoma,8265,"UK, England and wales",1,1,1960,0.3536188743,0.4208716115,0.03444843831,93
26,Non-Hodgkin lymphoma,8265,"UK, England and wales",1,1,1961,0.3327661335,0.4115723405,0.03634101362,92
26,Non-Hodgkin lymphoma,8265,"UK, England and wales",1,1,1962,0.3453568547,0.4104184503,0.03262257416,93
26,Non-Hodgkin lymphoma,8265,"UK, England and wales",1,1,1963,0.3332400605,0.420425681,0.03674809495,96
26,Non-Hodgkin lymphoma,8265,"UK, England and wales",1,1,1964,0.4227658944,0.4990518016,0.03912213086,115
26,Non-Hodgkin lymphoma,8265,"UK, England and wales",1,1,1965,0.3649406218,0.4477547682,0.03828632254,104
26,Non-Hodgkin lymphoma,8265,"UK, England and wales",1,1,1966,0.4990985126,0.6052697099,0.05459246102,141
26,Non-Hodgkin lymphoma,8265,"UK, England and wales",1,1,1967,0.431966631,0.5199166429,0.04286907862,122
26,Non-Hodgkin lymphoma,8265,"UK, England and wales",1,1,1968,0.6477474722,0.8082979615,0.07244586635,191
26,Non-Hodgkin lymphoma,8265,"UK, England and wales",1,1,1969,0.4969523045,0.6483664534,0.05279644742,154
26,Non-Hodgkin lymphoma,8265,"UK, England and wales",1,1,1970,0.4642498854,0.600061265,0.04774408555,143
26,Non-Hodgkin lymphoma,8265,"UK, England and wales",1,1,1971,0.5457394948,0.7288138449,0.06089309114,173
26,Non-Hodgkin lymphoma,8265,"UK, England and wales",1,1,1972,0.611311417,0.7969564652,0.0623285987,190
26,Non-Hodgkin lymphoma,8265,"UK, England and wales",1,1,1973,0.6197921327,0.8320859014,0.07059570571,199
26,Non-Hodgkin lymphoma,8265,"UK, England and wales",1,1,1974,0.749423549,0.9899625318,0.07388260875,237
26,Non-Hodgkin lymphoma,8265,"UK, England and wales",1,1,1975,0.913387395,1.223070533,0.09831264858,293
26,Non-Hodgkin lymphoma,8265,"UK, England and wales",1,1,1976,1.14489462,1.537715823,0.1260244418,368
26,Non-Hodgkin lymphoma,8265,"UK, England and wales",1,1,1977,1.43039964,1.931228211,0.1609673368,462
26,Non-Hodgkin lymphoma,8265,"UK, England and wales",1,1,1978,1.96069268,2.655392747,0.2074326722,635
26,Non-Hodgkin lymphoma,8265,"UK, England and wales",1,1,1979,2.155122952,2.951970973,0.2234672406,707
26,Non-Hodgkin lymphoma,8265,"UK, England and wales",1,1,1980,2.538146844,3.598112138,0.2934666345,863
26,Non-Hodgkin lymphoma,8265,"UK, England and wales",1,1,1981,2.417788691,3.445173648,0.2701587279,831
26,Non-Hodgkin lymphoma,8265,"UK, England and wales",1,1,1982,2.957016407,4.23683186,0.3250425336,1023
26,Non-Hodgkin lymphoma,8265,"UK, England and wales",1,1,1983,3.331459649,4.781621367,0.3719687078,1156
26,Non-Hodgkin lymphoma,8265,"UK, England and wales",1,1,1984,3.598048714,5.201244009,0.4026361027,1261
26,Non-Hodgkin lymphoma,8265,"UK, England and wales",1,1,1985,3.677558975,5.528154542,0.4170057185,1345
26,Non-Hodgkin lymphoma,8265,"UK, England and wales",1,1,1986,3.962869433,5.970430592,0.4553481995,1457
26,Non-Hodgkin lymphoma,8265,"UK, England and wales",1,1,1987,4.301474838,6.565248279,0.4819771365,1608
26,Non-Hodgkin lymphoma,8265,"UK, England and wales",1,1,1988,4.641815201,7.084204787,0.5254287146,1741
26,Non-Hodgkin lymphoma,8265,"UK, England and wales",1,1,1989,4.631180128,7.150703923,0.5162553131,1764
26,Non-Hodgkin lymphoma,8265,"UK, England and wales",1,1,1990,4.848422155,7.510357025,0.5433210176,1860
26,Non-Hodgkin lymphoma,8265,"UK, England and wales",1,1,1991,4.747778972,7.405421841,0.5189976377,1851
26,Non-Hodgkin lymphoma,8265,"UK, England and wales",1,1,1992,4.862570323,7.57805154,0.5253392353,1902
26,Non-Hodgkin lymphoma,8265,"UK, England and wales",1,1,1993,4.968856239,7.845736237,0.560412263,1977
26,Non-Hodgkin lymphoma,8265,"UK, England and wales",1,1,1994,4.831345417,7.611565153,0.5322702533,1926
26,Non-Hodgkin lymphoma,8265,"UK, England and wales",1,1,1995,5.082574711,8.07608982,0.5710828562,2054
26,Non-Hodgkin lymphoma,8265,"UK, England and wales",1,1,1996,4.949778466,7.829588096,0.5516160873,2001
26,Non-Hodgkin lymphoma,8265,"UK, England and wales",1,1,1997,4.927085886,7.919111378,0.5550067529,2034
26,Non-Hodgkin lymphoma,8265,"UK, England and wales",1,1,1998,4.972036271,8.072325558,0.5608365234,2084
26,Non-Hodgkin lymphoma,8265,"UK, England and wales",1,1,1999,4.813610426,7.985499103,0.5331966153,2075
26,Non-Hodgkin lymphoma,8265,"UK, England and wales",1,1,2000,4.652044416,7.769026944,0.5218607383,2031
26,Non-Hodgkin lymphoma,8265,"UK, England and wales",1,1,2001,4.828933913,8.394829865,0.5266399412,2145
26,Non-Hodgkin lymphoma,8265,"UK, England and wales",1,1,2002,4.997827196,8.741927334,0.5694846653,2247
26,Non-Hodgkin lymphoma,8265,"UK, England and wales",1,1,2003,4.806058487,8.532824052,0.5391333842,2205
26,Non-Hodgkin lymphoma,8265,"UK, England and wales",1,1,2004,4.449321001,8.00490003,0.4949764418,2081
26,Non-Hodgkin lymphoma,8265,"UK, England and wales",1,1,2005,4.346489632,7.99720056,0.4647487955,2095
26,Non-Hodgkin lymphoma,8265,"UK, England and wales",1,1,2006,4.296107328,8.073214538,0.4556457286,2129
26,Non-Hodgkin lymphoma,8265,"UK, England and wales",1,1,2007,4.26052482,8.231549924,0.4581233348,2187
26,Non-Hodgkin lymphoma,8265,"UK, England and wales",1,1,2008,4.030493762,8.058172387,0.4263007543,2158
26,Non-Hodgkin lymphoma,8265,"UK, England and wales",1,1,2009,4.031821273,8.135621967,0.4175692254,2195
26,Non-Hodgkin lymphoma,8265,"UK, England and wales",1,1,2010,3.836156444,7.852053791,0.4030773622,2138
26,Non-Hodgkin lymphoma,8265,"UK, England and wales",1,1,2011,3.9746873,8.291396927,0.4137796292,2280
26,Non-Hodgkin lymphoma,8265,"UK, England and wales",1,1,2012,3.868620472,8.253307141,0.4093289665,2298
26,Non-Hodgkin lymphoma,8265,"UK, England and wales",1,1,2013,3.812984275,8.22483468,0.3888016651,2307
26,Non-Hodgkin lymphoma,8265,"UK, England and wales",1,1,2014,3.894626513,8.478676306,0.3899363116,2399
26,Non-Hodgkin lymphoma,8265,"UK, England and wales",1,1,2015,3.749821314,8.495930656,0.3747689193,2426
26,Non-Hodgkin lymphoma,8265,"UK, England and wales",1,1,2016,3.788944757,8.624947538,0.3895787733,2487
26,Non-Hodgkin lymphoma,8265,"UK, England and wales",1,1,2017,3.56489505,8.314596203,0.361698515,2413
26,Non-Hodgkin lymphoma,8265,"UK, England and wales",1,1,2018,3.594572564,8.687243522,0.3563292715,2538
26,Non-Hodgkin lymphoma,8265,"UK, England and wales",1,1,2019,3.519465439,8.48463962,0.3591758297,2493
26,Non-Hodgkin lymphoma,8265,"UK, England and wales",1,1,2020,3.482161847,8.620356456,0.3471768324,2547
26,Non-Hodgkin lymphoma,8265,"UK, England and wales",1,1,2021,3.27989335,8.341507908,0.3149424241,2436
26,Non-Hodgkin lymphoma,8265,"UK, England and wales",1,1,2022,3.340131704,8.454848922,0.3424095622,2496
26,Non-Hodgkin lymphoma,8265,"UK, England and wales",1,1,2023,3.499550181,8.952274823,0.3487505793,2671
26,Non-Hodgkin lymphoma,8265,"UK, England and wales",2,1,1956,0.1954601805,0.2678185745,0.02047749118,62
26,Non-Hodgkin lymphoma,8265,"UK, England and wales",2,1,1957,0.2605946401,0.3267552345,0.02305654339,76
26,Non-Hodgkin lymphoma,8265,"UK, England and wales",2,1,1958,0.2763906389,0.3723518083,0.02975137636,87
26,Non-Hodgkin lymphoma,8265,"UK, England and wales",2,1,1959,0.2160987623,0.3063699417,0.02529253432,72
26,Non-Hodgkin lymphoma,8265,"UK, England and wales",2,1,1960,0.2280826525,0.3378663738,0.02401724743,80
26,Non-Hodgkin lymphoma,8265,"UK, England and wales",2,1,1961,0.2600821952,0.3605582784,0.02535318561,86
26,Non-Hodgkin lymphoma,8265,"UK, England and wales",2,1,1962,0.2130614079,0.3284973533,0.02257361915,79
26,Non-Hodgkin lymphoma,8265,"UK, England and wales",2,1,1963,0.2335567669,0.3471978242,0.02167181776,84
26,Non-Hodgkin lymphoma,8265,"UK, England and wales",2,1,1964,0.3529910665,0.4967648701,0.03485258531,121
26,Non-Hodgkin lymphoma,8265,"UK, England and wales",2,1,1965,0.2939012057,0.4238704261,0.0284686997,104
26,Non-Hodgkin lymphoma,8265,"UK, England and wales",2,1,1966,0.3048976861,0.4698277433,0.0305866685,116
26,Non-Hodgkin lymphoma,8265,"UK, England and wales",2,1,1967,0.3358230652,0.5556562179,0.03826821716,138
26,Non-Hodgkin lymphoma,8265,"UK, England and wales",2,1,1968,0.325597352,0.5327863927,0.03421954749,133
26,Non-Hodgkin lymphoma,8265,"UK, England and wales",2,1,1969,0.3755722048,0.6221385614,0.04336986049,156
26,Non-Hodgkin lymphoma,8265,"UK, England and wales",2,1,1970,0.3117255994,0.492908478,0.03597376947,124
26,Non-Hodgkin lymphoma,8265,"UK, England and wales",2,1,1971,0.3805888022,0.6210883379,0.04086671681,156
26,Non-Hodgkin lymphoma,8265,"UK, England and wales",2,1,1972,0.4324409131,0.6905419564,0.04581245697,174
26,Non-Hodgkin lymphoma,8265,"UK, England and wales",2,1,1973,0.4444566574,0.7601311226,0.04778641185,192
26,Non-Hodgkin lymphoma,8265,"UK, England and wales",2,1,1974,0.401464372,0.7363158082,0.04739288934,186
26,Non-Hodgkin lymphoma,8265,"UK, England and wales",2,1,1975,0.6403081622,1.136935345,0.07307089668,287
26,Non-Hodgkin lymphoma,8265,"UK, England and wales",2,1,1976,0.6652339426,1.237564853,0.06989815412,312
26,Non-Hodgkin lymphoma,8265,"UK, England and wales",2,1,1977,0.888065395,1.563684421,0.1012524282,394
26,Non-Hodgkin lymphoma,8265,"UK, England and wales",2,1,1978,1.187580005,2.083027492,0.1313261528,525
26,Non-Hodgkin lymphoma,8265,"UK, England and wales",2,1,1979,1.343599161,2.482088126,0.1531142635,626
26,Non-Hodgkin lymphoma,8265,"UK, England and wales",2,1,1980,1.614188444,2.901878501,0.1728576418,733
26,Non-Hodgkin lymphoma,8265,"UK, England and wales",2,1,1981,1.721316185,3.219195829,0.1959412713,820
26,Non-Hodgkin lymphoma,8265,"UK, England and wales",2,1,1982,1.841412792,3.546544966,0.2131304275,903
26,Non-Hodgkin lymphoma,8265,"UK, England and wales",2,1,1983,2.075338887,3.90143576,0.2361974241,994
26,Non-Hodgkin lymphoma,8265,"UK, England and wales",2,1,1984,2.289195339,4.408410856,0.2622786812,1125
26,Non-Hodgkin lymphoma,8265,"UK, England and wales",2,1,1985,2.463653261,4.868423623,0.2735980973,1246
26,Non-Hodgkin lymphoma,8265,"UK, England and wales",2,1,1986,2.428934659,4.989911109,0.2792737439,1281
26,Non-Hodgkin lymphoma,8265,"UK, England and wales",2,1,1987,2.73711975,5.498986416,0.3177966177,1416
26,Non-Hodgkin lymphoma,8265,"UK, England and wales",2,1,1988,2.913447932,6.042436496,0.3332578194,1560
26,Non-Hodgkin lymphoma,8265,"UK, England and wales",2,1,1989,2.996594871,6.279640987,0.3464271768,1626
26,Non-Hodgkin lymphoma,8265,"UK, England and wales",2,1,1990,2.93298867,6.218934227,0.332786063,1614
26,Non-Hodgkin lymphoma,8265,"UK, England and wales",2,1,1991,3.172186557,6.69233274,0.358286668,1747
26,Non-Hodgkin lymphoma,8265,"UK, England and wales",2,1,1992,3.221326869,6.860644121,0.3629674234,1796
26,Non-Hodgkin lymphoma,8265,"UK, England and wales",2,1,1993,3.085322656,6.550842387,0.3507679197,1719
26,Non-Hodgkin lymphoma,8265,"UK, England and wales",2,1,1994,3.241056182,6.756268928,0.3723035871,1778
26,Non-Hodgkin lymphoma,8265,"UK, England and wales",2,1,1995,3.192431402,6.76845883,0.3595274428,1786
26,Non-Hodgkin lymphoma,8265,"UK, England and wales",2,1,1996,3.246816723,6.9519788,0.3620653999,1839
26,Non-Hodgkin lymphoma,8265,"UK, England and wales",2,1,1997,3.143588926,6.796925362,0.3599266417,1803
26,Non-Hodgkin lymphoma,8265,"UK, England and wales",2,1,1998,3.039481189,6.764069264,0.3382007667,1800
26,Non-Hodgkin lymphoma,8265,"UK, England and wales",2,1,1999,3.256393591,7.051034813,0.3678048342,1883
26,Non-Hodgkin lymphoma,8265,"UK, England and wales",2,1,2000,3.131550001,7.104208818,0.3491442024,1904
26,Non-Hodgkin lymphoma,8265,"UK, England and wales",2,1,2001,3.181469279,7.249712825,0.3608060116,1939
26,Non-Hodgkin lymphoma,8265,"UK, England and wales",2,1,2002,3.145139005,7.279942794,0.3538464893,1956
26,Non-Hodgkin lymphoma,8265,"UK, England and wales",2,1,2003,2.994333385,7.156126689,0.3265867022,1929
26,Non-Hodgkin lymphoma,8265,"UK, England and wales",2,1,2004,2.850994255,6.898324498,0.3094890296,1867
26,Non-Hodgkin lymphoma,8265,"UK, England and wales",2,1,2005,2.854984872,6.781153302,0.3158258439,1846
26,Non-Hodgkin lymphoma,8265,"UK, England and wales",2,1,2006,2.76162704,6.828065866,0.3080067424,1868
26,Non-Hodgkin lymphoma,8265,"UK, England and wales",2,1,2007,2.616615944,6.697329674,0.2731224193,1842
26,Non-Hodgkin lymphoma,8265,"UK, England and wales",2,1,2008,2.564314368,6.634275494,0.2769429784,1835
26,Non-Hodgkin lymphoma,8265,"UK, England and wales",2,1,2009,2.548442668,6.507612379,0.2759959635,1811
26,Non-Hodgkin lymphoma,8265,"UK, England and wales",2,1,2010,2.463315966,6.44725301,0.268963581,1806
26,Non-Hodgkin lymphoma,8265,"UK, England and wales",2,1,2011,2.54901611,6.763951767,0.2733973395,1908
26,Non-Hodgkin lymphoma,8265,"UK, England and wales",2,1,2012,2.422903211,6.503179247,0.2464293416,1868
26,Non-Hodgkin lymphoma,8265,"UK, England and wales",2,1,2013,2.299273701,6.46042378,0.2359476389,1867
26,Non-Hodgkin lymphoma,8265,"UK, England and wales",2,1,2014,2.42319216,6.701210474,0.2537286318,1951
26,Non-Hodgkin lymphoma,8265,"UK, England and wales",2,1,2015,2.400977469,6.774502749,0.2472434212,1987
26,Non-Hodgkin lymphoma,8265,"UK, England and wales",2,1,2016,2.267129637,6.630281011,0.2189190473,1959
26,Non-Hodgkin lymphoma,8265,"UK, England and wales",2,1,2017,2.296020023,6.647973838,0.2257704781,1976
26,Non-Hodgkin lymphoma,8265,"UK, England and wales",2,1,2018,2.140901164,6.481484392,0.2072966799,1938
26,Non-Hodgkin lymphoma,8265,"UK, England and wales",2,1,2019,2.076518358,6.234751848,0.2026400718,1874
26,Non-Hodgkin lymphoma,8265,"UK, England and wales",2,1,2020,2.04337259,6.399680354,0.1993753902,1931
26,Non-Hodgkin lymphoma,8265,"UK, England and wales",2,1,2021,2.013698874,6.212001765,0.1976921412,1892
26,Non-Hodgkin lymphoma,8265,"UK, England and wales",2,1,2022,1.98917556,6.327363533,0.1925911243,1944
26,Non-Hodgkin lymphoma,8265,"UK, England and wales",2,1,2023,2.057532257,6.399358323,0.20181959,1985
26,Non-Hodgkin lymphoma,84,Belize,1,1,1998,6.156850599,3.511914169,0.6964038988,4
26,Non-Hodgkin lymphoma,84,Belize,1,1,1999,0,0,0,0
26,Non-Hodgkin lymphoma,84,Belize,1,1,2000,3.162118094,1.642737458,0.338761255,2
26,Non-Hodgkin lymphoma,84,Belize,1,1,2001,4.849754673,2.390552536,0.6383215242,3
26,Non-Hodgkin lymphoma,84,Belize,1,1,2002,0,0,0,0
26,Non-Hodgkin lymphoma,84,Belize,1,1,2003,1.980351779,1.504257047,0.1854943403,2
26,Non-Hodgkin lymphoma,84,Belize,1,1,2004,1.328021248,0.7311277646,0.3314547839,1
26,Non-Hodgkin lymphoma,84,Belize,1,1,2005,1.211754014,0.7109392218,0.151354595,1
26,Non-Hodgkin lymphoma,84,Belize,1,1,2006,0,0,0,0
26,Non-Hodgkin lymphoma,84,Belize,1,1,2007,3.913046777,2.019454074,0.3071613935,3
26,Non-Hodgkin lymphoma,84,Belize,1,1,2008,0,0,0,0
26,Non-Hodgkin lymphoma,84,Belize,1,1,2009,1.427671988,1.277742995,0.1442186861,2
26,Non-Hodgkin lymphoma,84,Belize,1,1,2010,2.487408361,1.870732392,0.4045275653,3
26,Non-Hodgkin lymphoma,84,Belize,1,1,2011,1.659123944,1.218969605,0.1870864433,2
26,Non-Hodgkin lymphoma,84,Belize,1,1,2012,3.84778151,2.979773299,0.322188471,5
26,Non-Hodgkin lymphoma,84,Belize,1,1,2013,1.748342306,1.748659361,0.1546906077,3
26,Non-Hodgkin lymphoma,84,Belize,1,1,2014,1.121914734,0.5702814909,0.1868110796,1
26,Non-Hodgkin lymphoma,84,Belize,1,1,2015,1.064584812,0.5580294863,0.1772734866,1
26,Non-Hodgkin lymphoma,84,Belize,1,1,2016,1.72938822,1.633328615,0.1440118882,3
26,Non-Hodgkin lymphoma,84,Belize,2,1,1998,1.396648045,0.8986744552,0,1
26,Non-Hodgkin lymphoma,84,Belize,2,1,1999,0,0,0,0
26,Non-Hodgkin lymphoma,84,Belize,2,1,2000,0,0,0,0
26,Non-Hodgkin lymphoma,84,Belize,2,1,2001,0,0,0,0
26,Non-Hodgkin lymphoma,84,Belize,2,1,2002,0,0,0,0
26,Non-Hodgkin lymphoma,84,Belize,2,1,2003,0,0,0,0
26,Non-Hodgkin lymphoma,84,Belize,2,1,2004,1.653004285,1.482447818,0.04428501765,2
26,Non-Hodgkin lymphoma,84,Belize,2,1,2005,0,0,0,0
26,Non-Hodgkin lymphoma,84,Belize,2,1,2006,0.9943652635,0.6978756665,0.08282944942,1
26,Non-Hodgkin lymphoma,84,Belize,2,1,2007,2.88864007,2.033264202,0.3134733836,3
26,Non-Hodgkin lymphoma,84,Belize,2,1,2008,1.087251971,0.6586747464,0.1358141853,1
26,Non-Hodgkin lymphoma,84,Belize,2,1,2009,1.4803849,0.6406765544,0.1848770041,1
26,Non-Hodgkin lymphoma,84,Belize,2,1,2010,0.4840010756,0.6254651897,0.02688533389,1
26,Non-Hodgkin lymphoma,84,Belize,2,1,2011,0.5572065379,0.6126474949,0.0464230993,1
26,Non-Hodgkin lymphoma,84,Belize,2,1,2012,0.7716049383,0.6001752512,0.06427974324,1
26,Non-Hodgkin lymphoma,84,Belize,2,1,2013,0.5308794904,0.5880035515,0.0442301731,1
26,Non-Hodgkin lymphoma,84,Belize,2,1,2014,0.8992805755,0.5761364291,0,1
26,Non-Hodgkin lymphoma,84,Belize,2,1,2015,1.64265688,1.129120584,0,2
26,Non-Hodgkin lymphoma,84,Belize,2,1,2016,0.4685791638,0.552388528,0.02602878769,1
26,Non-Hodgkin lymphoma,840,USA,1,0,1978,9.795008917,10.92529045,1.050170465,1124
26,Non-Hodgkin lymphoma,840,USA,1,0,1979,9.761591917,10.9799584,1.067647045,1142
26,Non-Hodgkin lymphoma,840,USA,1,0,1980,10.23252517,11.56600803,1.104586899,1217
26,Non-Hodgkin lymphoma,840,USA,1,0,1981,10.89354558,12.37689844,1.179798787,1312
26,Non-Hodgkin lymphoma,840,USA,1,0,1982,10.80965336,12.26539387,1.165084749,1308
26,Non-Hodgkin lymphoma,840,USA,1,0,1983,11.42592918,13.12320213,1.260236607,1411
26,Non-Hodgkin lymphoma,840,USA,1,0,1984,12.4932835,14.42175667,1.361061563,1565
26,Non-Hodgkin lymphoma,840,USA,1,0,1985,12.59705392,14.68542229,1.393787555,1610
26,Non-Hodgkin lymphoma,840,USA,1,0,1986,13.36438603,15.60302861,1.444696952,1728
26,Non-Hodgkin lymphoma,840,USA,1,0,1987,14.36683229,16.93946051,1.552117926,1895
26,Non-Hodgkin lymphoma,840,USA,1,0,1988,14.47609953,17.2998032,1.545550258,1956
26,Non-Hodgkin lymphoma,840,USA,1,0,1989,14.95042276,17.8741617,1.635485736,2042
26,Non-Hodgkin lymphoma,840,USA,1,0,1990,15.78702813,19.0972525,1.668820168,2212
26,Non-Hodgkin lymphoma,840,USA,1,0,1991,16.64543264,19.98339226,1.769148674,2349
26,Non-Hodgkin lymphoma,840,USA,1,0,1992,15.71372428,19.26254667,1.664792415,2301
26,Non-Hodgkin lymphoma,840,USA,1,0,1993,16.25153294,19.87429447,1.744059492,2409
26,Non-Hodgkin lymphoma,840,USA,1,0,1994,17.10924864,21.18266198,1.790208701,2601
26,Non-Hodgkin lymphoma,840,USA,1,0,1995,17.05765704,21.25689915,1.81776627,2645
26,Non-Hodgkin lymphoma,840,USA,1,0,1996,15.99447394,20.09261968,1.737654863,2532
26,Non-Hodgkin lymphoma,840,USA,1,0,1997,15.86549612,19.97282943,1.726953548,2549
26,Non-Hodgkin lymphoma,840,USA,1,0,1998,15.05553529,18.92688584,1.658109252,2444
26,Non-Hodgkin lymphoma,840,USA,1,0,1999,15.78746153,20.07730683,1.740450374,2620
26,Non-Hodgkin lymphoma,840,USA,1,0,2000,15.63776608,20.06525947,1.717886062,2647
26,Non-Hodgkin lymphoma,840,USA,1,0,2001,15.55629256,20.1616644,1.735970304,2684
26,Non-Hodgkin lymphoma,840,USA,1,0,2002,15.34969713,20.13578167,1.688127337,2695
26,Non-Hodgkin lymphoma,840,USA,1,0,2003,15.61592682,20.93379142,1.682862876,2814
26,Non-Hodgkin lymphoma,840,USA,1,0,2004,16.01051477,21.74422093,1.753472884,2939
26,Non-Hodgkin lymphoma,840,USA,1,0,2005,16.13055616,21.8985628,1.771605548,2982
26,Non-Hodgkin lymphoma,840,USA,1,0,2006,15.31111517,21.30234641,1.685102207,2932
26,Non-Hodgkin lymphoma,840,USA,1,0,2007,16.16010912,22.48835078,1.776358807,3123
26,Non-Hodgkin lymphoma,840,USA,1,0,2008,16.17599406,22.56444247,1.766110667,3166
26,Non-Hodgkin lymphoma,840,USA,1,0,2009,15.55440524,22.15806107,1.658064114,3140
26,Non-Hodgkin lymphoma,840,USA,1,0,2010,15.48696274,22.06213487,1.661085628,3152
26,Non-Hodgkin lymphoma,840,USA,1,0,2011,13.76482294,20.18300926,1.489652459,2910
26,Non-Hodgkin lymphoma,840,USA,1,0,2012,14.44650679,21.29131444,1.562040784,3099
26,Non-Hodgkin lymphoma,840,USA,1,0,2013,13.87634055,20.73500978,1.48495313,3044
26,Non-Hodgkin lymphoma,840,USA,1,0,2014,14.27516441,21.87098254,1.533504073,3239
26,Non-Hodgkin lymphoma,840,USA,1,0,2015,14.12593028,21.78543813,1.50044513,3255
26,Non-Hodgkin lymphoma,840,USA,1,0,2016,13.32986138,20.83567014,1.4517662,3143
26,Non-Hodgkin lymphoma,840,USA,1,0,2017,13.53384779,21.26110172,1.433010097,3232
26,Non-Hodgkin lymphoma,840,USA,1,1,1979,2.79831748,3.318926903,0.3126648467,3675
26,Non-Hodgkin lymphoma,840,USA,1,1,1980,2.84864344,3.428136994,0.3180983675,3835
26,Non-Hodgkin lymphoma,840,USA,1,1,1981,2.882442932,3.485229067,0.3202055923,3941
26,Non-Hodgkin lymphoma,840,USA,1,1,1982,3.21200398,3.911989763,0.3513794478,4473
26,Non-Hodgkin lymphoma,840,USA,1,1,1983,3.441294806,4.241183771,0.3884078003,4904
26,Non-Hodgkin lymphoma,840,USA,1,1,1984,3.605606166,4.480558591,0.4054434494,5238
26,Non-Hodgkin lymphoma,840,USA,1,1,1985,4.104957265,5.150421112,0.4515743989,6086
26,Non-Hodgkin lymphoma,840,USA,1,1,1986,4.459209446,5.599745191,0.4962123342,6685
26,Non-Hodgkin lymphoma,840,USA,1,1,1987,4.434333125,5.642779689,0.4941645712,6803
26,Non-Hodgkin lymphoma,840,USA,1,1,1988,4.872597048,6.233749287,0.5366036967,7590
26,Non-Hodgkin lymphoma,840,USA,1,1,1989,5.169655282,6.658293572,0.5661992799,8188
26,Non-Hodgkin lymphoma,840,USA,1,1,1990,5.415430678,7.02746276,0.5898141475,8746
26,Non-Hodgkin lymphoma,840,USA,1,1,1991,5.616297692,7.340552333,0.6092514575,9260
26,Non-Hodgkin lymphoma,840,USA,1,1,1992,5.806073228,7.666815591,0.6337276598,9800
26,Non-Hodgkin lymphoma,840,USA,1,1,1993,5.734024621,7.653857611,0.6208059976,9908
26,Non-Hodgkin lymphoma,840,USA,1,1,1994,6.127847598,8.194880175,0.6712040986,10734
26,Non-Hodgkin lymphoma,840,USA,1,1,1995,6.217717423,8.375897665,0.6835094047,11095
26,Non-Hodgkin lymphoma,840,USA,1,1,1996,6.238602124,8.542291456,0.6820929094,11439
26,Non-Hodgkin lymphoma,840,USA,1,1,1997,6.38826482,8.77417757,0.6997168182,11875
26,Non-Hodgkin lymphoma,840,USA,1,1,1998,6.21813356,8.671486241,0.6751070871,11863
26,Non-Hodgkin lymphoma,840,USA,1,1,1999,6.045835181,8.556838465,0.6568282952,11833
26,Non-Hodgkin lymphoma,840,USA,1,1,2000,5.955284636,8.492535923,0.6414351526,11872
26,Non-Hodgkin lymphoma,840,USA,1,1,2001,5.774156077,8.323317333,0.6217409465,11761
26,Non-Hodgkin lymphoma,840,USA,1,1,2002,5.565870608,8.112737009,0.5969064324,11582
26,Non-Hodgkin lymphoma,840,USA,1,1,2003,5.348000345,7.924616225,0.5651434174,11430
26,Non-Hodgkin lymphoma,840,USA,1,1,2004,5.04606909,7.610615155,0.5318169218,11091
26,Non-Hodgkin lymphoma,840,USA,1,1,2005,4.925580047,7.586354931,0.5134991702,11171
26,Non-Hodgkin lymphoma,840,USA,1,1,2006,4.73237556,7.37107088,0.4918421894,10969
26,Non-Hodgkin lymphoma,840,USA,1,1,2007,4.631127978,7.338885437,0.4798990732,11039
26,Non-Hodgkin lymphoma,840,USA,1,1,2008,4.475167106,7.262447774,0.452911431,11041
26,Non-Hodgkin lymphoma,840,USA,1,1,2009,4.426220404,7.291719622,0.4523646812,11200
26,Non-Hodgkin lymphoma,840,USA,1,1,2010,4.296473867,7.161126823,0.4406067258,11111
26,Non-Hodgkin lymphoma,840,USA,1,1,2011,4.247875995,7.24232746,0.4321823893,11355
26,Non-Hodgkin lymphoma,840,USA,1,1,2012,4.10871554,7.147279997,0.4193841657,11326
26,Non-Hodgkin lymphoma,840,USA,1,1,2013,3.941520664,7.00987944,0.3987784281,11225
26,Non-Hodgkin lymphoma,840,USA,1,1,2014,3.889540061,7.015082102,0.3883188109,11350
26,Non-Hodgkin lymphoma,840,USA,1,1,2015,3.821463924,7.00558062,0.3798166097,11451
26,Non-Hodgkin lymphoma,840,USA,1,1,2016,3.709373164,6.890068384,0.3676525341,11378
26,Non-Hodgkin lymphoma,840,USA,1,1,2017,3.670337663,7.027060231,0.3569605213,11721
26,Non-Hodgkin lymphoma,840,USA,1,1,2018,3.562321078,6.983303105,0.342764109,11757
26,Non-Hodgkin lymphoma,840,USA,1,1,2019,3.404033837,6.809645655,0.326609341,11566
26,Non-Hodgkin lymphoma,840,USA,1,1,2020,3.334810599,6.837908123,0.322867239,11673
26,Non-Hodgkin lymphoma,840,USA,1,1,2021,3.26722337,6.793859289,0.3148413132,11620
26,Non-Hodgkin lymphoma,840,USA,1,1,2022,3.127443365,6.638211654,0.3028496407,11396
26,Non-Hodgkin lymphoma,840,USA,2,0,1978,6.906309784,9.481085931,0.7866998637,1019
26,Non-Hodgkin lymphoma,840,USA,2,0,1979,7.649915842,10.53185015,0.8663790721,1145
26,Non-Hodgkin lymphoma,840,USA,2,0,1980,7.330563262,10.16849071,0.833330549,1119
26,Non-Hodgkin lymphoma,840,USA,2,0,1981,7.914924152,11.12829855,0.8692943398,1234
26,Non-Hodgkin lymphoma,840,USA,2,0,1982,7.801556385,11.23825495,0.8997858392,1254
26,Non-Hodgkin lymphoma,840,USA,2,0,1983,7.929152931,11.48807263,0.9100299985,1292
26,Non-Hodgkin lymphoma,840,USA,2,0,1984,8.630994012,12.41839138,0.9724020634,1409
26,Non-Hodgkin lymphoma,840,USA,2,0,1985,8.954070422,12.95729094,0.9999782872,1485
26,Non-Hodgkin lymphoma,840,USA,2,0,1986,8.657999084,12.81807496,0.9792832539,1483
26,Non-Hodgkin lymphoma,840,USA,2,0,1987,9.065905314,13.38379698,1.024206449,1564
26,Non-Hodgkin lymphoma,840,USA,2,0,1988,9.458799815,13.95221295,1.094673447,1647
26,Non-Hodgkin lymphoma,840,USA,2,0,1989,9.300340397,13.86986627,1.055221883,1654
26,Non-Hodgkin lymphoma,840,USA,2,0,1990,9.99945255,14.86584794,1.144582773,1795
26,Non-Hodgkin lymphoma,840,USA,2,0,1991,9.834429364,14.76658625,1.119865096,1808
26,Non-Hodgkin lymphoma,840,USA,2,0,1992,9.976742537,14.98078981,1.118582115,1861
26,Non-Hodgkin lymphoma,840,USA,2,0,1993,10.13365493,15.21608871,1.141412799,1916
26,Non-Hodgkin lymphoma,840,USA,2,0,1994,10.4971043,15.95363542,1.192543726,2033
26,Non-Hodgkin lymphoma,840,USA,2,0,1995,10.11185107,15.40673987,1.144525353,1987
26,Non-Hodgkin lymphoma,840,USA,2,0,1996,9.954548719,15.20918724,1.130805326,1985
26,Non-Hodgkin lymphoma,840,USA,2,0,1997,10.49185953,16.02170714,1.219835442,2116
26,Non-Hodgkin lymphoma,840,USA,2,0,1998,10.46239455,16.37366838,1.178075006,2186
26,Non-Hodgkin lymphoma,840,USA,2,0,1999,10.34715652,16.05659761,1.171904335,2163
26,Non-Hodgkin lymphoma,840,USA,2,0,2000,10.05432422,15.98312512,1.11813799,2173
26,Non-Hodgkin lymphoma,840,USA,2,0,2001,10.27156595,16.19752931,1.152309241,2220
26,Non-Hodgkin lymphoma,840,USA,2,0,2002,10.75824349,16.76859398,1.216275506,2311
26,Non-Hodgkin lymphoma,840,USA,2,0,2003,10.94082161,17.41444621,1.219377283,2413
26,Non-Hodgkin lymphoma,840,USA,2,0,2004,11.11476327,17.83803068,1.236325298,2487
26,Non-Hodgkin lymphoma,840,USA,2,0,2005,10.65756335,17.32223951,1.19995728,2433
26,Non-Hodgkin lymphoma,840,USA,2,0,2006,10.70326719,17.36321535,1.206504558,2464
26,Non-Hodgkin lymphoma,840,USA,2,0,2007,10.65450071,17.6605841,1.166520839,2530
26,Non-Hodgkin lymphoma,840,USA,2,0,2008,10.42794073,17.41365172,1.141867622,2519
26,Non-Hodgkin lymphoma,840,USA,2,0,2009,10.54232785,17.65689752,1.177664467,2579
26,Non-Hodgkin lymphoma,840,USA,2,0,2010,9.956888689,16.67653271,1.10426289,2456
26,Non-Hodgkin lymphoma,840,USA,2,0,2011,9.537461877,16.10531706,1.041077174,2393
26,Non-Hodgkin lymphoma,840,USA,2,0,2012,9.598864529,16.32296933,1.056956437,2447
26,Non-Hodgkin lymphoma,840,USA,2,0,2013,9.20795011,15.95048757,1.020173295,2410
26,Non-Hodgkin lymphoma,840,USA,2,0,2014,9.521162019,16.69748227,1.045677861,2543
26,Non-Hodgkin lymphoma,840,USA,2,0,2015,9.358340091,16.45142395,1.041036626,2526
26,Non-Hodgkin lymphoma,840,USA,2,0,2016,9.304890628,16.44665897,1.020628414,2547
26,Non-Hodgkin lymphoma,840,USA,2,0,2017,8.876766703,15.90873095,0.9667013213,2481
26,Non-Hodgkin lymphoma,840,USA,2,1,1979,1.760161115,2.730932793,0.1971354659,3191
26,Non-Hodgkin lymphoma,840,USA,2,1,1980,1.92281362,3.114662459,0.2164453418,3675
26,Non-Hodgkin lymphoma,840,USA,2,1,1981,1.979365617,3.207571204,0.2173055847,3821
26,Non-Hodgkin lymphoma,840,USA,2,1,1982,2.199666628,3.644306337,0.2473177191,4382
26,Non-Hodgkin lymphoma,840,USA,2,1,1983,2.354556922,3.91073472,0.2661568598,4746
26,Non-Hodgkin lymphoma,840,USA,2,1,1984,2.504751883,4.229519381,0.2810783814,5179
26,Non-Hodgkin lymphoma,840,USA,2,1,1985,2.64988202,4.502719537,0.2963533759,5562
26,Non-Hodgkin lymphoma,840,USA,2,1,1986,2.893936075,5.001871367,0.3244184305,6231
26,Non-Hodgkin lymphoma,840,USA,2,1,1987,3.034050139,5.388528918,0.34044669,6768
26,Non-Hodgkin lymphoma,840,USA,2,1,1988,3.193198142,5.687926657,0.3545686454,7203
26,Non-Hodgkin lymphoma,840,USA,2,1,1989,3.32023614,6.022681107,0.3694481197,7691
26,Non-Hodgkin lymphoma,840,USA,2,1,1990,3.382060488,6.193045713,0.3785909322,7984
26,Non-Hodgkin lymphoma,840,USA,2,1,1991,3.650755481,6.716395618,0.4096441314,8753
26,Non-Hodgkin lymphoma,840,USA,2,1,1992,3.702979745,6.815780365,0.4133435362,8982
26,Non-Hodgkin lymphoma,840,USA,2,1,1993,3.821852768,7.104554691,0.4276488012,9462
26,Non-Hodgkin lymphoma,840,USA,2,1,1994,4.019594153,7.462232199,0.4510807419,10036
26,Non-Hodgkin lymphoma,840,USA,2,1,1995,4.032835074,7.64389129,0.4474628246,10376
26,Non-Hodgkin lymphoma,840,USA,2,1,1996,4.037434973,7.675766566,0.4466903218,10512
26,Non-Hodgkin lymphoma,840,USA,2,1,1997,4.117238775,7.914415858,0.4538858225,10932
26,Non-Hodgkin lymphoma,840,USA,2,1,1998,4.033356124,7.854163727,0.4438068057,10942
26,Non-Hodgkin lymphoma,840,USA,2,1,1999,3.998666641,7.866280184,0.4390246066,11052
26,Non-Hodgkin lymphoma,840,USA,2,1,2000,3.908043282,7.73303636,0.4204571663,10957
26,Non-Hodgkin lymphoma,840,USA,2,1,2001,3.695978044,7.437518012,0.394951449,10634
26,Non-Hodgkin lymphoma,840,USA,2,1,2002,3.549715138,7.20684268,0.379026907,10401
26,Non-Hodgkin lymphoma,840,USA,2,1,2003,3.331076921,6.93329009,0.3472177054,10100
26,Non-Hodgkin lymphoma,840,USA,2,1,2004,3.211101225,6.744388319,0.3373144206,9918
26,Non-Hodgkin lymphoma,840,USA,2,1,2005,3.080543216,6.575267352,0.3185508739,9762
26,Non-Hodgkin lymphoma,840,USA,2,1,2006,2.987901069,6.465503225,0.3074981014,9693
26,Non-Hodgkin lymphoma,840,USA,2,1,2007,2.875664983,6.306698811,0.2903320655,9550
26,Non-Hodgkin lymphoma,840,USA,2,1,2008,2.765667376,6.136978973,0.2785700845,9386
26,Non-Hodgkin lymphoma,840,USA,2,1,2009,2.675598279,5.995159967,0.2687542632,9258
26,Non-Hodgkin lymphoma,840,USA,2,1,2010,2.625874891,5.950393945,0.2700012817,9277
26,Non-Hodgkin lymphoma,840,USA,2,1,2011,2.510245836,5.760290159,0.2520081532,9062
26,Non-Hodgkin lymphoma,840,USA,2,1,2012,2.481389585,5.783189584,0.2488141777,9175
26,Non-Hodgkin lymphoma,840,USA,2,1,2013,2.38952479,5.620090964,0.234564691,8991
26,Non-Hodgkin lymphoma,840,USA,2,1,2014,2.401956197,5.678115815,0.2398585063,9160
26,Non-Hodgkin lymphoma,840,USA,2,1,2015,2.246540819,5.420754102,0.2191976936,8818
26,Non-Hodgkin lymphoma,840,USA,2,1,2016,2.218899231,5.500990503,0.215490941,9024
26,Non-Hodgkin lymphoma,840,USA,2,1,2017,2.145983437,5.36193835,0.207210039,8869
26,Non-Hodgkin lymphoma,840,USA,2,1,2018,2.046020126,5.204028715,0.1955426625,8675
26,Non-Hodgkin lymphoma,840,USA,2,1,2019,2.0466087,5.270843596,0.1926659669,8852
26,Non-Hodgkin lymphoma,840,USA,2,1,2020,1.944290792,5.131987454,0.1883901668,8659
26,Non-Hodgkin lymphoma,840,USA,2,1,2021,1.901287383,5.072590431,0.1792720708,8579
26,Non-Hodgkin lymphoma,840,USA,2,1,2022,1.872887567,5.055889628,0.178776248,8588
26,Non-Hodgkin lymphoma,858,Uruguay,1,1,1997,4.771239257,5.996163731,0.5133872878,94
26,Non-Hodgkin lymphoma,858,Uruguay,1,1,1998,3.944746033,5.016599228,0.4852778267,79
26,Non-Hodgkin lymphoma,858,Uruguay,1,1,1999,5.370112449,7.082748638,0.5955123851,112
26,Non-Hodgkin lymphoma,858,Uruguay,1,1,2000,4.401955977,5.609366255,0.4895021898,89
26,Non-Hodgkin lymphoma,858,Uruguay,1,1,2001,5.191882526,6.91843915,0.597102646,110
26,Non-Hodgkin lymphoma,858,Uruguay,1,1,2002,5.568216514,7.225428986,0.6148519566,115
26,Non-Hodgkin lymphoma,858,Uruguay,1,1,2003,4.921469928,6.72059895,0.5970136929,107
26,Non-Hodgkin lymphoma,858,Uruguay,1,1,2004,4.636210006,6.279497942,0.5083231767,100
26,Non-Hodgkin lymphoma,858,Uruguay,1,1,2005,4.62241777,6.465219629,0.5286218597,103
26,Non-Hodgkin lymphoma,858,Uruguay,1,1,2006,5.388879758,7.589566291,0.5792208907,121
26,Non-Hodgkin lymphoma,858,Uruguay,1,1,2007,4.810329864,6.702240741,0.501316773,107
26,Non-Hodgkin lymphoma,858,Uruguay,1,1,2008,4.136450648,6.251981097,0.4384652606,100
26,Non-Hodgkin lymphoma,858,Uruguay,1,1,2009,4.365894753,6.237995757,0.4185503591,100
26,Non-Hodgkin lymphoma,858,Uruguay,1,1,2010,4.785638396,6.720488654,0.5332438202,108
26,Non-Hodgkin lymphoma,858,Uruguay,1,1,2011,4.673517896,6.889565846,0.5184202839,111
26,Non-Hodgkin lymphoma,858,Uruguay,1,1,2012,4.966481808,7.491151464,0.543639949,121
26,Non-Hodgkin lymphoma,858,Uruguay,1,1,2013,3.855577933,5.616268169,0.4145540784,91
26,Non-Hodgkin lymphoma,858,Uruguay,1,1,2014,4.734279884,7.441775792,0.5044115375,121
26,Non-Hodgkin lymphoma,858,Uruguay,1,1,2015,4.364096574,6.923815966,0.45929902,113
26,Non-Hodgkin lymphoma,858,Uruguay,1,1,2016,4.628613678,7.142708882,0.5218635325,117
26,Non-Hodgkin lymphoma,858,Uruguay,1,1,2017,4.098113077,6.51244943,0.4356777876,107
26,Non-Hodgkin lymphoma,858,Uruguay,1,1,2018,4.411612788,7.168167021,0.4478612101,118
26,Non-Hodgkin lymphoma,858,Uruguay,1,1,2019,4.394593908,7.34460842,0.4751738565,121
26,Non-Hodgkin lymphoma,858,Uruguay,1,1,2020,4.016676303,6.612059547,0.4632567353,109
26,Non-Hodgkin lymphoma,858,Uruguay,1,1,2021,5.678977693,8.862288534,0.6411963593,146
26,Non-Hodgkin lymphoma,858,Uruguay,1,1,2022,4.526338866,7.297441274,0.5159902411,120
26,Non-Hodgkin lymphoma,858,Uruguay,2,1,1997,2.459070189,4.288278625,0.2841627887,71
26,Non-Hodgkin lymphoma,858,Uruguay,2,1,1998,3.006545177,4.92636289,0.3392651862,82
26,Non-Hodgkin lymphoma,858,Uruguay,2,1,1999,3.674062511,6.45659999,0.3941936666,108
26,Non-Hodgkin lymphoma,858,Uruguay,2,1,2000,2.611700322,4.465415358,0.3012104011,75
26,Non-Hodgkin lymphoma,858,Uruguay,2,1,2001,3.11804792,5.224725539,0.3447969845,88
26,Non-Hodgkin lymphoma,858,Uruguay,2,1,2002,3.094924247,5.571152808,0.3342160759,94
26,Non-Hodgkin lymphoma,858,Uruguay,2,1,2003,3.172409491,5.44678755,0.4040435057,92
26,Non-Hodgkin lymphoma,858,Uruguay,2,1,2004,3.43693481,6.151436538,0.3916208643,104
26,Non-Hodgkin lymphoma,858,Uruguay,2,1,2005,3.019846872,5.90796222,0.3102989242,100
26,Non-Hodgkin lymphoma,858,Uruguay,2,1,2006,3.145662951,6.370877069,0.3733481365,108
26,Non-Hodgkin lymphoma,858,Uruguay,2,1,2007,2.446933729,4.650694572,0.2669436236,79
26,Non-Hodgkin lymphoma,858,Uruguay,2,1,2008,2.53441473,5.285769241,0.2551830932,90
26,Non-Hodgkin lymphoma,858,Uruguay,2,1,2009,2.389693717,5.213779609,0.2721582284,89
26,Non-Hodgkin lymphoma,858,Uruguay,2,1,2010,2.127005693,4.498835561,0.2353242587,77
26,Non-Hodgkin lymphoma,858,Uruguay,2,1,2011,2.121965602,4.720670359,0.2418349764,81
26,Non-Hodgkin lymphoma,858,Uruguay,2,1,2012,2.460394213,5.406461244,0.2793284744,93
26,Non-Hodgkin lymphoma,858,Uruguay,2,1,2013,2.070204081,4.231773664,0.2380978589,73
26,Non-Hodgkin lymphoma,858,Uruguay,2,1,2014,2.358389331,5.027800268,0.2754946981,87
26,Non-Hodgkin lymphoma,858,Uruguay,2,1,2015,2.341416277,5.184427363,0.2533673968,90
26,Non-Hodgkin lymphoma,858,Uruguay,2,1,2016,2.81357577,6.949034859,0.3229997097,121
26,Non-Hodgkin lymphoma,858,Uruguay,2,1,2017,2.486478418,5.328199928,0.267760287,93
26,Non-Hodgkin lymphoma,858,Uruguay,2,1,2018,2.690542995,6.234385438,0.3137988642,109
26,Non-Hodgkin lymphoma,858,Uruguay,2,1,2019,2.28995804,4.743567323,0.2748969918,83
26,Non-Hodgkin lymphoma,858,Uruguay,2,1,2020,2.704402266,5.427126262,0.3114060609,95
26,Non-Hodgkin lymphoma,858,Uruguay,2,1,2021,2.32832961,5.888197423,0.2333040228,103
26,Non-Hodgkin lymphoma,858,Uruguay,2,1,2022,2.288696536,5.611212806,0.2488857816,98
26,Non-Hodgkin lymphoma,860,Uzbekistan,1,1,2005,1.572674592,1.201283001,0.1551727762,157
26,Non-Hodgkin lymphoma,860,Uzbekistan,1,1,2006,1.478851451,1.137435589,0.1486711567,151
26,Non-Hodgkin lymphoma,860,Uzbekistan,1,1,2007,1.458185128,1.142298074,0.1461222299,154
26,Non-Hodgkin lymphoma,860,Uzbekistan,1,1,2008,1.406976542,1.117791233,0.1413365769,153
26,Non-Hodgkin lymphoma,860,Uzbekistan,1,1,2009,1.445478617,1.151590725,0.1484158062,160
26,Non-Hodgkin lymphoma,860,Uzbekistan,1,1,2010,1.682188377,1.399412569,0.176994781,200
26,Non-Hodgkin lymphoma,860,Uzbekistan,1,1,2011,1.736255762,1.416853003,0.1826954857,208
26,Non-Hodgkin lymphoma,860,Uzbekistan,1,1,2012,1.778511172,1.469246162,0.1779576474,219
26,Non-Hodgkin lymphoma,860,Uzbekistan,1,1,2013,1.323329841,1.076041403,0.1451286169,163
26,Non-Hodgkin lymphoma,860,Uzbekistan,1,1,2014,1.244494389,1.005524155,0.1325713265,155
26,Non-Hodgkin lymphoma,860,Uzbekistan,1,1,2015,1.324014438,1.089479527,0.1559270576,171
26,Non-Hodgkin lymphoma,860,Uzbekistan,1,1,2016,1.292882432,1.101381201,0.137059811,176
26,Non-Hodgkin lymphoma,860,Uzbekistan,1,1,2017,1.280037872,1.107050355,0.130941103,180
26,Non-Hodgkin lymphoma,860,Uzbekistan,1,1,2018,1.209417001,1.051090679,0.1273159992,174
26,Non-Hodgkin lymphoma,860,Uzbekistan,1,1,2019,1.152310609,1.019082135,0.1166659608,172
26,Non-Hodgkin lymphoma,860,Uzbekistan,2,1,2005,0.8945357628,0.7253204007,0.09859742916,95
26,Non-Hodgkin lymphoma,860,Uzbekistan,2,1,2006,0.8969535818,0.7448290245,0.09753302695,99
26,Non-Hodgkin lymphoma,860,Uzbekistan,2,1,2007,0.9828082074,0.823098914,0.1034011109,111
26,Non-Hodgkin lymphoma,860,Uzbekistan,2,1,2008,1.060782549,0.8918388123,0.1089269976,122
26,Non-Hodgkin lymphoma,860,Uzbekistan,2,1,2009,1.184999974,1.001904122,0.1193796253,139
26,Non-Hodgkin lymphoma,860,Uzbekistan,2,1,2010,0.9570333582,0.8128546516,0.0975220663,116
26,Non-Hodgkin lymphoma,860,Uzbekistan,2,1,2011,1.000759731,0.8663652125,0.1034550734,127
26,Non-Hodgkin lymphoma,860,Uzbekistan,2,1,2012,1.203339396,1.028997209,0.1335175702,153
26,Non-Hodgkin lymphoma,860,Uzbekistan,2,1,2013,0.8909359394,0.7618388431,0.1027399925,115
26,Non-Hodgkin lymphoma,860,Uzbekistan,2,1,2014,0.8218882553,0.7234652971,0.08713459257,111
26,Non-Hodgkin lymphoma,860,Uzbekistan,2,1,2015,0.8263943619,0.7113851945,0.09487717644,111
26,Non-Hodgkin lymphoma,860,Uzbekistan,2,1,2016,0.8320190152,0.762542741,0.09482962619,121
26,Non-Hodgkin lymphoma,860,Uzbekistan,2,1,2017,0.7175576417,0.6571956914,0.0781451519,106
26,Non-Hodgkin lymphoma,860,Uzbekistan,2,1,2018,0.6827407318,0.6279773289,0.07429006006,103
26,Non-Hodgkin lymphoma,860,Uzbekistan,2,1,2019,0.789973453,0.7244443138,0.09405363558,121
26,Non-Hodgkin lymphoma,862,Venezuela,1,1,1996,2.997572488,2.148873233,0.2869149494,244
26,Non-Hodgkin lymphoma,862,Venezuela,1,1,1997,2.505586982,1.777511324,0.2587621122,206
26,Non-Hodgkin lymphoma,862,Venezuela,1,1,1998,3.265360155,2.334345616,0.3523387203,276
26,Non-Hodgkin lymphoma,862,Venezuela,1,1,1999,2.826136694,2.015782833,0.3119922478,243
26,Non-Hodgkin lymphoma,862,Venezuela,1,1,2000,2.972729713,2.173815521,0.3041782357,267
26,Non-Hodgkin lymphoma,862,Venezuela,1,1,2001,2.845708471,2.079254629,0.3214781331,260
26,Non-Hodgkin lymphoma,862,Venezuela,1,1,2002,2.588836244,1.909279673,0.2654910994,243
26,Non-Hodgkin lymphoma,862,Venezuela,1,1,2003,2.606656151,2.015260852,0.2841661953,261
26,Non-Hodgkin lymphoma,862,Venezuela,1,1,2004,3.065642532,2.28544077,0.3228689145,301
26,Non-Hodgkin lymphoma,862,Venezuela,1,1,2005,2.958173518,2.263199157,0.3235449839,303
26,Non-Hodgkin lymphoma,862,Venezuela,1,1,2006,3.034446951,2.323202626,0.3234234992,316
26,Non-Hodgkin lymphoma,862,Venezuela,1,1,2007,2.777997833,2.17279673,0.2692407448,300
26,Non-Hodgkin lymphoma,862,Venezuela,1,1,2008,2.748607252,2.20710644,0.3001963555,309
26,Non-Hodgkin lymphoma,862,Venezuela,1,1,2009,2.469522173,2.023612241,0.2607018467,287
26,Non-Hodgkin lymphoma,862,Venezuela,1,1,2010,2.5154682,2.081998139,0.2661675044,299
26,Non-Hodgkin lymphoma,862,Venezuela,1,1,2011,2.576103187,2.187327395,0.2842642574,318
26,Non-Hodgkin lymphoma,862,Venezuela,1,1,2012,2.419954101,2.086601861,0.2579757583,307
26,Non-Hodgkin lymphoma,862,Venezuela,1,1,2013,2.826527879,2.472620266,0.3031424255,368
26,Non-Hodgkin lymphoma,862,Venezuela,1,1,2014,2.521809949,2.266578024,0.254760547,341
26,Non-Hodgkin lymphoma,862,Venezuela,1,1,2015,2.607998967,2.355996307,0.2586575218,358
26,Non-Hodgkin lymphoma,862,Venezuela,1,1,2016,2.87868613,2.72242828,0.2845497956,416
26,Non-Hodgkin lymphoma,862,Venezuela,2,1,1996,1.986160708,1.512294022,0.2276600228,171
26,Non-Hodgkin lymphoma,862,Venezuela,2,1,1997,2.316963642,1.758725705,0.2394479693,203
26,Non-Hodgkin lymphoma,862,Venezuela,2,1,1998,1.863631313,1.4603627,0.194398418,172
26,Non-Hodgkin lymphoma,862,Venezuela,2,1,1999,2.015152483,1.615088725,0.2046919719,194
26,Non-Hodgkin lymphoma,862,Venezuela,2,1,2000,1.984131509,1.60076327,0.2304413117,196
26,Non-Hodgkin lymphoma,862,Venezuela,2,1,2001,1.896439288,1.547039375,0.1969021255,193
26,Non-Hodgkin lymphoma,862,Venezuela,2,1,2002,2.03759484,1.699668297,0.2073801328,216
26,Non-Hodgkin lymphoma,862,Venezuela,2,1,2003,2.190986018,1.808132982,0.2202465189,234
26,Non-Hodgkin lymphoma,862,Venezuela,2,1,2004,1.883182698,1.609656481,0.2051933792,212
26,Non-Hodgkin lymphoma,862,Venezuela,2,1,2005,2.036045975,1.783891209,0.2054388166,239
26,Non-Hodgkin lymphoma,862,Venezuela,2,1,2006,1.935631381,1.681008828,0.2039436586,229
26,Non-Hodgkin lymphoma,862,Venezuela,2,1,2007,1.745452874,1.596558485,0.1836969947,221
26,Non-Hodgkin lymphoma,862,Venezuela,2,1,2008,1.716993739,1.572566359,0.186433561,221
26,Non-Hodgkin lymphoma,862,Venezuela,2,1,2009,1.612201475,1.494134994,0.1790673692,213
26,Non-Hodgkin lymphoma,862,Venezuela,2,1,2010,1.598277866,1.563808652,0.1640789173,226
26,Non-Hodgkin lymphoma,862,Venezuela,2,1,2011,1.645817829,1.611260251,0.1803425485,236
26,Non-Hodgkin lymphoma,862,Venezuela,2,1,2012,1.828416474,1.792343285,0.1937046092,266
26,Non-Hodgkin lymphoma,862,Venezuela,2,1,2013,1.62289306,1.630159955,0.1686784167,245
26,Non-Hodgkin lymphoma,862,Venezuela,2,1,2014,1.85379988,1.87384438,0.2142472111,285
26,Non-Hodgkin lymphoma,862,Venezuela,2,1,2015,1.61662903,1.710157444,0.1592476717,263
26,Non-Hodgkin lymphoma,862,Venezuela,2,1,2016,1.822609295,1.956701237,0.1867179796,303