Cancer id,Cancer label,Population id,Country label,Sex,Type,Year,ASR (World),Crude rate,Cumulative risk,Total
23,Brain and central nervous system,112,Belarus,1,0,1983,2.57957856,2.592025129,0.2435156493,118
23,Brain and central nervous system,112,Belarus,1,0,1984,3.116864415,3.224443021,0.318293582,148
23,Brain and central nervous system,112,Belarus,1,0,1985,3.166941671,3.373246479,0.3090505177,156
23,Brain and central nervous system,112,Belarus,1,0,1986,3.77154101,3.969739853,0.3605584467,185
23,Brain and central nervous system,112,Belarus,1,0,1987,3.823104717,3.830578615,0.3783914049,180
23,Brain and central nervous system,112,Belarus,1,0,1988,3.448000769,3.547108558,0.3235212731,168
23,Brain and central nervous system,112,Belarus,1,0,1989,3.922548364,4.037404355,0.3549067834,193
23,Brain and central nervous system,112,Belarus,1,0,1990,4.081463258,4.368930009,0.4149492368,209
23,Brain and central nervous system,112,Belarus,1,0,1991,3.825625598,4.19812037,0.354366873,201
23,Brain and central nervous system,112,Belarus,1,0,1992,4.105568554,4.436225509,0.3910360259,213
23,Brain and central nervous system,112,Belarus,1,0,1993,4.94469998,5.292557486,0.4788488261,256
23,Brain and central nervous system,112,Belarus,1,0,1994,5.114490858,5.382728495,0.4896744844,261
23,Brain and central nervous system,112,Belarus,1,0,1995,4.660641854,4.90916587,0.4193421883,236
23,Brain and central nervous system,112,Belarus,1,0,1996,4.858237117,5.405403149,0.4710075133,259
23,Brain and central nervous system,112,Belarus,1,0,1997,4.086436198,4.479109871,0.3812212218,214
23,Brain and central nervous system,112,Belarus,1,0,1998,4.566955932,4.894226934,0.4314891636,233
23,Brain and central nervous system,112,Belarus,1,0,1999,4.330803431,4.823904321,0.4298690169,229
23,Brain and central nervous system,112,Belarus,1,0,2000,4.5145198,4.996585312,0.4295368756,235
23,Brain and central nervous system,112,Belarus,1,0,2001,5.001797768,5.525077559,0.4731243682,259
23,Brain and central nervous system,112,Belarus,1,0,2002,4.047205728,4.500183865,0.3818990043,210
23,Brain and central nervous system,112,Belarus,1,0,2003,4.34433475,4.974088244,0.4270543838,230
23,Brain and central nervous system,112,Belarus,1,0,2004,4.390864732,4.786111921,0.4116692029,220
23,Brain and central nervous system,112,Belarus,1,0,2005,4.406446443,5.121258937,0.4348247971,234
23,Brain and central nervous system,112,Belarus,1,0,2006,4.34959634,4.884312205,0.4014504372,222
23,Brain and central nervous system,112,Belarus,1,0,2007,5.143224243,5.80801913,0.5046360428,263
23,Brain and central nervous system,112,Belarus,1,0,2008,6.218303308,6.992958091,0.6006293464,310
23,Brain and central nervous system,112,Belarus,1,0,2009,5.178922478,5.99304942,0.4922970847,265
23,Brain and central nervous system,112,Belarus,1,0,2010,5.809247879,6.593817446,0.5473639799,291
23,Brain and central nervous system,112,Belarus,1,0,2011,5.299589275,6.13186647,0.4913504207,270
23,Brain and central nervous system,112,Belarus,1,0,2012,5.698023954,6.7304697,0.5559094014,296
23,Brain and central nervous system,112,Belarus,1,0,2013,5.100818012,6.343175407,0.5354461533,277
23,Brain and central nervous system,112,Belarus,1,0,2014,5.605476116,7.005608379,0.5755778733,306
23,Brain and central nervous system,112,Belarus,1,0,2015,5.991972541,6.882784578,0.5755898678,301
23,Brain and central nervous system,112,Belarus,1,0,2016,5.410099851,6.85354455,0.5719488954,300
23,Brain and central nervous system,112,Belarus,1,0,2017,5.6684211,6.861495005,0.5411862649,300
23,Brain and central nervous system,112,Belarus,2,0,1983,2.297254265,2.44896819,0.2007591562,128
23,Brain and central nervous system,112,Belarus,2,0,1984,1.746033878,1.996092981,0.1729136901,105
23,Brain and central nervous system,112,Belarus,2,0,1985,2.013786054,2.230820755,0.1883962763,118
23,Brain and central nervous system,112,Belarus,2,0,1986,2.42947822,2.725460937,0.2262739576,145
23,Brain and central nervous system,112,Belarus,2,0,1987,2.376944238,2.672484085,0.2137654472,143
23,Brain and central nervous system,112,Belarus,2,0,1988,2.383852236,2.732949555,0.2229858913,147
23,Brain and central nervous system,112,Belarus,2,0,1989,2.818101562,3.177795633,0.2614845573,172
23,Brain and central nervous system,112,Belarus,2,0,1990,3.177369923,3.408522264,0.2780713886,185
23,Brain and central nervous system,112,Belarus,2,0,1991,3.162692407,3.447261961,0.2729439432,187
23,Brain and central nervous system,112,Belarus,2,0,1992,3.001498126,3.369251767,0.2787527017,183
23,Brain and central nervous system,112,Belarus,2,0,1993,3.219525041,3.552577413,0.2864836819,194
23,Brain and central nervous system,112,Belarus,2,0,1994,4.057585124,4.350556908,0.3562691172,238
23,Brain and central nervous system,112,Belarus,2,0,1995,3.206422389,3.624844282,0.2988430876,199
23,Brain and central nervous system,112,Belarus,2,0,1996,3.675314745,4.165992129,0.3374536403,228
23,Brain and central nervous system,112,Belarus,2,0,1997,3.58540034,3.993850204,0.3242079516,218
23,Brain and central nervous system,112,Belarus,2,0,1998,3.118114326,3.472269428,0.2765672402,189
23,Brain and central nervous system,112,Belarus,2,0,1999,2.964987783,3.681933251,0.2978305875,200
23,Brain and central nervous system,112,Belarus,2,0,2000,3.519125914,3.856088519,0.310164953,205
23,Brain and central nervous system,112,Belarus,2,0,2001,3.305684368,3.752792436,0.3051465619,199
23,Brain and central nervous system,112,Belarus,2,0,2002,3.679746762,4.18207031,0.3380044273,221
23,Brain and central nervous system,112,Belarus,2,0,2003,3.857466504,4.45725917,0.3505892177,234
23,Brain and central nervous system,112,Belarus,2,0,2004,3.006871274,3.729962213,0.2943157959,195
23,Brain and central nervous system,112,Belarus,2,0,2005,3.9398935,4.360254608,0.3485783926,227
23,Brain and central nervous system,112,Belarus,2,0,2006,4.097639744,4.838706257,0.3753762551,251
23,Brain and central nervous system,112,Belarus,2,0,2007,4.03617071,4.831950558,0.3861107533,250
23,Brain and central nervous system,112,Belarus,2,0,2008,4.012045185,5.122715534,0.3967585018,261
23,Brain and central nervous system,112,Belarus,2,0,2009,4.583979039,5.781738203,0.4317593021,294
23,Brain and central nervous system,112,Belarus,2,0,2010,4.354729361,5.534374373,0.4380743992,281
23,Brain and central nervous system,112,Belarus,2,0,2011,4.097862668,5.16770892,0.3926230528,262
23,Brain and central nervous system,112,Belarus,2,0,2012,4.669299147,6.019833872,0.4507696786,305
23,Brain and central nervous system,112,Belarus,2,0,2013,3.798830747,5.200624942,0.3849841403,264
23,Brain and central nervous system,112,Belarus,2,0,2014,4.842661431,6.633093112,0.4920435419,337
23,Brain and central nervous system,112,Belarus,2,0,2015,4.437587796,5.994678298,0.4230487483,305
23,Brain and central nervous system,112,Belarus,2,0,2016,4.708744018,6.068244777,0.4602159377,309
23,Brain and central nervous system,112,Belarus,2,0,2017,4.470685775,6.192542056,0.4524957772,315
23,Brain and central nervous system,124,Canada,1,0,1978,7.080991063,7.274907661,0.7601201524,603
23,Brain and central nervous system,124,Canada,1,0,1979,6.892471252,7.176811554,0.7101757007,598
23,Brain and central nervous system,124,Canada,1,0,1980,7.040270352,7.406584454,0.7423628466,626
23,Brain and central nervous system,124,Canada,1,0,1981,6.682306172,7.025092651,0.7036896552,602
23,Brain and central nervous system,124,Canada,1,0,1982,7.077325748,7.539702654,0.7473820637,653
23,Brain and central nervous system,124,Canada,1,0,1983,7.263526545,7.760994015,0.7396148677,685
23,Brain and central nervous system,124,Canada,1,0,1984,7.116583159,7.610538312,0.7134110057,680
23,Brain and central nervous system,124,Canada,1,0,1985,6.773412699,7.251966418,0.693146708,655
23,Brain and central nervous system,124,Canada,1,0,1986,6.746268478,7.27154933,0.6948150606,664
23,Brain and central nervous system,124,Canada,1,0,1987,6.90490775,7.58708555,0.7216924771,703
23,Brain and central nervous system,124,Canada,1,0,1988,7.256281962,8.023305267,0.7289474934,758
23,Brain and central nervous system,124,Canada,1,0,1989,6.388366073,7.053955812,0.6627659141,680
23,Brain and central nervous system,124,Canada,1,0,1990,7.0840763,7.801949998,0.7372218985,765
23,Brain and central nervous system,124,Canada,1,0,1991,7.050797077,7.888485229,0.704038067,783
23,Brain and central nervous system,124,Canada,1,0,1992,6.979226673,7.924544828,0.7056270405,798
23,Brain and central nervous system,124,Canada,1,0,1993,6.268718604,7.212592893,0.6455100315,735
23,Brain and central nervous system,124,Canada,1,0,1994,6.288185393,7.391609506,0.6521536252,763
23,Brain and central nervous system,124,Canada,1,0,1995,6.621302457,7.726257178,0.6767091199,808
23,Brain and central nervous system,124,Canada,1,0,1996,6.430274072,7.589894942,0.658542582,804
23,Brain and central nervous system,124,Canada,1,0,1997,6.686952404,7.738968869,0.6634470273,830
23,Brain and central nervous system,124,Canada,1,0,1998,6.608286421,7.808477207,0.6451744039,848
23,Brain and central nervous system,124,Canada,1,0,1999,7.014671529,8.528746528,0.7053897294,935
23,Brain and central nervous system,124,Canada,1,0,2000,6.397920122,7.760406299,0.6507028055,860
23,Brain and central nervous system,124,Canada,1,0,2001,6.261538805,7.693270721,0.638907866,864
23,Brain and central nervous system,124,Canada,1,0,2002,6.466385528,7.885385438,0.6407698802,895
23,Brain and central nervous system,124,Canada,1,0,2003,6.613921171,8.241251519,0.6851296458,945
23,Brain and central nervous system,124,Canada,1,0,2004,6.244600137,7.741803851,0.6165010507,897
23,Brain and central nervous system,124,Canada,1,0,2005,6.288753475,7.895343762,0.6275168779,925
23,Brain and central nervous system,124,Canada,1,0,2006,6.27963083,8.004543274,0.6386014992,949
23,Brain and central nervous system,124,Canada,1,0,2007,6.766936691,8.663755645,0.6965351818,1040
23,Brain and central nervous system,124,Canada,1,0,2008,6.874828104,8.706434129,0.6833638878,1056
23,Brain and central nervous system,124,Canada,1,0,2009,6.628715122,8.553286937,0.6443971089,1049
23,Brain and central nervous system,124,Canada,1,0,2010,6.296570146,8.104843482,0.5974049988,1006
23,Brain and central nervous system,124,Canada,1,0,2011,6.571612181,8.66972311,0.6290982212,1087
23,Brain and central nervous system,124,Canada,1,0,2012,6.55797682,8.403044343,0.6152180508,1067
23,Brain and central nervous system,124,Canada,1,0,2013,6.701617913,9.037861022,0.642960523,1163
23,Brain and central nervous system,124,Canada,1,0,2014,6.005385139,8.353686334,0.5886105324,1089
23,Brain and central nervous system,124,Canada,1,0,2015,6.498308857,8.730004829,0.631440309,1148
23,Brain and central nervous system,124,Canada,1,0,2016,6.261827604,8.644544437,0.610316311,1152
23,Brain and central nervous system,124,Canada,1,0,2017,5.924216941,8.434890826,0.5997607472,1139
23,Brain and central nervous system,124,Canada,1,1,1956,4.295323854,4.236212167,0.4286916291,347
23,Brain and central nervous system,124,Canada,1,1,1957,3.980653402,3.889274028,0.3974281593,328
23,Brain and central nervous system,124,Canada,1,1,1958,4.587303261,4.477919328,0.4679729886,388
23,Brain and central nervous system,124,Canada,1,1,1959,3.892138323,3.765909063,0.4179015774,334
23,Brain and central nervous system,124,Canada,1,1,1960,4.478469961,4.339764706,0.4510207581,393
23,Brain and central nervous system,124,Canada,1,1,1961,4.440135363,4.236607256,0.4728598406,391
23,Brain and central nervous system,124,Canada,1,1,1962,4.145326193,4.013510733,0.4322776765,377
23,Brain and central nervous system,124,Canada,1,1,1963,4.483656155,4.310823562,0.4722436758,412
23,Brain and central nervous system,124,Canada,1,1,1964,4.737490611,4.554957516,0.5061769371,443
23,Brain and central nervous system,124,Canada,1,1,1965,4.231666408,4.081596365,0.4524369495,404
23,Brain and central nervous system,124,Canada,1,1,1966,4.720231279,4.536193564,0.4863935066,457
23,Brain and central nervous system,124,Canada,1,1,1967,4.628042599,4.528214018,0.4725538014,464
23,Brain and central nervous system,124,Canada,1,1,1968,4.818647458,4.651937518,0.4887284069,484
23,Brain and central nervous system,124,Canada,1,1,1969,4.835730896,4.683015986,0.4989735068,494
23,Brain and central nervous system,124,Canada,1,1,1970,4.725175152,4.585517791,0.5142188876,493
23,Brain and central nervous system,124,Canada,1,1,1971,4.97955148,4.769283846,0.5276353037,524
23,Brain and central nervous system,124,Canada,1,1,1972,4.977360659,4.833151799,0.5177875662,539
23,Brain and central nervous system,124,Canada,1,1,1973,4.827895655,4.696900586,0.5311536175,530
23,Brain and central nervous system,124,Canada,1,1,1974,4.941543094,4.898455242,0.5546408349,560
23,Brain and central nervous system,124,Canada,1,1,1975,4.575141724,4.548856379,0.4895442328,527
23,Brain and central nervous system,124,Canada,1,1,1976,4.838616506,4.817982382,0.5135578536,565
23,Brain and central nervous system,124,Canada,1,1,1977,4.394125832,4.379443601,0.4737931419,519
23,Brain and central nervous system,124,Canada,1,1,1978,5.127393074,5.149888939,0.5727846458,616
23,Brain and central nervous system,124,Canada,1,1,1979,4.455789536,4.578227482,0.5181383919,553
23,Brain and central nervous system,124,Canada,1,1,1980,5.27312912,5.508321043,0.5917681412,673
23,Brain and central nervous system,124,Canada,1,1,1981,4.689885935,4.91723835,0.5420441233,608
23,Brain and central nervous system,124,Canada,1,1,1982,4.934907385,5.254701878,0.5660290594,657
23,Brain and central nervous system,124,Canada,1,1,1983,4.612989497,5.035806484,0.5070484278,636
23,Brain and central nervous system,124,Canada,1,1,1984,5.008494088,5.459425565,0.5590147458,696
23,Brain and central nervous system,124,Canada,1,1,1985,4.775908692,5.229683747,0.5439140201,673
23,Brain and central nervous system,124,Canada,1,1,1986,4.749478714,5.282229036,0.5231790802,687
23,Brain and central nervous system,124,Canada,1,1,1987,4.907469769,5.467985514,0.5638816084,720
23,Brain and central nervous system,124,Canada,1,1,1988,4.97239411,5.645898459,0.5506140005,754
23,Brain and central nervous system,124,Canada,1,1,1989,4.63270732,5.27085505,0.5105663717,715
23,Brain and central nervous system,124,Canada,1,1,1990,4.862524592,5.554760462,0.5562941761,765
23,Brain and central nervous system,124,Canada,1,1,1991,4.313717814,5.052452701,0.4964585362,705
23,Brain and central nervous system,124,Canada,1,1,1992,4.572274266,5.334051718,0.5038636963,753
23,Brain and central nervous system,124,Canada,1,1,1993,4.336998962,5.268845283,0.4940239078,752
23,Brain and central nervous system,124,Canada,1,1,1994,4.416891196,5.365767526,0.4974135815,774
23,Brain and central nervous system,124,Canada,1,1,1995,4.497536715,5.557559021,0.5242103051,810
23,Brain and central nervous system,124,Canada,1,1,1996,4.610756324,5.744898008,0.5289934861,846
23,Brain and central nervous system,124,Canada,1,1,1997,4.500674837,5.506708637,0.5012202253,819
23,Brain and central nervous system,124,Canada,1,1,1998,4.504808654,5.744051783,0.4960110535,862
23,Brain and central nervous system,124,Canada,1,1,1999,4.401869921,5.686766182,0.4759691891,861
23,Brain and central nervous system,124,Canada,1,1,2000,4.471922896,5.86655932,0.488704481,897
23,Brain and central nervous system,124,Canada,1,1,2001,4.260496227,5.544679881,0.464692625,857
23,Brain and central nervous system,124,Canada,1,1,2002,4.085236575,5.537716958,0.4754398201,865
23,Brain and central nervous system,124,Canada,1,1,2003,4.138513509,5.687735881,0.4822519471,897
23,Brain and central nervous system,124,Canada,1,1,2004,4.223774362,5.810728735,0.4868256269,925
23,Brain and central nervous system,124,Canada,1,1,2005,3.988024621,5.58683895,0.4360788971,898
23,Brain and central nervous system,124,Canada,1,1,2006,4.287127992,5.9509054,0.4730776647,966
23,Brain and central nervous system,124,Canada,1,1,2007,4.26622127,6.257314876,0.4728497809,1026
23,Brain and central nervous system,124,Canada,1,1,2008,4.248303608,6.29353753,0.4910613894,1043
23,Brain and central nervous system,124,Canada,1,1,2009,4.340363934,6.575476973,0.4882066098,1102
23,Brain and central nervous system,124,Canada,1,1,2010,4.116593613,6.350700808,0.4547600845,1076
23,Brain and central nervous system,124,Canada,1,1,2011,4.120624268,6.383037495,0.4368939913,1093
23,Brain and central nervous system,124,Canada,1,1,2012,4.165843823,6.481079997,0.4663838095,1122
23,Brain and central nervous system,124,Canada,1,1,2013,4.367021145,6.901837446,0.4771897144,1208
23,Brain and central nervous system,124,Canada,1,1,2014,4.234344475,6.908121838,0.4734160142,1221
23,Brain and central nervous system,124,Canada,1,1,2015,4.387617476,7.024463774,0.4827203831,1253
23,Brain and central nervous system,124,Canada,1,1,2016,4.281540681,7.12041591,0.4629475889,1284
23,Brain and central nervous system,124,Canada,1,1,2017,4.367953934,7.347952949,0.4901345375,1342
23,Brain and central nervous system,124,Canada,1,1,2018,4.064587669,6.875532712,0.4441951318,1273
23,Brain and central nervous system,124,Canada,1,1,2019,4.128218945,7.204433007,0.4538924636,1352
23,Brain and central nervous system,124,Canada,1,1,2020,4.187798321,7.482421648,0.4634238063,1419
23,Brain and central nervous system,124,Canada,1,1,2021,3.846854596,6.903815431,0.4199551978,1319
23,Brain and central nervous system,124,Canada,1,1,2022,4.211866409,7.57168905,0.4662612827,1460
23,Brain and central nervous system,124,Canada,2,0,1978,4.665370768,5.216168001,0.4894682485,433
23,Brain and central nervous system,124,Canada,2,0,1979,5.105689628,5.659793401,0.5171089295,474
23,Brain and central nervous system,124,Canada,2,0,1980,5.427506579,6.053209,0.5561460117,515
23,Brain and central nervous system,124,Canada,2,0,1981,5.316598803,5.834590066,0.5460114364,504
23,Brain and central nervous system,124,Canada,2,0,1982,4.843533789,5.525005339,0.4957483228,483
23,Brain and central nervous system,124,Canada,2,0,1983,5.111450293,5.696428238,0.4961264881,507
23,Brain and central nervous system,124,Canada,2,0,1984,5.269316355,6.053107034,0.5264533829,546
23,Brain and central nervous system,124,Canada,2,0,1985,5.237591551,6.036154043,0.5194019084,551
23,Brain and central nervous system,124,Canada,2,0,1986,5.014067059,5.877017086,0.5007490111,543
23,Brain and central nervous system,124,Canada,2,0,1987,4.996836653,5.968814861,0.5293678483,560
23,Brain and central nervous system,124,Canada,2,0,1988,5.106410303,6.101172723,0.5129105408,583
23,Brain and central nervous system,124,Canada,2,0,1989,4.754001573,5.751428194,0.4797622027,561
23,Brain and central nervous system,124,Canada,2,0,1990,5.049172009,5.994838394,0.5079814528,595
23,Brain and central nervous system,124,Canada,2,0,1991,5.070450443,6.108245674,0.5050331403,614
23,Brain and central nervous system,124,Canada,2,0,1992,4.650266704,5.692203826,0.4705248028,581
23,Brain and central nervous system,124,Canada,2,0,1993,4.649049577,5.872175793,0.464467411,607
23,Brain and central nervous system,124,Canada,2,0,1994,5.003524709,6.192090477,0.4921179752,649
23,Brain and central nervous system,124,Canada,2,0,1995,5.065056248,6.107135148,0.5007937194,649
23,Brain and central nervous system,124,Canada,2,0,1996,4.254732373,5.495461324,0.4234529422,592
23,Brain and central nervous system,124,Canada,2,0,1997,4.748556535,6.170088529,0.491803002,673
23,Brain and central nervous system,124,Canada,2,0,1998,4.900298411,6.148749943,0.4744321208,679
23,Brain and central nervous system,124,Canada,2,0,1999,4.966878449,6.59028334,0.4973938298,735
23,Brain and central nervous system,124,Canada,2,0,2000,4.613004826,6.066222934,0.4558652856,684
23,Brain and central nervous system,124,Canada,2,0,2001,4.911730887,6.433032915,0.4752245615,735
23,Brain and central nervous system,124,Canada,2,0,2002,4.514732946,6.059420288,0.4569501905,699
23,Brain and central nervous system,124,Canada,2,0,2003,4.639488807,6.256818989,0.4559750919,729
23,Brain and central nervous system,124,Canada,2,0,2004,4.285616053,5.638439963,0.4077669933,664
23,Brain and central nervous system,124,Canada,2,0,2005,4.914048356,6.442221463,0.4606921963,767
23,Brain and central nervous system,124,Canada,2,0,2006,4.582904514,5.911515899,0.4259175617,712
23,Brain and central nervous system,124,Canada,2,0,2007,4.716452473,6.380883987,0.4566046385,778
23,Brain and central nervous system,124,Canada,2,0,2008,4.839697803,6.290320672,0.4422808122,776
23,Brain and central nervous system,124,Canada,2,0,2009,4.95821038,6.49530644,0.4603608095,811
23,Brain and central nervous system,124,Canada,2,0,2010,4.683662135,6.23174023,0.4443731344,788
23,Brain and central nervous system,124,Canada,2,0,2011,4.819736793,6.620500026,0.449159719,846
23,Brain and central nervous system,124,Canada,2,0,2012,4.742660273,6.433775341,0.4411952233,832
23,Brain and central nervous system,124,Canada,2,0,2013,5.050457461,6.706541307,0.4679028784,878
23,Brain and central nervous system,124,Canada,2,0,2014,4.293168685,6.156524195,0.4142551454,816
23,Brain and central nervous system,124,Canada,2,0,2015,4.557051638,6.384477257,0.4344585862,854
23,Brain and central nervous system,124,Canada,2,0,2016,4.604667902,6.536271734,0.4403742319,886
23,Brain and central nervous system,124,Canada,2,0,2017,4.335280883,6.057972025,0.4020590905,832
23,Brain and central nervous system,124,Canada,2,1,1956,2.761987759,2.698177193,0.2645119332,215
23,Brain and central nervous system,124,Canada,2,1,1957,3.03473029,2.948386365,0.3078644611,242
23,Brain and central nervous system,124,Canada,2,1,1958,3.056336373,2.938615985,0.3133086605,248
23,Brain and central nervous system,124,Canada,2,1,1959,2.894403084,2.856653806,0.2828645643,247
23,Brain and central nervous system,124,Canada,2,1,1960,3.034407562,2.951487219,0.3135383971,261
23,Brain and central nervous system,124,Canada,2,1,1961,2.893904867,2.811603265,0.2846640212,254
23,Brain and central nervous system,124,Canada,2,1,1962,3.115482525,3.036768323,0.315781675,280
23,Brain and central nervous system,124,Canada,2,1,1963,3.03937286,3.008422627,0.3048843454,283
23,Brain and central nervous system,124,Canada,2,1,1964,2.979577741,2.949145785,0.3018134913,283
23,Brain and central nervous system,124,Canada,2,1,1965,2.885331726,2.860812287,0.2868379809,280
23,Brain and central nervous system,124,Canada,2,1,1966,3.220242054,3.196666648,0.3223818647,319
23,Brain and central nervous system,124,Canada,2,1,1967,3.139065756,3.119491072,0.3273301492,317
23,Brain and central nervous system,124,Canada,2,1,1968,3.476270792,3.465666115,0.3612015181,358
23,Brain and central nervous system,124,Canada,2,1,1969,3.213480571,3.193864577,0.3430997801,335
23,Brain and central nervous system,124,Canada,2,1,1970,3.082878707,3.124771226,0.3178941691,334
23,Brain and central nervous system,124,Canada,2,1,1971,3.075956519,3.116773637,0.3304565761,340
23,Brain and central nervous system,124,Canada,2,1,1972,3.385422898,3.475125212,0.356905682,385
23,Brain and central nervous system,124,Canada,2,1,1973,3.334541267,3.446682121,0.3521322731,387
23,Brain and central nervous system,124,Canada,2,1,1974,3.307024999,3.414704993,0.3507724171,389
23,Brain and central nervous system,124,Canada,2,1,1975,3.037453794,3.268862091,0.3466869547,378
23,Brain and central nervous system,124,Canada,2,1,1976,3.240947057,3.376281308,0.3427987103,396
23,Brain and central nervous system,124,Canada,2,1,1977,3.22992977,3.510242986,0.3540292051,417
23,Brain and central nervous system,124,Canada,2,1,1978,3.494675542,3.861095267,0.3840243168,464
23,Brain and central nervous system,124,Canada,2,1,1979,3.282546455,3.808110074,0.3661080426,463
23,Brain and central nervous system,124,Canada,2,1,1980,3.541216734,4.067913202,0.4001870622,501
23,Brain and central nervous system,124,Canada,2,1,1981,3.451127447,3.942209927,0.4040756163,492
23,Brain and central nervous system,124,Canada,2,1,1982,3.524039183,4.083223049,0.3846219788,516
23,Brain and central nervous system,124,Canada,2,1,1983,3.090276304,3.66892038,0.3396426154,469
23,Brain and central nervous system,124,Canada,2,1,1984,3.257862563,3.954563229,0.3540140543,511
23,Brain and central nervous system,124,Canada,2,1,1985,3.29680837,4.165831171,0.3783504066,544
23,Brain and central nervous system,124,Canada,2,1,1986,3.15274405,3.95300079,0.3629034196,522
23,Brain and central nervous system,124,Canada,2,1,1987,3.287246909,4.179950066,0.3804054915,559
23,Brain and central nervous system,124,Canada,2,1,1988,3.365523224,4.339460125,0.3719533583,589
23,Brain and central nervous system,124,Canada,2,1,1989,3.053827719,3.99974248,0.3451933478,552
23,Brain and central nervous system,124,Canada,2,1,1990,3.165462987,4.159095312,0.3605795754,583
23,Brain and central nervous system,124,Canada,2,1,1991,3.075899585,4.182056464,0.3529034751,594
23,Brain and central nervous system,124,Canada,2,1,1992,3.218489614,4.220198118,0.3561140402,607
23,Brain and central nervous system,124,Canada,2,1,1993,2.90465052,3.90161876,0.338445731,568
23,Brain and central nervous system,124,Canada,2,1,1994,3.012817936,4.129704089,0.3265236166,608
23,Brain and central nervous system,124,Canada,2,1,1995,2.763821754,3.883263587,0.3068125383,578
23,Brain and central nervous system,124,Canada,2,1,1996,3.155848893,4.281603026,0.3522887102,644
23,Brain and central nervous system,124,Canada,2,1,1997,2.905845907,4.141885319,0.3211580518,629
23,Brain and central nervous system,124,Canada,2,1,1998,3.027654035,4.313736981,0.3446621285,661
23,Brain and central nervous system,124,Canada,2,1,1999,2.975036982,4.41165802,0.329639432,682
23,Brain and central nervous system,124,Canada,2,1,2000,2.777205083,4.07646565,0.3092699657,636
23,Brain and central nervous system,124,Canada,2,1,2001,2.935484387,4.410648651,0.3330610304,695
23,Brain and central nervous system,124,Canada,2,1,2002,2.72193097,4.096655433,0.304752579,652
23,Brain and central nervous system,124,Canada,2,1,2003,2.787883708,4.294862209,0.3107193554,690
23,Brain and central nervous system,124,Canada,2,1,2004,2.740617992,4.218616087,0.2979826757,684
23,Brain and central nervous system,124,Canada,2,1,2005,2.720763033,4.11201219,0.290858566,673
23,Brain and central nervous system,124,Canada,2,1,2006,2.59764426,4.187253239,0.2751214764,692
23,Brain and central nervous system,124,Canada,2,1,2007,2.623049218,4.336533703,0.2937067383,724
23,Brain and central nervous system,124,Canada,2,1,2008,2.971437852,4.85881887,0.3168187511,820
23,Brain and central nervous system,124,Canada,2,1,2009,2.694827426,4.482300188,0.2960380533,765
23,Brain and central nervous system,124,Canada,2,1,2010,2.851858747,4.793122987,0.3089962087,827
23,Brain and central nervous system,124,Canada,2,1,2011,2.809011613,4.910525324,0.3158219885,856
23,Brain and central nervous system,124,Canada,2,1,2012,2.880088804,4.860712617,0.2956299766,856
23,Brain and central nervous system,124,Canada,2,1,2013,2.940721569,5.08126454,0.3099253798,904
23,Brain and central nervous system,124,Canada,2,1,2014,3.061421882,5.317544847,0.3251334183,955
23,Brain and central nervous system,124,Canada,2,1,2015,3.009936924,5.324263216,0.3329058293,965
23,Brain and central nervous system,124,Canada,2,1,2016,2.854519251,5.09806168,0.3145937026,934
23,Brain and central nervous system,124,Canada,2,1,2017,2.717635688,5.192800514,0.2984031467,963
23,Brain and central nervous system,124,Canada,2,1,2018,2.667570119,5.085176439,0.3008309435,955
23,Brain and central nervous system,124,Canada,2,1,2019,2.411672852,4.774747852,0.2789079066,908
23,Brain and central nervous system,124,Canada,2,1,2020,2.839637358,5.357295281,0.3123387682,1029
23,Brain and central nervous system,124,Canada,2,1,2021,2.564613954,5.276845895,0.2868351302,1021
23,Brain and central nervous system,124,Canada,2,1,2022,2.864262551,5.353422212,0.3167397014,1046
23,Brain and central nervous system,152,Chile,1,0,1998,5.462722638,5.55743891,0.5719126764,10
23,Brain and central nervous system,152,Chile,1,0,1999,4.09183783,3.867616995,0.4084674944,7
23,Brain and central nervous system,152,Chile,1,0,2000,3.461425848,3.846597684,0.2960091607,7
23,Brain and central nervous system,152,Chile,1,0,2001,4.529297661,4.374524954,0.414616165,8
23,Brain and central nervous system,152,Chile,1,0,2002,2.257300786,2.176704904,0.2258395339,4
23,Brain and central nervous system,152,Chile,1,0,2003,2.074843596,2.165803053,0.3031716822,4
23,Brain and central nervous system,152,Chile,1,0,2004,1.34076602,1.077731375,0.0768989425,2
23,Brain and central nervous system,152,Chile,1,0,2005,4.188862636,4.290027295,0.4977066831,8
23,Brain and central nervous system,152,Chile,1,0,2006,3.622687928,3.739835661,0.4510947198,7
23,Brain and central nervous system,152,Chile,1,0,2007,8.061460548,8.518431757,0.9153025173,16
23,Brain and central nervous system,152,Chile,1,0,2008,7.256595024,6.375348652,0.6268731297,12
23,Brain and central nervous system,152,Chile,1,0,2009,2.280443205,2.647659998,0.1826532003,5
23,Brain and central nervous system,152,Chile,1,0,2010,1.606591159,1.583205358,0.07103822077,3
23,Brain and central nervous system,152,Chile,1,0,2011,4.718221879,5.268620622,0.5203516432,10
23,Brain and central nervous system,152,Chile,1,0,2012,5.721747685,6.836492143,0.6201980076,13
23,Brain and central nervous system,152,Chile,1,0,2013,5.259451126,5.204863424,0.5291169591,10
23,Brain and central nervous system,152,Chile,1,0,2014,4.311800082,4.662366928,0.4274460971,9
23,Brain and central nervous system,152,Chile,1,0,2015,2.259442472,2.578675386,0.1782881767,5
23,Brain and central nervous system,152,Chile,1,0,2016,4.40550559,5.131863226,0.4391768862,10
23,Brain and central nervous system,152,Chile,1,0,2017,3.00010849,4.596221906,0.2205764795,9
23,Brain and central nervous system,152,Chile,1,1,1997,1.521107122,1.426360954,0.1402356397,106
23,Brain and central nervous system,152,Chile,1,1,1998,1.731523226,1.673701415,0.1807494868,126
23,Brain and central nervous system,152,Chile,1,1,1999,1.542148481,1.508627348,0.169138955,115
23,Brain and central nervous system,152,Chile,1,1,2000,1.678642663,1.620494773,0.174802251,125
23,Brain and central nervous system,152,Chile,1,1,2001,2.073554209,2.025016775,0.2179528026,158
23,Brain and central nervous system,152,Chile,1,1,2002,1.777423361,1.774889722,0.1987686785,140
23,Brain and central nervous system,152,Chile,1,1,2003,1.712559472,1.7315271,0.1858743041,138
23,Brain and central nervous system,152,Chile,1,1,2004,2.111250679,2.186290048,0.2258496283,176
23,Brain and central nervous system,152,Chile,1,1,2005,1.884559822,2.041845282,0.196655514,166
23,Brain and central nervous system,152,Chile,1,1,2006,1.713817261,1.802857639,0.182562877,148
23,Brain and central nervous system,152,Chile,1,1,2007,2.029177713,2.183443646,0.2435168009,181
23,Brain and central nervous system,152,Chile,1,1,2008,2.080057426,2.317028084,0.2323893064,194
23,Brain and central nervous system,152,Chile,1,1,2009,2.291928873,2.589314349,0.2525994854,219
23,Brain and central nervous system,152,Chile,1,1,2010,2.266192173,2.539972674,0.2321082301,217
23,Brain and central nervous system,152,Chile,1,1,2011,2.371123949,2.735138463,0.2434976851,236
23,Brain and central nervous system,152,Chile,1,1,2012,2.119922732,2.502222013,0.2306599606,218
23,Brain and central nervous system,152,Chile,1,1,2013,2.413995864,2.967124432,0.2542915681,261
23,Brain and central nervous system,152,Chile,1,1,2014,2.320682944,2.712416237,0.2475621001,241
23,Brain and central nervous system,152,Chile,1,1,2015,2.289089335,2.81848144,0.2470044181,253
23,Brain and central nervous system,152,Chile,1,1,2016,2.369360259,2.916674784,0.241082408,265
23,Brain and central nervous system,152,Chile,1,1,2017,2.163220951,2.740766299,0.2411466706,253
23,Brain and central nervous system,152,Chile,1,1,2018,2.182582398,2.777296126,0.2309288114,261
23,Brain and central nervous system,152,Chile,1,1,2019,2.602559105,3.267303948,0.2797078479,312
23,Brain and central nervous system,152,Chile,1,1,2020,2.032630407,2.719749957,0.2240077495,262
23,Brain and central nervous system,152,Chile,1,1,2021,2.400786542,3.246361516,0.2471300325,314
23,Brain and central nervous system,152,Chile,2,0,1998,4.395022549,4.494685035,0.2979994038,8
23,Brain and central nervous system,152,Chile,2,0,1999,1.415459033,1.673033489,0.1229194495,3
23,Brain and central nervous system,152,Chile,2,0,2000,2.605734756,2.76799752,0.2400106557,5
23,Brain and central nervous system,152,Chile,2,0,2001,1.987602179,1.651018679,0.1321169998,3
23,Brain and central nervous system,152,Chile,2,0,2002,3.78904597,3.829803531,0.309960505,7
23,Brain and central nervous system,152,Chile,2,0,2003,5.21241697,4.351326067,0.3265784049,8
23,Brain and central nervous system,152,Chile,2,0,2004,3.811997588,4.866916862,0.4887023367,9
23,Brain and central nervous system,152,Chile,2,0,2005,2.351435777,2.688215401,0.3008555346,5
23,Brain and central nervous system,152,Chile,2,0,2006,2.916885624,3.210066769,0.4151742651,6
23,Brain and central nervous system,152,Chile,2,0,2007,2.338465973,2.662137483,0.2927286274,5
23,Brain and central nervous system,152,Chile,2,0,2008,2.940652838,3.18337852,0.2835197341,6
23,Brain and central nervous system,152,Chile,2,0,2009,3.382465639,3.696916244,0.2501454813,7
23,Brain and central nervous system,152,Chile,2,0,2010,2.955250805,3.154242456,0.2315801729,6
23,Brain and central nervous system,152,Chile,2,0,2011,3.316097839,4.190587939,0.3910927521,8
23,Brain and central nervous system,152,Chile,2,0,2012,5.234490784,5.74220626,0.4358675493,11
23,Brain and central nervous system,152,Chile,2,0,2013,2.640140922,3.041593795,0.1409578075,6
23,Brain and central nervous system,152,Chile,2,0,2014,3.934499899,4.531585148,0.26701679,9
23,Brain and central nervous system,152,Chile,2,0,2015,1.744984778,2.501338216,0.3034643636,5
23,Brain and central nervous system,152,Chile,2,0,2016,1.96237646,2.48392898,0.2452605628,5
23,Brain and central nervous system,152,Chile,2,0,2017,5.71350868,7.400828893,0.5490894735,15
23,Brain and central nervous system,152,Chile,2,1,1997,0.998865983,1.026538623,0.09748151529,77
23,Brain and central nervous system,152,Chile,2,1,1998,1.212057658,1.289545882,0.1274528295,98
23,Brain and central nervous system,152,Chile,2,1,1999,1.116468263,1.195350243,0.1196595457,92
23,Brain and central nervous system,152,Chile,2,1,2000,1.264987186,1.347892022,0.1360373781,105
23,Brain and central nervous system,152,Chile,2,1,2001,1.308828781,1.433747329,0.1253161472,113
23,Brain and central nervous system,152,Chile,2,1,2002,1.293953764,1.44289073,0.1236922518,115
23,Brain and central nervous system,152,Chile,2,1,2003,1.318537428,1.464945348,0.1429920121,118
23,Brain and central nervous system,152,Chile,2,1,2004,1.548213129,1.708213848,0.1548551446,139
23,Brain and central nervous system,152,Chile,2,1,2005,1.297836725,1.508722025,0.1373056609,124
23,Brain and central nervous system,152,Chile,2,1,2006,1.307280319,1.554215931,0.1515049272,129
23,Brain and central nervous system,152,Chile,2,1,2007,1.498188912,1.813426346,0.1471382734,152
23,Brain and central nervous system,152,Chile,2,1,2008,1.735736401,2.09066802,0.1966725775,177
23,Brain and central nervous system,152,Chile,2,1,2009,1.670099655,2.069717196,0.1754367965,177
23,Brain and central nervous system,152,Chile,2,1,2010,2.071488491,2.512136688,0.2052153493,217
23,Brain and central nervous system,152,Chile,2,1,2011,1.917626275,2.395863753,0.2120974729,209
23,Brain and central nervous system,152,Chile,2,1,2012,1.696704455,2.339085003,0.1787281219,206
23,Brain and central nervous system,152,Chile,2,1,2013,1.649967345,2.159581608,0.1683179861,192
23,Brain and central nervous system,152,Chile,2,1,2014,1.805128941,2.461263499,0.1909776138,221
23,Brain and central nervous system,152,Chile,2,1,2015,1.762243891,2.458340363,0.1887865633,223
23,Brain and central nervous system,152,Chile,2,1,2016,1.76823959,2.396114156,0.1710342083,220
23,Brain and central nervous system,152,Chile,2,1,2017,1.782573604,2.476448944,0.1828986677,231
23,Brain and central nervous system,152,Chile,2,1,2018,1.585280794,2.295809468,0.1805494438,218
23,Brain and central nervous system,152,Chile,2,1,2019,2.00742822,2.756880503,0.2062890741,266
23,Brain and central nervous system,152,Chile,2,1,2020,1.838512531,2.608503073,0.1823295572,254
23,Brain and central nervous system,152,Chile,2,1,2021,1.931047878,2.89248727,0.1914597299,283
23,Brain and central nervous system,156,China,1,0,2002,5.633452541,6.988961237,0.5535725118,313
23,Brain and central nervous system,156,China,1,0,2003,5.095738889,7.049885975,0.5304777271,316
23,Brain and central nervous system,156,China,1,0,2004,5.646006698,7.757843257,0.6021634901,349
23,Brain and central nervous system,156,China,1,0,2005,4.66129566,6.635909191,0.4883260198,299
23,Brain and central nervous system,156,China,1,0,2006,5.700783767,8.247929204,0.5994865235,372
23,Brain and central nervous system,156,China,1,0,2007,4.819850396,6.854841652,0.4701610953,310
23,Brain and central nervous system,156,China,1,0,2008,4.786472774,7.800867067,0.5126021094,353
23,Brain and central nervous system,156,China,1,0,2009,5.112055558,7.880267743,0.5293103876,356
23,Brain and central nervous system,156,China,1,0,2010,4.346089974,6.616532005,0.4323547314,298
23,Brain and central nervous system,156,China,1,0,2011,4.059429123,6.444169493,0.3893629182,290
23,Brain and central nervous system,156,China,1,0,2012,3.941619004,6.439651912,0.3780016593,290
23,Brain and central nervous system,156,China,1,0,2013,4.141779859,6.804997893,0.4165397554,306
23,Brain and central nervous system,156,China,1,0,2014,4.385403811,7.367428154,0.4055713234,330
23,Brain and central nervous system,156,China,1,0,2015,4.155907913,6.625117926,0.3929667736,296
23,Brain and central nervous system,156,China,1,0,2016,4.007617175,7.194202683,0.4223437037,321
23,Brain and central nervous system,156,China,1,0,2017,4.343098689,7.048475444,0.4107569891,316
23,Brain and central nervous system,156,China,2,0,2002,5.935518511,8.084024669,0.6375727207,355
23,Brain and central nervous system,156,China,2,0,2003,5.940135012,9.035693942,0.6479524878,398
23,Brain and central nervous system,156,China,2,0,2004,6.135750555,9.461304057,0.6285122815,419
23,Brain and central nervous system,156,China,2,0,2005,6.092921996,9.603741096,0.6729387036,427
23,Brain and central nervous system,156,China,2,0,2006,5.465496989,8.574340201,0.564020093,383
23,Brain and central nervous system,156,China,2,0,2007,5.402382063,9.030184839,0.5682198111,406
23,Brain and central nervous system,156,China,2,0,2008,5.495642472,9.313796631,0.5507400263,421
23,Brain and central nervous system,156,China,2,0,2009,4.580510954,8.484098706,0.4552686372,385
23,Brain and central nervous system,156,China,2,0,2010,4.602104877,7.6707285,0.4408098143,350
23,Brain and central nervous system,156,China,2,0,2011,4.59213576,7.753798761,0.481437402,355
23,Brain and central nervous system,156,China,2,0,2012,4.508750749,7.667627516,0.4498456741,352
23,Brain and central nervous system,156,China,2,0,2013,4.523481363,7.695859628,0.4559440497,354
23,Brain and central nervous system,156,China,2,0,2014,3.45123605,7.24135479,0.3588196102,333
23,Brain and central nervous system,156,China,2,0,2015,4.247408074,7.889577216,0.4245065737,363
23,Brain and central nervous system,156,China,2,0,2016,3.552617736,6.627115462,0.3319407722,305
23,Brain and central nervous system,156,China,2,0,2017,3.685078825,6.854049482,0.3391596592,318
23,Brain and central nervous system,170,Colombia,1,0,2003,4.905148979,4.60258654,0.4331960312,81
23,Brain and central nervous system,170,Colombia,1,0,2004,5.602717545,5.372811559,0.5689651098,96
23,Brain and central nervous system,170,Colombia,1,0,2005,5.897316421,5.361630953,0.6362691567,97
23,Brain and central nervous system,170,Colombia,1,0,2006,5.750422826,5.15548397,0.6231753973,95
23,Brain and central nervous system,170,Colombia,1,0,2007,5.366331487,5.182382464,0.5654053386,97
23,Brain and central nervous system,170,Colombia,1,0,2008,4.717486676,4.55848012,0.4982685347,88
23,Brain and central nervous system,170,Colombia,1,0,2009,3.961286822,3.845329565,0.3431302612,75
23,Brain and central nervous system,170,Colombia,1,0,2010,4.607146975,4.41245611,0.4518733384,87
23,Brain and central nervous system,170,Colombia,1,0,2011,5.060504711,4.967976623,0.4492686838,99
23,Brain and central nervous system,170,Colombia,1,0,2012,4.786003676,4.764606123,0.4921512896,96
23,Brain and central nervous system,170,Colombia,1,0,2013,5.751887866,5.802138162,0.4930740775,117
23,Brain and central nervous system,170,Colombia,1,0,2014,5.348933963,5.493376312,0.5130314029,112
23,Brain and central nervous system,170,Colombia,1,0,2015,5.354442127,5.773271499,0.5140731286,119
23,Brain and central nervous system,170,Colombia,1,0,2016,4.955482639,5.229099314,0.5059735556,109
23,Brain and central nervous system,170,Colombia,1,0,2017,4.798687357,5.026252687,0.4336204197,106
23,Brain and central nervous system,170,Colombia,1,1,1998,2.923917631,2.140099882,0.3162348502,402
23,Brain and central nervous system,170,Colombia,1,1,1999,3.293095716,2.412986705,0.3495012609,461
23,Brain and central nervous system,170,Colombia,1,1,2000,3.2903698,2.514023473,0.3340060632,488
23,Brain and central nervous system,170,Colombia,1,1,2001,3.026178369,2.298449508,0.3297357647,453
23,Brain and central nervous system,170,Colombia,1,1,2002,3.047493693,2.379387189,0.3199597862,476
23,Brain and central nervous system,170,Colombia,1,1,2003,2.856226574,2.241233741,0.2914273251,455
23,Brain and central nervous system,170,Colombia,1,1,2004,3.444208708,2.733619996,0.377424696,563
23,Brain and central nervous system,170,Colombia,1,1,2005,3.241821436,2.547866058,0.3469730491,532
23,Brain and central nervous system,170,Colombia,1,1,2006,3.064508477,2.529165892,0.3222868812,535
23,Brain and central nervous system,170,Colombia,1,1,2007,3.144587116,2.680128132,0.3088033672,574
23,Brain and central nervous system,170,Colombia,1,1,2008,2.781044255,2.371940151,0.3041560138,514
23,Brain and central nervous system,170,Colombia,1,1,2009,2.74084109,2.386137282,0.2836204927,523
23,Brain and central nervous system,170,Colombia,1,1,2010,2.481569266,2.22438389,0.253684123,493
23,Brain and central nervous system,170,Colombia,1,1,2011,2.305582855,2.111909033,0.2497115794,473
23,Brain and central nervous system,170,Colombia,1,1,2012,2.537368709,2.387588625,0.252159243,540
23,Brain and central nervous system,170,Colombia,1,1,2013,2.544025629,2.413806571,0.2567100978,551
23,Brain and central nervous system,170,Colombia,1,1,2014,2.642795459,2.579644236,0.2565792095,594
23,Brain and central nervous system,170,Colombia,1,1,2015,2.62975423,2.596724432,0.2727159211,603
23,Brain and central nervous system,170,Colombia,1,1,2016,2.598372157,2.627010521,0.263473541,616
23,Brain and central nervous system,170,Colombia,1,1,2017,2.816317925,2.90469543,0.2789876062,691
23,Brain and central nervous system,170,Colombia,1,1,2018,2.7132757,2.835429914,0.2707550826,687
23,Brain and central nervous system,170,Colombia,1,1,2019,2.934149003,3.126008046,0.2981266366,771
23,Brain and central nervous system,170,Colombia,1,1,2020,2.933068626,3.182332394,0.3010355306,796
23,Brain and central nervous system,170,Colombia,1,1,2021,2.820065351,3.090221408,0.2911043462,781
23,Brain and central nervous system,170,Colombia,2,0,2003,2.986482483,3.079536735,0.3002075582,60
23,Brain and central nervous system,170,Colombia,2,0,2004,3.785001524,3.736835859,0.3785003765,74
23,Brain and central nervous system,170,Colombia,2,0,2005,4.502275922,4.486873651,0.4711073693,90
23,Brain and central nervous system,170,Colombia,2,0,2006,4.176229974,4.306244446,0.4010351661,88
23,Brain and central nervous system,170,Colombia,2,0,2007,4.064724816,4.191431846,0.4546842597,87
23,Brain and central nervous system,170,Colombia,2,0,2008,3.979788892,4.230233048,0.3679869242,89
23,Brain and central nervous system,170,Colombia,2,0,2009,3.494517864,3.672530788,0.318173518,78
23,Brain and central nervous system,170,Colombia,2,0,2010,4.35844711,4.611284979,0.4272059293,99
23,Brain and central nervous system,170,Colombia,2,0,2011,3.292059946,3.643637494,0.3300235598,79
23,Brain and central nervous system,170,Colombia,2,0,2012,4.807600224,5.095126466,0.4999968895,112
23,Brain and central nervous system,170,Colombia,2,0,2013,4.065696799,4.894680525,0.3850681864,108
23,Brain and central nervous system,170,Colombia,2,0,2014,4.006345576,4.796995198,0.388567541,107
23,Brain and central nervous system,170,Colombia,2,0,2015,4.241633983,4.966665691,0.4196687321,112
23,Brain and central nervous system,170,Colombia,2,0,2016,3.746103603,4.33991627,0.360606973,99
23,Brain and central nervous system,170,Colombia,2,0,2017,3.713840747,4.548928272,0.3479504646,105
23,Brain and central nervous system,170,Colombia,2,1,1998,2.219572681,1.772938177,0.2403441293,337
23,Brain and central nervous system,170,Colombia,2,1,1999,2.296097164,1.834633951,0.2668220859,355
23,Brain and central nervous system,170,Colombia,2,1,2000,2.401032974,1.991989509,0.2444440178,392
23,Brain and central nervous system,170,Colombia,2,1,2001,2.341538341,1.949968411,0.2552878492,390
23,Brain and central nervous system,170,Colombia,2,1,2002,2.305294456,1.929178575,0.2586543548,392
23,Brain and central nervous system,170,Colombia,2,1,2003,2.260474161,1.977116763,0.2480452594,408
23,Brain and central nervous system,170,Colombia,2,1,2004,2.649359975,2.305734637,0.2858108985,483
23,Brain and central nervous system,170,Colombia,2,1,2005,2.348913441,2.122476944,0.2473246897,451
23,Brain and central nervous system,170,Colombia,2,1,2006,2.376524353,2.14505946,0.2504807168,462
23,Brain and central nervous system,170,Colombia,2,1,2007,2.297401008,2.140386728,0.2423202824,467
23,Brain and central nervous system,170,Colombia,2,1,2008,2.29667701,2.16399413,0.2480652242,478
23,Brain and central nervous system,170,Colombia,2,1,2009,1.979251175,1.91470859,0.203100953,428
23,Brain and central nervous system,170,Colombia,2,1,2010,2.022851873,1.976662252,0.211109554,447
23,Brain and central nervous system,170,Colombia,2,1,2011,1.61410399,1.618348326,0.1625150844,370
23,Brain and central nervous system,170,Colombia,2,1,2012,1.967183767,2.052050344,0.1985026344,474
23,Brain and central nervous system,170,Colombia,2,1,2013,1.874432923,2.006467944,0.1844520841,468
23,Brain and central nervous system,170,Colombia,2,1,2014,2.027465877,2.183610411,0.2129159091,514
23,Brain and central nervous system,170,Colombia,2,1,2015,2.092156503,2.282261178,0.2145816533,542
23,Brain and central nervous system,170,Colombia,2,1,2016,2.029165816,2.271893077,0.2061981783,545
23,Brain and central nervous system,170,Colombia,2,1,2017,2.034252335,2.325198384,0.2077778767,566
23,Brain and central nervous system,170,Colombia,2,1,2018,2.068736428,2.435942034,0.2103552139,604
23,Brain and central nervous system,170,Colombia,2,1,2019,2.14733334,2.535261828,0.2054879628,640
23,Brain and central nervous system,170,Colombia,2,1,2020,2.173528827,2.658401601,0.2131832532,681
23,Brain and central nervous system,170,Colombia,2,1,2021,2.096608784,2.512068008,0.2103007268,651
23,Brain and central nervous system,188,Costa Rica,1,0,1982,4.095292731,3.295766949,0.4026150425,41
23,Brain and central nervous system,188,Costa Rica,1,0,1983,2.493789661,2.108900497,0.2437681679,27
23,Brain and central nervous system,188,Costa Rica,1,0,1984,3.66688265,2.884025006,0.3924697617,38
23,Brain and central nervous system,188,Costa Rica,1,0,1985,3.060847219,2.284159794,0.3066177326,31
23,Brain and central nervous system,188,Costa Rica,1,0,1986,3.654067202,2.789793362,0.3729537407,39
23,Brain and central nervous system,188,Costa Rica,1,0,1987,3.582544755,2.713186923,0.3811633138,39
23,Brain and central nervous system,188,Costa Rica,1,0,1988,3.039260663,2.573781162,0.2535749395,38
23,Brain and central nervous system,188,Costa Rica,1,0,1989,3.918834918,3.300510853,0.3815742859,50
23,Brain and central nervous system,188,Costa Rica,1,0,1990,3.416924957,2.770877434,0.3409897232,43
23,Brain and central nervous system,188,Costa Rica,1,0,1991,3.216641723,2.582325806,0.3180216179,41
23,Brain and central nervous system,188,Costa Rica,1,0,1992,3.861391633,3.081208327,0.3879053102,50
23,Brain and central nervous system,188,Costa Rica,1,0,1993,3.265144343,2.762318137,0.3387047593,46
23,Brain and central nervous system,188,Costa Rica,1,0,1994,3.286680598,2.681809172,0.3403900627,46
23,Brain and central nervous system,188,Costa Rica,1,0,1995,3.915545427,3.116083751,0.3781923183,55
23,Brain and central nervous system,188,Costa Rica,1,0,1996,3.105270941,2.702178066,0.2603269528,49
23,Brain and central nervous system,188,Costa Rica,1,0,1997,4.007586401,3.06456391,0.4840714951,57
23,Brain and central nervous system,188,Costa Rica,1,0,1998,3.398758743,2.780877844,0.3939498641,53
23,Brain and central nervous system,188,Costa Rica,1,0,1999,4.255754801,3.432676001,0.4254739506,67
23,Brain and central nervous system,188,Costa Rica,1,0,2000,3.820709242,3.205816955,0.4001354431,64
23,Brain and central nervous system,188,Costa Rica,1,0,2001,3.838990415,3.237598526,0.36554822,66
23,Brain and central nervous system,188,Costa Rica,1,0,2002,3.350231802,2.980823688,0.3401072403,62
23,Brain and central nervous system,188,Costa Rica,1,0,2003,4.471028392,3.855602452,0.4497590072,81
23,Brain and central nervous system,188,Costa Rica,1,0,2004,4.029695721,3.56288635,0.3655579134,76
23,Brain and central nervous system,188,Costa Rica,1,0,2005,3.844812087,3.418318585,0.3759620645,74
23,Brain and central nervous system,188,Costa Rica,1,0,2006,3.431700307,3.09640803,0.3543139462,68
23,Brain and central nervous system,188,Costa Rica,1,0,2007,2.867445844,2.693556743,0.2774756666,60
23,Brain and central nervous system,188,Costa Rica,1,0,2008,3.971916573,3.763559885,0.3509122963,85
23,Brain and central nervous system,188,Costa Rica,1,0,2009,3.298495723,3.147671707,0.305120152,72
23,Brain and central nervous system,188,Costa Rica,1,0,2010,4.270513628,4.061715608,0.4230091637,94
23,Brain and central nervous system,188,Costa Rica,1,0,2011,3.28077965,3.162426949,0.2989923922,74
23,Brain and central nervous system,188,Costa Rica,1,0,2012,2.465865612,2.451990657,0.2329783874,58
23,Brain and central nervous system,188,Costa Rica,1,0,2013,2.653912625,2.562112323,0.2587075059,61
23,Brain and central nervous system,188,Costa Rica,1,0,2014,2.308992107,2.240366424,0.2520809753,54
23,Brain and central nervous system,188,Costa Rica,1,0,2015,3.693801997,3.566547262,0.3908967905,87
23,Brain and central nervous system,188,Costa Rica,1,0,2016,2.33164174,2.512330681,0.2612691148,62
23,Brain and central nervous system,188,Costa Rica,1,1,1997,2.795416163,2.061304833,0.3175183081,38
23,Brain and central nervous system,188,Costa Rica,1,1,1998,3.108253573,2.550781137,0.3583378906,48
23,Brain and central nervous system,188,Costa Rica,1,1,1999,3.317647217,2.604991581,0.3559267325,50
23,Brain and central nervous system,188,Costa Rica,1,1,2000,2.892454281,2.352110418,0.3060299993,46
23,Brain and central nervous system,188,Costa Rica,1,1,2001,2.99229145,2.562544939,0.2901560188,51
23,Brain and central nervous system,188,Costa Rica,1,1,2002,2.398182988,2.076418119,0.2540857883,42
23,Brain and central nervous system,188,Costa Rica,1,1,2003,3.015183657,2.532270624,0.347746616,52
23,Brain and central nervous system,188,Costa Rica,1,1,2004,3.580136824,3.263948821,0.3268267379,68
23,Brain and central nervous system,188,Costa Rica,1,1,2005,2.997627601,2.744677987,0.2794919873,58
23,Brain and central nervous system,188,Costa Rica,1,1,2006,2.888673129,2.660503012,0.2890689337,57
23,Brain and central nervous system,188,Costa Rica,1,1,2007,2.556064428,2.48723679,0.2647522193,54
23,Brain and central nervous system,188,Costa Rica,1,1,2008,2.324085921,2.363440843,0.2152179167,52
23,Brain and central nervous system,188,Costa Rica,1,1,2009,2.048369077,2.063438163,0.2062969984,46
23,Brain and central nervous system,188,Costa Rica,1,1,2010,2.545693854,2.525824898,0.2606589297,57
23,Brain and central nervous system,188,Costa Rica,1,1,2011,2.985194992,3.109848386,0.3055503452,71
23,Brain and central nervous system,188,Costa Rica,1,1,2012,2.527928284,2.554372967,0.2561110785,59
23,Brain and central nervous system,188,Costa Rica,1,1,2013,2.747575971,2.911465544,0.3163056071,68
23,Brain and central nervous system,188,Costa Rica,1,1,2014,2.59853853,2.880434437,0.3116636214,68
23,Brain and central nervous system,188,Costa Rica,1,1,2015,3.051576586,3.227478331,0.3573024038,77
23,Brain and central nervous system,188,Costa Rica,1,1,2016,3.045914416,3.402884276,0.2989330103,82
23,Brain and central nervous system,188,Costa Rica,1,1,2017,3.313444268,3.700138324,0.3675660327,90
23,Brain and central nervous system,188,Costa Rica,1,1,2018,3.779448817,4.360096721,0.3837074586,107
23,Brain and central nervous system,188,Costa Rica,1,1,2019,3.230033187,3.799056581,0.3469712975,94
23,Brain and central nervous system,188,Costa Rica,1,1,2020,3.479277115,4.215492779,0.3475136946,105
23,Brain and central nervous system,188,Costa Rica,1,1,2021,3.241015891,4.156094103,0.3713123545,104
23,Brain and central nervous system,188,Costa Rica,1,1,2022,3.061570166,3.901212541,0.3207951589,98
23,Brain and central nervous system,188,Costa Rica,2,0,1982,2.724445428,2.084834414,0.2605195383,25
23,Brain and central nervous system,188,Costa Rica,2,0,1983,2.285463653,1.782467648,0.2740779128,22
23,Brain and central nervous system,188,Costa Rica,2,0,1984,1.217803391,1.023449592,0.09810366651,13
23,Brain and central nervous system,188,Costa Rica,2,0,1985,2.351049491,2.139540855,0.2018983952,28
23,Brain and central nervous system,188,Costa Rica,2,0,1986,1.283995551,1.038422369,0.1107513896,14
23,Brain and central nervous system,188,Costa Rica,2,0,1987,2.168042867,2.163685709,0.1843460494,30
23,Brain and central nervous system,188,Costa Rica,2,0,1988,2.024578692,1.544438407,0.2228736264,22
23,Brain and central nervous system,188,Costa Rica,2,0,1989,1.864670651,1.709865858,0.1795728427,25
23,Brain and central nervous system,188,Costa Rica,2,0,1990,2.692843981,2.669042114,0.184950278,40
23,Brain and central nervous system,188,Costa Rica,2,0,1991,3.014197904,2.67286772,0.2867201053,41
23,Brain and central nervous system,188,Costa Rica,2,0,1992,2.60540238,2.295144049,0.2539734031,36
23,Brain and central nervous system,188,Costa Rica,2,0,1993,1.733429886,1.553034256,0.1521343321,25
23,Brain and central nervous system,188,Costa Rica,2,0,1994,1.848634195,1.568805391,0.1784048339,26
23,Brain and central nervous system,188,Costa Rica,2,0,1995,2.75960162,2.287614095,0.3011746903,39
23,Brain and central nervous system,188,Costa Rica,2,0,1996,3.094555727,2.683754378,0.2818435482,47
23,Brain and central nervous system,188,Costa Rica,2,0,1997,2.364035157,1.948201226,0.2563058765,35
23,Brain and central nervous system,188,Costa Rica,2,0,1998,4.04324552,3.476156284,0.3761154682,64
23,Brain and central nervous system,188,Costa Rica,2,0,1999,2.922775117,2.598328161,0.2793370095,49
23,Brain and central nervous system,188,Costa Rica,2,0,2000,3.056582989,2.695758742,0.3056788301,52
23,Brain and central nervous system,188,Costa Rica,2,0,2001,3.354163776,3.096888439,0.2843836292,61
23,Brain and central nervous system,188,Costa Rica,2,0,2002,3.699331841,3.433539611,0.3394517783,69
23,Brain and central nervous system,188,Costa Rica,2,0,2003,3.109839092,2.84954734,0.353360295,58
23,Brain and central nervous system,188,Costa Rica,2,0,2004,2.619955922,2.61225943,0.1996122826,54
23,Brain and central nervous system,188,Costa Rica,2,0,2005,3.388916824,3.144845883,0.3409699454,66
23,Brain and central nervous system,188,Costa Rica,2,0,2006,2.205827818,2.018800194,0.2404065427,43
23,Brain and central nervous system,188,Costa Rica,2,0,2007,1.836524189,1.804218262,0.1699932034,39
23,Brain and central nervous system,188,Costa Rica,2,0,2008,3.114922042,3.009980823,0.3007510854,66
23,Brain and central nervous system,188,Costa Rica,2,0,2009,3.214887153,3.060464425,0.3359265166,68
23,Brain and central nervous system,188,Costa Rica,2,0,2010,2.788997867,2.712019939,0.298069718,61
23,Brain and central nervous system,188,Costa Rica,2,0,2011,2.563066464,2.548842188,0.2580150114,58
23,Brain and central nervous system,188,Costa Rica,2,0,2012,2.81498537,2.910928625,0.2705673505,67
23,Brain and central nervous system,188,Costa Rica,2,0,2013,2.427190204,2.315292205,0.2055348313,54
23,Brain and central nervous system,188,Costa Rica,2,0,2014,1.685371057,1.60825594,0.139231955,38
23,Brain and central nervous system,188,Costa Rica,2,0,2015,2.334615117,2.382045893,0.2013265022,57
23,Brain and central nervous system,188,Costa Rica,2,0,2016,2.391170954,2.352889699,0.2213451266,57
23,Brain and central nervous system,188,Costa Rica,2,1,1997,1.872592496,1.614449539,0.2011784469,30
23,Brain and central nervous system,188,Costa Rica,2,1,1998,2.950334691,2.630108855,0.3058949947,50
23,Brain and central nervous system,188,Costa Rica,2,1,1999,1.723590367,1.647184421,0.170070399,32
23,Brain and central nervous system,188,Costa Rica,2,1,2000,2.532737734,2.219925496,0.2717291817,44
23,Brain and central nervous system,188,Costa Rica,2,1,2001,2.364414558,2.229115418,0.2183110112,45
23,Brain and central nervous system,188,Costa Rica,2,1,2002,2.51057368,2.386761559,0.2649719001,49
23,Brain and central nervous system,188,Costa Rica,2,1,2003,1.520824613,1.438647786,0.16550966,30
23,Brain and central nervous system,188,Costa Rica,2,1,2004,1.935604458,1.889723753,0.1598710988,40
23,Brain and central nervous system,188,Costa Rica,2,1,2005,2.201843521,2.234574973,0.211499295,48
23,Brain and central nervous system,188,Costa Rica,2,1,2006,1.828912551,1.881694213,0.2209669522,41
23,Brain and central nervous system,188,Costa Rica,2,1,2007,1.709358241,1.720108086,0.1902571914,38
23,Brain and central nervous system,188,Costa Rica,2,1,2008,1.513337198,1.607233623,0.1472967308,36
23,Brain and central nervous system,188,Costa Rica,2,1,2009,1.772258363,1.805768064,0.1594917602,41
23,Brain and central nervous system,188,Costa Rica,2,1,2010,2.025450124,2.218091932,0.2431328116,51
23,Brain and central nervous system,188,Costa Rica,2,1,2011,2.557936751,2.750601855,0.2860173919,64
23,Brain and central nervous system,188,Costa Rica,2,1,2012,1.953171723,2.166369534,0.1989174048,51
23,Brain and central nervous system,188,Costa Rica,2,1,2013,2.405600562,2.646443359,0.2090207685,63
23,Brain and central nervous system,188,Costa Rica,2,1,2014,1.936514763,2.077823638,0.193208603,50
23,Brain and central nervous system,188,Costa Rica,2,1,2015,1.609446843,2.014574832,0.1500680474,49
23,Brain and central nervous system,188,Costa Rica,2,1,2016,1.633554345,1.994077184,0.1542926343,49
23,Brain and central nervous system,188,Costa Rica,2,1,2017,2.028630244,2.620085048,0.2166540445,65
23,Brain and central nervous system,188,Costa Rica,2,1,2018,2.131994546,2.675992434,0.2380508342,67
23,Brain and central nervous system,188,Costa Rica,2,1,2019,2.511845389,3.207596857,0.2387437765,81
23,Brain and central nervous system,188,Costa Rica,2,1,2020,2.569061076,3.459788607,0.246738225,88
23,Brain and central nervous system,188,Costa Rica,2,1,2021,1.996863416,2.697801644,0.2256283851,69
23,Brain and central nervous system,188,Costa Rica,2,1,2022,1.767504935,2.568368211,0.1841827866,66
23,Brain and central nervous system,191,Croatia,1,0,1988,7.94702444,9.408053994,0.8086611717,215
23,Brain and central nervous system,191,Croatia,1,0,1989,9.280924042,10.58238852,0.9217457943,240
23,Brain and central nervous system,191,Croatia,1,0,1990,9.632335516,10.94548706,0.9814590996,248
23,Brain and central nervous system,191,Croatia,1,0,1991,7.124761984,8.839194916,0.7712422928,202
23,Brain and central nervous system,191,Croatia,1,0,1992,7.806202224,9.491858855,0.8436580451,215
23,Brain and central nervous system,191,Croatia,1,0,1993,9.388447873,11.30961816,1.044707552,254
23,Brain and central nervous system,191,Croatia,1,0,1994,8.046713439,9.920919943,0.9295363756,221
23,Brain and central nervous system,191,Croatia,1,0,1995,9.000334406,10.81293354,0.9565674982,239
23,Brain and central nervous system,191,Croatia,1,0,1996,10.5173795,12.80774481,1.147852518,281
23,Brain and central nervous system,191,Croatia,1,0,1997,9.601479621,12.62261146,1.147777948,275
23,Brain and central nervous system,191,Croatia,1,0,1998,8.696719021,11.36648218,0.9257063993,246
23,Brain and central nervous system,191,Croatia,1,0,1999,11.80512952,14.92415183,1.202595238,321
23,Brain and central nervous system,191,Croatia,1,0,2000,12.43039209,14.48524429,1.450537301,305
23,Brain and central nervous system,191,Croatia,1,0,2001,11.14889921,13.5322448,1.044582584,288
23,Brain and central nervous system,191,Croatia,1,0,2002,9.803295649,12.54655029,0.9453327203,267
23,Brain and central nervous system,191,Croatia,1,0,2003,10.0215985,13.8608865,1.047213634,295
23,Brain and central nervous system,191,Croatia,1,0,2004,10.17670838,13.7208309,1.053356719,292
23,Brain and central nervous system,191,Croatia,1,0,2005,9.670668015,12.72338699,0.9960973075,271
23,Brain and central nervous system,191,Croatia,1,0,2006,8.993440839,12.44004719,0.9491982952,265
23,Brain and central nervous system,191,Croatia,1,0,2007,9.578090115,13.33786696,0.9475196422,284
23,Brain and central nervous system,191,Croatia,1,0,2008,8.774336545,12.72700803,0.9399850377,271
23,Brain and central nervous system,191,Croatia,1,0,2009,10.05155048,14.14778181,1.10031888,301
23,Brain and central nervous system,191,Croatia,1,0,2010,8.712638663,11.82217935,0.8110507149,251
23,Brain and central nervous system,191,Croatia,1,0,2011,9.417190804,13.66071247,0.9424804882,282
23,Brain and central nervous system,191,Croatia,1,0,2012,8.318246842,12.04643122,0.8340033478,248
23,Brain and central nervous system,191,Croatia,1,0,2013,7.229101412,10.74650265,0.7446789216,221
23,Brain and central nervous system,191,Croatia,1,0,2014,8.334675016,12.83085807,0.8140806533,263
23,Brain and central nervous system,191,Croatia,1,0,2015,6.931909312,10.64130277,0.7203586433,217
23,Brain and central nervous system,191,Croatia,1,0,2016,6.383478874,9.343456565,0.6127324809,189
23,Brain and central nervous system,191,Croatia,1,0,2017,6.993773008,10.47267679,0.7148690015,210
23,Brain and central nervous system,191,Croatia,1,1,1986,3.045996472,3.492145183,0.2868256427,80
23,Brain and central nervous system,191,Croatia,1,1,1987,3.268449284,3.827290057,0.3752727852,88
23,Brain and central nervous system,191,Croatia,1,1,1988,5.893302497,7.06484203,0.6483229521,163
23,Brain and central nervous system,191,Croatia,1,1,1989,5.439710013,6.52351793,0.5326366753,151
23,Brain and central nervous system,191,Croatia,1,1,1990,5.570492576,6.589323229,0.6351290864,153
23,Brain and central nervous system,191,Croatia,1,1,1991,5.921878355,7.294167967,0.6720218562,169
23,Brain and central nervous system,191,Croatia,1,1,1992,5.267889644,6.751703281,0.5959445304,155
23,Brain and central nervous system,191,Croatia,1,1,1993,5.432079013,7.047436737,0.6309737621,160
23,Brain and central nervous system,191,Croatia,1,1,1994,6.005069052,7.841793596,0.7413202205,176
23,Brain and central nervous system,191,Croatia,1,1,1995,5.285667655,7.124837296,0.5999908628,158
23,Brain and central nervous system,191,Croatia,1,1,1996,6.562118996,8.627887432,0.7399223659,189
23,Brain and central nervous system,191,Croatia,1,1,1997,6.759877604,9.475956494,0.8437275888,205
23,Brain and central nervous system,191,Croatia,1,1,1998,7.194403442,10.02076499,0.7774492131,214
23,Brain and central nervous system,191,Croatia,1,1,1999,6.847649179,9.775171065,0.7852041222,206
23,Brain and central nervous system,191,Croatia,1,1,2000,6.89925518,9.763668715,0.7655636726,203
23,Brain and central nervous system,191,Croatia,1,1,2001,6.540355003,9.238999121,0.7191834754,191
23,Brain and central nervous system,191,Croatia,1,1,2002,6.248376343,9.23062276,0.656169726,191
23,Brain and central nervous system,191,Croatia,1,1,2003,6.491350695,10.05294956,0.7094888004,208
23,Brain and central nervous system,191,Croatia,1,1,2004,6.785739241,10.23760911,0.7843956576,212
23,Brain and central nervous system,191,Croatia,1,1,2005,6.067793822,9.068748105,0.7552191601,188
23,Brain and central nervous system,191,Croatia,1,1,2006,5.822593672,9.447057916,0.6692166839,196
23,Brain and central nervous system,191,Croatia,1,1,2007,6.18624393,9.682353766,0.6958977913,201
23,Brain and central nervous system,191,Croatia,1,1,2008,6.746310961,10.45271327,0.7517612937,217
23,Brain and central nervous system,191,Croatia,1,1,2009,6.665453512,10.55564887,0.7550914248,219
23,Brain and central nervous system,191,Croatia,1,1,2010,6.733035831,10.9625691,0.7507316999,227
23,Brain and central nervous system,191,Croatia,1,1,2011,5.891143613,9.803498102,0.660095002,202
23,Brain and central nervous system,191,Croatia,1,1,2012,6.211436716,10.82975431,0.6421786951,222
23,Brain and central nervous system,191,Croatia,1,1,2013,6.513268781,10.33158765,0.7345649494,211
23,Brain and central nervous system,191,Croatia,1,1,2014,6.573143674,11.46833865,0.7059752579,233
23,Brain and central nervous system,191,Croatia,1,1,2015,6.11794588,11.26687581,0.6742070995,227
23,Brain and central nervous system,191,Croatia,1,1,2016,6.874211351,11.5956579,0.7270068649,231
23,Brain and central nervous system,191,Croatia,1,1,2017,6.028869077,9.976202177,0.6080222387,196
23,Brain and central nervous system,191,Croatia,1,1,2018,7.300209483,12.58694795,0.7982338614,244
23,Brain and central nervous system,191,Croatia,1,1,2019,6.671986155,11.50991011,0.6961800662,221
23,Brain and central nervous system,191,Croatia,1,1,2020,5.615430533,10.76189209,0.6746180354,205
23,Brain and central nervous system,191,Croatia,1,1,2021,6.568179692,12.63828077,0.7311976222,239
23,Brain and central nervous system,191,Croatia,2,0,1988,6.230322565,7.828653035,0.6436779824,190
23,Brain and central nervous system,191,Croatia,2,0,1989,6.148327108,7.86081232,0.5950597814,190
23,Brain and central nervous system,191,Croatia,2,0,1990,7.281201015,8.943703115,0.712030602,216
23,Brain and central nervous system,191,Croatia,2,0,1991,5.445499188,7.128194605,0.540991563,173
23,Brain and central nervous system,191,Croatia,2,0,1992,6.348763459,7.968177093,0.6572139204,192
23,Brain and central nervous system,191,Croatia,2,0,1993,6.935943377,9.235192351,0.7515572965,221
23,Brain and central nervous system,191,Croatia,2,0,1994,6.966346239,9.716909821,0.7589423376,231
23,Brain and central nervous system,191,Croatia,2,0,1995,5.657020343,7.746290775,0.629130536,183
23,Brain and central nervous system,191,Croatia,2,0,1996,7.033750663,10.04946808,0.7109761145,236
23,Brain and central nervous system,191,Croatia,2,0,1997,6.087004508,9.292573906,0.7304693387,217
23,Brain and central nervous system,191,Croatia,2,0,1998,6.810583474,10.2029263,0.7369943028,237
23,Brain and central nervous system,191,Croatia,2,0,1999,9.142979575,13.15231024,0.9399813278,304
23,Brain and central nervous system,191,Croatia,2,0,2000,8.157105349,10.94139499,0.8335069754,249
23,Brain and central nervous system,191,Croatia,2,0,2001,8.920609069,12.30321939,0.8660056782,282
23,Brain and central nervous system,191,Croatia,2,0,2002,8.580818843,12.34179175,0.8725208096,283
23,Brain and central nervous system,191,Croatia,2,0,2003,8.350093955,11.90723349,0.8177960787,273
23,Brain and central nervous system,191,Croatia,2,0,2004,7.625034368,11.51860101,0.7690080547,264
23,Brain and central nervous system,191,Croatia,2,0,2005,8.589087053,13.25885116,0.804359268,304
23,Brain and central nervous system,191,Croatia,2,0,2006,7.848748152,12.04937099,0.7937603838,276
23,Brain and central nervous system,191,Croatia,2,0,2007,6.831224624,10.27326895,0.6745849972,235
23,Brain and central nervous system,191,Croatia,2,0,2008,6.179710303,10.41129424,0.6345047255,238
23,Brain and central nervous system,191,Croatia,2,0,2009,6.644280326,11.52324607,0.6575642522,263
23,Brain and central nervous system,191,Croatia,2,0,2010,6.655556044,12.21728306,0.6788884354,278
23,Brain and central nervous system,191,Croatia,2,0,2011,6.563930689,11.73122147,0.6274591335,260
23,Brain and central nervous system,191,Croatia,2,0,2012,6.500961521,10.86534801,0.6059468077,240
23,Brain and central nervous system,191,Croatia,2,0,2013,6.122442666,10.29132147,0.631062768,227
23,Brain and central nervous system,191,Croatia,2,0,2014,5.894907219,10.37712191,0.5440543732,228
23,Brain and central nervous system,191,Croatia,2,0,2015,4.671784828,8.919696657,0.4867360906,195
23,Brain and central nervous system,191,Croatia,2,0,2016,4.755090633,8.487292355,0.4817215084,184
23,Brain and central nervous system,191,Croatia,2,0,2017,4.666861855,8.654962923,0.4541257991,186
23,Brain and central nervous system,191,Croatia,2,1,1986,1.593387752,2.054632269,0.1577626086,51
23,Brain and central nervous system,191,Croatia,2,1,1987,1.838194425,2.408736971,0.2012989005,60
23,Brain and central nervous system,191,Croatia,2,1,1988,3.517337662,4.602149204,0.4034072393,115
23,Brain and central nervous system,191,Croatia,2,1,1989,3.552852058,4.748545558,0.3774051763,119
23,Brain and central nervous system,191,Croatia,2,1,1990,3.949850269,5.650330117,0.4595747512,142
23,Brain and central nervous system,191,Croatia,2,1,1991,2.934227602,4.146337817,0.3164891688,104
23,Brain and central nervous system,191,Croatia,2,1,1992,3.214488491,4.705379878,0.3843667856,117
23,Brain and central nervous system,191,Croatia,2,1,1993,3.144481265,4.594591353,0.337129294,113
23,Brain and central nervous system,191,Croatia,2,1,1994,4.489253602,6.416770476,0.4988023239,156
23,Brain and central nervous system,191,Croatia,2,1,1995,3.167949817,4.829780426,0.354525376,116
23,Brain and central nervous system,191,Croatia,2,1,1996,4.127088623,6.535319396,0.4302650851,155
23,Brain and central nervous system,191,Croatia,2,1,1997,3.967721141,6.663104469,0.4783022041,156
23,Brain and central nervous system,191,Croatia,2,1,1998,4.428123134,7.358982417,0.5176124484,170
23,Brain and central nervous system,191,Croatia,2,1,1999,4.766192919,8.031804189,0.535170429,183
23,Brain and central nervous system,191,Croatia,2,1,2000,3.978273286,6.58665366,0.4302672026,148
23,Brain and central nervous system,191,Croatia,2,1,2001,4.046310615,7.252375041,0.4778661889,162
23,Brain and central nervous system,191,Croatia,2,1,2002,4.321315421,7.913861419,0.5093950464,177
23,Brain and central nervous system,191,Croatia,2,1,2003,4.47871064,8.088873933,0.4990644267,181
23,Brain and central nervous system,191,Croatia,2,1,2004,4.333061349,8.306317334,0.5119164337,186
23,Brain and central nervous system,191,Croatia,2,1,2005,4.60640377,8.657264907,0.4669422389,194
23,Brain and central nervous system,191,Croatia,2,1,2006,4.560476639,8.478055223,0.4879732583,190
23,Brain and central nervous system,191,Croatia,2,1,2007,4.651461321,8.437451033,0.5186930575,189
23,Brain and central nervous system,191,Croatia,2,1,2008,3.664384405,7.593982796,0.4179989842,170
23,Brain and central nervous system,191,Croatia,2,1,2009,4.141125835,8.632210579,0.4556944558,193
23,Brain and central nervous system,191,Croatia,2,1,2010,4.648143878,9.684088012,0.4812774377,216
23,Brain and central nervous system,191,Croatia,2,1,2011,4.818837619,10.35879721,0.5398936011,230
23,Brain and central nervous system,191,Croatia,2,1,2012,4.117365607,9.233574817,0.4479060805,204
23,Brain and central nervous system,191,Croatia,2,1,2013,4.818120948,9.363138415,0.5097303536,206
23,Brain and central nervous system,191,Croatia,2,1,2014,4.210260705,10.14718677,0.4632071712,222
23,Brain and central nervous system,191,Croatia,2,1,2015,4.338948574,9.589792035,0.4715001905,208
23,Brain and central nervous system,191,Croatia,2,1,2016,3.910025006,9.233702922,0.4487070946,198
23,Brain and central nervous system,191,Croatia,2,1,2017,4.18755199,9.080055587,0.4320512833,192
23,Brain and central nervous system,191,Croatia,2,1,2018,3.95244602,9.490249009,0.4467416339,198
23,Brain and central nervous system,191,Croatia,2,1,2019,3.906196767,9.050211736,0.4093712843,187
23,Brain and central nervous system,191,Croatia,2,1,2020,4.599454346,10.63887675,0.4913386514,218
23,Brain and central nervous system,191,Croatia,2,1,2021,4.496731532,10.57274788,0.5386542423,215
23,Brain and central nervous system,192,Cuba,1,1,2001,3.368294694,3.75711907,0.3403833343,210
23,Brain and central nervous system,192,Cuba,1,1,2002,3.610318251,4.071745222,0.3901427373,228
23,Brain and central nervous system,192,Cuba,1,1,2003,3.818793422,4.474103453,0.4133456816,251
23,Brain and central nervous system,192,Cuba,1,1,2004,4.126565968,4.822334348,0.4467087343,271
23,Brain and central nervous system,192,Cuba,1,1,2005,3.766789313,4.56788436,0.3937801102,257
23,Brain and central nervous system,192,Cuba,1,1,2006,3.790589089,4.814581751,0.4255920285,271
23,Brain and central nervous system,192,Cuba,1,1,2007,4.31516802,5.4552131,0.4582727181,307
23,Brain and central nervous system,192,Cuba,1,1,2008,3.673601227,4.942609283,0.3993099232,278
23,Brain and central nervous system,192,Cuba,1,1,2009,4.252689492,5.51525417,0.4888398041,310
23,Brain and central nervous system,192,Cuba,1,1,2010,4.034093736,5.430029881,0.4332425129,305
23,Brain and central nervous system,192,Cuba,1,1,2011,3.842619354,5.076790916,0.4172328971,285
23,Brain and central nervous system,192,Cuba,1,1,2012,4.34749718,5.95205,0.4791065861,334
23,Brain and central nervous system,192,Cuba,1,1,2013,4.284668236,5.955762593,0.4772582785,334
23,Brain and central nervous system,192,Cuba,1,1,2014,4.587370921,6.552895076,0.5035253787,367
23,Brain and central nervous system,192,Cuba,1,1,2015,4.317847919,6.203453429,0.4801492573,347
23,Brain and central nervous system,192,Cuba,1,1,2016,4.144770779,6.014133751,0.4486289103,336
23,Brain and central nervous system,192,Cuba,1,1,2017,4.264891591,6.457118812,0.4680789971,360
23,Brain and central nervous system,192,Cuba,1,1,2018,3.814508704,6.041047841,0.446620491,336
23,Brain and central nervous system,192,Cuba,1,1,2019,3.738510692,5.769084809,0.4244024082,320
23,Brain and central nervous system,192,Cuba,1,1,2020,4.022867219,6.509595551,0.4396514653,360
23,Brain and central nervous system,192,Cuba,1,1,2021,3.93760344,6.166251415,0.4384265429,339
23,Brain and central nervous system,192,Cuba,2,1,2001,2.503727542,2.988437089,0.2817190937,166
23,Brain and central nervous system,192,Cuba,2,1,2002,2.594337285,3.10155152,0.2807123518,173
23,Brain and central nervous system,192,Cuba,2,1,2003,2.568374343,3.214675494,0.2900751161,180
23,Brain and central nervous system,192,Cuba,2,1,2004,2.96022077,3.737272585,0.2960668525,210
23,Brain and central nervous system,192,Cuba,2,1,2005,2.489083858,3.246801058,0.2458793261,183
23,Brain and central nervous system,192,Cuba,2,1,2006,2.88955715,3.982430226,0.3136014732,225
23,Brain and central nervous system,192,Cuba,2,1,2007,3.326281622,4.470258469,0.3697187749,253
23,Brain and central nervous system,192,Cuba,2,1,2008,3.195857371,4.358411788,0.3517514622,247
23,Brain and central nervous system,192,Cuba,2,1,2009,3.298085228,4.441354296,0.3318838304,252
23,Brain and central nervous system,192,Cuba,2,1,2010,3.704977079,5.228415753,0.3871238634,297
23,Brain and central nervous system,192,Cuba,2,1,2011,3.005966333,4.448126016,0.3401412763,253
23,Brain and central nervous system,192,Cuba,2,1,2012,3.386365251,5.130310321,0.3396716774,292
23,Brain and central nervous system,192,Cuba,2,1,2013,3.093264035,4.76261317,0.3345918495,271
23,Brain and central nervous system,192,Cuba,2,1,2014,3.726613629,5.734189533,0.4062730103,326
23,Brain and central nervous system,192,Cuba,2,1,2015,3.592461799,5.544402213,0.3968649546,315
23,Brain and central nervous system,192,Cuba,2,1,2016,3.166598977,5.089127976,0.3412204315,289
23,Brain and central nervous system,192,Cuba,2,1,2017,3.129614738,5.341478236,0.3595282818,303
23,Brain and central nervous system,192,Cuba,2,1,2018,3.321685801,5.595597024,0.3628947718,317
23,Brain and central nervous system,192,Cuba,2,1,2019,3.105252342,4.968140693,0.3159343557,281
23,Brain and central nervous system,192,Cuba,2,1,2020,3.065308694,5.561403787,0.3358964754,314
23,Brain and central nervous system,192,Cuba,2,1,2021,3.105947857,5.564938116,0.3324249304,313
23,Brain and central nervous system,196,Cyprus,1,0,1998,6.115250578,6.838623355,0.5660331099,23
23,Brain and central nervous system,196,Cyprus,1,0,1999,4.466227012,5.004916595,0.4941578222,17
23,Brain and central nervous system,196,Cyprus,1,0,2000,6.816618921,7.001922611,0.6805167116,24
23,Brain and central nervous system,196,Cyprus,1,0,2001,4.493068987,4.910768449,0.4367668835,17
23,Brain and central nervous system,196,Cyprus,1,0,2002,5.491267514,5.712049855,0.4766242691,20
23,Brain and central nervous system,196,Cyprus,1,0,2003,5.323969009,5.640762405,0.5124386991,20
23,Brain and central nervous system,196,Cyprus,1,0,2004,6.268963509,7.514172564,0.6164040304,27
23,Brain and central nervous system,196,Cyprus,1,0,2005,2.801739826,3.565727326,0.3231806214,13
23,Brain and central nervous system,196,Cyprus,1,0,2006,5.66241233,7.267559231,0.6709289764,27
23,Brain and central nervous system,196,Cyprus,1,0,2007,5.317562086,6.308186449,0.5456267377,24
23,Brain and central nervous system,196,Cyprus,1,0,2008,4.996035192,6.411472946,0.5544724575,25
23,Brain and central nervous system,196,Cyprus,1,0,2009,6.918926079,9.259143404,0.6949480365,37
23,Brain and central nervous system,196,Cyprus,1,0,2010,5.591367419,7.094662367,0.6331865451,29
23,Brain and central nervous system,196,Cyprus,1,0,2011,3.961628832,5.012016907,0.4825966745,21
23,Brain and central nervous system,196,Cyprus,1,0,2012,4.87844177,6.412692381,0.5006933956,27
23,Brain and central nervous system,196,Cyprus,1,0,2013,5.189843459,7.156778782,0.6046342552,30
23,Brain and central nervous system,196,Cyprus,1,0,2014,4.155190649,6.274630943,0.4669746542,26
23,Brain and central nervous system,196,Cyprus,1,0,2015,6.645765134,7.561860901,0.5562798708,31
23,Brain and central nervous system,196,Cyprus,1,0,2016,6.171500643,7.494620796,0.6747942609,31
23,Brain and central nervous system,196,Cyprus,1,0,2017,6.863387035,8.540763165,0.6741318767,36
23,Brain and central nervous system,196,Cyprus,1,1,2005,2.071487011,3.020841057,0.2440106004,11
23,Brain and central nervous system,196,Cyprus,1,1,2006,2.131416181,2.971029759,0.2655391529,11
23,Brain and central nervous system,196,Cyprus,1,1,2007,2.745284501,3.964530666,0.3725901538,15
23,Brain and central nervous system,196,Cyprus,1,1,2008,3.83603697,4.902808277,0.4245140872,19
23,Brain and central nervous system,196,Cyprus,1,1,2009,2.455914187,4.027964141,0.3215874665,16
23,Brain and central nervous system,196,Cyprus,1,1,2010,3.712583278,5.163168415,0.457921856,21
23,Brain and central nervous system,196,Cyprus,1,1,2011,4.510956923,6.052536013,0.4963316587,25
23,Brain and central nervous system,196,Cyprus,1,1,2012,2.449169177,3.571343539,0.3204515875,15
23,Brain and central nervous system,196,Cyprus,1,1,2013,3.68874405,4.771185854,0.3696267692,20
23,Brain and central nervous system,196,Cyprus,1,1,2014,3.291935968,5.309303106,0.3981865051,22
23,Brain and central nervous system,196,Cyprus,1,1,2015,5.472230617,8.049722894,0.6195713844,33
23,Brain and central nervous system,196,Cyprus,1,1,2016,3.197880057,5.560525107,0.4019493429,23
23,Brain and central nervous system,196,Cyprus,1,1,2017,3.521989934,5.69384211,0.4039472533,24
23,Brain and central nervous system,196,Cyprus,1,1,2018,3.490516587,6.310903137,0.3691000922,27
23,Brain and central nervous system,196,Cyprus,1,1,2019,3.882962477,5.3331231,0.405641925,23
23,Brain and central nervous system,196,Cyprus,1,1,2020,4.933417692,8.225751171,0.5292688562,36
23,Brain and central nervous system,196,Cyprus,1,1,2021,3.998557948,5.667867499,0.4526935334,25
23,Brain and central nervous system,196,Cyprus,1,1,2022,2.775510996,4.45210206,0.2513722702,20
23,Brain and central nervous system,196,Cyprus,2,0,1998,4.68669246,5.194250542,0.4903105234,18
23,Brain and central nervous system,196,Cyprus,2,0,1999,4.250201321,4.560210454,0.3354995733,16
23,Brain and central nervous system,196,Cyprus,2,0,2000,4.838263581,5.636724387,0.5394291907,20
23,Brain and central nervous system,196,Cyprus,2,0,2001,6.410222993,6.400249331,0.4893590676,23
23,Brain and central nervous system,196,Cyprus,2,0,2002,3.999720533,4.400645795,0.3779750813,16
23,Brain and central nervous system,196,Cyprus,2,0,2003,3.68273917,5.158403718,0.4249641491,19
23,Brain and central nervous system,196,Cyprus,2,0,2004,3.531771732,4.013420879,0.2775265809,15
23,Brain and central nervous system,196,Cyprus,2,0,2005,2.381542023,3.68973542,0.3255139589,14
23,Brain and central nervous system,196,Cyprus,2,0,2006,4.580308492,5.693552311,0.4316354663,22
23,Brain and central nervous system,196,Cyprus,2,0,2007,5.282198173,7.32554468,0.5711427706,29
23,Brain and central nervous system,196,Cyprus,2,0,2008,4.956581299,6.633841436,0.4571808832,27
23,Brain and central nervous system,196,Cyprus,2,0,2009,3.236243231,4.528823578,0.3031345504,19
23,Brain and central nervous system,196,Cyprus,2,0,2010,3.085098321,5.104491256,0.4063213441,22
23,Brain and central nervous system,196,Cyprus,2,0,2011,3.454067981,5.191662641,0.3642693171,23
23,Brain and central nervous system,196,Cyprus,2,0,2012,4.415856201,6.744028163,0.4550638114,30
23,Brain and central nervous system,196,Cyprus,2,0,2013,2.117949669,3.162076762,0.2447813341,14
23,Brain and central nervous system,196,Cyprus,2,0,2014,2.880787012,3.874211199,0.3033251366,17
23,Brain and central nervous system,196,Cyprus,2,0,2015,4.384592376,6.233190586,0.4033676987,27
23,Brain and central nervous system,196,Cyprus,2,0,2016,4.174959125,5.731276493,0.3943064544,25
23,Brain and central nervous system,196,Cyprus,2,0,2017,5.280960017,8.357275799,0.6037130291,37
23,Brain and central nervous system,196,Cyprus,2,1,2005,2.508201015,3.168743514,0.3027531687,12
23,Brain and central nervous system,196,Cyprus,2,1,2006,1.803897225,2.597240691,0.25736284,10
23,Brain and central nervous system,196,Cyprus,2,1,2007,3.191614933,4.576275065,0.3451091859,18
23,Brain and central nervous system,196,Cyprus,2,1,2008,2.748583029,4.707433037,0.330743358,19
23,Brain and central nervous system,196,Cyprus,2,1,2009,1.727981368,2.646622909,0.1860920732,11
23,Brain and central nervous system,196,Cyprus,2,1,2010,2.420072364,3.506909781,0.3692884525,15
23,Brain and central nervous system,196,Cyprus,2,1,2011,1.230378074,2.523433521,0.1252336071,11
23,Brain and central nervous system,196,Cyprus,2,1,2012,2.637728789,4.505194489,0.3334755663,20
23,Brain and central nervous system,196,Cyprus,2,1,2013,2.031008233,3.387939388,0.2885767523,15
23,Brain and central nervous system,196,Cyprus,2,1,2014,1.8337013,3.19052687,0.2612929143,14
23,Brain and central nervous system,196,Cyprus,2,1,2015,1.834840759,3.693742569,0.1989209258,16
23,Brain and central nervous system,196,Cyprus,2,1,2016,3.100984262,4.814272254,0.3086722483,21
23,Brain and central nervous system,196,Cyprus,2,1,2017,4.047903077,6.324424929,0.3871216176,28
23,Brain and central nervous system,196,Cyprus,2,1,2018,2.474021592,4.463608202,0.341068392,20
23,Brain and central nervous system,196,Cyprus,2,1,2019,3.142020616,5.118903219,0.406095317,23
23,Brain and central nervous system,196,Cyprus,2,1,2020,4.216115,6.981457685,0.4908876032,32
23,Brain and central nervous system,196,Cyprus,2,1,2021,3.167595968,5.823709833,0.3470607697,27
23,Brain and central nervous system,196,Cyprus,2,1,2022,1.801936092,3.817805822,0.1720613172,18
23,Brain and central nervous system,203,Czechia,1,0,1983,4.98721964,5.432946948,0.4852863785,272
23,Brain and central nervous system,203,Czechia,1,0,1984,4.717762059,5.167777173,0.4349896646,259
23,Brain and central nervous system,203,Czechia,1,0,1985,4.602813606,5.021059559,0.4450695447,252
23,Brain and central nervous system,203,Czechia,1,0,1986,5.165737049,5.614733698,0.5023843653,282
23,Brain and central nervous system,203,Czechia,1,0,1987,5.036790273,5.670513331,0.5068509005,285
23,Brain and central nervous system,203,Czechia,1,0,1988,4.348323521,4.909560724,0.4476852974,247
23,Brain and central nervous system,203,Czechia,1,0,1989,4.959941925,5.441798574,0.4795711179,274
23,Brain and central nervous system,203,Czechia,1,0,1990,5.375591627,5.877097191,0.5291886294,296
23,Brain and central nervous system,203,Czechia,1,0,1991,4.921805799,5.75597082,0.531473416,288
23,Brain and central nervous system,203,Czechia,1,0,1992,4.765887895,5.369904579,0.4814613746,269
23,Brain and central nervous system,203,Czechia,1,0,1993,5.488357041,6.079390865,0.5519284284,305
23,Brain and central nervous system,203,Czechia,1,0,1994,6.391777898,7.547683837,0.6472874423,379
23,Brain and central nervous system,203,Czechia,1,0,1995,6.342770178,7.350358943,0.6407849333,369
23,Brain and central nervous system,203,Czechia,1,0,1996,6.821971919,8.056367452,0.7127319872,404
23,Brain and central nervous system,203,Czechia,1,0,1997,6.158399679,7.364488913,0.6237546573,369
23,Brain and central nervous system,203,Czechia,1,0,1998,6.211589615,7.229185139,0.6176202608,362
23,Brain and central nervous system,203,Czechia,1,0,1999,5.395338688,6.876117744,0.5656659105,344
23,Brain and central nervous system,203,Czechia,1,0,2000,6.442533622,8.301118991,0.6758086822,415
23,Brain and central nervous system,203,Czechia,1,0,2001,6.857209131,8.696610993,0.7332044771,433
23,Brain and central nervous system,203,Czechia,1,0,2002,6.59331127,8.500184708,0.7014008663,422
23,Brain and central nervous system,203,Czechia,1,0,2003,6.672442477,8.534296904,0.6988574938,424
23,Brain and central nervous system,203,Czechia,1,0,2004,6.372924581,8.266740149,0.6267160171,411
23,Brain and central nervous system,203,Czechia,1,0,2005,6.081614187,8.093858304,0.6445658745,404
23,Brain and central nervous system,203,Czechia,1,0,2006,6.336503692,8.378149785,0.6539944368,420
23,Brain and central nervous system,203,Czechia,1,0,2007,6.180955143,8.379388606,0.6219643568,423
23,Brain and central nervous system,203,Czechia,1,0,2008,6.116206064,8.448502855,0.6582487296,432
23,Brain and central nervous system,203,Czechia,1,0,2009,7.269188943,9.222389476,0.6974289562,475
23,Brain and central nervous system,203,Czechia,1,0,2010,7.016006142,10.13412308,0.737160629,523
23,Brain and central nervous system,203,Czechia,1,0,2011,6.333879847,8.674543359,0.6300469771,447
23,Brain and central nervous system,203,Czechia,1,0,2012,6.335086167,9.571949769,0.6651012469,494
23,Brain and central nervous system,203,Czechia,1,0,2013,5.420967616,8.350096491,0.570473491,431
23,Brain and central nervous system,203,Czechia,1,0,2014,5.631016145,8.376625462,0.5762100581,433
23,Brain and central nervous system,203,Czechia,1,0,2015,6.120719042,9.420409317,0.625344331,488
23,Brain and central nervous system,203,Czechia,1,0,2016,5.972271894,9.666836895,0.6279936779,502
23,Brain and central nervous system,203,Czechia,1,0,2017,6.79847041,9.966251086,0.6623101345,519
23,Brain and central nervous system,203,Czechia,1,1,1987,5.074499446,5.829685635,0.5591983595,293
23,Brain and central nervous system,203,Czechia,1,1,1988,4.921729194,5.645000994,0.5264790273,284
23,Brain and central nervous system,203,Czechia,1,1,1989,4.014884326,4.647375425,0.4237798771,234
23,Brain and central nervous system,203,Czechia,1,1,1990,4.766074335,5.400575797,0.4960757572,272
23,Brain and central nervous system,203,Czechia,1,1,1991,4.901852833,5.656040771,0.5448632044,283
23,Brain and central nervous system,203,Czechia,1,1,1992,4.308019284,5.010580109,0.4567860356,251
23,Brain and central nervous system,203,Czechia,1,1,1993,4.845574253,5.581024517,0.5380384085,280
23,Brain and central nervous system,203,Czechia,1,1,1994,5.898843183,7.069741506,0.617890249,355
23,Brain and central nervous system,203,Czechia,1,1,1995,5.467501762,6.573443289,0.5795583066,330
23,Brain and central nervous system,203,Czechia,1,1,1996,5.778203047,6.939874364,0.6024673832,348
23,Brain and central nervous system,203,Czechia,1,1,1997,5.267037806,6.666001397,0.5861546231,334
23,Brain and central nervous system,203,Czechia,1,1,1998,5.428654148,6.92946721,0.5956822507,347
23,Brain and central nervous system,203,Czechia,1,1,1999,4.923666939,6.456354742,0.5386794106,323
23,Brain and central nervous system,203,Czechia,1,1,2000,6.11403231,8.161100116,0.7196247522,408
23,Brain and central nervous system,203,Czechia,1,1,2001,6.143671943,8.272744616,0.6812163274,415
23,Brain and central nervous system,203,Czechia,1,1,2002,6.538479091,8.903037064,0.7485708421,442
23,Brain and central nervous system,203,Czechia,1,1,2003,5.872626411,8.11160767,0.6829829786,403
23,Brain and central nervous system,203,Czechia,1,1,2004,5.515976908,7.944920581,0.6204326395,395
23,Brain and central nervous system,203,Czechia,1,1,2005,5.392143827,7.793343763,0.5941795009,389
23,Brain and central nervous system,203,Czechia,1,1,2006,5.487882157,7.879450393,0.6185405969,395
23,Brain and central nervous system,203,Czechia,1,1,2007,4.740541659,6.814443689,0.5344101589,344
23,Brain and central nervous system,203,Czechia,1,1,2008,5.032404269,7.646677352,0.5674213977,391
23,Brain and central nervous system,203,Czechia,1,1,2009,5.078882848,7.20317157,0.567816151,371
23,Brain and central nervous system,203,Czechia,1,1,2010,5.691613793,8.777739498,0.6362321417,453
23,Brain and central nervous system,203,Czechia,1,1,2011,5.046535246,7.548987397,0.5316480243,389
23,Brain and central nervous system,203,Czechia,1,1,2012,4.658166922,7.4986732,0.5131707041,387
23,Brain and central nervous system,203,Czechia,1,1,2013,4.066944635,6.606456853,0.4592146096,341
23,Brain and central nervous system,203,Czechia,1,1,2014,4.181431755,6.770944369,0.4427080753,350
23,Brain and central nervous system,203,Czechia,1,1,2015,4.486048996,7.567214041,0.5037693975,392
23,Brain and central nervous system,203,Czechia,1,1,2016,4.616856419,7.683402234,0.5101813467,399
23,Brain and central nervous system,203,Czechia,1,1,2017,4.564118005,7.623509983,0.4961971557,397
23,Brain and central nervous system,203,Czechia,1,1,2018,4.789602689,8.144734611,0.5341106667,426
23,Brain and central nervous system,203,Czechia,1,1,2019,4.873835768,8.274895451,0.5448717585,435
23,Brain and central nervous system,203,Czechia,1,1,2020,4.591568476,7.963353406,0.5107006275,420
23,Brain and central nervous system,203,Czechia,1,1,2021,4.215395047,7.209183843,0.4594843491,373
23,Brain and central nervous system,203,Czechia,1,1,2022,4.633877925,8.165079339,0.5116617298,431
23,Brain and central nervous system,203,Czechia,1,1,2023,4.063707958,7.541008454,0.4584783572,402
23,Brain and central nervous system,203,Czechia,2,0,1983,3.429368171,3.968901867,0.3172593469,211
23,Brain and central nervous system,203,Czechia,2,0,1984,3.073681098,3.628736965,0.3046986724,193
23,Brain and central nervous system,203,Czechia,2,0,1985,2.875365184,3.28856253,0.2630996405,175
23,Brain and central nervous system,203,Czechia,2,0,1986,3.216534628,3.758338814,0.3091863923,200
23,Brain and central nervous system,203,Czechia,2,0,1987,3.58942886,4.170502151,0.3368617849,222
23,Brain and central nervous system,203,Czechia,2,0,1988,3.491538385,4.131222654,0.3428980771,220
23,Brain and central nervous system,203,Czechia,2,0,1989,3.755854521,4.524122395,0.3791983896,241
23,Brain and central nervous system,203,Czechia,2,0,1990,3.587611415,4.261950359,0.3520856408,227
23,Brain and central nervous system,203,Czechia,2,0,1991,3.825983612,4.731385485,0.3853637858,251
23,Brain and central nervous system,203,Czechia,2,0,1992,3.803356253,4.803616841,0.3850086522,255
23,Brain and central nervous system,203,Czechia,2,0,1993,4.351144195,5.721106951,0.4665035415,304
23,Brain and central nervous system,203,Czechia,2,0,1994,3.997146826,5.268352966,0.4238015262,280
23,Brain and central nervous system,203,Czechia,2,0,1995,4.446074479,5.70557429,0.4551585585,303
23,Brain and central nervous system,203,Czechia,2,0,1996,4.100745737,5.489855464,0.4240026721,291
23,Brain and central nervous system,203,Czechia,2,0,1997,4.165073315,5.705529319,0.4170196589,302
23,Brain and central nervous system,203,Czechia,2,0,1998,4.903059347,6.108789792,0.4698007855,323
23,Brain and central nervous system,203,Czechia,2,0,1999,4.986933045,6.912929849,0.5273427655,365
23,Brain and central nervous system,203,Czechia,2,0,2000,5.266316174,7.244209705,0.5347505224,382
23,Brain and central nervous system,203,Czechia,2,0,2001,4.582382174,6.520196117,0.4690114754,342
23,Brain and central nervous system,203,Czechia,2,0,2002,4.621056064,7.199910775,0.5117472011,377
23,Brain and central nervous system,203,Czechia,2,0,2003,5.15442843,7.280075789,0.526510887,381
23,Brain and central nervous system,203,Czechia,2,0,2004,4.694844516,7.01024776,0.4467446898,367
23,Brain and central nervous system,203,Czechia,2,0,2005,4.523195331,6.714157889,0.4587168169,352
23,Brain and central nervous system,203,Czechia,2,0,2006,4.564728191,7.156988933,0.4863941356,376
23,Brain and central nervous system,203,Czechia,2,0,2007,4.982440368,7.507695388,0.5042518319,396
23,Brain and central nervous system,203,Czechia,2,0,2008,4.900540486,7.975381652,0.5083653939,424
23,Brain and central nervous system,203,Czechia,2,0,2009,5.367176969,8.294353305,0.5396056539,443
23,Brain and central nervous system,203,Czechia,2,0,2010,4.837295752,7.374266424,0.4582595756,395
23,Brain and central nervous system,203,Czechia,2,0,2011,5.299078034,8.14048341,0.5312599425,435
23,Brain and central nervous system,203,Czechia,2,0,2012,4.530268814,7.553699041,0.4589013201,404
23,Brain and central nervous system,203,Czechia,2,0,2013,4.81163507,8.076121936,0.4853189951,432
23,Brain and central nervous system,203,Czechia,2,0,2014,4.240414765,7.468766087,0.4315097518,400
23,Brain and central nervous system,203,Czechia,2,0,2015,3.4493004,6.601152405,0.362515556,354
23,Brain and central nervous system,203,Czechia,2,0,2016,4.767787159,8.227431522,0.4883732144,442
23,Brain and central nervous system,203,Czechia,2,0,2017,4.809899825,7.85960333,0.4744238897,423
23,Brain and central nervous system,203,Czechia,2,1,1987,2.738006438,3.569348688,0.2821182884,190
23,Brain and central nervous system,203,Czechia,2,1,1988,3.539029241,4.488010065,0.3703306271,239
23,Brain and central nervous system,203,Czechia,2,1,1989,3.128790218,4.073587385,0.3383560181,217
23,Brain and central nervous system,203,Czechia,2,1,1990,3.300999062,4.092974353,0.3244412487,218
23,Brain and central nervous system,203,Czechia,2,1,1991,3.464113247,4.542884072,0.3753301809,241
23,Brain and central nervous system,203,Czechia,2,1,1992,3.209132737,4.181972309,0.3430843211,222
23,Brain and central nervous system,203,Czechia,2,1,1993,3.542356615,4.930650959,0.4071736043,262
23,Brain and central nervous system,203,Czechia,2,1,1994,3.615640017,4.948445849,0.40328111,263
23,Brain and central nervous system,203,Czechia,2,1,1995,3.922485736,5.592799036,0.436612281,297
23,Brain and central nervous system,203,Czechia,2,1,1996,3.441457539,5.112628759,0.3841219399,271
23,Brain and central nervous system,203,Czechia,2,1,1997,3.598951512,5.346583288,0.3954373181,283
23,Brain and central nervous system,203,Czechia,2,1,1998,3.728443995,5.730388078,0.3955348721,303
23,Brain and central nervous system,203,Czechia,2,1,1999,4.317738002,6.515199639,0.4802476509,344
23,Brain and central nervous system,203,Czechia,2,1,2000,4.655295469,7.016642908,0.518644972,370
23,Brain and central nervous system,203,Czechia,2,1,2001,4.141946836,6.791868502,0.4622944152,358
23,Brain and central nervous system,203,Czechia,2,1,2002,4.471834758,7.39088984,0.4928411748,387
23,Brain and central nervous system,203,Czechia,2,1,2003,4.664247366,7.70044762,0.5331748823,403
23,Brain and central nervous system,203,Czechia,2,1,2004,4.161357262,7.296770148,0.4585397751,382
23,Brain and central nervous system,203,Czechia,2,1,2005,3.707415953,6.580637704,0.4109196543,345
23,Brain and central nervous system,203,Czechia,2,1,2006,3.72243672,6.509814402,0.4264800742,342
23,Brain and central nervous system,203,Czechia,2,1,2007,3.697043252,6.408083437,0.4175149903,338
23,Brain and central nervous system,203,Czechia,2,1,2008,3.710386437,6.338923624,0.4092768408,337
23,Brain and central nervous system,203,Czechia,2,1,2009,3.656146912,6.740332257,0.408797301,360
23,Brain and central nervous system,203,Czechia,2,1,2010,4.050100478,7.056892932,0.4293203044,378
23,Brain and central nervous system,203,Czechia,2,1,2011,3.606168185,6.587241748,0.3824509044,352
23,Brain and central nervous system,203,Czechia,2,1,2012,3.579998834,6.787110772,0.3904055826,363
23,Brain and central nervous system,203,Czechia,2,1,2013,3.113928098,6.356207079,0.3573118081,340
23,Brain and central nervous system,203,Czechia,2,1,2014,3.34027644,6.47915458,0.3583341539,347
23,Brain and central nervous system,203,Czechia,2,1,2015,2.661182504,5.407723721,0.2779111044,290
23,Brain and central nervous system,203,Czechia,2,1,2016,3.214891884,6.384635774,0.3415329072,343
23,Brain and central nervous system,203,Czechia,2,1,2017,2.818769552,5.629928626,0.3127295653,303
23,Brain and central nervous system,203,Czechia,2,1,2018,3.194323532,6.615941974,0.3524365774,357
23,Brain and central nervous system,203,Czechia,2,1,2019,3.018995285,6.411132831,0.3313273756,347
23,Brain and central nervous system,203,Czechia,2,1,2020,3.021219954,6.579438426,0.3332449227,357
23,Brain and central nervous system,203,Czechia,2,1,2021,3.159740784,6.420251651,0.340372085,342
23,Brain and central nervous system,203,Czechia,2,1,2022,3.313686911,6.732411984,0.3745317131,369
23,Brain and central nervous system,203,Czechia,2,1,2023,3.218590595,6.814260914,0.3533175433,378
23,Brain and central nervous system,208,Denmark,1,0,1943,6.040693097,6.496878173,0.5909622573,127
23,Brain and central nervous system,208,Denmark,1,0,1944,5.074727152,5.352839214,0.445591506,106
23,Brain and central nervous system,208,Denmark,1,0,1945,5.192511443,5.484212324,0.493557142,110
23,Brain and central nervous system,208,Denmark,1,0,1946,5.950315262,6.305067747,0.5145767488,128
23,Brain and central nervous system,208,Denmark,1,0,1947,6.473178956,6.91280807,0.6036543101,142
23,Brain and central nervous system,208,Denmark,1,0,1948,6.647064893,7.076759249,0.6032210641,147
23,Brain and central nervous system,208,Denmark,1,0,1949,6.03056317,6.527808584,0.5805756856,137
23,Brain and central nervous system,208,Denmark,1,0,1950,5.721801073,6.234711378,0.5413697009,132
23,Brain and central nervous system,208,Denmark,1,0,1951,6.367995851,6.752645665,0.5738926839,144
23,Brain and central nervous system,208,Denmark,1,0,1952,5.913807374,6.283981503,0.5271345181,135
23,Brain and central nervous system,208,Denmark,1,0,1953,5.880739165,6.459183841,0.5605846497,140
23,Brain and central nervous system,208,Denmark,1,0,1954,6.105858636,6.630934315,0.587120567,145
23,Brain and central nervous system,208,Denmark,1,0,1955,6.538794646,6.946463875,0.5951842649,153
23,Brain and central nervous system,208,Denmark,1,0,1956,7.030892097,7.899357669,0.6696528472,175
23,Brain and central nervous system,208,Denmark,1,0,1957,7.287433234,8.130594416,0.7023892776,181
23,Brain and central nervous system,208,Denmark,1,0,1958,7.395051862,8.217150712,0.6971085319,184
23,Brain and central nervous system,208,Denmark,1,0,1959,7.962542484,8.998567987,0.7855427036,203
23,Brain and central nervous system,208,Denmark,1,0,1960,7.858211492,8.762030731,0.7790473174,199
23,Brain and central nervous system,208,Denmark,1,0,1961,7.841642361,8.876808267,0.7829276093,203
23,Brain and central nervous system,208,Denmark,1,0,1962,7.847732967,8.894428985,0.7527149972,205
23,Brain and central nervous system,208,Denmark,1,0,1963,7.570817199,8.739527635,0.7656423284,203
23,Brain and central nervous system,208,Denmark,1,0,1964,8.163902284,8.884602258,0.7634422321,208
23,Brain and central nervous system,208,Denmark,1,0,1965,7.536128625,8.47875637,0.7421657217,200
23,Brain and central nervous system,208,Denmark,1,0,1966,6.833948291,7.865669507,0.7006846738,187
23,Brain and central nervous system,208,Denmark,1,0,1967,8.880395162,10.140862,0.9067880934,243
23,Brain and central nervous system,208,Denmark,1,0,1968,8.691642946,9.873406746,0.8558533254,238
23,Brain and central nervous system,208,Denmark,1,0,1969,7.874570383,9.074833137,0.7944001437,220
23,Brain and central nervous system,208,Denmark,1,0,1970,8.472565286,9.811326154,0.8549293351,240
23,Brain and central nervous system,208,Denmark,1,0,1971,7.614861605,8.722097149,0.7579262223,215
23,Brain and central nervous system,208,Denmark,1,0,1972,8.805675671,10.33298863,0.8898554552,256
23,Brain and central nervous system,208,Denmark,1,0,1973,8.106732103,9.512389687,0.828842978,237
23,Brain and central nervous system,208,Denmark,1,0,1974,8.955167455,10.51499276,0.8571758494,263
23,Brain and central nervous system,208,Denmark,1,0,1975,9.610979465,11.01563122,0.9323963321,276
23,Brain and central nervous system,208,Denmark,1,0,1976,9.559509962,10.7975204,0.9583204971,271
23,Brain and central nervous system,208,Denmark,1,0,1977,8.57903262,9.974822515,0.851684164,251
23,Brain and central nervous system,208,Denmark,1,0,1978,9.785262913,12.05050669,1.014953649,304
23,Brain and central nervous system,208,Denmark,1,0,1979,9.360547517,11.07892946,0.9364471141,280
23,Brain and central nervous system,208,Denmark,1,0,1980,10.45862502,12.73203843,1.089005287,322
23,Brain and central nervous system,208,Denmark,1,0,1981,9.358529389,11.27273087,0.9666061706,285
23,Brain and central nervous system,208,Denmark,1,0,1982,9.647059713,11.92634196,1.043136674,301
23,Brain and central nervous system,208,Denmark,1,0,1983,9.986552341,12.17664464,1.036247322,307
23,Brain and central nervous system,208,Denmark,1,0,1984,9.798615153,12.23221186,0.986919785,308
23,Brain and central nervous system,208,Denmark,1,0,1985,10.24687034,12.79264161,1.097508297,322
23,Brain and central nervous system,208,Denmark,1,0,1986,11.16895072,13.88578663,1.163724253,350
23,Brain and central nervous system,208,Denmark,1,0,1987,9.747220279,12.54938599,1.016556365,317
23,Brain and central nervous system,208,Denmark,1,0,1988,10.98314401,13.40983134,1.12711971,339
23,Brain and central nervous system,208,Denmark,1,0,1989,11.65299153,14.16046817,1.151096201,358
23,Brain and central nervous system,208,Denmark,1,0,1990,11.37703005,14.38395762,1.182568676,364
23,Brain and central nervous system,208,Denmark,1,0,1991,11.37689447,13.83856038,1.124108998,351
23,Brain and central nervous system,208,Denmark,1,0,1992,11.85795558,14.58073127,1.189322239,371
23,Brain and central nervous system,208,Denmark,1,0,1993,10.90992829,14.01396856,1.157164815,358
23,Brain and central nervous system,208,Denmark,1,0,1994,11.48304882,14.27767822,1.153954533,366
23,Brain and central nervous system,208,Denmark,1,0,1995,12.92165477,15.97156052,1.268559671,411
23,Brain and central nervous system,208,Denmark,1,0,1996,12.40845133,15.39220021,1.189753461,399
23,Brain and central nervous system,208,Denmark,1,0,1997,13.02716926,16.69906028,1.273956197,435
23,Brain and central nervous system,208,Denmark,1,0,1998,12.94298941,17.31870508,1.266531437,453
23,Brain and central nervous system,208,Denmark,1,0,1999,12.05615896,15.8450778,1.218750487,416
23,Brain and central nervous system,208,Denmark,1,0,2000,12.78052606,17.23534445,1.285480684,454
23,Brain and central nervous system,208,Denmark,1,0,2001,11.32438232,15.39148643,1.105749934,407
23,Brain and central nervous system,208,Denmark,1,0,2002,11.61654917,15.93732975,1.143339776,423
23,Brain and central nervous system,208,Denmark,1,0,2003,10.94346568,15.43735027,1.163704428,411
23,Brain and central nervous system,208,Denmark,1,0,2004,12.5844422,17.25359453,1.288268756,461
23,Brain and central nervous system,208,Denmark,1,0,2005,13.55656117,18.47113484,1.359695438,495
23,Brain and central nervous system,208,Denmark,1,0,2006,13.37403976,19.44108552,1.417529654,523
23,Brain and central nervous system,208,Denmark,1,0,2007,14.14694219,19.53461734,1.385408457,528
23,Brain and central nervous system,208,Denmark,1,0,2008,14.8188214,21.10281704,1.460808957,574
23,Brain and central nervous system,208,Denmark,1,0,2009,14.90146681,21.60101141,1.56862551,591
23,Brain and central nervous system,208,Denmark,1,0,2010,15.65663527,22.96060855,1.618604875,631
23,Brain and central nervous system,208,Denmark,1,0,2011,16.16368441,23.29591977,1.62579508,643
23,Brain and central nervous system,208,Denmark,1,0,2012,18.26090043,26.23404667,1.835410888,727
23,Brain and central nervous system,208,Denmark,1,0,2013,14.50929297,22.24489437,1.484008978,619
23,Brain and central nervous system,208,Denmark,1,0,2014,16.54601076,24.96522191,1.685611916,699
23,Brain and central nervous system,208,Denmark,1,0,2015,16.80825113,26.1112794,1.765564765,737
23,Brain and central nervous system,208,Denmark,1,0,2016,17.3357656,26.75533614,1.773792535,762
23,Brain and central nervous system,208,Denmark,1,0,2017,15.060848,22.98608418,1.576928157,659
23,Brain and central nervous system,208,Denmark,1,0,2018,16.39699885,25.29826972,1.657568212,729
23,Brain and central nervous system,208,Denmark,1,0,2019,19.16789115,29.50977831,1.898761712,854
23,Brain and central nervous system,208,Denmark,1,0,2020,16.02909304,25.19277651,1.592416481,730
23,Brain and central nervous system,208,Denmark,1,0,2021,15.98448905,24.63405374,1.650229827,717
23,Brain and central nervous system,208,Denmark,1,0,2022,16.66810361,26.6174618,1.73571562,782
23,Brain and central nervous system,208,Denmark,1,1,1956,4.60711497,5.236441116,0.4463385825,116
23,Brain and central nervous system,208,Denmark,1,1,1957,4.308997467,4.851741124,0.4136864072,108
23,Brain and central nervous system,208,Denmark,1,1,1958,4.418089499,5.180779042,0.4824262501,116
23,Brain and central nervous system,208,Denmark,1,1,1959,4.829283176,5.497105707,0.4655195412,124
23,Brain and central nervous system,208,Denmark,1,1,1960,5.313636643,6.076475081,0.5406737364,138
23,Brain and central nervous system,208,Denmark,1,1,1961,4.823307604,5.466055576,0.488770819,125
23,Brain and central nervous system,208,Denmark,1,1,1962,4.764844173,5.683779253,0.5335221415,131
23,Brain and central nervous system,208,Denmark,1,1,1963,4.936083579,5.76896542,0.5128953538,134
23,Brain and central nervous system,208,Denmark,1,1,1964,4.765025754,5.46742886,0.5046578821,128
23,Brain and central nervous system,208,Denmark,1,1,1965,4.503396432,5.25686015,0.4855045342,124
23,Brain and central nervous system,208,Denmark,1,1,1966,5.147922676,5.972845007,0.5463655613,142
23,Brain and central nervous system,208,Denmark,1,1,1967,5.469029634,6.468297206,0.6028744589,155
23,Brain and central nervous system,208,Denmark,1,1,1968,5.437630073,6.264039642,0.595219344,151
23,Brain and central nervous system,208,Denmark,1,1,1969,5.532431786,6.517170476,0.6081479173,158
23,Brain and central nervous system,208,Denmark,1,1,1970,4.832089924,5.723204569,0.5265835432,140
23,Brain and central nervous system,208,Denmark,1,1,1971,5.733151002,6.693716041,0.6051694178,165
23,Brain and central nervous system,208,Denmark,1,1,1972,5.708588035,6.740659192,0.5975516282,167
23,Brain and central nervous system,208,Denmark,1,1,1973,6.083734511,7.26486181,0.6492992252,181
23,Brain and central nervous system,208,Denmark,1,1,1974,5.556493429,6.756976929,0.6099171275,169
23,Brain and central nervous system,208,Denmark,1,1,1975,5.538094306,6.585418566,0.5638592405,165
23,Brain and central nervous system,208,Denmark,1,1,1976,5.625739333,6.653672748,0.6168862196,167
23,Brain and central nervous system,208,Denmark,1,1,1977,4.542899736,5.603328457,0.513167858,141
23,Brain and central nervous system,208,Denmark,1,1,1978,6.026902874,7.49191943,0.6515391454,189
23,Brain and central nervous system,208,Denmark,1,1,1979,4.730706081,5.65825374,0.5058441737,143
23,Brain and central nervous system,208,Denmark,1,1,1980,5.698184344,7.039513024,0.64790239,178
23,Brain and central nervous system,208,Denmark,1,1,1981,5.287217726,6.254949773,0.5533425997,158
23,Brain and central nervous system,208,Denmark,1,1,1982,6.12143022,7.611431657,0.6698000522,192
23,Brain and central nervous system,208,Denmark,1,1,1983,6.621397474,8.374333501,0.7274546668,211
23,Brain and central nervous system,208,Denmark,1,1,1984,4.936967175,6.553974062,0.5487075625,165
23,Brain and central nervous system,208,Denmark,1,1,1985,5.917083098,7.265130826,0.6410158742,183
23,Brain and central nervous system,208,Denmark,1,1,1986,5.822803723,7.727805297,0.6869339591,195
23,Brain and central nervous system,208,Denmark,1,1,1987,5.691143965,7.043697039,0.6354338486,178
23,Brain and central nervous system,208,Denmark,1,1,1988,4.482006617,5.695793597,0.4720601734,144
23,Brain and central nervous system,208,Denmark,1,1,1989,5.656206354,7.195218738,0.6160124189,182
23,Brain and central nervous system,208,Denmark,1,1,1990,5.137578836,6.591520699,0.5826948547,167
23,Brain and central nervous system,208,Denmark,1,1,1991,5.055294082,6.691600093,0.561787509,170
23,Brain and central nervous system,208,Denmark,1,1,1992,5.553519651,6.785428665,0.616359049,173
23,Brain and central nervous system,208,Denmark,1,1,1993,5.041094222,6.760245924,0.5595910683,173
23,Brain and central nervous system,208,Denmark,1,1,1994,5.569042766,7.397456171,0.6318698985,190
23,Brain and central nervous system,208,Denmark,1,1,1995,5.01985385,6.659449682,0.498521403,172
23,Brain and central nervous system,208,Denmark,1,1,1996,5.235249826,7.311785501,0.5893013744,190
23,Brain and central nervous system,208,Denmark,1,1,1997,5.895979335,7.815308926,0.5969618063,204
23,Brain and central nervous system,208,Denmark,1,1,1998,5.080783268,7.05967967,0.5389067415,185
23,Brain and central nervous system,208,Denmark,1,1,1999,6.372095684,8.023539773,0.6803825698,211
23,Brain and central nervous system,208,Denmark,1,1,2000,5.26638095,7.577949153,0.5860787472,200
23,Brain and central nervous system,208,Denmark,1,1,2001,4.959489227,7.247320473,0.5283773363,192
23,Brain and central nervous system,208,Denmark,1,1,2002,4.776373854,7.072223579,0.5268982905,188
23,Brain and central nervous system,208,Denmark,1,1,2003,5.517543285,8.101221766,0.6125658539,216
23,Brain and central nervous system,208,Denmark,1,1,2004,5.209232948,7.592447871,0.5905123615,203
23,Brain and central nervous system,208,Denmark,1,1,2005,4.517770343,6.786961203,0.4967234745,182
23,Brain and central nervous system,208,Denmark,1,1,2006,5.805813337,8.806043547,0.6624756999,237
23,Brain and central nervous system,208,Denmark,1,1,2007,5.246771002,8.281735778,0.5535149412,224
23,Brain and central nervous system,208,Denmark,1,1,2008,5.045285351,8.374974035,0.5684727839,228
23,Brain and central nervous system,208,Denmark,1,1,2009,5.068876351,8.328364015,0.558772768,228
23,Brain and central nervous system,208,Denmark,1,1,2010,5.369253718,9.309373576,0.6357240273,256
23,Brain and central nervous system,208,Denmark,1,1,2011,5.627854861,9.559415934,0.6239918025,264
23,Brain and central nervous system,208,Denmark,1,1,2012,4.805453858,8.07838777,0.5259341895,224
23,Brain and central nervous system,208,Denmark,1,1,2013,5.035315244,8.902787129,0.5631866811,248
23,Brain and central nervous system,208,Denmark,1,1,2014,4.729392557,8.102134002,0.5263774331,227
23,Brain and central nervous system,208,Denmark,1,1,2015,5.092502107,9.382108496,0.5641763811,265
23,Brain and central nervous system,208,Denmark,1,1,2016,5.950937614,10.70518944,0.6694072058,305
23,Brain and central nervous system,208,Denmark,1,1,2017,5.012999919,8.820506527,0.5290451707,253
23,Brain and central nervous system,208,Denmark,1,1,2018,5.37756668,10.02515307,0.6153349643,289
23,Brain and central nervous system,208,Denmark,1,1,2019,4.68629232,8.676215228,0.514126399,251
23,Brain and central nervous system,208,Denmark,1,1,2020,4.567398907,8.928457545,0.5175086208,259
23,Brain and central nervous system,208,Denmark,1,1,2021,3.258033152,6.41766691,0.3517618894,187
23,Brain and central nervous system,208,Denmark,1,1,2022,4.255443293,7.732022409,0.4881225387,227
23,Brain and central nervous system,208,Denmark,2,0,1943,5.219531325,5.715593568,0.4930595154,114
23,Brain and central nervous system,208,Denmark,2,0,1944,5.385452371,5.798494869,0.4772420233,117
23,Brain and central nervous system,208,Denmark,2,0,1945,5.041734717,5.432181417,0.4547753299,111
23,Brain and central nervous system,208,Denmark,2,0,1946,5.171990549,5.654502639,0.4585236328,117
23,Brain and central nervous system,208,Denmark,2,0,1947,5.370197161,5.832208323,0.4668621702,122
23,Brain and central nervous system,208,Denmark,2,0,1948,5.290810279,5.822828375,0.4864073206,123
23,Brain and central nervous system,208,Denmark,2,0,1949,5.136068007,5.674318947,0.4917574469,121
23,Brain and central nervous system,208,Denmark,2,0,1950,4.927982908,5.485083594,0.474083794,118
23,Brain and central nervous system,208,Denmark,2,0,1951,4.833577175,5.258582734,0.4334009469,114
23,Brain and central nervous system,208,Denmark,2,0,1952,5.577950817,6.089625087,0.5047244673,133
23,Brain and central nervous system,208,Denmark,2,0,1953,5.230543314,5.858789547,0.4703415511,129
23,Brain and central nervous system,208,Denmark,2,0,1954,5.095553105,5.58595295,0.4758760325,124
23,Brain and central nervous system,208,Denmark,2,0,1955,5.918219648,6.662356256,0.5362058321,149
23,Brain and central nervous system,208,Denmark,2,0,1956,6.484508043,7.50727406,0.6300250213,169
23,Brain and central nervous system,208,Denmark,2,0,1957,6.160629856,6.97970342,0.5656905694,158
23,Brain and central nervous system,208,Denmark,2,0,1958,6.142704367,7.377918505,0.6244987576,168
23,Brain and central nervous system,208,Denmark,2,0,1959,6.491879451,7.501931093,0.5811586554,172
23,Brain and central nervous system,208,Denmark,2,0,1960,7.362737525,8.663861453,0.7288197192,200
23,Brain and central nervous system,208,Denmark,2,0,1961,7.163306086,8.430727593,0.7013389623,196
23,Brain and central nervous system,208,Denmark,2,0,1962,7.731730194,9.133928575,0.7261410732,214
23,Brain and central nervous system,208,Denmark,2,0,1963,7.219120058,8.849548154,0.7561355787,209
23,Brain and central nervous system,208,Denmark,2,0,1964,6.851313234,8.064031772,0.6388331281,192
23,Brain and central nervous system,208,Denmark,2,0,1965,6.899511904,8.457575676,0.6832824735,203
23,Brain and central nervous system,208,Denmark,2,0,1966,6.631283297,8.057849575,0.6330419564,195
23,Brain and central nervous system,208,Denmark,2,0,1967,7.293410125,9.0606894,0.73424398,221
23,Brain and central nervous system,208,Denmark,2,0,1968,7.683535807,9.167333166,0.7319675236,225
23,Brain and central nervous system,208,Denmark,2,0,1969,6.159194367,8.064606004,0.6641600131,199
23,Brain and central nervous system,208,Denmark,2,0,1970,7.083831381,9.022782324,0.6811489891,224
23,Brain and central nervous system,208,Denmark,2,0,1971,7.53476319,9.046795953,0.7067664835,226
23,Brain and central nervous system,208,Denmark,2,0,1972,7.61381554,9.068875123,0.699873883,228
23,Brain and central nervous system,208,Denmark,2,0,1973,7.173863659,9.089567212,0.721338655,230
23,Brain and central nervous system,208,Denmark,2,0,1974,7.292800093,9.197728161,0.7199909917,234
23,Brain and central nervous system,208,Denmark,2,0,1975,8.748151649,10.96177434,0.8793357884,280
23,Brain and central nervous system,208,Denmark,2,0,1976,9.131839621,11.39396366,0.8895970295,292
23,Brain and central nervous system,208,Denmark,2,0,1977,7.684450067,9.68086767,0.7723701354,249
23,Brain and central nervous system,208,Denmark,2,0,1978,10.35379209,13.24795247,1.065045492,342
23,Brain and central nervous system,208,Denmark,2,0,1979,7.787301779,10.38818805,0.8072705073,269
23,Brain and central nervous system,208,Denmark,2,0,1980,9.139902196,12.1480348,0.9414956834,315
23,Brain and central nervous system,208,Denmark,2,0,1981,9.295007531,12.17367989,0.9800128956,316
23,Brain and central nervous system,208,Denmark,2,0,1982,8.119834795,10.78860877,0.8403136583,280
23,Brain and central nervous system,208,Denmark,2,0,1983,10.46445833,14.21831627,1.094494799,369
23,Brain and central nervous system,208,Denmark,2,0,1984,9.183369055,12.02688471,0.9132053275,312
23,Brain and central nervous system,208,Denmark,2,0,1985,9.279934469,12.6443889,0.9658567157,328
23,Brain and central nervous system,208,Denmark,2,0,1986,9.730294193,13.29116119,0.9683223274,345
23,Brain and central nervous system,208,Denmark,2,0,1987,11.22787114,15.08403578,1.20721674,392
23,Brain and central nervous system,208,Denmark,2,0,1988,10.48498889,13.72412886,1.018714824,357
23,Brain and central nervous system,208,Denmark,2,0,1989,10.61266214,14.91382462,1.093095378,388
23,Brain and central nervous system,208,Denmark,2,0,1990,10.60059171,14.39643245,1.112805736,375
23,Brain and central nervous system,208,Denmark,2,0,1991,11.28196049,15.51677766,1.172812028,405
23,Brain and central nervous system,208,Denmark,2,0,1992,10.20231026,14.3257062,1.098994516,375
23,Brain and central nervous system,208,Denmark,2,0,1993,11.33985103,15.23217645,1.18295954,400
23,Brain and central nervous system,208,Denmark,2,0,1994,11.69484958,16.17803433,1.182753604,426
23,Brain and central nervous system,208,Denmark,2,0,1995,10.92522351,15.62976604,1.17566478,413
23,Brain and central nervous system,208,Denmark,2,0,1996,12.77955814,17.41383817,1.247975967,463
23,Brain and central nervous system,208,Denmark,2,0,1997,11.16025579,15.95395673,1.166948407,426
23,Brain and central nervous system,208,Denmark,2,0,1998,14.71274983,20.90183193,1.543088538,560
23,Brain and central nervous system,208,Denmark,2,0,1999,12.37837018,18.26530901,1.278392504,491
23,Brain and central nervous system,208,Denmark,2,0,2000,13.5505587,19.54821733,1.364444527,527
23,Brain and central nervous system,208,Denmark,2,0,2001,12.88905468,18.81774991,1.297027357,509
23,Brain and central nervous system,208,Denmark,2,0,2002,12.94732166,18.97422747,1.241834335,515
23,Brain and central nervous system,208,Denmark,2,0,2003,11.42223117,17.4933821,1.174733631,476
23,Brain and central nervous system,208,Denmark,2,0,2004,14.12672502,21.61750212,1.502082514,590
23,Brain and central nervous system,208,Denmark,2,0,2005,13.9936829,22.03849903,1.455422622,603
23,Brain and central nervous system,208,Denmark,2,0,2006,14.55706724,22.55511976,1.520082722,619
23,Brain and central nervous system,208,Denmark,2,0,2007,14.95762617,23.8516969,1.558599374,657
23,Brain and central nervous system,208,Denmark,2,0,2008,19.01731504,28.74677772,1.90042448,796
23,Brain and central nervous system,208,Denmark,2,0,2009,17.41298549,26.80119477,1.794263529,746
23,Brain and central nervous system,208,Denmark,2,0,2010,16.51592371,26.50561554,1.793254745,741
23,Brain and central nervous system,208,Denmark,2,0,2011,18.55073809,28.00425836,1.923585135,786
23,Brain and central nervous system,208,Denmark,2,0,2012,20.47784603,31.4289296,2.084020853,885
23,Brain and central nervous system,208,Denmark,2,0,2013,17.30802392,27.13965387,1.783176823,767
23,Brain and central nervous system,208,Denmark,2,0,2014,19.01071023,29.96664582,1.974046365,851
23,Brain and central nervous system,208,Denmark,2,0,2015,20.43371466,33.30049972,2.144991474,951
23,Brain and central nervous system,208,Denmark,2,0,2016,21.47292191,34.48724215,2.174235439,992
23,Brain and central nervous system,208,Denmark,2,0,2017,19.97881648,33.17503772,2.076939592,960
23,Brain and central nervous system,208,Denmark,2,0,2018,21.4060033,35.24350858,2.218213539,1025
23,Brain and central nervous system,208,Denmark,2,0,2019,21.59947388,36.87718391,2.260502952,1077
23,Brain and central nervous system,208,Denmark,2,0,2020,19.61155536,31.52665881,1.967554247,923
23,Brain and central nervous system,208,Denmark,2,0,2021,19.70908586,32.28347957,2.032332226,949
23,Brain and central nervous system,208,Denmark,2,0,2022,20.55300983,34.44730907,2.122612762,1024
23,Brain and central nervous system,208,Denmark,2,1,1956,2.066554536,2.398837363,0.2145514451,54
23,Brain and central nervous system,208,Denmark,2,1,1957,2.808741986,3.180705838,0.2607633141,72
23,Brain and central nervous system,208,Denmark,2,1,1958,2.883333488,3.381606127,0.2894936539,77
23,Brain and central nervous system,208,Denmark,2,1,1959,3.199490868,4.012651191,0.3429329457,92
23,Brain and central nervous system,208,Denmark,2,1,1960,3.763429475,4.332213167,0.3668038169,100
23,Brain and central nervous system,208,Denmark,2,1,1961,3.759690461,4.474042915,0.3920567358,104
23,Brain and central nervous system,208,Denmark,2,1,1962,3.967820555,4.908944417,0.4065923783,115
23,Brain and central nervous system,208,Denmark,2,1,1963,4.058634597,4.99684098,0.4431555817,118
23,Brain and central nervous system,208,Denmark,2,1,1964,3.31158078,3.864321975,0.3029422167,92
23,Brain and central nervous system,208,Denmark,2,1,1965,3.70358867,4.333308958,0.360325359,104
23,Brain and central nervous system,208,Denmark,2,1,1966,3.162426141,3.925976742,0.3547226739,95
23,Brain and central nervous system,208,Denmark,2,1,1967,3.500300239,4.46920136,0.3730234979,109
23,Brain and central nervous system,208,Denmark,2,1,1968,3.594446688,4.563584794,0.3882878743,112
23,Brain and central nervous system,208,Denmark,2,1,1969,3.721489612,4.62018437,0.3971255727,114
23,Brain and central nervous system,208,Denmark,2,1,1970,3.739181964,4.632452181,0.3623253584,115
23,Brain and central nervous system,208,Denmark,2,1,1971,3.889570754,5.04390701,0.3918175113,126
23,Brain and central nervous system,208,Denmark,2,1,1972,4.171945585,5.250449421,0.4245110777,132
23,Brain and central nervous system,208,Denmark,2,1,1973,4.261805763,5.414354204,0.4483832428,137
23,Brain and central nervous system,208,Denmark,2,1,1974,3.844488424,4.480226872,0.3661138923,114
23,Brain and central nervous system,208,Denmark,2,1,1975,3.513460795,4.540357318,0.3688785922,116
23,Brain and central nervous system,208,Denmark,2,1,1976,4.122305295,5.42351719,0.4354167919,139
23,Brain and central nervous system,208,Denmark,2,1,1977,4.27670995,5.326159217,0.4583739221,137
23,Brain and central nervous system,208,Denmark,2,1,1978,4.331285505,5.771557494,0.5024412783,149
23,Brain and central nervous system,208,Denmark,2,1,1979,4.139115487,5.560753745,0.43370649,144
23,Brain and central nervous system,208,Denmark,2,1,1980,3.891026755,5.087691371,0.4091893293,132
23,Brain and central nervous system,208,Denmark,2,1,1981,4.639688931,5.971576452,0.4907805768,155
23,Brain and central nervous system,208,Denmark,2,1,1982,3.887860587,5.509807457,0.4217428066,143
23,Brain and central nervous system,208,Denmark,2,1,1983,4.425732222,5.896262771,0.4691234753,153
23,Brain and central nervous system,208,Denmark,2,1,1984,3.797742085,5.203767991,0.3981943274,135
23,Brain and central nervous system,208,Denmark,2,1,1985,3.631208263,4.932565472,0.4044201504,128
23,Brain and central nervous system,208,Denmark,2,1,1986,4.045630089,5.505648584,0.4233212474,143
23,Brain and central nervous system,208,Denmark,2,1,1987,5.043893165,6.42295217,0.5400992382,167
23,Brain and central nervous system,208,Denmark,2,1,1988,4.153025254,5.881316192,0.4443623541,153
23,Brain and central nervous system,208,Denmark,2,1,1989,3.96222672,5.18581047,0.3936470587,135
23,Brain and central nervous system,208,Denmark,2,1,1990,3.386688926,4.870627318,0.3812248489,127
23,Brain and central nervous system,208,Denmark,2,1,1991,3.905675312,5.470865537,0.4471509168,143
23,Brain and central nervous system,208,Denmark,2,1,1992,3.495708504,4.577032603,0.389136965,120
23,Brain and central nervous system,208,Denmark,2,1,1993,3.423545393,4.9057665,0.345146472,129
23,Brain and central nervous system,208,Denmark,2,1,1994,4.31850931,6.065801052,0.454962727,160
23,Brain and central nervous system,208,Denmark,2,1,1995,3.682187229,5.545989457,0.4094178165,147
23,Brain and central nervous system,208,Denmark,2,1,1996,3.525495346,5.817175191,0.4098001949,155
23,Brain and central nervous system,208,Denmark,2,1,1997,3.07053296,4.486361182,0.334886583,120
23,Brain and central nervous system,208,Denmark,2,1,1998,3.994878996,5.775508231,0.4579033428,155
23,Brain and central nervous system,208,Denmark,2,1,1999,4.386999187,6.352042451,0.4978845355,171
23,Brain and central nervous system,208,Denmark,2,1,2000,3.34171171,5.702812375,0.3859510579,154
23,Brain and central nervous system,208,Denmark,2,1,2001,4.120344598,6.052614194,0.4321131286,164
23,Brain and central nervous system,208,Denmark,2,1,2002,3.570532798,5.924188055,0.4037600767,161
23,Brain and central nervous system,208,Denmark,2,1,2003,3.674782159,6.019771278,0.3901665222,164
23,Brain and central nervous system,208,Denmark,2,1,2004,3.581436679,5.822280917,0.3861838833,159
23,Brain and central nervous system,208,Denmark,2,1,2005,3.532124035,6.026424227,0.3943692791,165
23,Brain and central nervous system,208,Denmark,2,1,2006,3.596482745,6.299874385,0.4286504054,173
23,Brain and central nervous system,208,Denmark,2,1,2007,3.379542845,6.347801484,0.3722360939,175
23,Brain and central nervous system,208,Denmark,2,1,2008,3.73073,7.144488622,0.3967568838,198
23,Brain and central nervous system,208,Denmark,2,1,2009,3.681310883,6.856838018,0.3905849557,191
23,Brain and central nervous system,208,Denmark,2,1,2010,3.59477148,7.00513877,0.3761799731,196
23,Brain and central nervous system,208,Denmark,2,1,2011,3.528037039,6.763553984,0.3974114106,190
23,Brain and central nervous system,208,Denmark,2,1,2012,3.41487728,6.775245594,0.387120995,191
23,Brain and central nervous system,208,Denmark,2,1,2013,3.954795926,6.643842007,0.3927937774,188
23,Brain and central nervous system,208,Denmark,2,1,2014,3.705698417,7.037141682,0.4234293571,200
23,Brain and central nervous system,208,Denmark,2,1,2015,3.358235111,6.785171672,0.3772996844,194
23,Brain and central nervous system,208,Denmark,2,1,2016,3.630977281,7.259173868,0.3953919939,209
23,Brain and central nervous system,208,Denmark,2,1,2017,3.738085139,7.559930573,0.3725546699,219
23,Brain and central nervous system,208,Denmark,2,1,2018,3.967496912,7.488641226,0.3999866639,218
23,Brain and central nervous system,208,Denmark,2,1,2019,3.3087585,6.503170124,0.3612153062,190
23,Brain and central nervous system,208,Denmark,2,1,2020,2.970534496,6.380743394,0.3298023875,187
23,Brain and central nervous system,208,Denmark,2,1,2021,2.838523335,5.538669598,0.3205455647,163
23,Brain and central nervous system,208,Denmark,2,1,2022,3.084507598,6.26882966,0.3313249734,186
23,Brain and central nervous system,218,Ecuador,1,0,1985,2.138794526,1.875535309,0.1730338678,9
23,Brain and central nervous system,218,Ecuador,1,0,1986,2.514017568,2.416928165,0.1966149691,12
23,Brain and central nervous system,218,Ecuador,1,0,1987,0.9093693009,0.9733762138,0.05628333988,5
23,Brain and central nervous system,218,Ecuador,1,0,1988,2.468226369,1.876658497,0.2764663465,10
23,Brain and central nervous system,218,Ecuador,1,0,1989,2.781819296,1.628184231,0.4074786359,9
23,Brain and central nervous system,218,Ecuador,1,0,1990,1.932271784,1.72225401,0.1500676476,9
23,Brain and central nervous system,218,Ecuador,1,0,1991,4.019719815,3.181899856,0.4627300977,17
23,Brain and central nervous system,218,Ecuador,1,0,1992,3.054268888,2.562206719,0.2549337696,14
23,Brain and central nervous system,218,Ecuador,1,0,1993,2.910486973,2.326367949,0.297814891,13
23,Brain and central nervous system,218,Ecuador,1,0,1994,2.670175433,2.624676509,0.1812575518,15
23,Brain and central nervous system,218,Ecuador,1,0,1995,5.462991918,4.44842902,0.5472711383,26
23,Brain and central nervous system,218,Ecuador,1,0,1996,4.013678818,3.178602318,0.4061669447,19
23,Brain and central nervous system,218,Ecuador,1,0,1997,5.197252522,4.743833017,0.4645592378,29
23,Brain and central nervous system,218,Ecuador,1,0,1998,3.708336888,3.155014896,0.326529333,21
23,Brain and central nervous system,218,Ecuador,1,0,1999,2.258731055,2.071453302,0.2087119527,14
23,Brain and central nervous system,218,Ecuador,1,0,2000,4.766009527,4.081031801,0.468380896,28
23,Brain and central nervous system,218,Ecuador,1,0,2001,4.588992194,4.308190732,0.470209529,30
23,Brain and central nervous system,218,Ecuador,1,0,2002,6.051404602,4.670284958,0.7053139008,33
23,Brain and central nervous system,218,Ecuador,1,0,2003,5.151412385,4.475349217,0.6106608667,32
23,Brain and central nervous system,218,Ecuador,1,0,2004,2.347085983,2.072057885,0.2290324233,15
23,Brain and central nervous system,218,Ecuador,1,0,2005,5.079759632,4.638345475,0.5218180538,34
23,Brain and central nervous system,218,Ecuador,1,0,2006,5.227225485,4.712909737,0.4213684703,35
23,Brain and central nervous system,218,Ecuador,1,0,2007,3.607808566,3.320361787,0.347821226,25
23,Brain and central nervous system,218,Ecuador,1,0,2008,6.506766458,6.17644933,0.6214993923,47
23,Brain and central nervous system,218,Ecuador,1,0,2009,3.981732989,3.755100138,0.3689335764,29
23,Brain and central nervous system,218,Ecuador,1,0,2010,5.245118229,4.976927475,0.5103451256,39
23,Brain and central nervous system,218,Ecuador,1,0,2011,5.339873641,4.893288666,0.5808383464,39
23,Brain and central nervous system,218,Ecuador,1,0,2012,6.447970262,6.1837871,0.6249178269,50
23,Brain and central nervous system,218,Ecuador,1,0,2013,6.128684957,5.804719934,0.6167475172,50
23,Brain and central nervous system,218,Ecuador,1,0,2014,5.800371804,5.809112561,0.5312682589,51
23,Brain and central nervous system,218,Ecuador,1,0,2015,5.118482066,5.030861541,0.4644207118,45
23,Brain and central nervous system,218,Ecuador,1,0,2016,6.286812934,6.256846857,0.5066764638,57
23,Brain and central nervous system,218,Ecuador,1,0,2017,6.371143242,6.037768398,0.6515223983,56
23,Brain and central nervous system,218,Ecuador,1,1,1998,1.975582698,1.436734459,0.1894620356,88
23,Brain and central nervous system,218,Ecuador,1,1,1999,2.123952294,1.571871583,0.221892638,98
23,Brain and central nervous system,218,Ecuador,1,1,2000,2.047618023,1.5133191,0.2171493925,96
23,Brain and central nervous system,218,Ecuador,1,1,2001,1.72028993,1.363426638,0.1648162091,88
23,Brain and central nervous system,218,Ecuador,1,1,2002,2.16309354,1.690013724,0.2169393709,111
23,Brain and central nervous system,218,Ecuador,1,1,2003,2.052230302,1.570778141,0.2294937254,105
23,Brain and central nervous system,218,Ecuador,1,1,2004,2.069454602,1.631816841,0.2091411891,111
23,Brain and central nervous system,218,Ecuador,1,1,2005,2.406158265,1.965254588,0.2653704342,136
23,Brain and central nervous system,218,Ecuador,1,1,2006,2.347350245,1.960403542,0.2358847926,138
23,Brain and central nervous system,218,Ecuador,1,1,2007,2.498800735,2.053127682,0.2469058125,147
23,Brain and central nervous system,218,Ecuador,1,1,2008,2.576653624,2.114773423,0.2287662319,154
23,Brain and central nervous system,218,Ecuador,1,1,2009,2.014417236,1.755199136,0.190138154,130
23,Brain and central nervous system,218,Ecuador,1,1,2010,2.681197526,2.283858973,0.26693978,172
23,Brain and central nervous system,218,Ecuador,1,1,2011,2.528129052,2.194569199,0.2617491186,168
23,Brain and central nervous system,218,Ecuador,1,1,2012,2.754002008,2.481377136,0.2477774357,193
23,Brain and central nervous system,218,Ecuador,1,1,2013,2.343492483,2.102486063,0.2215447984,166
23,Brain and central nervous system,218,Ecuador,1,1,2014,1.887781313,1.685463749,0.1889270357,135
23,Brain and central nervous system,218,Ecuador,1,1,2015,2.452215753,2.264449557,0.2281612906,184
23,Brain and central nervous system,218,Ecuador,1,1,2016,2.511245058,2.340688837,0.2587567572,193
23,Brain and central nervous system,218,Ecuador,1,1,2017,2.291144743,2.149787392,0.2369004799,180
23,Brain and central nervous system,218,Ecuador,1,1,2018,3.135879921,2.982048421,0.2830737434,254
23,Brain and central nervous system,218,Ecuador,1,1,2019,2.798659757,2.759222296,0.2675545902,239
23,Brain and central nervous system,218,Ecuador,1,1,2020,2.135500758,2.054794051,0.2067254447,180
23,Brain and central nervous system,218,Ecuador,1,1,2021,2.289873515,2.25583479,0.2314846789,199
23,Brain and central nervous system,218,Ecuador,1,1,2022,2.47690924,2.452518455,0.2244948475,218
23,Brain and central nervous system,218,Ecuador,2,0,1985,1.113493706,0.7662277459,0.09704810395,4
23,Brain and central nervous system,218,Ecuador,2,0,1986,3.035975094,2.962211439,0.2048820201,16
23,Brain and central nervous system,218,Ecuador,2,0,1987,2.238843383,1.789472177,0.2168626613,10
23,Brain and central nervous system,218,Ecuador,2,0,1988,1.317187023,1.207527381,0.09134171473,7
23,Brain and central nervous system,218,Ecuador,2,0,1989,3.019536697,2.161802611,0.3498653297,13
23,Brain and central nervous system,218,Ecuador,2,0,1990,1.807941699,1.582336901,0.1630622253,9
23,Brain and central nervous system,218,Ecuador,2,0,1991,2.256899842,1.893910046,0.2070158256,11
23,Brain and central nervous system,218,Ecuador,2,0,1992,1.559858459,1.517023532,0.1173547271,9
23,Brain and central nervous system,218,Ecuador,2,0,1993,3.020724399,2.640298882,0.207035179,16
23,Brain and central nervous system,218,Ecuador,2,0,1994,3.437248915,2.746409473,0.363050863,17
23,Brain and central nervous system,218,Ecuador,2,0,1995,3.4007026,2.688737511,0.4058561847,17
23,Brain and central nervous system,218,Ecuador,2,0,1996,3.329171827,2.941959779,0.2890639863,19
23,Brain and central nervous system,218,Ecuador,2,0,1997,4.343017841,3.789710481,0.461968187,25
23,Brain and central nervous system,218,Ecuador,2,0,1998,2.446378297,2.392394998,0.183990196,17
23,Brain and central nervous system,218,Ecuador,2,0,1999,2.940387877,2.906449689,0.3257366961,21
23,Brain and central nervous system,218,Ecuador,2,0,2000,3.851386206,3.131479951,0.3997276278,23
23,Brain and central nervous system,218,Ecuador,2,0,2001,2.919428216,3.081362713,0.2568147318,23
23,Brain and central nervous system,218,Ecuador,2,0,2002,2.869067787,2.76910053,0.2843913015,21
23,Brain and central nervous system,218,Ecuador,2,0,2003,2.869785431,2.997051162,0.2351441164,23
23,Brain and central nervous system,218,Ecuador,2,0,2004,3.500916677,3.088834891,0.3286932575,24
23,Brain and central nervous system,218,Ecuador,2,0,2005,5.084153,4.574693305,0.4704118249,36
23,Brain and central nervous system,218,Ecuador,2,0,2006,3.61530252,3.512002268,0.3105896401,28
23,Brain and central nervous system,218,Ecuador,2,0,2007,4.206486996,3.844408122,0.4197815128,31
23,Brain and central nervous system,218,Ecuador,2,0,2008,3.646071901,3.323408241,0.3229776551,27
23,Brain and central nervous system,218,Ecuador,2,0,2009,4.904012468,4.733136079,0.4313555039,39
23,Brain and central nervous system,218,Ecuador,2,0,2010,3.27599266,3.231481814,0.3120198124,27
23,Brain and central nervous system,218,Ecuador,2,0,2011,3.916032724,3.765538731,0.3541846351,32
23,Brain and central nervous system,218,Ecuador,2,0,2012,6.306843369,6.263527479,0.6090777345,54
23,Brain and central nervous system,218,Ecuador,2,0,2013,5.147192651,5.236458845,0.4782123556,48
23,Brain and central nervous system,218,Ecuador,2,0,2014,5.76329817,5.676523825,0.6004840021,53
23,Brain and central nervous system,218,Ecuador,2,0,2015,4.489305599,4.417997238,0.3542994586,42
23,Brain and central nervous system,218,Ecuador,2,0,2016,5.160915908,5.270832967,0.4666895368,51
23,Brain and central nervous system,218,Ecuador,2,0,2017,5.647849582,5.789923299,0.5883909266,57
23,Brain and central nervous system,218,Ecuador,2,1,1998,1.709160026,1.469104008,0.1712799777,90
23,Brain and central nervous system,218,Ecuador,2,1,1999,1.891426134,1.571471821,0.2197355506,98
23,Brain and central nervous system,218,Ecuador,2,1,2000,1.786378492,1.497116396,0.1849579443,95
23,Brain and central nervous system,218,Ecuador,2,1,2001,1.367463786,1.177124202,0.1358962604,76
23,Brain and central nervous system,218,Ecuador,2,1,2002,1.310459395,1.141469116,0.1373591109,75
23,Brain and central nervous system,218,Ecuador,2,1,2003,1.349036189,1.211175109,0.1191176036,81
23,Brain and central nervous system,218,Ecuador,2,1,2004,1.492598651,1.366347221,0.1209450532,93
23,Brain and central nervous system,218,Ecuador,2,1,2005,1.963564449,1.790370176,0.1877777621,124
23,Brain and central nervous system,218,Ecuador,2,1,2006,2.368954618,2.128637238,0.2222034607,150
23,Brain and central nervous system,218,Ecuador,2,1,2007,2.128550574,1.938913079,0.2285049353,139
23,Brain and central nervous system,218,Ecuador,2,1,2008,2.040937146,1.864776807,0.1999246621,136
23,Brain and central nervous system,218,Ecuador,2,1,2009,1.859597323,1.752165845,0.1747763708,130
23,Brain and central nervous system,218,Ecuador,2,1,2010,2.138677326,1.987918228,0.2285692645,150
23,Brain and central nervous system,218,Ecuador,2,1,2011,2.193012388,2.177039172,0.1947516449,167
23,Brain and central nervous system,218,Ecuador,2,1,2012,2.074559468,2.052793486,0.1965934991,160
23,Brain and central nervous system,218,Ecuador,2,1,2013,1.884054978,1.870644196,0.1739988198,148
23,Brain and central nervous system,218,Ecuador,2,1,2014,1.754651076,1.756909514,0.1674409935,141
23,Brain and central nervous system,218,Ecuador,2,1,2015,1.964025107,1.990017972,0.1903248329,162
23,Brain and central nervous system,218,Ecuador,2,1,2016,1.996476729,2.070292859,0.1956512411,171
23,Brain and central nervous system,218,Ecuador,2,1,2017,2.012818511,2.146280972,0.1949011445,180
23,Brain and central nervous system,218,Ecuador,2,1,2018,2.318648663,2.484789746,0.2314206079,212
23,Brain and central nervous system,218,Ecuador,2,1,2019,2.328600603,2.489006599,0.2218392349,216
23,Brain and central nervous system,218,Ecuador,2,1,2020,1.812689615,1.946264214,0.1820466221,171
23,Brain and central nervous system,218,Ecuador,2,1,2021,1.863557172,2.020114016,0.1774909538,179
23,Brain and central nervous system,218,Ecuador,2,1,2022,1.623823454,1.779504009,0.1630364715,159
23,Brain and central nervous system,233,Estonia,1,0,1983,4.281426183,4.710792998,0.4702523902,33
23,Brain and central nervous system,233,Estonia,1,0,1984,4.669173264,5.243883081,0.4612209459,37
23,Brain and central nervous system,233,Estonia,1,0,1985,5.313107741,5.766672011,0.495143201,41
23,Brain and central nervous system,233,Estonia,1,0,1986,5.211304247,5.437480132,0.5111174554,39
23,Brain and central nervous system,233,Estonia,1,0,1987,4.657320002,4.973357998,0.4757349932,36
23,Brain and central nervous system,233,Estonia,1,0,1988,5.016151592,5.621991035,0.4966543078,41
23,Brain and central nervous system,233,Estonia,1,0,1989,5.963758667,6.412311638,0.643594102,47
23,Brain and central nervous system,233,Estonia,1,0,1990,5.170447349,5.585496237,0.4824462493,41
23,Brain and central nervous system,233,Estonia,1,0,1991,4.926741014,5.478311365,0.4668908013,40
23,Brain and central nervous system,233,Estonia,1,0,1992,5.234168378,5.454316602,0.4235705418,39
23,Brain and central nervous system,233,Estonia,1,0,1993,5.971119826,6.334097744,0.5194650663,44
23,Brain and central nervous system,233,Estonia,1,0,1994,3.847359866,4.42065803,0.3486387695,30
23,Brain and central nervous system,233,Estonia,1,0,1995,5.501091714,6.613458388,0.6244479618,44
23,Brain and central nervous system,233,Estonia,1,0,1996,7.226187255,7.79312463,0.7090021615,51
23,Brain and central nervous system,233,Estonia,1,0,1997,6.966330304,8.355964069,0.7814909249,54
23,Brain and central nervous system,233,Estonia,1,0,1998,6.565521151,7.973372064,0.6535378631,51
23,Brain and central nervous system,233,Estonia,1,0,1999,5.951512594,7.409135622,0.627073645,47
23,Brain and central nervous system,233,Estonia,1,0,2000,4.58476189,5.529316899,0.4821377637,36
23,Brain and central nervous system,233,Estonia,1,0,2001,6.717905322,7.886374355,0.6464561892,51
23,Brain and central nervous system,233,Estonia,1,0,2002,6.367463365,7.474947247,0.6096440722,48
23,Brain and central nervous system,233,Estonia,1,0,2003,6.519718775,7.840431537,0.6157144917,50
23,Brain and central nervous system,233,Estonia,1,0,2004,5.759016885,7.418163452,0.6437747099,47
23,Brain and central nervous system,233,Estonia,1,0,2005,3.779358105,4.922041218,0.3958143501,31
23,Brain and central nervous system,233,Estonia,1,0,2006,7.764595467,9.104049705,0.7975429897,57
23,Brain and central nervous system,233,Estonia,1,0,2007,6.987664301,9.307475668,0.7774248587,58
23,Brain and central nervous system,233,Estonia,1,0,2008,6.619068386,8.36436459,0.6595919677,52
23,Brain and central nervous system,233,Estonia,1,0,2009,4.510552294,6.601616591,0.5329347906,41
23,Brain and central nervous system,233,Estonia,1,0,2010,6.478389715,9.028617493,0.7646000255,56
23,Brain and central nervous system,233,Estonia,1,0,2011,6.859595519,9.048033749,0.7439459797,56
23,Brain and central nervous system,233,Estonia,1,0,2012,5.624096697,7.291546829,0.5314710472,45
23,Brain and central nervous system,233,Estonia,1,0,2013,6.811191912,9.260116677,0.6774674882,57
23,Brain and central nervous system,233,Estonia,1,0,2014,7.774065317,9.924282605,0.7111454828,61
23,Brain and central nervous system,233,Estonia,1,0,2015,4.750312014,6.985633963,0.4464681649,43
23,Brain and central nervous system,233,Estonia,1,0,2016,7.820581143,9.722535054,0.6961271727,60
23,Brain and central nervous system,233,Estonia,1,0,2017,7.920100579,10.49553455,0.7756370789,65
23,Brain and central nervous system,233,Estonia,1,1,1995,4.916828794,5.321822429,0.4811924939,36
23,Brain and central nervous system,233,Estonia,1,1,1996,5.185084007,5.54222841,0.4744629397,37
23,Brain and central nervous system,233,Estonia,1,1,1997,5.048034315,6.349604699,0.6359822821,42
23,Brain and central nervous system,233,Estonia,1,1,1998,7.00441359,8.676248086,0.7964786363,57
23,Brain and central nervous system,233,Estonia,1,1,1999,3.878532437,5.199341213,0.4792170637,34
23,Brain and central nervous system,233,Estonia,1,1,2000,5.846963769,7.371697902,0.6186812714,48
23,Brain and central nervous system,233,Estonia,1,1,2001,6.098682656,8.04056154,0.7212732629,52
23,Brain and central nervous system,233,Estonia,1,1,2002,6.537574564,8.409197794,0.6506379221,54
23,Brain and central nervous system,233,Estonia,1,1,2003,6.950650787,8.467281015,0.7378743114,54
23,Brain and central nervous system,233,Estonia,1,1,2004,4.40108387,6.31298684,0.4656501679,40
23,Brain and central nervous system,233,Estonia,1,1,2005,6.45352674,8.891429297,0.8021264416,56
23,Brain and central nervous system,233,Estonia,1,1,2006,5.388215766,6.868066048,0.6035416519,43
23,Brain and central nervous system,233,Estonia,1,1,2007,7.020254226,9.789124604,0.9139585222,61
23,Brain and central nervous system,233,Estonia,1,1,2008,5.933535221,8.686350366,0.7109694682,54
23,Brain and central nervous system,233,Estonia,1,1,2009,5.451482125,7.889717846,0.7140569156,49
23,Brain and central nervous system,233,Estonia,1,1,2010,5.463403383,7.900123097,0.5884929654,49
23,Brain and central nervous system,233,Estonia,1,1,2011,4.514357272,6.301553575,0.5070152003,39
23,Brain and central nervous system,233,Estonia,1,1,2012,5.709083761,7.777820088,0.6611862824,48
23,Brain and central nervous system,233,Estonia,1,1,2013,5.096009551,7.635801511,0.5798682534,47
23,Brain and central nervous system,233,Estonia,1,1,2014,4.675056208,7.321614953,0.4544238665,45
23,Brain and central nervous system,233,Estonia,1,1,2015,5.431349012,7.798100675,0.5227924657,48
23,Brain and central nervous system,233,Estonia,1,1,2016,3.804511195,5.833199656,0.4682674808,36
23,Brain and central nervous system,233,Estonia,1,1,2017,6.076670494,9.364497736,0.6673283303,58
23,Brain and central nervous system,233,Estonia,1,1,2018,6.001680861,9.945260963,0.6562146189,62
23,Brain and central nervous system,233,Estonia,1,1,2019,4.70096612,6.374644215,0.5075684622,40
23,Brain and central nervous system,233,Estonia,1,1,2020,6.504170409,9.682524313,0.6655327048,61
23,Brain and central nervous system,233,Estonia,1,1,2021,4.636866064,7.44191349,0.4758921391,47
23,Brain and central nervous system,233,Estonia,1,1,2022,4.630080195,7.647533007,0.5593596895,49
23,Brain and central nervous system,233,Estonia,2,0,1983,4.150558644,4.826565416,0.393443958,39
23,Brain and central nervous system,233,Estonia,2,0,1984,3.04992815,3.567614914,0.2987901062,29
23,Brain and central nervous system,233,Estonia,2,0,1985,3.071956491,3.668943858,0.311577473,30
23,Brain and central nervous system,233,Estonia,2,0,1986,3.977505305,4.4965067,0.3580113024,37
23,Brain and central nervous system,233,Estonia,2,0,1987,3.242316979,3.621841151,0.2835772679,30
23,Brain and central nervous system,233,Estonia,2,0,1988,4.077030578,4.564016334,0.3488532401,38
23,Brain and central nervous system,233,Estonia,2,0,1989,5.221013488,5.747360405,0.4395284412,48
23,Brain and central nervous system,233,Estonia,2,0,1990,4.355206409,4.909415301,0.3765753777,41
23,Brain and central nervous system,233,Estonia,2,0,1991,2.642634759,3.489091176,0.271993706,29
23,Brain and central nervous system,233,Estonia,2,0,1992,4.897439172,5.134091468,0.4086904463,42
23,Brain and central nervous system,233,Estonia,2,0,1993,4.862500652,5.62869383,0.4513950589,45
23,Brain and central nervous system,233,Estonia,2,0,1994,3.921136872,5.102808841,0.4060206778,40
23,Brain and central nervous system,233,Estonia,2,0,1995,5.120520404,6.093418589,0.4755454293,47
23,Brain and central nervous system,233,Estonia,2,0,1996,4.790083854,5.255060952,0.420437394,40
23,Brain and central nervous system,233,Estonia,2,0,1997,4.803070887,5.708292955,0.412547271,43
23,Brain and central nervous system,233,Estonia,2,0,1998,4.494876949,5.626052373,0.4301511561,42
23,Brain and central nervous system,233,Estonia,2,0,1999,3.862745607,5.5324512,0.4035482402,41
23,Brain and central nervous system,233,Estonia,2,0,2000,4.330025396,5.496641686,0.4288663335,41
23,Brain and central nervous system,233,Estonia,2,0,2001,5.241559463,6.878599463,0.4941087551,51
23,Brain and central nervous system,233,Estonia,2,0,2002,3.373273284,5.425899173,0.4022949191,40
23,Brain and central nervous system,233,Estonia,2,0,2003,4.773002142,5.593451569,0.4309516361,41
23,Brain and central nervous system,233,Estonia,2,0,2004,3.093755228,5.075654691,0.3419225734,37
23,Brain and central nervous system,233,Estonia,2,0,2005,5.265935561,6.759040216,0.456255236,49
23,Brain and central nervous system,233,Estonia,2,0,2006,5.335506013,7.631310574,0.5497662425,55
23,Brain and central nervous system,233,Estonia,2,0,2007,3.704504263,5.99282255,0.3823347182,43
23,Brain and central nervous system,233,Estonia,2,0,2008,5.059844432,8.526638757,0.4715014944,61
23,Brain and central nervous system,233,Estonia,2,0,2009,4.047552367,6.58766145,0.4032336386,47
23,Brain and central nervous system,233,Estonia,2,0,2010,4.378739474,7.73313649,0.4268089588,55
23,Brain and central nervous system,233,Estonia,2,0,2011,4.454623475,7.621520917,0.4789976352,54
23,Brain and central nervous system,233,Estonia,2,0,2012,4.492034392,7.653679506,0.4853322525,54
23,Brain and central nervous system,233,Estonia,2,0,2013,5.196097142,7.402619958,0.47438503,52
23,Brain and central nervous system,233,Estonia,2,0,2014,4.591991705,8.572763473,0.4922332822,60
23,Brain and central nervous system,233,Estonia,2,0,2015,7.352683055,9.87041151,0.6347187143,69
23,Brain and central nervous system,233,Estonia,2,0,2016,5.927870776,8.158393054,0.5325325582,57
23,Brain and central nervous system,233,Estonia,2,0,2017,4.022910744,6.159814231,0.3414428148,43
23,Brain and central nervous system,233,Estonia,2,1,1995,3.198646063,4.250840829,0.3332424764,33
23,Brain and central nervous system,233,Estonia,2,1,1996,4.215045391,5.60589636,0.4611820397,43
23,Brain and central nervous system,233,Estonia,2,1,1997,4.561019523,6.578622765,0.4647840058,50
23,Brain and central nervous system,233,Estonia,2,1,1998,5.5307993,7.026973635,0.5084014983,53
23,Brain and central nervous system,233,Estonia,2,1,1999,3.482129751,5.069042358,0.3577014732,38
23,Brain and central nervous system,233,Estonia,2,1,2000,3.269653565,4.558508456,0.3573345586,34
23,Brain and central nervous system,233,Estonia,2,1,2001,4.200536081,5.799443119,0.4040897873,43
23,Brain and central nervous system,233,Estonia,2,1,2002,4.406156335,7.052941823,0.5172584005,52
23,Brain and central nervous system,233,Estonia,2,1,2003,3.662856354,6.001901512,0.4272716228,44
23,Brain and central nervous system,233,Estonia,2,1,2004,2.99213065,5.486505597,0.3257312135,40
23,Brain and central nervous system,233,Estonia,2,1,2005,3.226048787,6.482512732,0.3593138314,47
23,Brain and central nervous system,233,Estonia,2,1,2006,4.11294977,8.18541207,0.4714455638,59
23,Brain and central nervous system,233,Estonia,2,1,2007,4.421728693,7.804181927,0.4888358137,56
23,Brain and central nervous system,233,Estonia,2,1,2008,3.529273429,7.408349629,0.4413421318,53
23,Brain and central nervous system,233,Estonia,2,1,2009,3.934598721,7.989157172,0.3916489465,57
23,Brain and central nervous system,233,Estonia,2,1,2010,4.022999615,8.436386133,0.4503204824,60
23,Brain and central nervous system,233,Estonia,2,1,2011,3.362450698,7.057536567,0.3944092166,50
23,Brain and central nervous system,233,Estonia,2,1,2012,2.949719377,5.528178472,0.3485696662,39
23,Brain and central nervous system,233,Estonia,2,1,2013,3.76494329,7.545579572,0.4581274054,53
23,Brain and central nervous system,233,Estonia,2,1,2014,3.650033421,7.859012179,0.4005913558,55
23,Brain and central nervous system,233,Estonia,2,1,2015,3.967266857,7.295704189,0.3901937214,51
23,Brain and central nervous system,233,Estonia,2,1,2016,4.868353481,8.158101138,0.4816775124,57
23,Brain and central nervous system,233,Estonia,2,1,2017,3.711858539,7.449173715,0.3980103446,52
23,Brain and central nervous system,233,Estonia,2,1,2018,3.225125581,8.15973614,0.3727054054,57
23,Brain and central nervous system,233,Estonia,2,1,2019,4.223914034,7.721615734,0.4649133703,54
23,Brain and central nervous system,233,Estonia,2,1,2020,3.196854586,7.003316571,0.383370751,49
23,Brain and central nervous system,233,Estonia,2,1,2021,2.323934856,4.998632517,0.2690704427,35
23,Brain and central nervous system,233,Estonia,2,1,2022,3.050148576,7.189559069,0.3651175115,51
23,Brain and central nervous system,246,Finland,1,0,1953,4.198960969,4.238991302,0.3558816383,84
23,Brain and central nervous system,246,Finland,1,0,1954,4.120516243,4.08732113,0.3841239663,82
23,Brain and central nervous system,246,Finland,1,0,1955,4.830174736,4.726645999,0.4278500706,96
23,Brain and central nervous system,246,Finland,1,0,1956,6.197147881,6.178874525,0.6087767765,127
23,Brain and central nervous system,246,Finland,1,0,1957,4.69210146,4.620905264,0.4534793609,96
23,Brain and central nervous system,246,Finland,1,0,1958,4.051455064,4.102232401,0.3721325904,86
23,Brain and central nervous system,246,Finland,1,0,1959,3.78985631,3.924467709,0.3438107878,83
23,Brain and central nervous system,246,Finland,1,0,1960,5.870873967,6.046504652,0.5730784119,129
23,Brain and central nervous system,246,Finland,1,0,1961,5.484796659,5.53470867,0.4834252593,119
23,Brain and central nervous system,246,Finland,1,0,1962,4.962594181,5.032321121,0.4622864396,109
23,Brain and central nervous system,246,Finland,1,0,1963,5.373571846,5.498436726,0.5056485388,120
23,Brain and central nervous system,246,Finland,1,0,1964,6.134269881,6.148810786,0.630446664,135
23,Brain and central nervous system,246,Finland,1,0,1965,4.508290127,4.628379681,0.4498162953,102
23,Brain and central nervous system,246,Finland,1,0,1966,5.573103802,5.739009289,0.5089622762,127
23,Brain and central nervous system,246,Finland,1,0,1967,6.515933662,6.515113153,0.5787571073,145
23,Brain and central nervous system,246,Finland,1,0,1968,6.110075508,6.081923963,0.5439657149,136
23,Brain and central nervous system,246,Finland,1,0,1969,7.351194859,7.561693802,0.7015778105,169
23,Brain and central nervous system,246,Finland,1,0,1970,6.064918449,6.067140323,0.513086278,135
23,Brain and central nervous system,246,Finland,1,0,1971,6.634542751,6.960001545,0.670496963,155
23,Brain and central nervous system,246,Finland,1,0,1972,6.285642271,6.468755465,0.5933841837,145
23,Brain and central nervous system,246,Finland,1,0,1973,6.394081486,6.517123076,0.5642336691,147
23,Brain and central nervous system,246,Finland,1,0,1974,6.170043843,6.525635053,0.5663055815,148
23,Brain and central nervous system,246,Finland,1,0,1975,6.923832797,7.067713303,0.6528961265,161
23,Brain and central nervous system,246,Finland,1,0,1976,6.652545522,7.00447805,0.6336838482,160
23,Brain and central nervous system,246,Finland,1,0,1977,6.179796954,6.547273497,0.6047530775,150
23,Brain and central nervous system,246,Finland,1,0,1978,7.486867201,8.180211807,0.7870156528,188
23,Brain and central nervous system,246,Finland,1,0,1979,7.671575751,8.420917385,0.7777184961,194
23,Brain and central nervous system,246,Finland,1,0,1980,9.864379166,10.47250243,0.9485126345,242
23,Brain and central nervous system,246,Finland,1,0,1981,7.671298156,8.487143055,0.7780347341,197
23,Brain and central nervous system,246,Finland,1,0,1982,8.425974738,9.549621848,0.8924386171,223
23,Brain and central nervous system,246,Finland,1,0,1983,8.130761818,8.97864508,0.7885715507,211
23,Brain and central nervous system,246,Finland,1,0,1984,8.109237771,9.351726473,0.8215414894,221
23,Brain and central nervous system,246,Finland,1,0,1985,8.899674325,9.732446206,0.8207060503,231
23,Brain and central nervous system,246,Finland,1,0,1986,9.056035478,10.41219268,0.9562758331,248
23,Brain and central nervous system,246,Finland,1,0,1987,9.594913646,10.67228266,0.9253139898,255
23,Brain and central nervous system,246,Finland,1,0,1988,7.657788452,8.760519924,0.6889917596,210
23,Brain and central nervous system,246,Finland,1,0,1989,9.281746465,10.59381886,0.8894647917,255
23,Brain and central nervous system,246,Finland,1,0,1990,9.31222119,10.66343953,0.9410128662,258
23,Brain and central nervous system,246,Finland,1,0,1991,9.182857244,10.8846421,0.9102439911,265
23,Brain and central nervous system,246,Finland,1,0,1992,10.08970884,12.04002021,0.9582083768,295
23,Brain and central nervous system,246,Finland,1,0,1993,9.652823103,11.4054289,0.87592926,281
23,Brain and central nervous system,246,Finland,1,0,1994,9.682242489,11.75319502,1.000637756,291
23,Brain and central nervous system,246,Finland,1,0,1995,9.449361715,11.42087325,0.933394723,284
23,Brain and central nervous system,246,Finland,1,0,1996,10.03748522,12.21882432,0.9444996497,305
23,Brain and central nervous system,246,Finland,1,0,1997,9.473723508,11.85701163,0.9338686229,297
23,Brain and central nervous system,246,Finland,1,0,1998,9.168330078,11.50209157,0.8823673779,289
23,Brain and central nervous system,246,Finland,1,0,1999,9.1514623,11.98626501,0.9782781912,302
23,Brain and central nervous system,246,Finland,1,0,2000,9.450850759,12.35064674,0.9522598488,312
23,Brain and central nervous system,246,Finland,1,0,2001,9.395537203,12.74931724,0.9592491677,323
23,Brain and central nervous system,246,Finland,1,0,2002,10.86916248,14.32362298,1.046198563,364
23,Brain and central nervous system,246,Finland,1,0,2003,10.30687734,13.65292423,0.9794976398,348
23,Brain and central nervous system,246,Finland,1,0,2004,9.519319641,12.39498961,0.9591135012,317
23,Brain and central nervous system,246,Finland,1,0,2005,10.73488196,14.4125138,1.072283354,370
23,Brain and central nervous system,246,Finland,1,0,2006,10.5265803,14.42953306,0.9819166484,372
23,Brain and central nervous system,246,Finland,1,0,2007,10.37777038,14.36146772,1.011193584,372
23,Brain and central nervous system,246,Finland,1,0,2008,9.761760817,13.82371689,0.9522554815,360
23,Brain and central nervous system,246,Finland,1,0,2009,10.57855517,14.66566859,0.9711677851,384
23,Brain and central nervous system,246,Finland,1,0,2010,11.02142519,14.93307758,1.036507647,393
23,Brain and central nervous system,246,Finland,1,0,2011,10.07651522,13.83494458,0.9390526021,366
23,Brain and central nervous system,246,Finland,1,0,2012,10.47894975,14.92718018,0.9952224425,397
23,Brain and central nervous system,246,Finland,1,0,2013,10.64076708,15.56016792,1.016038114,416
23,Brain and central nervous system,246,Finland,1,0,2014,10.7570378,15.37537412,1.025381643,413
23,Brain and central nervous system,246,Finland,1,0,2015,10.09995916,15.05556933,0.9214795621,406
23,Brain and central nervous system,246,Finland,1,0,2016,10.69764273,15.92222271,1.044658462,431
23,Brain and central nervous system,246,Finland,1,0,2017,11.33177002,16.49649137,1.076151172,448
23,Brain and central nervous system,246,Finland,1,0,2018,9.759902272,15.14032082,0.9040061243,412
23,Brain and central nervous system,246,Finland,1,0,2019,10.58928746,16.72918097,1.032904933,456
23,Brain and central nervous system,246,Finland,1,0,2020,10.46453413,15.6717142,1.013809853,428
23,Brain and central nervous system,246,Finland,1,0,2021,10.37847304,16.21352482,0.9827464708,444
23,Brain and central nervous system,246,Finland,1,0,2022,12.48215659,18.88447685,1.169084121,519
23,Brain and central nervous system,246,Finland,1,1,1956,3.585421015,3.551617531,0.361310831,73
23,Brain and central nervous system,246,Finland,1,1,1957,3.35338574,3.369406034,0.307756182,70
23,Brain and central nervous system,246,Finland,1,1,1958,3.225156032,3.24362562,0.3319036331,68
23,Brain and central nervous system,246,Finland,1,1,1959,2.385112786,2.458699754,0.2290678725,52
23,Brain and central nervous system,246,Finland,1,1,1960,3.902454679,3.937243156,0.3617346371,84
23,Brain and central nervous system,246,Finland,1,1,1961,3.566541257,3.674200716,0.2832385937,79
23,Brain and central nervous system,246,Finland,1,1,1962,2.921938022,2.954480458,0.2965459726,64
23,Brain and central nervous system,246,Finland,1,1,1963,3.245169212,3.298593493,0.3097301291,72
23,Brain and central nervous system,246,Finland,1,1,1964,3.785632546,3.734317857,0.4005934927,82
23,Brain and central nervous system,246,Finland,1,1,1965,3.643130798,3.675021063,0.370811698,81
23,Brain and central nervous system,246,Finland,1,1,1966,3.705538889,3.840596277,0.3696646694,85
23,Brain and central nervous system,246,Finland,1,1,1967,3.516002637,3.594064761,0.323336321,80
23,Brain and central nervous system,246,Finland,1,1,1968,4.131589933,4.06914051,0.3779044458,91
23,Brain and central nervous system,246,Finland,1,1,1969,4.621041067,4.653388551,0.4433500029,104
23,Brain and central nervous system,246,Finland,1,1,1970,4.17692269,4.269668678,0.4057765764,95
23,Brain and central nervous system,246,Finland,1,1,1971,4.281258431,4.535393809,0.4431824111,101
23,Brain and central nervous system,246,Finland,1,1,1972,3.541818493,3.747582475,0.3429023637,84
23,Brain and central nervous system,246,Finland,1,1,1973,3.43096911,3.635543019,0.3648947545,82
23,Brain and central nervous system,246,Finland,1,1,1974,4.482228685,4.718033559,0.4492937289,107
23,Brain and central nervous system,246,Finland,1,1,1975,4.418010498,4.47788714,0.3912726189,102
23,Brain and central nervous system,246,Finland,1,1,1976,4.30375794,4.37803165,0.4016671526,100
23,Brain and central nervous system,246,Finland,1,1,1977,3.929996867,3.88488433,0.367748902,89
23,Brain and central nervous system,246,Finland,1,1,1978,4.655023046,4.742929934,0.4734821874,109
23,Brain and central nervous system,246,Finland,1,1,1979,4.032831525,4.384179104,0.3988339045,101
23,Brain and central nervous system,246,Finland,1,1,1980,4.459308153,4.846823081,0.4746150138,112
23,Brain and central nervous system,246,Finland,1,1,1981,4.755054587,5.299086015,0.5001778082,123
23,Brain and central nervous system,246,Finland,1,1,1982,3.789505844,4.325133565,0.4247511669,101
23,Brain and central nervous system,246,Finland,1,1,1983,4.014200787,4.638203135,0.4157487635,109
23,Brain and central nervous system,246,Finland,1,1,1984,4.164944021,4.866227409,0.4525357786,115
23,Brain and central nervous system,246,Finland,1,1,1985,4.259450449,4.845083715,0.4235557659,115
23,Brain and central nervous system,246,Finland,1,1,1986,3.789471798,4.408313996,0.4095163617,105
23,Brain and central nervous system,246,Finland,1,1,1987,4.42703719,5.2732694,0.5065930788,126
23,Brain and central nervous system,246,Finland,1,1,1988,4.135684473,5.005914279,0.4030683811,120
23,Brain and central nervous system,246,Finland,1,1,1989,4.65314573,5.691462889,0.4879310038,137
23,Brain and central nervous system,246,Finland,1,1,1990,4.426674563,5.372897699,0.5117358543,130
23,Brain and central nervous system,246,Finland,1,1,1991,4.928428897,6.078760196,0.5518914452,148
23,Brain and central nervous system,246,Finland,1,1,1992,4.261289409,5.264790388,0.4391802367,129
23,Brain and central nervous system,246,Finland,1,1,1993,4.537472571,5.72283692,0.4856240112,141
23,Brain and central nervous system,246,Finland,1,1,1994,4.309647734,5.41193728,0.4407859469,134
23,Brain and central nervous system,246,Finland,1,1,1995,4.189838238,5.348296769,0.4656412555,133
23,Brain and central nervous system,246,Finland,1,1,1996,4.695310601,6.409614422,0.5232289065,160
23,Brain and central nervous system,246,Finland,1,1,1997,4.761977561,6.427324032,0.509428737,161
23,Brain and central nervous system,246,Finland,1,1,1998,3.954653084,5.571791136,0.4520921762,140
23,Brain and central nervous system,246,Finland,1,1,1999,4.396686166,5.834215411,0.4676144052,147
23,Brain and central nervous system,246,Finland,1,1,2000,4.405967523,6.333512057,0.5356969684,160
23,Brain and central nervous system,246,Finland,1,1,2001,3.938813936,5.80215939,0.4345346729,147
23,Brain and central nervous system,246,Finland,1,1,2002,5.340753392,7.712448443,0.5621791526,196
23,Brain and central nervous system,246,Finland,1,1,2003,4.036101946,5.845410088,0.4178494441,149
23,Brain and central nervous system,246,Finland,1,1,2004,3.904920134,5.66941855,0.4224142789,145
23,Brain and central nervous system,246,Finland,1,1,2005,3.956199854,6.115424151,0.4223384575,157
23,Brain and central nervous system,246,Finland,1,1,2006,4.459207477,7.020664609,0.4949438531,181
23,Brain and central nervous system,246,Finland,1,1,2007,3.509386257,5.48190585,0.3699392503,142
23,Brain and central nervous system,246,Finland,1,1,2008,4.046094679,6.450893247,0.4653419536,168
23,Brain and central nervous system,246,Finland,1,1,2009,3.92784975,6.301461939,0.4086563203,165
23,Brain and central nervous system,246,Finland,1,1,2010,4.222583023,6.345354868,0.4238441411,167
23,Brain and central nervous system,246,Finland,1,1,2011,4.040290161,6.765982981,0.4491767534,179
23,Brain and central nervous system,246,Finland,1,1,2012,4.601816181,7.482025749,0.4890086723,199
23,Brain and central nervous system,246,Finland,1,1,2013,4.170664852,6.919414812,0.4424317111,185
23,Brain and central nervous system,246,Finland,1,1,2014,4.840149551,7.74302825,0.4934585335,208
23,Brain and central nervous system,246,Finland,1,1,2015,3.656869047,6.044105282,0.3886088323,163
23,Brain and central nervous system,246,Finland,1,1,2016,4.251557801,7.277337484,0.4798261738,197
23,Brain and central nervous system,246,Finland,1,1,2017,4.319476401,7.621945607,0.4504020215,207
23,Brain and central nervous system,246,Finland,1,1,2018,4.001538816,6.945155139,0.4548715005,189
23,Brain and central nervous system,246,Finland,1,1,2019,4.270191316,8.254281771,0.4708293034,225
23,Brain and central nervous system,246,Finland,1,1,2020,4.810878467,8.38495512,0.5331828524,229
23,Brain and central nervous system,246,Finland,1,1,2021,4.40065495,7.924004054,0.4902209325,217
23,Brain and central nervous system,246,Finland,1,1,2022,4.449235864,8.136553156,0.4851103529,224
23,Brain and central nervous system,246,Finland,2,0,1953,4.245781988,4.495288058,0.3831559406,97
23,Brain and central nervous system,246,Finland,2,0,1954,3.887768337,4.035408879,0.337922472,88
23,Brain and central nervous system,246,Finland,2,0,1955,3.161955016,3.35777171,0.2745627675,74
23,Brain and central nervous system,246,Finland,2,0,1956,3.898942947,4.087479243,0.3250057333,91
23,Brain and central nervous system,246,Finland,2,0,1957,3.962457603,4.228807886,0.3451237609,95
23,Brain and central nervous system,246,Finland,2,0,1958,4.259381814,4.506629053,0.3642046925,102
23,Brain and central nervous system,246,Finland,2,0,1959,3.465164238,3.684625047,0.3316635136,84
23,Brain and central nervous system,246,Finland,2,0,1960,4.435230184,4.790586063,0.3900470832,110
23,Brain and central nervous system,246,Finland,2,0,1961,4.216449825,4.543612514,0.3831811066,105
23,Brain and central nervous system,246,Finland,2,0,1962,4.450447194,4.902289627,0.4119150918,114
23,Brain and central nervous system,246,Finland,2,0,1963,5.161228355,5.596209956,0.4453476182,131
23,Brain and central nervous system,246,Finland,2,0,1964,4.729648443,5.269876092,0.4029202412,124
23,Brain and central nervous system,246,Finland,2,0,1965,5.795942702,6.313729204,0.5357229251,149
23,Brain and central nervous system,246,Finland,2,0,1966,5.590981205,6.038995441,0.5117661996,143
23,Brain and central nervous system,246,Finland,2,0,1967,5.04930559,5.713927994,0.4808603002,136
23,Brain and central nervous system,246,Finland,2,0,1968,5.509562174,6.149768191,0.5078699705,147
23,Brain and central nervous system,246,Finland,2,0,1969,5.489511686,6.195487299,0.498661227,148
23,Brain and central nervous system,246,Finland,2,0,1970,5.670817962,6.383321389,0.5259816787,152
23,Brain and central nervous system,246,Finland,2,0,1971,6.829140953,7.92415286,0.6563364421,189
23,Brain and central nervous system,246,Finland,2,0,1972,6.184036549,7.088908464,0.5622330569,170
23,Brain and central nervous system,246,Finland,2,0,1973,6.177343863,7.094009524,0.5413196705,171
23,Brain and central nervous system,246,Finland,2,0,1974,7.086453577,8.338164584,0.6858289869,202
23,Brain and central nervous system,246,Finland,2,0,1975,7.129063803,8.383073588,0.7171609863,204
23,Brain and central nervous system,246,Finland,2,0,1976,6.706277249,8.069104301,0.6382695537,197
23,Brain and central nervous system,246,Finland,2,0,1977,6.334188638,7.925252612,0.6357797762,194
23,Brain and central nervous system,246,Finland,2,0,1978,8.497086642,10.22695487,0.8136540973,251
23,Brain and central nervous system,246,Finland,2,0,1979,8.977609029,11.58111474,0.9584581668,285
23,Brain and central nervous system,246,Finland,2,0,1980,9.485226339,11.82798465,0.9251625548,292
23,Brain and central nervous system,246,Finland,2,0,1981,8.589945589,11.05370892,0.8782393536,274
23,Brain and central nervous system,246,Finland,2,0,1982,9.418578002,12.03967555,0.957776678,300
23,Brain and central nervous system,246,Finland,2,0,1983,8.65488557,11.29395163,0.8956204119,283
23,Brain and central nervous system,246,Finland,2,0,1984,8.372252847,11.5540242,0.8704501054,291
23,Brain and central nervous system,246,Finland,2,0,1985,9.699220876,13.16881151,0.9861934093,333
23,Brain and central nervous system,246,Finland,2,0,1986,10.26677378,13.36576338,0.9894614812,339
23,Brain and central nervous system,246,Finland,2,0,1987,8.895286626,12.03418653,0.898096154,306
23,Brain and central nervous system,246,Finland,2,0,1988,10.75704781,14.67033425,1.0753646,374
23,Brain and central nervous system,246,Finland,2,0,1989,9.373487184,12.43495599,0.9669281542,318
23,Brain and central nervous system,246,Finland,2,0,1990,10.14738629,13.90756379,1.060758359,357
23,Brain and central nervous system,246,Finland,2,0,1991,10.35361455,13.68685484,0.9909615709,353
23,Brain and central nervous system,246,Finland,2,0,1992,11.27275635,15.39452819,1.107888018,399
23,Brain and central nervous system,246,Finland,2,0,1993,10.36050132,14.44649188,1.026012704,376
23,Brain and central nervous system,246,Finland,2,0,1994,10.40878075,14.85218345,1.041968599,388
23,Brain and central nervous system,246,Finland,2,0,1995,11.21240236,16.29077702,1.174076974,427
23,Brain and central nervous system,246,Finland,2,0,1996,11.4028596,15.75088042,1.11859393,414
23,Brain and central nervous system,246,Finland,2,0,1997,12.63769146,17.91279845,1.306616917,472
23,Brain and central nervous system,246,Finland,2,0,1998,11.73212686,17.11530604,1.171125805,452
23,Brain and central nervous system,246,Finland,2,0,1999,12.24383124,18.48125995,1.250451344,489
23,Brain and central nervous system,246,Finland,2,0,2000,11.42936819,17.9243592,1.173197021,475
23,Brain and central nervous system,246,Finland,2,0,2001,13.50068434,20.07881595,1.353933337,533
23,Brain and central nervous system,246,Finland,2,0,2002,12.11706397,18.65123377,1.262798163,496
23,Brain and central nervous system,246,Finland,2,0,2003,13.74910532,20.94508896,1.362366576,558
23,Brain and central nervous system,246,Finland,2,0,2004,12.33270959,19.20854432,1.282155454,513
23,Brain and central nervous system,246,Finland,2,0,2005,12.64958326,19.78437273,1.294390885,530
23,Brain and central nervous system,246,Finland,2,0,2006,14.34928982,22.6543832,1.454115741,609
23,Brain and central nervous system,246,Finland,2,0,2007,12.99709399,21.71613016,1.33142964,586
23,Brain and central nervous system,246,Finland,2,0,2008,11.96632086,18.97253744,1.16356003,514
23,Brain and central nervous system,246,Finland,2,0,2009,12.85355595,20.9151922,1.342515647,569
23,Brain and central nervous system,246,Finland,2,0,2010,12.90828728,20.79359791,1.258725785,568
23,Brain and central nervous system,246,Finland,2,0,2011,12.55513829,20.59941377,1.233583497,565
23,Brain and central nervous system,246,Finland,2,0,2012,12.53363056,19.67766032,1.273385355,542
23,Brain and central nervous system,246,Finland,2,0,2013,12.14270626,19.67109495,1.219773951,544
23,Brain and central nervous system,246,Finland,2,0,2014,12.40856313,19.708885,1.252678659,547
23,Brain and central nervous system,246,Finland,2,0,2015,12.82494279,20.91378132,1.266007061,582
23,Brain and central nervous system,246,Finland,2,0,2016,13.28351759,21.41017374,1.32112758,597
23,Brain and central nervous system,246,Finland,2,0,2017,13.10455198,21.62948443,1.302317609,604
23,Brain and central nervous system,246,Finland,2,0,2018,12.05705162,21.68689703,1.213289097,606
23,Brain and central nervous system,246,Finland,2,0,2019,13.35931857,22.24742246,1.330257913,622
23,Brain and central nervous system,246,Finland,2,0,2020,12.228429,19.43893307,1.165373417,544
23,Brain and central nervous system,246,Finland,2,0,2021,12.77725101,22.44374568,1.33321402,629
23,Brain and central nervous system,246,Finland,2,0,2022,15.06312987,25.64270137,1.568292012,720
23,Brain and central nervous system,246,Finland,2,1,1956,2.027213922,2.065995996,0.1665628131,46
23,Brain and central nervous system,246,Finland,2,1,1957,2.24806264,2.35905062,0.1928616174,53
23,Brain and central nervous system,246,Finland,2,1,1958,1.973739028,1.988106265,0.1538624236,45
23,Brain and central nervous system,246,Finland,2,1,1959,2.117969638,2.193166182,0.1855141828,50
23,Brain and central nervous system,246,Finland,2,1,1960,2.528507453,2.743721396,0.251437539,63
23,Brain and central nervous system,246,Finland,2,1,1961,2.140424378,2.336784779,0.207877879,54
23,Brain and central nervous system,246,Finland,2,1,1962,2.493366301,2.709061035,0.2303141018,63
23,Brain and central nervous system,246,Finland,2,1,1963,2.62080864,2.776413301,0.2426445175,65
23,Brain and central nervous system,246,Finland,2,1,1964,2.418588852,2.677162845,0.2127918411,63
23,Brain and central nervous system,246,Finland,2,1,1965,2.43490015,2.669399341,0.2357768006,63
23,Brain and central nervous system,246,Finland,2,1,1966,2.81318048,2.998002528,0.2508875906,71
23,Brain and central nervous system,246,Finland,2,1,1967,2.353976352,2.604213155,0.2257267753,62
23,Brain and central nervous system,246,Finland,2,1,1968,2.010689346,2.216644828,0.1956199514,53
23,Brain and central nervous system,246,Finland,2,1,1969,2.343839153,2.511349731,0.2216175837,60
23,Brain and central nervous system,246,Finland,2,1,1970,2.896046021,3.191523314,0.2687920995,76
23,Brain and central nervous system,246,Finland,2,1,1971,3.094636355,3.479794239,0.3041580291,83
23,Brain and central nervous system,246,Finland,2,1,1972,2.414133644,2.585376319,0.2178538039,62
23,Brain and central nervous system,246,Finland,2,1,1973,2.874747137,3.152996456,0.2433604089,76
23,Brain and central nervous system,246,Finland,2,1,1974,2.872548017,3.302426747,0.2906134288,80
23,Brain and central nervous system,246,Finland,2,1,1975,3.501064793,3.904150235,0.3411761661,95
23,Brain and central nervous system,246,Finland,2,1,1976,3.240728156,3.686703902,0.3030208257,90
23,Brain and central nervous system,246,Finland,2,1,1977,2.745063996,3.227580369,0.2590740578,79
23,Brain and central nervous system,246,Finland,2,1,1978,3.25975173,3.911839365,0.3168390164,96
23,Brain and central nervous system,246,Finland,2,1,1979,3.576948358,4.388993218,0.3783245879,108
23,Brain and central nervous system,246,Finland,2,1,1980,3.912254323,4.780119564,0.3882175871,118
23,Brain and central nervous system,246,Finland,2,1,1981,3.348536378,4.155415778,0.3487623628,103
23,Brain and central nervous system,246,Finland,2,1,1982,2.695323285,3.61200051,0.2778335335,90
23,Brain and central nervous system,246,Finland,2,1,1983,3.364870089,4.469738375,0.3640545974,112
23,Brain and central nervous system,246,Finland,2,1,1984,4.076414859,4.96307768,0.3911528384,125
23,Brain and central nervous system,246,Finland,2,1,1985,2.762509451,4.31048034,0.3140306363,109
23,Brain and central nervous system,246,Finland,2,1,1986,4.128367649,5.204242877,0.4116040084,132
23,Brain and central nervous system,246,Finland,2,1,1987,3.290824881,4.522489949,0.3414365407,115
23,Brain and central nervous system,246,Finland,2,1,1988,3.049814334,4.236184547,0.3192054793,108
23,Brain and central nervous system,246,Finland,2,1,1989,3.689665545,4.92685478,0.3902039818,126
23,Brain and central nervous system,246,Finland,2,1,1990,3.529690042,4.947363172,0.3662681622,127
23,Brain and central nervous system,246,Finland,2,1,1991,3.190754416,5.001603227,0.329883758,129
23,Brain and central nervous system,246,Finland,2,1,1992,3.442182761,5.015610122,0.3877816588,130
23,Brain and central nervous system,246,Finland,2,1,1993,2.84040087,4.418357777,0.3287743711,115
23,Brain and central nervous system,246,Finland,2,1,1994,3.062056167,4.210606096,0.3118205486,110
23,Brain and central nervous system,246,Finland,2,1,1995,2.869497143,4.425539253,0.289736115,116
23,Brain and central nervous system,246,Finland,2,1,1996,3.64604828,5.212164583,0.3918276468,137
23,Brain and central nervous system,246,Finland,2,1,1997,3.721166522,5.920315963,0.4128402063,156
23,Brain and central nervous system,246,Finland,2,1,1998,3.270948984,4.922581053,0.3461887175,130
23,Brain and central nervous system,246,Finland,2,1,1999,3.04724977,5.177828162,0.3413401978,137
23,Brain and central nervous system,246,Finland,2,1,2000,3.187453861,5.283104594,0.3553284411,140
23,Brain and central nervous system,246,Finland,2,1,2001,2.857886447,4.596087712,0.3081151098,122
23,Brain and central nervous system,246,Finland,2,1,2002,2.937169568,4.888688327,0.2792607088,130
23,Brain and central nervous system,246,Finland,2,1,2003,3.687315984,6.193818082,0.3671116049,165
23,Brain and central nervous system,246,Finland,2,1,2004,2.803992647,4.53087388,0.295897891,121
23,Brain and central nervous system,246,Finland,2,1,2005,3.028976278,5.188884737,0.3198762412,139
23,Brain and central nervous system,246,Finland,2,1,2006,2.961894342,5.208056268,0.3114851225,140
23,Brain and central nervous system,246,Finland,2,1,2007,3.101355559,5.707149131,0.3516971154,154
23,Brain and central nervous system,246,Finland,2,1,2008,2.935849538,5.204706457,0.2966301585,141
23,Brain and central nervous system,246,Finland,2,1,2009,2.869901452,5.550620649,0.3025461133,151
23,Brain and central nervous system,246,Finland,2,1,2010,3.412918627,6.004018299,0.3599664462,164
23,Brain and central nervous system,246,Finland,2,1,2011,3.061266289,5.943149581,0.3426832666,163
23,Brain and central nervous system,246,Finland,2,1,2012,3.035325894,5.482408368,0.3278572168,151
23,Brain and central nervous system,246,Finland,2,1,2013,3.036841391,5.568781411,0.3374393419,154
23,Brain and central nervous system,246,Finland,2,1,2014,2.499132775,4.684015419,0.2692965163,130
23,Brain and central nervous system,246,Finland,2,1,2015,2.756765246,5.282306967,0.2839389642,147
23,Brain and central nervous system,246,Finland,2,1,2016,2.752862637,5.486948772,0.2851800395,153
23,Brain and central nervous system,246,Finland,2,1,2017,3.15046276,5.836950691,0.3388053608,163
23,Brain and central nervous system,246,Finland,2,1,2018,2.822529278,6.011991776,0.3171514854,168
23,Brain and central nervous system,246,Finland,2,1,2019,2.698345829,5.901496512,0.2912773776,165
23,Brain and central nervous system,246,Finland,2,1,2020,2.408727203,5.181291607,0.2772399735,145
23,Brain and central nervous system,246,Finland,2,1,2021,2.581313055,5.887473259,0.2731307312,165
23,Brain and central nervous system,246,Finland,2,1,2022,2.82413802,6.107324511,0.3181296104,172
23,Brain and central nervous system,250,France (metropolitan),1,0,1998,5.91976014,7.262216636,0.6206125962,231
23,Brain and central nervous system,250,France (metropolitan),1,0,1999,6.474652413,7.89912351,0.6652249141,253
23,Brain and central nervous system,250,France (metropolitan),1,0,2000,5.351777073,6.749995046,0.5715353355,218
23,Brain and central nervous system,250,France (metropolitan),1,0,2001,4.689803341,5.985162322,0.4865037148,195
23,Brain and central nervous system,250,France (metropolitan),1,0,2002,6.491197211,8.062001354,0.6508461697,265
23,Brain and central nervous system,250,France (metropolitan),1,0,2003,5.40502635,7.267818822,0.5732963464,241
23,Brain and central nervous system,250,France (metropolitan),1,0,2004,5.740239845,7.741270597,0.6223910044,259
23,Brain and central nervous system,250,France (metropolitan),1,0,2005,6.270186869,8.261959186,0.6693862814,279
23,Brain and central nervous system,250,France (metropolitan),1,0,2006,5.9351159,8.450912522,0.6301697365,288
23,Brain and central nervous system,250,France (metropolitan),1,0,2007,6.296391842,8.614836203,0.6848353299,296
23,Brain and central nervous system,250,France (metropolitan),1,0,2008,6.668152391,9.618914773,0.6736959874,333
23,Brain and central nervous system,250,France (metropolitan),1,0,2009,6.759538603,9.433002031,0.657904557,329
23,Brain and central nervous system,250,France (metropolitan),1,0,2010,6.78712753,9.417452332,0.6978732742,331
23,Brain and central nervous system,250,France (metropolitan),1,0,2011,6.806179636,9.795228905,0.6927250094,347
23,Brain and central nervous system,250,France (metropolitan),1,0,2012,5.801346386,8.514280465,0.6055015336,304
23,Brain and central nervous system,250,France (metropolitan),1,0,2013,6.712449663,9.731077503,0.6896803501,350
23,Brain and central nervous system,250,France (metropolitan),1,0,2014,6.675079172,9.696952284,0.6521287313,351
23,Brain and central nervous system,250,France (metropolitan),1,0,2015,6.794424718,9.810333551,0.6831795207,357
23,Brain and central nervous system,250,France (metropolitan),1,0,2016,6.393167229,10.0399931,0.6460828211,367
23,Brain and central nervous system,250,France (metropolitan),1,0,2017,5.352088494,8.16757245,0.5805671662,300
23,Brain and central nervous system,250,France (metropolitan),1,1,1956,1.269526597,1.446212506,0.1289012572,312
23,Brain and central nervous system,250,France (metropolitan),1,1,1957,1.331084705,1.549728744,0.141576034,338
23,Brain and central nervous system,250,France (metropolitan),1,1,1958,1.424806371,1.632600677,0.1448702887,360
23,Brain and central nervous system,250,France (metropolitan),1,1,1959,1.409577284,1.623365012,0.1564386561,362
23,Brain and central nervous system,250,France (metropolitan),1,1,1960,1.642365105,1.853994558,0.1763811122,418
23,Brain and central nervous system,250,France (metropolitan),1,1,1961,1.692861058,1.943687512,0.1755261095,443
23,Brain and central nervous system,250,France (metropolitan),1,1,1962,1.825946479,2.109960367,0.1911040635,486
23,Brain and central nervous system,250,France (metropolitan),1,1,1963,1.739996695,2.062578237,0.1920148411,480
23,Brain and central nervous system,250,France (metropolitan),1,1,1964,1.947898804,2.223510602,0.2119817595,523
23,Brain and central nervous system,250,France (metropolitan),1,1,1965,2.042013506,2.379284375,0.2201267476,565
23,Brain and central nervous system,250,France (metropolitan),1,1,1966,2.02851682,2.350662868,0.2266267707,563
23,Brain and central nervous system,250,France (metropolitan),1,1,1967,2.173434687,2.501694701,0.2321403738,604
23,Brain and central nervous system,250,France (metropolitan),1,1,1968,2.352187256,2.695809352,0.2495845768,656
23,Brain and central nervous system,250,France (metropolitan),1,1,1969,2.077065389,2.35359499,0.2120898751,578
23,Brain and central nervous system,250,France (metropolitan),1,1,1970,2.283537747,2.59108479,0.245588754,643
23,Brain and central nervous system,250,France (metropolitan),1,1,1971,2.417958864,2.747484611,0.2604298614,689
23,Brain and central nervous system,250,France (metropolitan),1,1,1972,2.503775408,2.808478255,0.2678732971,711
23,Brain and central nervous system,250,France (metropolitan),1,1,1973,1.88599524,2.204237739,0.2085839291,563
23,Brain and central nervous system,250,France (metropolitan),1,1,1974,2.639401896,2.993581353,0.282669733,770
23,Brain and central nervous system,250,France (metropolitan),1,1,1975,2.903973687,3.255838568,0.3140995684,841
23,Brain and central nervous system,250,France (metropolitan),1,1,1976,2.907707465,3.264274003,0.3148647434,846
23,Brain and central nervous system,250,France (metropolitan),1,1,1977,3.101955846,3.566817543,0.3496078883,928
23,Brain and central nervous system,250,France (metropolitan),1,1,1978,3.321462944,3.733389718,0.3547109894,975
23,Brain and central nervous system,250,France (metropolitan),1,1,1979,2.89167562,3.429362672,0.3207341757,899
23,Brain and central nervous system,250,France (metropolitan),1,1,1980,2.92215341,3.424391068,0.3277227021,902
23,Brain and central nervous system,250,France (metropolitan),1,1,1981,3.170651945,3.756422042,0.3608519285,995
23,Brain and central nervous system,250,France (metropolitan),1,1,1982,3.630145051,4.264470124,0.4082976172,1136
23,Brain and central nervous system,250,France (metropolitan),1,1,1983,3.372583294,4.056973658,0.3884679031,1086
23,Brain and central nervous system,250,France (metropolitan),1,1,1984,3.405158705,4.06552934,0.3894836218,1093
23,Brain and central nervous system,250,France (metropolitan),1,1,1985,3.619400142,4.410614427,0.4137772078,1191
23,Brain and central nervous system,250,France (metropolitan),1,1,1986,3.515314429,4.283643244,0.4042343808,1162
23,Brain and central nervous system,250,France (metropolitan),1,1,1987,3.447060049,4.310502795,0.39022824,1175
23,Brain and central nervous system,250,France (metropolitan),1,1,1988,3.617582866,4.576224129,0.4097275235,1254
23,Brain and central nervous system,250,France (metropolitan),1,1,1989,3.848273121,4.917630238,0.4314493386,1355
23,Brain and central nervous system,250,France (metropolitan),1,1,1990,3.904192004,5.007884801,0.4389622027,1387
23,Brain and central nervous system,250,France (metropolitan),1,1,1991,4.053736863,5.242961024,0.4626088301,1459
23,Brain and central nervous system,250,France (metropolitan),1,1,1992,4.042057501,5.236281666,0.4534847084,1464
23,Brain and central nervous system,250,France (metropolitan),1,1,1993,4.331454726,5.68970967,0.5006964016,1597
23,Brain and central nervous system,250,France (metropolitan),1,1,1994,3.969543406,5.267665331,0.4541708256,1483
23,Brain and central nervous system,250,France (metropolitan),1,1,1995,3.841296814,5.174644793,0.4312399619,1461
23,Brain and central nervous system,250,France (metropolitan),1,1,1996,3.85921689,5.2338996,0.4386497031,1482
23,Brain and central nervous system,250,France (metropolitan),1,1,1997,3.99822076,5.50028954,0.4546671233,1562
23,Brain and central nervous system,250,France (metropolitan),1,1,1998,4.214386663,5.670316739,0.4680516012,1617
23,Brain and central nervous system,250,France (metropolitan),1,1,1999,3.945808606,5.568732429,0.4363089962,1597
23,Brain and central nervous system,250,France (metropolitan),1,1,2000,4.107458988,5.575819159,0.4597018386,1609
23,Brain and central nervous system,250,France (metropolitan),1,1,2001,3.943297258,5.542635744,0.4285129861,1610
23,Brain and central nervous system,250,France (metropolitan),1,1,2002,4.015469412,5.642963637,0.4509074929,1650
23,Brain and central nervous system,250,France (metropolitan),1,1,2003,3.99213985,5.698221574,0.4508874501,1677
23,Brain and central nervous system,250,France (metropolitan),1,1,2004,3.804430212,5.548716414,0.4156478244,1644
23,Brain and central nervous system,250,France (metropolitan),1,1,2005,3.803619142,5.510927417,0.420385926,1644
23,Brain and central nervous system,250,France (metropolitan),1,1,2006,3.800086113,5.673317116,0.4196833069,1704
23,Brain and central nervous system,250,France (metropolitan),1,1,2007,3.607371928,5.356281997,0.4007537507,1619
23,Brain and central nervous system,250,France (metropolitan),1,1,2008,3.902741972,5.948346963,0.4411598735,1808
23,Brain and central nervous system,250,France (metropolitan),1,1,2009,4.042218085,6.179215176,0.4499498245,1888
23,Brain and central nervous system,250,France (metropolitan),1,1,2010,4.065945024,6.310875074,0.4461607272,1938
23,Brain and central nervous system,250,France (metropolitan),1,1,2011,4.155153905,6.558356149,0.4644789734,2024
23,Brain and central nervous system,250,France (metropolitan),1,1,2012,4.142939954,6.615297634,0.4655636426,2052
23,Brain and central nervous system,250,France (metropolitan),1,1,2013,3.974537901,6.39472218,0.4455485274,1994
23,Brain and central nervous system,250,France (metropolitan),1,1,2014,4.108445929,6.777763025,0.4603219392,2123
23,Brain and central nervous system,250,France (metropolitan),1,1,2015,4.054439859,6.760864975,0.4465526722,2124
23,Brain and central nervous system,250,France (metropolitan),1,1,2016,4.161199824,7.050564899,0.4767095117,2221
23,Brain and central nervous system,250,France (metropolitan),1,1,2017,4.338505208,7.28352894,0.4870218144,2302
23,Brain and central nervous system,250,France (metropolitan),1,1,2018,3.732625559,6.594992361,0.4150297295,2092
23,Brain and central nervous system,250,France (metropolitan),1,1,2019,4.099566447,7.231630751,0.452907014,2302
23,Brain and central nervous system,250,France (metropolitan),1,1,2020,4.141616676,7.154549291,0.4548834012,2284
23,Brain and central nervous system,250,France (metropolitan),1,1,2021,3.984635408,7.043247067,0.4328982825,2255
23,Brain and central nervous system,250,France (metropolitan),1,1,2022,4.176409671,7.622135853,0.4658375716,2448
23,Brain and central nervous system,250,France (metropolitan),2,0,1998,4.482567724,6.207465432,0.4748963454,208
23,Brain and central nervous system,250,France (metropolitan),2,0,1999,3.694625179,4.650373378,0.3760482655,157
23,Brain and central nervous system,250,France (metropolitan),2,0,2000,4.031506416,4.931318185,0.3959414827,168
23,Brain and central nervous system,250,France (metropolitan),2,0,2001,4.476617388,6.1639321,0.4925343946,212
23,Brain and central nervous system,250,France (metropolitan),2,0,2002,4.03933536,5.586611484,0.4174231216,194
23,Brain and central nervous system,250,France (metropolitan),2,0,2003,4.068078385,5.705710846,0.4599496385,200
23,Brain and central nervous system,250,France (metropolitan),2,0,2004,4.062561305,5.707281983,0.3864140942,202
23,Brain and central nervous system,250,France (metropolitan),2,0,2005,4.031682562,5.736582832,0.4334257685,205
23,Brain and central nervous system,250,France (metropolitan),2,0,2006,3.962315698,5.798899707,0.4151569769,209
23,Brain and central nervous system,250,France (metropolitan),2,0,2007,4.248438414,6.526421128,0.4573325595,237
23,Brain and central nervous system,250,France (metropolitan),2,0,2008,4.679268749,6.78199337,0.4654607861,248
23,Brain and central nervous system,250,France (metropolitan),2,0,2009,4.337261132,6.624551893,0.4414478831,244
23,Brain and central nervous system,250,France (metropolitan),2,0,2010,4.737997037,6.790757886,0.4606763756,252
23,Brain and central nervous system,250,France (metropolitan),2,0,2011,4.209650738,6.499236005,0.4308256492,243
23,Brain and central nervous system,250,France (metropolitan),2,0,2012,4.005190413,6.636649543,0.3986003555,250
23,Brain and central nervous system,250,France (metropolitan),2,0,2013,4.154291999,7.141168785,0.4049710924,271
23,Brain and central nervous system,250,France (metropolitan),2,0,2014,4.636793943,7.742691527,0.4751572903,296
23,Brain and central nervous system,250,France (metropolitan),2,0,2015,4.003965598,6.577938167,0.3981937216,253
23,Brain and central nervous system,250,France (metropolitan),2,0,2016,3.906815383,6.440490771,0.3753243851,249
23,Brain and central nervous system,250,France (metropolitan),2,0,2017,4.219716255,7.098309008,0.4476484306,276
23,Brain and central nervous system,250,France (metropolitan),2,1,1956,0.7167934633,0.9515563943,0.07633250962,219
23,Brain and central nervous system,250,France (metropolitan),2,1,1957,0.8724406679,1.097902412,0.08747907286,255
23,Brain and central nervous system,250,France (metropolitan),2,1,1958,0.962007788,1.224256984,0.09378730357,287
23,Brain and central nervous system,250,France (metropolitan),2,1,1959,0.8934185735,1.119825395,0.08905846964,265
23,Brain and central nervous system,250,France (metropolitan),2,1,1960,0.956232208,1.226854094,0.0990840834,293
23,Brain and central nervous system,250,France (metropolitan),2,1,1961,1.097149013,1.348429912,0.1101218287,325
23,Brain and central nervous system,250,France (metropolitan),2,1,1962,1.225226679,1.620131441,0.1298724942,394
23,Brain and central nervous system,250,France (metropolitan),2,1,1963,1.051632538,1.352563665,0.1103127863,332
23,Brain and central nervous system,250,France (metropolitan),2,1,1964,1.02477807,1.322702035,0.1064486993,328
23,Brain and central nervous system,250,France (metropolitan),2,1,1965,1.218532386,1.546379765,0.1278459714,387
23,Brain and central nervous system,250,France (metropolitan),2,1,1966,1.246658346,1.557424685,0.130113258,393
23,Brain and central nervous system,250,France (metropolitan),2,1,1967,1.335638715,1.690831433,0.1389715517,430
23,Brain and central nervous system,250,France (metropolitan),2,1,1968,1.346447516,1.706152448,0.1356980106,437
23,Brain and central nervous system,250,France (metropolitan),2,1,1969,1.313275109,1.569942752,0.1300419505,405
23,Brain and central nervous system,250,France (metropolitan),2,1,1970,1.354733744,1.669409653,0.1390169215,434
23,Brain and central nervous system,250,France (metropolitan),2,1,1971,1.411062912,1.750867533,0.1485597366,459
23,Brain and central nervous system,250,France (metropolitan),2,1,1972,1.563262538,1.956282756,0.1625665477,517
23,Brain and central nervous system,250,France (metropolitan),2,1,1973,1.415148544,1.761800083,0.1523033516,469
23,Brain and central nervous system,250,France (metropolitan),2,1,1974,1.49522607,1.878054312,0.1550426667,503
23,Brain and central nervous system,250,France (metropolitan),2,1,1975,1.566943054,1.987679656,0.1659135719,535
23,Brain and central nervous system,250,France (metropolitan),2,1,1976,1.776235383,2.248340236,0.1818078134,608
23,Brain and central nervous system,250,France (metropolitan),2,1,1977,1.866779259,2.365749554,0.1973693637,643
23,Brain and central nervous system,250,France (metropolitan),2,1,1978,2.007514157,2.570111413,0.2103539654,702
23,Brain and central nervous system,250,France (metropolitan),2,1,1979,1.743381585,2.36463365,0.1941826421,649
23,Brain and central nervous system,250,France (metropolitan),2,1,1980,1.787022817,2.344150962,0.1996085587,647
23,Brain and central nervous system,250,France (metropolitan),2,1,1981,2.004152144,2.632617617,0.2241392701,731
23,Brain and central nervous system,250,France (metropolitan),2,1,1982,1.982837096,2.701861871,0.2299366434,755
23,Brain and central nervous system,250,France (metropolitan),2,1,1983,2.051687621,2.912446782,0.2349965712,819
23,Brain and central nervous system,250,France (metropolitan),2,1,1984,2.145382968,2.866529542,0.2419641596,811
23,Brain and central nervous system,250,France (metropolitan),2,1,1985,2.156325324,2.979190338,0.2404368567,848
23,Brain and central nervous system,250,France (metropolitan),2,1,1986,2.222048778,3.098539332,0.2510653474,887
23,Brain and central nervous system,250,France (metropolitan),2,1,1987,2.424575861,3.480452138,0.2681380228,1002
23,Brain and central nervous system,250,France (metropolitan),2,1,1988,2.406855015,3.573975923,0.2739115858,1035
23,Brain and central nervous system,250,France (metropolitan),2,1,1989,2.469630687,3.631849882,0.2727873561,1058
23,Brain and central nervous system,250,France (metropolitan),2,1,1990,2.290376535,3.379541509,0.2567782866,990
23,Brain and central nervous system,250,France (metropolitan),2,1,1991,2.612050851,3.820841133,0.2927610643,1125
23,Brain and central nervous system,250,France (metropolitan),2,1,1992,2.595152816,3.943087229,0.2838877498,1167
23,Brain and central nervous system,250,France (metropolitan),2,1,1993,2.514581328,3.894655881,0.2826024182,1158
23,Brain and central nervous system,250,France (metropolitan),2,1,1994,2.582361118,3.956849633,0.2925390619,1181
23,Brain and central nervous system,250,France (metropolitan),2,1,1995,2.529643884,3.87537631,0.2862604803,1161
23,Brain and central nervous system,250,France (metropolitan),2,1,1996,2.870127254,4.543453745,0.32499613,1366
23,Brain and central nervous system,250,France (metropolitan),2,1,1997,2.585604884,4.083505703,0.2943811765,1232
23,Brain and central nervous system,250,France (metropolitan),2,1,1998,2.632803941,4.249569273,0.2968574543,1286
23,Brain and central nervous system,250,France (metropolitan),2,1,1999,2.450337208,4.074822891,0.274942418,1239
23,Brain and central nervous system,250,France (metropolitan),2,1,2000,2.775778411,4.211973956,0.2996551726,1290
23,Brain and central nervous system,250,France (metropolitan),2,1,2001,2.734723854,4.407345613,0.2990406182,1360
23,Brain and central nervous system,250,France (metropolitan),2,1,2002,2.530009826,4.10778764,0.2847990332,1277
23,Brain and central nervous system,250,France (metropolitan),2,1,2003,2.630479666,4.314792644,0.2912576762,1351
23,Brain and central nervous system,250,France (metropolitan),2,1,2004,2.4543938,4.089166332,0.2690990489,1290
23,Brain and central nervous system,250,France (metropolitan),2,1,2005,2.414040592,4.038574996,0.2601694409,1284
23,Brain and central nervous system,250,France (metropolitan),2,1,2006,2.378136057,4.004435615,0.2637235954,1282
23,Brain and central nervous system,250,France (metropolitan),2,1,2007,2.471528499,4.120318453,0.2717720207,1327
23,Brain and central nervous system,250,France (metropolitan),2,1,2008,2.486662492,4.350754022,0.2816444711,1409
23,Brain and central nervous system,250,France (metropolitan),2,1,2009,2.422095946,4.156372885,0.2640136494,1353
23,Brain and central nervous system,250,France (metropolitan),2,1,2010,2.599664034,4.552338015,0.2861423738,1489
23,Brain and central nervous system,250,France (metropolitan),2,1,2011,2.509187231,4.480964798,0.2777021049,1473
23,Brain and central nervous system,250,France (metropolitan),2,1,2012,2.482444259,4.648987379,0.2733472483,1536
23,Brain and central nervous system,250,France (metropolitan),2,1,2013,2.645726577,4.767243837,0.2886132078,1583
23,Brain and central nervous system,250,France (metropolitan),2,1,2014,2.582941259,4.734866434,0.283728273,1580
23,Brain and central nervous system,250,France (metropolitan),2,1,2015,2.664387598,5.059665622,0.2948875131,1695
23,Brain and central nervous system,250,France (metropolitan),2,1,2016,2.66241886,5.019973674,0.2893071049,1686
23,Brain and central nervous system,250,France (metropolitan),2,1,2017,2.676443332,5.151544866,0.2953048038,1735
23,Brain and central nervous system,250,France (metropolitan),2,1,2018,2.527972773,4.90850113,0.2815075113,1659
23,Brain and central nervous system,250,France (metropolitan),2,1,2019,2.543712402,5.029931559,0.282291358,1705
23,Brain and central nervous system,250,France (metropolitan),2,1,2020,2.512522391,4.979174939,0.2764387754,1692
23,Brain and central nervous system,250,France (metropolitan),2,1,2021,2.535120861,5.107572447,0.2819364041,1740
23,Brain and central nervous system,250,France (metropolitan),2,1,2022,2.536718809,5.187288865,0.2751236283,1772
23,Brain and central nervous system,268,Georgia,1,1,2004,3.025583968,3.981517892,0.3469719875,81
23,Brain and central nervous system,268,Georgia,1,1,2005,1.637109647,2.087074698,0.1774895279,43
23,Brain and central nervous system,268,Georgia,1,1,2006,2.178859514,2.786184369,0.2678791219,58
23,Brain and central nervous system,268,Georgia,1,1,2007,1.935538463,2.501262657,0.2124979833,52
23,Brain and central nervous system,268,Georgia,1,1,2008,2.527709923,3.210503618,0.3017865639,67
23,Brain and central nervous system,268,Georgia,1,1,2009,3.53607761,4.296250328,0.4171160561,90
23,Brain and central nervous system,268,Georgia,1,1,2010,2.377445558,3.149532271,0.2549701977,67
23,Brain and central nervous system,268,Georgia,1,1,2011,3.396825408,4.167447087,0.4161193074,89
23,Brain and central nervous system,268,Georgia,1,1,2012,2.914132032,3.876150002,0.3597212078,83
23,Brain and central nervous system,268,Georgia,1,1,2013,3.646629494,4.719405635,0.4275863324,101
23,Brain and central nervous system,268,Georgia,1,1,2014,6.869442695,8.780323071,0.8081956008,156
23,Brain and central nervous system,268,Georgia,1,1,2015,5.199819817,7.245452917,0.5758280715,129
23,Brain and central nervous system,268,Georgia,1,1,2016,5.943027956,7.732556641,0.6849512108,138
23,Brain and central nervous system,268,Georgia,1,1,2017,5.763261034,8.218801263,0.6335650477,147
23,Brain and central nervous system,268,Georgia,1,1,2018,5.126754639,7.480893018,0.5705498856,134
23,Brain and central nervous system,268,Georgia,1,1,2019,5.856784557,8.544650546,0.6586614301,153
23,Brain and central nervous system,268,Georgia,1,1,2020,6.432556561,9.201165927,0.7449045635,165
23,Brain and central nervous system,268,Georgia,1,1,2021,5.325304913,7.739295657,0.6372098124,138
23,Brain and central nervous system,268,Georgia,1,1,2022,3.977636752,5.999015489,0.4761705744,107
23,Brain and central nervous system,268,Georgia,1,1,2023,3.240398196,4.876282546,0.3585479079,87
23,Brain and central nervous system,268,Georgia,2,1,2004,1.787516879,2.627027737,0.1968672665,60
23,Brain and central nervous system,268,Georgia,2,1,2005,1.379484911,1.52101169,0.1152529997,35
23,Brain and central nervous system,268,Georgia,2,1,2006,0.6789966599,0.9066183137,0.07996214166,21
23,Brain and central nervous system,268,Georgia,2,1,2007,1.19773351,1.775314469,0.1453685465,41
23,Brain and central nervous system,268,Georgia,2,1,2008,1.260172365,2.032212734,0.1664147275,47
23,Brain and central nervous system,268,Georgia,2,1,2009,1.94345112,2.80650245,0.2325401062,65
23,Brain and central nervous system,268,Georgia,2,1,2010,1.401162997,2.989026005,0.1221367269,70
23,Brain and central nervous system,268,Georgia,2,1,2011,2.441225602,3.450038334,0.2778196659,81
23,Brain and central nervous system,268,Georgia,2,1,2012,2.159972586,3.149740359,0.2373143396,74
23,Brain and central nervous system,268,Georgia,2,1,2013,2.866477046,3.451067275,0.2895967062,81
23,Brain and central nervous system,268,Georgia,2,1,2014,3.107571869,4.51212634,0.3254762366,88
23,Brain and central nervous system,268,Georgia,2,1,2015,3.698738317,5.810216726,0.4292337932,113
23,Brain and central nervous system,268,Georgia,2,1,2016,4.071553045,5.919154642,0.4402392615,115
23,Brain and central nervous system,268,Georgia,2,1,2017,3.691293889,5.826478198,0.4133758746,113
23,Brain and central nervous system,268,Georgia,2,1,2018,3.932397303,6.148853936,0.4135099475,119
23,Brain and central nervous system,268,Georgia,2,1,2019,3.486252594,6.581746588,0.4294286884,127
23,Brain and central nervous system,268,Georgia,2,1,2020,3.942031027,7.411384716,0.4832672499,143
23,Brain and central nervous system,268,Georgia,2,1,2021,3.011146444,5.556995296,0.3725978077,107
23,Brain and central nervous system,268,Georgia,2,1,2022,2.524173663,4.615172405,0.304892774,89
23,Brain and central nervous system,268,Georgia,2,1,2023,2.622760983,4.349318633,0.2783360845,84
23,Brain and central nervous system,276,Germany,1,0,2003,6.052032489,8.835027699,0.6267914742,269
23,Brain and central nervous system,276,Germany,1,0,2004,6.387507447,9.387843662,0.6977433104,286
23,Brain and central nervous system,276,Germany,1,0,2005,6.465470928,9.374442778,0.6294158727,286
23,Brain and central nervous system,276,Germany,1,0,2006,6.260374815,9.859516532,0.6640162507,303
23,Brain and central nervous system,276,Germany,1,0,2007,5.808679706,9.051426703,0.5906296431,279
23,Brain and central nervous system,276,Germany,1,0,2008,7.261341056,11.31112885,0.7723348129,348
23,Brain and central nervous system,276,Germany,1,0,2009,6.918323699,9.822211468,0.6602922722,302
23,Brain and central nervous system,276,Germany,1,0,2010,6.357349465,10.03045493,0.6582250999,309
23,Brain and central nervous system,276,Germany,1,0,2011,6.650947258,10.50060824,0.70154001,318
23,Brain and central nervous system,276,Germany,1,0,2012,6.321988138,10.1235869,0.6361635117,307
23,Brain and central nervous system,276,Germany,1,0,2013,6.766855419,10.6575757,0.682862765,325
23,Brain and central nervous system,276,Germany,1,0,2014,6.14815578,10.13424783,0.6380165974,311
23,Brain and central nervous system,276,Germany,1,0,2015,6.670172916,11.18457865,0.7194307106,348
23,Brain and central nervous system,276,Germany,1,0,2016,5.64117293,9.392728378,0.5801344992,296
23,Brain and central nervous system,276,Germany,1,0,2017,5.688100421,9.933621335,0.5886747042,315
23,Brain and central nervous system,276,Germany,1,1,1991,4.255223992,5.489161364,0.4680798467,2122
23,Brain and central nervous system,276,Germany,1,1,1992,4.54150183,5.949836021,0.4960356407,2324
23,Brain and central nervous system,276,Germany,1,1,1993,4.520989125,6.065954576,0.5141213865,2392
23,Brain and central nervous system,276,Germany,1,1,1994,4.649735309,6.289228717,0.5078487308,2489
23,Brain and central nervous system,276,Germany,1,1,1995,4.858841938,6.682456224,0.5346185699,2655
23,Brain and central nervous system,276,Germany,1,1,1996,4.791523767,6.733922322,0.5323896351,2686
23,Brain and central nervous system,276,Germany,1,1,1997,4.716003574,6.706844382,0.5186199459,2682
23,Brain and central nervous system,276,Germany,1,1,1998,4.737861705,6.928833801,0.5314427104,2771
23,Brain and central nervous system,276,Germany,1,1,1999,4.738957107,6.999118556,0.5273849157,2803
23,Brain and central nervous system,276,Germany,1,1,2000,4.611113827,6.999708021,0.5126465012,2808
23,Brain and central nervous system,276,Germany,1,1,2001,4.423303813,6.885598357,0.4914218877,2769
23,Brain and central nervous system,276,Germany,1,1,2002,4.53349918,7.08501497,0.5042793249,2856
23,Brain and central nervous system,276,Germany,1,1,2003,4.649188232,7.365697461,0.5216684783,2972
23,Brain and central nervous system,276,Germany,1,1,2004,4.547184763,7.338273413,0.509041528,2961
23,Brain and central nervous system,276,Germany,1,1,2005,4.599332554,7.477263493,0.5018338459,3017
23,Brain and central nervous system,276,Germany,1,1,2006,4.449108939,7.329267686,0.4929188295,2955
23,Brain and central nervous system,276,Germany,1,1,2007,4.219600779,7.252811848,0.4599666677,2922
23,Brain and central nervous system,276,Germany,1,1,2008,4.331249889,7.475410113,0.4761997127,3008
23,Brain and central nervous system,276,Germany,1,1,2009,4.416768495,7.79901563,0.4895711212,3130
23,Brain and central nervous system,276,Germany,1,1,2010,4.30802398,7.698279129,0.4857279265,3087
23,Brain and central nervous system,276,Germany,1,1,2011,4.311116567,7.780245036,0.480248866,3124
23,Brain and central nervous system,276,Germany,1,1,2012,4.432280711,8.176458147,0.4869803763,3293
23,Brain and central nervous system,276,Germany,1,1,2013,4.437512195,8.239353315,0.4858201474,3252
23,Brain and central nervous system,276,Germany,1,1,2014,4.543932381,8.413866505,0.5010449516,3340
23,Brain and central nervous system,276,Germany,1,1,2015,4.394864262,8.256416159,0.4921884706,3317
23,Brain and central nervous system,276,Germany,1,1,2016,4.338863897,8.176205503,0.4864071102,3320
23,Brain and central nervous system,276,Germany,1,1,2017,4.365470793,8.297695308,0.4897773462,3383
23,Brain and central nervous system,276,Germany,1,1,2018,4.335962571,8.412146994,0.4898597367,3441
23,Brain and central nervous system,276,Germany,1,1,2019,4.342203531,8.365413352,0.4927779158,3430
23,Brain and central nervous system,276,Germany,1,1,2020,4.196256,8.352003689,0.4624170321,3427
23,Brain and central nervous system,276,Germany,2,0,2003,3.953807235,6.336200671,0.3897148243,204
23,Brain and central nervous system,276,Germany,2,0,2004,4.979345188,8.479419548,0.5368076718,273
23,Brain and central nervous system,276,Germany,2,0,2005,4.564051212,7.268884422,0.4426993285,234
23,Brain and central nervous system,276,Germany,2,0,2006,5.008750255,8.597416802,0.5217525479,277
23,Brain and central nervous system,276,Germany,2,0,2007,4.462246994,7.092716988,0.4303465556,229
23,Brain and central nervous system,276,Germany,2,0,2008,4.820661796,7.421943052,0.4645987132,239
23,Brain and central nervous system,276,Germany,2,0,2009,4.778851765,7.797740892,0.4730336813,251
23,Brain and central nervous system,276,Germany,2,0,2010,4.409458816,6.986755286,0.414676709,225
23,Brain and central nervous system,276,Germany,2,0,2011,4.961804775,7.903530691,0.4868372835,253
23,Brain and central nervous system,276,Germany,2,0,2012,5.003517898,7.530019312,0.4770858075,241
23,Brain and central nervous system,276,Germany,2,0,2013,5.602867618,8.936233281,0.5785362944,287
23,Brain and central nervous system,276,Germany,2,0,2014,4.785552692,7.853291817,0.4660626863,253
23,Brain and central nervous system,276,Germany,2,0,2015,5.034714761,8.796755139,0.4896156618,285
23,Brain and central nervous system,276,Germany,2,0,2016,4.981185524,8.297474567,0.4861499009,271
23,Brain and central nervous system,276,Germany,2,0,2017,4.935522166,8.52795601,0.5053337957,280
23,Brain and central nervous system,276,Germany,2,1,1991,3.299665469,5.030682566,0.361625445,2079
23,Brain and central nervous system,276,Germany,2,1,1992,3.338665845,5.347426205,0.3731123535,2221
23,Brain and central nervous system,276,Germany,2,1,1993,3.288119351,5.265212944,0.3583408773,2198
23,Brain and central nervous system,276,Germany,2,1,1994,3.316290566,5.436574886,0.3735483707,2275
23,Brain and central nervous system,276,Germany,2,1,1995,3.398499794,5.809668949,0.3773411387,2436
23,Brain and central nervous system,276,Germany,2,1,1996,3.309322004,5.851252497,0.3622183821,2458
23,Brain and central nervous system,276,Germany,2,1,1997,3.280675218,5.701013012,0.3542860782,2398
23,Brain and central nervous system,276,Germany,2,1,1998,3.316040356,6.175512049,0.3684694726,2596
23,Brain and central nervous system,276,Germany,2,1,1999,3.094849135,5.797039395,0.3501974738,2437
23,Brain and central nervous system,276,Germany,2,1,2000,3.121107387,5.802006125,0.3525106921,2441
23,Brain and central nervous system,276,Germany,2,1,2001,3.336676852,6.022493741,0.3639299924,2537
23,Brain and central nervous system,276,Germany,2,1,2002,3.298480725,6.162874554,0.3597332572,2599
23,Brain and central nervous system,276,Germany,2,1,2003,3.134659318,6.181976912,0.353921877,2607
23,Brain and central nervous system,276,Germany,2,1,2004,3.212302792,6.120824652,0.3478249107,2580
23,Brain and central nervous system,276,Germany,2,1,2005,3.168514498,6.32785788,0.3422860182,2665
23,Brain and central nervous system,276,Germany,2,1,2006,3.010113838,6.183408996,0.3331324074,2600
23,Brain and central nervous system,276,Germany,2,1,2007,2.946403583,5.955951829,0.3245523602,2500
23,Brain and central nervous system,276,Germany,2,1,2008,2.990851232,6.098204346,0.3273463742,2554
23,Brain and central nervous system,276,Germany,2,1,2009,3.018000337,6.250374328,0.3336586569,2609
23,Brain and central nervous system,276,Germany,2,1,2010,2.907739749,6.147737748,0.324770401,2561
23,Brain and central nervous system,276,Germany,2,1,2011,3.018533067,6.301314846,0.3323613146,2623
23,Brain and central nervous system,276,Germany,2,1,2012,2.890522772,6.221906268,0.3247427975,2591
23,Brain and central nervous system,276,Germany,2,1,2013,2.976197883,6.224422311,0.3246779212,2563
23,Brain and central nervous system,276,Germany,2,1,2014,3.063972147,6.697155153,0.3390357759,2765
23,Brain and central nervous system,276,Germany,2,1,2015,2.760755439,6.106690459,0.3104329496,2535
23,Brain and central nervous system,276,Germany,2,1,2016,3.047241171,6.746031233,0.3387201637,2816
23,Brain and central nervous system,276,Germany,2,1,2017,2.953019054,6.496099607,0.3269262691,2721
23,Brain and central nervous system,276,Germany,2,1,2018,2.899399001,6.226092638,0.32256826,2615
23,Brain and central nervous system,276,Germany,2,1,2019,2.801478253,6.136730635,0.3148428685,2583
23,Brain and central nervous system,276,Germany,2,1,2020,2.688205763,6.13594355,0.2975882115,2585
23,Brain and central nervous system,300,Greece,1,1,1967,3.69433819,4.178692278,0.4303061901,176
23,Brain and central nervous system,300,Greece,1,1,1968,3.119491646,3.416087866,0.3399232014,145
23,Brain and central nervous system,300,Greece,1,1,1969,3.61134967,4.134212997,0.4293112796,176
23,Brain and central nervous system,300,Greece,1,1,1970,3.90204156,4.68301053,0.464074243,200
23,Brain and central nervous system,300,Greece,1,1,1971,4.462548344,5.33113011,0.5212259412,229
23,Brain and central nervous system,300,Greece,1,1,1972,4.059324627,4.923391565,0.465990792,213
23,Brain and central nervous system,300,Greece,1,1,1973,4.189555824,5.035660061,0.4746555625,219
23,Brain and central nervous system,300,Greece,1,1,1974,5.647985414,6.89179087,0.6404803343,301
23,Brain and central nervous system,300,Greece,1,1,1975,5.675397072,6.686510871,0.5864576211,295
23,Brain and central nervous system,300,Greece,1,1,1976,6.775911752,8.101325035,0.7475355794,363
23,Brain and central nervous system,300,Greece,1,1,1977,7.019063397,8.571726677,0.7923926382,389
23,Brain and central nervous system,300,Greece,1,1,1978,6.66633187,8.056247413,0.741127066,370
23,Brain and central nervous system,300,Greece,1,1,1979,6.841046809,8.468376495,0.7560498388,396
23,Brain and central nervous system,300,Greece,1,1,1980,6.948705549,8.464538951,0.7803465606,402
23,Brain and central nervous system,300,Greece,1,1,1981,6.751458614,8.281513035,0.7655295233,397
23,Brain and central nervous system,300,Greece,1,1,1982,7.396646195,9.369657821,0.8538262355,453
23,Brain and central nervous system,300,Greece,1,1,1983,7.291468382,9.053003488,0.8131292499,441
23,Brain and central nervous system,300,Greece,1,1,1984,7.053209706,8.95061483,0.8330457067,439
23,Brain and central nervous system,300,Greece,1,1,1985,6.288749765,8.290159641,0.7354911071,409
23,Brain and central nervous system,300,Greece,1,1,1986,6.011764355,8.166732824,0.688103893,405
23,Brain and central nervous system,300,Greece,1,1,1987,5.949628325,8.089840996,0.6980185722,403
23,Brain and central nervous system,300,Greece,1,1,1988,6.06375299,8.296385265,0.6975802322,415
23,Brain and central nervous system,300,Greece,1,1,1989,6.30067572,8.621954762,0.7281695215,433
23,Brain and central nervous system,300,Greece,1,1,1990,6.540901408,9.084916797,0.7538880841,458
23,Brain and central nervous system,300,Greece,1,1,1991,6.928858195,9.969297525,0.800010793,505
23,Brain and central nervous system,300,Greece,1,1,1992,6.697114112,9.579829277,0.793469267,488
23,Brain and central nervous system,300,Greece,1,1,1993,7.423284365,10.40513963,0.8438455144,533
23,Brain and central nervous system,300,Greece,1,1,1994,7.227924325,10.71607242,0.8006782245,552
23,Brain and central nervous system,300,Greece,1,1,1995,7.205581527,10.46408608,0.7986552484,542
23,Brain and central nervous system,300,Greece,1,1,1996,7.936093362,11.58155218,0.8943704412,603
23,Brain and central nervous system,300,Greece,1,1,1997,7.40494344,11.15764588,0.8605379313,584
23,Brain and central nervous system,300,Greece,1,1,1998,7.053720839,11.1733712,0.8232858448,588
23,Brain and central nervous system,300,Greece,1,1,1999,7.153358087,11.13282548,0.8394067889,589
23,Brain and central nervous system,300,Greece,1,1,2000,7.006690618,11.18525021,0.8062599603,595
23,Brain and central nervous system,300,Greece,1,1,2001,7.388323295,11.68019404,0.8024685,625
23,Brain and central nervous system,300,Greece,1,1,2002,6.692308451,10.86570758,0.7304375262,584
23,Brain and central nervous system,300,Greece,1,1,2003,6.185468828,10.41282585,0.707237616,561
23,Brain and central nervous system,300,Greece,1,1,2004,6.921127618,11.16721882,0.7631324285,603
23,Brain and central nervous system,300,Greece,1,1,2005,6.814230661,11.48944915,0.7404868418,622
23,Brain and central nervous system,300,Greece,1,1,2006,6.666039181,11.55603909,0.7525765505,627
23,Brain and central nervous system,300,Greece,1,1,2007,5.996550773,10.7674277,0.6812367422,585
23,Brain and central nervous system,300,Greece,1,1,2008,6.759425972,11.85639207,0.7628243836,645
23,Brain and central nervous system,300,Greece,1,1,2009,6.801207517,11.7317225,0.7186447465,639
23,Brain and central nervous system,300,Greece,1,1,2010,6.719991648,12.00943898,0.7188950266,654
23,Brain and central nervous system,300,Greece,1,1,2011,7.029303646,12.6783153,0.7622450279,688
23,Brain and central nervous system,300,Greece,1,1,2012,6.900865764,12.80313608,0.7561521485,689
23,Brain and central nervous system,300,Greece,1,1,2013,6.685863711,12.65835741,0.7419750731,674
23,Brain and central nervous system,300,Greece,1,1,2014,6.213179282,11.35850034,0.6659720839,599
23,Brain and central nervous system,300,Greece,1,1,2015,5.872497088,12.01410088,0.632247377,628
23,Brain and central nervous system,300,Greece,1,1,2016,6.160509259,11.72547022,0.6541951662,610
23,Brain and central nervous system,300,Greece,1,1,2017,6.105353406,11.8203378,0.6481618788,614
23,Brain and central nervous system,300,Greece,1,1,2018,5.760565562,11.31644689,0.6569059678,587
23,Brain and central nervous system,300,Greece,1,1,2019,5.710816159,11.73599673,0.6255660378,609
23,Brain and central nervous system,300,Greece,1,1,2020,5.590533805,11.55216666,0.6611082886,599
23,Brain and central nervous system,300,Greece,1,1,2021,6.030200363,12.36945494,0.6833249721,634
23,Brain and central nervous system,300,Greece,2,1,1967,1.630187069,1.935492946,0.1613620348,86
23,Brain and central nervous system,300,Greece,2,1,1968,2.032657858,2.280198122,0.2066170112,102
23,Brain and central nervous system,300,Greece,2,1,1969,2.200058308,2.516751991,0.225334574,113
23,Brain and central nervous system,300,Greece,2,1,1970,1.841577947,2.412319447,0.2062826496,108
23,Brain and central nervous system,300,Greece,2,1,1971,2.67222132,3.250575029,0.262842047,146
23,Brain and central nervous system,300,Greece,2,1,1972,2.48666766,3.117336548,0.2701896407,141
23,Brain and central nervous system,300,Greece,2,1,1973,2.225633813,2.772632881,0.2356304912,126
23,Brain and central nervous system,300,Greece,2,1,1974,3.279095587,4.165206104,0.3536461033,190
23,Brain and central nervous system,300,Greece,2,1,1975,3.289709718,4.082431235,0.342330258,188
23,Brain and central nervous system,300,Greece,2,1,1976,4.270575605,5.406606168,0.4209239619,253
23,Brain and central nervous system,300,Greece,2,1,1977,3.680651661,4.532188074,0.365985459,215
23,Brain and central nervous system,300,Greece,2,1,1978,3.773408785,4.752715484,0.3891596549,228
23,Brain and central nervous system,300,Greece,2,1,1979,5.062985338,6.453897675,0.5339630758,313
23,Brain and central nervous system,300,Greece,2,1,1980,4.734419936,6.09682865,0.5073766629,299
23,Brain and central nervous system,300,Greece,2,1,1981,4.120207849,5.321945445,0.4785035663,264
23,Brain and central nervous system,300,Greece,2,1,1982,4.230752471,5.59696085,0.4663505952,280
23,Brain and central nervous system,300,Greece,2,1,1983,4.481217034,5.813282716,0.4849384228,293
23,Brain and central nervous system,300,Greece,2,1,1984,4.404609925,5.715309402,0.4997955688,290
23,Brain and central nervous system,300,Greece,2,1,1985,3.818884044,5.290510764,0.4379586574,270
23,Brain and central nervous system,300,Greece,2,1,1986,4.24669154,5.887376821,0.4330904497,302
23,Brain and central nervous system,300,Greece,2,1,1987,3.447906749,4.851563504,0.3934933203,250
23,Brain and central nervous system,300,Greece,2,1,1988,3.968387882,6.048510211,0.4690524258,313
23,Brain and central nervous system,300,Greece,2,1,1989,4.157606011,5.850681373,0.4719801793,304
23,Brain and central nervous system,300,Greece,2,1,1990,4.646342946,6.919468125,0.5190371391,361
23,Brain and central nervous system,300,Greece,2,1,1991,3.957342117,6.277318379,0.4457083788,329
23,Brain and central nervous system,300,Greece,2,1,1992,4.56700564,6.836492742,0.5185168902,360
23,Brain and central nervous system,300,Greece,2,1,1993,4.303636634,6.975053504,0.4987278157,369
23,Brain and central nervous system,300,Greece,2,1,1994,4.470803355,7.450445366,0.496825479,396
23,Brain and central nervous system,300,Greece,2,1,1995,4.253301371,6.985524327,0.477088888,373
23,Brain and central nervous system,300,Greece,2,1,1996,4.78721417,7.830672521,0.5370505116,420
23,Brain and central nervous system,300,Greece,2,1,1997,4.853436029,8.407188536,0.5606436982,453
23,Brain and central nervous system,300,Greece,2,1,1998,4.940764636,8.516696327,0.5607133328,461
23,Brain and central nervous system,300,Greece,2,1,1999,4.638317261,7.761219284,0.4857371357,422
23,Brain and central nervous system,300,Greece,2,1,2000,4.60988187,8.493300406,0.5239697581,464
23,Brain and central nervous system,300,Greece,2,1,2001,4.464780026,8.284438456,0.4750681642,455
23,Brain and central nervous system,300,Greece,2,1,2002,4.585660084,8.757015131,0.5161843996,483
23,Brain and central nervous system,300,Greece,2,1,2003,4.65025891,8.425415501,0.519269153,466
23,Brain and central nervous system,300,Greece,2,1,2004,4.432736068,8.724442363,0.4881268236,484
23,Brain and central nervous system,300,Greece,2,1,2005,4.702512507,8.764885713,0.5025280231,488
23,Brain and central nervous system,300,Greece,2,1,2006,4.095301704,8.532531573,0.4422643665,477
23,Brain and central nervous system,300,Greece,2,1,2007,4.150891425,8.944027492,0.4294799153,502
23,Brain and central nervous system,300,Greece,2,1,2008,4.582487121,9.455772399,0.5272230715,533
23,Brain and central nervous system,300,Greece,2,1,2009,4.697366039,9.308818463,0.4850650218,527
23,Brain and central nervous system,300,Greece,2,1,2010,4.703032454,10.07227828,0.4805757347,572
23,Brain and central nervous system,300,Greece,2,1,2011,4.549228706,9.767249094,0.4538309092,555
23,Brain and central nervous system,300,Greece,2,1,2012,4.581157244,9.758587888,0.4566597044,553
23,Brain and central nervous system,300,Greece,2,1,2013,4.526623924,10.27822991,0.4780990494,580
23,Brain and central nervous system,300,Greece,2,1,2014,4.111294636,8.897457338,0.4453955661,500
23,Brain and central nervous system,300,Greece,2,1,2015,3.844669974,8.741959609,0.4222318417,489
23,Brain and central nervous system,300,Greece,2,1,2016,4.170011249,9.204841639,0.4484543741,513
23,Brain and central nervous system,300,Greece,2,1,2017,4.085865716,8.850359047,0.4421425983,492
23,Brain and central nervous system,300,Greece,2,1,2018,3.393112959,7.61224041,0.3631578814,422
23,Brain and central nervous system,300,Greece,2,1,2019,3.675602164,8.391488246,0.4034406961,464
23,Brain and central nervous system,300,Greece,2,1,2020,3.965186295,8.777347263,0.4210462469,484
23,Brain and central nervous system,300,Greece,2,1,2021,4.080628727,9.369215289,0.4491759582,511
23,Brain and central nervous system,32,Argentina,1,0,2003,3.679721888,3.716290681,0.3384218804,29
23,Brain and central nervous system,32,Argentina,1,0,2004,5.556010045,5.454603114,0.5913190628,43
23,Brain and central nervous system,32,Argentina,1,0,2005,4.891433,5.019204732,0.4877658694,40
23,Brain and central nervous system,32,Argentina,1,0,2006,4.928218773,5.313496281,0.4002760888,43
23,Brain and central nervous system,32,Argentina,1,0,2007,5.591081338,5.859117519,0.5464416791,48
23,Brain and central nervous system,32,Argentina,1,0,2008,6.610533194,6.751681591,0.6982572365,56
23,Brain and central nervous system,32,Argentina,1,0,2009,6.904770262,7.018804448,0.7241836694,59
23,Brain and central nervous system,32,Argentina,1,0,2010,6.709971013,6.811445107,0.6615229371,58
23,Brain and central nervous system,32,Argentina,1,0,2011,5.642291852,5.89202279,0.5821418373,50
23,Brain and central nervous system,32,Argentina,1,0,2012,5.17498169,5.820362655,0.549604369,50
23,Brain and central nervous system,32,Argentina,1,0,2013,6.921985031,7.59511151,0.6268578388,66
23,Brain and central nervous system,32,Argentina,1,0,2014,8.068344568,8.641371704,0.932647391,76
23,Brain and central nervous system,32,Argentina,1,0,2015,7.438553086,7.746707369,0.7143072471,69
23,Brain and central nervous system,32,Argentina,1,0,2016,7.527348761,7.988124322,0.8776869499,72
23,Brain and central nervous system,32,Argentina,1,0,2017,5.573441467,6.259409705,0.6310187945,57
23,Brain and central nervous system,32,Argentina,1,1,1997,2.745406972,2.788784176,0.3023146686,494
23,Brain and central nervous system,32,Argentina,1,1,1998,2.85389996,2.85638413,0.3173801915,512
23,Brain and central nervous system,32,Argentina,1,1,1999,2.585110498,2.613778495,0.2828765539,474
23,Brain and central nervous system,32,Argentina,1,1,2000,2.539752126,2.61123685,0.280835442,479
23,Brain and central nervous system,32,Argentina,1,1,2001,2.727668395,2.808953932,0.2985045254,521
23,Brain and central nervous system,32,Argentina,1,1,2002,2.768509075,2.858976808,0.3270926762,536
23,Brain and central nervous system,32,Argentina,1,1,2003,2.733068621,2.887489703,0.3111273957,547
23,Brain and central nervous system,32,Argentina,1,1,2004,2.95730883,3.113917526,0.3211765615,596
23,Brain and central nervous system,32,Argentina,1,1,2005,2.812042564,2.983146489,0.3111385467,577
23,Brain and central nervous system,32,Argentina,1,1,2006,2.941486347,3.151246613,0.3126045643,616
23,Brain and central nervous system,32,Argentina,1,1,2007,2.678508794,2.896162205,0.2910524303,572
23,Brain and central nervous system,32,Argentina,1,1,2008,2.609088991,2.795625217,0.2805722861,558
23,Brain and central nervous system,32,Argentina,1,1,2009,2.628601819,2.864034307,0.2801116439,578
23,Brain and central nervous system,32,Argentina,1,1,2010,2.706799222,2.979665133,0.2946159076,608
23,Brain and central nervous system,32,Argentina,1,1,2011,2.737335468,2.976010159,0.2871947005,614
23,Brain and central nervous system,32,Argentina,1,1,2012,2.996784123,3.351810167,0.3309235332,699
23,Brain and central nervous system,32,Argentina,1,1,2013,2.838868793,3.169574439,0.3130524508,668
23,Brain and central nervous system,32,Argentina,1,1,2014,2.983061282,3.374683612,0.3196446868,719
23,Brain and central nervous system,32,Argentina,1,1,2015,2.879797127,3.23618555,0.3034692079,697
23,Brain and central nervous system,32,Argentina,1,1,2016,2.865384822,3.286917386,0.3127263573,715
23,Brain and central nervous system,32,Argentina,1,1,2017,2.782481937,3.170387415,0.3066640549,696
23,Brain and central nervous system,32,Argentina,1,1,2018,2.584323981,2.989687092,0.2859312268,662
23,Brain and central nervous system,32,Argentina,1,1,2019,3.094995345,3.622065525,0.3378561367,808
23,Brain and central nervous system,32,Argentina,1,1,2020,2.601395869,3.108902883,0.2869681487,697
23,Brain and central nervous system,32,Argentina,1,1,2021,2.945048944,3.474490632,0.3217990335,781
23,Brain and central nervous system,32,Argentina,1,1,2022,2.905777061,3.480248193,0.3104778497,784
23,Brain and central nervous system,32,Argentina,2,0,2003,2.342860372,2.557040262,0.2153120564,21
23,Brain and central nervous system,32,Argentina,2,0,2004,3.04877282,3.373786642,0.3103324901,28
23,Brain and central nervous system,32,Argentina,2,0,2005,5.032593686,5.731555437,0.5337398775,48
23,Brain and central nervous system,32,Argentina,2,0,2006,3.593960021,4.140605498,0.3875127256,35
23,Brain and central nervous system,32,Argentina,2,0,2007,5.879762997,6.66196044,0.5738534576,57
23,Brain and central nervous system,32,Argentina,2,0,2008,2.800599747,3.579093935,0.2828604811,31
23,Brain and central nervous system,32,Argentina,2,0,2009,3.400036398,4.215558601,0.3902058965,37
23,Brain and central nervous system,32,Argentina,2,0,2010,4.117974454,4.612115465,0.4587170377,41
23,Brain and central nervous system,32,Argentina,2,0,2011,4.773111934,5.928776379,0.5818011241,53
23,Brain and central nervous system,32,Argentina,2,0,2012,5.42930643,6.299303098,0.579076262,57
23,Brain and central nervous system,32,Argentina,2,0,2013,5.223774498,6.00936587,0.5418503417,55
23,Brain and central nervous system,32,Argentina,2,0,2014,7.013363308,9.069090273,0.6688099463,84
23,Brain and central nervous system,32,Argentina,2,0,2015,4.975921945,5.863908284,0.5355947076,55
23,Brain and central nervous system,32,Argentina,2,0,2016,5.052830182,6.216710307,0.4779651491,59
23,Brain and central nervous system,32,Argentina,2,0,2017,5.647082765,6.258129049,0.6895640189,60
23,Brain and central nervous system,32,Argentina,2,1,1997,1.816170277,2.166285263,0.201906778,395
23,Brain and central nervous system,32,Argentina,2,1,1998,1.809012709,2.233292317,0.2010071916,412
23,Brain and central nervous system,32,Argentina,2,1,1999,1.732219787,2.063235101,0.193493107,385
23,Brain and central nervous system,32,Argentina,2,1,2000,1.795056629,2.167440158,0.189903852,409
23,Brain and central nervous system,32,Argentina,2,1,2001,1.671079856,1.981444091,0.1809604199,378
23,Brain and central nervous system,32,Argentina,2,1,2002,2.00616182,2.385720983,0.2209111018,460
23,Brain and central nervous system,32,Argentina,2,1,2003,1.768163258,2.25353657,0.1943802221,439
23,Brain and central nervous system,32,Argentina,2,1,2004,1.939486035,2.41918622,0.2191214121,476
23,Brain and central nervous system,32,Argentina,2,1,2005,1.889576896,2.32958366,0.2016939838,463
23,Brain and central nervous system,32,Argentina,2,1,2006,1.948543293,2.450895475,0.2066544727,492
23,Brain and central nervous system,32,Argentina,2,1,2007,1.956159622,2.457258505,0.2054817068,498
23,Brain and central nervous system,32,Argentina,2,1,2008,1.648128364,2.081664683,0.1831444685,426
23,Brain and central nervous system,32,Argentina,2,1,2009,1.794776154,2.292789344,0.1858788297,474
23,Brain and central nervous system,32,Argentina,2,1,2010,1.829359001,2.37026782,0.1977206868,495
23,Brain and central nervous system,32,Argentina,2,1,2011,1.898465155,2.431393643,0.2023911024,513
23,Brain and central nervous system,32,Argentina,2,1,2012,2.220155352,2.830013547,0.2456479846,603
23,Brain and central nervous system,32,Argentina,2,1,2013,2.083607478,2.77583126,0.2189228237,597
23,Brain and central nervous system,32,Argentina,2,1,2014,1.910002228,2.638319482,0.2044901467,573
23,Brain and central nervous system,32,Argentina,2,1,2015,1.924506213,2.657330609,0.2033417394,583
23,Brain and central nervous system,32,Argentina,2,1,2016,1.949094795,2.614301294,0.2075932968,579
23,Brain and central nervous system,32,Argentina,2,1,2017,1.933798811,2.641506275,0.2113823792,590
23,Brain and central nervous system,32,Argentina,2,1,2018,1.943391208,2.607487104,0.1988541297,587
23,Brain and central nervous system,32,Argentina,2,1,2019,2.07121527,2.841291125,0.2352279262,644
23,Brain and central nervous system,32,Argentina,2,1,2020,1.854543456,2.604020291,0.1925596117,593
23,Brain and central nervous system,32,Argentina,2,1,2021,1.918690936,2.623261944,0.2041469029,599
23,Brain and central nervous system,32,Argentina,2,1,2022,2.038137934,2.753403239,0.2099524629,630
23,Brain and central nervous system,320,Guatemala,1,1,2001,2.589311013,1.729715932,0.2492640659,103
23,Brain and central nervous system,320,Guatemala,1,1,2002,2.768391296,1.740125118,0.2668122634,106
23,Brain and central nervous system,320,Guatemala,1,1,2003,2.402980394,1.701741813,0.2067431854,106
23,Brain and central nervous system,320,Guatemala,1,1,2004,3.074500565,1.994528396,0.2773436913,127
23,Brain and central nervous system,320,Guatemala,1,1,2005,1.837647165,1.291289362,0.1458249509,84
23,Brain and central nervous system,320,Guatemala,1,1,2006,2.415096343,1.490373991,0.2473796501,99
23,Brain and central nervous system,320,Guatemala,1,1,2007,2.853670552,1.946176427,0.2795573454,132
23,Brain and central nervous system,320,Guatemala,1,1,2008,2.667798207,1.704761341,0.2701860938,118
23,Brain and central nervous system,320,Guatemala,1,1,2009,2.172243998,1.444815076,0.2142919273,102
23,Brain and central nervous system,320,Guatemala,1,1,2010,1.739812806,1.180573756,0.1621939018,85
23,Brain and central nervous system,320,Guatemala,1,1,2011,1.618554363,1.171007223,0.1618304991,86
23,Brain and central nervous system,320,Guatemala,1,1,2012,2.137320511,1.414975837,0.2062105224,106
23,Brain and central nervous system,320,Guatemala,1,1,2013,1.514833259,1.021121238,0.1516145286,78
23,Brain and central nervous system,320,Guatemala,1,1,2014,1.389843315,0.937768886,0.1495345796,73
23,Brain and central nervous system,320,Guatemala,1,1,2015,1.420415004,0.9207782569,0.1696777475,73
23,Brain and central nervous system,320,Guatemala,1,1,2016,1.437979813,0.9782946145,0.1511302979,79
23,Brain and central nervous system,320,Guatemala,1,1,2017,1.37228386,0.9485150875,0.153208351,78
23,Brain and central nervous system,320,Guatemala,1,1,2018,1.395250755,0.9926269346,0.1544242208,83
23,Brain and central nervous system,320,Guatemala,1,1,2019,1.517901998,1.071864384,0.1705753757,91
23,Brain and central nervous system,320,Guatemala,1,1,2020,1.484238454,1.009984216,0.1591633663,87
23,Brain and central nervous system,320,Guatemala,1,1,2021,1.354771852,0.9392870079,0.1341201719,82
23,Brain and central nervous system,320,Guatemala,1,1,2022,1.264347277,0.9038045767,0.138514464,80
23,Brain and central nervous system,320,Guatemala,2,1,2001,2.000350806,1.379954744,0.2085972786,83
23,Brain and central nervous system,320,Guatemala,2,1,2002,2.364100794,1.592098254,0.2302165734,98
23,Brain and central nervous system,320,Guatemala,2,1,2003,2.664280686,1.87393053,0.2596645421,118
23,Brain and central nervous system,320,Guatemala,2,1,2004,2.079063411,1.537271616,0.2069573595,99
23,Brain and central nervous system,320,Guatemala,2,1,2005,1.419579714,1.033042157,0.1519256427,68
23,Brain and central nervous system,320,Guatemala,2,1,2006,2.751779178,1.888522734,0.2827355141,127
23,Brain and central nervous system,320,Guatemala,2,1,2007,2.438219391,1.761407076,0.2456959899,121
23,Brain and central nervous system,320,Guatemala,2,1,2008,2.921701603,2.010441463,0.2668988198,141
23,Brain and central nervous system,320,Guatemala,2,1,2009,1.489868456,1.131936254,0.1408187719,81
23,Brain and central nervous system,320,Guatemala,2,1,2010,1.183476589,0.8492891245,0.1263160677,62
23,Brain and central nervous system,320,Guatemala,2,1,2011,1.257546723,0.9264204644,0.1404647604,69
23,Brain and central nervous system,320,Guatemala,2,1,2012,1.390681441,1.013378038,0.1387381136,77
23,Brain and central nervous system,320,Guatemala,2,1,2013,1.157019605,0.8646639587,0.1202481142,67
23,Brain and central nervous system,320,Guatemala,2,1,2014,1.142003159,0.8357295134,0.1219730649,66
23,Brain and central nervous system,320,Guatemala,2,1,2015,1.120833241,0.8702500664,0.1130478792,70
23,Brain and central nervous system,320,Guatemala,2,1,2016,1.212849911,0.8909522094,0.1275105293,73
23,Brain and central nervous system,320,Guatemala,2,1,2017,1.331746309,0.9947286572,0.1323514635,83
23,Brain and central nervous system,320,Guatemala,2,1,2018,1.185925802,0.9311607036,0.1300256812,79
23,Brain and central nervous system,320,Guatemala,2,1,2019,1.182937196,0.9055107644,0.1248635658,78
23,Brain and central nervous system,320,Guatemala,2,1,2020,1.038762148,0.8120473979,0.1103689053,71
23,Brain and central nervous system,320,Guatemala,2,1,2021,1.445013213,1.183949034,0.1346215741,105
23,Brain and central nervous system,320,Guatemala,2,1,2022,1.334842052,1.044861228,0.1453087845,94
23,Brain and central nervous system,328,Guyana,1,1,1997,0,0,0,0
23,Brain and central nervous system,328,Guyana,1,1,1998,0,0,0,0
23,Brain and central nervous system,328,Guyana,1,1,1999,0,0,0,0
23,Brain and central nervous system,328,Guyana,1,1,2000,0,0,0,0
23,Brain and central nervous system,328,Guyana,1,1,2001,1.199438057,1.048599988,0.1177320316,4
23,Brain and central nervous system,328,Guyana,1,1,2002,1.112435951,0.5244388504,0.161964664,2
23,Brain and central nervous system,328,Guyana,1,1,2003,0.740304259,0.7871206079,0.05624731519,3
23,Brain and central nervous system,328,Guyana,1,1,2004,0.6515434886,0.5255261173,0.05996946941,2
23,Brain and central nervous system,328,Guyana,1,1,2005,0,0,0,0
23,Brain and central nervous system,328,Guyana,1,1,2006,0.5532212104,0.528482568,0.05149729999,2
23,Brain and central nervous system,328,Guyana,1,1,2007,0,0,0,0
23,Brain and central nervous system,328,Guyana,1,1,2008,0.5198301355,0.5320068629,0.04330979656,2
23,Brain and central nervous system,328,Guyana,1,1,2009,0.2941868675,0.26701628,0.02941435988,1
23,Brain and central nervous system,328,Guyana,1,1,2010,1.507401508,1.340860028,0.2133974887,5
23,Brain and central nervous system,328,Guyana,1,1,2011,0,0,0,0
23,Brain and central nervous system,328,Guyana,1,1,2012,1.692483689,1.619957881,0.14631872,6
23,Brain and central nervous system,328,Guyana,1,1,2013,0.6590093264,0.5393146928,0.06222797168,2
23,Brain and central nervous system,328,Guyana,1,1,2014,0.8072859575,0.807402264,0.07853246187,3
23,Brain and central nervous system,328,Guyana,1,1,2015,0.784557197,0.8053712896,0.08066612762,3
23,Brain and central nervous system,328,Guyana,1,1,2016,0.586515915,0.5353548332,0.0263483781,2
23,Brain and central nervous system,328,Guyana,1,1,2017,1.228352904,1.067281421,0.1292836889,4
23,Brain and central nervous system,328,Guyana,1,1,2018,1.95900867,1.804621378,0.2677005478,7
23,Brain and central nervous system,328,Guyana,1,1,2019,1.646868456,1.51363024,0.2291436893,6
23,Brain and central nervous system,328,Guyana,2,1,1997,0,0,0,0
23,Brain and central nervous system,328,Guyana,2,1,1998,0.6305144396,0.5214036185,0.05471331019,2
23,Brain and central nervous system,328,Guyana,2,1,1999,0.2270233456,0.2606229932,0.01891682267,1
23,Brain and central nervous system,328,Guyana,2,1,2000,0,0,0,0
23,Brain and central nervous system,328,Guyana,2,1,2001,1.027351494,0.5221713975,0.1488267927,2
23,Brain and central nervous system,328,Guyana,2,1,2002,0.7290173316,0.5231630438,0.07737151375,2
23,Brain and central nervous system,328,Guyana,2,1,2003,0.4805353615,0.523608184,0.04003659668,2
23,Brain and central nervous system,328,Guyana,2,1,2004,0.8449239586,0.7856549875,0.07085004342,3
23,Brain and central nervous system,328,Guyana,2,1,2005,0.654915071,0.5245007409,0.06925987285,2
23,Brain and central nervous system,328,Guyana,2,1,2006,0.2015226153,0.2627968948,0.01119507416,1
23,Brain and central nervous system,328,Guyana,2,1,2007,0.6664997938,0.7902348051,0.04788264192,3
23,Brain and central nervous system,328,Guyana,2,1,2008,0.504505772,0.52816297,0.03627174624,2
23,Brain and central nervous system,328,Guyana,2,1,2009,0.6816355389,0.5296778499,0.09439764422,2
23,Brain and central nervous system,328,Guyana,2,1,2010,0.496077825,0.5314032766,0.03253225135,2
23,Brain and central nervous system,328,Guyana,2,1,2011,1.248975252,1.06659556,0.1442158987,4
23,Brain and central nervous system,328,Guyana,2,1,2012,0.3732736096,0.2660218298,0.04664831748,1
23,Brain and central nervous system,328,Guyana,2,1,2013,0.5298150677,0.5274511976,0.05961001766,2
23,Brain and central nervous system,328,Guyana,2,1,2014,0.5604154535,0.5226476284,0.04457077845,2
23,Brain and central nervous system,328,Guyana,2,1,2015,0.7565174538,0.7766306655,0.01984087611,3
23,Brain and central nervous system,328,Guyana,2,1,2016,0,0,0,0
23,Brain and central nervous system,328,Guyana,2,1,2017,1.417643743,1.270034799,0.2381404211,5
23,Brain and central nervous system,328,Guyana,2,1,2018,1.057262196,0.9909305085,0.1327666318,4
23,Brain and central nervous system,328,Guyana,2,1,2019,0.4564549312,0.486302086,0.04709908553,2
23,Brain and central nervous system,348,Hungary,1,1,1971,3.896520879,4.628020369,0.4112387971,232
23,Brain and central nervous system,348,Hungary,1,1,1972,3.863569091,4.654599386,0.4168885359,234
23,Brain and central nervous system,348,Hungary,1,1,1973,3.795244753,4.540584998,0.4020079615,229
23,Brain and central nervous system,348,Hungary,1,1,1974,4.471990787,5.309807006,0.4628647068,269
23,Brain and central nervous system,348,Hungary,1,1,1975,5.729504322,6.769441837,0.5889582362,345
23,Brain and central nervous system,348,Hungary,1,1,1976,4.523937673,5.424272762,0.4882166156,278
23,Brain and central nervous system,348,Hungary,1,1,1977,4.597032624,5.360152741,0.4716256027,276
23,Brain and central nervous system,348,Hungary,1,1,1978,4.593193637,5.612986515,0.4935952212,290
23,Brain and central nervous system,348,Hungary,1,1,1979,5.22495092,6.120158993,0.5475359038,317
23,Brain and central nervous system,348,Hungary,1,1,1980,6.014809588,7.006782585,0.6042274894,363
23,Brain and central nervous system,348,Hungary,1,1,1981,6.108770971,7.351995148,0.6401693888,380
23,Brain and central nervous system,348,Hungary,1,1,1982,5.297338239,6.442618777,0.5761024327,332
23,Brain and central nervous system,348,Hungary,1,1,1983,5.777260029,7.0139323,0.6074775062,360
23,Brain and central nervous system,348,Hungary,1,1,1984,5.797363096,6.655414449,0.6150233869,340
23,Brain and central nervous system,348,Hungary,1,1,1985,5.536858842,6.744600559,0.5997419715,343
23,Brain and central nervous system,348,Hungary,1,1,1986,5.708568551,6.793554063,0.6096458079,344
23,Brain and central nervous system,348,Hungary,1,1,1987,5.563242106,6.723393064,0.594476525,339
23,Brain and central nervous system,348,Hungary,1,1,1988,5.995669448,7.348415042,0.6612127168,369
23,Brain and central nervous system,348,Hungary,1,1,1989,6.343952405,7.46106544,0.6628330077,373
23,Brain and central nervous system,348,Hungary,1,1,1990,5.944262677,7.38333429,0.6827245958,368
23,Brain and central nervous system,348,Hungary,1,1,1991,5.909441598,7.230782163,0.6157636611,360
23,Brain and central nervous system,348,Hungary,1,1,1992,5.796380963,7.121269179,0.6103534859,354
23,Brain and central nervous system,348,Hungary,1,1,1993,6.931110534,8.550317814,0.7478437103,424
23,Brain and central nervous system,348,Hungary,1,1,1994,6.276864409,7.946489593,0.6720864744,393
23,Brain and central nervous system,348,Hungary,1,1,1995,6.303259385,8.129690664,0.7018300339,401
23,Brain and central nervous system,348,Hungary,1,1,1996,6.481132985,8.25416149,0.7026925263,406
23,Brain and central nervous system,348,Hungary,1,1,1997,6.454160545,8.401263942,0.6945045984,412
23,Brain and central nervous system,348,Hungary,1,1,1998,6.309187802,8.430077165,0.6976915922,412
23,Brain and central nervous system,348,Hungary,1,1,1999,6.015302002,8.134618904,0.6953498651,396
23,Brain and central nervous system,348,Hungary,1,1,2000,5.96562268,8.040131388,0.6425157542,390
23,Brain and central nervous system,348,Hungary,1,1,2001,6.396814235,8.518857121,0.6639182596,412
23,Brain and central nervous system,348,Hungary,1,1,2002,5.893224691,7.800668036,0.6473293352,376
23,Brain and central nervous system,348,Hungary,1,1,2003,5.847883115,7.7236925,0.6217461695,371
23,Brain and central nervous system,348,Hungary,1,1,2004,5.914134205,8.162227507,0.6147948624,391
23,Brain and central nervous system,348,Hungary,1,1,2005,4.231033698,5.940706727,0.4696655221,284
23,Brain and central nervous system,348,Hungary,1,1,2006,4.442529668,6.263798294,0.486971561,299
23,Brain and central nervous system,348,Hungary,1,1,2007,4.053879594,5.854339009,0.463863587,279
23,Brain and central nervous system,348,Hungary,1,1,2008,5.170157459,7.251552358,0.527292126,345
23,Brain and central nervous system,348,Hungary,1,1,2009,4.747885965,6.798155911,0.5265537022,323
23,Brain and central nervous system,348,Hungary,1,1,2010,3.88831264,5.757316458,0.4229644267,273
23,Brain and central nervous system,348,Hungary,1,1,2011,3.731963377,5.730507552,0.4209232741,271
23,Brain and central nervous system,348,Hungary,1,1,2012,4.950219591,7.290607758,0.5115528762,344
23,Brain and central nervous system,348,Hungary,1,1,2013,4.732759096,7.285956701,0.5328599801,343
23,Brain and central nervous system,348,Hungary,1,1,2014,4.492956695,7.024842077,0.498581935,330
23,Brain and central nervous system,348,Hungary,1,1,2015,4.690689123,7.505067253,0.5343487085,352
23,Brain and central nervous system,348,Hungary,1,1,2016,4.550695751,7.307522111,0.5200450454,342
23,Brain and central nervous system,348,Hungary,1,1,2017,4.612566671,7.448309694,0.5030983819,348
23,Brain and central nervous system,348,Hungary,1,1,2018,4.571924598,7.468156018,0.4985266307,349
23,Brain and central nervous system,348,Hungary,1,1,2019,4.462699718,7.439027232,0.4720456276,348
23,Brain and central nervous system,348,Hungary,1,1,2020,4.479057238,7.405705411,0.4943489203,346
23,Brain and central nervous system,348,Hungary,1,1,2021,3.916436602,6.617570595,0.4268879542,308
23,Brain and central nervous system,348,Hungary,1,1,2022,3.746353594,6.307674589,0.4007337457,293
23,Brain and central nervous system,348,Hungary,1,1,2023,4.884696559,8.046333975,0.5116298676,374
23,Brain and central nervous system,348,Hungary,2,1,1971,2.908900331,3.507767219,0.2804891688,187
23,Brain and central nervous system,348,Hungary,2,1,1972,2.737700042,3.4598724,0.2778802261,185
23,Brain and central nervous system,348,Hungary,2,1,1973,2.946771764,3.840391824,0.2962548026,206
23,Brain and central nervous system,348,Hungary,2,1,1974,4.015712659,5.066988652,0.3859565152,273
23,Brain and central nervous system,348,Hungary,2,1,1975,4.5321857,5.868003144,0.4544862793,318
23,Brain and central nervous system,348,Hungary,2,1,1976,4.414264948,5.671118617,0.448892332,309
23,Brain and central nervous system,348,Hungary,2,1,1977,3.465879219,4.585285162,0.3660029471,251
23,Brain and central nervous system,348,Hungary,2,1,1978,3.136402255,4.29590953,0.3156472362,236
23,Brain and central nervous system,348,Hungary,2,1,1979,3.402717636,4.592778065,0.3540074726,253
23,Brain and central nervous system,348,Hungary,2,1,1980,3.850027301,5.276832421,0.4106700027,291
23,Brain and central nervous system,348,Hungary,2,1,1981,4.007484094,5.17179055,0.4157517425,285
23,Brain and central nervous system,348,Hungary,2,1,1982,3.691199129,4.979163835,0.3857114541,274
23,Brain and central nervous system,348,Hungary,2,1,1983,4.096299867,5.536990145,0.4079266986,304
23,Brain and central nervous system,348,Hungary,2,1,1984,4.104574114,5.570058507,0.4145434571,305
23,Brain and central nervous system,348,Hungary,2,1,1985,3.511434214,4.760409069,0.3528415311,260
23,Brain and central nervous system,348,Hungary,2,1,1986,4.066165799,5.452067743,0.4144962282,297
23,Brain and central nervous system,348,Hungary,2,1,1987,4.250930936,5.889923225,0.4616404584,320
23,Brain and central nervous system,348,Hungary,2,1,1988,4.137376116,5.683663527,0.4302550321,308
23,Brain and central nervous system,348,Hungary,2,1,1989,4.251121533,5.84737482,0.4572895323,316
23,Brain and central nervous system,348,Hungary,2,1,1990,4.188706602,5.966185808,0.4330055718,322
23,Brain and central nervous system,348,Hungary,2,1,1991,3.811929178,5.370905969,0.3931922368,290
23,Brain and central nervous system,348,Hungary,2,1,1992,4.240786016,6.240220722,0.4497638583,337
23,Brain and central nervous system,348,Hungary,2,1,1993,4.206329924,6.335691619,0.4721114202,342
23,Brain and central nervous system,348,Hungary,2,1,1994,4.769532058,7.174163668,0.522194131,387
23,Brain and central nervous system,348,Hungary,2,1,1995,4.254898101,6.660172226,0.4704427498,359
23,Brain and central nervous system,348,Hungary,2,1,1996,4.833055794,7.522981315,0.5289494655,405
23,Brain and central nervous system,348,Hungary,2,1,1997,4.159069405,6.847049838,0.4544227903,368
23,Brain and central nervous system,348,Hungary,2,1,1998,4.610714122,7.456490446,0.5093319852,400
23,Brain and central nervous system,348,Hungary,2,1,1999,4.066778202,6.801561183,0.4349864733,364
23,Brain and central nervous system,348,Hungary,2,1,2000,4.316970161,7.134921649,0.4712012098,381
23,Brain and central nervous system,348,Hungary,2,1,2001,4.391598926,7.56046425,0.4689563021,403
23,Brain and central nervous system,348,Hungary,2,1,2002,4.407108609,7.220263444,0.4623640145,384
23,Brain and central nervous system,348,Hungary,2,1,2003,3.851614636,6.653396314,0.4103231297,353
23,Brain and central nervous system,348,Hungary,2,1,2004,4.040149853,6.968270011,0.4349401188,369
23,Brain and central nervous system,348,Hungary,2,1,2005,2.979832314,5.203277876,0.3431556579,275
23,Brain and central nervous system,348,Hungary,2,1,2006,3.815402094,6.424735877,0.4126135378,339
23,Brain and central nervous system,348,Hungary,2,1,2007,3.103543416,5.713325268,0.3362291716,301
23,Brain and central nervous system,348,Hungary,2,1,2008,3.029269327,5.609372787,0.3386110867,295
23,Brain and central nervous system,348,Hungary,2,1,2009,3.095861339,5.523715358,0.3277157928,290
23,Brain and central nervous system,348,Hungary,2,1,2010,2.877386597,5.308042104,0.313159055,278
23,Brain and central nervous system,348,Hungary,2,1,2011,3.226860824,6.133086247,0.3701748623,320
23,Brain and central nervous system,348,Hungary,2,1,2012,3.09357172,5.694253046,0.3271917335,296
23,Brain and central nervous system,348,Hungary,2,1,2013,3.122217126,6.214224785,0.3391405453,322
23,Brain and central nervous system,348,Hungary,2,1,2014,3.348167482,6.427596848,0.3594847308,332
23,Brain and central nervous system,348,Hungary,2,1,2015,3.46585846,6.525480009,0.3859481483,336
23,Brain and central nervous system,348,Hungary,2,1,2016,3.437972966,6.354251881,0.3728457111,326
23,Brain and central nervous system,348,Hungary,2,1,2017,2.956826589,6.140724079,0.3176682609,314
23,Brain and central nervous system,348,Hungary,2,1,2018,3.526213714,6.645471077,0.3734667021,339
23,Brain and central nervous system,348,Hungary,2,1,2019,2.611555394,5.419931267,0.2770383095,276
23,Brain and central nervous system,348,Hungary,2,1,2020,3.039855148,6.144897874,0.3319755781,312
23,Brain and central nervous system,348,Hungary,2,1,2021,3.174792772,6.450880748,0.3689179229,326
23,Brain and central nervous system,348,Hungary,2,1,2022,3.134541474,6.290717887,0.3290710121,317
23,Brain and central nervous system,348,Hungary,2,1,2023,3.010266509,6.351242779,0.3441963415,320
23,Brain and central nervous system,352,Iceland,1,0,1955,3.66920653,3.769365113,0.2801189579,3
23,Brain and central nervous system,352,Iceland,1,0,1956,4.059075486,3.689946127,0.3312326222,3
23,Brain and central nervous system,352,Iceland,1,0,1957,2.679089996,2.402200416,0.2438243942,2
23,Brain and central nervous system,352,Iceland,1,0,1958,7.517504614,7.046305974,0.6774603718,6
23,Brain and central nervous system,352,Iceland,1,0,1959,4.375214833,4.598864081,0.3722925188,4
23,Brain and central nervous system,352,Iceland,1,0,1960,8.988560087,9.006372008,0.7077794941,8
23,Brain and central nervous system,352,Iceland,1,0,1961,5.522995618,5.531034635,0.6058780308,5
23,Brain and central nervous system,352,Iceland,1,0,1962,6.420449232,6.520463388,0.5191216527,6
23,Brain and central nervous system,352,Iceland,1,0,1963,3.634412283,4.265210808,0.2258846526,4
23,Brain and central nervous system,352,Iceland,1,0,1964,7.348750194,7.3339899,0.7765032029,7
23,Brain and central nervous system,352,Iceland,1,0,1965,4.222434799,4.116030911,0.5878801898,4
23,Brain and central nervous system,352,Iceland,1,0,1966,4.362186923,4.045348355,0.4548543175,4
23,Brain and central nervous system,352,Iceland,1,0,1967,3.953616871,3.981723887,0.3698613113,4
23,Brain and central nervous system,352,Iceland,1,0,1968,2.958570301,2.948171151,0.2653818952,3
23,Brain and central nervous system,352,Iceland,1,0,1969,5.06588646,4.87457713,0.4659011954,5
23,Brain and central nervous system,352,Iceland,1,0,1970,2.578289889,2.907427508,0.1423707184,3
23,Brain and central nervous system,352,Iceland,1,0,1971,5.627945099,5.758654778,0.6176300903,6
23,Brain and central nervous system,352,Iceland,1,0,1972,6.480621961,6.618696873,0.7833762484,7
23,Brain and central nervous system,352,Iceland,1,0,1973,6.178403916,6.523157208,0.9528430884,7
23,Brain and central nervous system,352,Iceland,1,0,1974,5.923403866,5.513084387,0.6884133146,6
23,Brain and central nervous system,352,Iceland,1,0,1975,5.556477258,5.446474769,0.5323291007,6
23,Brain and central nervous system,352,Iceland,1,0,1976,6.180027073,6.29717257,0.5660297741,7
23,Brain and central nervous system,352,Iceland,1,0,1977,3.876754587,3.572736448,0.3384866724,4
23,Brain and central nervous system,352,Iceland,1,0,1978,8.197197127,7.979572295,0.6889746997,9
23,Brain and central nervous system,352,Iceland,1,0,1979,6.604536761,7.0269748,0.5872393639,8
23,Brain and central nervous system,352,Iceland,1,0,1980,4.050192903,3.477323504,0.3648938035,4
23,Brain and central nervous system,352,Iceland,1,0,1981,3.962146133,4.298708668,0.3258296074,5
23,Brain and central nervous system,352,Iceland,1,0,1982,4.718493654,4.24070226,0.4669135279,5
23,Brain and central nervous system,352,Iceland,1,0,1983,6.826920611,7.540846251,0.6577017966,9
23,Brain and central nervous system,352,Iceland,1,0,1984,2.377432759,2.489977839,0.2846259063,3
23,Brain and central nervous system,352,Iceland,1,0,1985,8.000017632,8.239879368,0.7927352244,10
23,Brain and central nervous system,352,Iceland,1,0,1986,7.491475091,7.365156264,0.5627659931,9
23,Brain and central nervous system,352,Iceland,1,0,1987,3.695786262,4.047272139,0.4597713806,5
23,Brain and central nervous system,352,Iceland,1,0,1988,7.484601014,7.966921343,0.8560195317,10
23,Brain and central nervous system,352,Iceland,1,0,1989,13.27004852,13.39616397,1.193536074,17
23,Brain and central nervous system,352,Iceland,1,0,1990,6.930050355,7.037132603,0.8372957203,9
23,Brain and central nervous system,352,Iceland,1,0,1991,9.864681653,10.04706664,1.165221733,13
23,Brain and central nervous system,352,Iceland,1,0,1992,7.055074319,7.637144014,0.7530621536,10
23,Brain and central nervous system,352,Iceland,1,0,1993,8.405887049,8.320726172,0.6372515396,11
23,Brain and central nervous system,352,Iceland,1,0,1994,6.898659254,8.245877061,0.7188995818,11
23,Brain and central nervous system,352,Iceland,1,0,1995,2.651628941,2.984361943,0.2883728978,4
23,Brain and central nervous system,352,Iceland,1,0,1996,7.89999864,8.9037945,0.9104482714,12
23,Brain and central nervous system,352,Iceland,1,0,1997,8.70471334,8.838216448,0.9243144025,12
23,Brain and central nervous system,352,Iceland,1,0,1998,5.288909697,5.835710169,0.4659444113,8
23,Brain and central nervous system,352,Iceland,1,0,1999,4.09001709,5.764643997,0.5271262462,8
23,Brain and central nervous system,352,Iceland,1,0,2000,6.89705282,7.817330311,0.7293530462,11
23,Brain and central nervous system,352,Iceland,1,0,2001,4.108561835,5.604281671,0.4752515692,8
23,Brain and central nervous system,352,Iceland,1,0,2002,4.817502685,5.561271307,0.5636452949,8
23,Brain and central nervous system,352,Iceland,1,0,2003,4.972924325,6.219464159,0.5481924243,9
23,Brain and central nervous system,352,Iceland,1,0,2004,4.775832813,5.453640646,0.6146715728,8
23,Brain and central nervous system,352,Iceland,1,0,2005,3.615821823,4.042118879,0.4313479047,6
23,Brain and central nervous system,352,Iceland,1,0,2006,9.776799027,11.01885521,0.9267208079,17
23,Brain and central nervous system,352,Iceland,1,0,2007,9.542619223,10.70111166,0.9744413446,17
23,Brain and central nervous system,352,Iceland,1,0,2008,6.737006759,7.354247997,0.6943690827,12
23,Brain and central nervous system,352,Iceland,1,0,2009,6.391245456,8.047492587,0.8624076455,13
23,Brain and central nervous system,352,Iceland,1,0,2010,6.038978017,8.133591106,0.5644161857,13
23,Brain and central nervous system,352,Iceland,1,0,2011,6.519760072,8.116173661,0.6511579803,13
23,Brain and central nervous system,352,Iceland,1,0,2012,4.556745165,6.215426689,0.4362484685,10
23,Brain and central nervous system,352,Iceland,1,0,2013,5.153928097,6.158811103,0.4826731519,10
23,Brain and central nervous system,352,Iceland,1,0,2014,7.07228372,9.741841208,0.8268564438,16
23,Brain and central nervous system,352,Iceland,1,0,2015,5.087697116,7.821242495,0.6975787495,13
23,Brain and central nervous system,352,Iceland,1,0,2016,6.159131825,9.460066693,0.5717064392,16
23,Brain and central nervous system,352,Iceland,1,0,2017,6.363289528,8.606049479,0.6027501714,15
23,Brain and central nervous system,352,Iceland,1,0,2018,3.500216752,5.549020043,0.4430212926,10
23,Brain and central nervous system,352,Iceland,1,0,2019,8.003687876,11.35841199,0.9567583956,21
23,Brain and central nervous system,352,Iceland,1,0,2020,5.897853184,8.511000468,0.7705221232,16
23,Brain and central nervous system,352,Iceland,1,0,2021,5.46606399,5.756871611,0.4300009339,11
23,Brain and central nervous system,352,Iceland,1,0,2022,7.77234281,11.70459634,0.9800086903,23
23,Brain and central nervous system,352,Iceland,2,0,1955,3.567266155,3.823945547,0.3444665018,3
23,Brain and central nervous system,352,Iceland,2,0,1956,5.082374853,4.996627277,0.4990874955,4
23,Brain and central nervous system,352,Iceland,2,0,1957,5.155329093,4.88680928,0.4548036083,4
23,Brain and central nervous system,352,Iceland,2,0,1958,3.751717709,3.587744266,0.3609234971,3
23,Brain and central nervous system,352,Iceland,2,0,1959,2.512759496,2.34373169,0.2091775429,2
23,Brain and central nervous system,352,Iceland,2,0,1960,2.175311464,2.298031736,0.1996101548,2
23,Brain and central nervous system,352,Iceland,2,0,1961,2.461820746,2.259810402,0.2049414365,2
23,Brain and central nervous system,352,Iceland,2,0,1962,2.024291498,2.221481728,0.3368134231,2
23,Brain and central nervous system,352,Iceland,2,0,1963,3.343565884,3.271716015,0.2670736261,3
23,Brain and central nervous system,352,Iceland,2,0,1964,3.203948972,3.212025825,0.2562538696,3
23,Brain and central nervous system,352,Iceland,2,0,1965,3.83286137,4.205833491,0.3408205232,4
23,Brain and central nervous system,352,Iceland,2,0,1966,5.532565891,5.169187507,0.4903902627,5
23,Brain and central nervous system,352,Iceland,2,0,1967,4.54756725,4.072822058,0.3670072181,4
23,Brain and central nervous system,352,Iceland,2,0,1968,5.730227736,6.031484348,0.5170788225,6
23,Brain and central nervous system,352,Iceland,2,0,1969,4.213594211,3.986287172,0.4052332068,4
23,Brain and central nervous system,352,Iceland,2,0,1970,1.854180376,1.981787374,0.2048944556,2
23,Brain and central nervous system,352,Iceland,2,0,1971,4.19234634,3.925494122,0.3482123528,4
23,Brain and central nervous system,352,Iceland,2,0,1972,4.479060348,4.830497831,0.5678647369,5
23,Brain and central nervous system,352,Iceland,2,0,1973,7.572699595,7.615348735,0.7498160755,8
23,Brain and central nervous system,352,Iceland,2,0,1974,0.9390553104,0.9390729472,0.04694174443,1
23,Brain and central nervous system,352,Iceland,2,0,1975,7.004923065,6.489713804,0.5849050238,7
23,Brain and central nervous system,352,Iceland,2,0,1976,5.601771415,5.506355252,0.5607742452,6
23,Brain and central nervous system,352,Iceland,2,0,1977,1.844700568,1.820531959,0.2175817179,2
23,Brain and central nervous system,352,Iceland,2,0,1978,3.491403357,5.415700115,0.2084702811,6
23,Brain and central nervous system,352,Iceland,2,0,1979,7.463881184,8.043470489,0.8645059351,9
23,Brain and central nervous system,352,Iceland,2,0,1980,5.107764889,4.419967646,0.286298802,5
23,Brain and central nervous system,352,Iceland,2,0,1981,4.783218458,5.241135929,0.6450596272,6
23,Brain and central nervous system,352,Iceland,2,0,1982,8.698229363,10.33760908,0.8243454883,12
23,Brain and central nervous system,352,Iceland,2,0,1983,5.401644558,5.94818283,0.5318313839,7
23,Brain and central nervous system,352,Iceland,2,0,1984,3.456162619,3.361372785,0.3884532055,4
23,Brain and central nervous system,352,Iceland,2,0,1985,4.441628074,5.832215492,0.4934404352,7
23,Brain and central nervous system,352,Iceland,2,0,1986,7.273567536,6.611843465,0.5611707092,8
23,Brain and central nervous system,352,Iceland,2,0,1987,9.893381739,9.803360919,0.9373142751,12
23,Brain and central nervous system,352,Iceland,2,0,1988,4.303920239,4.825051668,0.5951477794,6
23,Brain and central nervous system,352,Iceland,2,0,1989,5.020521509,5.565007235,0.7949076511,7
23,Brain and central nervous system,352,Iceland,2,0,1990,1.326846528,1.57635468,0.2208967513,2
23,Brain and central nervous system,352,Iceland,2,0,1991,5.184154938,6.223404669,0.5016523723,8
23,Brain and central nervous system,352,Iceland,2,0,1992,3.849217482,3.842222957,0.3829498173,5
23,Brain and central nervous system,352,Iceland,2,0,1993,6.021768733,6.085640171,0.6099430183,8
23,Brain and central nervous system,352,Iceland,2,0,1994,3.037496992,3.771279444,0.3421356488,5
23,Brain and central nervous system,352,Iceland,2,0,1995,5.261038635,5.25048567,0.5569146121,7
23,Brain and central nervous system,352,Iceland,2,0,1996,3.423805441,2.982225933,0.2467519566,4
23,Brain and central nervous system,352,Iceland,2,0,1997,5.746023773,5.180580225,0.3848064472,7
23,Brain and central nervous system,352,Iceland,2,0,1998,6.913813964,7.316038219,0.726769546,10
23,Brain and central nervous system,352,Iceland,2,0,1999,4.201584572,4.335667368,0.459444407,6
23,Brain and central nervous system,352,Iceland,2,0,2000,5.431763114,5.697356427,0.6385309693,8
23,Brain and central nervous system,352,Iceland,2,0,2001,6.73121605,9.137105787,0.8221113924,13
23,Brain and central nervous system,352,Iceland,2,0,2002,3.031767306,4.175975612,0.2412333249,6
23,Brain and central nervous system,352,Iceland,2,0,2003,4.083254288,4.151128761,0.4429556552,6
23,Brain and central nervous system,352,Iceland,2,0,2004,3.917991747,5.484485761,0.4295688035,8
23,Brain and central nervous system,352,Iceland,2,0,2005,4.614981501,5.427518878,0.4548825308,8
23,Brain and central nervous system,352,Iceland,2,0,2006,5.871470518,7.332404562,0.7424397684,11
23,Brain and central nervous system,352,Iceland,2,0,2007,5.511002761,6.557076069,0.6205866572,10
23,Brain and central nervous system,352,Iceland,2,0,2008,5.363331914,7.044463372,0.6043212301,11
23,Brain and central nervous system,352,Iceland,2,0,2009,2.781962924,3.80551292,0.2950507247,6
23,Brain and central nervous system,352,Iceland,2,0,2010,3.942183852,5.059032586,0.4100864069,8
23,Brain and central nervous system,352,Iceland,2,0,2011,3.495820214,5.038195822,0.5797792735,8
23,Brain and central nervous system,352,Iceland,2,0,2012,2.439478451,5.007197847,0.1844358687,8
23,Brain and central nervous system,352,Iceland,2,0,2013,3.615920174,4.958165479,0.2997829752,8
23,Brain and central nervous system,352,Iceland,2,0,2014,4.460034645,4.904936205,0.3904019281,8
23,Brain and central nervous system,352,Iceland,2,0,2015,4.380397597,6.076884746,0.434655926,10
23,Brain and central nervous system,352,Iceland,2,0,2016,5.43960263,8.420647427,0.6863643495,14
23,Brain and central nervous system,352,Iceland,2,0,2017,7.038136205,10.05566104,0.8397406816,17
23,Brain and central nervous system,352,Iceland,2,0,2018,4.81762884,5.797168663,0.3978802286,10
23,Brain and central nervous system,352,Iceland,2,0,2019,2.654950064,3.415514405,0.2749665495,6
23,Brain and central nervous system,352,Iceland,2,0,2020,3.781572852,5.603151212,0.3639094024,10
23,Brain and central nervous system,352,Iceland,2,0,2021,4.500952862,7.164310711,0.3558532205,13
23,Brain and central nervous system,352,Iceland,2,0,2022,4.707236304,7.546803659,0.5554813232,14
23,Brain and central nervous system,356,India,1,0,2003,3.376733675,3.055951014,0.3319921746,319
23,Brain and central nervous system,356,India,1,0,2004,2.789161628,2.424548888,0.2728279465,257
23,Brain and central nervous system,356,India,1,0,2005,3.1308071,2.796897395,0.3267042748,301
23,Brain and central nervous system,356,India,1,0,2006,3.079112919,2.707518981,0.3119786575,296
23,Brain and central nervous system,356,India,1,0,2007,2.779127345,2.431550284,0.2783537672,270
23,Brain and central nervous system,356,India,1,0,2008,2.493558364,2.244138191,0.2176655218,252
23,Brain and central nervous system,356,India,1,0,2009,2.817307715,2.547785125,0.2741459369,288
23,Brain and central nervous system,356,India,1,0,2010,2.654634363,2.365795297,0.2464252032,274
23,Brain and central nervous system,356,India,1,0,2011,2.998306984,2.883507175,0.2816202156,300
23,Brain and central nervous system,356,India,1,0,2012,3.283008855,3.208575613,0.3158419355,335
23,Brain and central nervous system,356,India,1,0,2013,3.172403282,3.120891304,0.3024547392,327
23,Brain and central nervous system,356,India,1,0,2014,3.102482011,3.014731958,0.3012406803,317
23,Brain and central nervous system,356,India,1,0,2015,2.582210962,2.624961182,0.2511146442,277
23,Brain and central nervous system,356,India,1,0,2016,3.351069593,3.286028684,0.3399928315,348
23,Brain and central nervous system,356,India,1,0,2017,3.521364079,3.471861877,0.3620201861,369
23,Brain and central nervous system,356,India,2,0,2003,2.237646701,2.114050346,0.2011152411,190
23,Brain and central nervous system,356,India,2,0,2004,1.996059099,1.908677671,0.1919769398,174
23,Brain and central nervous system,356,India,2,0,2005,2.198828107,2.007696169,0.215383986,186
23,Brain and central nervous system,356,India,2,0,2006,2.145067908,1.982520775,0.1995253217,186
23,Brain and central nervous system,356,India,2,0,2007,1.845666312,1.733352957,0.1725468099,165
23,Brain and central nervous system,356,India,2,0,2008,2.001416555,1.915690364,0.1911085868,185
23,Brain and central nervous system,356,India,2,0,2009,2.10711396,2.040012603,0.2010085397,200
23,Brain and central nervous system,356,India,2,0,2010,1.838412504,1.733459465,0.1858531774,173
23,Brain and central nervous system,356,India,2,0,2011,2.265804623,2.261346117,0.2143831737,212
23,Brain and central nervous system,356,India,2,0,2012,1.959179293,1.958022122,0.1826471457,185
23,Brain and central nervous system,356,India,2,0,2013,2.145025054,2.184329703,0.2200350911,208
23,Brain and central nervous system,356,India,2,0,2014,2.315149129,2.292386619,0.2262731758,220
23,Brain and central nervous system,356,India,2,0,2015,2.17380824,2.222861166,0.2222650606,215
23,Brain and central nervous system,356,India,2,0,2016,2.365275381,2.420991059,0.228001055,236
23,Brain and central nervous system,356,India,2,0,2017,2.339129238,2.412323738,0.2414224484,237
23,Brain and central nervous system,36,Australia,1,0,1993,6.42857846,7.257987085,0.655925108,638
23,Brain and central nervous system,36,Australia,1,0,1994,6.717176526,7.798417665,0.706695182,692
23,Brain and central nervous system,36,Australia,1,0,1995,6.835320696,8.059313875,0.6964369954,723
23,Brain and central nervous system,36,Australia,1,0,1996,6.693056405,7.976541916,0.6682382732,724
23,Brain and central nervous system,36,Australia,1,0,1997,6.471833371,7.843416178,0.6990542029,719
23,Brain and central nervous system,36,Australia,1,0,1998,6.302420765,7.660249668,0.6443164511,709
23,Brain and central nervous system,36,Australia,1,0,1999,6.751387719,8.253395492,0.6832175359,772
23,Brain and central nervous system,36,Australia,1,0,2000,6.586886838,8.297561331,0.6924518564,785
23,Brain and central nervous system,36,Australia,1,0,2001,6.900798297,8.484492268,0.7034649894,813
23,Brain and central nervous system,36,Australia,1,0,2002,7.06693879,8.945682291,0.7125353948,868
23,Brain and central nervous system,36,Australia,1,0,2003,6.435224138,8.315571876,0.64586448,816
23,Brain and central nervous system,36,Australia,1,0,2004,6.671851693,8.574550934,0.7077482959,851
23,Brain and central nervous system,36,Australia,1,0,2005,6.649588698,8.624564072,0.7024796129,867
23,Brain and central nervous system,36,Australia,1,0,2006,6.378374286,8.216715781,0.6566515738,838
23,Brain and central nervous system,36,Australia,1,0,2007,6.922444531,9.13602824,0.7227959489,949
23,Brain and central nervous system,36,Australia,1,0,2008,6.606814136,8.771032619,0.6834148493,927
23,Brain and central nervous system,36,Australia,1,0,2009,6.920774619,9.289590814,0.7320544979,1003
23,Brain and central nervous system,36,Australia,1,0,2010,6.723380842,9.121324562,0.6953806088,1000
23,Brain and central nervous system,36,Australia,1,0,2011,6.883411753,9.392018817,0.7116193753,1044
23,Brain and central nervous system,36,Australia,1,0,2012,6.682650773,8.835774787,0.6718460879,999
23,Brain and central nervous system,36,Australia,1,0,2013,6.345452692,8.523141197,0.6389929151,981
23,Brain and central nervous system,36,Australia,1,0,2014,6.571452268,9.022339931,0.6828950125,1053
23,Brain and central nervous system,36,Australia,1,0,2015,7.057371128,9.645624327,0.7080422469,1141
23,Brain and central nervous system,36,Australia,1,0,2016,6.874675247,9.513680956,0.6996910162,1142
23,Brain and central nervous system,36,Australia,1,0,2017,6.73570017,9.547593236,0.6759870323,1165
23,Brain and central nervous system,36,Australia,1,1,1956,3.513386747,3.664154104,0.3540645418,175
23,Brain and central nervous system,36,Australia,1,1,1957,4.117928765,4.26028716,0.3860799613,208
23,Brain and central nervous system,36,Australia,1,1,1958,3.404857396,3.536551059,0.3515906445,176
23,Brain and central nervous system,36,Australia,1,1,1959,4.065795986,4.173064053,0.4079709953,212
23,Brain and central nervous system,36,Australia,1,1,1960,5.0087675,5.14222984,0.5272605052,267
23,Brain and central nervous system,36,Australia,1,1,1961,3.949333573,4.028386951,0.40009961,214
23,Brain and central nervous system,36,Australia,1,1,1962,4.25803914,4.426581716,0.4375142292,239
23,Brain and central nervous system,36,Australia,1,1,1963,4.266683354,4.381897853,0.4171692003,241
23,Brain and central nervous system,36,Australia,1,1,1964,4.353757111,4.477984728,0.4411699064,251
23,Brain and central nervous system,36,Australia,1,1,1965,3.812597048,3.84985563,0.3924580631,220
23,Brain and central nervous system,36,Australia,1,1,1966,4.32058986,4.435733443,0.4299755917,258
23,Brain and central nervous system,36,Australia,1,1,1967,4.516842764,4.596501271,0.4705647689,273
23,Brain and central nervous system,36,Australia,1,1,1968,4.994495708,5.080005957,0.5113249031,307
23,Brain and central nervous system,36,Australia,1,1,1969,4.094218124,4.116426812,0.4247041322,254
23,Brain and central nervous system,36,Australia,1,1,1970,4.852017795,4.92665639,0.5110689871,310
23,Brain and central nervous system,36,Australia,1,1,1971,4.488744306,4.522276108,0.4861057115,290
23,Brain and central nervous system,36,Australia,1,1,1972,4.498378999,4.545175358,0.4852668347,296
23,Brain and central nervous system,36,Australia,1,1,1973,4.513691074,4.579435001,0.4616540738,302
23,Brain and central nervous system,36,Australia,1,1,1974,5.252532207,5.314622677,0.5656494499,356
23,Brain and central nervous system,36,Australia,1,1,1975,4.914661883,5.033629855,0.5101950881,348
23,Brain and central nervous system,36,Australia,1,1,1976,4.788663853,4.900134682,0.5296761819,342
23,Brain and central nervous system,36,Australia,1,1,1977,4.701813048,4.833314435,0.5091870254,341
23,Brain and central nervous system,36,Australia,1,1,1978,4.921052825,5.098824749,0.5103037028,364
23,Brain and central nervous system,36,Australia,1,1,1979,4.964319737,5.2466914,0.579039874,379
23,Brain and central nervous system,36,Australia,1,1,1980,5.245968064,5.587966062,0.6148979079,409
23,Brain and central nervous system,36,Australia,1,1,1981,5.110816312,5.449957045,0.5942013163,406
23,Brain and central nervous system,36,Australia,1,1,1982,4.803141807,5.09483521,0.5440768772,386
23,Brain and central nervous system,36,Australia,1,1,1983,5.263783308,5.810847784,0.6165080895,446
23,Brain and central nervous system,36,Australia,1,1,1984,5.317839875,5.888264701,0.6315580861,457
23,Brain and central nervous system,36,Australia,1,1,1985,5.122564582,5.686444128,0.6047091805,447
23,Brain and central nervous system,36,Australia,1,1,1986,4.866210904,5.474931563,0.5687050476,438
23,Brain and central nervous system,36,Australia,1,1,1987,4.912520857,5.590857593,0.5747591649,454
23,Brain and central nervous system,36,Australia,1,1,1988,5.214260027,5.994986012,0.5721755185,495
23,Brain and central nervous system,36,Australia,1,1,1989,4.838766613,5.520119225,0.5459734237,463
23,Brain and central nervous system,36,Australia,1,1,1990,5.359968363,6.21519374,0.5821266382,529
23,Brain and central nervous system,36,Australia,1,1,1991,5.02101607,5.931308254,0.5540101904,511
23,Brain and central nervous system,36,Australia,1,1,1992,5.405243184,6.40569395,0.6136782146,558
23,Brain and central nervous system,36,Australia,1,1,1993,5.238261215,6.195857302,0.6088629782,545
23,Brain and central nervous system,36,Australia,1,1,1994,5.191506746,6.314083445,0.5999046034,561
23,Brain and central nervous system,36,Australia,1,1,1995,4.946582955,6.129304975,0.5428059033,551
23,Brain and central nervous system,36,Australia,1,1,1996,5.347031841,6.68628269,0.5972101889,609
23,Brain and central nervous system,36,Australia,1,1,1997,5.191945027,6.573821132,0.584449759,605
23,Brain and central nervous system,36,Australia,1,1,1998,4.891546593,6.207856241,0.5432824492,577
23,Brain and central nervous system,36,Australia,1,1,1999,5.008796891,6.36403922,0.5489043186,598
23,Brain and central nervous system,36,Australia,1,1,2000,5.109362367,6.712022969,0.5789683157,638
23,Brain and central nervous system,36,Australia,1,1,2001,5.071512333,6.645448304,0.5557618712,640
23,Brain and central nervous system,36,Australia,1,1,2002,5.045036494,6.788170482,0.5558166777,663
23,Brain and central nervous system,36,Australia,1,1,2003,4.789202765,6.573185636,0.5202639778,649
23,Brain and central nervous system,36,Australia,1,1,2004,4.785840174,6.480713527,0.5357608199,648
23,Brain and central nervous system,36,Australia,1,1,2005,4.546797014,6.3099451,0.51628285,635
23,Brain and central nervous system,36,Australia,1,1,2006,4.404340261,6.259834061,0.505432668,634
23,Brain and central nervous system,36,Australia,1,1,2007,4.567780366,6.405405666,0.5088727917,671
23,Brain and central nervous system,36,Australia,1,1,2008,4.629459055,6.69401427,0.538312291,716
23,Brain and central nervous system,36,Australia,1,1,2009,4.504057973,6.404178891,0.5075472761,700
23,Brain and central nervous system,36,Australia,1,1,2010,4.62844134,6.738590611,0.5341467808,748
23,Brain and central nervous system,36,Australia,1,1,2011,4.68411742,6.934554534,0.5239401458,771
23,Brain and central nervous system,36,Australia,1,1,2012,4.394894419,6.585447328,0.5007090923,745
23,Brain and central nervous system,36,Australia,1,1,2013,4.533346531,6.588103675,0.4879534465,758
23,Brain and central nervous system,36,Australia,1,1,2014,4.522617623,6.926730433,0.5175222751,809
23,Brain and central nervous system,36,Australia,1,1,2015,4.737588107,7.228822762,0.5346801956,855
23,Brain and central nervous system,36,Australia,1,1,2016,4.889801065,7.381463978,0.5388206482,886
23,Brain and central nervous system,36,Australia,1,1,2017,4.558683948,7.112296275,0.5116785176,868
23,Brain and central nervous system,36,Australia,1,1,2018,4.416263855,6.949028593,0.4826149808,861
23,Brain and central nervous system,36,Australia,1,1,2019,4.526479297,7.267106144,0.5010475901,914
23,Brain and central nervous system,36,Australia,1,1,2020,4.22434107,6.811411652,0.4772969287,867
23,Brain and central nervous system,36,Australia,1,1,2021,4.596822602,7.561134202,0.5220107439,964
23,Brain and central nervous system,36,Australia,1,1,2022,4.275713504,7.259494384,0.4865858031,937
23,Brain and central nervous system,36,Australia,1,1,2023,4.379669477,7.356923527,0.4909487579,973
23,Brain and central nervous system,36,Australia,2,0,1993,4.838527077,6.103656101,0.5026362773,541
23,Brain and central nervous system,36,Australia,2,0,1994,4.912754645,5.996858852,0.5014278337,537
23,Brain and central nervous system,36,Australia,2,0,1995,4.553789772,5.630354011,0.4519614463,510
23,Brain and central nervous system,36,Australia,2,0,1996,4.707523223,5.842875061,0.4816055112,536
23,Brain and central nervous system,36,Australia,2,0,1997,4.452322125,5.799490486,0.4523201086,538
23,Brain and central nervous system,36,Australia,2,0,1998,4.467892282,5.746106933,0.4452017209,539
23,Brain and central nervous system,36,Australia,2,0,1999,4.353135704,5.806155136,0.4475743517,551
23,Brain and central nervous system,36,Australia,2,0,2000,4.848883639,6.256568225,0.4895934405,601
23,Brain and central nervous system,36,Australia,2,0,2001,4.717366813,6.14200143,0.4794123643,598
23,Brain and central nervous system,36,Australia,2,0,2002,4.937607667,6.665104702,0.4983107214,656
23,Brain and central nervous system,36,Australia,2,0,2003,4.734041712,6.313771349,0.4698999237,629
23,Brain and central nervous system,36,Australia,2,0,2004,4.578134587,6.028189083,0.4600015021,607
23,Brain and central nervous system,36,Australia,2,0,2005,4.75834941,6.572268617,0.4673128705,670
23,Brain and central nervous system,36,Australia,2,0,2006,4.582243339,6.260332088,0.4636375774,647
23,Brain and central nervous system,36,Australia,2,0,2007,4.23943619,5.866537508,0.4234336829,617
23,Brain and central nervous system,36,Australia,2,0,2008,4.542631542,6.397170034,0.4571150298,683
23,Brain and central nervous system,36,Australia,2,0,2009,4.990939335,6.657065189,0.4875004725,725
23,Brain and central nervous system,36,Australia,2,0,2010,4.977764867,6.905172281,0.5097823815,764
23,Brain and central nervous system,36,Australia,2,0,2011,4.866083361,6.799873485,0.4838566639,763
23,Brain and central nervous system,36,Australia,2,0,2012,4.449351388,6.369503204,0.4415374195,727
23,Brain and central nervous system,36,Australia,2,0,2013,4.379763754,6.247131891,0.4429488391,726
23,Brain and central nervous system,36,Australia,2,0,2014,4.570286745,6.504477079,0.4512947478,768
23,Brain and central nervous system,36,Australia,2,0,2015,4.605696972,6.506755639,0.4504380869,780
23,Brain and central nervous system,36,Australia,2,0,2016,4.528150518,6.376427864,0.4257279815,777
23,Brain and central nervous system,36,Australia,2,0,2017,4.301692815,6.114643927,0.4255271299,758
23,Brain and central nervous system,36,Australia,2,1,1956,1.93784691,2.064738144,0.1873232833,96
23,Brain and central nervous system,36,Australia,2,1,1957,2.567470825,2.711280187,0.2472576765,129
23,Brain and central nervous system,36,Australia,2,1,1958,2.444195499,2.58950224,0.2298553675,126
23,Brain and central nervous system,36,Australia,2,1,1959,2.298942899,2.451669949,0.2329899015,122
23,Brain and central nervous system,36,Australia,2,1,1960,2.53368054,2.715092372,0.2625779828,138
23,Brain and central nervous system,36,Australia,2,1,1961,2.277099201,2.424988934,0.2228832406,126
23,Brain and central nervous system,36,Australia,2,1,1962,2.937552346,3.131307415,0.2901755815,166
23,Brain and central nervous system,36,Australia,2,1,1963,3.139926767,3.310523396,0.2983890677,179
23,Brain and central nervous system,36,Australia,2,1,1964,2.945688237,3.081719962,0.2791868013,170
23,Brain and central nervous system,36,Australia,2,1,1965,3.156768358,3.27029717,0.3068020291,184
23,Brain and central nervous system,36,Australia,2,1,1966,3.24258826,3.435587102,0.311245684,197
23,Brain and central nervous system,36,Australia,2,1,1967,2.16403708,2.286845518,0.2147252571,134
23,Brain and central nervous system,36,Australia,2,1,1968,3.159995066,3.285723865,0.3048332906,196
23,Brain and central nervous system,36,Australia,2,1,1969,2.807271692,2.905068277,0.2785602936,177
23,Brain and central nervous system,36,Australia,2,1,1970,3.257295964,3.378758869,0.3242811379,210
23,Brain and central nervous system,36,Australia,2,1,1971,3.015183605,3.121551316,0.3085889033,198
23,Brain and central nervous system,36,Australia,2,1,1972,3.047435656,3.211044753,0.312834534,207
23,Brain and central nervous system,36,Australia,2,1,1973,3.440891623,3.656055437,0.3707469468,239
23,Brain and central nervous system,36,Australia,2,1,1974,3.587446415,3.780291278,0.3646933352,251
23,Brain and central nervous system,36,Australia,2,1,1975,3.260253075,3.455717244,0.3420028298,237
23,Brain and central nervous system,36,Australia,2,1,1976,3.490411409,3.806118624,0.3780604642,264
23,Brain and central nervous system,36,Australia,2,1,1977,3.559022962,3.917937028,0.3865527584,275
23,Brain and central nervous system,36,Australia,2,1,1978,3.234355069,3.600917109,0.3507310438,256
23,Brain and central nervous system,36,Australia,2,1,1979,3.093724595,3.445353635,0.3281650387,248
23,Brain and central nervous system,36,Australia,2,1,1980,3.457140116,3.960694561,0.3841455486,289
23,Brain and central nervous system,36,Australia,2,1,1981,2.966254031,3.477237469,0.3171359457,260
23,Brain and central nervous system,36,Australia,2,1,1982,3.271578072,3.867352442,0.3770323987,294
23,Brain and central nervous system,36,Australia,2,1,1983,3.620819167,4.244933989,0.4023273045,327
23,Brain and central nervous system,36,Australia,2,1,1984,3.713916929,4.554376692,0.4037949927,355
23,Brain and central nervous system,36,Australia,2,1,1985,3.633779109,4.431726094,0.3832776722,350
23,Brain and central nervous system,36,Australia,2,1,1986,3.143234488,3.791374623,0.3599376739,304
23,Brain and central nervous system,36,Australia,2,1,1987,3.408000048,4.212413725,0.3807692946,343
23,Brain and central nervous system,36,Australia,2,1,1988,3.456920852,4.468059413,0.3920117145,370
23,Brain and central nervous system,36,Australia,2,1,1989,3.304929045,4.355100927,0.3755695521,367
23,Brain and central nervous system,36,Australia,2,1,1990,3.914387677,4.933479857,0.4230770194,422
23,Brain and central nervous system,36,Australia,2,1,1991,3.537677346,4.556728384,0.3945232796,395
23,Brain and central nervous system,36,Australia,2,1,1992,3.729929277,4.822216396,0.4125624927,423
23,Brain and central nervous system,36,Australia,2,1,1993,3.187587706,4.378688876,0.348060634,388
23,Brain and central nervous system,36,Australia,2,1,1994,3.625341928,4.891832427,0.4076487853,438
23,Brain and central nervous system,36,Australia,2,1,1995,3.369514751,4.496561453,0.37598215,408
23,Brain and central nervous system,36,Australia,2,1,1996,3.460701591,4.530737304,0.3693633012,417
23,Brain and central nervous system,36,Australia,2,1,1997,3.572655928,4.852704841,0.399232722,452
23,Brain and central nervous system,36,Australia,2,1,1998,3.431925517,4.736318226,0.3704313664,446
23,Brain and central nervous system,36,Australia,2,1,1999,3.085617336,4.533383173,0.362951944,432
23,Brain and central nervous system,36,Australia,2,1,2000,3.33167227,4.881816002,0.367702691,471
23,Brain and central nervous system,36,Australia,2,1,2001,3.032699379,4.467120562,0.3498920214,437
23,Brain and central nervous system,36,Australia,2,1,2002,3.365399863,5.040744673,0.3722855394,499
23,Brain and central nervous system,36,Australia,2,1,2003,3.260320727,4.840387715,0.3598631115,484
23,Brain and central nervous system,36,Australia,2,1,2004,3.197555201,4.470163729,0.3419102961,453
23,Brain and central nervous system,36,Australia,2,1,2005,3.021497853,4.392031561,0.3272006072,448
23,Brain and central nervous system,36,Australia,2,1,2006,2.923577255,4.40257153,0.3204897813,452
23,Brain and central nervous system,36,Australia,2,1,2007,2.89704531,4.454122304,0.331486945,472
23,Brain and central nervous system,36,Australia,2,1,2008,2.915677621,4.610079392,0.3141069151,498
23,Brain and central nervous system,36,Australia,2,1,2009,2.778624706,4.36424754,0.3197269016,481
23,Brain and central nervous system,36,Australia,2,1,2010,3.035426773,4.661850195,0.3388516806,522
23,Brain and central nervous system,36,Australia,2,1,2011,3.00593726,4.660575541,0.3396342918,523
23,Brain and central nervous system,36,Australia,2,1,2012,2.730579089,4.485156977,0.3104955165,512
23,Brain and central nervous system,36,Australia,2,1,2013,2.907223025,4.719351044,0.3202090548,548
23,Brain and central nervous system,36,Australia,2,1,2014,3.012059087,4.85422689,0.3320112724,574
23,Brain and central nervous system,36,Australia,2,1,2015,2.833450414,4.587789989,0.3214552413,550
23,Brain and central nervous system,36,Australia,2,1,2016,2.825279173,4.701396503,0.2975828307,573
23,Brain and central nervous system,36,Australia,2,1,2017,2.766079702,4.576276357,0.3113951651,567
23,Brain and central nervous system,36,Australia,2,1,2018,2.817634719,4.533510877,0.3048092969,570
23,Brain and central nervous system,36,Australia,2,1,2019,2.734103231,4.656046335,0.3094680775,594
23,Brain and central nervous system,36,Australia,2,1,2020,2.758528425,4.736618839,0.3079276583,612
23,Brain and central nervous system,36,Australia,2,1,2021,2.564050947,4.785095117,0.28724442,619
23,Brain and central nervous system,36,Australia,2,1,2022,2.887597129,5.046454484,0.3123000127,661
23,Brain and central nervous system,36,Australia,2,1,2023,2.650522228,4.860989493,0.2918557869,652
23,Brain and central nervous system,372,Ireland,1,0,1994,7.902759231,8.588244209,0.8356652855,153
23,Brain and central nervous system,372,Ireland,1,0,1995,8.267203013,8.990048965,0.8576824594,161
23,Brain and central nervous system,372,Ireland,1,0,1996,6.944382479,7.776775438,0.7641278602,140
23,Brain and central nervous system,372,Ireland,1,0,1997,7.197740815,8.134576678,0.7964990071,148
23,Brain and central nervous system,372,Ireland,1,0,1998,7.191196598,8.320376929,0.7271060112,153
23,Brain and central nervous system,372,Ireland,1,0,1999,7.273564855,8.016730756,0.7606785756,149
23,Brain and central nervous system,372,Ireland,1,0,2000,7.431391453,8.76286415,0.7993462242,165
23,Brain and central nervous system,372,Ireland,1,0,2001,7.954651246,9.304134381,0.839151779,178
23,Brain and central nervous system,372,Ireland,1,0,2002,7.607714864,8.632366029,0.7613873029,168
23,Brain and central nervous system,372,Ireland,1,0,2003,7.091803449,8.498093493,0.7416559238,168
23,Brain and central nervous system,372,Ireland,1,0,2004,7.118363009,8.250849688,0.6858870448,166
23,Brain and central nervous system,372,Ireland,1,0,2005,7.054972244,8.633103295,0.7411457045,178
23,Brain and central nervous system,372,Ireland,1,0,2006,7.985846408,9.398664917,0.7981001822,199
23,Brain and central nervous system,372,Ireland,1,0,2007,7.806463836,9.035835301,0.8231526471,198
23,Brain and central nervous system,372,Ireland,1,0,2008,8.184389937,9.291600349,0.8605803493,208
23,Brain and central nervous system,372,Ireland,1,0,2009,6.795002876,8.239779351,0.752707246,186
23,Brain and central nervous system,372,Ireland,1,0,2010,6.47620386,8.045333243,0.6972823772,182
23,Brain and central nervous system,372,Ireland,1,0,2011,7.489860768,9.337125733,0.740402393,212
23,Brain and central nervous system,372,Ireland,1,0,2012,7.606499611,9.538390263,0.7980969267,217
23,Brain and central nervous system,372,Ireland,1,0,2013,6.489107145,8.267242778,0.7058953335,189
23,Brain and central nervous system,372,Ireland,1,0,2014,7.458257163,9.699696526,0.7548949999,223
23,Brain and central nervous system,372,Ireland,1,0,2015,7.310644959,9.664678792,0.7615354593,224
23,Brain and central nervous system,372,Ireland,1,0,2016,7.358523294,9.844256196,0.7522016569,231
23,Brain and central nervous system,372,Ireland,1,0,2017,7.497640767,9.822495285,0.7711364514,233
23,Brain and central nervous system,372,Ireland,1,1,1956,2.967358855,3.222969486,0.2689079699,47
23,Brain and central nervous system,372,Ireland,1,1,1957,1.805678175,2.001231102,0.1849631474,29
23,Brain and central nervous system,372,Ireland,1,1,1958,4.021219655,4.167840319,0.3817346257,60
23,Brain and central nervous system,372,Ireland,1,1,1959,2.863699609,2.936987972,0.2778284889,42
23,Brain and central nervous system,372,Ireland,1,1,1960,2.699285771,2.812389702,0.2613346198,40
23,Brain and central nervous system,372,Ireland,1,1,1961,3.516923972,3.733277733,0.3325557061,53
23,Brain and central nervous system,372,Ireland,1,1,1962,3.084886441,3.233201323,0.2961320638,46
23,Brain and central nervous system,372,Ireland,1,1,1963,3.231737937,3.360150367,0.3137580969,48
23,Brain and central nervous system,372,Ireland,1,1,1964,3.416897582,3.691838738,0.3319423686,53
23,Brain and central nervous system,372,Ireland,1,1,1965,4.028266101,4.225957075,0.3814613324,61
23,Brain and central nervous system,372,Ireland,1,1,1966,4.253868465,4.685804734,0.4101242161,68
23,Brain and central nervous system,372,Ireland,1,1,1967,4.194097494,4.385009298,0.4176526551,64
23,Brain and central nervous system,372,Ireland,1,1,1968,3.534625453,3.813976043,0.3399595934,56
23,Brain and central nervous system,372,Ireland,1,1,1969,3.158094834,3.520467626,0.3166127067,52
23,Brain and central nervous system,372,Ireland,1,1,1970,4.090784534,4.236440449,0.3823959716,63
23,Brain and central nervous system,372,Ireland,1,1,1971,3.689673178,3.792470682,0.3530336768,57
23,Brain and central nervous system,372,Ireland,1,1,1972,4.765015255,5.244445231,0.4960072071,80
23,Brain and central nervous system,372,Ireland,1,1,1973,4.397307963,4.7111926,0.4537642166,73
23,Brain and central nervous system,372,Ireland,1,1,1974,5.08801799,5.400986729,0.531919134,85
23,Brain and central nervous system,372,Ireland,1,1,1975,5.039672941,5.255876727,0.5275422591,84
23,Brain and central nervous system,372,Ireland,1,1,1976,5.020306795,5.176254548,0.5274451431,84
23,Brain and central nervous system,372,Ireland,1,1,1977,4.375848572,4.611864568,0.4870308697,76
23,Brain and central nervous system,372,Ireland,1,1,1978,4.508582836,4.719872575,0.4845285769,79
23,Brain and central nervous system,372,Ireland,1,1,1979,5.319178198,5.48162565,0.5639018586,93
23,Brain and central nervous system,372,Ireland,1,1,1980,5.347002778,5.537422924,0.5984954884,95
23,Brain and central nervous system,372,Ireland,1,1,1981,4.261477185,4.389496167,0.4455068769,76
23,Brain and central nervous system,372,Ireland,1,1,1982,4.439637011,4.70404258,0.4802998853,82
23,Brain and central nervous system,372,Ireland,1,1,1983,6.172197637,6.276425176,0.6494223667,110
23,Brain and central nervous system,372,Ireland,1,1,1984,5.215747429,5.226335847,0.607591044,92
23,Brain and central nervous system,372,Ireland,1,1,1985,5.699461341,5.887901156,0.6605395795,104
23,Brain and central nervous system,372,Ireland,1,1,1986,5.444173695,5.594660095,0.6282888228,99
23,Brain and central nervous system,372,Ireland,1,1,1987,4.966114936,5.209395031,0.4930555914,92
23,Brain and central nervous system,372,Ireland,1,1,1988,5.430978857,5.926483117,0.6365480758,104
23,Brain and central nervous system,372,Ireland,1,1,1989,5.5734046,5.900524602,0.6314240973,103
23,Brain and central nervous system,372,Ireland,1,1,1990,5.494979268,6.23882092,0.6146519831,109
23,Brain and central nervous system,372,Ireland,1,1,1991,6.704508415,7.565901563,0.7542405014,133
23,Brain and central nervous system,372,Ireland,1,1,1992,6.286537784,7.117596535,0.7453863301,126
23,Brain and central nervous system,372,Ireland,1,1,1993,6.32175346,6.970670342,0.6968361206,124
23,Brain and central nervous system,372,Ireland,1,1,1994,5.773113566,6.668218849,0.642130521,119
23,Brain and central nervous system,372,Ireland,1,1,1995,6.87791681,7.750563449,0.7960575963,139
23,Brain and central nervous system,372,Ireland,1,1,1996,5.785326343,6.697028374,0.6412934244,121
23,Brain and central nervous system,372,Ireland,1,1,1997,5.78350744,6.745227546,0.6874627108,123
23,Brain and central nervous system,372,Ireland,1,1,1998,5.179765789,6.076484493,0.6136210999,112
23,Brain and central nervous system,372,Ireland,1,1,1999,5.189409312,6.006845122,0.6120670645,112
23,Brain and central nervous system,372,Ireland,1,1,2000,5.969680005,7.03631293,0.7106011522,133
23,Brain and central nervous system,372,Ireland,1,1,2001,5.595452586,6.821081725,0.602923265,131
23,Brain and central nervous system,372,Ireland,1,1,2002,5.180077107,6.197868753,0.5801719716,121
23,Brain and central nervous system,372,Ireland,1,1,2003,5.093677765,6.197399259,0.5455281596,123
23,Brain and central nervous system,372,Ireland,1,1,2004,6.54612084,8.003199304,0.7020686357,162
23,Brain and central nervous system,372,Ireland,1,1,2005,5.15914607,6.364718629,0.5835542909,132
23,Brain and central nervous system,372,Ireland,1,1,2006,6.549007989,8.101803611,0.6560656393,173
23,Brain and central nervous system,372,Ireland,1,1,2007,4.739628891,5.779887766,0.5652024642,127
23,Brain and central nervous system,372,Ireland,1,1,2008,5.758500705,7.058933382,0.6620451413,158
23,Brain and central nervous system,372,Ireland,1,1,2009,5.65466798,7.091676765,0.6593544025,160
23,Brain and central nervous system,372,Ireland,1,1,2010,4.717310483,6.182578157,0.5253211457,140
23,Brain and central nervous system,372,Ireland,1,1,2011,5.105278041,6.780238598,0.5804727086,154
23,Brain and central nervous system,372,Ireland,1,1,2012,5.669004075,7.371207886,0.5978072252,168
23,Brain and central nervous system,372,Ireland,1,1,2013,4.761572259,6.50608428,0.5690354004,149
23,Brain and central nervous system,372,Ireland,1,1,2014,5.347569827,7.462385456,0.5827539984,172
23,Brain and central nervous system,372,Ireland,1,1,2015,5.740750466,7.952122206,0.6440304313,185
23,Brain and central nervous system,372,Ireland,1,1,2016,5.885854832,8.713641269,0.6664569053,205
23,Brain and central nervous system,372,Ireland,1,1,2017,5.0553082,7.34876504,0.5574705108,175
23,Brain and central nervous system,372,Ireland,1,1,2018,4.416607336,6.920905652,0.551413503,167
23,Brain and central nervous system,372,Ireland,1,1,2019,5.587772711,8.267185617,0.597706261,202
23,Brain and central nervous system,372,Ireland,1,1,2020,4.674432293,7.295830737,0.5331088059,180
23,Brain and central nervous system,372,Ireland,1,1,2021,4.879002209,7.712014113,0.508520866,192
23,Brain and central nervous system,372,Ireland,1,1,2022,5.104573403,8.142060779,0.5487165101,206
23,Brain and central nervous system,372,Ireland,2,0,1994,5.334928378,5.985249685,0.5163807603,108
23,Brain and central nervous system,372,Ireland,2,0,1995,5.367066074,6.225397971,0.5638119044,113
23,Brain and central nervous system,372,Ireland,2,0,1996,5.554361912,6.681801129,0.5648962435,122
23,Brain and central nervous system,372,Ireland,2,0,1997,4.651164695,5.962321381,0.4402284631,110
23,Brain and central nervous system,372,Ireland,2,0,1998,4.939177621,5.793298334,0.4847856173,108
23,Brain and central nervous system,372,Ireland,2,0,1999,4.30066646,5.894742209,0.4846362117,111
23,Brain and central nervous system,372,Ireland,2,0,2000,4.639539665,6.084160727,0.4625571438,116
23,Brain and central nervous system,372,Ireland,2,0,2001,5.071441778,6.411350158,0.5498379252,124
23,Brain and central nervous system,372,Ireland,2,0,2002,6.11530289,8.219015453,0.6246030093,162
23,Brain and central nervous system,372,Ireland,2,0,2003,4.983189187,6.190902469,0.4831310455,124
23,Brain and central nervous system,372,Ireland,2,0,2004,5.139425998,6.934628584,0.5665114151,141
23,Brain and central nervous system,372,Ireland,2,0,2005,4.701573274,5.694958707,0.4983748314,118
23,Brain and central nervous system,372,Ireland,2,0,2006,4.606112014,6.144808558,0.4958932808,130
23,Brain and central nervous system,372,Ireland,2,0,2007,5.11670037,6.820573597,0.5221906465,149
23,Brain and central nervous system,372,Ireland,2,0,2008,4.837518229,6.410002453,0.5325690385,144
23,Brain and central nervous system,372,Ireland,2,0,2009,4.479841801,5.799513456,0.4569420578,132
23,Brain and central nervous system,372,Ireland,2,0,2010,6.306047989,7.982266283,0.624837676,183
23,Brain and central nervous system,372,Ireland,2,0,2011,5.111055772,6.769710925,0.5379868362,156
23,Brain and central nervous system,372,Ireland,2,0,2012,5.481726924,6.900477858,0.5121374948,160
23,Brain and central nervous system,372,Ireland,2,0,2013,5.488832156,7.214827501,0.515383114,168
23,Brain and central nervous system,372,Ireland,2,0,2014,6.050083327,7.713948054,0.5896264551,181
23,Brain and central nervous system,372,Ireland,2,0,2015,5.115909,6.708665444,0.510218,159
23,Brain and central nervous system,372,Ireland,2,0,2016,4.01210696,6.017422947,0.3956617947,144
23,Brain and central nervous system,372,Ireland,2,0,2017,5.202926583,7.18894192,0.5058388884,174
23,Brain and central nervous system,372,Ireland,2,1,1956,1.576417963,1.613500651,0.1421390996,23
23,Brain and central nervous system,372,Ireland,2,1,1957,2.113535107,2.183112428,0.1823927712,31
23,Brain and central nervous system,372,Ireland,2,1,1958,1.830763985,1.979631011,0.1854348927,28
23,Brain and central nervous system,372,Ireland,2,1,1959,2.112143731,2.199859351,0.1824877383,31
23,Brain and central nervous system,372,Ireland,2,1,1960,2.807234127,2.988448579,0.2581590902,42
23,Brain and central nervous system,372,Ireland,2,1,1961,1.933901475,2.064015072,0.1636183495,29
23,Brain and central nervous system,372,Ireland,2,1,1962,2.424833447,2.626428831,0.2469006495,37
23,Brain and central nervous system,372,Ireland,2,1,1963,2.360196531,2.40363118,0.2128455617,34
23,Brain and central nervous system,372,Ireland,2,1,1964,2.254215842,2.321381151,0.2088507195,33
23,Brain and central nervous system,372,Ireland,2,1,1965,2.108247687,2.37813376,0.212586401,34
23,Brain and central nervous system,372,Ireland,2,1,1966,2.452944578,2.643118797,0.2179601236,38
23,Brain and central nervous system,372,Ireland,2,1,1967,2.193213926,2.351473336,0.2363317955,34
23,Brain and central nervous system,372,Ireland,2,1,1968,2.953348928,3.231327653,0.305009977,47
23,Brain and central nervous system,372,Ireland,2,1,1969,3.298026278,3.347735428,0.2730255224,49
23,Brain and central nervous system,372,Ireland,2,1,1970,2.474896962,2.645312439,0.2342405984,39
23,Brain and central nervous system,372,Ireland,2,1,1971,2.205909716,2.214553306,0.1847336492,33
23,Brain and central nervous system,372,Ireland,2,1,1972,2.923507256,2.976723018,0.2628171965,45
23,Brain and central nervous system,372,Ireland,2,1,1973,3.135349142,3.518068867,0.3048235484,54
23,Brain and central nervous system,372,Ireland,2,1,1974,2.98743452,3.272606169,0.33884564,51
23,Brain and central nervous system,372,Ireland,2,1,1975,3.409555154,3.540029995,0.336002006,56
23,Brain and central nervous system,372,Ireland,2,1,1976,3.93983732,4.172877975,0.3585009127,67
23,Brain and central nervous system,372,Ireland,2,1,1977,2.429175669,2.576951926,0.236132974,42
23,Brain and central nervous system,372,Ireland,2,1,1978,3.447344417,3.684889958,0.365733469,61
23,Brain and central nervous system,372,Ireland,2,1,1979,3.268656852,3.453976361,0.3625289021,58
23,Brain and central nervous system,372,Ireland,2,1,1980,3.301715138,3.471323339,0.3564168714,59
23,Brain and central nervous system,372,Ireland,2,1,1981,3.287025002,3.493611495,0.3475695404,60
23,Brain and central nervous system,372,Ireland,2,1,1982,3.51167508,4.040743393,0.3703002044,70
23,Brain and central nervous system,372,Ireland,2,1,1983,4.092200052,4.355257182,0.4385110939,76
23,Brain and central nervous system,372,Ireland,2,1,1984,3.857315072,4.328908164,0.4251846259,76
23,Brain and central nervous system,372,Ireland,2,1,1985,3.548378611,4.079466882,0.4022504922,72
23,Brain and central nervous system,372,Ireland,2,1,1986,3.490557035,3.780349293,0.4044092229,67
23,Brain and central nervous system,372,Ireland,2,1,1987,4.410758276,5.354101989,0.520023544,95
23,Brain and central nervous system,372,Ireland,2,1,1988,3.687471385,4.406131188,0.4519455426,78
23,Brain and central nervous system,372,Ireland,2,1,1989,3.434711392,3.851680834,0.3682787539,68
23,Brain and central nervous system,372,Ireland,2,1,1990,3.213512466,4.131546166,0.3353176933,73
23,Brain and central nervous system,372,Ireland,2,1,1991,4.950711012,5.910920736,0.5429762635,105
23,Brain and central nervous system,372,Ireland,2,1,1992,3.404714935,4.306101158,0.4230957968,77
23,Brain and central nervous system,372,Ireland,2,1,1993,4.92338491,5.786650642,0.538369404,104
23,Brain and central nervous system,372,Ireland,2,1,1994,4.795145976,5.870715762,0.5415657049,106
23,Brain and central nervous system,372,Ireland,2,1,1995,3.823632062,5.117541115,0.4491616514,93
23,Brain and central nervous system,372,Ireland,2,1,1996,4.592211304,6.223599178,0.517759435,114
23,Brain and central nervous system,372,Ireland,2,1,1997,3.731193008,5.084431309,0.4182311174,94
23,Brain and central nervous system,372,Ireland,2,1,1998,3.314428446,4.229342806,0.3898213432,79
23,Brain and central nervous system,372,Ireland,2,1,1999,2.779541423,4.024575328,0.3389209407,76
23,Brain and central nervous system,372,Ireland,2,1,2000,3.925027874,4.915314106,0.4515662751,94
23,Brain and central nervous system,372,Ireland,2,1,2001,3.745136534,5.045137247,0.4368229376,98
23,Brain and central nervous system,372,Ireland,2,1,2002,3.327764403,4.807305485,0.3833682113,95
23,Brain and central nervous system,372,Ireland,2,1,2003,3.117311186,4.182784704,0.3475074083,84
23,Brain and central nervous system,372,Ireland,2,1,2004,3.781625696,5.142334933,0.423244438,105
23,Brain and central nervous system,372,Ireland,2,1,2005,3.701634914,4.996754512,0.4745249797,104
23,Brain and central nervous system,372,Ireland,2,1,2006,3.541737694,4.921604696,0.4034890211,105
23,Brain and central nervous system,372,Ireland,2,1,2007,3.637381574,5.054095901,0.3818533465,111
23,Brain and central nervous system,372,Ireland,2,1,2008,3.848068535,5.249808582,0.4493841148,118
23,Brain and central nervous system,372,Ireland,2,1,2009,3.36916659,4.654050385,0.4071121211,106
23,Brain and central nervous system,372,Ireland,2,1,2010,2.837133261,3.878582923,0.3262776688,89
23,Brain and central nervous system,372,Ireland,2,1,2011,3.164792198,4.678776032,0.3547176191,108
23,Brain and central nervous system,372,Ireland,2,1,2012,3.469170875,4.954773687,0.3852565983,115
23,Brain and central nervous system,372,Ireland,2,1,2013,3.0397125,4.369201839,0.3399110369,102
23,Brain and central nervous system,372,Ireland,2,1,2014,3.688558281,5.31158727,0.4459360039,125
23,Brain and central nervous system,372,Ireland,2,1,2015,4.040997628,5.934183591,0.4670652971,141
23,Brain and central nervous system,372,Ireland,2,1,2016,3.164314408,4.956536589,0.3535562264,119
23,Brain and central nervous system,372,Ireland,2,1,2017,2.621626205,4.11707648,0.2780617035,100
23,Brain and central nervous system,372,Ireland,2,1,2018,2.978288859,4.594286862,0.3280202173,113
23,Brain and central nervous system,372,Ireland,2,1,2019,3.060246934,5.100204972,0.350049319,127
23,Brain and central nervous system,372,Ireland,2,1,2020,3.358168653,5.525863426,0.366218554,139
23,Brain and central nervous system,372,Ireland,2,1,2021,2.37326398,3.899474693,0.2800402888,99
23,Brain and central nervous system,372,Ireland,2,1,2022,3.292163252,5.27143327,0.3633836391,136
23,Brain and central nervous system,376,Israel,1,0,1963,5.767676558,5.459689294,0.5962247997,66
23,Brain and central nervous system,376,Israel,1,0,1964,4.037003249,3.818236054,0.3798269294,48
23,Brain and central nervous system,376,Israel,1,0,1965,4.324109059,4.309097736,0.3778645419,56
23,Brain and central nervous system,376,Israel,1,0,1966,4.980354937,4.878762746,0.4985744035,65
23,Brain and central nervous system,376,Israel,1,0,1967,5.275429876,5.084003955,0.4984253043,69
23,Brain and central nervous system,376,Israel,1,0,1968,4.089828911,4.022960518,0.3837796578,57
23,Brain and central nervous system,376,Israel,1,0,1969,4.659106254,4.612943092,0.52290719,67
23,Brain and central nervous system,376,Israel,1,0,1970,3.784784691,3.688255254,0.3968693778,55
23,Brain and central nervous system,376,Israel,1,0,1971,4.939965861,4.693868504,0.5198572876,72
23,Brain and central nervous system,376,Israel,1,0,1972,4.543719341,4.488523288,0.4524817117,71
23,Brain and central nervous system,376,Israel,1,0,1973,4.197601842,4.012806934,0.421013343,66
23,Brain and central nervous system,376,Israel,1,0,1974,3.793565043,3.603033163,0.3922597336,61
23,Brain and central nervous system,376,Israel,1,0,1975,4.256051959,3.985831236,0.4403741734,69
23,Brain and central nervous system,376,Israel,1,0,1976,4.194599156,3.9003434,0.4565144572,69
23,Brain and central nervous system,376,Israel,1,0,1977,4.108482693,3.890700226,0.4421446746,70
23,Brain and central nervous system,376,Israel,1,0,1978,4.759082629,4.601696131,0.5142378975,85
23,Brain and central nervous system,376,Israel,1,0,1979,4.472879964,4.279116748,0.4808209993,81
23,Brain and central nervous system,376,Israel,1,0,1980,4.565116172,4.298940107,0.5112893923,84
23,Brain and central nervous system,376,Israel,1,0,1981,4.463131445,4.348745084,0.4984999434,86
23,Brain and central nervous system,376,Israel,1,0,1982,5.093246437,4.960711168,0.5161503285,100
23,Brain and central nervous system,376,Israel,1,0,1983,5.552079242,5.465775138,0.5916643545,111
23,Brain and central nervous system,376,Israel,1,0,1984,4.950540689,4.842522139,0.5340047355,101
23,Brain and central nervous system,376,Israel,1,0,1985,5.683243164,5.349618899,0.6511278715,113
23,Brain and central nervous system,376,Israel,1,0,1986,5.853480884,5.640762668,0.6609713406,121
23,Brain and central nervous system,376,Israel,1,0,1987,5.488282513,5.369435521,0.5624314965,117
23,Brain and central nervous system,376,Israel,1,0,1988,5.386071278,5.101580135,0.6248787436,113
23,Brain and central nervous system,376,Israel,1,0,1989,5.810350074,5.547173161,0.5820683382,125
23,Brain and central nervous system,376,Israel,1,0,1990,5.27608273,5.127321298,0.567742275,119
23,Brain and central nervous system,376,Israel,1,0,1991,6.635762752,6.344888623,0.6430848697,156
23,Brain and central nervous system,376,Israel,1,0,1992,5.189868084,5.191944619,0.5081512985,132
23,Brain and central nervous system,376,Israel,1,0,1993,5.73415906,5.709249751,0.5909829148,149
23,Brain and central nervous system,376,Israel,1,0,1994,6.354180216,6.240890915,0.6211112608,167
23,Brain and central nervous system,376,Israel,1,0,1995,5.939346966,5.825808331,0.6003602346,160
23,Brain and central nervous system,376,Israel,1,0,1996,6.736106306,6.495811444,0.6515930704,183
23,Brain and central nervous system,376,Israel,1,0,1997,6.655108701,6.537993392,0.6797792174,188
23,Brain and central nervous system,376,Israel,1,0,1998,6.188538959,6.246817179,0.6706206146,184
23,Brain and central nervous system,376,Israel,1,0,1999,6.171510178,6.221457409,0.6218473783,188
23,Brain and central nervous system,376,Israel,1,0,2000,6.678772926,6.789792678,0.6711150193,204
23,Brain and central nervous system,376,Israel,1,0,2001,6.534883038,6.823375775,0.6600579686,209
23,Brain and central nervous system,376,Israel,1,0,2002,6.952666404,6.960035923,0.7499972619,217
23,Brain and central nervous system,376,Israel,1,0,2003,6.612144726,6.780409348,0.6608537924,215
23,Brain and central nervous system,376,Israel,1,0,2004,7.583726347,7.83839886,0.7509277042,253
23,Brain and central nervous system,376,Israel,1,0,2005,5.985741661,6.270928463,0.6240728901,206
23,Brain and central nervous system,376,Israel,1,0,2006,7.631136978,8.004624894,0.8072979405,279
23,Brain and central nervous system,376,Israel,1,0,2007,6.34419373,6.790256855,0.589355396,241
23,Brain and central nervous system,376,Israel,1,0,2008,6.721646803,7.027999939,0.6649232794,254
23,Brain and central nervous system,376,Israel,1,0,2009,6.510759242,6.970838389,0.6580814628,258
23,Brain and central nervous system,376,Israel,1,0,2010,6.247989972,6.656068226,0.6444986967,251
23,Brain and central nervous system,376,Israel,1,0,2011,6.557876745,7.207831712,0.6169003939,277
23,Brain and central nervous system,376,Israel,1,0,2012,5.249884471,5.796587776,0.5093062457,227
23,Brain and central nervous system,376,Israel,1,0,2013,7.118333128,7.791855732,0.728199685,311
23,Brain and central nervous system,376,Israel,1,0,2014,6.154725311,6.805445339,0.6011637114,277
23,Brain and central nervous system,376,Israel,1,0,2015,5.894619192,6.645426983,0.591642681,276
23,Brain and central nervous system,376,Israel,1,0,2016,5.89292772,6.419285043,0.6363812587,272
23,Brain and central nervous system,376,Israel,1,0,2017,6.463260766,7.219199183,0.6835346371,312
23,Brain and central nervous system,376,Israel,1,1,1976,3.660097384,3.504408772,0.3378727331,62
23,Brain and central nervous system,376,Israel,1,1,1977,3.581822473,3.483549903,0.3551381471,63
23,Brain and central nervous system,376,Israel,1,1,1978,3.10820619,2.977640626,0.3686648289,55
23,Brain and central nervous system,376,Israel,1,1,1979,4.644468098,4.226542688,0.514126859,80
23,Brain and central nervous system,376,Israel,1,1,1980,3.474053996,3.404343117,0.4201017857,66
23,Brain and central nervous system,376,Israel,1,1,1981,4.071346033,3.953370502,0.4569497982,78
23,Brain and central nervous system,376,Israel,1,1,1982,4.450839914,4.176818656,0.5202985824,84
23,Brain and central nervous system,376,Israel,1,1,1983,3.511569019,3.479644082,0.3822577862,70
23,Brain and central nervous system,376,Israel,1,1,1984,3.112841851,2.986944163,0.3350035333,62
23,Brain and central nervous system,376,Israel,1,1,1985,3.243815196,3.1247041,0.3648489525,66
23,Brain and central nervous system,376,Israel,1,1,1986,2.699796806,2.424694582,0.2958294659,52
23,Brain and central nervous system,376,Israel,1,1,1987,3.643883046,3.350160624,0.4028159867,73
23,Brain and central nervous system,376,Israel,1,1,1988,3.114927367,2.934537246,0.3513700677,65
23,Brain and central nervous system,376,Israel,1,1,1989,4.128685398,4.127096831,0.4844738603,93
23,Brain and central nervous system,376,Israel,1,1,1990,3.793738206,3.489724699,0.4565925327,81
23,Brain and central nervous system,376,Israel,1,1,1991,3.488678606,3.294959932,0.4229911232,81
23,Brain and central nervous system,376,Israel,1,1,1992,3.290364488,3.185590121,0.3727281066,81
23,Brain and central nervous system,376,Israel,1,1,1993,4.149102535,4.024221984,0.4517057734,105
23,Brain and central nervous system,376,Israel,1,1,1994,3.833230017,3.849172241,0.4400826623,103
23,Brain and central nervous system,376,Israel,1,1,1995,4.184742232,4.114477134,0.4749639344,113
23,Brain and central nervous system,376,Israel,1,1,1996,4.274416104,4.243180603,0.4612423711,119
23,Brain and central nervous system,376,Israel,1,1,1997,4.361687521,4.347221256,0.4649704032,125
23,Brain and central nervous system,376,Israel,1,1,1998,4.034611104,4.107961297,0.4924100764,121
23,Brain and central nervous system,376,Israel,1,1,1999,4.888848729,4.897798175,0.5529050464,148
23,Brain and central nervous system,376,Israel,1,1,2000,4.61722434,4.770460279,0.5567641588,148
23,Brain and central nervous system,376,Israel,1,1,2001,4.632807157,4.942465141,0.5026156182,157
23,Brain and central nervous system,376,Israel,1,1,2002,4.851507835,4.997321652,0.5607695815,162
23,Brain and central nervous system,376,Israel,1,1,2003,4.393136291,4.633768024,0.5179302106,153
23,Brain and central nervous system,376,Israel,1,1,2004,4.867271422,5.175540041,0.572153732,174
23,Brain and central nervous system,376,Israel,1,1,2005,4.349026204,4.586443059,0.4999357381,157
23,Brain and central nervous system,376,Israel,1,1,2006,4.430306463,4.906029453,0.4843200767,171
23,Brain and central nervous system,376,Israel,1,1,2007,4.75306342,5.099712049,0.5255140708,181
23,Brain and central nervous system,376,Israel,1,1,2008,4.318682062,4.510075731,0.4838678581,163
23,Brain and central nervous system,376,Israel,1,1,2009,4.080902527,4.592874129,0.4536703535,170
23,Brain and central nervous system,376,Israel,1,1,2010,4.349976615,4.958474763,0.4617204214,187
23,Brain and central nervous system,376,Israel,1,1,2011,4.893675324,5.753528722,0.5465802431,221
23,Brain and central nervous system,376,Israel,1,1,2012,4.476170913,5.413514398,0.4604689333,212
23,Brain and central nervous system,376,Israel,1,1,2013,4.636823108,5.336544475,0.5088855894,213
23,Brain and central nervous system,376,Israel,1,1,2014,4.597534593,5.47875271,0.4873391693,223
23,Brain and central nervous system,376,Israel,1,1,2015,5.534467036,6.476881293,0.6561049562,269
23,Brain and central nervous system,376,Israel,1,1,2016,4.137450572,4.838065236,0.458787637,205
23,Brain and central nervous system,376,Israel,1,1,2017,4.108917508,4.812798475,0.4735628176,208
23,Brain and central nervous system,376,Israel,1,1,2018,4.160120527,4.991735275,0.4554978013,220
23,Brain and central nervous system,376,Israel,1,1,2019,4.246658178,5.184627359,0.4737323389,233
23,Brain and central nervous system,376,Israel,1,1,2020,4.04742698,4.851845026,0.465249249,222
23,Brain and central nervous system,376,Israel,1,1,2021,3.649658893,4.576150692,0.4161459591,213
23,Brain and central nervous system,376,Israel,1,1,2022,3.705263829,4.632962008,0.419402367,220
23,Brain and central nervous system,376,Israel,2,0,1963,2.395185482,2.378816301,0.1998807417,28
23,Brain and central nervous system,376,Israel,2,0,1964,3.044753392,3.017159483,0.2987683332,37
23,Brain and central nervous system,376,Israel,2,0,1965,3.253160272,3.071884459,0.3149719069,39
23,Brain and central nervous system,376,Israel,2,0,1966,4.231603178,4.142842128,0.3608575553,54
23,Brain and central nervous system,376,Israel,2,0,1967,2.579822603,2.556665867,0.2374561939,34
23,Brain and central nervous system,376,Israel,2,0,1968,3.300697951,3.237892262,0.3091483441,45
23,Brain and central nervous system,376,Israel,2,0,1969,2.949703675,2.873899594,0.3067311381,41
23,Brain and central nervous system,376,Israel,2,0,1970,3.210457759,3.203926514,0.3028730205,47
23,Brain and central nervous system,376,Israel,2,0,1971,3.232451883,3.109199725,0.3109605577,47
23,Brain and central nervous system,376,Israel,2,0,1972,3.361544532,3.320835497,0.3136878935,52
23,Brain and central nervous system,376,Israel,2,0,1973,2.319944715,2.265579841,0.2155366185,37
23,Brain and central nervous system,376,Israel,2,0,1974,3.164516438,3.087636628,0.3219418041,52
23,Brain and central nervous system,376,Israel,2,0,1975,3.888302734,3.770021715,0.4071373434,65
23,Brain and central nervous system,376,Israel,2,0,1976,3.148811019,3.117798947,0.3054754018,55
23,Brain and central nervous system,376,Israel,2,0,1977,2.846451079,2.770331742,0.2740896699,50
23,Brain and central nervous system,376,Israel,2,0,1978,3.495776303,3.467951254,0.3757923248,64
23,Brain and central nervous system,376,Israel,2,0,1979,2.388340288,2.323745244,0.2484269964,44
23,Brain and central nervous system,376,Israel,2,0,1980,3.784287463,3.832707921,0.4028225599,75
23,Brain and central nervous system,376,Israel,2,0,1981,3.94987659,3.98636562,0.4248072842,79
23,Brain and central nervous system,376,Israel,2,0,1982,4.594210665,4.650665738,0.5038083823,94
23,Brain and central nervous system,376,Israel,2,0,1983,3.681757713,3.927878263,0.3365761925,80
23,Brain and central nervous system,376,Israel,2,0,1984,4.322847696,4.463752172,0.4138304427,93
23,Brain and central nervous system,376,Israel,2,0,1985,4.526123199,4.950028286,0.4501095205,105
23,Brain and central nervous system,376,Israel,2,0,1986,4.628496599,4.874878128,0.4894751663,105
23,Brain and central nervous system,376,Israel,2,0,1987,5.044600571,5.438011242,0.549915421,119
23,Brain and central nervous system,376,Israel,2,0,1988,4.566161561,4.941155332,0.4295915014,110
23,Brain and central nervous system,376,Israel,2,0,1989,3.536076815,3.664459161,0.3285187069,83
23,Brain and central nervous system,376,Israel,2,0,1990,4.603875602,4.57480012,0.4864494763,107
23,Brain and central nervous system,376,Israel,2,0,1991,4.825049312,5.17563248,0.4757093092,129
23,Brain and central nervous system,376,Israel,2,0,1992,4.227000727,4.457018836,0.4279257829,115
23,Brain and central nervous system,376,Israel,2,0,1993,4.985595969,5.240734457,0.5313224133,139
23,Brain and central nervous system,376,Israel,2,0,1994,4.292761961,4.590019462,0.4114981069,125
23,Brain and central nervous system,376,Israel,2,0,1995,4.22348221,4.788621663,0.4483386321,134
23,Brain and central nervous system,376,Israel,2,0,1996,4.60209952,4.80467934,0.473482351,138
23,Brain and central nervous system,376,Israel,2,0,1997,4.493800168,5.146610686,0.4729307914,152
23,Brain and central nervous system,376,Israel,2,0,1998,4.900835274,5.156683856,0.4745963012,156
23,Brain and central nervous system,376,Israel,2,0,1999,4.1180787,4.446735838,0.4210620525,138
23,Brain and central nervous system,376,Israel,2,0,2000,4.450307263,5.035677611,0.4188855724,153
23,Brain and central nervous system,376,Israel,2,0,2001,4.204100817,4.944651801,0.4400356065,155
23,Brain and central nervous system,376,Israel,2,0,2002,4.591401408,5.081874647,0.490313932,162
23,Brain and central nervous system,376,Israel,2,0,2003,5.271795886,5.95623862,0.5381638995,193
23,Brain and central nervous system,376,Israel,2,0,2004,4.925528961,5.432473445,0.4820143613,179
23,Brain and central nervous system,376,Israel,2,0,2005,4.588791604,5.52321242,0.4640518447,185
23,Brain and central nervous system,376,Israel,2,0,2006,4.984702938,5.605082689,0.4914926425,200
23,Brain and central nervous system,376,Israel,2,0,2007,4.872152137,5.811253782,0.5014631405,211
23,Brain and central nervous system,376,Israel,2,0,2008,5.35725505,5.981610742,0.5392656185,221
23,Brain and central nervous system,376,Israel,2,0,2009,4.306132588,4.941359016,0.4118180114,187
23,Brain and central nervous system,376,Israel,2,0,2010,5.636843103,6.515229544,0.551928065,251
23,Brain and central nervous system,376,Israel,2,0,2011,4.388785545,5.302421575,0.4219976173,208
23,Brain and central nervous system,376,Israel,2,0,2012,4.211209319,4.931940473,0.4035975851,197
23,Brain and central nervous system,376,Israel,2,0,2013,4.508851466,5.383336582,0.4341970956,219
23,Brain and central nervous system,376,Israel,2,0,2014,4.607329964,5.620692059,0.4835742445,233
23,Brain and central nervous system,376,Israel,2,0,2015,4.24915185,5.133762913,0.4181341653,217
23,Brain and central nervous system,376,Israel,2,0,2016,4.894382338,6.034192053,0.4798938528,260
23,Brain and central nervous system,376,Israel,2,0,2017,4.665077677,5.761185866,0.4418372267,253
23,Brain and central nervous system,376,Israel,2,1,1976,2.260495301,2.211135049,0.2351957124,39
23,Brain and central nervous system,376,Israel,2,1,1977,2.351287673,2.271719858,0.2352338083,41
23,Brain and central nervous system,376,Israel,2,1,1978,2.012581295,2.059062585,0.216603592,38
23,Brain and central nervous system,376,Israel,2,1,1979,2.223411228,2.217997465,0.2702556811,42
23,Brain and central nervous system,376,Israel,2,1,1980,2.838306091,3.039357099,0.3323256953,59
23,Brain and central nervous system,376,Israel,2,1,1981,3.566184095,3.541076487,0.3616615677,70
23,Brain and central nervous system,376,Israel,2,1,1982,2.532757933,2.579620994,0.3092282995,52
23,Brain and central nervous system,376,Israel,2,1,1983,2.281802298,2.319613069,0.2362891336,47
23,Brain and central nervous system,376,Israel,2,1,1984,2.443537878,2.544040705,0.2754813337,53
23,Brain and central nervous system,376,Israel,2,1,1985,2.386074325,2.358045652,0.2488083804,50
23,Brain and central nervous system,376,Israel,2,1,1986,2.31269919,2.320831786,0.2828770204,50
23,Brain and central nervous system,376,Israel,2,1,1987,2.455387618,2.648522764,0.2705667224,58
23,Brain and central nervous system,376,Israel,2,1,1988,2.685382672,2.919249079,0.3203849389,65
23,Brain and central nervous system,376,Israel,2,1,1989,2.865327828,3.001942433,0.325814853,68
23,Brain and central nervous system,376,Israel,2,1,1990,2.223484769,2.308580223,0.2829120619,54
23,Brain and central nervous system,376,Israel,2,1,1991,2.878283155,3.13492223,0.3036184259,78
23,Brain and central nervous system,376,Israel,2,1,1992,2.465496221,2.673796791,0.2689280921,69
23,Brain and central nervous system,376,Israel,2,1,1993,2.693429605,3.092006033,0.3420355253,82
23,Brain and central nervous system,376,Israel,2,1,1994,3.148104315,3.524746659,0.3711824071,96
23,Brain and central nervous system,376,Israel,2,1,1995,3.012465,3.466390308,0.3409857084,97
23,Brain and central nervous system,376,Israel,2,1,1996,2.66606976,3.020204124,0.3126471311,87
23,Brain and central nervous system,376,Israel,2,1,1997,2.656521109,3.047438459,0.3289644211,90
23,Brain and central nervous system,376,Israel,2,1,1998,2.598593705,3.041020725,0.2849775153,92
23,Brain and central nervous system,376,Israel,2,1,1999,3.046632473,3.318960837,0.3119176317,103
23,Brain and central nervous system,376,Israel,2,1,2000,2.832279224,3.357609583,0.3243426089,107
23,Brain and central nervous system,376,Israel,2,1,2001,3.665474158,4.383147136,0.3987800445,143
23,Brain and central nervous system,376,Israel,2,1,2002,3.821168452,4.867465963,0.4201682005,162
23,Brain and central nervous system,376,Israel,2,1,2003,3.632080568,4.486553769,0.4236365827,152
23,Brain and central nervous system,376,Israel,2,1,2004,3.050856427,4.090514083,0.3297459685,141
23,Brain and central nervous system,376,Israel,2,1,2005,2.924875904,4.106078836,0.3005793089,144
23,Brain and central nervous system,376,Israel,2,1,2006,2.615520828,3.531181312,0.2926370904,126
23,Brain and central nervous system,376,Israel,2,1,2007,2.9106445,3.718082329,0.289597032,135
23,Brain and central nervous system,376,Israel,2,1,2008,3.409610741,4.168159806,0.38675222,154
23,Brain and central nervous system,376,Israel,2,1,2009,3.255108963,4.14885127,0.3561319029,157
23,Brain and central nervous system,376,Israel,2,1,2010,3.54856959,4.438976917,0.4039333788,171
23,Brain and central nervous system,376,Israel,2,1,2011,2.691119896,3.821937462,0.274412903,150
23,Brain and central nervous system,376,Israel,2,1,2012,3.503363803,4.606448856,0.3854926569,184
23,Brain and central nervous system,376,Israel,2,1,2013,2.941795948,3.883867956,0.3241903515,158
23,Brain and central nervous system,376,Israel,2,1,2014,3.390153909,4.65576524,0.3767017918,193
23,Brain and central nervous system,376,Israel,2,1,2015,3.315689175,4.802556354,0.3574577029,203
23,Brain and central nervous system,376,Israel,2,1,2016,2.848420976,4.061470707,0.3180938948,175
23,Brain and central nervous system,376,Israel,2,1,2017,3.040412572,4.417667478,0.2996705222,194
23,Brain and central nervous system,376,Israel,2,1,2018,2.765475467,3.977227912,0.3097573162,178
23,Brain and central nervous system,376,Israel,2,1,2019,2.483665039,3.421068472,0.2646298255,156
23,Brain and central nervous system,376,Israel,2,1,2020,2.664337106,3.836588707,0.2775610897,178
23,Brain and central nervous system,376,Israel,2,1,2021,2.48073094,3.519332158,0.2633120366,166
23,Brain and central nervous system,376,Israel,2,1,2022,2.452935664,3.555887531,0.2641874847,171
23,Brain and central nervous system,380,Italy,1,0,2003,6.32579045,8.353268475,0.6679377018,105
23,Brain and central nervous system,380,Italy,1,0,2004,6.014390713,8.861348381,0.7035348926,112
23,Brain and central nervous system,380,Italy,1,0,2005,5.190070188,7.631810014,0.5975019415,97
23,Brain and central nervous system,380,Italy,1,0,2006,6.348744321,8.932020274,0.6508113514,114
23,Brain and central nervous system,380,Italy,1,0,2007,5.662397994,8.962857141,0.6309536084,115
23,Brain and central nervous system,380,Italy,1,0,2008,6.647344529,9.066372823,0.6307074175,117
23,Brain and central nervous system,380,Italy,1,0,2009,6.644080027,9.48086484,0.6604340421,123
23,Brain and central nervous system,380,Italy,1,0,2010,6.292159162,8.899206513,0.6134308733,116
23,Brain and central nervous system,380,Italy,1,0,2011,7.234776586,10.79888794,0.7515066204,141
23,Brain and central nervous system,380,Italy,1,0,2012,5.447245807,9.020068889,0.5705394683,118
23,Brain and central nervous system,380,Italy,1,0,2013,6.321707313,9.424798469,0.6770492283,124
23,Brain and central nervous system,380,Italy,1,0,2014,6.993224439,11.33178717,0.7237546119,150
23,Brain and central nervous system,380,Italy,1,0,2015,6.17520854,9.502850101,0.6150405089,126
23,Brain and central nervous system,380,Italy,1,0,2016,6.276794734,9.424772222,0.6966594613,125
23,Brain and central nervous system,380,Italy,1,0,2017,8.210691395,13.12301316,0.8321076805,174
23,Brain and central nervous system,380,Italy,1,1,1970,2.592955943,2.87641341,0.2647594259,754
23,Brain and central nervous system,380,Italy,1,1,1971,2.93518858,3.298690761,0.3107675362,870
23,Brain and central nervous system,380,Italy,1,1,1972,2.711611251,3.019807379,0.2833038795,803
23,Brain and central nervous system,380,Italy,1,1,1973,3.170951921,3.558985502,0.3306418729,950
23,Brain and central nervous system,380,Italy,1,1,1974,3.657953773,4.239164121,0.3914177093,1149
23,Brain and central nervous system,380,Italy,1,1,1975,3.564748724,4.109137521,0.3751891094,1122
23,Brain and central nervous system,380,Italy,1,1,1976,3.543502782,4.103374452,0.3686698671,1127
23,Brain and central nervous system,380,Italy,1,1,1977,4.107705139,4.778656542,0.4360808368,1319
23,Brain and central nervous system,380,Italy,1,1,1978,4.220537983,4.895876928,0.4454637247,1357
23,Brain and central nervous system,380,Italy,1,1,1979,4.324278094,5.135988606,0.4844214762,1428
23,Brain and central nervous system,380,Italy,1,1,1980,4.737273619,5.654785398,0.5274417882,1576
23,Brain and central nervous system,380,Italy,1,1,1981,4.984430493,6.084459024,0.5760965092,1699
23,Brain and central nervous system,380,Italy,1,1,1982,4.936039576,6.143367015,0.5670455653,1692
23,Brain and central nervous system,380,Italy,1,1,1983,5.110436785,6.43811771,0.5791598202,1779
23,Brain and central nervous system,380,Italy,1,1,1984,4.543504825,5.662604076,0.5180448767,1569
23,Brain and central nervous system,380,Italy,1,1,1985,4.231040389,5.502994594,0.4865269102,1528
23,Brain and central nervous system,380,Italy,1,1,1986,4.515317079,5.921840337,0.5158591724,1647
23,Brain and central nervous system,380,Italy,1,1,1987,5.384634125,7.067099761,0.6079394888,1969
23,Brain and central nervous system,380,Italy,1,1,1988,5.037124025,6.767165099,0.5818385393,1889
23,Brain and central nervous system,380,Italy,1,1,1989,4.243276666,5.709400119,0.471104936,1596
23,Brain and central nervous system,380,Italy,1,1,1990,4.57845618,6.295368408,0.5258247444,1764
23,Brain and central nervous system,380,Italy,1,1,1991,4.760968482,6.655783448,0.5482406629,1851
23,Brain and central nervous system,380,Italy,1,1,1992,4.643850524,6.565298792,0.5176503904,1809
23,Brain and central nervous system,380,Italy,1,1,1993,4.184161638,5.93717059,0.4690406414,1637
23,Brain and central nervous system,380,Italy,1,1,1994,4.561606796,6.592595819,0.5008138604,1818
23,Brain and central nervous system,380,Italy,1,1,1995,3.876138725,5.651282567,0.4353079529,1558
23,Brain and central nervous system,380,Italy,1,1,1996,3.775867096,5.547836318,0.4187495752,1529
23,Brain and central nervous system,380,Italy,1,1,1997,3.824894388,5.738792649,0.4264348061,1582
23,Brain and central nervous system,380,Italy,1,1,1998,3.911268462,5.948154291,0.4389134116,1640
23,Brain and central nervous system,380,Italy,1,1,1999,3.620798867,5.576164751,0.4123475205,1537
23,Brain and central nervous system,380,Italy,1,1,2000,3.751298889,5.862934744,0.4140406793,1616
23,Brain and central nervous system,380,Italy,1,1,2001,3.804923265,5.979766848,0.4201640192,1649
23,Brain and central nervous system,380,Italy,1,1,2002,3.867331436,6.308548164,0.4393603599,1746
23,Brain and central nervous system,380,Italy,1,1,2003,3.653880685,6.028493821,0.4159317706,1683
23,Brain and central nervous system,380,Italy,1,1,2004,3.889328239,6.56291253,0.443137891,1834
23,Brain and central nervous system,380,Italy,1,1,2005,3.875217563,6.567846387,0.4422877941,1845
23,Brain and central nervous system,380,Italy,1,1,2006,4.013738576,6.652071124,0.4408847262,1904
23,Brain and central nervous system,380,Italy,1,1,2007,3.854244711,6.721209035,0.4387887979,1938
23,Brain and central nervous system,380,Italy,1,1,2008,3.919415739,6.763945629,0.4494746057,1965
23,Brain and central nervous system,380,Italy,1,1,2009,4.113263457,7.193723131,0.4667013702,2102
23,Brain and central nervous system,380,Italy,1,1,2010,3.929450157,6.974364356,0.4550543641,2047
23,Brain and central nervous system,380,Italy,1,1,2011,3.881344674,7.172468695,0.4432065589,2060
23,Brain and central nervous system,380,Italy,1,1,2012,4.184508052,7.688809077,0.4762596641,2215
23,Brain and central nervous system,380,Italy,1,1,2013,3.981529511,7.373123853,0.4525406584,2152
23,Brain and central nervous system,380,Italy,1,1,2014,4.245265757,8.083251249,0.4881319819,2384
23,Brain and central nervous system,380,Italy,1,1,2015,4.141973624,7.873411287,0.471878798,2321
23,Brain and central nervous system,380,Italy,1,1,2016,4.092869762,7.894460469,0.462295474,2325
23,Brain and central nervous system,380,Italy,1,1,2017,4.042526984,8.044385713,0.461795086,2368
23,Brain and central nervous system,380,Italy,1,1,2018,4.295633956,8.461479919,0.4867885666,2466
23,Brain and central nervous system,380,Italy,1,1,2019,4.105404431,8.387962428,0.4626814056,2429
23,Brain and central nervous system,380,Italy,1,1,2020,4.177597152,8.54335872,0.4607753508,2474
23,Brain and central nervous system,380,Italy,1,1,2021,3.945491458,8.293290988,0.4476571904,2392
23,Brain and central nervous system,380,Italy,2,0,2003,4.896302985,6.778859299,0.4719107177,90
23,Brain and central nervous system,380,Italy,2,0,2004,3.98116663,6.223521914,0.4053490206,83
23,Brain and central nervous system,380,Italy,2,0,2005,4.422222354,7.161261158,0.4726778299,96
23,Brain and central nervous system,380,Italy,2,0,2006,3.854855385,6.16750956,0.4179330649,83
23,Brain and central nervous system,380,Italy,2,0,2007,4.713785684,7.539287449,0.4972064303,102
23,Brain and central nervous system,380,Italy,2,0,2008,4.345052135,6.757615355,0.4448269147,92
23,Brain and central nervous system,380,Italy,2,0,2009,4.048100657,6.643470491,0.4392324001,91
23,Brain and central nervous system,380,Italy,2,0,2010,5.160434402,8.725635481,0.4824434492,120
23,Brain and central nervous system,380,Italy,2,0,2011,4.91784789,7.830484511,0.4797941437,108
23,Brain and central nervous system,380,Italy,2,0,2012,4.810939884,8.763638866,0.4622951947,121
23,Brain and central nervous system,380,Italy,2,0,2013,4.694609566,8.153728816,0.4569289379,113
23,Brain and central nervous system,380,Italy,2,0,2014,4.679721108,7.469252177,0.4868383769,104
23,Brain and central nervous system,380,Italy,2,0,2015,3.974164034,6.38984976,0.3894674288,89
23,Brain and central nervous system,380,Italy,2,0,2016,4.270019062,6.685799075,0.37123287,93
23,Brain and central nervous system,380,Italy,2,0,2017,4.765687359,7.701032946,0.4922061298,107
23,Brain and central nervous system,380,Italy,2,1,1970,1.786460393,2.105784714,0.1789688387,578
23,Brain and central nervous system,380,Italy,2,1,1971,1.704678722,1.994173106,0.1692914492,551
23,Brain and central nervous system,380,Italy,2,1,1972,1.867742897,2.228604498,0.1876373218,620
23,Brain and central nervous system,380,Italy,2,1,1973,2.043837067,2.439984258,0.2036699486,682
23,Brain and central nervous system,380,Italy,2,1,1974,2.299826696,2.840106257,0.234120609,804
23,Brain and central nervous system,380,Italy,2,1,1975,2.296381954,2.780027274,0.2279129387,793
23,Brain and central nervous system,380,Italy,2,1,1976,2.480020298,3.083301397,0.2509571221,885
23,Brain and central nervous system,380,Italy,2,1,1977,2.660997567,3.323007408,0.272501305,959
23,Brain and central nervous system,380,Italy,2,1,1978,2.639764924,3.41754778,0.2794917957,991
23,Brain and central nervous system,380,Italy,2,1,1979,2.856933515,3.696349683,0.3081999805,1076
23,Brain and central nervous system,380,Italy,2,1,1980,3.06569798,4.058344264,0.3323691178,1185
23,Brain and central nervous system,380,Italy,2,1,1981,3.170793434,4.307900437,0.3506877545,1261
23,Brain and central nervous system,380,Italy,2,1,1982,2.971411487,4.051755245,0.323147583,1179
23,Brain and central nervous system,380,Italy,2,1,1983,3.34049604,4.653424325,0.380863524,1359
23,Brain and central nervous system,380,Italy,2,1,1984,3.012190421,4.276771635,0.3422596781,1253
23,Brain and central nervous system,380,Italy,2,1,1985,2.921928108,4.102015945,0.3228534753,1205
23,Brain and central nervous system,380,Italy,2,1,1986,3.230539109,4.691868899,0.3708682161,1381
23,Brain and central nervous system,380,Italy,2,1,1987,3.286648947,4.975698107,0.3741330739,1467
23,Brain and central nervous system,380,Italy,2,1,1988,3.076562913,4.716022967,0.3473089432,1393
23,Brain and central nervous system,380,Italy,2,1,1989,2.893019308,4.431030054,0.3266849501,1311
23,Brain and central nervous system,380,Italy,2,1,1990,2.965059062,4.672629189,0.3348004059,1385
23,Brain and central nervous system,380,Italy,2,1,1991,3.145366197,5.135642788,0.3385842573,1512
23,Brain and central nervous system,380,Italy,2,1,1992,3.105257578,5.188411908,0.3577207008,1516
23,Brain and central nervous system,380,Italy,2,1,1993,2.946130108,4.957401561,0.3312886762,1450
23,Brain and central nervous system,380,Italy,2,1,1994,3.026629552,5.019476354,0.3292737467,1469
23,Brain and central nervous system,380,Italy,2,1,1995,2.450813257,4.105829988,0.2741081833,1202
23,Brain and central nervous system,380,Italy,2,1,1996,2.471459105,4.227578544,0.2791643052,1238
23,Brain and central nervous system,380,Italy,2,1,1997,2.546658767,4.350112028,0.2779286351,1275
23,Brain and central nervous system,380,Italy,2,1,1998,2.535061944,4.363715555,0.2906478749,1280
23,Brain and central nervous system,380,Italy,2,1,1999,2.352324434,4.290286291,0.270408278,1259
23,Brain and central nervous system,380,Italy,2,1,2000,2.553412984,4.635473957,0.2850642108,1361
23,Brain and central nervous system,380,Italy,2,1,2001,2.49178559,4.621505191,0.2776920023,1358
23,Brain and central nervous system,380,Italy,2,1,2002,2.831103611,5.250897588,0.3117170758,1548
23,Brain and central nervous system,380,Italy,2,1,2003,2.506475663,4.800040906,0.2779184033,1425
23,Brain and central nervous system,380,Italy,2,1,2004,2.47719534,5.006652729,0.2830732914,1489
23,Brain and central nervous system,380,Italy,2,1,2005,2.521736039,5.080644862,0.281447283,1518
23,Brain and central nervous system,380,Italy,2,1,2006,2.510795117,5.046368125,0.280130401,1530
23,Brain and central nervous system,380,Italy,2,1,2007,2.331505054,4.947415457,0.2674069763,1511
23,Brain and central nervous system,380,Italy,2,1,2008,2.559311854,5.204492367,0.2892913684,1602
23,Brain and central nervous system,380,Italy,2,1,2009,2.687965305,5.433801558,0.3027425691,1683
23,Brain and central nervous system,380,Italy,2,1,2010,2.542950076,5.42189071,0.2797145033,1688
23,Brain and central nervous system,380,Italy,2,1,2011,2.638064087,5.502547285,0.2876045494,1687
23,Brain and central nervous system,380,Italy,2,1,2012,2.726576885,6.026365839,0.3105553358,1852
23,Brain and central nervous system,380,Italy,2,1,2013,2.806795075,5.91686035,0.317516537,1837
23,Brain and central nervous system,380,Italy,2,1,2014,2.618970709,5.920871026,0.2893666223,1853
23,Brain and central nervous system,380,Italy,2,1,2015,2.65881206,5.814096365,0.3040815922,1817
23,Brain and central nervous system,380,Italy,2,1,2016,2.625851838,5.895472377,0.2873027529,1838
23,Brain and central nervous system,380,Italy,2,1,2017,2.636237348,5.877805567,0.2973371243,1828
23,Brain and central nervous system,380,Italy,2,1,2018,2.605638138,6.016256909,0.2952634744,1849
23,Brain and central nervous system,380,Italy,2,1,2019,2.679700805,6.351561209,0.3024626097,1936
23,Brain and central nervous system,380,Italy,2,1,2020,2.725488649,6.203926781,0.2978330447,1891
23,Brain and central nervous system,380,Italy,2,1,2021,2.500742851,5.935838407,0.2788395979,1798
23,Brain and central nervous system,392,Japan,1,0,1978,2.542316392,2.486084241,0.2146706578,128
23,Brain and central nervous system,392,Japan,1,0,1979,2.277666757,2.238463951,0.2068712789,116
23,Brain and central nervous system,392,Japan,1,0,1980,2.399454325,2.297813917,0.2159415275,120
23,Brain and central nervous system,392,Japan,1,0,1981,2.363911501,2.272854459,0.2040850863,119
23,Brain and central nervous system,392,Japan,1,0,1982,2.326759721,2.321426635,0.210010412,122
23,Brain and central nervous system,392,Japan,1,0,1983,2.535872907,2.499341083,0.2363710737,132
23,Brain and central nervous system,392,Japan,1,0,1984,2.695549863,2.672320444,0.256626837,142
23,Brain and central nervous system,392,Japan,1,0,1985,2.631795103,2.652996634,0.2426694872,142
23,Brain and central nervous system,392,Japan,1,0,1986,2.991649982,3.049276685,0.2566883768,163
23,Brain and central nervous system,392,Japan,1,0,1987,3.175243773,3.143120887,0.2555085783,168
23,Brain and central nervous system,392,Japan,1,0,1988,2.598213181,2.915440998,0.2300160688,156
23,Brain and central nervous system,392,Japan,1,0,1989,3.249947542,3.356367962,0.3111659109,180
23,Brain and central nervous system,392,Japan,1,0,1990,2.427979219,2.582994973,0.2094262607,139
23,Brain and central nervous system,392,Japan,1,0,1991,2.949518508,3.288053554,0.3133059686,177
23,Brain and central nervous system,392,Japan,1,0,1992,3.311435052,3.52417678,0.2984253325,190
23,Brain and central nervous system,392,Japan,1,0,1993,3.218453538,3.496127068,0.2791054785,189
23,Brain and central nervous system,392,Japan,1,0,1994,2.664025525,3.003453419,0.2333993088,163
23,Brain and central nervous system,392,Japan,1,0,1995,2.797208913,3.299930701,0.2751561199,180
23,Brain and central nervous system,392,Japan,1,0,1996,2.371786283,2.71958189,0.2096456415,148
23,Brain and central nervous system,392,Japan,1,0,1997,2.568440382,3.256415691,0.2374425906,177
23,Brain and central nervous system,392,Japan,1,0,1998,3.015796604,3.466001732,0.2738153136,189
23,Brain and central nervous system,392,Japan,1,0,1999,2.695118785,3.337978993,0.2528539253,182
23,Brain and central nervous system,392,Japan,1,0,2000,2.923707836,3.796503732,0.2711518375,207
23,Brain and central nervous system,392,Japan,1,0,2001,2.292092617,2.953436415,0.2147993263,161
23,Brain and central nervous system,392,Japan,1,0,2002,2.463949347,3.265630214,0.222201581,178
23,Brain and central nervous system,392,Japan,1,0,2003,2.527991502,3.027787291,0.222083209,167
23,Brain and central nervous system,392,Japan,1,0,2004,2.443864434,3.268302585,0.2210159879,180
23,Brain and central nervous system,392,Japan,1,0,2005,2.988635789,4.06904457,0.2731797119,223
23,Brain and central nervous system,392,Japan,1,0,2006,2.792282609,3.653535252,0.2419455324,200
23,Brain and central nervous system,392,Japan,1,0,2007,3.241295387,4.097271418,0.2652955033,224
23,Brain and central nervous system,392,Japan,1,0,2008,2.882481699,3.993198561,0.265393732,215
23,Brain and central nervous system,392,Japan,1,0,2009,2.831541275,3.866372228,0.2349334588,208
23,Brain and central nervous system,392,Japan,1,0,2010,2.971840789,4.576733117,0.2698530029,246
23,Brain and central nervous system,392,Japan,1,0,2011,3.110709155,4.625090707,0.2684938534,248
23,Brain and central nervous system,392,Japan,1,0,2012,2.865014795,4.457568887,0.2560956429,239
23,Brain and central nervous system,392,Japan,1,0,2013,2.60217371,4.240740741,0.2423126571,229
23,Brain and central nervous system,392,Japan,1,0,2014,3.371657898,5.043575005,0.3138398086,272
23,Brain and central nervous system,392,Japan,1,0,2015,2.942210193,4.559777572,0.2644504485,246
23,Brain and central nervous system,392,Japan,1,1,1956,0.2434649813,0.2141858682,0.02625504301,95
23,Brain and central nervous system,392,Japan,1,1,1957,0.2517865371,0.2077376698,0.02591765222,93
23,Brain and central nervous system,392,Japan,1,1,1958,0.3585033521,0.3205836834,0.03721849357,145
23,Brain and central nervous system,392,Japan,1,1,1959,0.397964953,0.3675746636,0.03744973671,168
23,Brain and central nervous system,392,Japan,1,1,1960,0.3749422188,0.3531127323,0.03644213725,162
23,Brain and central nervous system,392,Japan,1,1,1961,0.4327812973,0.3952142364,0.04041476532,183
23,Brain and central nervous system,392,Japan,1,1,1962,0.3941265062,0.3701088933,0.04149673789,173
23,Brain and central nervous system,392,Japan,1,1,1963,0.5335810057,0.478509422,0.05030901824,226
23,Brain and central nervous system,392,Japan,1,1,1964,0.4724878106,0.4293823178,0.04223109774,205
23,Brain and central nervous system,392,Japan,1,1,1965,0.514113002,0.4767372929,0.04497089337,230
23,Brain and central nervous system,392,Japan,1,1,1966,0.4602618923,0.4195200197,0.03919334417,204
23,Brain and central nervous system,392,Japan,1,1,1967,0.522193209,0.4826274566,0.04343891317,236
23,Brain and central nervous system,392,Japan,1,1,1968,0.4792249152,0.4385787623,0.03775191329,217
23,Brain and central nervous system,392,Japan,1,1,1969,0.4914589905,0.4630646095,0.04008125455,232
23,Brain and central nervous system,392,Japan,1,1,1970,0.5394928786,0.484183982,0.04049277011,245
23,Brain and central nervous system,392,Japan,1,1,1971,0.5913377707,0.5426825697,0.04789365806,278
23,Brain and central nervous system,392,Japan,1,1,1972,0.656842113,0.5965498898,0.04940925833,314
23,Brain and central nervous system,392,Japan,1,1,1973,0.6661110576,0.6281407035,0.05352171086,335
23,Brain and central nervous system,392,Japan,1,1,1974,0.6335525177,0.6017138599,0.05250951978,323
23,Brain and central nervous system,392,Japan,1,1,1975,0.6990244029,0.6446299404,0.05641754608,353
23,Brain and central nervous system,392,Japan,1,1,1976,0.7064277818,0.6759076862,0.06007854862,374
23,Brain and central nervous system,392,Japan,1,1,1977,0.7766499109,0.73575482,0.07029577241,411
23,Brain and central nervous system,392,Japan,1,1,1978,0.8510641548,0.8286018453,0.07914820564,467
23,Brain and central nervous system,392,Japan,1,1,1979,0.7648534906,0.7834852502,0.07398740045,448
23,Brain and central nervous system,392,Japan,1,1,1980,0.811631283,0.8567193384,0.08542070703,493
23,Brain and central nervous system,392,Japan,1,1,1981,0.8380220435,0.879275477,0.08324698954,510
23,Brain and central nervous system,392,Japan,1,1,1982,0.764223533,0.8236005212,0.07717512296,481
23,Brain and central nervous system,392,Japan,1,1,1983,0.8512410208,0.9343875141,0.08613125577,546
23,Brain and central nervous system,392,Japan,1,1,1984,0.8515326978,0.935485517,0.08568986407,550
23,Brain and central nervous system,392,Japan,1,1,1985,0.8532486401,0.9857055755,0.08653999484,582
23,Brain and central nervous system,392,Japan,1,1,1986,0.8850224945,1.009455231,0.08649140408,600
23,Brain and central nervous system,392,Japan,1,1,1987,0.8297038364,0.9694757464,0.08552327599,579
23,Brain and central nervous system,392,Japan,1,1,1988,0.8493420657,0.9939296911,0.08439334776,596
23,Brain and central nervous system,392,Japan,1,1,1989,0.8250426638,0.9971249564,0.08474783394,600
23,Brain and central nervous system,392,Japan,1,1,1990,0.9415077564,1.136946444,0.09249860427,685
23,Brain and central nervous system,392,Japan,1,1,1991,0.9025826323,1.120397187,0.09211115407,677
23,Brain and central nervous system,392,Japan,1,1,1992,0.9585970844,1.186546967,0.09382684245,719
23,Brain and central nervous system,392,Japan,1,1,1993,0.8644485306,1.124650091,0.08755664429,683
23,Brain and central nervous system,392,Japan,1,1,1994,0.9017113297,1.160439849,0.09301798441,706
23,Brain and central nervous system,392,Japan,1,1,1995,1.100342512,1.456027,0.1100053061,887
23,Brain and central nervous system,392,Japan,1,1,1996,1.049400472,1.37282173,0.1054931748,839
23,Brain and central nervous system,392,Japan,1,1,1997,0.9847547674,1.326580624,0.09894422841,812
23,Brain and central nervous system,392,Japan,1,1,1998,0.969666519,1.352078678,0.0974448857,829
23,Brain and central nervous system,392,Japan,1,1,1999,1.039183119,1.43094625,0.1038443286,878
23,Brain and central nervous system,392,Japan,1,1,2000,0.966427809,1.393767776,0.09693280931,857
23,Brain and central nervous system,392,Japan,1,1,2001,1.025247436,1.478992142,0.1034663785,911
23,Brain and central nervous system,392,Japan,1,1,2002,0.9863893963,1.454710763,0.09853885914,896
23,Brain and central nervous system,392,Japan,1,1,2003,0.9326740664,1.415124959,0.09430513728,872
23,Brain and central nervous system,392,Japan,1,1,2004,0.9630010445,1.478944122,0.09750230532,911
23,Brain and central nervous system,392,Japan,1,1,2005,0.9087895975,1.494695705,0.09348510663,921
23,Brain and central nervous system,392,Japan,1,1,2006,1.011319283,1.556104217,0.1032871361,958
23,Brain and central nervous system,392,Japan,1,1,2007,0.9103617627,1.4469192,0.08769832287,890
23,Brain and central nervous system,392,Japan,1,1,2008,1.00569775,1.645936442,0.1003657548,1011
23,Brain and central nervous system,392,Japan,1,1,2009,0.9835932104,1.674329127,0.0972813145,1027
23,Brain and central nervous system,392,Japan,1,1,2010,1.089645096,1.807647851,0.1086478608,1113
23,Brain and central nervous system,392,Japan,1,1,2011,1.145382872,1.968920348,0.113745039,1210
23,Brain and central nervous system,392,Japan,1,1,2012,1.134794214,2.031731537,0.1127652969,1246
23,Brain and central nervous system,392,Japan,1,1,2013,1.099252054,1.961265016,0.1069984088,1200
23,Brain and central nervous system,392,Japan,1,1,2014,1.22180833,2.177296483,0.1199204993,1329
23,Brain and central nervous system,392,Japan,1,1,2015,1.248912672,2.287671176,0.1205579844,1396
23,Brain and central nervous system,392,Japan,1,1,2016,1.28169347,2.416749907,0.1283770692,1471
23,Brain and central nervous system,392,Japan,1,1,2017,1.295441561,2.440826762,0.1251221953,1481
23,Brain and central nervous system,392,Japan,1,1,2018,1.337565544,2.534117165,0.1306297095,1532
23,Brain and central nervous system,392,Japan,1,1,2019,1.383194988,2.708915923,0.1356067665,1631
23,Brain and central nervous system,392,Japan,1,1,2020,1.312821699,2.638208546,0.1278304355,1583
23,Brain and central nervous system,392,Japan,1,1,2021,1.426602675,2.861611768,0.1387469048,1708
23,Brain and central nervous system,392,Japan,2,0,1978,1.969706082,1.892548006,0.1603068311,99
23,Brain and central nervous system,392,Japan,2,0,1979,1.794021056,1.839277835,0.1575563429,97
23,Brain and central nervous system,392,Japan,2,0,1980,1.803756766,1.822408371,0.1535631845,97
23,Brain and central nervous system,392,Japan,2,0,1981,1.944766224,1.796889696,0.1509790829,96
23,Brain and central nervous system,392,Japan,2,0,1982,1.740715049,1.788169027,0.16168513,96
23,Brain and central nervous system,392,Japan,2,0,1983,1.797967023,1.796041192,0.1500370171,97
23,Brain and central nervous system,392,Japan,2,0,1984,2.016869327,2.27984133,0.1968955696,124
23,Brain and central nervous system,392,Japan,2,0,1985,2.115228522,2.152015061,0.1829945421,118
23,Brain and central nervous system,392,Japan,2,0,1986,2.408718062,2.588750385,0.2174765258,142
23,Brain and central nervous system,392,Japan,2,0,1987,1.95336332,2.111590648,0.1764448288,116
23,Brain and central nervous system,392,Japan,2,0,1988,2.130216023,2.469216048,0.1891628021,136
23,Brain and central nervous system,392,Japan,2,0,1989,2.348115061,2.586734286,0.2126635711,143
23,Brain and central nervous system,392,Japan,2,0,1990,2.070698511,2.484425085,0.1867578071,138
23,Brain and central nervous system,392,Japan,2,0,1991,2.501658537,2.552995788,0.1983131231,142
23,Brain and central nervous system,392,Japan,2,0,1992,2.432555319,2.582585803,0.2020817424,144
23,Brain and central nervous system,392,Japan,2,0,1993,1.69740581,2.12662991,0.1684434665,119
23,Brain and central nervous system,392,Japan,2,0,1994,2.144035113,2.84607417,0.1855259035,160
23,Brain and central nervous system,392,Japan,2,0,1995,2.033151741,2.688352712,0.1900574765,152
23,Brain and central nervous system,392,Japan,2,0,1996,2.131161371,2.795613081,0.1880939909,158
23,Brain and central nervous system,392,Japan,2,0,1997,2.057848268,2.846837155,0.1891543282,161
23,Brain and central nervous system,392,Japan,2,0,1998,2.408666917,3.185040095,0.1944638926,181
23,Brain and central nervous system,392,Japan,2,0,1999,1.886965729,2.582383751,0.1756764189,147
23,Brain and central nervous system,392,Japan,2,0,2000,2.123958864,2.805890757,0.1704327653,160
23,Brain and central nervous system,392,Japan,2,0,2001,2.238299001,2.836327614,0.1896079899,162
23,Brain and central nervous system,392,Japan,2,0,2002,1.906517414,2.866526988,0.1736866854,164
23,Brain and central nervous system,392,Japan,2,0,2003,1.873880378,2.750109102,0.153811421,160
23,Brain and central nervous system,392,Japan,2,0,2004,1.876763994,2.506340096,0.1580427822,146
23,Brain and central nervous system,392,Japan,2,0,2005,2.200176587,2.90754539,0.1659369257,169
23,Brain and central nervous system,392,Japan,2,0,2006,2.102975553,3.128535718,0.1881212834,182
23,Brain and central nervous system,392,Japan,2,0,2007,2.525801637,3.693313436,0.2181574351,215
23,Brain and central nervous system,392,Japan,2,0,2008,2.209000475,3.257854478,0.1922111248,187
23,Brain and central nervous system,392,Japan,2,0,2009,2.285807002,3.115857504,0.1894641171,179
23,Brain and central nervous system,392,Japan,2,0,2010,2.05386246,2.869979493,0.1757145386,165
23,Brain and central nervous system,392,Japan,2,0,2011,2.26013977,3.516492699,0.181373141,202
23,Brain and central nervous system,392,Japan,2,0,2012,2.345663129,3.793845234,0.2116545851,218
23,Brain and central nervous system,392,Japan,2,0,2013,2.226339043,3.721654838,0.2008259957,215
23,Brain and central nervous system,392,Japan,2,0,2014,2.011427583,3.515760305,0.18242849,203
23,Brain and central nervous system,392,Japan,2,0,2015,2.099968804,3.131487889,0.1736430427,181
23,Brain and central nervous system,392,Japan,2,1,1956,0.1437128628,0.1328831282,0.01330378345,61
23,Brain and central nervous system,392,Japan,2,1,1957,0.1543516877,0.1403372412,0.01593908832,65
23,Brain and central nervous system,392,Japan,2,1,1958,0.1956691047,0.1838313881,0.01749470023,86
23,Brain and central nervous system,392,Japan,2,1,1959,0.3514997425,0.3279451591,0.03248334784,155
23,Brain and central nervous system,392,Japan,2,1,1960,0.2616176594,0.2418969771,0.02217650265,115
23,Brain and central nervous system,392,Japan,2,1,1961,0.2982280479,0.2834573459,0.02734113214,136
23,Brain and central nervous system,392,Japan,2,1,1962,0.2296169825,0.2271178742,0.02093913816,110
23,Brain and central nervous system,392,Japan,2,1,1963,0.3052028017,0.2902342313,0.02674346129,142
23,Brain and central nervous system,392,Japan,2,1,1964,0.36341968,0.3418008252,0.03348902192,169
23,Brain and central nervous system,392,Japan,2,1,1965,0.3020602246,0.2858262177,0.02552084358,143
23,Brain and central nervous system,392,Japan,2,1,1966,0.3765395222,0.3351379221,0.02988687465,169
23,Brain and central nervous system,392,Japan,2,1,1967,0.3159396389,0.293653922,0.0276977188,149
23,Brain and central nervous system,392,Japan,2,1,1968,0.3376755188,0.3137423026,0.02730123976,161
23,Brain and central nervous system,392,Japan,2,1,1969,0.3491897054,0.3274394237,0.02640811577,170
23,Brain and central nervous system,392,Japan,2,1,1970,0.3796136288,0.3579663702,0.03151966179,188
23,Brain and central nervous system,392,Japan,2,1,1971,0.4006675125,0.3765060241,0.03083381181,200
23,Brain and central nervous system,392,Japan,2,1,1972,0.4625341751,0.4168723603,0.03095119931,228
23,Brain and central nervous system,392,Japan,2,1,1973,0.4468125024,0.4207447001,0.03432185007,233
23,Brain and central nervous system,392,Japan,2,1,1974,0.4936127191,0.4593246492,0.03682056785,256
23,Brain and central nervous system,392,Japan,2,1,1975,0.4896188502,0.4689086991,0.03842490003,265
23,Brain and central nervous system,392,Japan,2,1,1976,0.5367420269,0.5185159233,0.04171954792,296
23,Brain and central nervous system,392,Japan,2,1,1977,0.5530087245,0.5464765275,0.0444687678,315
23,Brain and central nervous system,392,Japan,2,1,1978,0.6474876969,0.6517738912,0.05446279012,379
23,Brain and central nervous system,392,Japan,2,1,1979,0.5030531531,0.5580745242,0.05078104014,329
23,Brain and central nervous system,392,Japan,2,1,1980,0.5964332667,0.6543985169,0.05731933075,389
23,Brain and central nervous system,392,Japan,2,1,1981,0.5834202557,0.6763335042,0.05771794824,405
23,Brain and central nervous system,392,Japan,2,1,1982,0.5711044746,0.6634456381,0.05745952918,400
23,Brain and central nervous system,392,Japan,2,1,1983,0.5729658387,0.661121421,0.05808158328,399
23,Brain and central nervous system,392,Japan,2,1,1984,0.5179937185,0.6109007081,0.05386287827,371
23,Brain and central nervous system,392,Japan,2,1,1985,0.6344574325,0.7660694918,0.06161098094,469
23,Brain and central nervous system,392,Japan,2,1,1986,0.6066510947,0.7527476101,0.06084994255,463
23,Brain and central nervous system,392,Japan,2,1,1987,0.6042958124,0.7571467862,0.05911724499,468
23,Brain and central nervous system,392,Japan,2,1,1988,0.6064001283,0.779865296,0.06168635088,484
23,Brain and central nervous system,392,Japan,2,1,1989,0.5888891548,0.7962754856,0.05732583699,496
23,Brain and central nervous system,392,Japan,2,1,1990,0.6530278512,0.867587291,0.06632007655,542
23,Brain and central nervous system,392,Japan,2,1,1991,0.6059978455,0.8057310613,0.05825975978,505
23,Brain and central nervous system,392,Japan,2,1,1992,0.6020185879,0.820610687,0.05710437862,516
23,Brain and central nervous system,392,Japan,2,1,1993,0.5258109934,0.7120541732,0.0515071635,449
23,Brain and central nervous system,392,Japan,2,1,1994,0.6424481662,0.9125559474,0.06233871797,577
23,Brain and central nervous system,392,Japan,2,1,1995,0.733095338,1.038185668,0.07213287755,658
23,Brain and central nervous system,392,Japan,2,1,1996,0.7031885811,1.000094349,0.0699840564,636
23,Brain and central nervous system,392,Japan,2,1,1997,0.7392834866,1.080733456,0.07548791763,689
23,Brain and central nervous system,392,Japan,2,1,1998,0.7170176688,1.035345637,0.06984128989,662
23,Brain and central nervous system,392,Japan,2,1,1999,0.6767812356,1.047226644,0.06928186737,671
23,Brain and central nervous system,392,Japan,2,1,2000,0.6970080232,1.090064803,0.06931863161,699
23,Brain and central nervous system,392,Japan,2,1,2001,0.7078180308,1.066641789,0.07085824017,686
23,Brain and central nervous system,392,Japan,2,1,2002,0.6921527595,1.077388807,0.06772625718,694
23,Brain and central nervous system,392,Japan,2,1,2003,0.6646765906,1.018320469,0.06283500775,657
23,Brain and central nervous system,392,Japan,2,1,2004,0.6263191707,1.063763897,0.06244760146,687
23,Brain and central nervous system,392,Japan,2,1,2005,0.6937759546,1.137999749,0.06729462544,735
23,Brain and central nervous system,392,Japan,2,1,2006,0.7064569716,1.128710112,0.06692787126,729
23,Brain and central nervous system,392,Japan,2,1,2007,0.5790339185,1.07163874,0.05842491654,692
23,Brain and central nervous system,392,Japan,2,1,2008,0.7473734729,1.168539326,0.06937250737,754
23,Brain and central nervous system,392,Japan,2,1,2009,0.699121902,1.214311192,0.06794356552,783
23,Brain and central nervous system,392,Japan,2,1,2010,0.7234196987,1.279123572,0.06904311583,829
23,Brain and central nervous system,392,Japan,2,1,2011,0.7785852212,1.415152639,0.07312612288,916
23,Brain and central nervous system,392,Japan,2,1,2012,0.8328953092,1.448221442,0.07676586661,936
23,Brain and central nervous system,392,Japan,2,1,2013,0.8415777223,1.546879117,0.08077708751,998
23,Brain and central nervous system,392,Japan,2,1,2014,0.7948363247,1.511033808,0.07633162167,973
23,Brain and central nervous system,392,Japan,2,1,2015,0.7410188618,1.605062966,0.07266109687,1032
23,Brain and central nervous system,392,Japan,2,1,2016,0.9022368644,1.800351662,0.08489667096,1155
23,Brain and central nervous system,392,Japan,2,1,2017,0.9570464967,1.844535916,0.09110963879,1180
23,Brain and central nervous system,392,Japan,2,1,2018,0.91712232,1.830191048,0.08675382067,1167
23,Brain and central nervous system,392,Japan,2,1,2019,0.8904825823,1.918985652,0.08928484662,1219
23,Brain and central nervous system,392,Japan,2,1,2020,0.8941915352,1.966997225,0.08504659458,1247
23,Brain and central nervous system,392,Japan,2,1,2021,1.002262251,2.104801223,0.09502115473,1328
23,Brain and central nervous system,40,Austria,1,0,1998,6.136892617,7.76186696,0.6127081271,299
23,Brain and central nervous system,40,Austria,1,0,1999,7.257159075,8.932778897,0.7079620104,345
23,Brain and central nervous system,40,Austria,1,0,2000,7.187349628,9.032917759,0.729289735,350
23,Brain and central nervous system,40,Austria,1,0,2001,7.294593778,9.245182233,0.6975440067,360
23,Brain and central nervous system,40,Austria,1,0,2002,6.832199606,8.879952232,0.6782131227,348
23,Brain and central nervous system,40,Austria,1,0,2003,6.961319804,9.263289331,0.6987338462,365
23,Brain and central nervous system,40,Austria,1,0,2004,7.344590989,9.652945119,0.7122846545,383
23,Brain and central nervous system,40,Austria,1,0,2005,7.439889295,10.10264689,0.7190026944,404
23,Brain and central nervous system,40,Austria,1,0,2006,6.782683676,9.123643013,0.6925122929,367
23,Brain and central nervous system,40,Austria,1,0,2007,6.685974145,9.166247992,0.6823596799,370
23,Brain and central nervous system,40,Austria,1,0,2008,6.871823197,9.456288123,0.6732399847,383
23,Brain and central nervous system,40,Austria,1,0,2009,5.721184941,8.101063849,0.5758746075,329
23,Brain and central nervous system,40,Austria,1,0,2010,6.906042246,9.676374395,0.7077889401,394
23,Brain and central nervous system,40,Austria,1,0,2011,5.578039122,8.049544088,0.5789654464,329
23,Brain and central nervous system,40,Austria,1,0,2012,5.952518859,8.614331278,0.6116658208,354
23,Brain and central nervous system,40,Austria,1,0,2013,6.334488006,9.205804828,0.6419958811,381
23,Brain and central nervous system,40,Austria,1,0,2014,6.183696932,8.691384037,0.599430392,363
23,Brain and central nervous system,40,Austria,1,0,2015,7.20183107,9.647497468,0.6773095145,408
23,Brain and central nervous system,40,Austria,1,0,2016,6.878211967,10.19751516,0.7291598008,438
23,Brain and central nervous system,40,Austria,1,0,2017,6.151325384,9.387854105,0.6316565674,406
23,Brain and central nervous system,40,Austria,1,1,1956,2.421465314,2.940039595,0.2330433029,95
23,Brain and central nervous system,40,Austria,1,1,1957,2.401486792,2.840362226,0.2314798036,92
23,Brain and central nervous system,40,Austria,1,1,1958,2.277985788,2.707146714,0.2266973694,88
23,Brain and central nervous system,40,Austria,1,1,1959,2.41367734,3.062786198,0.2519123805,100
23,Brain and central nervous system,40,Austria,1,1,1960,2.977714007,3.412008044,0.2942024637,112
23,Brain and central nervous system,40,Austria,1,1,1961,2.15011652,2.54338708,0.2028703598,84
23,Brain and central nervous system,40,Austria,1,1,1962,2.889477851,3.457960224,0.2812619733,115
23,Brain and central nervous system,40,Austria,1,1,1963,2.828974514,3.253320065,0.2786947548,109
23,Brain and central nervous system,40,Austria,1,1,1964,2.723578478,3.316956355,0.2911190499,112
23,Brain and central nervous system,40,Austria,1,1,1965,3.302075944,3.995810275,0.3438670293,136
23,Brain and central nervous system,40,Austria,1,1,1966,2.899673532,3.378318852,0.2921048823,116
23,Brain and central nervous system,40,Austria,1,1,1967,3.283606702,3.693436144,0.3122142066,128
23,Brain and central nervous system,40,Austria,1,1,1968,3.159787553,3.584208836,0.3088190947,125
23,Brain and central nervous system,40,Austria,1,1,1969,2.704062781,2.99813088,0.2544505561,105
23,Brain and central nervous system,40,Austria,1,1,1970,2.904507311,3.326128617,0.3036793785,117
23,Brain and central nervous system,40,Austria,1,1,1971,3.851120429,4.325620253,0.3896781863,153
23,Brain and central nervous system,40,Austria,1,1,1972,3.724596442,4.098438888,0.3745567784,146
23,Brain and central nervous system,40,Austria,1,1,1973,3.054823396,3.317456007,0.3048423339,119
23,Brain and central nervous system,40,Austria,1,1,1974,3.200582852,3.589627146,0.3333099233,129
23,Brain and central nervous system,40,Austria,1,1,1975,3.500885816,3.798565958,0.3432923219,136
23,Brain and central nervous system,40,Austria,1,1,1976,3.641629075,4.086916395,0.3754108012,146
23,Brain and central nervous system,40,Austria,1,1,1977,3.425024967,3.860521593,0.3586167529,138
23,Brain and central nervous system,40,Austria,1,1,1978,3.691553253,4.311153893,0.3861135228,154
23,Brain and central nervous system,40,Austria,1,1,1979,3.804902336,4.51516204,0.413189587,161
23,Brain and central nervous system,40,Austria,1,1,1980,3.445509006,4.00902732,0.3711829924,143
23,Brain and central nervous system,40,Austria,1,1,1981,3.418923966,3.910638557,0.3563784414,140
23,Brain and central nervous system,40,Austria,1,1,1982,3.891670659,4.377941255,0.4023926773,157
23,Brain and central nervous system,40,Austria,1,1,1983,3.416410145,3.795924935,0.3634668621,136
23,Brain and central nervous system,40,Austria,1,1,1984,4.674145019,5.382687464,0.497101972,193
23,Brain and central nervous system,40,Austria,1,1,1985,4.076111892,4.956757167,0.4601679558,178
23,Brain and central nervous system,40,Austria,1,1,1986,3.460243823,4.140952464,0.3746523135,149
23,Brain and central nervous system,40,Austria,1,1,1987,4.017863549,4.909195144,0.439517663,177
23,Brain and central nervous system,40,Austria,1,1,1988,3.532550453,4.120497734,0.3711778332,149
23,Brain and central nervous system,40,Austria,1,1,1989,4.533238063,5.632776494,0.4641156961,205
23,Brain and central nervous system,40,Austria,1,1,1990,4.027766111,5.086687215,0.4901113526,187
23,Brain and central nervous system,40,Austria,1,1,1991,4.001481205,4.916342257,0.4656189636,183
23,Brain and central nervous system,40,Austria,1,1,1992,4.333045751,5.304035257,0.5113711977,200
23,Brain and central nervous system,40,Austria,1,1,1993,4.021448242,4.805867886,0.4449800646,183
23,Brain and central nervous system,40,Austria,1,1,1994,4.184205163,5.226100715,0.4584701926,200
23,Brain and central nervous system,40,Austria,1,1,1995,3.660984122,4.745712594,0.4230566474,182
23,Brain and central nervous system,40,Austria,1,1,1996,4.916667605,6.273748644,0.525341744,241
23,Brain and central nervous system,40,Austria,1,1,1997,4.617481313,6.212717198,0.5068770603,239
23,Brain and central nervous system,40,Austria,1,1,1998,4.724632824,6.384915404,0.5256927435,246
23,Brain and central nervous system,40,Austria,1,1,1999,4.274784918,5.980128886,0.463779255,231
23,Brain and central nervous system,40,Austria,1,1,2000,4.61263784,6.296333856,0.531073847,244
23,Brain and central nervous system,40,Austria,1,1,2001,4.60786747,6.57419564,0.5091144425,256
23,Brain and central nervous system,40,Austria,1,1,2002,4.308147525,6.303981028,0.4874260131,247
23,Brain and central nervous system,40,Austria,1,1,2003,4.57786222,6.799374559,0.4821965843,268
23,Brain and central nervous system,40,Austria,1,1,2004,4.56782385,6.751855091,0.4984048765,268
23,Brain and central nervous system,40,Austria,1,1,2005,4.544553024,6.699851766,0.4630090849,268
23,Brain and central nervous system,40,Austria,1,1,2006,3.992121973,6.165126193,0.4204021405,248
23,Brain and central nervous system,40,Austria,1,1,2007,4.035973109,6.193083243,0.4715142255,250
23,Brain and central nervous system,40,Austria,1,1,2008,3.602902531,6.024202728,0.3984489734,244
23,Brain and central nervous system,40,Austria,1,1,2009,4.163835544,6.868138631,0.4826636979,279
23,Brain and central nervous system,40,Austria,1,1,2010,3.870430936,6.309554089,0.4338145078,257
23,Brain and central nervous system,40,Austria,1,1,2011,3.712332616,6.064882752,0.4116364495,248
23,Brain and central nervous system,40,Austria,1,1,2012,4.331005971,7.296607965,0.5078484363,300
23,Brain and central nervous system,40,Austria,1,1,2013,4.227382713,7.270353154,0.4690136239,301
23,Brain and central nervous system,40,Austria,1,1,2014,4.34475209,7.323282726,0.4795823488,306
23,Brain and central nervous system,40,Austria,1,1,2015,4.056030299,6.773584672,0.4308734017,287
23,Brain and central nervous system,40,Austria,1,1,2016,4.16614374,7.360653626,0.4687148348,316
23,Brain and central nervous system,40,Austria,1,1,2017,3.977864732,6.934664481,0.4552609031,300
23,Brain and central nervous system,40,Austria,1,1,2018,4.432068681,7.65799619,0.4966100832,333
23,Brain and central nervous system,40,Austria,1,1,2019,4.211005275,7.302296893,0.4738983172,319
23,Brain and central nervous system,40,Austria,1,1,2020,4.512513985,7.700929614,0.49201696,338
23,Brain and central nervous system,40,Austria,1,1,2021,3.797108081,7.04896378,0.4642104547,311
23,Brain and central nervous system,40,Austria,1,1,2022,4.502902526,8.294666921,0.5092442524,370
23,Brain and central nervous system,40,Austria,1,1,2023,4.127188665,7.610087594,0.4560122443,342
23,Brain and central nervous system,40,Austria,2,0,1998,4.593680139,6.909722416,0.4682801159,285
23,Brain and central nervous system,40,Austria,2,0,1999,5.483905436,7.723703513,0.5715424378,319
23,Brain and central nervous system,40,Austria,2,0,2000,5.252375293,7.25189631,0.4741588912,300
23,Brain and central nervous system,40,Austria,2,0,2001,5.166042642,7.689761745,0.4929339548,319
23,Brain and central nervous system,40,Austria,2,0,2002,4.72138106,7.206028275,0.4904487785,300
23,Brain and central nervous system,40,Austria,2,0,2003,5.878230894,8.64058057,0.6183785095,361
23,Brain and central nervous system,40,Austria,2,0,2004,4.490454908,6.854303217,0.4413964541,288
23,Brain and central nervous system,40,Austria,2,0,2005,6.116640824,8.612681558,0.5825131866,364
23,Brain and central nervous system,40,Austria,2,0,2006,5.518120033,7.890834195,0.5545483491,335
23,Brain and central nervous system,40,Austria,2,0,2007,5.366776977,7.983767592,0.5326787649,340
23,Brain and central nervous system,40,Austria,2,0,2008,5.874957003,8.31123637,0.5627744154,355
23,Brain and central nervous system,40,Austria,2,0,2009,4.083676132,6.751882116,0.4287690789,289
23,Brain and central nervous system,40,Austria,2,0,2010,5.843562199,8.15984721,0.520461587,350
23,Brain and central nervous system,40,Austria,2,0,2011,4.424145394,7.090803669,0.456171174,305
23,Brain and central nervous system,40,Austria,2,0,2012,5.332777371,6.995793258,0.4800197865,302
23,Brain and central nervous system,40,Austria,2,0,2013,4.370096151,6.569034677,0.4342307364,285
23,Brain and central nervous system,40,Austria,2,0,2014,5.188860789,7.533117094,0.5066345525,329
23,Brain and central nervous system,40,Austria,2,0,2015,5.406681388,8.11281955,0.5253874839,357
23,Brain and central nervous system,40,Austria,2,0,2016,4.41445997,6.637204976,0.4088054156,295
23,Brain and central nervous system,40,Austria,2,0,2017,4.379977708,7.091189566,0.4334908051,317
23,Brain and central nervous system,40,Austria,2,1,1956,1.799221713,2.391820511,0.1766854413,89
23,Brain and central nervous system,40,Austria,2,1,1957,1.902821021,2.307602935,0.1736187928,86
23,Brain and central nervous system,40,Austria,2,1,1958,1.673554946,2.194459632,0.1681304319,82
23,Brain and central nervous system,40,Austria,2,1,1959,2.23947468,2.880565743,0.2077801729,108
23,Brain and central nervous system,40,Austria,2,1,1960,1.64344229,2.045288803,0.1573576865,77
23,Brain and central nervous system,40,Austria,2,1,1961,2.093411471,2.643142697,0.2010506568,100
23,Brain and central nervous system,40,Austria,2,1,1962,1.761297856,2.444847012,0.1817903947,93
23,Brain and central nervous system,40,Austria,2,1,1963,2.081707875,2.718904491,0.2099753242,104
23,Brain and central nervous system,40,Austria,2,1,1964,1.855467131,2.495577499,0.1839825869,96
23,Brain and central nervous system,40,Austria,2,1,1965,1.896566778,2.379197538,0.1858665927,92
23,Brain and central nervous system,40,Austria,2,1,1966,2.113851521,2.906484753,0.2233806377,113
23,Brain and central nervous system,40,Austria,2,1,1967,2.003223307,2.531528073,0.1976064764,99
23,Brain and central nervous system,40,Austria,2,1,1968,2.214578835,2.928366925,0.2300506711,115
23,Brain and central nervous system,40,Austria,2,1,1969,2.528179069,2.97096114,0.2343907893,117
23,Brain and central nervous system,40,Austria,2,1,1970,2.132097409,2.988313163,0.2331714623,118
23,Brain and central nervous system,40,Austria,2,1,1971,2.313590505,2.952629601,0.2320110565,117
23,Brain and central nervous system,40,Austria,2,1,1972,2.441387402,3.039493063,0.2463745627,121
23,Brain and central nervous system,40,Austria,2,1,1973,2.340459647,3.201585185,0.2551510867,128
23,Brain and central nervous system,40,Austria,2,1,1974,2.53526434,3.346420585,0.2773152036,134
23,Brain and central nervous system,40,Austria,2,1,1975,2.351510407,3.352068645,0.2632360985,134
23,Brain and central nervous system,40,Austria,2,1,1976,2.594424159,3.181297777,0.2728119548,127
23,Brain and central nervous system,40,Austria,2,1,1977,2.31992309,3.155767955,0.2512396483,126
23,Brain and central nervous system,40,Austria,2,1,1978,2.327860261,3.083421595,0.2495591074,123
23,Brain and central nervous system,40,Austria,2,1,1979,2.306203063,3.339545809,0.2405148903,133
23,Brain and central nervous system,40,Austria,2,1,1980,2.66460947,3.466068694,0.2713236431,138
23,Brain and central nervous system,40,Austria,2,1,1981,2.340409677,2.984267643,0.2419871167,119
23,Brain and central nervous system,40,Austria,2,1,1982,2.063305854,2.809187448,0.2220267287,112
23,Brain and central nervous system,40,Austria,2,1,1983,2.459822116,3.116851648,0.2518731411,124
23,Brain and central nervous system,40,Austria,2,1,1984,3.095789176,4.150791984,0.3442395302,165
23,Brain and central nervous system,40,Austria,2,1,1985,2.679190852,3.699740628,0.2919215865,147
23,Brain and central nervous system,40,Austria,2,1,1986,2.251201329,3.172853269,0.2471952519,126
23,Brain and central nervous system,40,Austria,2,1,1987,2.656811598,3.804641486,0.2981747207,151
23,Brain and central nervous system,40,Austria,2,1,1988,2.94507084,4.081350897,0.312987616,162
23,Brain and central nervous system,40,Austria,2,1,1989,3.074667166,4.395887609,0.3284340883,175
23,Brain and central nervous system,40,Austria,2,1,1990,2.935844351,4.32136843,0.3252437209,173
23,Brain and central nervous system,40,Austria,2,1,1991,2.813044306,4.039792702,0.2949725505,163
23,Brain and central nervous system,40,Austria,2,1,1992,3.411516148,4.788803924,0.3505630281,195
23,Brain and central nervous system,40,Austria,2,1,1993,3.185322152,4.561364438,0.3526031422,187
23,Brain and central nervous system,40,Austria,2,1,1994,3.588807686,5.10798524,0.3901480671,210
23,Brain and central nervous system,40,Austria,2,1,1995,2.501023379,4.20384416,0.275961049,173
23,Brain and central nervous system,40,Austria,2,1,1996,3.024686248,5.09769242,0.3312107977,210
23,Brain and central nervous system,40,Austria,2,1,1997,2.760506069,4.462926241,0.3069774615,184
23,Brain and central nervous system,40,Austria,2,1,1998,2.824329522,4.799261786,0.3202742174,198
23,Brain and central nervous system,40,Austria,2,1,1999,2.679615104,4.429813419,0.3189898032,183
23,Brain and central nervous system,40,Austria,2,1,2000,2.574905485,4.76114864,0.2871580681,197
23,Brain and central nervous system,40,Austria,2,1,2001,2.845689271,4.869558509,0.3091132561,202
23,Brain and central nervous system,40,Austria,2,1,2002,3.156294121,5.572265012,0.3460182927,232
23,Brain and central nervous system,40,Austria,2,1,2003,2.961331021,5.333571869,0.3436378527,223
23,Brain and central nervous system,40,Austria,2,1,2004,3.102854989,5.589633157,0.3373536154,235
23,Brain and central nervous system,40,Austria,2,1,2005,2.964509449,5.272969576,0.3081683016,223
23,Brain and central nervous system,40,Austria,2,1,2006,2.726826489,4.803083014,0.3116714182,204
23,Brain and central nervous system,40,Austria,2,1,2007,2.833820718,5.351873349,0.3093677453,228
23,Brain and central nervous system,40,Austria,2,1,2008,2.817358399,5.008280044,0.3114622181,214
23,Brain and central nervous system,40,Austria,2,1,2009,2.674019875,5.276885293,0.2940042266,226
23,Brain and central nervous system,40,Austria,2,1,2010,2.824729034,5.428826627,0.3042895692,233
23,Brain and central nervous system,40,Austria,2,1,2011,3.082903559,5.483073277,0.3043465388,236
23,Brain and central nervous system,40,Austria,2,1,2012,2.757996626,5.462834612,0.3174391892,236
23,Brain and central nervous system,40,Austria,2,1,2013,2.99144266,5.50525706,0.3341508302,239
23,Brain and central nervous system,40,Austria,2,1,2014,2.948479849,5.401244369,0.3250729587,236
23,Brain and central nervous system,40,Austria,2,1,2015,2.952514806,5.582039991,0.3228762149,246
23,Brain and central nervous system,40,Austria,2,1,2016,3.182416217,6.074488756,0.3648459901,270
23,Brain and central nervous system,40,Austria,2,1,2017,2.576516026,5.343546438,0.3052341054,239
23,Brain and central nervous system,40,Austria,2,1,2018,2.625122604,5.141039752,0.276201083,231
23,Brain and central nervous system,40,Austria,2,1,2019,3.014507319,5.628949198,0.3166612908,254
23,Brain and central nervous system,40,Austria,2,1,2020,3.166004316,6.199909119,0.3252811552,281
23,Brain and central nervous system,40,Austria,2,1,2021,2.902352588,6.037241437,0.3539729765,275
23,Brain and central nervous system,40,Austria,2,1,2022,3.121699774,6.081695194,0.3333844661,280
23,Brain and central nervous system,40,Austria,2,1,2023,2.724578069,5.564669439,0.3133417759,258
23,Brain and central nervous system,410,"Korea, Republic of",1,0,1999,3.168639305,2.981494464,0.284711362,706
23,Brain and central nervous system,410,"Korea, Republic of",1,0,2000,3.107628883,2.962720842,0.3043431629,707
23,Brain and central nervous system,410,"Korea, Republic of",1,0,2001,3.077237148,2.987648031,0.2971369166,718
23,Brain and central nervous system,410,"Korea, Republic of",1,0,2002,2.815207674,2.757611878,0.2627379968,666
23,Brain and central nervous system,410,"Korea, Republic of",1,0,2003,3.249853198,3.255598929,0.3052412456,789
23,Brain and central nervous system,410,"Korea, Republic of",1,0,2004,3.250627432,3.26936912,0.3134215911,795
23,Brain and central nervous system,410,"Korea, Republic of",1,0,2005,3.326232947,3.428969772,0.3086440436,837
23,Brain and central nervous system,410,"Korea, Republic of",1,0,2006,3.120217754,3.276665117,0.2994645266,803
23,Brain and central nervous system,410,"Korea, Republic of",1,0,2007,3.332983957,3.492509319,0.3033144409,860
23,Brain and central nervous system,410,"Korea, Republic of",1,0,2008,3.398272752,3.619166719,0.3079846327,896
23,Brain and central nervous system,410,"Korea, Republic of",1,0,2009,3.488516936,3.706321533,0.313132005,922
23,Brain and central nervous system,410,"Korea, Republic of",1,0,2010,3.484751747,3.831499232,0.3120109564,957
23,Brain and central nervous system,410,"Korea, Republic of",1,0,2011,3.037709382,3.460678046,0.2754098095,868
23,Brain and central nervous system,410,"Korea, Republic of",1,0,2012,3.335394934,3.755831564,0.2968650507,946
23,Brain and central nervous system,410,"Korea, Republic of",1,0,2013,3.210372284,3.797029473,0.2981246966,960
23,Brain and central nervous system,410,"Korea, Republic of",1,0,2014,3.07069872,3.704509413,0.2737284902,940
23,Brain and central nervous system,410,"Korea, Republic of",1,0,2015,3.183591697,3.83375578,0.2754634604,976
23,Brain and central nervous system,410,"Korea, Republic of",1,0,2016,3.569627252,4.371703032,0.3216936367,1116
23,Brain and central nervous system,410,"Korea, Republic of",1,0,2017,3.178036401,4.117020663,0.2951591444,1053
23,Brain and central nervous system,410,"Korea, Republic of",1,1,1986,1.089964759,0.8492204347,0.1163390469,178
23,Brain and central nervous system,410,"Korea, Republic of",1,1,1987,1.3722507,0.9828806993,0.1440820429,206
23,Brain and central nervous system,410,"Korea, Republic of",1,1,1988,3.014052974,2.420197303,0.3000887254,512
23,Brain and central nervous system,410,"Korea, Republic of",1,1,1989,3.094088599,2.547102671,0.3103775512,544
23,Brain and central nervous system,410,"Korea, Republic of",1,1,1990,1.452895362,1.168386792,0.1624618272,252
23,Brain and central nervous system,410,"Korea, Republic of",1,1,1991,1.750667386,1.419032486,0.207408669,309
23,Brain and central nervous system,410,"Korea, Republic of",1,1,1992,2.832145839,2.311360245,0.3056295581,508
23,Brain and central nervous system,410,"Korea, Republic of",1,1,1993,3.665008653,3.021079923,0.3938241325,670
23,Brain and central nervous system,410,"Korea, Republic of",1,1,1994,2.899421664,2.377504871,0.3127389057,532
23,Brain and central nervous system,410,"Korea, Republic of",1,1,1995,2.654995419,2.199835885,0.2917247558,504
23,Brain and central nervous system,410,"Korea, Republic of",1,1,1996,2.192713845,1.875394308,0.2422001874,434
23,Brain and central nervous system,410,"Korea, Republic of",1,1,1997,2.401938425,2.04765291,0.261614062,478
23,Brain and central nervous system,410,"Korea, Republic of",1,1,1998,2.368731496,2.070595838,0.2590683509,487
23,Brain and central nervous system,410,"Korea, Republic of",1,1,1999,2.208807666,1.929947549,0.2301397556,457
23,Brain and central nervous system,410,"Korea, Republic of",1,1,2000,2.422242691,2.204223485,0.2740356666,526
23,Brain and central nervous system,410,"Korea, Republic of",1,1,2001,2.34166466,2.163756234,0.2469720838,520
23,Brain and central nervous system,410,"Korea, Republic of",1,1,2002,2.733817003,2.629254569,0.2790193327,635
23,Brain and central nervous system,410,"Korea, Republic of",1,1,2003,2.5820817,2.525255234,0.2689697608,612
23,Brain and central nervous system,410,"Korea, Republic of",1,1,2004,2.389577367,2.438661394,0.2603682587,593
23,Brain and central nervous system,410,"Korea, Republic of",1,1,2005,2.449709651,2.560461299,0.2465043683,625
23,Brain and central nervous system,410,"Korea, Republic of",1,1,2006,2.283688741,2.444236918,0.2340075995,599
23,Brain and central nervous system,410,"Korea, Republic of",1,1,2007,2.355149287,2.582832158,0.2469652295,636
23,Brain and central nervous system,410,"Korea, Republic of",1,1,2008,2.020395667,2.294293188,0.2097575571,568
23,Brain and central nervous system,410,"Korea, Republic of",1,1,2009,1.917285004,2.247108084,0.1929728123,559
23,Brain and central nervous system,410,"Korea, Republic of",1,1,2010,2.161225315,2.582358882,0.2173985747,645
23,Brain and central nervous system,410,"Korea, Republic of",1,1,2011,2.192906927,2.643352273,0.2136103985,663
23,Brain and central nervous system,410,"Korea, Republic of",1,1,2012,2.011743149,2.457568433,0.2055325668,619
23,Brain and central nervous system,410,"Korea, Republic of",1,1,2013,1.959279891,2.47202381,0.1893532172,625
23,Brain and central nervous system,410,"Korea, Republic of",1,1,2014,2.113532905,2.821732034,0.2144685823,716
23,Brain and central nervous system,410,"Korea, Republic of",1,1,2015,1.923355951,2.647491184,0.1811035189,674
23,Brain and central nervous system,410,"Korea, Republic of",1,1,2016,1.966876376,2.820452961,0.1965118309,720
23,Brain and central nervous system,410,"Korea, Republic of",1,1,2017,1.979193185,2.885432834,0.1954861564,738
23,Brain and central nervous system,410,"Korea, Republic of",1,1,2018,1.87255083,2.839625676,0.1841319288,727
23,Brain and central nervous system,410,"Korea, Republic of",1,1,2019,1.954567082,2.952047042,0.1895894769,756
23,Brain and central nervous system,410,"Korea, Republic of",1,1,2020,1.918820968,3.061772769,0.1876618742,784
23,Brain and central nervous system,410,"Korea, Republic of",1,1,2021,1.867972995,3.055988444,0.1824980855,782
23,Brain and central nervous system,410,"Korea, Republic of",1,1,2022,1.965317413,3.175405898,0.1883611853,811
23,Brain and central nervous system,410,"Korea, Republic of",2,0,1999,2.515451499,2.682688991,0.2557551292,630
23,Brain and central nervous system,410,"Korea, Republic of",2,0,2000,2.489777054,2.606587019,0.2351928454,617
23,Brain and central nervous system,410,"Korea, Republic of",2,0,2001,2.45281326,2.60015002,0.2242750551,620
23,Brain and central nervous system,410,"Korea, Republic of",2,0,2002,2.335834119,2.511009442,0.21395595,602
23,Brain and central nervous system,410,"Korea, Republic of",2,0,2003,2.524586082,2.779021206,0.2308952536,669
23,Brain and central nervous system,410,"Korea, Republic of",2,0,2004,2.610210456,2.999747235,0.2589354215,725
23,Brain and central nervous system,410,"Korea, Republic of",2,0,2005,2.776078153,3.126881562,0.2493112649,759
23,Brain and central nervous system,410,"Korea, Republic of",2,0,2006,2.635088273,3.002410542,0.245035191,732
23,Brain and central nervous system,410,"Korea, Republic of",2,0,2007,2.814555272,3.215508741,0.2587320105,788
23,Brain and central nervous system,410,"Korea, Republic of",2,0,2008,2.720880734,3.16461063,0.244190418,780
23,Brain and central nervous system,410,"Korea, Republic of",2,0,2009,2.579421536,3.151692408,0.2423583497,781
23,Brain and central nervous system,410,"Korea, Republic of",2,0,2010,2.696358282,3.328962447,0.2443812686,829
23,Brain and central nervous system,410,"Korea, Republic of",2,0,2011,2.462403497,3.072351521,0.2347906639,769
23,Brain and central nervous system,410,"Korea, Republic of",2,0,2012,2.441518561,3.104400553,0.2216512479,781
23,Brain and central nervous system,410,"Korea, Republic of",2,0,2013,2.782887231,3.592337718,0.2607611079,908
23,Brain and central nervous system,410,"Korea, Republic of",2,0,2014,2.460802159,3.296746537,0.2230951357,837
23,Brain and central nervous system,410,"Korea, Republic of",2,0,2015,2.533373641,3.29101354,0.228945223,839
23,Brain and central nervous system,410,"Korea, Republic of",2,0,2016,2.744157446,3.642737503,0.2429602308,932
23,Brain and central nervous system,410,"Korea, Republic of",2,0,2017,2.776476808,3.621274979,0.2425783121,929
23,Brain and central nervous system,410,"Korea, Republic of",2,1,1986,0.5146803477,0.4609793142,0.05135114413,95
23,Brain and central nervous system,410,"Korea, Republic of",2,1,1987,0.7633690775,0.6790743247,0.07203409132,140
23,Brain and central nervous system,410,"Korea, Republic of",2,1,1988,1.91809452,1.777160376,0.1861455095,371
23,Brain and central nervous system,410,"Korea, Republic of",2,1,1989,2.009978826,1.853801003,0.2061763061,391
23,Brain and central nervous system,410,"Korea, Republic of",2,1,1990,1.007235597,0.9530113751,0.09661845833,203
23,Brain and central nervous system,410,"Korea, Republic of",2,1,1991,1.167723085,1.107337273,0.1257525603,238
23,Brain and central nervous system,410,"Korea, Republic of",2,1,1992,1.89509695,1.807726185,0.1987306971,392
23,Brain and central nervous system,410,"Korea, Republic of",2,1,1993,2.484943552,2.395012524,0.2627382776,524
23,Brain and central nervous system,410,"Korea, Republic of",2,1,1994,1.988602236,1.965855713,0.2139691667,434
23,Brain and central nervous system,410,"Korea, Republic of",2,1,1995,1.959215794,1.943715979,0.2189695838,441
23,Brain and central nervous system,410,"Korea, Republic of",2,1,1996,1.508640559,1.527057273,0.1605226067,350
23,Brain and central nervous system,410,"Korea, Republic of",2,1,1997,1.564782635,1.586615365,0.1748330759,367
23,Brain and central nervous system,410,"Korea, Republic of",2,1,1998,1.67592845,1.698266139,0.1763911936,396
23,Brain and central nervous system,410,"Korea, Republic of",2,1,1999,1.653473501,1.792717564,0.1768658883,421
23,Brain and central nervous system,410,"Korea, Republic of",2,1,2000,1.768661016,1.934869423,0.184756279,458
23,Brain and central nervous system,410,"Korea, Republic of",2,1,2001,1.648211166,1.849461547,0.1709235369,441
23,Brain and central nervous system,410,"Korea, Republic of",2,1,2002,1.881448621,2.210689376,0.1932884159,530
23,Brain and central nervous system,410,"Korea, Republic of",2,1,2003,1.910135366,2.263925907,0.2003969535,545
23,Brain and central nervous system,410,"Korea, Republic of",2,1,2004,1.791113524,2.197056069,0.197525304,531
23,Brain and central nervous system,410,"Korea, Republic of",2,1,2005,1.771731526,2.241137496,0.1850011191,544
23,Brain and central nervous system,410,"Korea, Republic of",2,1,2006,1.741375204,2.186181267,0.174440951,533
23,Brain and central nervous system,410,"Korea, Republic of",2,1,2007,1.610099992,2.130070425,0.1690823953,522
23,Brain and central nervous system,410,"Korea, Republic of",2,1,2008,1.444800463,1.91499515,0.1454293931,472
23,Brain and central nervous system,410,"Korea, Republic of",2,1,2009,1.501273849,2.050012393,0.1493602636,508
23,Brain and central nervous system,410,"Korea, Republic of",2,1,2010,1.431453707,2.156397183,0.1432396565,537
23,Brain and central nervous system,410,"Korea, Republic of",2,1,2011,1.513581018,2.20138581,0.1542287898,551
23,Brain and central nervous system,410,"Korea, Republic of",2,1,2012,1.571088452,2.253770952,0.1540035128,567
23,Brain and central nervous system,410,"Korea, Republic of",2,1,2013,1.522335689,2.259057878,0.148022992,571
23,Brain and central nervous system,410,"Korea, Republic of",2,1,2014,1.423409739,2.241157001,0.1440974709,569
23,Brain and central nervous system,410,"Korea, Republic of",2,1,2015,1.474660717,2.32214543,0.141944726,592
23,Brain and central nervous system,410,"Korea, Republic of",2,1,2016,1.44075581,2.372469319,0.1506737047,607
23,Brain and central nervous system,410,"Korea, Republic of",2,1,2017,1.363300429,2.264758272,0.1281987171,581
23,Brain and central nervous system,410,"Korea, Republic of",2,1,2018,1.468704083,2.443682078,0.1421649062,628
23,Brain and central nervous system,410,"Korea, Republic of",2,1,2019,1.432827283,2.565289633,0.1369708386,660
23,Brain and central nervous system,410,"Korea, Republic of",2,1,2020,1.339035982,2.536594306,0.1365948344,653
23,Brain and central nervous system,410,"Korea, Republic of",2,1,2021,1.275887937,2.396660942,0.1254602746,617
23,Brain and central nervous system,410,"Korea, Republic of",2,1,2022,1.417536086,2.577849951,0.1354352343,663
23,Brain and central nervous system,414,Kuwait,1,0,1998,5.908774139,3.92610546,0.626305937,15
23,Brain and central nervous system,414,Kuwait,1,0,1999,3.171757356,2.026398912,0.2391918651,8
23,Brain and central nervous system,414,Kuwait,1,0,2000,6.826789532,3.675722831,0.8667811015,15
23,Brain and central nervous system,414,Kuwait,1,0,2001,7.126066735,4.502679094,0.5198386961,19
23,Brain and central nervous system,414,Kuwait,1,0,2002,3.72085116,2.524638173,0.4043538024,11
23,Brain and central nervous system,414,Kuwait,1,0,2003,5.832331684,3.782409128,0.6190009045,17
23,Brain and central nervous system,414,Kuwait,1,0,2004,1.697165078,1.294780524,0.2230915313,6
23,Brain and central nervous system,414,Kuwait,1,0,2005,3.087860482,2.095487159,0.2144403316,10
23,Brain and central nervous system,414,Kuwait,1,0,2006,3.959302966,2.43005984,0.5448934263,12
23,Brain and central nervous system,414,Kuwait,1,0,2007,4.380607558,3.14490751,0.4570259137,16
23,Brain and central nervous system,414,Kuwait,1,0,2008,4.123044343,2.670079282,0.4248702732,14
23,Brain and central nervous system,414,Kuwait,1,0,2009,3.98218673,2.592722229,0.3497174931,14
23,Brain and central nervous system,414,Kuwait,1,0,2010,4.717789649,2.876559635,0.5270658546,16
23,Brain and central nervous system,414,Kuwait,1,0,2011,2.765685217,1.575964096,0.3662290713,9
23,Brain and central nervous system,414,Kuwait,1,0,2012,3.326677093,2.215058307,0.3247914202,13
23,Brain and central nervous system,414,Kuwait,1,0,2013,3.790159745,2.986624898,0.369725613,18
23,Brain and central nervous system,414,Kuwait,1,0,2014,3.987701535,2.749696725,0.4355305778,17
23,Brain and central nervous system,414,Kuwait,1,0,2015,2.798003889,2.210394855,0.267566879,14
23,Brain and central nervous system,414,Kuwait,1,0,2016,1.941395118,1.388513904,0.1588575591,9
23,Brain and central nervous system,414,Kuwait,1,0,2017,2.426501103,1.961059394,0.2208914954,13
23,Brain and central nervous system,414,Kuwait,1,1,1993,0.7091841591,0.5302266295,0.07779310434,5
23,Brain and central nervous system,414,Kuwait,1,1,1994,1.348668862,0.8428336489,0.1964079676,8
23,Brain and central nervous system,414,Kuwait,1,1,1995,0.3060074527,0.2068179609,0.02893835678,2
23,Brain and central nervous system,414,Kuwait,1,1,1996,2.316123998,1.000444197,0.2153240597,10
23,Brain and central nervous system,414,Kuwait,1,1,1997,2.551758048,0.6756039417,0.4078197931,7
23,Brain and central nervous system,414,Kuwait,1,1,1998,1.377522397,0.8393525794,0.07708665007,9
23,Brain and central nervous system,414,Kuwait,1,1,1999,1.489603191,1.083080389,0.139850568,12
23,Brain and central nervous system,414,Kuwait,1,1,2000,3.024060179,1.137226497,0.4192217293,13
23,Brain and central nervous system,414,Kuwait,1,1,2001,2.177044779,1.188772889,0.2422811382,14
23,Brain and central nervous system,414,Kuwait,1,1,2002,2.225625457,0.907987067,0.2761302524,11
23,Brain and central nervous system,414,Kuwait,1,1,2003,2.38618544,1.285860438,0.2677408771,16
23,Brain and central nervous system,414,Kuwait,1,1,2004,4.099278247,1.254014807,0.5407159822,16
23,Brain and central nervous system,414,Kuwait,1,1,2005,1.722015425,1.060058364,0.1799410402,14
23,Brain and central nervous system,414,Kuwait,1,1,2006,3.916618878,1.443308641,0.5533372344,20
23,Brain and central nervous system,414,Kuwait,1,1,2007,3.334011802,1.303896386,0.4751802186,19
23,Brain and central nervous system,414,Kuwait,1,1,2008,2.36920777,1.635188204,0.2884720001,25
23,Brain and central nervous system,414,Kuwait,1,1,2009,2.75664287,1.49905934,0.2769202762,24
23,Brain and central nervous system,414,Kuwait,1,1,2010,2.08162501,1.133808499,0.2108760398,19
23,Brain and central nervous system,414,Kuwait,1,1,2011,2.157243612,0.8962159522,0.3228022441,16
23,Brain and central nervous system,414,Kuwait,1,1,2012,1.288667633,0.784400676,0.1407856604,15
23,Brain and central nervous system,414,Kuwait,1,1,2013,2.580768039,1.386485922,0.2603770766,28
23,Brain and central nervous system,414,Kuwait,1,1,2014,0.747959994,0.7518987794,0.0520554108,16
23,Brain and central nervous system,414,Kuwait,1,1,2015,1.131407306,0.7990450524,0.1594818437,18
23,Brain and central nervous system,414,Kuwait,1,1,2016,0.5819458397,0.5863270214,0.05194323528,14
23,Brain and central nervous system,414,Kuwait,1,1,2017,1.387729562,0.9518079791,0.1149241284,24
23,Brain and central nervous system,414,Kuwait,1,1,2018,0.9378020671,0.8264254807,0.06156709608,22
23,Brain and central nervous system,414,Kuwait,1,1,2019,1.240628461,0.8029164846,0.140140125,22
23,Brain and central nervous system,414,Kuwait,1,1,2020,0.9164910589,0.615784067,0.1003001723,17
23,Brain and central nervous system,414,Kuwait,1,1,2021,1.008903501,0.6831084888,0.1005964918,19
23,Brain and central nervous system,414,Kuwait,1,1,2022,1.47322964,0.8565004818,0.1005351835,24
23,Brain and central nervous system,414,Kuwait,1,1,2023,1.954918936,1.081346303,0.1512212926,32
23,Brain and central nervous system,414,Kuwait,2,0,1998,1.77019205,1.281394157,0.0948108958,5
23,Brain and central nervous system,414,Kuwait,2,0,1999,4.559182843,3.465706831,0.3659821174,14
23,Brain and central nervous system,414,Kuwait,2,0,2000,2.871970169,1.434257234,0.3277398538,6
23,Brain and central nervous system,414,Kuwait,2,0,2001,2.371395197,1.384539767,0.2366090844,6
23,Brain and central nervous system,414,Kuwait,2,0,2002,4.461020952,2.897245834,0.4516665096,13
23,Brain and central nervous system,414,Kuwait,2,0,2003,2.968252883,1.939442001,0.1685597302,9
23,Brain and central nervous system,414,Kuwait,2,0,2004,2.9145222,2.085536181,0.3127685594,10
23,Brain and central nervous system,414,Kuwait,2,0,2005,1.581369776,1.411091177,0.1452111105,7
23,Brain and central nervous system,414,Kuwait,2,0,2006,1.873664567,1.361139468,0.1951156489,7
23,Brain and central nervous system,414,Kuwait,2,0,2007,1.32367788,1.321156049,0.1197398182,7
23,Brain and central nervous system,414,Kuwait,2,0,2008,2.223427229,1.648291271,0.1963993005,9
23,Brain and central nervous system,414,Kuwait,2,0,2009,2.047875392,1.244417897,0.2361878087,7
23,Brain and central nervous system,414,Kuwait,2,0,2010,2.858877371,2.253056358,0.3751564186,13
23,Brain and central nervous system,414,Kuwait,2,0,2011,2.383827081,2.022350342,0.227001002,12
23,Brain and central nervous system,414,Kuwait,2,0,2012,2.938745668,1.970721645,0.2876051392,12
23,Brain and central nervous system,414,Kuwait,2,0,2013,2.07358885,1.761905677,0.1856610373,11
23,Brain and central nervous system,414,Kuwait,2,0,2014,2.309671338,1.718739258,0.3197740343,11
23,Brain and central nervous system,414,Kuwait,2,0,2015,2.646035947,2.127562573,0.2562435584,14
23,Brain and central nervous system,414,Kuwait,2,0,2016,1.793795923,1.633457971,0.1708053227,11
23,Brain and central nervous system,414,Kuwait,2,0,2017,1.126639824,0.8707666229,0.11296159,6
23,Brain and central nervous system,414,Kuwait,2,1,1993,0.3176430667,0.2742885982,0.0265423395,2
23,Brain and central nervous system,414,Kuwait,2,1,1994,0.9118641515,0.5592966286,0.1167065195,4
23,Brain and central nervous system,414,Kuwait,2,1,1995,0.2282262156,0.2799234689,0.01556192871,2
23,Brain and central nervous system,414,Kuwait,2,1,1996,0.1435097706,0.1368571307,0.01195843247,1
23,Brain and central nervous system,414,Kuwait,2,1,1997,3.035212946,1.197490061,0.536663282,9
23,Brain and central nervous system,414,Kuwait,2,1,1998,0.9779376621,0.6476281267,0.1009424018,5
23,Brain and central nervous system,414,Kuwait,2,1,1999,0.7393180089,0.3787505776,0.08236258131,3
23,Brain and central nervous system,414,Kuwait,2,1,2000,0.776150972,0.8625129685,0.05407648487,7
23,Brain and central nervous system,414,Kuwait,2,1,2001,0.9530082667,0.6020933582,0.05638828545,5
23,Brain and central nervous system,414,Kuwait,2,1,2002,2.532748137,1.29639931,0.1476472423,11
23,Brain and central nervous system,414,Kuwait,2,1,2003,0.9996107493,0.5776486925,0.06102766776,5
23,Brain and central nervous system,414,Kuwait,2,1,2004,0.6632316027,0.45381368,0.06413607734,4
23,Brain and central nervous system,414,Kuwait,2,1,2005,0.5457543162,0.2183155861,0.06819602546,2
23,Brain and central nervous system,414,Kuwait,2,1,2006,1.677950706,1.02142542,0.2154270739,10
23,Brain and central nervous system,414,Kuwait,2,1,2007,1.663367559,0.9517319618,0.1143826699,10
23,Brain and central nervous system,414,Kuwait,2,1,2008,3.094728079,1.247166038,0.4895149967,14
23,Brain and central nervous system,414,Kuwait,2,1,2009,3.427810309,1.255775521,0.5201329466,15
23,Brain and central nervous system,414,Kuwait,2,1,2010,2.520430292,0.9466641527,0.3429566287,12
23,Brain and central nervous system,414,Kuwait,2,1,2011,1.619739933,0.9647251943,0.2172721931,13
23,Brain and central nervous system,414,Kuwait,2,1,2012,1.207573388,0.7018839266,0.07618083945,10
23,Brain and central nervous system,414,Kuwait,2,1,2013,1.48609003,0.6719274103,0.1768800188,10
23,Brain and central nervous system,414,Kuwait,2,1,2014,1.771144522,1.170488855,0.1920947598,18
23,Brain and central nervous system,414,Kuwait,2,1,2015,1.46562867,0.8850883476,0.1204202716,14
23,Brain and central nervous system,414,Kuwait,2,1,2016,1.406069588,0.8662176359,0.139913945,14
23,Brain and central nervous system,414,Kuwait,2,1,2017,0.9804843747,0.6123065035,0.1229897899,10
23,Brain and central nervous system,414,Kuwait,2,1,2018,0.8388732003,0.6019317193,0.07025367254,10
23,Brain and central nervous system,414,Kuwait,2,1,2019,0.4940685978,0.352489161,0.06258195354,6
23,Brain and central nervous system,414,Kuwait,2,1,2020,0.4116234592,0.288918808,0.05911327187,5
23,Brain and central nervous system,414,Kuwait,2,1,2021,0.5072681212,0.3979533826,0.06929944059,7
23,Brain and central nervous system,414,Kuwait,2,1,2022,1.071853278,0.8951494648,0.1108243778,16
23,Brain and central nervous system,414,Kuwait,2,1,2023,1.423131117,0.9576979495,0.1128469385,18
23,Brain and central nervous system,417,Kyrgyzstan,1,1,2001,1.42493302,1.191550347,0.142546807,29
23,Brain and central nervous system,417,Kyrgyzstan,1,1,2002,2.088892922,1.508099513,0.212431525,37
23,Brain and central nervous system,417,Kyrgyzstan,1,1,2003,1.888191703,1.413147928,0.1859502695,35
23,Brain and central nervous system,417,Kyrgyzstan,1,1,2004,2.64097974,1.956638495,0.3145406445,49
23,Brain and central nervous system,417,Kyrgyzstan,1,1,2005,2.351153969,1.898360963,0.2380329978,48
23,Brain and central nervous system,417,Kyrgyzstan,1,1,2006,2.392251653,1.919439931,0.2413033255,49
23,Brain and central nervous system,417,Kyrgyzstan,1,1,2007,1.896994217,1.476502244,0.2148126675,38
23,Brain and central nervous system,417,Kyrgyzstan,1,1,2008,2.741329049,2.157631968,0.3034018461,56
23,Brain and central nervous system,417,Kyrgyzstan,1,1,2009,2.652736814,2.070268683,0.3088491354,55
23,Brain and central nervous system,417,Kyrgyzstan,1,1,2010,2.094901431,1.822082224,0.2202394431,49
23,Brain and central nervous system,417,Kyrgyzstan,1,1,2011,3.027504914,2.166955472,0.3340016785,59
23,Brain and central nervous system,417,Kyrgyzstan,1,1,2012,3.117550457,2.382440117,0.3841763248,66
23,Brain and central nervous system,417,Kyrgyzstan,1,1,2013,3.355050681,2.581628987,0.3768743173,73
23,Brain and central nervous system,417,Kyrgyzstan,1,1,2014,3.636147259,2.632711159,0.4370884718,76
23,Brain and central nervous system,417,Kyrgyzstan,1,1,2015,3.210533601,2.645025385,0.3472672619,78
23,Brain and central nervous system,417,Kyrgyzstan,1,1,2016,3.383779287,2.864430415,0.3248583658,88
23,Brain and central nervous system,417,Kyrgyzstan,1,1,2017,3.379829951,2.60402765,0.425143538,80
23,Brain and central nervous system,417,Kyrgyzstan,1,1,2018,3.725899578,2.710696888,0.4768908929,85
23,Brain and central nervous system,417,Kyrgyzstan,1,1,2019,3.557648502,2.871751331,0.3770616536,92
23,Brain and central nervous system,417,Kyrgyzstan,2,1,2001,1.167463868,0.9626013338,0.1115965511,24
23,Brain and central nervous system,417,Kyrgyzstan,2,1,2002,1.405558561,1.194259909,0.1399090441,30
23,Brain and central nervous system,417,Kyrgyzstan,2,1,2003,1.416030913,1.223312066,0.1524692407,31
23,Brain and central nervous system,417,Kyrgyzstan,2,1,2004,1.029789448,0.8981806765,0.09745496739,23
23,Brain and central nervous system,417,Kyrgyzstan,2,1,2005,1.147351142,1.004926847,0.1174505874,26
23,Brain and central nervous system,417,Kyrgyzstan,2,1,2006,1.697209161,1.378582496,0.1974019832,36
23,Brain and central nervous system,417,Kyrgyzstan,2,1,2007,1.312560818,1.139215992,0.1487738863,30
23,Brain and central nervous system,417,Kyrgyzstan,2,1,2008,1.379611043,1.31841689,0.1376318949,35
23,Brain and central nervous system,417,Kyrgyzstan,2,1,2009,1.366182489,1.246966479,0.1338330226,34
23,Brain and central nervous system,417,Kyrgyzstan,2,1,2010,1.818544756,1.667434532,0.1702166772,46
23,Brain and central nervous system,417,Kyrgyzstan,2,1,2011,1.657077999,1.504276443,0.169358839,42
23,Brain and central nervous system,417,Kyrgyzstan,2,1,2012,2.096236471,1.868011259,0.221620861,53
23,Brain and central nervous system,417,Kyrgyzstan,2,1,2013,2.099096889,1.832527713,0.2358983523,53
23,Brain and central nervous system,417,Kyrgyzstan,2,1,2014,2.07109342,1.831093183,0.2288398814,54
23,Brain and central nervous system,417,Kyrgyzstan,2,1,2015,2.722429722,2.459829162,0.2877706977,74
23,Brain and central nervous system,417,Kyrgyzstan,2,1,2016,2.419969919,2.047147731,0.3197114426,64
23,Brain and central nervous system,417,Kyrgyzstan,2,1,2017,2.121224555,1.887214315,0.2314865401,59
23,Brain and central nervous system,417,Kyrgyzstan,2,1,2018,2.568108052,2.321648747,0.3161884537,74
23,Brain and central nervous system,417,Kyrgyzstan,2,1,2019,2.191240012,2.213412975,0.2250141315,72
23,Brain and central nervous system,428,Latvia,1,0,1983,2.488920289,2.639870561,0.2485083887,31
23,Brain and central nervous system,428,Latvia,1,0,1984,4.968342076,5.579507989,0.5477787627,66
23,Brain and central nervous system,428,Latvia,1,0,1985,3.312590225,3.859708005,0.3235506092,46
23,Brain and central nervous system,428,Latvia,1,0,1986,4.604227013,5.236472446,0.5118912797,63
23,Brain and central nervous system,428,Latvia,1,0,1987,4.249034911,4.765817584,0.4579313787,58
23,Brain and central nervous system,428,Latvia,1,0,1988,3.92888618,4.708174365,0.3983137203,58
23,Brain and central nervous system,428,Latvia,1,0,1989,3.291265109,3.544956494,0.4048624265,44
23,Brain and central nervous system,428,Latvia,1,0,1990,4.132657188,4.66613033,0.4219536403,58
23,Brain and central nervous system,428,Latvia,1,0,1991,4.073531164,4.597515728,0.4081353189,57
23,Brain and central nervous system,428,Latvia,1,0,1992,4.030346642,4.737400964,0.4201763851,58
23,Brain and central nervous system,428,Latvia,1,0,1993,4.241682738,5.079100749,0.4339641811,61
23,Brain and central nervous system,428,Latvia,1,0,1994,4.462903245,4.994497587,0.445739128,59
23,Brain and central nervous system,428,Latvia,1,0,1995,4.585877875,5.148005148,0.4396289981,60
23,Brain and central nervous system,428,Latvia,1,0,1996,4.316463403,5.115311254,0.4175070208,59
23,Brain and central nervous system,428,Latvia,1,0,1997,5.069208455,6.296458242,0.5239457753,72
23,Brain and central nervous system,428,Latvia,1,0,1998,6.396206927,7.581100141,0.6495076667,86
23,Brain and central nervous system,428,Latvia,1,0,1999,7.061827972,7.989347537,0.7072493089,90
23,Brain and central nervous system,428,Latvia,1,0,2000,5.462281763,6.499450751,0.5327498586,71
23,Brain and central nervous system,428,Latvia,1,0,2001,7.745281068,8.852136131,0.7276969136,96
23,Brain and central nervous system,428,Latvia,1,0,2002,9.405048283,9.753043646,0.7889732867,105
23,Brain and central nervous system,428,Latvia,1,0,2003,7.727390366,8.779327858,0.7651286554,94
23,Brain and central nervous system,428,Latvia,1,0,2004,7.350609924,8.821097814,0.7535461272,94
23,Brain and central nervous system,428,Latvia,1,0,2005,6.265122065,8.489757108,0.7024814038,90
23,Brain and central nervous system,428,Latvia,1,0,2006,6.844162853,9.011923249,0.7013837754,95
23,Brain and central nervous system,428,Latvia,1,0,2007,7.727569166,10.2004921,0.8328052931,107
23,Brain and central nervous system,428,Latvia,1,0,2008,5.833784498,7.655414483,0.5812465666,80
23,Brain and central nervous system,428,Latvia,1,0,2009,8.75597166,10.9585354,0.8886911994,114
23,Brain and central nervous system,428,Latvia,1,0,2010,10.14543979,12.19251399,0.9285282025,126
23,Brain and central nervous system,428,Latvia,1,0,2011,6.4011592,9.135572965,0.6948420793,86
23,Brain and central nervous system,428,Latvia,1,0,2012,9.789734133,13.10846936,0.9150477553,122
23,Brain and central nervous system,428,Latvia,1,0,2013,8.836986689,11.71604219,0.7796213481,108
23,Brain and central nervous system,428,Latvia,1,0,2014,6.753192274,9.079711112,0.7242956372,83
23,Brain and central nervous system,428,Latvia,1,0,2015,8.166505456,10.90605043,0.7956478338,99
23,Brain and central nervous system,428,Latvia,1,0,2016,9.261731565,12.33345667,0.9541004253,111
23,Brain and central nervous system,428,Latvia,1,0,2017,8.047486887,11.65048109,0.8494926048,104
23,Brain and central nervous system,428,Latvia,1,1,1997,5.307671029,6.47135986,0.5813709805,74
23,Brain and central nervous system,428,Latvia,1,1,1998,5.448492186,6.611424542,0.562398373,75
23,Brain and central nervous system,428,Latvia,1,1,1999,6.60985995,7.81180648,0.7134724974,88
23,Brain and central nervous system,428,Latvia,1,1,2000,5.157231741,6.697702413,0.585439929,73
23,Brain and central nervous system,428,Latvia,1,1,2001,5.764460463,7.351531631,0.6390944069,79
23,Brain and central nervous system,428,Latvia,1,1,2002,5.48155384,7.26047276,0.6023969284,77
23,Brain and central nervous system,428,Latvia,1,1,2003,6.245667568,7.907427838,0.7059566897,83
23,Brain and central nervous system,428,Latvia,1,1,2004,6.044597044,7.512373746,0.6350609657,78
23,Brain and central nervous system,428,Latvia,1,1,2005,4.835767304,6.815411398,0.5906832363,70
23,Brain and central nervous system,428,Latvia,1,1,2006,5.688685633,7.859125181,0.6585066404,80
23,Brain and central nervous system,428,Latvia,1,1,2007,5.866221022,8.016500135,0.599985644,81
23,Brain and central nervous system,428,Latvia,1,1,2008,4.983545104,7.101100671,0.5476838852,71
23,Brain and central nervous system,428,Latvia,1,1,2009,6.340069435,8.861374491,0.7121426067,87
23,Brain and central nervous system,428,Latvia,1,1,2010,7.454586064,9.901660873,0.7284287792,95
23,Brain and central nervous system,428,Latvia,1,1,2011,4.375979971,6.373655557,0.4155730136,60
23,Brain and central nervous system,428,Latvia,1,1,2012,5.682308013,8.380824673,0.5654778131,78
23,Brain and central nervous system,428,Latvia,1,1,2013,5.991373253,9.003995387,0.5779085475,83
23,Brain and central nervous system,428,Latvia,1,1,2014,5.743345868,7.876375904,0.5613749453,72
23,Brain and central nervous system,428,Latvia,1,1,2015,5.747543589,8.151997294,0.6191735782,74
23,Brain and central nervous system,428,Latvia,1,1,2016,5.148690255,8.333416668,0.6245659341,75
23,Brain and central nervous system,428,Latvia,1,1,2017,4.984951097,7.729646105,0.5222547839,69
23,Brain and central nervous system,428,Latvia,1,1,2018,6.407906715,10.25605192,0.7867286915,91
23,Brain and central nervous system,428,Latvia,1,1,2019,5.958985956,9.173974228,0.6664487778,81
23,Brain and central nervous system,428,Latvia,1,1,2020,6.611434181,10.59116344,0.7062511757,93
23,Brain and central nervous system,428,Latvia,1,1,2021,5.590202059,9.058168347,0.5880433044,79
23,Brain and central nervous system,428,Latvia,1,1,2022,5.539781659,9.647532012,0.5991461562,84
23,Brain and central nervous system,428,Latvia,1,1,2023,4.79729761,8.041069187,0.5084998363,70
23,Brain and central nervous system,428,Latvia,2,0,1983,2.585079614,2.989209682,0.2433931335,41
23,Brain and central nervous system,428,Latvia,2,0,1984,3.416258322,4.640707708,0.3645945731,64
23,Brain and central nervous system,428,Latvia,2,0,1985,3.909192186,4.541195127,0.3558910145,63
23,Brain and central nervous system,428,Latvia,2,0,1986,3.264477384,3.721995562,0.3008701616,52
23,Brain and central nervous system,428,Latvia,2,0,1987,2.58835527,3.121895842,0.2713780059,44
23,Brain and central nervous system,428,Latvia,2,0,1988,2.278522587,2.883668589,0.2273910286,41
23,Brain and central nervous system,428,Latvia,2,0,1989,3.23922937,4.059918802,0.3210295868,58
23,Brain and central nervous system,428,Latvia,2,0,1990,3.453441369,4.202857943,0.3351927203,60
23,Brain and central nervous system,428,Latvia,2,0,1991,2.6012633,3.16299993,0.2620043129,45
23,Brain and central nervous system,428,Latvia,2,0,1992,2.605428908,3.197385249,0.2622827342,45
23,Brain and central nervous system,428,Latvia,2,0,1993,3.225159186,4.187423291,0.3468070705,58
23,Brain and central nervous system,428,Latvia,2,0,1994,2.697696037,3.586065574,0.286799508,49
23,Brain and central nervous system,428,Latvia,2,0,1995,3.358339716,4.369399393,0.347290272,59
23,Brain and central nervous system,428,Latvia,2,0,1996,3.354633162,4.48665221,0.3436028146,60
23,Brain and central nervous system,428,Latvia,2,0,1997,3.547911284,5.656108597,0.4106349289,75
23,Brain and central nervous system,428,Latvia,2,0,1998,3.699735816,5.248744865,0.3872902507,69
23,Brain and central nervous system,428,Latvia,2,0,1999,3.812969066,5.209131301,0.3877324064,68
23,Brain and central nervous system,428,Latvia,2,0,2000,5.149338139,6.247071685,0.4755147786,80
23,Brain and central nervous system,428,Latvia,2,0,2001,4.332024644,6.296599757,0.4508357249,80
23,Brain and central nervous system,428,Latvia,2,0,2002,4.907720568,7.131328162,0.5436074986,90
23,Brain and central nervous system,428,Latvia,2,0,2003,6.39647556,8.050085881,0.5930983385,101
23,Brain and central nervous system,428,Latvia,2,0,2004,4.649767226,7.697291195,0.5362933804,96
23,Brain and central nervous system,428,Latvia,2,0,2005,5.269857191,8.626173099,0.6024029329,107
23,Brain and central nervous system,428,Latvia,2,0,2006,6.132537386,8.996676093,0.6056847984,111
23,Brain and central nervous system,428,Latvia,2,0,2007,7.114085459,9.77890706,0.6601095283,120
23,Brain and central nervous system,428,Latvia,2,0,2008,5.030724863,9.172193186,0.5399799641,112
23,Brain and central nervous system,428,Latvia,2,0,2009,7.197196062,10.20955103,0.6585363208,124
23,Brain and central nervous system,428,Latvia,2,0,2010,7.314908881,11.28081175,0.7545343144,136
23,Brain and central nervous system,428,Latvia,2,0,2011,8.332873353,13.0551338,0.8457334425,146
23,Brain and central nervous system,428,Latvia,2,0,2012,7.791510429,12.32304872,0.8085260618,136
23,Brain and central nervous system,428,Latvia,2,0,2013,7.118911766,11.64246806,0.7259922763,127
23,Brain and central nervous system,428,Latvia,2,0,2014,6.0991326,10.65154086,0.6384137326,115
23,Brain and central nervous system,428,Latvia,2,0,2015,6.814051443,11.31080023,0.7492049508,121
23,Brain and central nervous system,428,Latvia,2,0,2016,6.559454259,11.04246536,0.7210426488,117
23,Brain and central nervous system,428,Latvia,2,0,2017,5.772219147,11.43301397,0.6375321672,120
23,Brain and central nervous system,428,Latvia,2,1,1997,3.37687371,5.429864253,0.3919944189,72
23,Brain and central nervous system,428,Latvia,2,1,1998,3.334386723,5.400882398,0.3989775645,71
23,Brain and central nervous system,428,Latvia,2,1,1999,3.681787911,5.515550789,0.3845780374,72
23,Brain and central nervous system,428,Latvia,2,1,2000,3.144633727,4.852757932,0.3406931265,62
23,Brain and central nervous system,428,Latvia,2,1,2001,3.06453073,5.069049965,0.3471744416,64
23,Brain and central nervous system,428,Latvia,2,1,2002,3.924671454,6.081771012,0.4504912008,76
23,Brain and central nervous system,428,Latvia,2,1,2003,4.003400097,6.460423045,0.44987501,80
23,Brain and central nervous system,428,Latvia,2,1,2004,4.182140892,7.511215796,0.5020804112,92
23,Brain and central nervous system,428,Latvia,2,1,2005,4.695187132,8.252765708,0.5442515955,100
23,Brain and central nervous system,428,Latvia,2,1,2006,4.538391159,7.497300972,0.4774581078,90
23,Brain and central nervous system,428,Latvia,2,1,2007,4.951122212,8.067843844,0.4908637673,96
23,Brain and central nervous system,428,Latvia,2,1,2008,3.264706033,6.879115261,0.3607045895,81
23,Brain and central nervous system,428,Latvia,2,1,2009,4.777023394,8.276718281,0.4994376524,96
23,Brain and central nervous system,428,Latvia,2,1,2010,5.014273774,8.434962921,0.5198999477,96
23,Brain and central nervous system,428,Latvia,2,1,2011,4.626655618,8.494778841,0.5358606518,95
23,Brain and central nervous system,428,Latvia,2,1,2012,3.985663199,8.698622627,0.4708706439,96
23,Brain and central nervous system,428,Latvia,2,1,2013,3.32464631,7.608857076,0.4008205068,83
23,Brain and central nervous system,428,Latvia,2,1,2014,4.181896487,8.058122217,0.4248699904,87
23,Brain and central nervous system,428,Latvia,2,1,2015,3.493068174,7.104304274,0.4138728244,76
23,Brain and central nervous system,428,Latvia,2,1,2016,4.988703868,8.588584167,0.5138107992,91
23,Brain and central nervous system,428,Latvia,2,1,2017,3.445351646,7.907834663,0.4452506198,83
23,Brain and central nervous system,428,Latvia,2,1,2018,3.792824972,8.366156876,0.4208333242,87
23,Brain and central nervous system,428,Latvia,2,1,2019,4.37563131,8.92433618,0.4835393148,92
23,Brain and central nervous system,428,Latvia,2,1,2020,4.915320315,10.27036993,0.5402145102,105
23,Brain and central nervous system,428,Latvia,2,1,2021,3.376105087,7.902413101,0.3905293263,80
23,Brain and central nervous system,428,Latvia,2,1,2022,3.216779479,7.931047473,0.3826255077,80
23,Brain and central nervous system,428,Latvia,2,1,2023,3.180409962,8.143694496,0.3521366603,82
23,Brain and central nervous system,440,Lithuania,1,0,1988,4.076739747,4.339727778,0.3728315765,75
23,Brain and central nervous system,440,Lithuania,1,0,1989,3.247105925,3.434154382,0.3025328315,60
23,Brain and central nervous system,440,Lithuania,1,0,1990,5.836568875,6.151417133,0.5596412848,108
23,Brain and central nervous system,440,Lithuania,1,0,1991,5.155072979,5.417656141,0.5106162877,96
23,Brain and central nervous system,440,Lithuania,1,0,1992,5.842674312,6.096827787,0.6520792424,108
23,Brain and central nervous system,440,Lithuania,1,0,1993,5.655212181,5.937117445,0.5582776269,105
23,Brain and central nervous system,440,Lithuania,1,0,1994,6.157131959,6.432779166,0.6125006016,113
23,Brain and central nervous system,440,Lithuania,1,0,1995,6.131508339,6.675853097,0.6467273904,117
23,Brain and central nervous system,440,Lithuania,1,0,1996,6.742005672,7.546992895,0.7020039919,132
23,Brain and central nervous system,440,Lithuania,1,0,1997,6.413392346,7.097662694,0.6370353713,124
23,Brain and central nervous system,440,Lithuania,1,0,1998,7.094945264,8.230131292,0.7869277521,137
23,Brain and central nervous system,440,Lithuania,1,0,1999,6.542957485,7.632020323,0.6800770137,126
23,Brain and central nervous system,440,Lithuania,1,0,2000,6.552324588,7.633023758,0.6873877298,125
23,Brain and central nervous system,440,Lithuania,1,0,2001,6.789748587,7.986685581,0.664210605,130
23,Brain and central nervous system,440,Lithuania,1,0,2002,6.023801969,7.403335573,0.6687153737,120
23,Brain and central nervous system,440,Lithuania,1,0,2003,6.901260093,8.555507887,0.7638627546,138
23,Brain and central nervous system,440,Lithuania,1,0,2004,5.579509555,6.797965101,0.6056354551,109
23,Brain and central nervous system,440,Lithuania,1,0,2005,6.221902622,7.786978414,0.6070858473,124
23,Brain and central nervous system,440,Lithuania,1,0,2006,7.277084093,9.293169141,0.7337155924,147
23,Brain and central nervous system,440,Lithuania,1,0,2007,7.222072269,9.033199553,0.7547463528,142
23,Brain and central nervous system,440,Lithuania,1,0,2008,7.114808558,9.276319157,0.7813244571,145
23,Brain and central nervous system,440,Lithuania,1,0,2009,6.257754587,8.239464589,0.6620423857,128
23,Brain and central nervous system,440,Lithuania,1,0,2010,8.037558698,10.99829134,0.8840705769,168
23,Brain and central nervous system,440,Lithuania,1,0,2011,7.462280053,10.24819994,0.7652924071,143
23,Brain and central nervous system,440,Lithuania,1,0,2012,8.454723022,11.55354487,0.8724119556,159
23,Brain and central nervous system,440,Lithuania,1,0,2013,8.244808396,12.33079109,0.8828197225,168
23,Brain and central nervous system,440,Lithuania,1,0,2014,8.007936081,11.69395008,0.8211705192,158
23,Brain and central nervous system,440,Lithuania,1,0,2015,7.645269819,10.83762105,0.7549246703,145
23,Brain and central nervous system,440,Lithuania,1,0,2016,9.496426007,13.24857275,0.8924784168,175
23,Brain and central nervous system,440,Lithuania,1,0,2017,8.617697233,11.72647424,0.8016177009,153
23,Brain and central nervous system,440,Lithuania,1,1,1994,4.740509993,5.100579959,0.5167994558,88
23,Brain and central nervous system,440,Lithuania,1,1,1995,4.780955145,5.440524537,0.5647071684,93
23,Brain and central nervous system,440,Lithuania,1,1,1996,5.226569434,5.963247502,0.5792158233,101
23,Brain and central nervous system,440,Lithuania,1,1,1997,5.065427269,6.016359733,0.5449150491,101
23,Brain and central nervous system,440,Lithuania,1,1,1998,4.508078457,5.286507691,0.5292148241,88
23,Brain and central nervous system,440,Lithuania,1,1,1999,4.896284947,5.693729447,0.5113940947,94
23,Brain and central nervous system,440,Lithuania,1,1,2000,4.936843681,5.923244521,0.5754409514,97
23,Brain and central nervous system,440,Lithuania,1,1,2001,5.560515245,7.088954669,0.6471838364,115
23,Brain and central nervous system,440,Lithuania,1,1,2002,5.466019514,6.657019173,0.6071625297,107
23,Brain and central nervous system,440,Lithuania,1,1,2003,5.50387949,7.221087081,0.6611627824,115
23,Brain and central nervous system,440,Lithuania,1,1,2004,5.385440452,7.055947305,0.6266151469,111
23,Brain and central nervous system,440,Lithuania,1,1,2005,5.041768742,6.729806052,0.5177871001,104
23,Brain and central nervous system,440,Lithuania,1,1,2006,5.32143952,7.577609548,0.5908801888,115
23,Brain and central nervous system,440,Lithuania,1,1,2007,5.524314794,7.547890699,0.6269373463,113
23,Brain and central nervous system,440,Lithuania,1,1,2008,5.483693769,7.768244228,0.5925993039,115
23,Brain and central nervous system,440,Lithuania,1,1,2009,5.507022186,7.798732501,0.6243479047,114
23,Brain and central nervous system,440,Lithuania,1,1,2010,5.368073559,8.119206754,0.5763751962,116
23,Brain and central nervous system,440,Lithuania,1,1,2011,6.488269825,9.674874065,0.7363212686,135
23,Brain and central nervous system,440,Lithuania,1,1,2012,5.849832868,8.283673678,0.6304320691,114
23,Brain and central nervous system,440,Lithuania,1,1,2013,5.633652026,8.660912787,0.6421290829,118
23,Brain and central nervous system,440,Lithuania,1,1,2014,6.06853916,9.399567472,0.7124877304,127
23,Brain and central nervous system,440,Lithuania,1,1,2015,5.633899474,8.221643551,0.6333577702,110
23,Brain and central nervous system,440,Lithuania,1,1,2016,6.106406373,9.61467851,0.6815057058,127
23,Brain and central nervous system,440,Lithuania,1,1,2017,5.264717026,8.124223983,0.5525795453,106
23,Brain and central nervous system,440,Lithuania,1,1,2018,6.337245279,10.10457853,0.732207803,131
23,Brain and central nervous system,440,Lithuania,1,1,2019,5.435797493,8.923262252,0.619189251,116
23,Brain and central nervous system,440,Lithuania,1,1,2020,5.730303231,9.014680177,0.6097238066,118
23,Brain and central nervous system,440,Lithuania,1,1,2021,5.139874596,8.270905863,0.5378321236,108
23,Brain and central nervous system,440,Lithuania,1,1,2022,5.632381383,10.14223731,0.6489550784,134
23,Brain and central nervous system,440,Lithuania,1,1,2023,5.231176733,8.809196505,0.5727581629,119
23,Brain and central nervous system,440,Lithuania,2,0,1988,2.894044447,3.42598192,0.2862074744,66
23,Brain and central nervous system,440,Lithuania,2,0,1989,3.652650404,4.169680247,0.326981108,81
23,Brain and central nervous system,440,Lithuania,2,0,1990,3.107271808,3.789900223,0.3116451863,74
23,Brain and central nervous system,440,Lithuania,2,0,1991,3.706199508,4.619835747,0.4411121034,91
23,Brain and central nervous system,440,Lithuania,2,0,1992,4.344307934,4.872458328,0.4129795139,96
23,Brain and central nervous system,440,Lithuania,2,0,1993,4.573091194,5.386302024,0.4523245489,106
23,Brain and central nervous system,440,Lithuania,2,0,1994,4.552194322,5.303129968,0.4381297249,104
23,Brain and central nervous system,440,Lithuania,2,0,1995,4.875938385,5.86953304,0.4803749566,115
23,Brain and central nervous system,440,Lithuania,2,0,1996,4.498919487,5.413211914,0.4175784568,106
23,Brain and central nervous system,440,Lithuania,2,0,1997,4.945798461,6.285428996,0.5038459402,123
23,Brain and central nervous system,440,Lithuania,2,0,1998,4.981534146,6.101672973,0.4973267242,115
23,Brain and central nervous system,440,Lithuania,2,0,1999,5.141847208,6.779433015,0.5215531815,127
23,Brain and central nervous system,440,Lithuania,2,0,2000,4.633555533,5.907864173,0.452376398,110
23,Brain and central nervous system,440,Lithuania,2,0,2001,4.467697111,6.419967285,0.4683830467,119
23,Brain and central nervous system,440,Lithuania,2,0,2002,5.210480623,6.817521463,0.5117716715,126
23,Brain and central nervous system,440,Lithuania,2,0,2003,5.614960893,7.712323805,0.5684953522,142
23,Brain and central nervous system,440,Lithuania,2,0,2004,5.547862726,7.641212333,0.5522552353,140
23,Brain and central nervous system,440,Lithuania,2,0,2005,5.3741308,8.013603366,0.557023651,146
23,Brain and central nervous system,440,Lithuania,2,0,2006,5.458904851,8.773502918,0.5636621197,159
23,Brain and central nervous system,440,Lithuania,2,0,2007,5.262315656,8.649180906,0.5622674162,156
23,Brain and central nervous system,440,Lithuania,2,0,2008,6.129747807,10.64070409,0.6677765715,191
23,Brain and central nervous system,440,Lithuania,2,0,2009,6.252530375,10.1906206,0.6600815346,182
23,Brain and central nervous system,440,Lithuania,2,0,2010,6.308473397,10.85652898,0.6472819057,191
23,Brain and central nervous system,440,Lithuania,2,0,2011,6.296184875,11.33059113,0.6664917983,185
23,Brain and central nervous system,440,Lithuania,2,0,2012,5.996869601,10.61075769,0.5680855779,171
23,Brain and central nervous system,440,Lithuania,2,0,2013,6.128521111,12.47456505,0.6169560737,199
23,Brain and central nervous system,440,Lithuania,2,0,2014,6.106092091,11.63642987,0.6544410066,184
23,Brain and central nervous system,440,Lithuania,2,0,2015,6.319164632,11.23181053,0.6457780319,176
23,Brain and central nervous system,440,Lithuania,2,0,2016,6.868471377,11.11589353,0.6499393798,172
23,Brain and central nervous system,440,Lithuania,2,0,2017,6.485429748,13.12626217,0.6004852039,200
23,Brain and central nervous system,440,Lithuania,2,1,1994,3.828822913,4.555200227,0.3866733212,88
23,Brain and central nervous system,440,Lithuania,2,1,1995,2.87422113,3.906819745,0.3236286826,75
23,Brain and central nervous system,440,Lithuania,2,1,1996,3.784170223,5.136494479,0.407687945,98
23,Brain and central nervous system,440,Lithuania,2,1,1997,3.508264333,4.640383464,0.3518524592,88
23,Brain and central nervous system,440,Lithuania,2,1,1998,3.468673374,4.616048249,0.3856693957,87
23,Brain and central nervous system,440,Lithuania,2,1,1999,3.393515405,4.964466696,0.3757552767,93
23,Brain and central nervous system,440,Lithuania,2,1,2000,3.325481024,4.511472029,0.3353053768,84
23,Brain and central nervous system,440,Lithuania,2,1,2001,3.151645454,4.760420994,0.3449036522,88
23,Brain and central nervous system,440,Lithuania,2,1,2002,3.693692877,5.556339375,0.4168128966,102
23,Brain and central nervous system,440,Lithuania,2,1,2003,3.701131113,6.035152017,0.4230103491,110
23,Brain and central nervous system,440,Lithuania,2,1,2004,4.371641284,6.264087267,0.4447263732,113
23,Brain and central nervous system,440,Lithuania,2,1,2005,4.080142527,6.639792388,0.439283612,118
23,Brain and central nervous system,440,Lithuania,2,1,2006,4.863891828,8.332001735,0.5571296635,146
23,Brain and central nervous system,440,Lithuania,2,1,2007,3.914060342,7.207988527,0.4416062907,125
23,Brain and central nervous system,440,Lithuania,2,1,2008,4.85703278,8.615445515,0.5592005066,148
23,Brain and central nervous system,440,Lithuania,2,1,2009,3.59238182,7.348013685,0.4445476676,125
23,Brain and central nervous system,440,Lithuania,2,1,2010,4.171169248,7.191782669,0.4437881414,120
23,Brain and central nervous system,440,Lithuania,2,1,2011,4.444842695,7.962037008,0.4993259987,130
23,Brain and central nervous system,440,Lithuania,2,1,2012,4.07144943,7.880504253,0.4388582336,127
23,Brain and central nervous system,440,Lithuania,2,1,2013,5.000502854,8.901448429,0.5297526052,142
23,Brain and central nervous system,440,Lithuania,2,1,2014,3.373730818,7.083044267,0.3815062536,112
23,Brain and central nervous system,440,Lithuania,2,1,2015,4.341853212,8.232406581,0.4694374002,129
23,Brain and central nervous system,440,Lithuania,2,1,2016,3.494644326,6.333474221,0.3728534611,98
23,Brain and central nervous system,440,Lithuania,2,1,2017,4.024281992,7.678863371,0.4384306396,117
23,Brain and central nervous system,440,Lithuania,2,1,2018,4.703119044,10.43119365,0.4605575681,157
23,Brain and central nervous system,440,Lithuania,2,1,2019,2.56217096,6.826559869,0.286442825,102
23,Brain and central nervous system,440,Lithuania,2,1,2020,4.816240804,10.36402633,0.5550622451,154
23,Brain and central nervous system,440,Lithuania,2,1,2021,3.753244778,7.986167957,0.4185629366,120
23,Brain and central nervous system,440,Lithuania,2,1,2022,4.79612622,9.136465022,0.4667946735,138
23,Brain and central nervous system,440,Lithuania,2,1,2023,3.991860592,8.680070361,0.4228353353,132
23,Brain and central nervous system,442,Luxembourg,1,1,1980,4.336024112,5.614823133,0.5729822915,10
23,Brain and central nervous system,442,Luxembourg,1,1,1981,4.509445161,6.183249016,0.5905348137,11
23,Brain and central nervous system,442,Luxembourg,1,1,1982,8.530603384,10.66816395,1.041290168,19
23,Brain and central nervous system,442,Luxembourg,1,1,1983,6.696686358,9.003939223,0.8164389505,16
23,Brain and central nervous system,442,Luxembourg,1,1,1984,8.471601041,10.68616423,1.049233839,19
23,Brain and central nervous system,442,Luxembourg,1,1,1985,5.390066872,6.745362563,0.5756559261,12
23,Brain and central nervous system,442,Luxembourg,1,1,1986,5.542271492,7.286995516,0.6987747498,13
23,Brain and central nervous system,442,Luxembourg,1,1,1987,4.954590565,6.651884701,0.5812046465,12
23,Brain and central nervous system,442,Luxembourg,1,1,1988,5.830704108,6.586169045,0.4703740656,12
23,Brain and central nervous system,442,Luxembourg,1,1,1989,7.092606323,8.134490239,0.9712560705,15
23,Brain and central nervous system,442,Luxembourg,1,1,1990,5.434497735,7.490636704,0.5428696834,14
23,Brain and central nervous system,442,Luxembourg,1,1,1991,8.839758455,11.57285639,1.081385266,22
23,Brain and central nervous system,442,Luxembourg,1,1,1992,7.379727444,9.345794393,0.7541542124,18
23,Brain and central nervous system,442,Luxembourg,1,1,1993,4.486055894,6.649616368,0.5025092144,13
23,Brain and central nervous system,442,Luxembourg,1,1,1994,6.263687564,8.57286939,0.7370639175,17
23,Brain and central nervous system,442,Luxembourg,1,1,1995,7.704193958,10.93983093,1.029913241,22
23,Brain and central nervous system,442,Luxembourg,1,1,1996,4.463392763,5.885237862,0.4499106126,12
23,Brain and central nervous system,442,Luxembourg,1,1,1997,5.549563325,8.220502901,0.5014054923,17
23,Brain and central nervous system,442,Luxembourg,1,1,1998,5.758309599,8.106007505,0.7554689319,17
23,Brain and central nervous system,442,Luxembourg,1,1,1999,3.773502132,5.165362021,0.3866730495,11
23,Brain and central nervous system,442,Luxembourg,1,1,2000,7.425712571,9.714127116,0.7613971197,21
23,Brain and central nervous system,442,Luxembourg,1,1,2001,3.894144651,5.053242804,0.4568661763,11
23,Brain and central nervous system,442,Luxembourg,1,1,2002,6.701318344,9.094174726,0.6738799023,20
23,Brain and central nervous system,442,Luxembourg,1,1,2003,4.983915059,7.627970421,0.4915367264,17
23,Brain and central nervous system,442,Luxembourg,1,1,2004,8.986983644,10.59892774,0.771821241,24
23,Brain and central nervous system,442,Luxembourg,1,1,2005,8.297915354,10.863189,0.8431546165,25
23,Brain and central nervous system,442,Luxembourg,1,1,2006,5.684026759,7.693853039,0.6972153669,18
23,Brain and central nervous system,442,Luxembourg,1,1,2007,5.549626785,7.993067066,0.6198024441,19
23,Brain and central nervous system,442,Luxembourg,1,1,2008,4.582536619,6.192538404,0.6545975991,15
23,Brain and central nervous system,442,Luxembourg,1,1,2009,4.76543,6.879081926,0.5601566677,17
23,Brain and central nervous system,442,Luxembourg,1,1,2010,3.463788009,5.951955813,0.30029929,15
23,Brain and central nervous system,442,Luxembourg,1,1,2011,3.169062322,5.034310764,0.4193626962,13
23,Brain and central nervous system,442,Luxembourg,1,1,2012,4.938615909,7.543639957,0.5230536492,20
23,Brain and central nervous system,442,Luxembourg,1,1,2013,6.396744066,9.199124243,0.6475900109,25
23,Brain and central nervous system,442,Luxembourg,1,1,2014,4.8490878,7.53920386,0.6245443532,21
23,Brain and central nervous system,442,Luxembourg,1,1,2015,2.139907733,3.501608989,0.2069354833,10
23,Brain and central nervous system,442,Luxembourg,1,1,2016,2.399547699,4.096723645,0.3113165921,12
23,Brain and central nervous system,442,Luxembourg,1,1,2017,3.572557003,5.006491751,0.387943143,15
23,Brain and central nervous system,442,Luxembourg,1,1,2018,5.240924304,7.197775233,0.5225655927,22
23,Brain and central nervous system,442,Luxembourg,1,1,2019,4.876087132,7.69616811,0.5795521135,24
23,Brain and central nervous system,442,Luxembourg,1,1,2020,2.559995219,3.467646855,0.3134291386,11
23,Brain and central nervous system,442,Luxembourg,1,1,2021,4.20226314,6.516396495,0.4191691427,21
23,Brain and central nervous system,442,Luxembourg,1,1,2022,2.342812309,3.95432451,0.2616406651,13
23,Brain and central nervous system,442,Luxembourg,2,1,1980,1.973889177,3.234501348,0.1975798175,6
23,Brain and central nervous system,442,Luxembourg,2,1,1981,6.470306138,8.034279593,0.7561525964,15
23,Brain and central nervous system,442,Luxembourg,2,1,1982,5.162371599,7.462686567,0.6236342696,14
23,Brain and central nervous system,442,Luxembourg,2,1,1983,2.808214756,5.330490405,0.3823800134,10
23,Brain and central nervous system,442,Luxembourg,2,1,1984,2.216871364,3.723404255,0.09005315758,7
23,Brain and central nervous system,442,Luxembourg,2,1,1985,1.848007545,3.189792663,0.252067375,6
23,Brain and central nervous system,442,Luxembourg,2,1,1986,2.559739447,4.769475358,0.3207528596,9
23,Brain and central nervous system,442,Luxembourg,2,1,1987,2.584497456,4.203888597,0.3569036007,8
23,Brain and central nervous system,442,Luxembourg,2,1,1988,2.543197351,4.692387904,0.3842288215,9
23,Brain and central nervous system,442,Luxembourg,2,1,1989,4.61266045,8.277289188,0.5022797178,16
23,Brain and central nervous system,442,Luxembourg,2,1,1990,5.19847144,8.196721311,0.6772236347,16
23,Brain and central nervous system,442,Luxembourg,2,1,1991,4.027319657,7.099391481,0.3940984779,14
23,Brain and central nervous system,442,Luxembourg,2,1,1992,4.885187265,8.004002001,0.5577425212,16
23,Brain and central nervous system,442,Luxembourg,2,1,1993,5.5228165,9.382716049,0.6050345559,19
23,Brain and central nervous system,442,Luxembourg,2,1,1994,4.530157529,6.815968841,0.4098700581,14
23,Brain and central nervous system,442,Luxembourg,2,1,1995,2.539497398,4.316546763,0.2871065513,9
23,Brain and central nervous system,442,Luxembourg,2,1,1996,3.326995746,4.253308129,0.3354613035,9
23,Brain and central nervous system,442,Luxembourg,2,1,1997,4.606483695,7.469654528,0.5110314829,16
23,Brain and central nervous system,442,Luxembourg,2,1,1998,6.6334194,10.61159709,0.7257062114,23
23,Brain and central nervous system,442,Luxembourg,2,1,1999,3.082507932,6.833526191,0.3043958458,15
23,Brain and central nervous system,442,Luxembourg,2,1,2000,4.696670784,9.432691012,0.5943526878,21
23,Brain and central nervous system,442,Luxembourg,2,1,2001,4.118157346,7.139096369,0.5281902881,16
23,Brain and central nervous system,442,Luxembourg,2,1,2002,2.206182462,3.977672001,0.2596962498,9
23,Brain and central nervous system,442,Luxembourg,2,1,2003,2.108372964,3.059761513,0.2145518931,7
23,Brain and central nervous system,442,Luxembourg,2,1,2004,3.000672397,6.474726982,0.2597439619,15
23,Brain and central nervous system,442,Luxembourg,2,1,2005,1.862232116,2.127360839,0.1685339402,5
23,Brain and central nervous system,442,Luxembourg,2,1,2006,3.905746981,7.121999858,0.3699993877,17
23,Brain and central nervous system,442,Luxembourg,2,1,2007,2.538086471,4.127115147,0.3080819836,10
23,Brain and central nervous system,442,Luxembourg,2,1,2008,3.290777921,4.869457948,0.3717906202,12
23,Brain and central nervous system,442,Luxembourg,2,1,2009,2.827730418,5.984034596,0.3471802602,15
23,Brain and central nervous system,442,Luxembourg,2,1,2010,2.760330667,3.530131635,0.2372379921,9
23,Brain and central nervous system,442,Luxembourg,2,1,2011,2.567958997,3.459768657,0.2558428246,9
23,Brain and central nervous system,442,Luxembourg,2,1,2012,3.030343866,4.89021468,0.3023124722,13
23,Brain and central nervous system,442,Luxembourg,2,1,2013,3.637855273,6.259319943,0.4004269897,17
23,Brain and central nervous system,442,Luxembourg,2,1,2014,2.656046027,3.600036,0.2266111907,10
23,Brain and central nervous system,442,Luxembourg,2,1,2015,1.740551585,3.168779773,0.2038663308,9
23,Brain and central nervous system,442,Luxembourg,2,1,2016,2.453908288,4.818597031,0.3246899046,14
23,Brain and central nervous system,442,Luxembourg,2,1,2017,2.006114941,3.370123852,0.2680664435,10
23,Brain and central nervous system,442,Luxembourg,2,1,2018,1.866722362,3.969573221,0.1734482241,12
23,Brain and central nervous system,442,Luxembourg,2,1,2019,1.738597406,3.245056967,0.2328602812,10
23,Brain and central nervous system,442,Luxembourg,2,1,2020,3.055858751,5.108312182,0.2984928223,16
23,Brain and central nervous system,442,Luxembourg,2,1,2021,2.161412505,3.146524192,0.2157963501,10
23,Brain and central nervous system,442,Luxembourg,2,1,2022,2.424327553,4.316338265,0.2685231452,14
23,Brain and central nervous system,470,Malta,1,0,1993,5.05587632,4.990960815,0.6006475281,9
23,Brain and central nervous system,470,Malta,1,0,1994,4.613521709,5.492815397,0.3819216992,10
23,Brain and central nervous system,470,Malta,1,0,1995,4.168026288,5.447038445,0.3053840802,10
23,Brain and central nervous system,470,Malta,1,0,1996,5.187080145,6.492628162,0.5704839981,12
23,Brain and central nervous system,470,Malta,1,0,1997,5.786859719,6.988833994,0.6407070689,13
23,Brain and central nervous system,470,Malta,1,0,1998,5.040881292,5.342051561,0.4803337802,10
23,Brain and central nervous system,470,Malta,1,0,1999,7.672344723,10.08080562,0.8781356788,19
23,Brain and central nervous system,470,Malta,1,0,2000,5.510402022,6.871871316,0.5595858007,13
23,Brain and central nervous system,470,Malta,1,0,2001,5.943224055,6.682086867,0.6388232326,13
23,Brain and central nervous system,470,Malta,1,0,2002,4.555322784,5.608725137,0.486102319,11
23,Brain and central nervous system,470,Malta,1,0,2003,6.309804178,8.607856441,0.6188514917,17
23,Brain and central nervous system,470,Malta,1,0,2004,4.184433878,5.531474088,0.4172732975,11
23,Brain and central nervous system,470,Malta,1,0,2005,5.762634977,7.496102027,0.6807832042,15
23,Brain and central nervous system,470,Malta,1,0,2006,2.014207157,2.478351599,0.1801687371,5
23,Brain and central nervous system,470,Malta,1,0,2007,6.924661475,7.867008226,0.6606815455,16
23,Brain and central nervous system,470,Malta,1,0,2008,4.443765749,6.828768627,0.4434885178,14
23,Brain and central nervous system,470,Malta,1,0,2009,7.46600397,10.18952517,0.9305590831,21
23,Brain and central nervous system,470,Malta,1,0,2010,9.303209788,13.04656658,0.8078517915,27
23,Brain and central nervous system,470,Malta,1,0,2011,6.200612766,8.195733398,0.5866882276,17
23,Brain and central nervous system,470,Malta,1,0,2012,3.120549364,5.746823683,0.3024347983,12
23,Brain and central nervous system,470,Malta,1,0,2013,5.105761136,8.471305805,0.5180683505,18
23,Brain and central nervous system,470,Malta,1,0,2014,5.76042027,8.274454461,0.585116145,18
23,Brain and central nervous system,470,Malta,1,0,2015,6.562712298,9.397360684,0.5808119243,21
23,Brain and central nervous system,470,Malta,1,0,2016,5.538126986,10.04112496,0.4927178043,23
23,Brain and central nervous system,470,Malta,1,0,2017,4.929534481,8.045427022,0.5943966775,19
23,Brain and central nervous system,470,Malta,1,1,1979,1.893223786,1.817917394,0.1904115244,3
23,Brain and central nervous system,470,Malta,1,1,1980,1.067200812,1.202353005,0.1171014066,2
23,Brain and central nervous system,470,Malta,1,1,1981,3.636102809,3.579226171,0.4547085448,6
23,Brain and central nervous system,470,Malta,1,1,1982,3.832829606,3.551861619,0.3481397402,6
23,Brain and central nervous system,470,Malta,1,1,1983,0,0,0,0
23,Brain and central nervous system,470,Malta,1,1,1984,2.652450642,2.914653127,0.2988156894,5
23,Brain and central nervous system,470,Malta,1,1,1985,2.086427281,2.31443979,0.2204519316,4
23,Brain and central nervous system,470,Malta,1,1,1986,4.589285157,4.591170605,0.4587916845,8
23,Brain and central nervous system,470,Malta,1,1,1987,7.255634271,7.392706242,0.9289951596,13
23,Brain and central nervous system,470,Malta,1,1,1988,4.698564965,5.069494318,0.5966389834,9
23,Brain and central nervous system,470,Malta,1,1,1989,1.529197098,1.67335544,0.1486680993,3
23,Brain and central nervous system,470,Malta,1,1,1990,3.981716127,4.418266217,0.4013732172,8
23,Brain and central nervous system,470,Malta,1,1,1991,2.353582698,2.734137899,0.2711614039,5
23,Brain and central nervous system,470,Malta,1,1,1992,5.206537182,5.955958395,0.5458986872,11
23,Brain and central nervous system,470,Malta,1,1,1993,4.309729415,5.362088426,0.7040755579,10
23,Brain and central nervous system,470,Malta,1,1,1994,4.086073006,4.250537294,0.3199083933,8
23,Brain and central nervous system,470,Malta,1,1,1995,1.700023259,2.633623471,0.1052516195,5
23,Brain and central nervous system,470,Malta,1,1,1996,4.33405697,5.222204815,0.3815724521,10
23,Brain and central nervous system,470,Malta,1,1,1997,3.679852717,4.142609326,0.4733774329,8
23,Brain and central nervous system,470,Malta,1,1,1998,3.716812715,4.620977183,0.3813048765,9
23,Brain and central nervous system,470,Malta,1,1,1999,7.575715062,10.18166638,0.9075806294,20
23,Brain and central nervous system,470,Malta,1,1,2000,5.72102613,7.575183698,0.6797009569,15
23,Brain and central nervous system,470,Malta,1,1,2001,4.297807256,5.513383739,0.5175527575,11
23,Brain and central nervous system,470,Malta,1,1,2002,5.091590684,6.965520673,0.53990538,14
23,Brain and central nervous system,470,Malta,1,1,2003,5.856041094,7.904708736,0.5528380867,16
23,Brain and central nervous system,470,Malta,1,1,2004,2.341079347,2.944163931,0.1649649476,6
23,Brain and central nervous system,470,Malta,1,1,2005,3.854761807,5.361355351,0.5400037589,11
23,Brain and central nervous system,470,Malta,1,1,2006,2.236717107,2.908329456,0.2675286784,6
23,Brain and central nervous system,470,Malta,1,1,2007,2.764497913,3.861013178,0.3091570168,8
23,Brain and central nervous system,470,Malta,1,1,2008,2.027136899,3.363234086,0.3043022087,7
23,Brain and central nervous system,470,Malta,1,1,2009,4.946046738,7.651731443,0.5954753273,16
23,Brain and central nervous system,470,Malta,1,1,2010,5.935070325,9.043850776,0.7130277692,19
23,Brain and central nervous system,470,Malta,1,1,2011,3.992958041,6.630640188,0.4376550876,14
23,Brain and central nervous system,470,Malta,1,1,2012,6.011638634,9.886563454,0.6378734084,21
23,Brain and central nervous system,470,Malta,1,1,2013,4.158954027,7.95040816,0.3755746749,17
23,Brain and central nervous system,470,Malta,1,1,2014,3.381751035,6.436663234,0.3705777623,14
23,Brain and central nervous system,470,Malta,1,1,2015,4.253478695,7.160919283,0.459149426,16
23,Brain and central nervous system,470,Malta,1,1,2016,2.778521081,5.676459287,0.2713085277,13
23,Brain and central nervous system,470,Malta,1,1,2017,4.011664983,7.200033883,0.3992850781,17
23,Brain and central nervous system,470,Malta,1,1,2018,4.900721009,8.123526342,0.6100563937,20
23,Brain and central nervous system,470,Malta,1,1,2019,3.727296077,5.023504203,0.4200814471,13
23,Brain and central nervous system,470,Malta,1,1,2020,9.772289099,11.92470295,0.9452356638,32
23,Brain and central nervous system,470,Malta,1,1,2021,4.012262333,5.876875779,0.3541830505,16
23,Brain and central nervous system,470,Malta,2,0,1993,5.324006132,5.966295852,0.5045105987,11
23,Brain and central nervous system,470,Malta,2,0,1994,1.265522205,2.151393565,0.08656238104,4
23,Brain and central nervous system,470,Malta,2,0,1995,3.32767557,3.738577311,0.2149310483,7
23,Brain and central nervous system,470,Malta,2,0,1996,4.191626449,5.843169335,0.3651182281,11
23,Brain and central nervous system,470,Malta,2,0,1997,3.977077357,4.755312741,0.4186785217,9
23,Brain and central nervous system,470,Malta,2,0,1998,3.202532341,5.253232051,0.2899372118,10
23,Brain and central nervous system,470,Malta,2,0,1999,2.818439677,3.654131256,0.3401023512,7
23,Brain and central nervous system,470,Malta,2,0,2000,2.453489838,2.601104949,0.2244940256,5
23,Brain and central nervous system,470,Malta,2,0,2001,4.098864829,6.548359636,0.4192300365,13
23,Brain and central nervous system,470,Malta,2,0,2002,4.331942214,6.003211718,0.581853323,12
23,Brain and central nervous system,470,Malta,2,0,2003,4.656014957,5.966082819,0.5474238207,12
23,Brain and central nervous system,470,Malta,2,0,2004,5.253299893,4.939515631,0.3759020591,10
23,Brain and central nervous system,470,Malta,2,0,2005,6.66078564,7.374449989,0.5422991669,15
23,Brain and central nervous system,470,Malta,2,0,2006,2.634462329,4.885054664,0.2789309073,10
23,Brain and central nervous system,470,Malta,2,0,2007,4.872462973,5.347307631,0.4338295135,11
23,Brain and central nervous system,470,Malta,2,0,2008,2.892669431,4.348120163,0.2508227074,9
23,Brain and central nervous system,470,Malta,2,0,2009,2.920335493,5.772089063,0.2278340636,12
23,Brain and central nervous system,470,Malta,2,0,2010,5.452281735,8.132259237,0.4885276446,17
23,Brain and central nervous system,470,Malta,2,0,2011,5.031180522,7.149461884,0.4671365049,15
23,Brain and central nervous system,470,Malta,2,0,2012,2.915354156,6.644644417,0.2804981332,14
23,Brain and central nervous system,470,Malta,2,0,2013,4.0995165,7.024543756,0.382558413,15
23,Brain and central nervous system,470,Malta,2,0,2014,3.463930325,6.910245129,0.3588758059,15
23,Brain and central nervous system,470,Malta,2,0,2015,5.428201389,7.670164863,0.5881379503,17
23,Brain and central nervous system,470,Malta,2,0,2016,3.700000117,6.626846681,0.4547660474,15
23,Brain and central nervous system,470,Malta,2,0,2017,5.213035085,7.76206678,0.4945056962,18
23,Brain and central nervous system,470,Malta,2,1,1979,0.5371771342,0.5683529699,0.04475474326,1
23,Brain and central nervous system,470,Malta,2,1,1980,3.100618766,3.398730574,0.3746711895,6
23,Brain and central nervous system,470,Malta,2,1,1981,2.921523908,3.387572127,0.3838711596,6
23,Brain and central nervous system,470,Malta,2,1,1982,0,0,0,0
23,Brain and central nervous system,470,Malta,2,1,1983,0.979477301,1.121393668,0.0339190011,2
23,Brain and central nervous system,470,Malta,2,1,1984,3.818195069,3.910527139,0.3796700285,7
23,Brain and central nervous system,470,Malta,2,1,1985,2.783054786,2.781826881,0.2674892613,5
23,Brain and central nervous system,470,Malta,2,1,1986,4.717013692,5.530086435,0.6019911143,10
23,Brain and central nervous system,470,Malta,2,1,1987,2.474631578,3.29251529,0.1974609351,6
23,Brain and central nervous system,470,Malta,2,1,1988,1.620945219,2.177564014,0.3158814009,4
23,Brain and central nervous system,470,Malta,2,1,1989,1.874751491,2.159349172,0.2308553017,4
23,Brain and central nervous system,470,Malta,2,1,1990,3.45290661,4.281704011,0.3353778289,8
23,Brain and central nervous system,470,Malta,2,1,1991,1.959721564,2.122483199,0.1120155149,4
23,Brain and central nervous system,470,Malta,2,1,1992,3.312202151,5.260237079,0.2805973473,10
23,Brain and central nervous system,470,Malta,2,1,1993,3.434193698,3.651110329,0.3000533533,7
23,Brain and central nervous system,470,Malta,2,1,1994,1.764498326,2.587422539,0.2106888088,5
23,Brain and central nervous system,470,Malta,2,1,1995,3.895830468,4.622567374,0.3042868232,9
23,Brain and central nervous system,470,Malta,2,1,1996,2.999370749,4.078844056,0.3106942455,8
23,Brain and central nervous system,470,Malta,2,1,1997,3.277886674,3.543155636,0.3427701965,7
23,Brain and central nervous system,470,Malta,2,1,1998,2.311782482,2.512430249,0.2498520284,5
23,Brain and central nervous system,470,Malta,2,1,1999,2.949501701,4.489740942,0.4153228147,9
23,Brain and central nervous system,470,Malta,2,1,2000,2.28759807,3.46740638,0.2181592028,7
23,Brain and central nervous system,470,Malta,2,1,2001,2.084410716,3.443695577,0.2206801257,7
23,Brain and central nervous system,470,Malta,2,1,2002,2.279542109,2.932916859,0.291551471,6
23,Brain and central nervous system,470,Malta,2,1,2003,3.777685606,4.858720553,0.4935049669,10
23,Brain and central nervous system,470,Malta,2,1,2004,3.756715823,4.347731571,0.3623898971,9
23,Brain and central nervous system,470,Malta,2,1,2005,4.333075228,5.284713965,0.4182756064,11
23,Brain and central nervous system,470,Malta,2,1,2006,1.412670356,2.868747624,0.1645093636,6
23,Brain and central nervous system,470,Malta,2,1,2007,1.513027021,1.904789116,0.1589389041,4
23,Brain and central nervous system,470,Malta,2,1,2008,3.595809797,5.691627616,0.3727360038,12
23,Brain and central nervous system,470,Malta,2,1,2009,2.000362292,3.306698663,0.2181844956,7
23,Brain and central nervous system,470,Malta,2,1,2010,4.321666309,7.527180177,0.3461472039,16
23,Brain and central nervous system,470,Malta,2,1,2011,2.675429731,4.215703496,0.2551191078,9
23,Brain and central nervous system,470,Malta,2,1,2012,3.297290401,6.069065971,0.3515154756,13
23,Brain and central nervous system,470,Malta,2,1,2013,1.621323018,3.727396833,0.1338973273,8
23,Brain and central nervous system,470,Malta,2,1,2014,2.397495387,5.069579985,0.2858864466,11
23,Brain and central nervous system,470,Malta,2,1,2015,1.182663151,2.256872742,0.1803200356,5
23,Brain and central nervous system,470,Malta,2,1,2016,2.159637848,4.419830897,0.3072647952,10
23,Brain and central nervous system,470,Malta,2,1,2017,2.58668418,4.314203436,0.280907271,10
23,Brain and central nervous system,470,Malta,2,1,2018,4.291807909,7.971169538,0.4681544374,19
23,Brain and central nervous system,470,Malta,2,1,2019,2.529608254,5.301102629,0.2583117686,13
23,Brain and central nervous system,470,Malta,2,1,2020,2.285062532,4.002305328,0.2968168615,10
23,Brain and central nervous system,470,Malta,2,1,2021,2.314485927,5.552845238,0.2300762578,14
23,Brain and central nervous system,474,"France, Martinique",1,0,1993,1.567958039,1.71549146,0.1588101647,3
23,Brain and central nervous system,474,"France, Martinique",1,0,1994,1.967249996,1.708146149,0.1380283901,3
23,Brain and central nervous system,474,"France, Martinique",1,0,1995,1.112577763,1.133041764,0.102386206,2
23,Brain and central nervous system,474,"France, Martinique",1,0,1996,6.39177306,6.195891561,0.626137957,11
23,Brain and central nervous system,474,"France, Martinique",1,0,1997,2.948923723,2.798032424,0.2958621141,5
23,Brain and central nervous system,474,"France, Martinique",1,0,1998,2.748672156,2.777746914,0.2366838641,5
23,Brain and central nervous system,474,"France, Martinique",1,0,1999,3.875454326,4.417936824,0.4209507437,8
23,Brain and central nervous system,474,"France, Martinique",1,0,2000,2.805019681,3.848268279,0.4619853548,7
23,Brain and central nervous system,474,"France, Martinique",1,0,2001,2.283400123,2.736157778,0.2939662351,5
23,Brain and central nervous system,474,"France, Martinique",1,0,2002,2.874132679,3.81602403,0.3269060744,7
23,Brain and central nervous system,474,"France, Martinique",1,0,2003,3.938164831,3.804058387,0.3444211836,7
23,Brain and central nervous system,474,"France, Martinique",1,0,2004,2.566699193,3.250834381,0.2857670314,6
23,Brain and central nervous system,474,"France, Martinique",1,0,2005,1.921443097,2.159617316,0.2225171594,4
23,Brain and central nervous system,474,"France, Martinique",1,0,2006,2.415397375,3.226205391,0.2476465345,6
23,Brain and central nervous system,474,"France, Martinique",1,0,2007,4.01458527,6.464124111,0.6395393181,12
23,Brain and central nervous system,474,"France, Martinique",1,0,2008,2.91446027,3.797866684,0.2630417124,7
23,Brain and central nervous system,474,"France, Martinique",1,0,2009,3.507514114,4.358319214,0.3729875805,8
23,Brain and central nervous system,474,"France, Martinique",1,0,2010,5.568515427,7.689519185,0.603277453,14
23,Brain and central nervous system,474,"France, Martinique",1,0,2011,3.705523191,4.982064568,0.4350411903,9
23,Brain and central nervous system,474,"France, Martinique",1,0,2012,3.025583727,4.468400034,0.395988802,8
23,Brain and central nervous system,474,"France, Martinique",1,0,2013,1.951252379,3.93862497,0.2699505196,7
23,Brain and central nervous system,474,"France, Martinique",1,0,2014,3.626169099,6.787675843,0.3976285491,12
23,Brain and central nervous system,474,"France, Martinique",1,0,2015,1.842401089,3.432828135,0.238333695,6
23,Brain and central nervous system,474,"France, Martinique",1,0,2016,3.309035755,4.061314241,0.233409752,7
23,Brain and central nervous system,474,"France, Martinique",1,0,2017,3.186328348,5.880139242,0.3996485407,10
23,Brain and central nervous system,474,"France, Martinique",2,0,1993,2.500114618,2.637617704,0.2662888878,5
23,Brain and central nervous system,474,"France, Martinique",2,0,1994,1.099497544,1.046227565,0.09513362962,2
23,Brain and central nervous system,474,"France, Martinique",2,0,1995,0.9329808739,1.036785137,0.07771818992,2
23,Brain and central nervous system,474,"France, Martinique",2,0,1996,1.599969687,1.540056879,0.1310596879,3
23,Brain and central nervous system,474,"France, Martinique",2,0,1997,0.4151100042,0.508021662,0.06916107339,1
23,Brain and central nervous system,474,"France, Martinique",2,0,1998,1.300169431,1.507280163,0.1357313408,3
23,Brain and central nervous system,474,"France, Martinique",2,0,1999,1.970694501,2.485954358,0.2859814866,5
23,Brain and central nervous system,474,"France, Martinique",2,0,2000,1.995995395,2.461247656,0.1316293523,5
23,Brain and central nervous system,474,"France, Martinique",2,0,2001,1.944904318,2.436920318,0.2370981584,5
23,Brain and central nervous system,474,"France, Martinique",2,0,2002,2.61520563,3.863912985,0.2621185614,8
23,Brain and central nervous system,474,"France, Martinique",2,0,2003,2.376446999,2.395324327,0.2935561973,5
23,Brain and central nervous system,474,"France, Martinique",2,0,2004,2.326865199,3.327945232,0.2696813819,7
23,Brain and central nervous system,474,"France, Martinique",2,0,2005,2.388884729,2.362602832,0.2286204667,5
23,Brain and central nervous system,474,"France, Martinique",2,0,2006,1.383823742,2.81846281,0.1403550198,6
23,Brain and central nervous system,474,"France, Martinique",2,0,2007,1.677621128,1.868259669,0.2225337669,4
23,Brain and central nervous system,474,"France, Martinique",2,0,2008,2.859722293,4.218202952,0.3411400554,9
23,Brain and central nervous system,474,"France, Martinique",2,0,2009,2.808700444,3.289010008,0.2798388003,7
23,Brain and central nervous system,474,"France, Martinique",2,0,2010,1.050088437,2.357456399,0.1296036225,5
23,Brain and central nervous system,474,"France, Martinique",2,0,2011,2.177387877,2.835217178,0.2687397041,6
23,Brain and central nervous system,474,"France, Martinique",2,0,2012,1.52461202,2.388789887,0.1689618302,5
23,Brain and central nervous system,474,"France, Martinique",2,0,2013,2.051688357,2.898550725,0.2149605091,6
23,Brain and central nervous system,474,"France, Martinique",2,0,2014,2.58373146,3.404586464,0.1988367735,7
23,Brain and central nervous system,474,"France, Martinique",2,0,2015,4.277888986,4.414014988,0.3609914632,9
23,Brain and central nervous system,474,"France, Martinique",2,0,2016,1.684703082,2.967681944,0.2086868482,6
23,Brain and central nervous system,474,"France, Martinique",2,0,2017,0.5302549901,0.998711662,0.07660277139,2
23,Brain and central nervous system,48,Bahrain,1,0,1998,2.710079545,2.609916639,0.2023429122,5
23,Brain and central nervous system,48,Bahrain,1,0,1999,3.849101016,2.548549875,0.5656583428,5
23,Brain and central nervous system,48,Bahrain,1,0,2000,3.250992569,2.488763234,0.3839165816,5
23,Brain and central nervous system,48,Bahrain,1,0,2001,2.1384053,1.943804609,0.1777268515,4
23,Brain and central nervous system,48,Bahrain,1,0,2002,6.530571897,4.743540484,0.8547144325,10
23,Brain and central nervous system,48,Bahrain,1,0,2003,4.519130127,3.243037893,0.4860868554,7
23,Brain and central nervous system,48,Bahrain,1,0,2004,4.175909879,3.167148526,0.3984441332,7
23,Brain and central nervous system,48,Bahrain,1,0,2005,3.181815598,2.210550516,0.2544310157,5
23,Brain and central nervous system,48,Bahrain,1,0,2006,2.635006015,2.159901854,0.2462870904,5
23,Brain and central nervous system,48,Bahrain,1,0,2007,6.071296244,4.87951355,0.7177791226,13
23,Brain and central nervous system,48,Bahrain,1,0,2008,5.094198645,4.416977389,0.3690019226,12
23,Brain and central nervous system,48,Bahrain,1,0,2009,5.436536939,3.90055707,0.5673884187,11
23,Brain and central nervous system,48,Bahrain,1,0,2010,4.180147764,3.481421395,0.4267569746,10
23,Brain and central nervous system,48,Bahrain,1,0,2011,3.97718541,3.717748531,0.3665371036,11
23,Brain and central nervous system,48,Bahrain,1,0,2012,3.982400832,3.274887508,0.4282463592,10
23,Brain and central nervous system,48,Bahrain,1,0,2013,3.369134266,3.19544968,0.2184991828,10
23,Brain and central nervous system,48,Bahrain,1,0,2014,5.24039733,4.6752421,0.4985919185,15
23,Brain and central nervous system,48,Bahrain,1,0,2015,2.341884631,2.128390602,0.2805889032,7
23,Brain and central nervous system,48,Bahrain,1,0,2016,2.677044359,2.078175006,0.34625561,7
23,Brain and central nervous system,48,Bahrain,1,0,2017,3.57647742,3.203821285,0.3448161364,11
23,Brain and central nervous system,48,Bahrain,2,0,1998,0,0,0,0
23,Brain and central nervous system,48,Bahrain,2,0,1999,1.791243538,1.558247283,0.2949052906,3
23,Brain and central nervous system,48,Bahrain,2,0,2000,0.5127766858,0.5067961362,0.02136341294,1
23,Brain and central nervous system,48,Bahrain,2,0,2001,0.461219156,0.4945965329,0.03842754439,1
23,Brain and central nervous system,48,Bahrain,2,0,2002,3.156413981,2.414001207,0.3726085966,5
23,Brain and central nervous system,48,Bahrain,2,0,2003,2.611599173,1.918106445,0.3184368996,4
23,Brain and central nervous system,48,Bahrain,2,0,2004,2.176721211,1.841722379,0.2757557945,4
23,Brain and central nervous system,48,Bahrain,2,0,2005,2.043268672,1.349509453,0.3752347903,3
23,Brain and central nervous system,48,Bahrain,2,0,2006,4.203481717,3.516174402,0.3578817209,8
23,Brain and central nervous system,48,Bahrain,2,0,2007,0.8594757198,0.3831212119,0.1073767748,1
23,Brain and central nervous system,48,Bahrain,2,0,2008,2.824919245,2.631193171,0.3557971713,7
23,Brain and central nervous system,48,Bahrain,2,0,2009,1.49518365,1.449275362,0.05846817442,4
23,Brain and central nervous system,48,Bahrain,2,0,2010,4.088126438,3.201024328,0.4074431858,9
23,Brain and central nervous system,48,Bahrain,2,0,2011,4.045532764,3.462483986,0.3881598078,10
23,Brain and central nervous system,48,Bahrain,2,0,2012,1.779600313,1.359272789,0.2405029669,4
23,Brain and central nervous system,48,Bahrain,2,0,2013,2.979614897,2.650015734,0.245211711,8
23,Brain and central nervous system,48,Bahrain,2,0,2014,3.015150081,2.581436247,0.2969530937,8
23,Brain and central nervous system,48,Bahrain,2,0,2015,2.259811821,1.881184394,0.2099628117,6
23,Brain and central nervous system,48,Bahrain,2,0,2016,1.514401725,1.524980709,0.08969609944,5
23,Brain and central nervous system,48,Bahrain,2,0,2017,0.8698522505,0.897757402,0.07471295868,3
23,Brain and central nervous system,480,Mauritius,1,1,1970,0.7937459023,0.4728042968,0.01342876708,2
23,Brain and central nervous system,480,Mauritius,1,1,1971,0.823636302,0.4655585597,0.1146211223,2
23,Brain and central nervous system,480,Mauritius,1,1,1972,0.1696496734,0.2295146683,0.009424537719,1
23,Brain and central nervous system,480,Mauritius,1,1,1973,1.438414131,1.359177335,0.118289032,6
23,Brain and central nervous system,480,Mauritius,1,1,1974,1.288612909,1.118248018,0.1155496347,5
23,Brain and central nervous system,480,Mauritius,1,1,1975,1.256834475,0.8832683579,0.1603243989,4
23,Brain and central nervous system,480,Mauritius,1,1,1976,1.819583552,1.526156691,0.2114498754,7
23,Brain and central nervous system,480,Mauritius,1,1,1977,1.613929245,1.721581531,0.1064318243,8
23,Brain and central nervous system,480,Mauritius,1,1,1978,0.9869533023,0.8489748099,0.09007486418,4
23,Brain and central nervous system,480,Mauritius,1,1,1979,1.631644472,1.463949715,0.08162776595,7
23,Brain and central nervous system,480,Mauritius,1,1,1980,0.3195228459,0.2059462871,0.02662335918,1
23,Brain and central nervous system,480,Mauritius,1,1,1981,0,0,0,0
23,Brain and central nervous system,480,Mauritius,1,1,1982,1.681703739,0.5994628813,0.03477144004,3
23,Brain and central nervous system,480,Mauritius,1,1,1983,1.435653494,1.37923289,0.1169183376,7
23,Brain and central nervous system,480,Mauritius,1,1,1984,1.366327877,1.359908536,0.1107676285,7
23,Brain and central nervous system,480,Mauritius,1,1,1985,1.961561952,2.10729786,0.1456884696,11
23,Brain and central nervous system,480,Mauritius,1,1,1986,1.673609301,1.512203006,0.169955674,8
23,Brain and central nervous system,480,Mauritius,1,1,1987,2.832336108,2.425956993,0.2635202674,13
23,Brain and central nervous system,480,Mauritius,1,1,1988,1.899860643,1.474322825,0.1570975309,8
23,Brain and central nervous system,480,Mauritius,1,1,1989,2.045383432,1.821931685,0.1737711427,10
23,Brain and central nervous system,480,Mauritius,1,1,1990,0.2643125231,0.1801865111,0.02642775956,1
23,Brain and central nervous system,480,Mauritius,1,1,1991,0.2532714225,0.1780626781,0.02110372473,1
23,Brain and central nervous system,480,Mauritius,1,1,1992,0,0,0,0
23,Brain and central nervous system,480,Mauritius,1,1,1993,0.49073875,0.3474970224,0.09354830202,2
23,Brain and central nervous system,480,Mauritius,1,1,1994,0.5327346856,0.5152536551,0.02195273628,3
23,Brain and central nervous system,480,Mauritius,1,1,1995,0.143063222,0.1699332078,0.01192122453,1
23,Brain and central nervous system,480,Mauritius,1,1,1996,2.312303729,1.85087033,0.2914374538,11
23,Brain and central nervous system,480,Mauritius,1,1,1997,3.0779739,2.834112714,0.3432734605,17
23,Brain and central nervous system,480,Mauritius,1,1,1998,2.557622091,2.645437034,0.2290214343,16
23,Brain and central nervous system,480,Mauritius,1,1,1999,3.696376072,2.951693083,0.4341297594,18
23,Brain and central nervous system,480,Mauritius,1,1,2000,1.138788067,1.1385298,0.124939413,7
23,Brain and central nervous system,480,Mauritius,1,1,2001,0.6232850707,0.484609998,0.09895805815,3
23,Brain and central nervous system,480,Mauritius,1,1,2002,0.4422292729,0.481664633,0.03443811574,3
23,Brain and central nervous system,480,Mauritius,1,1,2003,2.410666006,2.234672541,0.2428682397,14
23,Brain and central nervous system,480,Mauritius,1,1,2004,1.59821554,1.587369617,0.2075345538,10
23,Brain and central nervous system,480,Mauritius,1,1,2005,0.8929034928,0.9474115532,0.1266254251,6
23,Brain and central nervous system,480,Mauritius,1,1,2006,1.380141262,1.414637252,0.1167855833,9
23,Brain and central nervous system,480,Mauritius,1,1,2007,1.864267223,1.878856058,0.1757057018,12
23,Brain and central nervous system,480,Mauritius,1,1,2008,1.694591001,1.560511567,0.1627565622,10
23,Brain and central nervous system,480,Mauritius,1,1,2009,1.179990013,1.089502642,0.06957063517,7
23,Brain and central nervous system,480,Mauritius,1,1,2010,1.225051445,1.242568856,0.1413776021,8
23,Brain and central nervous system,480,Mauritius,1,1,2011,1.583280703,1.70523997,0.2038000722,11
23,Brain and central nervous system,480,Mauritius,1,1,2012,0.6490334563,0.618857836,0.08930963246,4
23,Brain and central nervous system,480,Mauritius,1,1,2013,1.634009391,1.853500838,0.1477730148,12
23,Brain and central nervous system,480,Mauritius,1,1,2014,1.040900218,1.234406933,0.1132241016,8
23,Brain and central nervous system,480,Mauritius,1,1,2015,1.180856509,1.542398213,0.09680276755,10
23,Brain and central nervous system,480,Mauritius,1,1,2016,1.288080171,1.542728964,0.1575654958,10
23,Brain and central nervous system,480,Mauritius,1,1,2017,1.088698728,1.38952361,0.1486223306,9
23,Brain and central nervous system,480,Mauritius,1,1,2018,1.887859533,2.319018035,0.1890797712,15
23,Brain and central nervous system,480,Mauritius,1,1,2019,1.367514254,2.01397856,0.1910614855,13
23,Brain and central nervous system,480,Mauritius,1,1,2020,2.274072124,3.106663405,0.2341040066,20
23,Brain and central nervous system,480,Mauritius,1,1,2021,2.115055814,3.117172973,0.2709025238,20
23,Brain and central nervous system,480,Mauritius,1,1,2022,3.524642554,4.225358725,0.3537102796,27
23,Brain and central nervous system,480,Mauritius,1,1,2023,2.956188918,4.241418393,0.3409826843,27
23,Brain and central nervous system,480,Mauritius,2,1,1970,0.3166185143,0.2471042471,0.01978669932,1
23,Brain and central nervous system,480,Mauritius,2,1,1971,1.000520842,0.9720180309,0.08199509586,4
23,Brain and central nervous system,480,Mauritius,2,1,1972,0.6035688808,0.4785816753,0.05028475971,2
23,Brain and central nervous system,480,Mauritius,2,1,1973,0.3262243608,0.2360154921,0.04076973199,1
23,Brain and central nervous system,480,Mauritius,2,1,1974,2.065978748,1.863346804,0.2590216129,8
23,Brain and central nervous system,480,Mauritius,2,1,1975,0.910930373,0.9192031887,0.06540820894,4
23,Brain and central nervous system,480,Mauritius,2,1,1976,0.2846367324,0.2266630552,0.02371691479,1
23,Brain and central nervous system,480,Mauritius,2,1,1977,1.632299585,1.340907973,0.1705396113,6
23,Brain and central nervous system,480,Mauritius,2,1,1978,0.9347954339,0.8808244517,0.09697225954,4
23,Brain and central nervous system,480,Mauritius,2,1,1979,0.9707833056,0.8672490967,0.1009753368,4
23,Brain and central nervous system,480,Mauritius,2,1,1980,0.283712089,0.2133777159,0.02836718465,1
23,Brain and central nervous system,480,Mauritius,2,1,1981,0,0,0,0
23,Brain and central nervous system,480,Mauritius,2,1,1982,0.9688731715,0.8278805327,0.07169877734,4
23,Brain and central nervous system,480,Mauritius,2,1,1983,1.254319316,1.224894761,0.09572091267,6
23,Brain and central nervous system,480,Mauritius,2,1,1984,0.3192824124,0.4028217665,0.01995315986,2
23,Brain and central nervous system,480,Mauritius,2,1,1985,0.5057290401,0.5963408525,0.03864112999,3
23,Brain and central nervous system,480,Mauritius,2,1,1986,0.8869588905,0.9817116929,0.103461225,5
23,Brain and central nervous system,480,Mauritius,2,1,1987,2.651399449,2.329009463,0.2105212768,12
23,Brain and central nervous system,480,Mauritius,2,1,1988,1.865207985,1.727541718,0.2378533377,9
23,Brain and central nervous system,480,Mauritius,2,1,1989,1.382388047,1.138273694,0.1005856317,6
23,Brain and central nervous system,480,Mauritius,2,1,1990,0.7046020695,0.7490033574,0.02994874614,4
23,Brain and central nervous system,480,Mauritius,2,1,1991,0,0,0,0
23,Brain and central nervous system,480,Mauritius,2,1,1992,0.5329738876,0.5463246917,0.04440462886,3
23,Brain and central nervous system,480,Mauritius,2,1,1993,0.500562769,0.5387456923,0.05092500438,3
23,Brain and central nervous system,480,Mauritius,2,1,1994,0.9986409387,0.886037031,0.09753042799,5
23,Brain and central nervous system,480,Mauritius,2,1,1995,0.6493822072,0.5250685214,0.1123614262,3
23,Brain and central nervous system,480,Mauritius,2,1,1996,1.199787809,1.037940173,0.1372407879,6
23,Brain and central nervous system,480,Mauritius,2,1,1997,2.823739106,2.395359163,0.3060354876,14
23,Brain and central nervous system,480,Mauritius,2,1,1998,2.057180138,1.694081135,0.2359733364,10
23,Brain and central nervous system,480,Mauritius,2,1,1999,2.997755393,2.852004456,0.3675085339,17
23,Brain and central nervous system,480,Mauritius,2,1,2000,0.7441930002,0.8308401206,0.07994517058,5
23,Brain and central nervous system,480,Mauritius,2,1,2001,0.8864453662,0.9888808588,0.1034884715,6
23,Brain and central nervous system,480,Mauritius,2,1,2002,0.9412157552,0.9816023185,0.09499017137,6
23,Brain and central nervous system,480,Mauritius,2,1,2003,1.739380458,1.786849922,0.1800185885,11
23,Brain and central nervous system,480,Mauritius,2,1,2004,1.232911514,1.129348293,0.1764586771,7
23,Brain and central nervous system,480,Mauritius,2,1,2005,0.8997618178,0.9616763943,0.1089933628,6
23,Brain and central nervous system,480,Mauritius,2,1,2006,1.112284634,1.274748038,0.09095483325,8
23,Brain and central nervous system,480,Mauritius,2,1,2007,0.5865044411,0.4755624318,0.05860660805,3
23,Brain and central nervous system,480,Mauritius,2,1,2008,0.7225863406,0.7888681241,0.08212320783,5
23,Brain and central nervous system,480,Mauritius,2,1,2009,1.394957641,1.728263551,0.1073800275,11
23,Brain and central nervous system,480,Mauritius,2,1,2010,0.3331005761,0.4695702806,0.02121454089,3
23,Brain and central nervous system,480,Mauritius,2,1,2011,0.5776688189,0.7797921542,0.05269592221,5
23,Brain and central nervous system,480,Mauritius,2,1,2012,0.8327633731,0.9333901664,0.04788411093,6
23,Brain and central nervous system,480,Mauritius,2,1,2013,0.6593537888,0.9323140034,0.07365705817,6
23,Brain and central nervous system,480,Mauritius,2,1,2014,1.092843504,1.397689154,0.1591212293,9
23,Brain and central nervous system,480,Mauritius,2,1,2015,1.504648997,1.708248277,0.0862521033,11
23,Brain and central nervous system,480,Mauritius,2,1,2016,0.893484662,1.243005183,0.1122260356,8
23,Brain and central nervous system,480,Mauritius,2,1,2017,0.9266559566,1.39979563,0.1250830486,9
23,Brain and central nervous system,480,Mauritius,2,1,2018,1.42125881,1.869135587,0.173303266,12
23,Brain and central nervous system,480,Mauritius,2,1,2019,0.660670507,0.9363566208,0.08101256713,6
23,Brain and central nervous system,480,Mauritius,2,1,2020,2.201901677,3.284095361,0.2647044852,21
23,Brain and central nervous system,480,Mauritius,2,1,2021,1.885336563,3.291450926,0.2440834193,21
23,Brain and central nervous system,480,Mauritius,2,1,2022,1.901578682,2.668213184,0.1670870929,17
23,Brain and central nervous system,480,Mauritius,2,1,2023,2.603806785,3.296659307,0.2707471523,21
23,Brain and central nervous system,484,Mexico,1,1,1998,2.017640681,1.540921531,0.2216464172,720
23,Brain and central nervous system,484,Mexico,1,1,1999,2.130815888,1.62903731,0.2363333397,773
23,Brain and central nervous system,484,Mexico,1,1,2000,2.179937153,1.713045487,0.2341191428,825
23,Brain and central nervous system,484,Mexico,1,1,2001,2.28051637,1.782485449,0.257908861,871
23,Brain and central nervous system,484,Mexico,1,1,2002,2.283359287,1.845763596,0.2511705492,915
23,Brain and central nervous system,484,Mexico,1,1,2003,2.305572518,1.891698246,0.2525550847,951
23,Brain and central nervous system,484,Mexico,1,1,2004,2.441019777,2.019025677,0.2628813445,1029
23,Brain and central nervous system,484,Mexico,1,1,2005,2.258506001,1.902835914,0.2472726701,983
23,Brain and central nervous system,484,Mexico,1,1,2006,2.326383674,1.978304171,0.2557170963,1036
23,Brain and central nervous system,484,Mexico,1,1,2007,2.229172008,1.925872363,0.2389425532,1023
23,Brain and central nervous system,484,Mexico,1,1,2008,2.1117675,1.825231099,0.2324355739,984
23,Brain and central nervous system,484,Mexico,1,1,2009,2.199706703,1.937320871,0.2345701332,1060
23,Brain and central nervous system,484,Mexico,1,1,2010,2.258176028,2.010332859,0.2436420137,1116
23,Brain and central nervous system,484,Mexico,1,1,2011,2.198933009,1.973179167,0.2295772314,1111
23,Brain and central nervous system,484,Mexico,1,1,2012,2.233596483,2.027465623,0.2381031205,1157
23,Brain and central nervous system,484,Mexico,1,1,2013,2.188487789,2.015701467,0.2337667372,1165
23,Brain and central nervous system,484,Mexico,1,1,2014,2.193775358,2.029880925,0.2337620284,1187
23,Brain and central nervous system,484,Mexico,1,1,2015,2.345879243,2.209392452,0.2532380961,1305
23,Brain and central nervous system,484,Mexico,1,1,2016,2.22577361,2.121049539,0.2394248632,1264
23,Brain and central nervous system,484,Mexico,1,1,2017,2.193405859,2.121205693,0.2252661221,1275
23,Brain and central nervous system,484,Mexico,1,1,2018,2.22079895,2.16520044,0.237941486,1313
23,Brain and central nervous system,484,Mexico,1,1,2019,2.172344485,2.150871931,0.2287678771,1316
23,Brain and central nervous system,484,Mexico,1,1,2020,2.083769221,2.086460743,0.2152415895,1286
23,Brain and central nervous system,484,Mexico,1,1,2021,2.097800597,2.113592086,0.2255194436,1310
23,Brain and central nervous system,484,Mexico,1,1,2022,2.014324551,2.054430502,0.2105355525,1282
23,Brain and central nervous system,484,Mexico,2,1,1998,1.439700158,1.15864991,0.1522311304,566
23,Brain and central nervous system,484,Mexico,2,1,1999,1.47726992,1.202069045,0.1581685693,597
23,Brain and central nervous system,484,Mexico,2,1,2000,1.479727992,1.200815366,0.1649124499,606
23,Brain and central nervous system,484,Mexico,2,1,2001,1.534021839,1.278429303,0.1636413011,655
23,Brain and central nervous system,484,Mexico,2,1,2002,1.572135129,1.333316787,0.1640289583,693
23,Brain and central nervous system,484,Mexico,2,1,2003,1.573765419,1.33760286,0.1719357239,705
23,Brain and central nervous system,484,Mexico,2,1,2004,1.715204673,1.501058756,0.1818074568,802
23,Brain and central nervous system,484,Mexico,2,1,2005,1.687729464,1.497642685,0.1759387887,811
23,Brain and central nervous system,484,Mexico,2,1,2006,1.637243299,1.473975469,0.169023862,809
23,Brain and central nervous system,484,Mexico,2,1,2007,1.598830743,1.451786277,0.1718927045,808
23,Brain and central nervous system,484,Mexico,2,1,2008,1.699379633,1.549678994,0.1802015838,875
23,Brain and central nervous system,484,Mexico,2,1,2009,1.542471174,1.436676644,0.1662999041,823
23,Brain and central nervous system,484,Mexico,2,1,2010,1.622603996,1.509188497,0.1693238999,877
23,Brain and central nervous system,484,Mexico,2,1,2011,1.618639365,1.525320602,0.1711128717,899
23,Brain and central nervous system,484,Mexico,2,1,2012,1.662061416,1.584887119,0.1824261036,947
23,Brain and central nervous system,484,Mexico,2,1,2013,1.533247377,1.499653593,0.158031006,908
23,Brain and central nervous system,484,Mexico,2,1,2014,1.683056266,1.649052726,0.1806594244,1011
23,Brain and central nervous system,484,Mexico,2,1,2015,1.747742873,1.748209611,0.1807210933,1084
23,Brain and central nervous system,484,Mexico,2,1,2016,1.572237602,1.603939812,0.1622400201,1005
23,Brain and central nervous system,484,Mexico,2,1,2017,1.641576657,1.693717363,0.1666546978,1072
23,Brain and central nervous system,484,Mexico,2,1,2018,1.574206165,1.640788558,0.164335108,1049
23,Brain and central nervous system,484,Mexico,2,1,2019,1.572427228,1.683222914,0.1598909964,1087
23,Brain and central nervous system,484,Mexico,2,1,2020,1.594463768,1.72949371,0.1605836226,1127
23,Brain and central nervous system,484,Mexico,2,1,2021,1.484982728,1.609603298,0.1555059753,1057
23,Brain and central nervous system,484,Mexico,2,1,2022,1.56582376,1.727799245,0.1630975129,1144
23,Brain and central nervous system,498,Moldova,1,1,1992,4.290490586,4.152090095,0.4275724295,86
23,Brain and central nervous system,498,Moldova,1,1,1993,3.52250863,3.529349198,0.3423129853,73
23,Brain and central nervous system,498,Moldova,1,1,1994,3.590655678,3.588426839,0.3207198253,74
23,Brain and central nervous system,498,Moldova,1,1,1995,3.831748576,3.84876966,0.4074913249,79
23,Brain and central nervous system,498,Moldova,1,1,1996,3.437093367,3.57904016,0.342714652,73
23,Brain and central nervous system,498,Moldova,1,1,1997,2.916271195,3.014191406,0.304099463,61
23,Brain and central nervous system,498,Moldova,1,1,1998,3.099212098,3.191368943,0.2838791862,64
23,Brain and central nervous system,498,Moldova,1,1,1999,2.652046594,2.871423692,0.2799269969,57
23,Brain and central nervous system,498,Moldova,1,1,2000,2.891753039,2.903431856,0.2931519643,57
23,Brain and central nervous system,498,Moldova,1,1,2001,2.962497901,3.092053526,0.302650495,60
23,Brain and central nervous system,498,Moldova,1,1,2002,2.907482772,3.129851269,0.3007311407,60
23,Brain and central nervous system,498,Moldova,1,1,2003,3.000139776,3.274933867,0.2994632572,62
23,Brain and central nervous system,498,Moldova,1,1,2004,3.013365744,3.049387234,0.2845570209,57
23,Brain and central nervous system,498,Moldova,1,1,2005,3.782670594,4.231819047,0.3542773222,78
23,Brain and central nervous system,498,Moldova,1,1,2006,3.806663623,4.244147624,0.4055007679,77
23,Brain and central nervous system,498,Moldova,1,1,2007,3.265026793,3.587840137,0.3497819291,64
23,Brain and central nervous system,498,Moldova,1,1,2008,4.146351801,4.62307921,0.4402579009,81
23,Brain and central nervous system,498,Moldova,1,1,2009,3.71869724,4.245731295,0.3919370353,73
23,Brain and central nervous system,498,Moldova,1,1,2010,4.044646839,4.389156884,0.4318541268,74
23,Brain and central nervous system,498,Moldova,1,1,2011,4.189783742,5.084081016,0.4308047153,84
23,Brain and central nervous system,498,Moldova,1,1,2012,4.447628359,5.31352911,0.488655807,86
23,Brain and central nervous system,498,Moldova,1,1,2013,5.388392451,6.560831207,0.6201888506,104
23,Brain and central nervous system,498,Moldova,1,1,2014,4.993610373,6.114086276,0.5594410995,95
23,Brain and central nervous system,498,Moldova,1,1,2015,4.96406574,6.095534726,0.5823142138,93
23,Brain and central nervous system,498,Moldova,1,1,2016,4.643984263,5.730689575,0.490819779,86
23,Brain and central nervous system,498,Moldova,1,1,2017,5.41684344,7.441593638,0.6013220742,110
23,Brain and central nervous system,498,Moldova,1,1,2018,4.671685858,6.309758384,0.5384460652,92
23,Brain and central nervous system,498,Moldova,1,1,2019,4.55844082,6.335212083,0.5347958914,91
23,Brain and central nervous system,498,Moldova,1,1,2020,4.864145425,6.785550453,0.566206941,96
23,Brain and central nervous system,498,Moldova,1,1,2021,5.523363825,7.608754949,0.6179774838,106
23,Brain and central nervous system,498,Moldova,2,1,1992,2.379599695,2.47435063,0.2107870104,59
23,Brain and central nervous system,498,Moldova,2,1,1993,2.954841309,3.067394438,0.2493745027,73
23,Brain and central nervous system,498,Moldova,2,1,1994,1.760499132,1.981223899,0.1645035995,47
23,Brain and central nervous system,498,Moldova,2,1,1995,2.178781724,2.28657762,0.1925957789,54
23,Brain and central nervous system,498,Moldova,2,1,1996,3.183839388,3.407156477,0.2946925287,80
23,Brain and central nervous system,498,Moldova,2,1,1997,2.716709938,2.787568815,0.2492351574,65
23,Brain and central nervous system,498,Moldova,2,1,1998,1.861133608,1.945270464,0.1616601592,45
23,Brain and central nervous system,498,Moldova,2,1,1999,2.001017622,2.093202456,0.1801632496,48
23,Brain and central nervous system,498,Moldova,2,1,2000,2.291003257,2.465035019,0.2286598898,56
23,Brain and central nervous system,498,Moldova,2,1,2001,1.666419487,1.689406974,0.1484175575,38
23,Brain and central nervous system,498,Moldova,2,1,2002,2.329603609,2.650603709,0.2334738168,59
23,Brain and central nervous system,498,Moldova,2,1,2003,2.207822359,2.679076999,0.2269920918,59
23,Brain and central nervous system,498,Moldova,2,1,2004,1.970585954,2.204421518,0.2086780758,48
23,Brain and central nervous system,498,Moldova,2,1,2005,2.072167394,2.423683113,0.2088859431,52
23,Brain and central nervous system,498,Moldova,2,1,2006,2.039042496,2.467904194,0.2131136934,52
23,Brain and central nervous system,498,Moldova,2,1,2007,1.892795664,2.418269738,0.193068386,50
23,Brain and central nervous system,498,Moldova,2,1,2008,2.536744374,2.959416048,0.2673207097,60
23,Brain and central nervous system,498,Moldova,2,1,2009,2.30838567,2.868881544,0.2455354643,57
23,Brain and central nervous system,498,Moldova,2,1,2010,2.724703843,3.442926302,0.2977723559,67
23,Brain and central nervous system,498,Moldova,2,1,2011,2.946033649,3.831918411,0.3098586945,73
23,Brain and central nervous system,498,Moldova,2,1,2012,2.302291688,3.16503569,0.2608672286,59
23,Brain and central nervous system,498,Moldova,2,1,2013,3.1170575,3.728949259,0.3094938394,68
23,Brain and central nervous system,498,Moldova,2,1,2014,3.363026341,4.471974416,0.3544241933,80
23,Brain and central nervous system,498,Moldova,2,1,2015,3.370555414,4.768782189,0.3773660018,84
23,Brain and central nervous system,498,Moldova,2,1,2016,3.418199199,4.37508779,0.3619600415,76
23,Brain and central nervous system,498,Moldova,2,1,2017,3.155334867,4.89703403,0.3700917058,84
23,Brain and central nervous system,498,Moldova,2,1,2018,3.373281073,4.894693327,0.3955266781,83
23,Brain and central nervous system,498,Moldova,2,1,2019,2.689551636,4.301013606,0.3301089861,72
23,Brain and central nervous system,498,Moldova,2,1,2020,2.60501113,4.357461972,0.3094263564,72
23,Brain and central nervous system,498,Moldova,2,1,2021,2.787647095,4.660718119,0.3082900217,76
23,Brain and central nervous system,51,Armenia,1,1,2007,5.385459143,5.951964021,0.622784241,82
23,Brain and central nervous system,51,Armenia,1,1,2008,5.915600411,7.089067926,0.7059530443,97
23,Brain and central nervous system,51,Armenia,1,1,2009,6.313931687,6.704128749,0.631197585,91
23,Brain and central nervous system,51,Armenia,1,1,2010,6.892966804,7.651265709,0.7904060526,103
23,Brain and central nervous system,51,Armenia,1,1,2011,6.399517671,7.383998502,0.7774084814,99
23,Brain and central nervous system,51,Armenia,1,1,2012,6.725203131,7.529556304,0.6811002065,101
23,Brain and central nervous system,51,Armenia,1,1,2013,6.409777329,7.747150874,0.763664513,104
23,Brain and central nervous system,51,Armenia,1,1,2014,6.801657769,7.815753656,0.7928597232,105
23,Brain and central nervous system,51,Armenia,1,1,2015,8.074553342,9.45051576,0.9266909564,127
23,Brain and central nervous system,51,Armenia,1,1,2016,6.760280459,8.335606399,0.7644361099,112
23,Brain and central nervous system,51,Armenia,1,1,2017,5.41451787,6.703171643,0.6809645528,90
23,Brain and central nervous system,51,Armenia,1,1,2018,5.09301186,6.409246008,0.599883822,86
23,Brain and central nervous system,51,Armenia,1,1,2019,5.869464896,7.605776214,0.6568733484,102
23,Brain and central nervous system,51,Armenia,1,1,2020,5.760232927,7.108463936,0.6756646936,95
23,Brain and central nervous system,51,Armenia,1,1,2021,5.718796237,7.380540677,0.6599562024,98
23,Brain and central nervous system,51,Armenia,1,1,2022,5.413805776,7.196730885,0.6471788265,96
23,Brain and central nervous system,51,Armenia,2,1,2007,4.573469126,5.760359647,0.494514563,92
23,Brain and central nervous system,51,Armenia,2,1,2008,4.178969878,5.403075732,0.475984772,86
23,Brain and central nervous system,51,Armenia,2,1,2009,5.075017781,6.170725073,0.5918181356,98
23,Brain and central nervous system,51,Armenia,2,1,2010,3.377801661,4.732173194,0.3805618281,75
23,Brain and central nervous system,51,Armenia,2,1,2011,4.012497702,5.307944508,0.4450817094,84
23,Brain and central nervous system,51,Armenia,2,1,2012,5.221123939,6.830484452,0.5666804842,108
23,Brain and central nervous system,51,Armenia,2,1,2013,4.529461675,6.138894708,0.5042914582,97
23,Brain and central nervous system,51,Armenia,2,1,2014,5.509529515,7.599835717,0.5844400558,120
23,Brain and central nervous system,51,Armenia,2,1,2015,4.657855031,6.529999483,0.4842236439,103
23,Brain and central nervous system,51,Armenia,2,1,2016,3.714810685,5.840680211,0.4336889878,92
23,Brain and central nervous system,51,Armenia,2,1,2017,4.273445182,6.67804903,0.501824252,105
23,Brain and central nervous system,51,Armenia,2,1,2018,3.866270282,6.121851631,0.4622917015,96
23,Brain and central nervous system,51,Armenia,2,1,2019,3.742927656,6.078500312,0.3624024825,95
23,Brain and central nervous system,51,Armenia,2,1,2020,3.296146811,5.85413239,0.3763046082,91
23,Brain and central nervous system,51,Armenia,2,1,2021,4.266384518,6.612502492,0.4966201876,102
23,Brain and central nervous system,51,Armenia,2,1,2022,3.572193194,6.20581789,0.3730128219,96
23,Brain and central nervous system,528,The Netherlands,1,0,1989,5.628434794,6.350910136,0.5594235404,466
23,Brain and central nervous system,528,The Netherlands,1,0,1990,5.707528933,6.631489996,0.5753929446,490
23,Brain and central nervous system,528,The Netherlands,1,0,1991,6.205577928,7.194673365,0.626913146,536
23,Brain and central nervous system,528,The Netherlands,1,0,1992,5.986910242,6.673025354,0.5929074024,501
23,Brain and central nervous system,528,The Netherlands,1,0,1993,6.105253488,7.261354397,0.630869271,549
23,Brain and central nervous system,528,The Netherlands,1,0,1994,5.935144458,7.125317106,0.6318288278,542
23,Brain and central nervous system,528,The Netherlands,1,0,1995,6.031377244,7.390566315,0.6274183484,565
23,Brain and central nervous system,528,The Netherlands,1,0,1996,5.988528022,7.435340211,0.6446370677,571
23,Brain and central nervous system,528,The Netherlands,1,0,1997,6.068471061,7.540390647,0.6465889008,582
23,Brain and central nervous system,528,The Netherlands,1,0,1998,5.866080326,7.351931962,0.6361333048,571
23,Brain and central nervous system,528,The Netherlands,1,0,1999,5.912437803,7.442656061,0.604373887,582
23,Brain and central nervous system,528,The Netherlands,1,0,2000,5.944744924,7.489135359,0.6261454243,590
23,Brain and central nervous system,528,The Netherlands,1,0,2001,5.768932671,7.429883622,0.6291669332,590
23,Brain and central nervous system,528,The Netherlands,1,0,2002,6.229422543,8.10636958,0.6191827253,648
23,Brain and central nervous system,528,The Netherlands,1,0,2003,5.686960998,7.384174307,0.5817336149,593
23,Brain and central nervous system,528,The Netherlands,1,0,2004,6.44049498,8.205123622,0.6325986783,661
23,Brain and central nervous system,528,The Netherlands,1,0,2005,6.127185681,8.263449166,0.6512976498,667
23,Brain and central nervous system,528,The Netherlands,1,0,2006,6.707601819,8.870519367,0.6925086278,717
23,Brain and central nervous system,528,The Netherlands,1,0,2007,6.07210979,8.382420078,0.6389801014,679
23,Brain and central nervous system,528,The Netherlands,1,0,2008,6.164819582,8.59331703,0.6361264067,699
23,Brain and central nervous system,528,The Netherlands,1,0,2009,6.439322783,9.046531077,0.6791572497,740
23,Brain and central nervous system,528,The Netherlands,1,0,2010,6.328865184,9.132392328,0.6687672167,751
23,Brain and central nervous system,528,The Netherlands,1,0,2011,6.295238664,9.040113051,0.6359547316,747
23,Brain and central nervous system,528,The Netherlands,1,0,2012,6.029859281,8.872709054,0.6536378795,736
23,Brain and central nervous system,528,The Netherlands,1,0,2013,6.344109547,9.313945584,0.6575674986,775
23,Brain and central nervous system,528,The Netherlands,1,0,2014,6.488519865,9.181734406,0.6441361246,764
23,Brain and central nervous system,528,The Netherlands,1,0,2015,6.277790402,8.921976305,0.623625164,749
23,Brain and central nervous system,528,The Netherlands,1,0,2016,5.837214325,9.092926153,0.6359581249,768
23,Brain and central nervous system,528,The Netherlands,1,0,2017,6.240000611,9.680769851,0.6561109914,823
23,Brain and central nervous system,528,The Netherlands,1,1,1956,3.760436522,3.852250525,0.3715289214,209
23,Brain and central nervous system,528,The Netherlands,1,1,1957,3.819734479,3.985949074,0.3814029725,219
23,Brain and central nervous system,528,The Netherlands,1,1,1958,3.746848581,3.803509276,0.360512271,212
23,Brain and central nervous system,528,The Netherlands,1,1,1959,3.301248581,3.396847301,0.3136148044,192
23,Brain and central nervous system,528,The Netherlands,1,1,1960,3.653999299,3.775959723,0.370783655,216
23,Brain and central nervous system,528,The Netherlands,1,1,1961,3.439219642,3.536616924,0.3350126254,205
23,Brain and central nervous system,528,The Netherlands,1,1,1962,2.819143731,2.907619323,0.276310358,171
23,Brain and central nervous system,528,The Netherlands,1,1,1963,3.350196261,3.42144103,0.3318861262,204
23,Brain and central nervous system,528,The Netherlands,1,1,1964,3.06423289,3.159113463,0.3140692171,191
23,Brain and central nervous system,528,The Netherlands,1,1,1965,3.058158688,3.162493479,0.3193686261,194
23,Brain and central nervous system,528,The Netherlands,1,1,1966,3.250537519,3.376042956,0.3415767879,210
23,Brain and central nervous system,528,The Netherlands,1,1,1967,3.26288993,3.322892984,0.3191901332,209
23,Brain and central nervous system,528,The Netherlands,1,1,1968,3.809016425,3.921259843,0.3811625274,249
23,Brain and central nervous system,528,The Netherlands,1,1,1969,3.578277595,3.626967202,0.3550549009,233
23,Brain and central nervous system,528,The Netherlands,1,1,1970,3.12712346,3.211678832,0.3176029892,209
23,Brain and central nervous system,528,The Netherlands,1,1,1971,3.286483069,3.355093366,0.3352773518,221
23,Brain and central nervous system,528,The Netherlands,1,1,1972,3.302290628,3.428829235,0.3432835522,228
23,Brain and central nervous system,528,The Netherlands,1,1,1973,3.289083278,3.388666627,0.3402379511,227
23,Brain and central nervous system,528,The Netherlands,1,1,1974,3.99711821,4.179697342,0.4228489767,282
23,Brain and central nervous system,528,The Netherlands,1,1,1975,3.796959226,3.938685831,0.3789965383,268
23,Brain and central nervous system,528,The Netherlands,1,1,1976,3.989339259,4.18715259,0.4218238305,287
23,Brain and central nervous system,528,The Netherlands,1,1,1977,4.148012388,4.412575841,0.4480834741,304
23,Brain and central nervous system,528,The Netherlands,1,1,1978,5.149197127,5.414146081,0.5338530429,375
23,Brain and central nervous system,528,The Netherlands,1,1,1979,4.188577562,4.576757532,0.4720799347,319
23,Brain and central nervous system,528,The Netherlands,1,1,1980,4.245082231,4.671566114,0.4886418161,328
23,Brain and central nervous system,528,The Netherlands,1,1,1981,4.595445158,5.039066923,0.4992923322,356
23,Brain and central nervous system,528,The Netherlands,1,1,1982,4.401673374,4.934999013,0.4698420028,350
23,Brain and central nervous system,528,The Netherlands,1,1,1983,5.020853018,5.637406512,0.5592972275,401
23,Brain and central nervous system,528,The Netherlands,1,1,1984,4.517281879,5.296417212,0.5089901888,378
23,Brain and central nervous system,528,The Netherlands,1,1,1985,5.109241483,5.957945555,0.6094660834,427
23,Brain and central nervous system,528,The Netherlands,1,1,1986,4.898958872,5.788290164,0.5737467701,417
23,Brain and central nervous system,528,The Netherlands,1,1,1987,5.01793938,5.94548364,0.5613656489,431
23,Brain and central nervous system,528,The Netherlands,1,1,1988,4.667443411,5.579087333,0.5436461837,407
23,Brain and central nervous system,528,The Netherlands,1,1,1989,3.542096761,4.224757076,0.3697480783,310
23,Brain and central nervous system,528,The Netherlands,1,1,1990,3.959752589,4.709767354,0.4488135445,348
23,Brain and central nervous system,528,The Netherlands,1,1,1991,3.660114467,4.537034551,0.3926524696,338
23,Brain and central nervous system,528,The Netherlands,1,1,1992,3.431449785,4.248971056,0.3779574262,319
23,Brain and central nervous system,528,The Netherlands,1,1,1993,3.958213198,4.814432717,0.4182896839,364
23,Brain and central nervous system,528,The Netherlands,1,1,1994,4.07654692,5.087553242,0.4615092698,387
23,Brain and central nervous system,528,The Netherlands,1,1,1995,4.325531733,5.493858651,0.4779624828,420
23,Brain and central nervous system,528,The Netherlands,1,1,1996,4.605098848,5.781475839,0.5086806525,444
23,Brain and central nervous system,528,The Netherlands,1,1,1997,4.168387479,5.558002747,0.4756182785,429
23,Brain and central nervous system,528,The Netherlands,1,1,1998,4.896875367,6.450449986,0.5526443862,501
23,Brain and central nervous system,528,The Netherlands,1,1,1999,4.651341535,6.227701121,0.516471609,487
23,Brain and central nervous system,528,The Netherlands,1,1,2000,4.650755063,6.029377156,0.5113274376,475
23,Brain and central nervous system,528,The Netherlands,1,1,2001,4.081264233,5.427584065,0.4572765956,431
23,Brain and central nervous system,528,The Netherlands,1,1,2002,3.604818273,4.928866696,0.3895049995,394
23,Brain and central nervous system,528,The Netherlands,1,1,2003,3.461191967,4.706938301,0.365083381,378
23,Brain and central nervous system,528,The Netherlands,1,1,2004,3.920206306,5.412151136,0.4105207178,436
23,Brain and central nervous system,528,The Netherlands,1,1,2005,4.5759339,6.30593185,0.5076570994,509
23,Brain and central nervous system,528,The Netherlands,1,1,2006,4.59488424,6.66828982,0.5057154899,539
23,Brain and central nervous system,528,The Netherlands,1,1,2007,4.34938074,6.419513742,0.4908301728,520
23,Brain and central nervous system,528,The Netherlands,1,1,2008,4.803873571,7.204112294,0.545928281,586
23,Brain and central nervous system,528,The Netherlands,1,1,2009,4.696159124,7.041615581,0.5210805993,576
23,Brain and central nervous system,528,The Netherlands,1,1,2010,4.386180101,6.736804012,0.4829610847,554
23,Brain and central nervous system,528,The Netherlands,1,1,2011,4.572033556,7.164309443,0.5077261646,592
23,Brain and central nervous system,528,The Netherlands,1,1,2012,4.660846046,7.305507147,0.5336443341,606
23,Brain and central nervous system,528,The Netherlands,1,1,2013,3.497765802,5.720557038,0.4282696137,476
23,Brain and central nervous system,528,The Netherlands,1,1,2014,3.535668144,5.889655156,0.3875005729,492
23,Brain and central nervous system,528,The Netherlands,1,1,2015,4.276634192,7.147110524,0.4714968699,600
23,Brain and central nervous system,528,The Netherlands,1,1,2016,4.204398195,7.032810072,0.4824781807,594
23,Brain and central nervous system,528,The Netherlands,1,1,2017,4.223773179,7.351736357,0.4697316458,625
23,Brain and central nervous system,528,The Netherlands,1,1,2018,4.034272931,6.967084075,0.4597795191,599
23,Brain and central nervous system,528,The Netherlands,1,1,2019,3.854757902,7.224632581,0.4446480449,626
23,Brain and central nervous system,528,The Netherlands,1,1,2020,3.674734495,6.891193623,0.4201905744,600
23,Brain and central nervous system,528,The Netherlands,1,1,2021,3.613259284,6.491739147,0.4033142533,566
23,Brain and central nervous system,528,The Netherlands,1,1,2022,3.655949893,7.015411848,0.4055761927,617
23,Brain and central nervous system,528,The Netherlands,1,1,2023,3.61851824,6.933186146,0.417831159,616
23,Brain and central nervous system,528,The Netherlands,2,0,1989,3.980300148,4.661971129,0.3816697249,350
23,Brain and central nervous system,528,The Netherlands,2,0,1990,4.131957715,4.984375495,0.403680956,379
23,Brain and central nervous system,528,The Netherlands,2,0,1991,3.786295503,4.658645232,0.3794869507,359
23,Brain and central nervous system,528,The Netherlands,2,0,1992,3.86197644,4.846331761,0.3791701953,374
23,Brain and central nervous system,528,The Netherlands,2,0,1993,4.381242129,5.433526879,0.4435562464,420
23,Brain and central nervous system,528,The Netherlands,2,0,1994,3.912786385,5.041056966,0.3950711097,392
23,Brain and central nervous system,528,The Netherlands,2,0,1995,4.145826012,5.221321317,0.4199743472,408
23,Brain and central nervous system,528,The Netherlands,2,0,1996,4.009668838,5.069452131,0.4031535238,398
23,Brain and central nervous system,528,The Netherlands,2,0,1997,4.184058464,5.309035941,0.4071609736,419
23,Brain and central nervous system,528,The Netherlands,2,0,1998,3.781626356,4.835948629,0.3813376864,384
23,Brain and central nervous system,528,The Netherlands,2,0,1999,4.27564812,5.605403609,0.4394477523,448
23,Brain and central nervous system,528,The Netherlands,2,0,2000,4.331592092,5.691263612,0.4447421887,458
23,Brain and central nervous system,528,The Netherlands,2,0,2001,4.275285156,5.860389002,0.442567794,475
23,Brain and central nervous system,528,The Netherlands,2,0,2002,4.355432155,5.959383491,0.4411357297,486
23,Brain and central nervous system,528,The Netherlands,2,0,2003,4.141082251,5.88191937,0.4326166746,482
23,Brain and central nervous system,528,The Netherlands,2,0,2004,4.008055426,5.567827198,0.4130915407,458
23,Brain and central nervous system,528,The Netherlands,2,0,2005,3.957850779,5.795225583,0.4252074751,478
23,Brain and central nervous system,528,The Netherlands,2,0,2006,3.991241696,5.603200916,0.4017018886,463
23,Brain and central nervous system,528,The Netherlands,2,0,2007,4.596417572,6.303285098,0.4517388298,522
23,Brain and central nervous system,528,The Netherlands,2,0,2008,4.619826127,6.449010943,0.4489934356,536
23,Brain and central nervous system,528,The Netherlands,2,0,2009,4.165627273,6.275111674,0.4336319116,524
23,Brain and central nervous system,528,The Netherlands,2,0,2010,4.656678767,6.482433677,0.4538419572,544
23,Brain and central nervous system,528,The Netherlands,2,0,2011,4.59833471,6.631164432,0.4798458521,559
23,Brain and central nervous system,528,The Netherlands,2,0,2012,4.419719939,6.288526088,0.4274567508,532
23,Brain and central nervous system,528,The Netherlands,2,0,2013,4.151436881,6.270949332,0.4299840422,532
23,Brain and central nervous system,528,The Netherlands,2,0,2014,4.095112138,6.094127512,0.4252956621,517
23,Brain and central nervous system,528,The Netherlands,2,0,2015,4.179250274,6.249319772,0.4158907371,534
23,Brain and central nervous system,528,The Netherlands,2,0,2016,4.171979157,6.465365851,0.4202163988,555
23,Brain and central nervous system,528,The Netherlands,2,0,2017,4.184465254,6.626429258,0.4400636002,572
23,Brain and central nervous system,528,The Netherlands,2,1,1956,2.754259473,2.909743064,0.2529795915,159
23,Brain and central nervous system,528,The Netherlands,2,1,1957,2.477057587,2.548806941,0.2220863527,141
23,Brain and central nervous system,528,The Netherlands,2,1,1958,2.615940453,2.725863636,0.2466842838,153
23,Brain and central nervous system,528,The Netherlands,2,1,1959,2.653998542,2.809235361,0.2623133149,160
23,Brain and central nervous system,528,The Netherlands,2,1,1960,2.069384655,2.1677303,0.1883783378,125
23,Brain and central nervous system,528,The Netherlands,2,1,1961,2.256756076,2.379199973,0.2084580179,139
23,Brain and central nervous system,528,The Netherlands,2,1,1962,1.932830299,2.076124567,0.1972615554,123
23,Brain and central nervous system,528,The Netherlands,2,1,1963,2.129560952,2.282116205,0.2109709507,137
23,Brain and central nervous system,528,The Netherlands,2,1,1964,2.315550438,2.450214599,0.2132523169,149
23,Brain and central nervous system,528,The Netherlands,2,1,1965,2.178778532,2.353819681,0.2176102853,145
23,Brain and central nervous system,528,The Netherlands,2,1,1966,2.106660298,2.228921459,0.2002931488,139
23,Brain and central nervous system,528,The Netherlands,2,1,1967,1.688275795,1.807057033,0.1653915794,114
23,Brain and central nervous system,528,The Netherlands,2,1,1968,2.454546359,2.539304356,0.2226268117,162
23,Brain and central nervous system,528,The Netherlands,2,1,1969,2.348976108,2.587542609,0.2372734589,167
23,Brain and central nervous system,528,The Netherlands,2,1,1970,2.199158924,2.419231358,0.2153629476,158
23,Brain and central nervous system,528,The Netherlands,2,1,1971,2.215020091,2.391185907,0.2238918634,158
23,Brain and central nervous system,528,The Netherlands,2,1,1972,2.223403584,2.410684874,0.2226749241,161
23,Brain and central nervous system,528,The Netherlands,2,1,1973,2.585089816,2.833701764,0.2624862655,191
23,Brain and central nervous system,528,The Netherlands,2,1,1974,2.249511433,2.485915597,0.2426901222,169
23,Brain and central nervous system,528,The Netherlands,2,1,1975,2.55260385,2.827040497,0.2639941338,194
23,Brain and central nervous system,528,The Netherlands,2,1,1976,3.15511064,3.497261442,0.326217927,242
23,Brain and central nervous system,528,The Netherlands,2,1,1977,3.072576836,3.473567871,0.3227913008,242
23,Brain and central nervous system,528,The Netherlands,2,1,1978,3.06722749,3.463660077,0.3096783006,243
23,Brain and central nervous system,528,The Netherlands,2,1,1979,2.879917812,3.437933279,0.3127962429,243
23,Brain and central nervous system,528,The Netherlands,2,1,1980,2.797914566,3.47904158,0.3084053796,248
23,Brain and central nervous system,528,The Netherlands,2,1,1981,3.177988061,3.731447189,0.3418342714,268
23,Brain and central nervous system,528,The Netherlands,2,1,1982,3.326534376,4.154779381,0.371841607,300
23,Brain and central nervous system,528,The Netherlands,2,1,1983,3.391195036,4.342671225,0.3879949058,315
23,Brain and central nervous system,528,The Netherlands,2,1,1984,3.33489745,4.226531088,0.3701863333,308
23,Brain and central nervous system,528,The Netherlands,2,1,1985,3.403533911,4.43704179,0.3977647168,325
23,Brain and central nervous system,528,The Netherlands,2,1,1986,3.235249551,4.356795787,0.3644840532,321
23,Brain and central nervous system,528,The Netherlands,2,1,1987,3.450805304,4.598042124,0.3988560693,341
23,Brain and central nervous system,528,The Netherlands,2,1,1988,3.427978329,4.474212994,0.3840301883,334
23,Brain and central nervous system,528,The Netherlands,2,1,1989,2.57081483,3.408107568,0.2839956377,256
23,Brain and central nervous system,528,The Netherlands,2,1,1990,2.586154252,3.37185624,0.2773581143,255
23,Brain and central nervous system,528,The Netherlands,2,1,1991,2.645670774,3.425331706,0.2782362718,261
23,Brain and central nervous system,528,The Netherlands,2,1,1992,2.466353735,3.374021338,0.2741891619,259
23,Brain and central nervous system,528,The Netherlands,2,1,1993,2.264926644,3.104746381,0.2463374382,240
23,Brain and central nervous system,528,The Netherlands,2,1,1994,2.863343422,3.960854413,0.307094024,308
23,Brain and central nervous system,528,The Netherlands,2,1,1995,2.857030986,3.621704633,0.2953692177,283
23,Brain and central nervous system,528,The Netherlands,2,1,1996,3.230986025,4.343506394,0.3389064024,341
23,Brain and central nervous system,528,The Netherlands,2,1,1997,3.088303445,4.447316406,0.3349757391,351
23,Brain and central nervous system,528,The Netherlands,2,1,1998,3.19624516,4.584094201,0.3431904148,364
23,Brain and central nervous system,528,The Netherlands,2,1,1999,2.879786788,4.129129129,0.3127936533,330
23,Brain and central nervous system,528,The Netherlands,2,1,2000,3.297444621,4.610166324,0.341599066,371
23,Brain and central nervous system,528,The Netherlands,2,1,2001,2.910171604,4.182461422,0.3219215931,339
23,Brain and central nervous system,528,The Netherlands,2,1,2002,2.591230535,3.838035867,0.2790020455,313
23,Brain and central nervous system,528,The Netherlands,2,1,2003,2.590846144,3.734159111,0.2907214327,306
23,Brain and central nervous system,528,The Netherlands,2,1,2004,2.416006557,3.598419978,0.2696005639,296
23,Brain and central nervous system,528,The Netherlands,2,1,2005,3.304679927,5.164735044,0.3758240279,426
23,Brain and central nervous system,528,The Netherlands,2,1,2006,2.80227256,4.598697116,0.3145293837,380
23,Brain and central nervous system,528,The Netherlands,2,1,2007,2.905985725,4.685193629,0.310795103,388
23,Brain and central nervous system,528,The Netherlands,2,1,2008,3.077563316,4.884876926,0.3192033798,406
23,Brain and central nervous system,528,The Netherlands,2,1,2009,3.207350187,5.185345567,0.3572350618,433
23,Brain and central nervous system,528,The Netherlands,2,1,2010,2.967437685,4.635410653,0.328534929,389
23,Brain and central nervous system,528,The Netherlands,2,1,2011,3.030449379,4.87550094,0.3241308908,411
23,Brain and central nervous system,528,The Netherlands,2,1,2012,3.44489197,5.331056228,0.3646871008,451
23,Brain and central nervous system,528,The Netherlands,2,1,2013,2.302406167,3.925231067,0.2572292302,333
23,Brain and central nervous system,528,The Netherlands,2,1,2014,2.614095846,4.382360868,0.2975517854,373
23,Brain and central nervous system,528,The Netherlands,2,1,2015,2.83859089,4.90349248,0.3075618695,419
23,Brain and central nervous system,528,The Netherlands,2,1,2016,2.663986706,4.79951483,0.2986310277,412
23,Brain and central nervous system,528,The Netherlands,2,1,2017,2.810578286,4.992988385,0.3037313511,431
23,Brain and central nervous system,528,The Netherlands,2,1,2018,2.518426751,4.690986699,0.2887951048,409
23,Brain and central nervous system,528,The Netherlands,2,1,2019,2.709331707,4.979334058,0.3081445341,438
23,Brain and central nervous system,528,The Netherlands,2,1,2020,2.233415124,4.224721092,0.2489575945,372
23,Brain and central nervous system,528,The Netherlands,2,1,2021,2.115695948,4.308454503,0.2467704245,380
23,Brain and central nervous system,528,The Netherlands,2,1,2022,2.3401402,4.527966259,0.2575846156,403
23,Brain and central nervous system,528,The Netherlands,2,1,2023,2.272320022,4.560247036,0.265926949,410
23,Brain and central nervous system,554,New Zealand,1,0,1983,6.953247028,7.11144381,0.6870530212,114
23,Brain and central nervous system,554,New Zealand,1,0,1984,7.995903564,8.279987147,0.8553127039,134
23,Brain and central nervous system,554,New Zealand,1,0,1985,5.902011835,6.206065969,0.6252491037,101
23,Brain and central nervous system,554,New Zealand,1,0,1986,8.106933745,8.498007895,0.7473313861,138
23,Brain and central nervous system,554,New Zealand,1,0,1987,6.430100133,6.651411137,0.6887683376,109
23,Brain and central nervous system,554,New Zealand,1,0,1988,7.052535019,7.529434624,0.7446831729,124
23,Brain and central nervous system,554,New Zealand,1,0,1989,6.610910099,7.016440245,0.6546774749,116
23,Brain and central nervous system,554,New Zealand,1,0,1990,6.851954511,7.357295386,0.7646890096,123
23,Brain and central nervous system,554,New Zealand,1,0,1991,7.811013337,8.472895747,0.8180849695,141
23,Brain and central nervous system,554,New Zealand,1,0,1992,7.714290531,8.424899732,0.7632760091,142
23,Brain and central nervous system,554,New Zealand,1,0,1993,6.610477118,7.545573549,0.6950504269,132
23,Brain and central nervous system,554,New Zealand,1,0,1994,6.308676124,7.103313752,0.6454399565,126
23,Brain and central nervous system,554,New Zealand,1,0,1995,5.188069749,5.884606203,0.5022926995,106
23,Brain and central nervous system,554,New Zealand,1,0,1996,7.566183359,8.519655282,0.6877252082,156
23,Brain and central nervous system,554,New Zealand,1,0,1997,6.820226863,7.657917586,0.6569466646,142
23,Brain and central nervous system,554,New Zealand,1,0,1998,7.009493293,8.079791959,0.7183348943,151
23,Brain and central nervous system,554,New Zealand,1,0,1999,6.332329831,7.454302464,0.638916402,140
23,Brain and central nervous system,554,New Zealand,1,0,2000,7.266578521,8.421610169,0.7356832466,159
23,Brain and central nervous system,554,New Zealand,1,0,2001,6.43343623,7.764667615,0.7086513364,148
23,Brain and central nervous system,554,New Zealand,1,0,2002,7.763998068,9.558204298,0.8005395588,185
23,Brain and central nervous system,554,New Zealand,1,0,2003,6.030509575,7.203331795,0.6299248553,142
23,Brain and central nervous system,554,New Zealand,1,0,2004,5.96457069,7.506455552,0.613968293,150
23,Brain and central nervous system,554,New Zealand,1,0,2005,6.702311745,8.424808583,0.6856091904,170
23,Brain and central nervous system,554,New Zealand,1,0,2006,6.362371658,8.197001264,0.6375687444,168
23,Brain and central nervous system,554,New Zealand,1,0,2007,5.286727672,6.901644329,0.5633595283,143
23,Brain and central nervous system,554,New Zealand,1,0,2008,5.483490918,7.024233606,0.5512260666,147
23,Brain and central nervous system,554,New Zealand,1,0,2009,6.379622616,8.028866135,0.6803898274,170
23,Brain and central nervous system,554,New Zealand,1,0,2010,7.044538325,9.092986277,0.7128917618,195
23,Brain and central nervous system,554,New Zealand,1,0,2011,6.423505695,8.594836629,0.6796219597,186
23,Brain and central nervous system,554,New Zealand,1,0,2012,6.397313505,8.581445721,0.6360799377,187
23,Brain and central nervous system,554,New Zealand,1,0,2013,6.657656407,8.885594518,0.6630791272,193
23,Brain and central nervous system,554,New Zealand,1,0,2014,6.24513783,8.565698682,0.6511552468,189
23,Brain and central nervous system,554,New Zealand,1,0,2015,5.846231661,7.958066768,0.6106166855,179
23,Brain and central nervous system,554,New Zealand,1,0,2016,6.877378215,9.055506336,0.7218598952,208
23,Brain and central nervous system,554,New Zealand,1,0,2017,6.177940156,8.285340286,0.6057380176,194
23,Brain and central nervous system,554,New Zealand,1,1,1956,4.157419624,4.186996736,0.4829400164,46
23,Brain and central nervous system,554,New Zealand,1,1,1957,4.501138226,4.540840857,0.4243326624,51
23,Brain and central nervous system,554,New Zealand,1,1,1958,4.68159541,4.786481584,0.5518752118,55
23,Brain and central nervous system,554,New Zealand,1,1,1959,4.386518996,4.261775285,0.4389835415,50
23,Brain and central nervous system,554,New Zealand,1,1,1960,5.375206973,5.518835325,0.6376137726,66
23,Brain and central nervous system,554,New Zealand,1,1,1961,5.606965407,5.732310907,0.5285234402,70
23,Brain and central nervous system,554,New Zealand,1,1,1962,4.819088379,4.886358129,0.5368716408,61
23,Brain and central nervous system,554,New Zealand,1,1,1963,5.485414425,5.414282878,0.6245599086,69
23,Brain and central nervous system,554,New Zealand,1,1,1964,4.2423977,4.311132923,0.4097503057,56
23,Brain and central nervous system,554,New Zealand,1,1,1965,4.636619998,4.687867421,0.4889993359,62
23,Brain and central nervous system,554,New Zealand,1,1,1966,4.426405478,4.385515016,0.4367784698,59
23,Brain and central nervous system,554,New Zealand,1,1,1967,4.127748362,4.250991745,0.3940760716,58
23,Brain and central nervous system,554,New Zealand,1,1,1968,3.865197146,3.920054126,0.3796500208,54
23,Brain and central nervous system,554,New Zealand,1,1,1969,6.037439235,6.039426671,0.6261816632,84
23,Brain and central nervous system,554,New Zealand,1,1,1970,4.892230251,4.823856524,0.5071954092,68
23,Brain and central nervous system,554,New Zealand,1,1,1971,5.089560917,5.166827432,0.5776864039,74
23,Brain and central nervous system,554,New Zealand,1,1,1972,5.895042373,5.82965208,0.5978071054,85
23,Brain and central nervous system,554,New Zealand,1,1,1973,6.223605575,6.183678785,0.6293714637,92
23,Brain and central nervous system,554,New Zealand,1,1,1974,5.260402177,5.202334597,0.5715991269,79
23,Brain and central nervous system,554,New Zealand,1,1,1975,5.493812147,5.503374216,0.5245235851,85
23,Brain and central nervous system,554,New Zealand,1,1,1976,5.50169259,5.576258215,0.589590364,87
23,Brain and central nervous system,554,New Zealand,1,1,1977,5.600494683,5.619670892,0.555242689,88
23,Brain and central nervous system,554,New Zealand,1,1,1978,5.559231313,5.684579906,0.6208755529,89
23,Brain and central nervous system,554,New Zealand,1,1,1979,6.215505085,6.522965314,0.7111843916,102
23,Brain and central nervous system,554,New Zealand,1,1,1980,5.185890593,5.432000619,0.5567707287,85
23,Brain and central nervous system,554,New Zealand,1,1,1981,5.250204473,5.603321751,0.6290828044,88
23,Brain and central nervous system,554,New Zealand,1,1,1982,5.805324376,6.131857052,0.6299134505,97
23,Brain and central nervous system,554,New Zealand,1,1,1983,5.993268076,6.195852784,0.5936067725,99
23,Brain and central nervous system,554,New Zealand,1,1,1984,5.346805365,5.522297673,0.6178657204,89
23,Brain and central nervous system,554,New Zealand,1,1,1985,5.548601171,5.867332207,0.6379373346,95
23,Brain and central nervous system,554,New Zealand,1,1,1986,4.928306367,5.35585666,0.5074173116,87
23,Brain and central nervous system,554,New Zealand,1,1,1987,5.206090158,5.271268034,0.5655113965,86
23,Brain and central nervous system,554,New Zealand,1,1,1988,5.848410286,6.291044484,0.6546424292,103
23,Brain and central nervous system,554,New Zealand,1,1,1989,4.133820476,4.685288559,0.443719474,77
23,Brain and central nervous system,554,New Zealand,1,1,1990,5.514991848,5.978315454,0.6525554471,100
23,Brain and central nervous system,554,New Zealand,1,1,1991,6.65624399,7.471378928,0.7646031446,128
23,Brain and central nervous system,554,New Zealand,1,1,1992,5.803110276,6.441192345,0.6173184304,112
23,Brain and central nervous system,554,New Zealand,1,1,1993,5.60991824,6.533910855,0.677270098,115
23,Brain and central nervous system,554,New Zealand,1,1,1994,5.436863438,6.389661751,0.5937934331,114
23,Brain and central nervous system,554,New Zealand,1,1,1995,3.467871434,4.251027009,0.3736427861,77
23,Brain and central nervous system,554,New Zealand,1,1,1996,5.04725194,6.036371586,0.5457959186,111
23,Brain and central nervous system,554,New Zealand,1,1,1997,5.784066083,6.823683016,0.5963644985,127
23,Brain and central nervous system,554,New Zealand,1,1,1998,5.061568284,6.077599753,0.539735747,114
23,Brain and central nervous system,554,New Zealand,1,1,1999,5.930325145,7.002247615,0.6356938322,132
23,Brain and central nervous system,554,New Zealand,1,1,2000,5.570964831,6.812104211,0.5726470176,129
23,Brain and central nervous system,554,New Zealand,1,1,2001,5.942126684,7.019341429,0.6617506929,134
23,Brain and central nervous system,554,New Zealand,1,1,2002,5.767626186,7.173173569,0.6119453156,139
23,Brain and central nervous system,554,New Zealand,1,1,2003,5.574061178,7.401252839,0.6632229355,146
23,Brain and central nervous system,554,New Zealand,1,1,2004,4.805025817,6.544146261,0.5428519021,131
23,Brain and central nervous system,554,New Zealand,1,1,2005,5.050324545,6.616039155,0.5516660301,134
23,Brain and central nervous system,554,New Zealand,1,1,2006,5.478754679,7.425825409,0.5837594219,152
23,Brain and central nervous system,554,New Zealand,1,1,2007,4.429502155,6.001850409,0.4670379229,124
23,Brain and central nervous system,554,New Zealand,1,1,2008,3.959289083,5.613210908,0.4320512358,117
23,Brain and central nervous system,554,New Zealand,1,1,2009,4.060748164,5.653131455,0.4471376944,119
23,Brain and central nervous system,554,New Zealand,1,1,2010,4.88094524,6.867329082,0.5286456488,146
23,Brain and central nervous system,554,New Zealand,1,1,2011,4.695681494,6.440579008,0.4950717362,138
23,Brain and central nervous system,554,New Zealand,1,1,2012,6.069811976,8.624313098,0.6796498834,186
23,Brain and central nervous system,554,New Zealand,1,1,2013,4.713633751,6.791205756,0.5035806835,148
23,Brain and central nervous system,554,New Zealand,1,1,2014,4.65060695,6.534130467,0.4777869254,145
23,Brain and central nervous system,554,New Zealand,1,1,2015,3.948740522,6.118410164,0.4717581311,139
23,Brain and central nervous system,554,New Zealand,1,1,2016,5.316900056,7.558919848,0.6013840067,176
23,Brain and central nervous system,554,New Zealand,1,1,2017,4.11399305,6.422762607,0.4697328966,153
23,Brain and central nervous system,554,New Zealand,1,1,2018,4.810465918,7.366963039,0.5772510017,179
23,Brain and central nervous system,554,New Zealand,2,0,1983,5.007114986,5.793492798,0.5157359357,94
23,Brain and central nervous system,554,New Zealand,2,0,1984,5.297409624,6.098044357,0.5385269807,100
23,Brain and central nervous system,554,New Zealand,2,0,1985,4.814486234,5.328876455,0.4753417316,88
23,Brain and central nervous system,554,New Zealand,2,0,1986,4.696520836,5.138000653,0.450437944,85
23,Brain and central nervous system,554,New Zealand,2,0,1987,4.964754924,5.568895622,0.467175384,93
23,Brain and central nervous system,554,New Zealand,2,0,1988,5.228771847,5.71734858,0.5009926131,96
23,Brain and central nervous system,554,New Zealand,2,0,1989,5.208407135,5.385412043,0.4579887357,91
23,Brain and central nervous system,554,New Zealand,2,0,1990,4.225161221,4.978300467,0.4720551917,85
23,Brain and central nervous system,554,New Zealand,2,0,1991,5.233627853,6.133990897,0.5714192255,105
23,Brain and central nervous system,554,New Zealand,2,0,1992,4.936477224,5.654998904,0.4793147045,98
23,Brain and central nervous system,554,New Zealand,2,0,1993,5.57483909,6.421683145,0.5740825817,116
23,Brain and central nervous system,554,New Zealand,2,0,1994,4.2475439,5.136892726,0.4482130395,94
23,Brain and central nervous system,554,New Zealand,2,0,1995,4.658922703,5.763223096,0.4536920662,107
23,Brain and central nervous system,554,New Zealand,2,0,1996,4.766793971,6.10192874,0.5224404893,115
23,Brain and central nervous system,554,New Zealand,2,0,1997,4.049696191,5.031499282,0.4051433497,96
23,Brain and central nervous system,554,New Zealand,2,0,1998,3.958833602,5.19745117,0.3844419951,100
23,Brain and central nervous system,554,New Zealand,2,0,1999,4.010276526,5.065280089,0.4403049421,98
23,Brain and central nervous system,554,New Zealand,2,0,2000,4.28715342,5.398624122,0.4128925638,105
23,Brain and central nervous system,554,New Zealand,2,0,2001,4.385313259,5.404258758,0.4652023301,107
23,Brain and central nervous system,554,New Zealand,2,0,2002,3.535964183,4.883931864,0.3362087437,98
23,Brain and central nervous system,554,New Zealand,2,0,2003,4.877021706,6.132591535,0.4704195248,125
23,Brain and central nervous system,554,New Zealand,2,0,2004,4.61947953,5.91045181,0.4350062866,122
23,Brain and central nervous system,554,New Zealand,2,0,2005,3.936541411,4.897465322,0.3633051946,102
23,Brain and central nervous system,554,New Zealand,2,0,2006,3.702922757,4.865724712,0.3979086816,104
23,Brain and central nervous system,554,New Zealand,2,0,2007,4.792771701,6.207238381,0.484146976,134
23,Brain and central nervous system,554,New Zealand,2,0,2008,3.932647373,5.101782866,0.3768884533,111
23,Brain and central nervous system,554,New Zealand,2,0,2009,4.031639745,5.641967136,0.4483525524,124
23,Brain and central nervous system,554,New Zealand,2,0,2010,4.571413777,6.252811516,0.4833787452,139
23,Brain and central nervous system,554,New Zealand,2,0,2011,3.984883535,5.400194586,0.3865256406,121
23,Brain and central nervous system,554,New Zealand,2,0,2012,4.283659426,5.946134236,0.4273572641,134
23,Brain and central nervous system,554,New Zealand,2,0,2013,4.845390537,6.476027684,0.4652233497,147
23,Brain and central nervous system,554,New Zealand,2,0,2014,3.730890889,5.222523001,0.3610094077,120
23,Brain and central nervous system,554,New Zealand,2,0,2015,4.688965923,6.719869198,0.4653157315,157
23,Brain and central nervous system,554,New Zealand,2,0,2016,4.29003814,5.878820709,0.3969767282,140
23,Brain and central nervous system,554,New Zealand,2,0,2017,4.676885373,6.352860128,0.4366318656,154
23,Brain and central nervous system,554,New Zealand,2,1,1956,3.357719156,3.406361426,0.307766894,37
23,Brain and central nervous system,554,New Zealand,2,1,1957,3.375898505,3.51177977,0.3590322696,39
23,Brain and central nervous system,554,New Zealand,2,1,1958,3.828429581,4.137597112,0.3524579249,47
23,Brain and central nervous system,554,New Zealand,2,1,1959,2.803410194,2.93037136,0.2700359566,34
23,Brain and central nervous system,554,New Zealand,2,1,1960,3.573819793,3.802037216,0.3786377888,45
23,Brain and central nervous system,554,New Zealand,2,1,1961,2.86053669,2.978655451,0.2883001946,36
23,Brain and central nervous system,554,New Zealand,2,1,1962,3.555576692,3.640683915,0.3318328381,45
23,Brain and central nervous system,554,New Zealand,2,1,1963,4.058385451,4.194008503,0.3884160174,53
23,Brain and central nervous system,554,New Zealand,2,1,1964,3.136905201,3.178770157,0.325040247,41
23,Brain and central nervous system,554,New Zealand,2,1,1965,3.600663908,3.805376312,0.3467223277,50
23,Brain and central nervous system,554,New Zealand,2,1,1966,2.738660854,2.916444973,0.2741917868,39
23,Brain and central nervous system,554,New Zealand,2,1,1967,3.15172899,3.164016741,0.3340269806,43
23,Brain and central nervous system,554,New Zealand,2,1,1968,2.738781845,2.832257378,0.2838090607,39
23,Brain and central nervous system,554,New Zealand,2,1,1969,2.32508988,2.43983125,0.2466545473,34
23,Brain and central nervous system,554,New Zealand,2,1,1970,3.412986819,3.468984798,0.3532623623,49
23,Brain and central nervous system,554,New Zealand,2,1,1971,4.046790342,4.111637223,0.4030759548,59
23,Brain and central nervous system,554,New Zealand,2,1,1972,3.792648721,3.969355209,0.4119250736,58
23,Brain and central nervous system,554,New Zealand,2,1,1973,3.488297227,3.621244635,0.3347718973,54
23,Brain and central nervous system,554,New Zealand,2,1,1974,4.058446156,4.137436444,0.4332742756,63
23,Brain and central nervous system,554,New Zealand,2,1,1975,4.297865897,4.452977525,0.459987745,69
23,Brain and central nervous system,554,New Zealand,2,1,1976,3.09531952,3.255776689,0.3465362537,51
23,Brain and central nervous system,554,New Zealand,2,1,1977,3.80978814,4.129069635,0.4274080016,65
23,Brain and central nervous system,554,New Zealand,2,1,1978,3.507745432,3.55193709,0.3291006081,56
23,Brain and central nervous system,554,New Zealand,2,1,1979,3.872701582,4.182789154,0.394273984,66
23,Brain and central nervous system,554,New Zealand,2,1,1980,4.020212359,4.299644773,0.4640804698,68
23,Brain and central nervous system,554,New Zealand,2,1,1981,4.116025095,4.530175214,0.4260396765,72
23,Brain and central nervous system,554,New Zealand,2,1,1982,2.921195745,3.056348144,0.2994700518,49
23,Brain and central nervous system,554,New Zealand,2,1,1983,3.102153179,3.823772207,0.3347960674,62
23,Brain and central nervous system,554,New Zealand,2,1,1984,4.296354718,5.127641651,0.4798117168,84
23,Brain and central nervous system,554,New Zealand,2,1,1985,4.223884785,4.791091723,0.4158126682,79
23,Brain and central nervous system,554,New Zealand,2,1,1986,3.459180549,3.982818363,0.3359715761,66
23,Brain and central nervous system,554,New Zealand,2,1,1987,3.467928935,4.196750875,0.3434682424,70
23,Brain and central nervous system,554,New Zealand,2,1,1988,3.105801711,3.812296802,0.3328699284,64
23,Brain and central nervous system,554,New Zealand,2,1,1989,3.238839609,3.549489347,0.3725532687,60
23,Brain and central nervous system,554,New Zealand,2,1,1990,3.400449156,4.117692944,0.3791570133,71
23,Brain and central nervous system,554,New Zealand,2,1,1991,4.153889772,4.751881094,0.4809587542,84
23,Brain and central nervous system,554,New Zealand,2,1,1992,3.547767173,4.349193392,0.3788323473,78
23,Brain and central nervous system,554,New Zealand,2,1,1993,4.686401968,5.348593182,0.4866912493,97
23,Brain and central nervous system,554,New Zealand,2,1,1994,3.431295778,4.464046326,0.4169265532,82
23,Brain and central nervous system,554,New Zealand,2,1,1995,4.121410973,5.528415924,0.4443955395,103
23,Brain and central nervous system,554,New Zealand,2,1,1996,3.861401773,4.919267156,0.4231832095,93
23,Brain and central nervous system,554,New Zealand,2,1,1997,3.072786679,4.384625623,0.3771829254,84
23,Brain and central nervous system,554,New Zealand,2,1,1998,3.35830756,4.701310503,0.3541544474,91
23,Brain and central nervous system,554,New Zealand,2,1,1999,2.895887528,4.050356701,0.31778559,79
23,Brain and central nervous system,554,New Zealand,2,1,2000,3.857516181,5.142864708,0.4322237207,101
23,Brain and central nervous system,554,New Zealand,2,1,2001,3.804636803,4.942626446,0.3923635725,98
23,Brain and central nervous system,554,New Zealand,2,1,2002,2.810657701,4.072828127,0.2938226293,82
23,Brain and central nervous system,554,New Zealand,2,1,2003,3.014793793,4.19522939,0.2931127563,86
23,Brain and central nervous system,554,New Zealand,2,1,2004,3.202232709,4.610681941,0.3605843962,96
23,Brain and central nervous system,554,New Zealand,2,1,2005,3.042092541,4.266160036,0.3151063262,90
23,Brain and central nervous system,554,New Zealand,2,1,2006,2.918883492,4.262236189,0.3009779665,91
23,Brain and central nervous system,554,New Zealand,2,1,2007,3.422057902,4.542850203,0.3670341818,98
23,Brain and central nervous system,554,New Zealand,2,1,2008,3.2581506,4.63844152,0.3066556774,101
23,Brain and central nervous system,554,New Zealand,2,1,2009,3.367238235,4.683359433,0.3782595518,103
23,Brain and central nervous system,554,New Zealand,2,1,2010,2.848291932,4.455922822,0.3389582365,99
23,Brain and central nervous system,554,New Zealand,2,1,2011,3.395862748,5.089203924,0.3601669056,114
23,Brain and central nervous system,554,New Zealand,2,1,2012,2.636369134,4.390277,0.3132596427,99
23,Brain and central nervous system,554,New Zealand,2,1,2013,3.351491856,5.187811983,0.3598461282,118
23,Brain and central nervous system,554,New Zealand,2,1,2014,2.863678142,4.383935524,0.3049109094,101
23,Brain and central nervous system,554,New Zealand,2,1,2015,2.823828748,4.824530131,0.3169249737,113
23,Brain and central nervous system,554,New Zealand,2,1,2016,2.791812004,4.274229539,0.3012915001,102
23,Brain and central nervous system,554,New Zealand,2,1,2017,2.923307462,4.772486124,0.3295746633,116
23,Brain and central nervous system,554,New Zealand,2,1,2018,3.40752925,5.584601554,0.3570840758,138
23,Brain and central nervous system,558,Nicaragua,1,1,1998,1.774215203,0.9591978104,0.218907358,23
23,Brain and central nervous system,558,Nicaragua,1,1,1999,1.07927644,0.8222179741,0.1019091881,20
23,Brain and central nervous system,558,Nicaragua,1,1,2000,1.592096325,1.176014972,0.165574295,29
23,Brain and central nervous system,558,Nicaragua,1,1,2001,1.60389093,1.241142844,0.1337841066,31
23,Brain and central nervous system,558,Nicaragua,1,1,2002,2.373570126,1.621932323,0.2629329149,41
23,Brain and central nervous system,558,Nicaragua,1,1,2003,2.384173447,1.485839364,0.1976635534,38
23,Brain and central nervous system,558,Nicaragua,1,1,2004,2.233574894,1.468566115,0.204938067,38
23,Brain and central nervous system,558,Nicaragua,1,1,2005,1.833093424,1.182606679,0.1660021663,31
23,Brain and central nervous system,558,Nicaragua,1,1,2006,1.864121056,1.466657792,0.1857520854,39
23,Brain and central nervous system,558,Nicaragua,1,1,2007,2.275707168,1.519705577,0.2219313116,41
23,Brain and central nervous system,558,Nicaragua,1,1,2008,2.660238604,2.009354825,0.2792268319,55
23,Brain and central nervous system,558,Nicaragua,1,1,2009,2.67156077,1.836633933,0.3176192452,51
23,Brain and central nervous system,558,Nicaragua,1,1,2010,2.590385298,1.881509624,0.2639728191,53
23,Brain and central nervous system,558,Nicaragua,1,1,2011,2.080362479,1.504897216,0.2014523098,43
23,Brain and central nervous system,558,Nicaragua,1,1,2012,2.09061836,1.587242983,0.1804117082,46
23,Brain and central nervous system,558,Nicaragua,1,1,2013,2.212652328,1.565134253,0.1922580611,46
23,Brain and central nervous system,558,Nicaragua,1,1,2014,1.624061898,1.275123284,0.1460295928,38
23,Brain and central nervous system,558,Nicaragua,1,1,2015,2.047773144,1.52247353,0.1951633551,46
23,Brain and central nervous system,558,Nicaragua,1,1,2016,2.07946087,1.599795749,0.1883650551,49
23,Brain and central nervous system,558,Nicaragua,1,1,2017,1.231227914,0.9663046353,0.1111901552,30
23,Brain and central nervous system,558,Nicaragua,1,1,2018,2.185544379,1.652687158,0.2687069999,52
23,Brain and central nervous system,558,Nicaragua,1,1,2019,1.681415115,1.254718919,0.2108578337,40
23,Brain and central nervous system,558,Nicaragua,1,1,2020,2.129120705,1.703842971,0.2229772331,55
23,Brain and central nervous system,558,Nicaragua,1,1,2021,1.895613319,1.530677221,0.2079107764,50
23,Brain and central nervous system,558,Nicaragua,1,1,2022,1.522810922,1.208820034,0.1568622695,40
23,Brain and central nervous system,558,Nicaragua,2,1,1998,1.081879413,0.6838795117,0.09378772948,17
23,Brain and central nervous system,558,Nicaragua,2,1,1999,1.215630707,1.110417981,0.1291503655,28
23,Brain and central nervous system,558,Nicaragua,2,1,2000,1.447235377,1.016942656,0.1534932478,26
23,Brain and central nervous system,558,Nicaragua,2,1,2001,1.552403489,1.274067325,0.1221168306,33
23,Brain and central nervous system,558,Nicaragua,2,1,2002,1.989132279,1.601793398,0.1620706506,42
23,Brain and central nervous system,558,Nicaragua,2,1,2003,1.536090664,1.281332344,0.1459765622,34
23,Brain and central nervous system,558,Nicaragua,2,1,2004,1.659699553,1.117171976,0.159329245,30
23,Brain and central nervous system,558,Nicaragua,2,1,2005,1.596608628,1.212890156,0.1724914101,33
23,Brain and central nervous system,558,Nicaragua,2,1,2006,1.830053981,1.449405599,0.1709216566,40
23,Brain and central nervous system,558,Nicaragua,2,1,2007,1.975026859,1.678959988,0.2147409391,47
23,Brain and central nervous system,558,Nicaragua,2,1,2008,2.13472723,1.796155382,0.2059840764,51
23,Brain and central nervous system,558,Nicaragua,2,1,2009,2.357767347,1.736246152,0.2476275946,50
23,Brain and central nervous system,558,Nicaragua,2,1,2010,1.700257398,1.369598475,0.1447085243,40
23,Brain and central nervous system,558,Nicaragua,2,1,2011,1.174895551,1.046692267,0.09696699918,31
23,Brain and central nervous system,558,Nicaragua,2,1,2012,2.142472866,1.731497946,0.210412019,52
23,Brain and central nervous system,558,Nicaragua,2,1,2013,1.805456299,1.379401399,0.2058869906,42
23,Brain and central nervous system,558,Nicaragua,2,1,2014,1.620237592,1.360812677,0.1590850217,42
23,Brain and central nervous system,558,Nicaragua,2,1,2015,1.201607904,1.023011035,0.1236263909,32
23,Brain and central nervous system,558,Nicaragua,2,1,2016,1.308992636,1.16727528,0.1273808975,37
23,Brain and central nervous system,558,Nicaragua,2,1,2017,1.341678624,1.214340048,0.1130993591,39
23,Brain and central nervous system,558,Nicaragua,2,1,2018,1.684960995,1.413780301,0.1889631108,46
23,Brain and central nervous system,558,Nicaragua,2,1,2019,1.608091382,1.456446338,0.1568516713,48
23,Brain and central nervous system,558,Nicaragua,2,1,2020,1.728640893,1.648053155,0.1608315909,55
23,Brain and central nervous system,558,Nicaragua,2,1,2021,1.141973346,1.06565185,0.09758480898,36
23,Brain and central nervous system,558,Nicaragua,2,1,2022,1.310714974,1.256706943,0.1361763791,43
23,Brain and central nervous system,56,Belgium,1,1,1956,3.452180089,4.149850651,0.3347031137,182
23,Brain and central nervous system,56,Belgium,1,1,1957,3.627047678,4.277082532,0.3341807261,189
23,Brain and central nervous system,56,Belgium,1,1,1958,3.399680837,4.136132716,0.345293991,184
23,Brain and central nervous system,56,Belgium,1,1,1959,3.731974637,4.476476118,0.3632119098,200
23,Brain and central nervous system,56,Belgium,1,1,1960,4.340147532,5.148177993,0.4275442364,230
23,Brain and central nervous system,56,Belgium,1,1,1961,3.49480108,4.368758916,0.350643009,196
23,Brain and central nervous system,56,Belgium,1,1,1962,3.849424877,4.765070922,0.3874866596,215
23,Brain and central nervous system,56,Belgium,1,1,1963,4.200566116,5.23468086,0.4565682119,238
23,Brain and central nervous system,56,Belgium,1,1,1964,3.958656692,4.833021291,0.4118592997,222
23,Brain and central nervous system,56,Belgium,1,1,1965,3.897140665,4.809973685,0.4044702582,223
23,Brain and central nervous system,56,Belgium,1,1,1966,4.550669866,5.532206879,0.490738383,258
23,Brain and central nervous system,56,Belgium,1,1,1967,4.854647699,5.978052009,0.5342293458,280
23,Brain and central nervous system,56,Belgium,1,1,1968,4.631783083,5.620967914,0.4890808387,264
23,Brain and central nervous system,56,Belgium,1,1,1969,4.414099326,5.24962275,0.4540908676,247
23,Brain and central nervous system,56,Belgium,1,1,1970,4.510389986,5.36505715,0.4839442817,253
23,Brain and central nervous system,56,Belgium,1,1,1971,4.588461631,5.577504067,0.5147845333,264
23,Brain and central nervous system,56,Belgium,1,1,1972,5.480306819,6.649411864,0.5959908975,316
23,Brain and central nervous system,56,Belgium,1,1,1973,5.803768197,7.174172977,0.646251369,342
23,Brain and central nervous system,56,Belgium,1,1,1974,5.595127586,6.681467828,0.5999821048,319
23,Brain and central nervous system,56,Belgium,1,1,1975,5.226569963,6.335049076,0.5619402235,304
23,Brain and central nervous system,56,Belgium,1,1,1976,4.937074789,5.991636674,0.526021115,288
23,Brain and central nervous system,56,Belgium,1,1,1977,5.463886416,6.672070836,0.5911508065,321
23,Brain and central nervous system,56,Belgium,1,1,1978,6.279989058,7.582209851,0.6936467042,365
23,Brain and central nervous system,56,Belgium,1,1,1979,6.094253492,7.910472552,0.6875977412,381
23,Brain and central nervous system,56,Belgium,1,1,1980,7.005218695,8.569887118,0.7722987839,413
23,Brain and central nervous system,56,Belgium,1,1,1981,7.012835343,9.001143332,0.801360001,433
23,Brain and central nervous system,56,Belgium,1,1,1982,6.535650449,8.350990901,0.7459316814,402
23,Brain and central nervous system,56,Belgium,1,1,1983,6.680421167,8.622301635,0.7623150321,415
23,Brain and central nervous system,56,Belgium,1,1,1984,6.474982809,8.587171224,0.7397901718,413
23,Brain and central nervous system,56,Belgium,1,1,1985,6.143070918,8.31289746,0.7033614775,400
23,Brain and central nervous system,56,Belgium,1,1,1986,6.489601472,8.637335714,0.7194753385,416
23,Brain and central nervous system,56,Belgium,1,1,1987,6.365143752,8.591172259,0.7363526803,414
23,Brain and central nervous system,56,Belgium,1,1,1988,6.521796887,8.954606556,0.7516623437,433
23,Brain and central nervous system,56,Belgium,1,1,1989,5.423903738,7.704350692,0.5949773865,374
23,Brain and central nervous system,56,Belgium,1,1,1990,5.971599334,8.582633513,0.6701242393,418
23,Brain and central nervous system,56,Belgium,1,1,1991,5.736133362,7.95468488,0.6329748794,389
23,Brain and central nervous system,56,Belgium,1,1,1992,6.29188241,8.694235742,0.6847034935,427
23,Brain and central nervous system,56,Belgium,1,1,1993,5.759664451,7.990103628,0.6233200771,394
23,Brain and central nervous system,56,Belgium,1,1,1994,5.794930877,8.307225872,0.6204388622,411
23,Brain and central nervous system,56,Belgium,1,1,1995,6.38028584,9.179679619,0.7362120967,455
23,Brain and central nervous system,56,Belgium,1,1,1996,5.550578349,7.773968444,0.5993511348,386
23,Brain and central nervous system,56,Belgium,1,1,1997,5.428985316,7.783932515,0.5838444422,387
23,Brain and central nervous system,56,Belgium,1,1,1998,4.898892783,7.397465416,0.5468364853,369
23,Brain and central nervous system,56,Belgium,1,1,1999,5.313403322,7.900211726,0.5838728329,395
23,Brain and central nervous system,56,Belgium,1,1,2000,4.642115208,6.584169024,0.4748007286,330
23,Brain and central nervous system,56,Belgium,1,1,2001,4.607613657,6.719468168,0.5213384745,338
23,Brain and central nervous system,56,Belgium,1,1,2002,4.125154792,6.231955768,0.4452531187,315
23,Brain and central nervous system,56,Belgium,1,1,2003,4.146346118,6.322593492,0.4577697841,321
23,Brain and central nervous system,56,Belgium,1,1,2004,4.358682655,6.314653497,0.4615799268,322
23,Brain and central nervous system,56,Belgium,1,1,2005,3.932710535,5.987229843,0.4432178053,307
23,Brain and central nervous system,56,Belgium,1,1,2006,3.983949447,6.25651559,0.4541499375,323
23,Brain and central nervous system,56,Belgium,1,1,2007,4.199805945,6.573302704,0.4439413712,342
23,Brain and central nervous system,56,Belgium,1,1,2008,4.59276405,7.204822428,0.5066590765,378
23,Brain and central nervous system,56,Belgium,1,1,2009,4.159935259,6.445588647,0.4833348778,341
23,Brain and central nervous system,56,Belgium,1,1,2010,4.536369225,6.739177455,0.4976287194,358
23,Brain and central nervous system,56,Belgium,1,1,2011,4.464565941,6.960748414,0.5002750647,376
23,Brain and central nervous system,56,Belgium,1,1,2012,4.6407296,7.355395852,0.4835230261,401
23,Brain and central nervous system,56,Belgium,1,1,2013,4.527345056,7.149213732,0.4850284677,393
23,Brain and central nervous system,56,Belgium,1,1,2014,4.446052235,7.172117416,0.5075921118,396
23,Brain and central nervous system,56,Belgium,1,1,2015,4.138009467,6.8035031,0.4777866114,377
23,Brain and central nervous system,56,Belgium,1,1,2016,4.193161612,6.811406979,0.4725806757,381
23,Brain and central nervous system,56,Belgium,1,1,2017,4.172864334,6.747892489,0.4560785402,378
23,Brain and central nervous system,56,Belgium,1,1,2018,3.943568753,6.696830232,0.4294464732,377
23,Brain and central nervous system,56,Belgium,1,1,2019,4.071911484,7.257596284,0.4413623719,411
23,Brain and central nervous system,56,Belgium,1,1,2020,4.448409696,7.678984026,0.5089975897,437
23,Brain and central nervous system,56,Belgium,1,1,2021,4.075780147,6.944122552,0.4357322341,397
23,Brain and central nervous system,56,Belgium,2,1,1956,2.289259282,2.798528018,0.2106604544,127
23,Brain and central nervous system,56,Belgium,2,1,1957,2.114601789,2.822324808,0.2221457561,129
23,Brain and central nervous system,56,Belgium,2,1,1958,2.478444834,3.171293279,0.262533751,146
23,Brain and central nervous system,56,Belgium,2,1,1959,2.869331563,3.537761287,0.2721992235,164
23,Brain and central nervous system,56,Belgium,2,1,1960,2.604777529,3.20333663,0.2461525787,149
23,Brain and central nervous system,56,Belgium,2,1,1961,2.881873594,3.568833611,0.2772117202,167
23,Brain and central nervous system,56,Belgium,2,1,1962,2.783872844,3.675767556,0.2835784431,173
23,Brain and central nervous system,56,Belgium,2,1,1963,3.15623116,4.306886796,0.3446123626,204
23,Brain and central nervous system,56,Belgium,2,1,1964,3.108353122,3.980224568,0.3063817199,190
23,Brain and central nervous system,56,Belgium,2,1,1965,3.184381927,4.094101999,0.3124379268,197
23,Brain and central nervous system,56,Belgium,2,1,1966,3.735986648,4.912889109,0.381091495,238
23,Brain and central nervous system,56,Belgium,2,1,1967,3.396127191,4.699846075,0.360551742,229
23,Brain and central nervous system,56,Belgium,2,1,1968,3.111552117,4.107825305,0.3207285948,201
23,Brain and central nervous system,56,Belgium,2,1,1969,3.235050743,4.238496964,0.3274762082,208
23,Brain and central nervous system,56,Belgium,2,1,1970,3.460252982,4.469727753,0.3572410009,220
23,Brain and central nervous system,56,Belgium,2,1,1971,3.743661052,4.939171272,0.382156617,244
23,Brain and central nervous system,56,Belgium,2,1,1972,3.954503662,5.202871662,0.4125041503,258
23,Brain and central nervous system,56,Belgium,2,1,1973,3.874159596,5.146038957,0.4061765083,256
23,Brain and central nervous system,56,Belgium,2,1,1974,4.622673846,5.901126031,0.4699321818,294
23,Brain and central nervous system,56,Belgium,2,1,1975,4.212898462,6.017232073,0.4688130464,301
23,Brain and central nervous system,56,Belgium,2,1,1976,3.964448199,5.447688225,0.4231202291,273
23,Brain and central nervous system,56,Belgium,2,1,1977,3.813291367,5.319678827,0.4124844856,267
23,Brain and central nervous system,56,Belgium,2,1,1978,4.841131518,6.828316611,0.5364154622,343
23,Brain and central nervous system,56,Belgium,2,1,1979,3.966328892,5.961725721,0.4200368483,300
23,Brain and central nervous system,56,Belgium,2,1,1980,4.082537891,6.17553614,0.4233159613,311
23,Brain and central nervous system,56,Belgium,2,1,1981,4.269518249,6.39079091,0.4815226663,322
23,Brain and central nervous system,56,Belgium,2,1,1982,3.850792084,5.789630217,0.4320728286,292
23,Brain and central nervous system,56,Belgium,2,1,1983,4.4879923,6.957521457,0.4775560099,351
23,Brain and central nervous system,56,Belgium,2,1,1984,4.006938716,6.483592743,0.4527405709,327
23,Brain and central nervous system,56,Belgium,2,1,1985,4.030911591,6.162809131,0.4234403622,311
23,Brain and central nervous system,56,Belgium,2,1,1986,4.176465628,7.031652339,0.4715863505,355
23,Brain and central nervous system,56,Belgium,2,1,1987,4.216625599,6.750737434,0.4626909183,341
23,Brain and central nervous system,56,Belgium,2,1,1988,3.722404826,6.257155264,0.4104821601,317
23,Brain and central nervous system,56,Belgium,2,1,1989,3.812899144,6.865618791,0.4248082364,349
23,Brain and central nervous system,56,Belgium,2,1,1990,3.643625262,6.572364678,0.3936766255,335
23,Brain and central nervous system,56,Belgium,2,1,1991,4.386718353,7.214781504,0.4594006623,369
23,Brain and central nervous system,56,Belgium,2,1,1992,4.008937911,6.837040788,0.4356237412,351
23,Brain and central nervous system,56,Belgium,2,1,1993,4.235535711,7.025715672,0.4457229543,362
23,Brain and central nervous system,56,Belgium,2,1,1994,4.301234272,7.217911256,0.4913288094,373
23,Brain and central nervous system,56,Belgium,2,1,1995,4.267658982,7.683249358,0.46855837,398
23,Brain and central nervous system,56,Belgium,2,1,1996,3.789307517,6.799759601,0.4140266671,353
23,Brain and central nervous system,56,Belgium,2,1,1997,4.064403135,6.963619512,0.4352255127,362
23,Brain and central nervous system,56,Belgium,2,1,1998,3.782249683,6.462360204,0.4185762266,337
23,Brain and central nervous system,56,Belgium,2,1,1999,3.548001845,6.696566517,0.3820093902,350
23,Brain and central nervous system,56,Belgium,2,1,2000,3.011706006,5.115246699,0.3410379202,268
23,Brain and central nervous system,56,Belgium,2,1,2001,2.96378623,5.231698615,0.3372447326,275
23,Brain and central nervous system,56,Belgium,2,1,2002,3.013579064,5.096428597,0.3341961761,269
23,Brain and central nervous system,56,Belgium,2,1,2003,2.747146475,4.529069265,0.3173011099,240
23,Brain and central nervous system,56,Belgium,2,1,2004,3.037934673,5.035808734,0.3601453034,268
23,Brain and central nervous system,56,Belgium,2,1,2005,3.0390859,4.970987003,0.3348871881,266
23,Brain and central nervous system,56,Belgium,2,1,2006,2.604489489,4.530811701,0.2651881053,244
23,Brain and central nervous system,56,Belgium,2,1,2007,2.686570932,4.849851904,0.3065376265,263
23,Brain and central nervous system,56,Belgium,2,1,2008,2.938446459,5.088314284,0.313441316,278
23,Brain and central nervous system,56,Belgium,2,1,2009,3.097040483,5.194273078,0.3546663275,286
23,Brain and central nervous system,56,Belgium,2,1,2010,2.662414091,4.794051179,0.2825178604,265
23,Brain and central nervous system,56,Belgium,2,1,2011,3.22934445,5.518921506,0.3332640217,309
23,Brain and central nervous system,56,Belgium,2,1,2012,3.135374439,5.227650906,0.3564418301,295
23,Brain and central nervous system,56,Belgium,2,1,2013,2.793818311,4.787613037,0.3063516367,272
23,Brain and central nervous system,56,Belgium,2,1,2014,2.757198472,4.85462331,0.3087970998,277
23,Brain and central nervous system,56,Belgium,2,1,2015,2.692136567,4.996007561,0.3047619087,286
23,Brain and central nervous system,56,Belgium,2,1,2016,2.556865527,4.775382504,0.2925441801,275
23,Brain and central nervous system,56,Belgium,2,1,2017,2.235388542,4.416793585,0.2627184343,255
23,Brain and central nervous system,56,Belgium,2,1,2018,2.485555093,4.519159685,0.2779461677,262
23,Brain and central nervous system,56,Belgium,2,1,2019,2.729446019,5.200860494,0.3099359928,303
23,Brain and central nervous system,56,Belgium,2,1,2020,2.879793315,5.164369748,0.3034683881,302
23,Brain and central nervous system,56,Belgium,2,1,2021,2.769409965,5.043325746,0.3009251332,296
23,Brain and central nervous system,578,Norway,1,0,1953,5.891230762,6.345663876,0.5505624503,106
23,Brain and central nervous system,578,Norway,1,0,1954,6.017757147,6.693606954,0.5834685504,113
23,Brain and central nervous system,578,Norway,1,0,1955,7.341475502,8.029838175,0.673097715,137
23,Brain and central nervous system,578,Norway,1,0,1956,6.19442811,6.790270877,0.5878535643,117
23,Brain and central nervous system,578,Norway,1,0,1957,7.625206931,8.625508042,0.7140846992,150
23,Brain and central nervous system,578,Norway,1,0,1958,6.711935901,7.350705881,0.6164292284,129
23,Brain and central nervous system,578,Norway,1,0,1959,6.932863178,7.965291665,0.70353529,141
23,Brain and central nervous system,578,Norway,1,0,1960,7.949685859,9.022382794,0.7445966076,161
23,Brain and central nervous system,578,Norway,1,0,1961,6.877380789,7.616730566,0.6626788431,137
23,Brain and central nervous system,578,Norway,1,0,1962,6.002218083,6.893991914,0.5943106995,125
23,Brain and central nervous system,578,Norway,1,0,1963,7.295976156,8.210679467,0.678610867,150
23,Brain and central nervous system,578,Norway,1,0,1964,8.001552311,8.637431586,0.7043291483,159
23,Brain and central nervous system,578,Norway,1,0,1965,8.241384671,9.594766648,0.8286538027,178
23,Brain and central nervous system,578,Norway,1,0,1966,6.589054629,7.650910873,0.6596928183,143
23,Brain and central nervous system,578,Norway,1,0,1967,7.382438461,8.278828832,0.6970233984,156
23,Brain and central nervous system,578,Norway,1,0,1968,7.98354001,8.996439304,0.7568597331,171
23,Brain and central nervous system,578,Norway,1,0,1969,8.194899957,9.081170793,0.7699156207,174
23,Brain and central nervous system,578,Norway,1,0,1970,7.182291249,8.08882987,0.6606050489,156
23,Brain and central nervous system,578,Norway,1,0,1971,7.05569783,7.98541194,0.7049036219,155
23,Brain and central nervous system,578,Norway,1,0,1972,7.107431372,8.181333112,0.6903285949,160
23,Brain and central nervous system,578,Norway,1,0,1973,8.062065384,9.244500792,0.8086398759,182
23,Brain and central nervous system,578,Norway,1,0,1974,6.770163929,8.079322791,0.7124197258,160
23,Brain and central nervous system,578,Norway,1,0,1975,8.890727346,9.79632929,0.8289340388,195
23,Brain and central nervous system,578,Norway,1,0,1976,8.650044693,9.955029779,0.8280939431,199
23,Brain and central nervous system,578,Norway,1,0,1977,7.785920207,8.8711267,0.7742134511,178
23,Brain and central nervous system,578,Norway,1,0,1978,8.889728164,10.13345109,0.8824754991,204
23,Brain and central nervous system,578,Norway,1,0,1979,8.942645541,10.05392967,0.8418972458,203
23,Brain and central nervous system,578,Norway,1,0,1980,8.125692771,9.680350863,0.8155373558,196
23,Brain and central nervous system,578,Norway,1,0,1981,9.226594997,10.88374267,0.9082243702,221
23,Brain and central nervous system,578,Norway,1,0,1982,9.021653651,10.45655632,0.9068729599,213
23,Brain and central nervous system,578,Norway,1,0,1983,8.853981907,10.62164785,0.9008963424,217
23,Brain and central nervous system,578,Norway,1,0,1984,8.680551139,10.40137845,0.8836371629,213
23,Brain and central nervous system,578,Norway,1,0,1985,10.80427113,12.71158271,1.086066285,261
23,Brain and central nervous system,578,Norway,1,0,1986,9.237019066,11.06844474,0.9166858361,228
23,Brain and central nervous system,578,Norway,1,0,1987,11.67922349,13.9144719,1.162030581,288
23,Brain and central nervous system,578,Norway,1,0,1988,9.517827935,11.23855612,0.9295477959,234
23,Brain and central nervous system,578,Norway,1,0,1989,10.0480251,11.76650096,0.9661835738,246
23,Brain and central nervous system,578,Norway,1,0,1990,10.47277394,12.77932724,1.024267948,268
23,Brain and central nervous system,578,Norway,1,0,1991,8.187755832,10.25068379,0.8069568897,216
23,Brain and central nervous system,578,Norway,1,0,1992,10.73891502,12.925202,1.024133903,274
23,Brain and central nervous system,578,Norway,1,0,1993,11.44623795,14.06964804,1.112772623,300
23,Brain and central nervous system,578,Norway,1,0,1994,9.1533749,11.0067029,0.8427539508,236
23,Brain and central nervous system,578,Norway,1,0,1995,8.908374084,11.59845499,0.950438042,250
23,Brain and central nervous system,578,Norway,1,0,1996,11.27629729,14.35546059,1.108177522,311
23,Brain and central nervous system,578,Norway,1,0,1997,9.923180485,12.34723736,0.9806729715,269
23,Brain and central nervous system,578,Norway,1,0,1998,10.7792588,14.00335031,1.105450696,307
23,Brain and central nervous system,578,Norway,1,0,1999,12.20964852,15.30554833,1.231147238,338
23,Brain and central nervous system,578,Norway,1,0,2000,11.4576472,14.83665851,1.158970418,330
23,Brain and central nervous system,578,Norway,1,0,2001,12.36337903,16.0063131,1.151727387,358
23,Brain and central nervous system,578,Norway,1,0,2002,13.18931116,16.31821497,1.262567193,367
23,Brain and central nervous system,578,Norway,1,0,2003,13.91702824,17.1043827,1.40282933,387
23,Brain and central nervous system,578,Norway,1,0,2004,13.0765357,17.26289166,1.262874601,393
23,Brain and central nervous system,578,Norway,1,0,2005,14.15322549,18.75251714,1.376645195,430
23,Brain and central nervous system,578,Norway,1,0,2006,13.11795247,17.45981703,1.282370475,404
23,Brain and central nervous system,578,Norway,1,0,2007,16.20606782,20.91568886,1.514591708,490
23,Brain and central nervous system,578,Norway,1,0,2008,13.47893885,18.00307609,1.257573526,428
23,Brain and central nervous system,578,Norway,1,0,2009,13.19374504,17.83564454,1.313007663,430
23,Brain and central nervous system,578,Norway,1,0,2010,12.62658941,17.47278471,1.277640264,427
23,Brain and central nervous system,578,Norway,1,0,2011,13.70440681,18.54943424,1.323912505,460
23,Brain and central nervous system,578,Norway,1,0,2012,13.62402211,18.90847642,1.366237334,476
23,Brain and central nervous system,578,Norway,1,0,2013,12.94229791,17.55712237,1.290574007,448
23,Brain and central nervous system,578,Norway,1,0,2014,13.48808,18.89181686,1.334822626,488
23,Brain and central nervous system,578,Norway,1,0,2015,13.34487866,18.03238363,1.2930223,471
23,Brain and central nervous system,578,Norway,1,0,2016,11.67172415,16.53318459,1.125827098,436
23,Brain and central nervous system,578,Norway,1,0,2017,13.04032156,18.31688168,1.25426405,487
23,Brain and central nervous system,578,Norway,1,0,2018,12.82666329,17.59615589,1.209260926,471
23,Brain and central nervous system,578,Norway,1,0,2019,11.25285701,16.21029613,1.097464237,437
23,Brain and central nervous system,578,Norway,1,0,2020,10.94710897,15.81327508,1.030297021,429
23,Brain and central nervous system,578,Norway,1,0,2021,11.26797067,16.09063241,1.061125432,439
23,Brain and central nervous system,578,Norway,1,0,2022,11.69111426,17.55469305,1.138967287,483
23,Brain and central nervous system,578,Norway,1,0,2023,10.94690394,16.47130074,1.060871172,458
23,Brain and central nervous system,578,Norway,1,1,1956,4.185216132,4.642256136,0.3990130757,80
23,Brain and central nervous system,578,Norway,1,1,1957,4.62299266,5.172711075,0.4235261735,90
23,Brain and central nervous system,578,Norway,1,1,1958,4.970158851,5.695733895,0.5028502995,100
23,Brain and central nervous system,578,Norway,1,1,1959,5.334940506,5.984981085,0.5213603425,106
23,Brain and central nervous system,578,Norway,1,1,1960,4.835487199,5.486814848,0.5023167689,98
23,Brain and central nervous system,578,Norway,1,1,1961,4.079093033,4.558848057,0.4111388723,82
23,Brain and central nervous system,578,Norway,1,1,1962,3.273467002,3.805636755,0.3281311515,69
23,Brain and central nervous system,578,Norway,1,1,1963,4.021038065,4.652181052,0.4191720467,85
23,Brain and central nervous system,578,Norway,1,1,1964,4.594607823,5.26858943,0.4350464275,97
23,Brain and central nervous system,578,Norway,1,1,1965,5.463959696,6.199460916,0.5463157155,115
23,Brain and central nervous system,578,Norway,1,1,1966,3.575674774,4.118087496,0.3563688881,77
23,Brain and central nervous system,578,Norway,1,1,1967,3.691034344,4.295259306,0.3596706229,81
23,Brain and central nervous system,578,Norway,1,1,1968,4.841073184,5.577479611,0.4898630809,106
23,Brain and central nervous system,578,Norway,1,1,1969,4.468345594,5.063158994,0.4230968308,97
23,Brain and central nervous system,578,Norway,1,1,1970,4.307127626,4.771289285,0.3961646488,92
23,Brain and central nervous system,578,Norway,1,1,1971,4.25342722,4.945904173,0.4178147426,96
23,Brain and central nervous system,578,Norway,1,1,1972,4.235786707,4.960114543,0.4242791557,97
23,Brain and central nervous system,578,Norway,1,1,1973,4.269178483,4.963281844,0.4412981315,98
23,Brain and central nervous system,578,Norway,1,1,1974,4.638944522,5.403221734,0.4751398915,107
23,Brain and central nervous system,578,Norway,1,1,1975,4.97415408,5.928158754,0.4943901904,118
23,Brain and central nervous system,578,Norway,1,1,1976,4.480573599,5.252889089,0.4611673486,105
23,Brain and central nervous system,578,Norway,1,1,1977,4.739142434,5.383043413,0.4702018572,108
23,Brain and central nervous system,578,Norway,1,1,1978,3.892226414,4.719324391,0.4196408136,95
23,Brain and central nervous system,578,Norway,1,1,1979,4.801264517,5.843609171,0.5100844698,118
23,Brain and central nervous system,578,Norway,1,1,1980,4.072648975,5.037534571,0.4391027335,102
23,Brain and central nervous system,578,Norway,1,1,1981,4.500710831,5.416851332,0.4762031324,110
23,Brain and central nervous system,578,Norway,1,1,1982,5.545962256,6.628369421,0.5832546516,135
23,Brain and central nervous system,578,Norway,1,1,1983,5.54026946,6.461402908,0.5858780881,132
23,Brain and central nervous system,578,Norway,1,1,1984,4.366977094,5.566949897,0.5212335865,114
23,Brain and central nervous system,578,Norway,1,1,1985,5.407144394,6.47737788,0.5850863389,133
23,Brain and central nervous system,578,Norway,1,1,1986,4.79130029,6.068255741,0.5718256496,125
23,Brain and central nervous system,578,Norway,1,1,1987,5.389206622,7.052799382,0.636113764,146
23,Brain and central nervous system,578,Norway,1,1,1988,5.194632048,6.243696268,0.5567717401,130
23,Brain and central nervous system,578,Norway,1,1,1989,4.882464184,6.169887125,0.5383529368,129
23,Brain and central nervous system,578,Norway,1,1,1990,5.257351088,6.722929481,0.5485103996,141
23,Brain and central nervous system,578,Norway,1,1,1991,4.849344086,6.12244898,0.5162571192,129
23,Brain and central nervous system,578,Norway,1,1,1992,4.610262075,5.755531443,0.5218773097,122
23,Brain and central nervous system,578,Norway,1,1,1993,4.2395339,5.252051583,0.4688929424,112
23,Brain and central nervous system,578,Norway,1,1,1994,4.334704175,5.269047841,0.461485014,113
23,Brain and central nervous system,578,Norway,1,1,1995,4.264320032,5.42772314,0.4752627482,117
23,Brain and central nervous system,578,Norway,1,1,1996,4.301504674,5.585302806,0.449692538,121
23,Brain and central nervous system,578,Norway,1,1,1997,4.804396423,6.105118201,0.5172192039,133
23,Brain and central nervous system,578,Norway,1,1,1998,4.255403171,5.88342607,0.5141161143,129
23,Brain and central nervous system,578,Norway,1,1,1999,4.208810438,5.615041791,0.4877158987,124
23,Brain and central nervous system,578,Norway,1,1,2000,5.888560005,7.949919123,0.6689819308,176
23,Brain and central nervous system,578,Norway,1,1,2001,4.505012352,6.438274828,0.5074153069,144
23,Brain and central nervous system,578,Norway,1,1,2002,5.583056576,7.514367337,0.5947835548,169
23,Brain and central nervous system,578,Norway,1,1,2003,5.550116294,7.557723773,0.6072578395,171
23,Brain and central nervous system,578,Norway,1,1,2004,5.467943665,7.774741578,0.56789587,177
23,Brain and central nervous system,578,Norway,1,1,2005,4.909123391,6.933941776,0.5373729683,159
23,Brain and central nervous system,578,Norway,1,1,2006,4.572212858,6.655458989,0.5126525184,154
23,Brain and central nervous system,578,Norway,1,1,2007,4.644683631,7.085701992,0.4926407545,166
23,Brain and central nervous system,578,Norway,1,1,2008,5.172864864,7.529306458,0.5423864627,179
23,Brain and central nervous system,578,Norway,1,1,2009,4.991012289,7.549040245,0.5503920154,182
23,Brain and central nervous system,578,Norway,1,1,2010,4.758721223,6.997279245,0.5262091975,171
23,Brain and central nervous system,578,Norway,1,1,2011,5.171686247,7.782681719,0.5683576134,193
23,Brain and central nervous system,578,Norway,1,1,2012,4.567878799,6.713303603,0.5293853852,169
23,Brain and central nervous system,578,Norway,1,1,2013,4.903868818,7.406911001,0.5909885057,189
23,Brain and central nervous system,578,Norway,1,1,2014,5.404443173,8.207100768,0.5990294164,212
23,Brain and central nervous system,578,Norway,1,1,2015,4.412650956,6.814766604,0.4731336766,178
23,Brain and central nervous system,578,Norway,1,1,2016,4.407611295,7.242748293,0.5072765222,191
23,Brain and central nervous system,578,Norway,2,0,1953,4.77737841,5.501474158,0.4660701179,93
23,Brain and central nervous system,578,Norway,2,0,1954,5.911460844,6.740645742,0.5144428422,115
23,Brain and central nervous system,578,Norway,2,0,1955,5.491145513,6.387687326,0.5292214926,110
23,Brain and central nervous system,578,Norway,2,0,1956,5.646248247,6.675383029,0.5304107864,116
23,Brain and central nervous system,578,Norway,2,0,1957,5.661120189,6.50347137,0.5038075287,114
23,Brain and central nervous system,578,Norway,2,0,1958,6.124313932,7.296132484,0.5893088989,129
23,Brain and central nervous system,578,Norway,2,0,1959,6.065286888,7.068033752,0.5585804082,126
23,Brain and central nervous system,578,Norway,2,0,1960,6.002635555,6.956858572,0.6017129057,125
23,Brain and central nervous system,578,Norway,2,0,1961,6.42884958,7.619560848,0.6492927747,138
23,Brain and central nervous system,578,Norway,2,0,1962,5.38865896,6.517889004,0.5232919048,119
23,Brain and central nervous system,578,Norway,2,0,1963,5.848456484,7.175285707,0.6021885587,132
23,Brain and central nervous system,578,Norway,2,0,1964,5.178591925,6.420239184,0.5248059912,119
23,Brain and central nervous system,578,Norway,2,0,1965,6.2221937,7.387621825,0.5917077705,138
23,Brain and central nervous system,578,Norway,2,0,1966,5.559760766,6.794222894,0.5480979347,128
23,Brain and central nervous system,578,Norway,2,0,1967,6.5051439,7.732511899,0.644750143,147
23,Brain and central nervous system,578,Norway,2,0,1968,7.088132695,8.393151918,0.674185908,161
23,Brain and central nervous system,578,Norway,2,0,1969,6.637571478,7.648877256,0.6135503826,148
23,Brain and central nervous system,578,Norway,2,0,1970,6.132551904,7.081277155,0.5755256815,138
23,Brain and central nervous system,578,Norway,2,0,1971,6.049346014,6.880735698,0.532783306,135
23,Brain and central nervous system,578,Norway,2,0,1972,5.619402282,6.726233448,0.5155450183,133
23,Brain and central nervous system,578,Norway,2,0,1973,5.322421934,6.426107669,0.5207055517,128
23,Brain and central nervous system,578,Norway,2,0,1974,6.500097521,7.880715888,0.6653063478,158
23,Brain and central nervous system,578,Norway,2,0,1975,7.932914074,9.222658783,0.7841210848,186
23,Brain and central nervous system,578,Norway,2,0,1976,7.920259841,9.175389041,0.7645862285,186
23,Brain and central nervous system,578,Norway,2,0,1977,7.376526621,9.034241987,0.6834921311,184
23,Brain and central nervous system,578,Norway,2,0,1978,6.583841174,8.164117335,0.6379592278,167
23,Brain and central nervous system,578,Norway,2,0,1979,8.38750622,10.32430995,0.8319384581,212
23,Brain and central nervous system,578,Norway,2,0,1980,8.23971252,9.850065505,0.8133716255,203
23,Brain and central nervous system,578,Norway,2,0,1981,7.157572074,8.940869439,0.7242508545,185
23,Brain and central nervous system,578,Norway,2,0,1982,9.353569156,11.35823562,0.9137889207,236
23,Brain and central nervous system,578,Norway,2,0,1983,8.39690731,10.26165051,0.8322282583,214
23,Brain and central nervous system,578,Norway,2,0,1984,7.43280837,9.797860577,0.7347182977,205
23,Brain and central nervous system,578,Norway,2,0,1985,8.915000465,11.52781407,0.9306007094,242
23,Brain and central nervous system,578,Norway,2,0,1986,9.380531376,11.48723635,0.9032152392,242
23,Brain and central nervous system,578,Norway,2,0,1987,9.635715163,12.19074836,0.9962434133,258
23,Brain and central nervous system,578,Norway,2,0,1988,9.586101344,11.9396306,0.9373367296,254
23,Brain and central nervous system,578,Norway,2,0,1989,9.620976681,12.9200176,0.998588559,276
23,Brain and central nervous system,578,Norway,2,0,1990,9.84187074,12.9177517,0.9680576727,277
23,Brain and central nervous system,578,Norway,2,0,1991,9.791700062,12.76365357,1.009463377,275
23,Brain and central nervous system,578,Norway,2,0,1992,9.464057292,12.64706249,0.969201477,274
23,Brain and central nervous system,578,Norway,2,0,1993,10.88019082,14.59312375,1.085116929,318
23,Brain and central nervous system,578,Norway,2,0,1994,8.411299433,11.45213532,0.8903030793,251
23,Brain and central nervous system,578,Norway,2,0,1995,10.98723655,14.47680421,1.06707509,319
23,Brain and central nervous system,578,Norway,2,0,1996,11.3858696,15.39632673,1.117582942,341
23,Brain and central nervous system,578,Norway,2,0,1997,12.06702175,16.4381236,1.198082497,366
23,Brain and central nervous system,578,Norway,2,0,1998,12.25252609,17.19416658,1.213339152,385
23,Brain and central nervous system,578,Norway,2,0,1999,12.4246512,17.57216959,1.232360129,396
23,Brain and central nervous system,578,Norway,2,0,2000,12.43512015,17.6464412,1.236035164,400
23,Brain and central nervous system,578,Norway,2,0,2001,14.10621328,20.11300611,1.489445699,458
23,Brain and central nervous system,578,Norway,2,0,2002,16.10344636,21.44911721,1.611095318,491
23,Brain and central nervous system,578,Norway,2,0,2003,15.94061072,22.58634009,1.610055758,520
23,Brain and central nervous system,578,Norway,2,0,2004,17.12314791,24.66149294,1.809446894,571
23,Brain and central nervous system,578,Norway,2,0,2005,17.06358782,24.28907779,1.756739139,566
23,Brain and central nervous system,578,Norway,2,0,2006,16.90973879,25.39637088,1.75449071,596
23,Brain and central nervous system,578,Norway,2,0,2007,17.84256089,25.86192143,1.850614839,612
23,Brain and central nervous system,578,Norway,2,0,2008,16.68060088,23.96647203,1.705989013,573
23,Brain and central nervous system,578,Norway,2,0,2009,16.70074573,24.81571232,1.741289314,600
23,Brain and central nervous system,578,Norway,2,0,2010,15.50207222,22.85876453,1.601490234,559
23,Brain and central nervous system,578,Norway,2,0,2011,14.82955899,21.42948839,1.4735081,530
23,Brain and central nervous system,578,Norway,2,0,2012,15.49320728,22.50934858,1.614259122,563
23,Brain and central nervous system,578,Norway,2,0,2013,13.80412148,20.48649898,1.396522926,518
23,Brain and central nervous system,578,Norway,2,0,2014,14.32257619,21.37571938,1.444286875,546
23,Brain and central nervous system,578,Norway,2,0,2015,14.54340258,21.29618926,1.502595652,549
23,Brain and central nervous system,578,Norway,2,0,2016,14.17587264,20.70002641,1.470638942,538
23,Brain and central nervous system,578,Norway,2,0,2017,15.33110369,22.95454828,1.539764021,601
23,Brain and central nervous system,578,Norway,2,0,2018,12.63229082,18.67035571,1.27812471,492
23,Brain and central nervous system,578,Norway,2,0,2019,13.90151187,20.39909452,1.343072781,541
23,Brain and central nervous system,578,Norway,2,0,2020,13.75373269,20.62579409,1.345892772,550
23,Brain and central nervous system,578,Norway,2,0,2021,13.52456962,20.70876977,1.346138241,555
23,Brain and central nervous system,578,Norway,2,0,2022,13.13626046,21.25122795,1.345320842,575
23,Brain and central nervous system,578,Norway,2,0,2023,12.76489876,18.80248609,1.21591932,515
23,Brain and central nervous system,578,Norway,2,1,1956,3.50357268,3.91164289,0.3195692288,68
23,Brain and central nervous system,578,Norway,2,1,1957,3.240025175,3.876189933,0.3178159405,68
23,Brain and central nervous system,578,Norway,2,1,1958,3.164307759,3.617045326,0.3045503137,64
23,Brain and central nervous system,578,Norway,2,1,1959,3.297589132,3.923107101,0.3064539175,70
23,Brain and central nervous system,578,Norway,2,1,1960,3.261781051,3.612716763,0.2883173395,65
23,Brain and central nervous system,578,Norway,2,1,1961,2.617434569,3.312720848,0.2712844178,60
23,Brain and central nervous system,578,Norway,2,1,1962,3.466514418,3.998247344,0.3303900382,73
23,Brain and central nervous system,578,Norway,2,1,1963,3.463360519,4.185692542,0.3529312455,77
23,Brain and central nervous system,578,Norway,2,1,1964,2.752885186,3.182995252,0.2636953584,59
23,Brain and central nervous system,578,Norway,2,1,1965,2.708618169,3.105091279,0.2528640255,58
23,Brain and central nervous system,578,Norway,2,1,1966,1.792847895,2.070943076,0.152533974,39
23,Brain and central nervous system,578,Norway,2,1,1967,2.594348549,3.212386118,0.2695558262,61
23,Brain and central nervous system,578,Norway,2,1,1968,2.997971807,3.492857888,0.2843872386,67
23,Brain and central nervous system,578,Norway,2,1,1969,3.506872632,3.82508012,0.3263941568,74
23,Brain and central nervous system,578,Norway,2,1,1970,2.935900485,3.233090424,0.2551359335,63
23,Brain and central nervous system,578,Norway,2,1,1971,2.688274949,3.007288853,0.2478399503,59
23,Brain and central nervous system,578,Norway,2,1,1972,2.932159587,3.489783532,0.2792242989,69
23,Brain and central nervous system,578,Norway,2,1,1973,2.865918872,3.452589442,0.283463881,69
23,Brain and central nervous system,578,Norway,2,1,1974,3.701159588,4.488554187,0.375184789,90
23,Brain and central nervous system,578,Norway,2,1,1975,3.293066728,4.16522041,0.3812889569,84
23,Brain and central nervous system,578,Norway,2,1,1976,3.715436553,4.341391219,0.3819547529,88
23,Brain and central nervous system,578,Norway,2,1,1977,3.539163493,4.46801198,0.3453211506,91
23,Brain and central nervous system,578,Norway,2,1,1978,2.449140126,3.031636595,0.2415011777,62
23,Brain and central nervous system,578,Norway,2,1,1979,3.001795148,3.847277686,0.2875653381,79
23,Brain and central nervous system,578,Norway,2,1,1980,3.729223408,4.706453178,0.4021454512,97
23,Brain and central nervous system,578,Norway,2,1,1981,3.184260365,4.397622384,0.3505907911,91
23,Brain and central nervous system,578,Norway,2,1,1982,4.254188596,5.342188854,0.425830233,111
23,Brain and central nervous system,578,Norway,2,1,1983,3.141463495,4.027617952,0.3416516775,84
23,Brain and central nervous system,578,Norway,2,1,1984,3.366888745,4.349280696,0.3633473541,91
23,Brain and central nervous system,578,Norway,2,1,1985,3.443435763,4.525317963,0.3707345862,95
23,Brain and central nervous system,578,Norway,2,1,1986,3.342509923,4.366812227,0.3560155311,92
23,Brain and central nervous system,578,Norway,2,1,1987,3.366371979,4.156825697,0.3476862048,88
23,Brain and central nervous system,578,Norway,2,1,1988,3.270790854,4.418123707,0.3508354276,94
23,Brain and central nervous system,578,Norway,2,1,1989,2.673296059,4.026028744,0.3216729098,86
23,Brain and central nervous system,578,Norway,2,1,1990,2.546931059,3.544445481,0.2916879333,76
23,Brain and central nervous system,578,Norway,2,1,1991,2.758814673,4.038059875,0.3195014706,87
23,Brain and central nervous system,578,Norway,2,1,1992,2.978100743,4.061663436,0.3434883467,88
23,Brain and central nervous system,578,Norway,2,1,1993,2.768431479,3.854094976,0.2972296337,84
23,Brain and central nervous system,578,Norway,2,1,1994,3.010767634,4.151081106,0.3294577716,91
23,Brain and central nervous system,578,Norway,2,1,1995,2.475347303,3.357379429,0.2631701939,74
23,Brain and central nervous system,578,Norway,2,1,1996,3.79253127,5.282882557,0.4038667137,117
23,Brain and central nervous system,578,Norway,2,1,1997,3.539015901,4.850662475,0.3983222689,108
23,Brain and central nervous system,578,Norway,2,1,1998,3.568653135,5.091103966,0.3957064418,114
23,Brain and central nervous system,578,Norway,2,1,1999,3.107382837,4.437407702,0.3412564589,100
23,Brain and central nervous system,578,Norway,2,1,2000,4.118134229,5.762081867,0.4583777958,130
23,Brain and central nervous system,578,Norway,2,1,2001,2.993046751,4.523221693,0.3344073283,103
23,Brain and central nervous system,578,Norway,2,1,2002,3.2177045,4.936345174,0.3556650428,113
23,Brain and central nervous system,578,Norway,2,1,2003,3.733840928,5.907182526,0.4164437549,136
23,Brain and central nervous system,578,Norway,2,1,2004,3.657702588,5.787351958,0.3835837239,134
23,Brain and central nervous system,578,Norway,2,1,2005,2.822564308,4.720410109,0.2989854146,110
23,Brain and central nervous system,578,Norway,2,1,2006,3.226324785,5.3690177,0.341140011,126
23,Brain and central nervous system,578,Norway,2,1,2007,3.120945109,5.197724833,0.3772432098,123
23,Brain and central nervous system,578,Norway,2,1,2008,3.670416405,5.813841628,0.4038010121,139
23,Brain and central nervous system,578,Norway,2,1,2009,3.161768909,5.376737669,0.3359355268,130
23,Brain and central nervous system,578,Norway,2,1,2010,3.34202648,5.765791112,0.3668179805,141
23,Brain and central nervous system,578,Norway,2,1,2011,3.63051978,5.579736661,0.3637274396,138
23,Brain and central nervous system,578,Norway,2,1,2012,3.565258924,5.357464848,0.3792390369,134
23,Brain and central nervous system,578,Norway,2,1,2013,2.706249441,4.389964068,0.3127108876,111
23,Brain and central nervous system,578,Norway,2,1,2014,3.160576396,4.972007987,0.3504293152,127
23,Brain and central nervous system,578,Norway,2,1,2015,2.848536031,4.926429402,0.3273361104,127
23,Brain and central nervous system,578,Norway,2,1,2016,3.308042315,5.386623974,0.3499713204,140
23,Brain and central nervous system,591,Panama,1,1,1999,2.156392368,1.819328546,0.2343713398,27
23,Brain and central nervous system,591,Panama,1,1,2000,2.094119765,1.784388976,0.2122680359,27
23,Brain and central nervous system,591,Panama,1,1,2001,2.312380346,1.880069705,0.2270045888,29
23,Brain and central nervous system,591,Panama,1,1,2002,3.704217545,3.053062221,0.4107055794,48
23,Brain and central nervous system,591,Panama,1,1,2003,2.627658677,2.246865622,0.2559368257,36
23,Brain and central nervous system,591,Panama,1,1,2004,3.955867611,3.246150708,0.3623745376,53
23,Brain and central nervous system,591,Panama,1,1,2005,2.764432074,2.404701673,0.2831985372,40
23,Brain and central nervous system,591,Panama,1,1,2006,3.026644735,2.53817294,0.293791231,43
23,Brain and central nervous system,591,Panama,1,1,2007,3.484488587,3.072380057,0.3047343275,53
23,Brain and central nervous system,591,Panama,1,1,2008,4.030391789,3.530253131,0.4356128585,62
23,Brain and central nervous system,591,Panama,1,1,2009,2.621911649,2.349428222,0.2255154872,42
23,Brain and central nervous system,591,Panama,1,1,2010,2.806455257,2.418543191,0.3007961985,44
23,Brain and central nervous system,591,Panama,1,1,2011,2.228875029,1.998593422,0.245614731,37
23,Brain and central nervous system,591,Panama,1,1,2012,3.211423005,3.078971369,0.3423266414,58
23,Brain and central nervous system,591,Panama,1,1,2013,2.078783358,1.982821461,0.2026746953,38
23,Brain and central nervous system,591,Panama,1,1,2014,2.171153545,2.10301706,0.2632426142,41
23,Brain and central nervous system,591,Panama,1,1,2015,1.559173997,1.512578604,0.1356514786,30
23,Brain and central nervous system,591,Panama,1,1,2016,1.445443377,1.486775872,0.1292529411,30
23,Brain and central nervous system,591,Panama,1,1,2017,1.359714508,1.364179378,0.1609106248,28
23,Brain and central nervous system,591,Panama,1,1,2018,1.977854958,2.060409284,0.203868444,43
23,Brain and central nervous system,591,Panama,1,1,2019,2.058796146,2.169663947,0.1725663739,46
23,Brain and central nervous system,591,Panama,1,1,2020,1.437671573,1.536976869,0.14362433,33
23,Brain and central nervous system,591,Panama,1,1,2021,1.360330758,1.425939683,0.1517167625,31
23,Brain and central nervous system,591,Panama,1,1,2022,1.806924547,1.998909686,0.207595636,44
23,Brain and central nervous system,591,Panama,2,1,1999,1.210768253,1.02196614,0.134511274,15
23,Brain and central nervous system,591,Panama,2,1,2000,1.704068332,1.402576065,0.1555131716,21
23,Brain and central nervous system,591,Panama,2,1,2001,1.860473998,1.637151017,0.1699937573,25
23,Brain and central nervous system,591,Panama,2,1,2002,2.19083719,2.119259056,0.2004648116,33
23,Brain and central nervous system,591,Panama,2,1,2003,2.370147059,2.078643263,0.2850842177,33
23,Brain and central nervous system,591,Panama,2,1,2004,3.809895539,3.460098576,0.3506668345,56
23,Brain and central nervous system,591,Panama,2,1,2005,2.848780345,2.606667249,0.2856499045,43
23,Brain and central nervous system,591,Panama,2,1,2006,2.677081365,2.617657767,0.2509824795,44
23,Brain and central nervous system,591,Panama,2,1,2007,2.395841759,2.219051963,0.2927000125,38
23,Brain and central nervous system,591,Panama,2,1,2008,2.742128558,2.694333072,0.2585207974,47
23,Brain and central nervous system,591,Panama,2,1,2009,1.711073587,1.688512263,0.1699167109,30
23,Brain and central nervous system,591,Panama,2,1,2010,1.522899798,1.54759661,0.1481938669,28
23,Brain and central nervous system,591,Panama,2,1,2011,1.84716583,1.845615361,0.1748186662,34
23,Brain and central nervous system,591,Panama,2,1,2012,2.552278144,2.719264711,0.2148444061,51
23,Brain and central nervous system,591,Panama,2,1,2013,1.893795955,1.938318514,0.2242191481,37
23,Brain and central nervous system,591,Panama,2,1,2014,1.595401607,1.647341294,0.1674846216,32
23,Brain and central nervous system,591,Panama,2,1,2015,1.558807521,1.720068904,0.1578985895,34
23,Brain and central nervous system,591,Panama,2,1,2016,1.265319196,1.342417356,0.1282298504,27
23,Brain and central nervous system,591,Panama,2,1,2017,1.19618837,1.368398212,0.1302130402,28
23,Brain and central nervous system,591,Panama,2,1,2018,1.404669546,1.585855324,0.1384034761,33
23,Brain and central nervous system,591,Panama,2,1,2019,1.099161104,1.229572544,0.1376231549,26
23,Brain and central nervous system,591,Panama,2,1,2020,1.11856465,1.306591755,0.146004149,28
23,Brain and central nervous system,591,Panama,2,1,2021,1.467117415,1.750020609,0.1822732896,38
23,Brain and central nervous system,591,Panama,2,1,2022,1.425350623,1.90946065,0.1556419432,42
23,Brain and central nervous system,600,Paraguay,1,1,1997,2.047491777,1.528297881,0.2259906526,37
23,Brain and central nervous system,600,Paraguay,1,1,1998,2.433962429,1.535684871,0.2511579419,38
23,Brain and central nervous system,600,Paraguay,1,1,1999,2.865078375,1.899752439,0.3211522398,48
23,Brain and central nervous system,600,Paraguay,1,1,2000,3.207085799,2.173840892,0.3480323336,56
23,Brain and central nervous system,600,Paraguay,1,1,2001,1.831358893,1.183201817,0.1633367656,31
23,Brain and central nervous system,600,Paraguay,1,1,2002,1.229182138,0.94081148,0.1290722824,25
23,Brain and central nervous system,600,Paraguay,1,1,2003,1.931190689,1.338328769,0.2063061187,36
23,Brain and central nervous system,600,Paraguay,1,1,2004,1.966576654,1.507071473,0.188775367,41
23,Brain and central nervous system,600,Paraguay,1,1,2005,1.494197079,1.163591724,0.1467158475,32
23,Brain and central nervous system,600,Paraguay,1,1,2006,1.448899173,1.187823941,0.1619239215,33
23,Brain and central nervous system,600,Paraguay,1,1,2007,1.212180431,0.9269915701,0.1411231197,26
23,Brain and central nervous system,600,Paraguay,1,1,2008,1.467932371,1.130244422,0.154928145,32
23,Brain and central nervous system,600,Paraguay,1,1,2009,1.421912479,1.014192221,0.1608778032,29
23,Brain and central nervous system,600,Paraguay,1,1,2010,1.690416381,1.348467985,0.1864768553,39
23,Brain and central nervous system,600,Paraguay,1,1,2011,1.33342183,0.9897747733,0.1456851493,29
23,Brain and central nervous system,600,Paraguay,1,1,2012,1.081470311,0.8415771425,0.1392158867,25
23,Brain and central nervous system,600,Paraguay,1,1,2013,1.971956628,1.692821028,0.2070290499,51
23,Brain and central nervous system,600,Paraguay,1,1,2014,1.51242487,1.243576966,0.1486648766,38
23,Brain and central nervous system,600,Paraguay,1,1,2015,2.181616695,1.838955564,0.2178981557,57
23,Brain and central nervous system,600,Paraguay,1,1,2016,1.41065502,1.240548965,0.1630020014,39
23,Brain and central nervous system,600,Paraguay,1,1,2017,1.952309145,1.725444996,0.1970431747,55
23,Brain and central nervous system,600,Paraguay,1,1,2018,1.680101139,1.392782231,0.194116641,45
23,Brain and central nervous system,600,Paraguay,1,1,2019,1.928971589,1.649469673,0.1879709694,54
23,Brain and central nervous system,600,Paraguay,1,1,2020,2.207594676,1.9596759,0.2225321864,65
23,Brain and central nervous system,600,Paraguay,1,1,2021,1.894934801,1.728690904,0.2166303102,58
23,Brain and central nervous system,600,Paraguay,2,1,1997,1.433984493,1.095466538,0.1014664416,26
23,Brain and central nervous system,600,Paraguay,2,1,1998,1.568811154,1.154372836,0.1456200328,28
23,Brain and central nervous system,600,Paraguay,2,1,1999,1.696318641,1.292151653,0.1890333275,32
23,Brain and central nervous system,600,Paraguay,2,1,2000,1.503848122,1.227828536,0.1639855225,31
23,Brain and central nervous system,600,Paraguay,2,1,2001,1.205878711,0.9346960943,0.09931317517,24
23,Brain and central nervous system,600,Paraguay,2,1,2002,1.301644473,1.113650961,0.1039381769,29
23,Brain and central nervous system,600,Paraguay,2,1,2003,1.556248021,1.213723649,0.1683268145,32
23,Brain and central nervous system,600,Paraguay,2,1,2004,1.191039158,0.8621767376,0.1309212291,23
23,Brain and central nervous system,600,Paraguay,2,1,2005,1.682109618,1.48258436,0.1426334842,40
23,Brain and central nervous system,600,Paraguay,2,1,2006,1.093846685,0.8434306652,0.1285870372,23
23,Brain and central nervous system,600,Paraguay,2,1,2007,1.105169552,0.9438707304,0.1170011329,26
23,Brain and central nervous system,600,Paraguay,2,1,2008,1.22416336,1.006351697,0.1200144843,28
23,Brain and central nervous system,600,Paraguay,2,1,2009,0.9646862905,0.746847769,0.1164964743,21
23,Brain and central nervous system,600,Paraguay,2,1,2010,1.234703971,1.05418493,0.1341446222,30
23,Brain and central nervous system,600,Paraguay,2,1,2011,1.062380172,0.8666513096,0.129542969,25
23,Brain and central nervous system,600,Paraguay,2,1,2012,0.6253876713,0.6150912642,0.06339833772,18
23,Brain and central nervous system,600,Paraguay,2,1,2013,1.4614994,1.212234476,0.1917499649,36
23,Brain and central nervous system,600,Paraguay,2,1,2014,1.112243736,1.028496145,0.106737448,31
23,Brain and central nervous system,600,Paraguay,2,1,2015,1.39414328,1.242025908,0.1441804183,38
23,Brain and central nervous system,600,Paraguay,2,1,2016,1.186882415,1.062679921,0.1224410141,33
23,Brain and central nervous system,600,Paraguay,2,1,2017,1.427342535,1.364612797,0.1317570535,43
23,Brain and central nervous system,600,Paraguay,2,1,2018,1.230971568,1.094968666,0.1367963456,35
23,Brain and central nervous system,600,Paraguay,2,1,2019,1.263561571,1.203228911,0.128356768,39
23,Brain and central nervous system,600,Paraguay,2,1,2020,1.695819445,1.612479005,0.229350656,53
23,Brain and central nervous system,600,Paraguay,2,1,2021,1.357690538,1.35174023,0.15729518,45
23,Brain and central nervous system,608,Philippines,1,0,1983,1.597512405,1.235763202,0.1163925607,23
23,Brain and central nervous system,608,Philippines,1,0,1984,3.036420466,1.793578146,0.2893043592,34
23,Brain and central nervous system,608,Philippines,1,0,1985,2.189046404,1.449601748,0.1813320258,28
23,Brain and central nervous system,608,Philippines,1,0,1986,2.814542152,2.033059582,0.3069729908,40
23,Brain and central nervous system,608,Philippines,1,0,1987,1.6246805,1.346733498,0.159583128,27
23,Brain and central nervous system,608,Philippines,1,0,1988,2.312821074,1.418956773,0.1455775302,29
23,Brain and central nervous system,608,Philippines,1,0,1989,3.128118555,2.207007729,0.3310778544,46
23,Brain and central nervous system,608,Philippines,1,0,1990,2.250869736,1.786992388,0.2051096425,38
23,Brain and central nervous system,608,Philippines,1,0,1991,3.183225065,2.052438434,0.3592103293,45
23,Brain and central nervous system,608,Philippines,1,0,1992,2.456575267,1.592315133,0.2677949462,36
23,Brain and central nervous system,608,Philippines,1,0,1993,2.982175299,2.187338228,0.2702152393,51
23,Brain and central nervous system,608,Philippines,1,0,1994,2.800801821,2.120729381,0.245985881,51
23,Brain and central nervous system,608,Philippines,1,0,1995,3.8010707,2.57996584,0.4423232022,64
23,Brain and central nervous system,608,Philippines,1,0,1996,3.153457284,2.46174045,0.3061374716,63
23,Brain and central nervous system,608,Philippines,1,0,1997,2.715069552,2.007217652,0.2863763197,53
23,Brain and central nervous system,608,Philippines,1,0,1998,3.501709249,2.519616593,0.3728307609,64
23,Brain and central nervous system,608,Philippines,1,0,1999,3.154202648,2.418694794,0.3300016943,62
23,Brain and central nervous system,608,Philippines,1,0,2000,3.048845967,2.270801116,0.3134202831,59
23,Brain and central nervous system,608,Philippines,1,0,2001,2.290884565,1.924089029,0.218902847,51
23,Brain and central nervous system,608,Philippines,1,0,2002,2.186387484,1.700988422,0.2377026756,46
23,Brain and central nervous system,608,Philippines,1,0,2003,2.942777627,2.31939858,0.2959429681,64
23,Brain and central nervous system,608,Philippines,1,0,2004,2.762408433,2.237433614,0.29097832,63
23,Brain and central nervous system,608,Philippines,1,0,2005,2.980209301,2.436034095,0.3007880132,70
23,Brain and central nervous system,608,Philippines,1,0,2006,3.205874332,2.148146405,0.3227996484,63
23,Brain and central nervous system,608,Philippines,1,0,2007,1.588992917,1.302828441,0.1027187108,39
23,Brain and central nervous system,608,Philippines,1,0,2008,2.352366526,1.959346819,0.2029829062,60
23,Brain and central nervous system,608,Philippines,1,0,2009,2.362648651,2.008266407,0.2134326285,63
23,Brain and central nervous system,608,Philippines,1,0,2010,1.72369398,1.46034208,0.1568695009,47
23,Brain and central nervous system,608,Philippines,1,0,2011,2.564620389,2.177186712,0.1873039928,72
23,Brain and central nervous system,608,Philippines,1,0,2012,2.094348334,1.792262129,0.2055606493,61
23,Brain and central nervous system,608,Philippines,1,0,2013,2.162456254,1.775092647,0.2246339238,57
23,Brain and central nervous system,608,Philippines,1,0,2014,1.896804433,1.505511863,0.1662574716,49
23,Brain and central nervous system,608,Philippines,1,0,2015,2.587899379,1.879747689,0.3434343224,62
23,Brain and central nervous system,608,Philippines,1,0,2016,2.310629656,1.954953657,0.2286756393,65
23,Brain and central nervous system,608,Philippines,1,0,2017,2.574284239,1.999123966,0.2207881815,67
23,Brain and central nervous system,608,Philippines,1,1,1992,2.480427496,1.357368203,0.2805846623,449
23,Brain and central nervous system,608,Philippines,1,1,1993,2.781035726,1.602198819,0.2740340821,543
23,Brain and central nervous system,608,Philippines,1,1,1994,2.775286473,1.66356289,0.2913847728,576
23,Brain and central nervous system,608,Philippines,1,1,1995,2.741760146,1.653550899,0.2936109661,585
23,Brain and central nervous system,608,Philippines,1,1,1996,3.039398829,1.709629462,0.3327625864,619
23,Brain and central nervous system,608,Philippines,1,1,1997,3.006951359,1.780292774,0.3333862855,660
23,Brain and central nervous system,608,Philippines,1,1,1998,3.127113495,1.805777842,0.3419622789,687
23,Brain and central nervous system,608,Philippines,1,1,1999,3.521349887,1.922845799,0.3934897997,751
23,Brain and central nervous system,608,Philippines,1,1,2000,3.126821876,1.814657937,0.3439035967,726
23,Brain and central nervous system,608,Philippines,1,1,2001,3.321730765,1.928572754,0.3658823937,789
23,Brain and central nervous system,608,Philippines,1,1,2002,2.383455683,1.365546822,0.262373921,570
23,Brain and central nervous system,608,Philippines,1,1,2003,2.366649555,1.385982339,0.2665322027,590
23,Brain and central nervous system,608,Philippines,1,1,2004,2.43871557,1.425539011,0.2754342564,618
23,Brain and central nervous system,608,Philippines,1,1,2005,2.524485612,1.472755385,0.2858722901,650
23,Brain and central nervous system,608,Philippines,1,1,2006,2.653198734,1.542814917,0.2988108971,693
23,Brain and central nervous system,608,Philippines,1,1,2007,2.155599239,1.320159643,0.2422486327,603
23,Brain and central nervous system,608,Philippines,1,1,2008,2.109221394,1.263188511,0.2288684114,587
23,Brain and central nervous system,608,Philippines,1,1,2009,1.977977097,1.222141284,0.2296101042,578
23,Brain and central nervous system,608,Philippines,1,1,2010,1.8639325,1.17202486,0.1979402419,566
23,Brain and central nervous system,608,Philippines,1,1,2011,2.034402744,1.256302289,0.2283525927,619
23,Brain and central nervous system,608,Philippines,1,1,2012,2.133080019,1.358220581,0.2441967,682
23,Brain and central nervous system,608,Philippines,1,1,2013,2.247574788,1.468117722,0.2594153464,751
23,Brain and central nervous system,608,Philippines,1,1,2014,2.383351285,1.593239841,0.2769393805,830
23,Brain and central nervous system,608,Philippines,1,1,2015,2.252332432,1.54372527,0.256723142,815
23,Brain and central nervous system,608,Philippines,1,1,2016,2.152312527,1.510460302,0.23962798,808
23,Brain and central nervous system,608,Philippines,1,1,2017,1.789829599,1.267546839,0.1953526575,686
23,Brain and central nervous system,608,Philippines,1,1,2018,1.704377222,1.277638202,0.186376019,699
23,Brain and central nervous system,608,Philippines,1,1,2019,1.728083903,1.291191122,0.1739938934,714
23,Brain and central nervous system,608,Philippines,2,0,1983,1.632130118,1.281471208,0.145662341,26
23,Brain and central nervous system,608,Philippines,2,0,1984,1.583424931,1.215112303,0.1301967644,25
23,Brain and central nervous system,608,Philippines,2,0,1985,1.902002097,1.580887549,0.1604476534,33
23,Brain and central nervous system,608,Philippines,2,0,1986,1.50627952,0.9445336766,0.1615203148,20
23,Brain and central nervous system,608,Philippines,2,0,1987,1.282132298,0.9772200695,0.1390530152,21
23,Brain and central nervous system,608,Philippines,2,0,1988,1.831125683,1.237377036,0.2345210443,27
23,Brain and central nervous system,608,Philippines,2,0,1989,1.859473599,1.53377139,0.1738419854,34
23,Brain and central nervous system,608,Philippines,2,0,1990,1.918885621,1.464584353,0.1827915856,33
23,Brain and central nervous system,608,Philippines,2,0,1991,2.401247778,1.639871313,0.2620203229,38
23,Brain and central nervous system,608,Philippines,2,0,1992,1.972006174,1.46848115,0.1775610925,35
23,Brain and central nervous system,608,Philippines,2,0,1993,2.021095521,1.468335348,0.2139654829,36
23,Brain and central nervous system,608,Philippines,2,0,1994,1.944948333,1.466885457,0.1758748281,37
23,Brain and central nervous system,608,Philippines,2,0,1995,2.52695949,1.96509377,0.28985785,51
23,Brain and central nervous system,608,Philippines,2,0,1996,3.05900227,2.134296687,0.3497868055,57
23,Brain and central nervous system,608,Philippines,2,0,1997,2.492444564,2.037428285,0.1965897561,56
23,Brain and central nervous system,608,Philippines,2,0,1998,2.694088868,2.122543535,0.2367500439,56
23,Brain and central nervous system,608,Philippines,2,0,1999,2.276077806,1.694085758,0.2254162769,45
23,Brain and central nervous system,608,Philippines,2,0,2000,2.616219545,2.008014955,0.2749652323,54
23,Brain and central nervous system,608,Philippines,2,0,2001,2.443601782,1.96774143,0.2225606978,54
23,Brain and central nervous system,608,Philippines,2,0,2002,1.985721596,1.535290984,0.1933507541,43
23,Brain and central nervous system,608,Philippines,2,0,2003,2.961337049,2.063810213,0.3317635524,59
23,Brain and central nervous system,608,Philippines,2,0,2004,1.966409699,1.576224504,0.2249931598,46
23,Brain and central nervous system,608,Philippines,2,0,2005,2.34459965,1.84591571,0.2295163912,55
23,Brain and central nervous system,608,Philippines,2,0,2006,2.233145495,1.807785706,0.2199799486,55
23,Brain and central nervous system,608,Philippines,2,0,2007,1.821131329,1.416174841,0.1766118617,44
23,Brain and central nervous system,608,Philippines,2,0,2008,1.418493338,1.194705568,0.1390888242,38
23,Brain and central nervous system,608,Philippines,2,0,2009,1.718102814,1.34999638,0.1568454903,44
23,Brain and central nervous system,608,Philippines,2,0,2010,1.730838123,1.525551644,0.1540507157,51
23,Brain and central nervous system,608,Philippines,2,0,2011,1.974828358,1.718872315,0.1923676042,59
23,Brain and central nervous system,608,Philippines,2,0,2012,1.564583847,1.360528792,0.1348435251,48
23,Brain and central nervous system,608,Philippines,2,0,2013,1.865662178,1.634371189,0.1699608032,54
23,Brain and central nervous system,608,Philippines,2,0,2014,1.865832839,1.586296315,0.2031040051,53
23,Brain and central nervous system,608,Philippines,2,0,2015,1.351746607,1.243261228,0.1063320656,42
23,Brain and central nervous system,608,Philippines,2,0,2016,1.781877291,1.620891703,0.1623587843,55
23,Brain and central nervous system,608,Philippines,2,0,2017,1.823156742,1.701790048,0.1552045059,58
23,Brain and central nervous system,608,Philippines,2,1,1992,1.965964196,1.35170487,0.2050692283,444
23,Brain and central nervous system,608,Philippines,2,1,1993,1.864331648,1.328787197,0.1876637872,447
23,Brain and central nervous system,608,Philippines,2,1,1994,1.747134054,1.30252202,0.1703505771,448
23,Brain and central nervous system,608,Philippines,2,1,1995,1.953549748,1.404692549,0.1922738883,494
23,Brain and central nervous system,608,Philippines,2,1,1996,2.1253605,1.511801164,0.2193908269,544
23,Brain and central nervous system,608,Philippines,2,1,1997,2.094843826,1.465947068,0.2209295974,540
23,Brain and central nervous system,608,Philippines,2,1,1998,1.947640186,1.38291059,0.193011723,522
23,Brain and central nervous system,608,Philippines,2,1,1999,2.068649931,1.462662276,0.2173331051,566
23,Brain and central nervous system,608,Philippines,2,1,2000,2.434288632,1.706301148,0.2496444255,676
23,Brain and central nervous system,608,Philippines,2,1,2001,2.379949562,1.716456034,0.2347890474,695
23,Brain and central nervous system,608,Philippines,2,1,2002,1.774032421,1.280023477,0.1913459294,529
23,Brain and central nervous system,608,Philippines,2,1,2003,1.524519218,1.09338214,0.1697248434,461
23,Brain and central nervous system,608,Philippines,2,1,2004,1.602161309,1.158888932,0.1746460343,498
23,Brain and central nervous system,608,Philippines,2,1,2005,1.69685878,1.235677702,0.1824535479,541
23,Brain and central nervous system,608,Philippines,2,1,2006,1.802814486,1.320891714,0.190882767,589
23,Brain and central nervous system,608,Philippines,2,1,2007,1.520310157,1.132186296,0.1638856717,514
23,Brain and central nervous system,608,Philippines,2,1,2008,1.493811258,1.105357484,0.1668101877,511
23,Brain and central nervous system,608,Philippines,2,1,2009,1.405324454,1.059668286,0.155971369,499
23,Brain and central nervous system,608,Philippines,2,1,2010,1.409462422,1.094815246,0.1483129303,526
23,Brain and central nervous system,608,Philippines,2,1,2011,1.532800808,1.223022228,0.1618394639,599
23,Brain and central nervous system,608,Philippines,2,1,2012,1.607773334,1.285203653,0.1714487082,641
23,Brain and central nervous system,608,Philippines,2,1,2013,1.686500371,1.353062921,0.1805962875,687
23,Brain and central nervous system,608,Philippines,2,1,2014,1.768731639,1.426303747,0.19016109,737
23,Brain and central nervous system,608,Philippines,2,1,2015,1.67009845,1.370644945,0.1808755701,719
23,Brain and central nervous system,608,Philippines,2,1,2016,1.599776624,1.335409585,0.1738638794,711
23,Brain and central nervous system,608,Philippines,2,1,2017,1.442367985,1.244458157,0.1530561405,672
23,Brain and central nervous system,608,Philippines,2,1,2018,1.424213349,1.23459126,0.1492632589,676
23,Brain and central nervous system,608,Philippines,2,1,2019,1.35193491,1.187239656,0.1414294435,659
23,Brain and central nervous system,616,Poland,1,0,1999,9.869911544,11.29129716,1.001207934,74
23,Brain and central nervous system,616,Poland,1,0,2000,9.797459004,11.30226534,0.8978502074,74
23,Brain and central nervous system,616,Poland,1,0,2001,8.672081703,9.951467459,0.8923310678,65
23,Brain and central nervous system,616,Poland,1,0,2002,8.846673652,10.64855994,0.8921224518,68
23,Brain and central nervous system,616,Poland,1,0,2003,7.195540032,9.43368044,0.7733298534,60
23,Brain and central nervous system,616,Poland,1,0,2004,7.282317443,9.303499062,0.7619505566,59
23,Brain and central nervous system,616,Poland,1,0,2005,7.558612768,9.500059375,0.8050618204,60
23,Brain and central nervous system,616,Poland,1,0,2006,7.705750569,10.02157024,0.8364592026,63
23,Brain and central nervous system,616,Poland,1,0,2007,8.749359517,11.18675488,0.8534044041,70
23,Brain and central nervous system,616,Poland,1,0,2008,7.230355127,9.786289889,0.7810230655,61
23,Brain and central nervous system,616,Poland,1,0,2009,10.6502533,13.51338308,1.04143352,84
23,Brain and central nervous system,616,Poland,1,0,2010,7.394002452,9.880367868,0.8863179928,62
23,Brain and central nervous system,616,Poland,1,0,2011,6.544735304,8.957090737,0.6400949533,56
23,Brain and central nervous system,616,Poland,1,0,2012,7.193881574,10.27226312,0.8328011133,64
23,Brain and central nervous system,616,Poland,1,0,2013,6.580672137,9.043460286,0.6348004104,56
23,Brain and central nervous system,616,Poland,1,0,2014,5.253855877,8.432386852,0.6331217363,52
23,Brain and central nervous system,616,Poland,1,0,2015,7.996790585,11.25213424,0.8695067901,69
23,Brain and central nervous system,616,Poland,1,0,2016,6.127166636,9.984548502,0.666790066,61
23,Brain and central nervous system,616,Poland,1,0,2017,7.328648605,11.83208302,0.7570951013,72
23,Brain and central nervous system,616,Poland,1,1,1999,5.61777391,6.503978497,0.6419241729,1222
23,Brain and central nervous system,616,Poland,1,1,2000,5.813197735,6.957236831,0.6803359859,1290
23,Brain and central nervous system,616,Poland,1,1,2001,5.763595028,6.971369094,0.6593775401,1292
23,Brain and central nervous system,616,Poland,1,1,2002,5.523876728,6.853095712,0.6247245293,1269
23,Brain and central nervous system,616,Poland,1,1,2003,5.674131203,7.197337364,0.6545489644,1331
23,Brain and central nervous system,616,Poland,1,1,2004,6.289335568,7.944424529,0.7276341466,1468
23,Brain and central nervous system,616,Poland,1,1,2005,5.952273963,7.735338743,0.6847384652,1428
23,Brain and central nervous system,616,Poland,1,1,2006,5.932901039,7.789065595,0.6687095258,1436
23,Brain and central nervous system,616,Poland,1,1,2007,5.731952999,7.802542358,0.6374650662,1437
23,Brain and central nervous system,616,Poland,1,1,2008,5.896808684,8.072399537,0.6423808333,1486
23,Brain and central nervous system,616,Poland,1,1,2009,5.952609955,8.369816488,0.6740443027,1542
23,Brain and central nervous system,616,Poland,1,1,2010,5.683040264,8.001153382,0.6472707109,1474
23,Brain and central nervous system,616,Poland,1,1,2011,5.561575916,7.957514904,0.6244571936,1466
23,Brain and central nervous system,616,Poland,1,1,2012,5.850549124,8.667966409,0.6403528184,1597
23,Brain and central nervous system,616,Poland,1,1,2013,5.574892813,8.353644421,0.6341142626,1538
23,Brain and central nervous system,616,Poland,1,1,2014,5.867920601,8.71315458,0.6695551951,1603
23,Brain and central nervous system,616,Poland,1,1,2015,5.801058479,8.855155172,0.641286946,1628
23,Brain and central nervous system,616,Poland,1,1,2016,5.605727097,8.769410077,0.6187351968,1611
23,Brain and central nervous system,616,Poland,1,1,2017,5.546564397,8.800761056,0.6207908005,1617
23,Brain and central nervous system,616,Poland,1,1,2018,4.96763161,8.269799064,0.561507581,1519
23,Brain and central nervous system,616,Poland,1,1,2019,5.152924917,8.476680147,0.5815762844,1557
23,Brain and central nervous system,616,Poland,1,1,2020,5.46113161,9.008540886,0.600695477,1621
23,Brain and central nervous system,616,Poland,1,1,2021,4.826118705,8.059298025,0.5435115428,1471
23,Brain and central nervous system,616,Poland,1,1,2022,5.057488552,8.363191913,0.5440657128,1489
23,Brain and central nervous system,616,Poland,2,0,1999,7.768574064,9.846671164,0.8274449579,67
23,Brain and central nervous system,616,Poland,2,0,2000,9.435809914,12.6395866,1.006617609,86
23,Brain and central nervous system,616,Poland,2,0,2001,7.657034924,11.18894297,0.9190160331,76
23,Brain and central nervous system,616,Poland,2,0,2002,5.954695044,9.258609387,0.6696706368,62
23,Brain and central nervous system,616,Poland,2,0,2003,7.132394198,10.48887131,0.678739933,70
23,Brain and central nervous system,616,Poland,2,0,2004,6.611498929,9.762632847,0.6846539575,65
23,Brain and central nervous system,616,Poland,2,0,2005,6.03359668,9.338896504,0.6740780049,62
23,Brain and central nervous system,616,Poland,2,0,2006,6.267471537,8.918759174,0.6413611547,59
23,Brain and central nervous system,616,Poland,2,0,2007,6.383988941,10.61633915,0.699547891,70
23,Brain and central nervous system,616,Poland,2,0,2008,5.278533507,8.668608232,0.6053787275,57
23,Brain and central nervous system,616,Poland,2,0,2009,6.666403379,11.27832154,0.6689838802,74
23,Brain and central nervous system,616,Poland,2,0,2010,6.882976529,10.64969207,0.799034439,70
23,Brain and central nervous system,616,Poland,2,0,2011,5.155715142,8.856029964,0.5688059792,58
23,Brain and central nervous system,616,Poland,2,0,2012,4.555441981,7.509877788,0.4351070914,49
23,Brain and central nervous system,616,Poland,2,0,2013,5.23990589,8.320403324,0.4964354381,54
23,Brain and central nervous system,616,Poland,2,0,2014,3.969186428,6.651137035,0.4843880559,43
23,Brain and central nervous system,616,Poland,2,0,2015,3.60093174,7.143278641,0.4243457974,46
23,Brain and central nervous system,616,Poland,2,0,2016,5.550614282,10.12530454,0.507238149,65
23,Brain and central nervous system,616,Poland,2,0,2017,4.190181442,8.760718191,0.4570007064,56
23,Brain and central nervous system,616,Poland,2,1,1999,3.709827409,5.11955701,0.4224811342,1017
23,Brain and central nervous system,616,Poland,2,1,2000,4.36598824,6.203681314,0.4976049669,1223
23,Brain and central nervous system,616,Poland,2,1,2001,4.02087821,5.78663642,0.4444939185,1141
23,Brain and central nervous system,616,Poland,2,1,2002,3.956959008,5.863519384,0.4416388463,1156
23,Brain and central nervous system,616,Poland,2,1,2003,4.055669246,6.288629199,0.4665168022,1239
23,Brain and central nervous system,616,Poland,2,1,2004,4.481928095,6.806456703,0.4898336348,1341
23,Brain and central nervous system,616,Poland,2,1,2005,4.209076681,6.928728962,0.4687520053,1365
23,Brain and central nervous system,616,Poland,2,1,2006,4.618859886,7.509071812,0.4976717055,1479
23,Brain and central nervous system,616,Poland,2,1,2007,4.460860886,7.482653975,0.4921340709,1474
23,Brain and central nervous system,616,Poland,2,1,2008,4.154624964,7.311935596,0.4753161377,1441
23,Brain and central nervous system,616,Poland,2,1,2009,4.511086196,7.850970038,0.5042094738,1549
23,Brain and central nervous system,616,Poland,2,1,2010,4.255309228,7.543300456,0.4739780611,1480
23,Brain and central nervous system,616,Poland,2,1,2011,3.825289398,7.107123197,0.4246494852,1395
23,Brain and central nervous system,616,Poland,2,1,2012,4.178448012,7.664894285,0.457052416,1505
23,Brain and central nervous system,616,Poland,2,1,2013,3.986712753,7.410614181,0.4448586658,1454
23,Brain and central nervous system,616,Poland,2,1,2014,4.067054734,7.216190541,0.4349745596,1415
23,Brain and central nervous system,616,Poland,2,1,2015,3.911510151,7.174634534,0.4386797644,1406
23,Brain and central nervous system,616,Poland,2,1,2016,3.843459037,7.597223787,0.4314936591,1488
23,Brain and central nervous system,616,Poland,2,1,2017,3.802712105,7.356204203,0.4143434686,1441
23,Brain and central nervous system,616,Poland,2,1,2018,3.940175806,7.849806691,0.4338618537,1537
23,Brain and central nervous system,616,Poland,2,1,2019,3.429034897,6.904969842,0.3808581167,1352
23,Brain and central nervous system,616,Poland,2,1,2020,3.644130694,7.469294133,0.413433729,1432
23,Brain and central nervous system,616,Poland,2,1,2021,3.527574531,7.061841718,0.3979951801,1376
23,Brain and central nervous system,616,Poland,2,1,2022,3.785812841,7.68736775,0.4147898609,1461
23,Brain and central nervous system,620,Portugal,1,1,1981,3.477255953,3.733439979,0.3350171858,177
23,Brain and central nervous system,620,Portugal,1,1,1982,3.550129733,3.966262842,0.3660335923,189
23,Brain and central nervous system,620,Portugal,1,1,1983,3.152100856,3.531705099,0.3333120853,169
23,Brain and central nervous system,620,Portugal,1,1,1984,3.775147309,4.228037428,0.3930702478,203
23,Brain and central nervous system,620,Portugal,1,1,1985,4.60996226,5.174158217,0.4708560777,249
23,Brain and central nervous system,620,Portugal,1,1,1986,4.309791893,4.87658707,0.4419915128,235
23,Brain and central nervous system,620,Portugal,1,1,1987,4.64912634,5.515048515,0.4950986961,266
23,Brain and central nervous system,620,Portugal,1,1,1988,4.633814447,5.472743457,0.4762596149,264
23,Brain and central nervous system,620,Portugal,1,1,1989,4.152825438,5.16456717,0.4618846046,249
23,Brain and central nervous system,620,Portugal,1,1,1990,3.613476999,4.445054659,0.3762172699,214
23,Brain and central nervous system,620,Portugal,1,1,1991,3.324576591,4.080821078,0.3640915764,196
23,Brain and central nervous system,620,Portugal,1,1,1992,4.063974697,5.336554166,0.4531913513,256
23,Brain and central nervous system,620,Portugal,1,1,1993,4.135524662,5.247698665,0.4544201797,252
23,Brain and central nervous system,620,Portugal,1,1,1994,4.431613172,5.75285327,0.478712811,277
23,Brain and central nervous system,620,Portugal,1,1,1995,3.988820823,5.277057959,0.4428756979,255
23,Brain and central nervous system,620,Portugal,1,1,1996,4.367329253,5.689477003,0.4712780774,276
23,Brain and central nervous system,620,Portugal,1,1,1997,4.193349344,5.622636159,0.4647435354,274
23,Brain and central nervous system,620,Portugal,1,1,1998,4.380420339,6.206229748,0.5021534172,304
23,Brain and central nervous system,620,Portugal,1,1,1999,4.507273743,6.312206183,0.4805599763,311
23,Brain and central nervous system,620,Portugal,1,1,2000,4.744973617,6.931806939,0.5336054393,344
23,Brain and central nervous system,620,Portugal,1,1,2001,5.033728068,7.080793049,0.5590818842,354
23,Brain and central nervous system,620,Portugal,1,1,2002,4.637372035,6.606352525,0.496236479,332
23,Brain and central nervous system,620,Portugal,1,1,2003,4.633898081,6.805388121,0.5100541423,343
23,Brain and central nervous system,620,Portugal,1,1,2004,4.555021963,6.934778409,0.5056882486,350
23,Brain and central nervous system,620,Portugal,1,1,2005,4.622958907,7.222106691,0.513316735,365
23,Brain and central nervous system,620,Portugal,1,1,2006,4.603087446,7.409854672,0.512343904,375
23,Brain and central nervous system,620,Portugal,1,1,2007,4.756036231,7.814155698,0.5261151376,396
23,Brain and central nervous system,620,Portugal,1,1,2008,4.420584663,7.06200619,0.4756586251,358
23,Brain and central nervous system,620,Portugal,1,1,2009,4.558434718,7.361102121,0.5008946707,373
23,Brain and central nervous system,620,Portugal,1,1,2010,4.830782319,7.983536525,0.5305602458,404
23,Brain and central nervous system,620,Portugal,1,1,2011,5.428943475,9.141409474,0.5952479296,461
23,Brain and central nervous system,620,Portugal,1,1,2012,5.024592166,8.73471649,0.5607680098,438
23,Brain and central nervous system,620,Portugal,1,1,2013,5.53198364,9.86158829,0.5914841527,491
23,Brain and central nervous system,620,Portugal,1,1,2014,5.748583978,9.867658124,0.6160976331,488
23,Brain and central nervous system,620,Portugal,1,1,2015,5.277624028,9.932697343,0.6132986355,489
23,Brain and central nervous system,620,Portugal,1,1,2016,4.755504291,9.185079765,0.5217750345,451
23,Brain and central nervous system,620,Portugal,1,1,2017,5.129749312,9.078273692,0.5441606473,445
23,Brain and central nervous system,620,Portugal,1,1,2018,5.480481714,11.02783732,0.6601092417,540
23,Brain and central nervous system,620,Portugal,1,1,2019,4.902660754,9.965252042,0.5362064489,489
23,Brain and central nervous system,620,Portugal,1,1,2020,4.856226976,9.887268893,0.5409839062,487
23,Brain and central nervous system,620,Portugal,1,1,2021,4.881288978,9.911005241,0.5499299396,490
23,Brain and central nervous system,620,Portugal,1,1,2022,5.078243245,10.09577078,0.5706445533,501
23,Brain and central nervous system,620,Portugal,2,1,1981,2.290333019,2.491831893,0.2079664345,127
23,Brain and central nervous system,620,Portugal,2,1,1982,2.493187802,2.909787412,0.2374428755,149
23,Brain and central nervous system,620,Portugal,2,1,1983,2.530836631,2.918267499,0.2618300886,150
23,Brain and central nervous system,620,Portugal,2,1,1984,2.538827695,3.084014969,0.2592701363,159
23,Brain and central nervous system,620,Portugal,2,1,1985,2.291709275,2.902987387,0.2383159342,150
23,Brain and central nervous system,620,Portugal,2,1,1986,2.848608122,3.594793348,0.3066546999,186
23,Brain and central nervous system,620,Portugal,2,1,1987,3.254714116,4.228758454,0.3281875038,219
23,Brain and central nervous system,620,Portugal,2,1,1988,3.326456066,4.343057536,0.3697449832,225
23,Brain and central nervous system,620,Portugal,2,1,1989,3.194356797,4.285659681,0.35080332,222
23,Brain and central nervous system,620,Portugal,2,1,1990,2.249930499,3.091675721,0.2462041707,160
23,Brain and central nervous system,620,Portugal,2,1,1991,2.495758637,3.580954047,0.2716827794,185
23,Brain and central nervous system,620,Portugal,2,1,1992,2.694445778,3.776696889,0.2865587519,195
23,Brain and central nervous system,620,Portugal,2,1,1993,2.659886453,3.771587989,0.2922326637,195
23,Brain and central nervous system,620,Portugal,2,1,1994,2.67561325,3.916286388,0.2999013859,203
23,Brain and central nervous system,620,Portugal,2,1,1995,3.037011581,4.404262018,0.3135751447,229
23,Brain and central nervous system,620,Portugal,2,1,1996,2.755994556,4.102298284,0.3010300973,214
23,Brain and central nervous system,620,Portugal,2,1,1997,2.44204177,3.799598121,0.2792817704,199
23,Brain and central nervous system,620,Portugal,2,1,1998,2.366520311,3.915440921,0.2551952626,206
23,Brain and central nervous system,620,Portugal,2,1,1999,2.722855699,4.387366653,0.3011002102,232
23,Brain and central nervous system,620,Portugal,2,1,2000,2.661173407,4.322841859,0.2827188842,230
23,Brain and central nervous system,620,Portugal,2,1,2001,3.200471207,5.116818459,0.310727325,274
23,Brain and central nervous system,620,Portugal,2,1,2002,3.331129756,5.642609722,0.3698926356,304
23,Brain and central nervous system,620,Portugal,2,1,2003,2.975572859,5.171661291,0.3442809337,280
23,Brain and central nervous system,620,Portugal,2,1,2004,2.976942421,5.248265034,0.336365985,285
23,Brain and central nervous system,620,Portugal,2,1,2005,3.102722652,5.471296167,0.3398799373,298
23,Brain and central nervous system,620,Portugal,2,1,2006,3.167689038,5.638078557,0.3385503611,308
23,Brain and central nervous system,620,Portugal,2,1,2007,3.289064856,5.858626417,0.3420161386,321
23,Brain and central nervous system,620,Portugal,2,1,2008,3.401694943,6.424371408,0.367698064,353
23,Brain and central nervous system,620,Portugal,2,1,2009,3.085068808,5.935645621,0.3491958373,327
23,Brain and central nervous system,620,Portugal,2,1,2010,3.365638382,6.415079569,0.3586642293,354
23,Brain and central nervous system,620,Portugal,2,1,2011,3.316188585,6.837061224,0.3585458239,377
23,Brain and central nervous system,620,Portugal,2,1,2012,3.424495854,7.092620347,0.3580409859,390
23,Brain and central nervous system,620,Portugal,2,1,2013,3.547552808,7.172337771,0.3801334316,393
23,Brain and central nervous system,620,Portugal,2,1,2014,3.389859599,7.08693731,0.3623405593,387
23,Brain and central nervous system,620,Portugal,2,1,2015,3.615098763,7.141372744,0.3894527714,389
23,Brain and central nervous system,620,Portugal,2,1,2016,3.012861666,7.210872966,0.3092802288,392
23,Brain and central nervous system,620,Portugal,2,1,2017,3.155808917,7.091504911,0.3530508976,385
23,Brain and central nervous system,620,Portugal,2,1,2018,3.174747774,7.257792364,0.3499662352,394
23,Brain and central nervous system,620,Portugal,2,1,2019,3.304335735,7.854807832,0.3558858431,427
23,Brain and central nervous system,620,Portugal,2,1,2020,3.197558241,7.570320375,0.3425628108,412
23,Brain and central nervous system,620,Portugal,2,1,2021,3.166433481,7.378243835,0.3343536496,402
23,Brain and central nervous system,620,Portugal,2,1,2022,3.296885759,7.314926851,0.3370839469,399
23,Brain and central nervous system,630,Puerto Rico,1,0,2003,3.22205641,3.699384776,0.3484849299,69
23,Brain and central nervous system,630,Puerto Rico,1,0,2004,2.837341574,3.259131981,0.2638109866,61
23,Brain and central nervous system,630,Puerto Rico,1,0,2005,3.942714037,4.469911113,0.3684098941,84
23,Brain and central nervous system,630,Puerto Rico,1,0,2006,3.907614752,4.241711828,0.3442983309,80
23,Brain and central nervous system,630,Puerto Rico,1,0,2007,4.2017722,4.914126953,0.4232537759,93
23,Brain and central nervous system,630,Puerto Rico,1,0,2008,4.590435115,5.270911683,0.4200430024,100
23,Brain and central nervous system,630,Puerto Rico,1,0,2009,4.916812818,5.989376737,0.4908933812,114
23,Brain and central nervous system,630,Puerto Rico,1,0,2010,3.563625302,4.593397495,0.3631683883,82
23,Brain and central nervous system,630,Puerto Rico,1,0,2011,4.074085025,4.960118953,0.3837069309,88
23,Brain and central nervous system,630,Puerto Rico,1,0,2012,3.803416496,4.671089771,0.3807691809,82
23,Brain and central nervous system,630,Puerto Rico,1,0,2013,4.445513653,6.219917688,0.4064987972,107
23,Brain and central nervous system,630,Puerto Rico,1,0,2014,4.383205757,5.506588367,0.3919270749,93
23,Brain and central nervous system,630,Puerto Rico,1,0,2015,3.932953263,4.588371738,0.3699794443,76
23,Brain and central nervous system,630,Puerto Rico,1,0,2016,4.821730079,5.986671324,0.4244058755,97
23,Brain and central nervous system,630,Puerto Rico,1,0,2017,3.693114816,4.554707733,0.3374665077,72
23,Brain and central nervous system,630,Puerto Rico,2,0,2003,3.068525839,3.725097722,0.2934214782,75
23,Brain and central nervous system,630,Puerto Rico,2,0,2004,3.279634297,3.80584271,0.2719100773,77
23,Brain and central nervous system,630,Puerto Rico,2,0,2005,1.806590559,2.262879721,0.1792317072,46
23,Brain and central nervous system,630,Puerto Rico,2,0,2006,2.918602467,3.575371275,0.291350335,73
23,Brain and central nervous system,630,Puerto Rico,2,0,2007,3.781180155,4.585652177,0.349010663,94
23,Brain and central nervous system,630,Puerto Rico,2,0,2008,3.414648914,4.570963973,0.3298957299,94
23,Brain and central nervous system,630,Puerto Rico,2,0,2009,4.018599672,5.23276603,0.4229639539,108
23,Brain and central nervous system,630,Puerto Rico,2,0,2010,2.753959858,3.504038404,0.2368483465,68
23,Brain and central nervous system,630,Puerto Rico,2,0,2011,2.966035444,4.294868047,0.2993720392,83
23,Brain and central nervous system,630,Puerto Rico,2,0,2012,2.16875064,3.08641168,0.241951189,59
23,Brain and central nervous system,630,Puerto Rico,2,0,2013,3.724286613,5.179418805,0.3279910602,97
23,Brain and central nervous system,630,Puerto Rico,2,0,2014,3.49220412,4.767094911,0.2806738275,88
23,Brain and central nervous system,630,Puerto Rico,2,0,2015,3.374961958,4.017896703,0.2522965677,73
23,Brain and central nervous system,630,Puerto Rico,2,0,2016,2.373940763,3.974460453,0.2492712804,71
23,Brain and central nervous system,630,Puerto Rico,2,0,2017,2.548867256,3.554018793,0.2281058818,62
23,Brain and central nervous system,634,Qatar,1,0,2003,2.92327592,2.193391312,0.2442081769,2
23,Brain and central nervous system,634,Qatar,1,0,2004,5.524553028,4.20724909,0.7177821721,4
23,Brain and central nervous system,634,Qatar,1,0,2005,5.50261008,3.028620463,0.9635194529,3
23,Brain and central nervous system,634,Qatar,1,0,2006,3.432235151,1.932143133,0.3592168014,2
23,Brain and central nervous system,634,Qatar,1,0,2007,10.44431033,3.695798801,1.507912196,4
23,Brain and central nervous system,634,Qatar,1,0,2008,9.425926684,4.326532025,1.136334488,5
23,Brain and central nervous system,634,Qatar,1,0,2009,8.410931578,5.156765677,1.300545195,6
23,Brain and central nervous system,634,Qatar,1,0,2010,0,0,0,0
23,Brain and central nervous system,634,Qatar,1,0,2011,2.010050251,0.7586792911,0.5012520807,1
23,Brain and central nervous system,634,Qatar,1,0,2012,2.129454772,1.484935331,0.2270072316,2
23,Brain and central nervous system,634,Qatar,1,0,2013,4.767544721,3.020463641,0.6087362454,4
23,Brain and central nervous system,634,Qatar,1,0,2014,7.406835702,4.404898247,1.108411556,6
23,Brain and central nervous system,634,Qatar,1,0,2015,7.751080495,4.974381933,1.120929413,7
23,Brain and central nervous system,634,Qatar,1,0,2016,7.454761279,5.53989765,1.099176375,8
23,Brain and central nervous system,634,Qatar,1,0,2017,7.487385658,5.399932501,0.7772578738,8
23,Brain and central nervous system,634,Qatar,2,0,2003,2.367553499,2.159850538,0.1610182887,2
23,Brain and central nervous system,634,Qatar,2,0,2004,8.588963822,5.172021433,0.7302116697,5
23,Brain and central nervous system,634,Qatar,2,0,2005,4.354957998,2.959543047,0.4257827658,3
23,Brain and central nervous system,634,Qatar,2,0,2006,3.338551527,2.841797153,0.08611319109,3
23,Brain and central nervous system,634,Qatar,2,0,2007,3.062409568,3.643650938,0.1829981184,4
23,Brain and central nervous system,634,Qatar,2,0,2008,5.454570085,4.36402992,0.4901723398,5
23,Brain and central nervous system,634,Qatar,2,0,2009,3.018577835,1.685090321,0.1902948997,2
23,Brain and central nervous system,634,Qatar,2,0,2010,2.765804136,1.602435702,0.3008801308,2
23,Brain and central nervous system,634,Qatar,2,0,2011,1.808595872,1.523879187,0.166502135,2
23,Brain and central nervous system,634,Qatar,2,0,2012,0.9228497601,0.7395246336,0.09224240652,1
23,Brain and central nervous system,634,Qatar,2,0,2013,1.858081986,1.476091016,0.1701473798,2
23,Brain and central nervous system,634,Qatar,2,0,2014,6.362041943,5.032893554,0.442395935,7
23,Brain and central nervous system,634,Qatar,2,0,2015,2.140684969,2.116282679,0.1728070505,3
23,Brain and central nervous system,634,Qatar,2,0,2016,3.172920066,2.694255847,0.2925324993,4
23,Brain and central nervous system,634,Qatar,2,0,2017,2.512972162,1.961309894,0.3225294631,3
23,Brain and central nervous system,642,Romania,1,1,1970,1.921213049,2.011060835,0.1985372463,200
23,Brain and central nervous system,642,Romania,1,1,1971,1.717817034,1.789887138,0.1746336452,180
23,Brain and central nervous system,642,Romania,1,1,1972,1.596406434,1.663975424,0.1590320461,169
23,Brain and central nervous system,642,Romania,1,1,1973,1.885471764,1.981802562,0.1841176682,203
23,Brain and central nervous system,642,Romania,1,1,1974,1.98158446,2.058368767,0.1865023416,213
23,Brain and central nervous system,642,Romania,1,1,1975,2.079564297,2.198852772,0.2058232648,230
23,Brain and central nervous system,642,Romania,1,1,1976,2.177997509,2.300025556,0.214117142,243
23,Brain and central nervous system,642,Romania,1,1,1977,1.801372809,1.929417054,0.1798076726,206
23,Brain and central nervous system,642,Romania,1,1,1978,1.90322838,2.078326947,0.1941157354,224
23,Brain and central nervous system,642,Romania,1,1,1979,2.368686827,2.576892636,0.2447447161,280
23,Brain and central nervous system,642,Romania,1,1,1980,2.883002641,3.131362006,0.2990427953,343
23,Brain and central nervous system,642,Romania,1,1,1981,3.852283884,4.107129905,0.3805005104,453
23,Brain and central nervous system,642,Romania,1,1,1982,3.648040907,3.885893575,0.3548480289,431
23,Brain and central nervous system,642,Romania,1,1,1983,3.449809603,3.720111064,0.3460516701,414
23,Brain and central nervous system,642,Romania,1,1,1984,3.700589129,4.057285649,0.3712996911,453
23,Brain and central nervous system,642,Romania,1,1,1985,4.19982123,4.627978314,0.4235275413,519
23,Brain and central nervous system,642,Romania,1,1,1986,3.685194646,4.084713404,0.3589034425,460
23,Brain and central nervous system,642,Romania,1,1,1987,3.719462397,4.169906,0.3612971405,472
23,Brain and central nervous system,642,Romania,1,1,1988,3.641147309,4.070472808,0.3593707966,463
23,Brain and central nervous system,642,Romania,1,1,1989,3.491015875,3.887133064,0.3444149931,444
23,Brain and central nervous system,642,Romania,1,1,1990,3.666735752,4.113824547,0.3754653118,471
23,Brain and central nervous system,642,Romania,1,1,1991,3.646058155,4.1625857,0.3687798236,476
23,Brain and central nervous system,642,Romania,1,1,1992,4.252699211,4.838940076,0.4208987304,542
23,Brain and central nervous system,642,Romania,1,1,1993,4.079150448,4.706345514,0.4060146179,526
23,Brain and central nervous system,642,Romania,1,1,1994,3.750822052,4.239528901,0.3871976735,473
23,Brain and central nervous system,642,Romania,1,1,1995,4.370464369,5.034069866,0.4413209758,560
23,Brain and central nervous system,642,Romania,1,1,1996,4.270297183,5.008618434,0.4447236896,555
23,Brain and central nervous system,642,Romania,1,1,1997,4.530677692,5.334516769,0.4726098017,589
23,Brain and central nervous system,642,Romania,1,1,1998,4.464189965,5.366823767,0.4717107732,591
23,Brain and central nervous system,642,Romania,1,1,1999,4.748657417,5.7444581,0.5095208082,631
23,Brain and central nervous system,642,Romania,1,1,2000,5.08288952,6.272278898,0.5587562159,688
23,Brain and central nervous system,642,Romania,1,1,2001,5.765249238,7.187549374,0.6420426402,787
23,Brain and central nervous system,642,Romania,1,1,2002,5.385241178,6.74651103,0.5863568383,718
23,Brain and central nervous system,642,Romania,1,1,2003,5.814454322,7.288159004,0.6319984911,773
23,Brain and central nervous system,642,Romania,1,1,2004,5.537521855,7.160690627,0.6209897666,757
23,Brain and central nervous system,642,Romania,1,1,2005,5.795298204,7.483270764,0.6563413454,789
23,Brain and central nervous system,642,Romania,1,1,2006,5.502723229,7.328069099,0.6214468783,771
23,Brain and central nervous system,642,Romania,1,1,2007,5.988415542,7.697642692,0.6594386769,808
23,Brain and central nervous system,642,Romania,1,1,2008,5.45929707,7.301282707,0.6050503301,765
23,Brain and central nervous system,642,Romania,1,1,2009,5.988013611,8.137918886,0.681028229,851
23,Brain and central nervous system,642,Romania,1,1,2010,5.694772185,8.136748749,0.6628797966,849
23,Brain and central nervous system,642,Romania,1,1,2011,5.578196465,8.04423405,0.644136742,836
23,Brain and central nervous system,642,Romania,1,1,2012,6.350201037,9.354830885,0.7250034169,914
23,Brain and central nervous system,642,Romania,1,1,2013,6.105722216,9.183800023,0.7210976262,896
23,Brain and central nervous system,642,Romania,1,1,2014,5.842693984,8.982290089,0.6652586768,874
23,Brain and central nervous system,642,Romania,1,1,2015,5.940669312,9.214364864,0.669659373,892
23,Brain and central nervous system,642,Romania,1,1,2016,6.201837766,9.545089747,0.7161710351,919
23,Brain and central nervous system,642,Romania,1,1,2017,5.618993075,9.195684479,0.661002455,881
23,Brain and central nervous system,642,Romania,1,1,2018,5.601671167,9.084472905,0.6403748761,866
23,Brain and central nervous system,642,Romania,1,1,2019,5.520625464,9.058638709,0.6426051088,859
23,Brain and central nervous system,642,Romania,2,1,1970,1.062162088,1.183604172,0.1022560811,122
23,Brain and central nervous system,642,Romania,2,1,1971,1.073331262,1.190796297,0.1046081214,124
23,Brain and central nervous system,642,Romania,2,1,1972,1.175914807,1.303991929,0.1147972215,137
23,Brain and central nervous system,642,Romania,2,1,1973,1.216030858,1.322701334,0.1131483819,140
23,Brain and central nervous system,642,Romania,2,1,1974,1.533514783,1.647801215,0.1371331479,176
23,Brain and central nervous system,642,Romania,2,1,1975,1.366075663,1.520658705,0.1272473483,164
23,Brain and central nervous system,642,Romania,2,1,1976,1.372077538,1.488874797,0.1248610421,162
23,Brain and central nervous system,642,Romania,2,1,1977,1.272157754,1.393620316,0.1183802794,153
23,Brain and central nervous system,642,Romania,2,1,1978,1.589440443,1.787552137,0.1549203811,198
23,Brain and central nervous system,642,Romania,2,1,1979,1.750482063,1.970937629,0.1678693204,220
23,Brain and central nervous system,642,Romania,2,1,1980,1.984366239,2.213766248,0.1856705059,249
23,Brain and central nervous system,642,Romania,2,1,1981,2.19613803,2.499315558,0.2114694963,283
23,Brain and central nervous system,642,Romania,2,1,1982,2.365458334,2.652310232,0.2232731484,302
23,Brain and central nervous system,642,Romania,2,1,1983,2.309770725,2.669747818,0.222438652,305
23,Brain and central nervous system,642,Romania,2,1,1984,2.682033691,2.923364225,0.2505436307,335
23,Brain and central nervous system,642,Romania,2,1,1985,2.617995285,2.988549685,0.2588964849,344
23,Brain and central nervous system,642,Romania,2,1,1986,2.644417468,2.98388701,0.2462562986,345
23,Brain and central nervous system,642,Romania,2,1,1987,2.377830187,2.684748563,0.2271818466,312
23,Brain and central nervous system,642,Romania,2,1,1988,2.464344649,2.791310974,0.2374964496,326
23,Brain and central nervous system,642,Romania,2,1,1989,2.673615441,3.026634383,0.2505537829,355
23,Brain and central nervous system,642,Romania,2,1,1990,2.660475678,2.968368588,0.2468133022,349
23,Brain and central nervous system,642,Romania,2,1,1991,2.519945297,2.91922347,0.2408288828,343
23,Brain and central nervous system,642,Romania,2,1,1992,2.768920883,3.244735934,0.2707235549,376
23,Brain and central nervous system,642,Romania,2,1,1993,2.789768599,3.307769372,0.2725676994,383
23,Brain and central nervous system,642,Romania,2,1,1994,2.37940538,2.91174895,0.2454455185,337
23,Brain and central nervous system,642,Romania,2,1,1995,2.509566272,2.959194269,0.2423913132,342
23,Brain and central nervous system,642,Romania,2,1,1996,2.566297409,3.175181532,0.2603749585,366
23,Brain and central nervous system,642,Romania,2,1,1997,3.15520755,3.920205137,0.3230377942,451
23,Brain and central nervous system,642,Romania,2,1,1998,3.093724944,3.837919691,0.3181156672,441
23,Brain and central nervous system,642,Romania,2,1,1999,3.313365262,4.279426505,0.3476672552,491
23,Brain and central nervous system,642,Romania,2,1,2000,3.474195211,4.753058964,0.3756640562,545
23,Brain and central nervous system,642,Romania,2,1,2001,4.011183365,5.148834928,0.409151603,590
23,Brain and central nervous system,642,Romania,2,1,2002,3.886895854,5.111073949,0.4013819693,570
23,Brain and central nervous system,642,Romania,2,1,2003,3.687887499,5.239361064,0.3884062351,583
23,Brain and central nervous system,642,Romania,2,1,2004,3.931367016,5.440617016,0.4170280213,604
23,Brain and central nervous system,642,Romania,2,1,2005,3.807520975,5.757950733,0.4162345647,638
23,Brain and central nervous system,642,Romania,2,1,2006,4.486861964,6.499037889,0.4725963456,719
23,Brain and central nervous system,642,Romania,2,1,2007,4.069496656,5.959689853,0.4321504566,658
23,Brain and central nervous system,642,Romania,2,1,2008,3.954983874,6.139569927,0.4390655676,677
23,Brain and central nervous system,642,Romania,2,1,2009,3.841386691,6.247309934,0.442249539,688
23,Brain and central nervous system,642,Romania,2,1,2010,3.903204034,6.374375918,0.4406311966,701
23,Brain and central nervous system,642,Romania,2,1,2011,3.772929391,6.413145799,0.430283393,703
23,Brain and central nervous system,642,Romania,2,1,2012,4.022244725,7.356779204,0.4805836204,757
23,Brain and central nervous system,642,Romania,2,1,2013,4.067722079,6.987618917,0.4501433989,715
23,Brain and central nervous system,642,Romania,2,1,2014,3.572207554,6.656068661,0.3965209516,678
23,Brain and central nervous system,642,Romania,2,1,2015,3.916343045,7.406925229,0.4452560387,751
23,Brain and central nervous system,642,Romania,2,1,2016,3.669196436,7.084431842,0.4087563296,714
23,Brain and central nervous system,642,Romania,2,1,2017,3.956633948,7.900241622,0.4582071401,791
23,Brain and central nervous system,642,Romania,2,1,2018,3.913819626,7.486616292,0.4526135409,745
23,Brain and central nervous system,642,Romania,2,1,2019,3.429397152,6.90375,0.3959053025,683
23,Brain and central nervous system,688,Serbia,1,1,1999,6.519181846,9.102833952,0.7119406839,334
23,Brain and central nervous system,688,Serbia,1,1,2000,6.477938412,9.081516734,0.7197269436,332
23,Brain and central nervous system,688,Serbia,1,1,2001,6.46937122,9.154364234,0.701057316,334
23,Brain and central nervous system,688,Serbia,1,1,2002,6.019481118,8.746459603,0.6676158889,319
23,Brain and central nervous system,688,Serbia,1,1,2003,7.068390305,10.41841624,0.8200082696,379
23,Brain and central nervous system,688,Serbia,1,1,2004,6.292861495,9.588905966,0.7183057351,348
23,Brain and central nervous system,688,Serbia,1,1,2005,6.676933752,10.06069585,0.7724956908,364
23,Brain and central nervous system,688,Serbia,1,1,2006,7.008501127,10.54472378,0.7971853816,380
23,Brain and central nervous system,688,Serbia,1,1,2007,7.30178419,11.59111129,0.8589818362,416
23,Brain and central nervous system,688,Serbia,1,1,2008,6.641659979,10.38106628,0.7818425153,371
23,Brain and central nervous system,688,Serbia,1,1,2009,6.350533606,10.22458124,0.7578758772,364
23,Brain and central nervous system,688,Serbia,1,1,2010,7.038083737,11.64569783,0.8233925061,413
23,Brain and central nervous system,688,Serbia,1,1,2011,6.242397535,10.58849913,0.735768513,373
23,Brain and central nervous system,688,Serbia,1,1,2012,6.858624466,11.21027441,0.8147493926,393
23,Brain and central nervous system,688,Serbia,1,1,2013,6.921253371,11.9823441,0.7985051298,418
23,Brain and central nervous system,688,Serbia,1,1,2014,6.61997013,11.46067118,0.7725509057,398
23,Brain and central nervous system,688,Serbia,1,1,2015,5.957290813,10.59231594,0.6712264589,366
23,Brain and central nervous system,688,Serbia,1,1,2016,6.550518687,11.6650134,0.7628193794,401
23,Brain and central nervous system,688,Serbia,1,1,2017,5.59395092,10.46840253,0.6326588933,358
23,Brain and central nervous system,688,Serbia,1,1,2018,6.057537405,10.96508634,0.713254164,373
23,Brain and central nervous system,688,Serbia,1,1,2019,6.191525341,11.25975698,0.7416109374,381
23,Brain and central nervous system,688,Serbia,1,1,2020,5.622239497,10.80258762,0.6606802239,363
23,Brain and central nervous system,688,Serbia,1,1,2021,5.608991505,10.24947092,0.6479884539,341
23,Brain and central nervous system,688,Serbia,1,1,2022,5.217006648,10.05917634,0.6193819858,326
23,Brain and central nervous system,688,Serbia,1,1,2023,5.317221675,10.15239143,0.5831764952,327
23,Brain and central nervous system,688,Serbia,2,1,1999,3.876829415,5.889625322,0.4134258937,228
23,Brain and central nervous system,688,Serbia,2,1,2000,4.119786068,6.553438107,0.4686148909,253
23,Brain and central nervous system,688,Serbia,2,1,2001,4.202716806,6.692780617,0.4719118523,258
23,Brain and central nervous system,688,Serbia,2,1,2002,4.95822626,7.423093764,0.5324228891,286
23,Brain and central nervous system,688,Serbia,2,1,2003,4.253078403,6.974077769,0.4819695117,268
23,Brain and central nervous system,688,Serbia,2,1,2004,4.465347804,7.120569499,0.4901292417,273
23,Brain and central nervous system,688,Serbia,2,1,2005,4.191391406,7.115335667,0.4666170939,272
23,Brain and central nervous system,688,Serbia,2,1,2006,5.046627696,8.745044147,0.5960765311,333
23,Brain and central nervous system,688,Serbia,2,1,2007,4.813574324,8.147397763,0.5521873826,309
23,Brain and central nervous system,688,Serbia,2,1,2008,4.786388721,7.970537082,0.5199992621,301
23,Brain and central nervous system,688,Serbia,2,1,2009,4.854549723,8.828005198,0.5283124334,332
23,Brain and central nervous system,688,Serbia,2,1,2010,4.767687573,8.411075704,0.5423856237,315
23,Brain and central nervous system,688,Serbia,2,1,2011,5.10962526,9.026221578,0.588136923,335
23,Brain and central nervous system,688,Serbia,2,1,2012,4.22552304,8.230977649,0.4746792964,304
23,Brain and central nervous system,688,Serbia,2,1,2013,3.885809421,7.345607572,0.4331098217,270
23,Brain and central nervous system,688,Serbia,2,1,2014,4.144932409,8.444835682,0.46883195,309
23,Brain and central nervous system,688,Serbia,2,1,2015,4.246871417,8.681204204,0.4738274037,316
23,Brain and central nervous system,688,Serbia,2,1,2016,3.63572504,7.20856676,0.416498171,261
23,Brain and central nervous system,688,Serbia,2,1,2017,3.974600886,8.636386736,0.4664548772,311
23,Brain and central nervous system,688,Serbia,2,1,2018,3.710610326,7.930971505,0.4356310404,284
23,Brain and central nervous system,688,Serbia,2,1,2019,3.796514078,8.451488037,0.4274289541,301
23,Brain and central nervous system,688,Serbia,2,1,2020,3.983143009,8.22308001,0.4471093794,291
23,Brain and central nervous system,688,Serbia,2,1,2021,3.671149703,7.86924508,0.4319956606,276
23,Brain and central nervous system,688,Serbia,2,1,2022,4.435842841,8.879471975,0.4864420716,304
23,Brain and central nervous system,688,Serbia,2,1,2023,3.83106215,8.406159775,0.4385347773,286
23,Brain and central nervous system,702,Singapore,1,1,1967,0.3919497329,0.491448791,0.02102068562,5
23,Brain and central nervous system,702,Singapore,1,1,1968,1.2713763,1.160429359,0.116114696,12
23,Brain and central nervous system,702,Singapore,1,1,1969,0.2724756691,0.2865329513,0.02346052951,3
23,Brain and central nervous system,702,Singapore,1,1,1970,1.28433846,0.9414422896,0.0721261251,10
23,Brain and central nervous system,702,Singapore,1,1,1971,0.5508957478,0.5557099194,0.03755718069,6
23,Brain and central nervous system,702,Singapore,1,1,1972,0.7646806809,0.7285974499,0.05338722319,8
23,Brain and central nervous system,702,Singapore,1,1,1973,1.602171673,0.7164606842,0.03521310784,8
23,Brain and central nervous system,702,Singapore,1,1,1974,0.673973778,0.5295207837,0.06779804256,6
23,Brain and central nervous system,702,Singapore,1,1,1975,1.031112873,0.8709284097,0.08006359941,10
23,Brain and central nervous system,702,Singapore,1,1,1976,0.9454462706,0.7745266781,0.104563379,9
23,Brain and central nervous system,702,Singapore,1,1,1977,1.509089862,1.359734852,0.1236242317,16
23,Brain and central nervous system,702,Singapore,1,1,1978,1.116307047,0.8406893653,0.08268881852,10
23,Brain and central nervous system,702,Singapore,1,1,1979,1.0221108,0.8307027745,0.1174695079,10
23,Brain and central nervous system,702,Singapore,1,1,1980,0.739550765,0.6494560805,0.09530692839,8
23,Brain and central nervous system,702,Singapore,1,1,1981,1.31148364,1.203562545,0.1318252205,15
23,Brain and central nervous system,702,Singapore,1,1,1982,0.730132281,0.5553351845,0.06138415357,7
23,Brain and central nervous system,702,Singapore,1,1,1983,1.562390324,1.41121129,0.1215579776,18
23,Brain and central nervous system,702,Singapore,1,1,1984,2.544318626,2.25032979,0.2334784778,29
23,Brain and central nervous system,702,Singapore,1,1,1985,1.149990751,1.151277918,0.0905859838,15
23,Brain and central nervous system,702,Singapore,1,1,1986,1.527918278,1.366846382,0.1273696438,18
23,Brain and central nervous system,702,Singapore,1,1,1987,1.953392128,1.879416629,0.2323710017,25
23,Brain and central nervous system,702,Singapore,1,1,1988,4.068804227,3.49384779,0.5256087699,46
23,Brain and central nervous system,702,Singapore,1,1,1989,1.543324298,1.34198166,0.1786160157,18
23,Brain and central nervous system,702,Singapore,1,1,1990,1.170119458,1.082016879,0.1142959256,15
23,Brain and central nervous system,702,Singapore,1,1,1991,1.40053918,1.272804412,0.1123095825,18
23,Brain and central nervous system,702,Singapore,1,1,1992,1.932283966,1.876172608,0.159085333,27
23,Brain and central nervous system,702,Singapore,1,1,1993,2.120351265,1.912307062,0.1814637661,28
23,Brain and central nervous system,702,Singapore,1,1,1994,1.619703724,1.544453398,0.1975565519,23
23,Brain and central nervous system,702,Singapore,1,1,1995,2.182696444,2.047691393,0.2563315782,31
23,Brain and central nervous system,702,Singapore,1,1,1996,1.948925623,1.948051948,0.2189263962,30
23,Brain and central nervous system,702,Singapore,1,1,1997,1.16739782,1.085706987,0.1018742786,17
23,Brain and central nervous system,702,Singapore,1,1,1998,1.53252149,1.507727101,0.1563331599,24
23,Brain and central nervous system,702,Singapore,1,1,1999,1.365100505,1.362313456,0.1359263217,22
23,Brain and central nervous system,702,Singapore,1,1,2000,1.560566972,1.651881309,0.1261925347,27
23,Brain and central nervous system,702,Singapore,1,1,2001,1.742377099,1.808536291,0.1991051907,30
23,Brain and central nervous system,702,Singapore,1,1,2002,1.270259664,1.424924301,0.1057866913,24
23,Brain and central nervous system,702,Singapore,1,1,2003,1.885193242,1.813289658,0.1879393294,31
23,Brain and central nervous system,702,Singapore,1,1,2004,1.099765401,1.213451982,0.1007273365,21
23,Brain and central nervous system,702,Singapore,1,1,2005,1.076218765,1.194471304,0.09939335938,21
23,Brain and central nervous system,702,Singapore,1,1,2006,2.709446738,2.852987245,0.2570905751,51
23,Brain and central nervous system,702,Singapore,1,1,2007,1.573011954,1.914953534,0.1473991144,34
23,Brain and central nervous system,702,Singapore,1,1,2008,1.626218131,1.885745979,0.1495868135,34
23,Brain and central nervous system,702,Singapore,1,1,2009,1.620787985,1.897328507,0.1938281636,35
23,Brain and central nervous system,702,Singapore,1,1,2010,1.781744,2.095760116,0.1827376342,39
23,Brain and central nervous system,702,Singapore,1,1,2011,1.593342378,1.927298035,0.1549971188,36
23,Brain and central nervous system,702,Singapore,1,1,2012,2.163251609,2.286990746,0.2093774412,43
23,Brain and central nervous system,702,Singapore,1,1,2013,1.78005214,2.220455257,0.2012866406,42
23,Brain and central nervous system,702,Singapore,1,1,2014,1.45280783,2.20772599,0.1668023174,42
23,Brain and central nervous system,702,Singapore,1,1,2015,1.920712914,2.50439835,0.2109500011,48
23,Brain and central nervous system,702,Singapore,1,1,2016,1.772191522,2.53948379,0.1992040853,49
23,Brain and central nervous system,702,Singapore,1,1,2017,1.747242566,2.418261476,0.1868652589,47
23,Brain and central nervous system,702,Singapore,1,1,2018,2.155705939,3.067738739,0.2093750455,60
23,Brain and central nervous system,702,Singapore,1,1,2019,2.093601638,2.945086327,0.1900791636,58
23,Brain and central nervous system,702,Singapore,1,1,2020,1.889766354,3.286885428,0.1960366246,65
23,Brain and central nervous system,702,Singapore,1,1,2021,1.808985708,2.560014418,0.1806438205,50
23,Brain and central nervous system,702,Singapore,1,1,2022,1.782350132,2.9142624,0.1807109644,58
23,Brain and central nervous system,702,Singapore,2,1,1967,0.3992568933,0.4165798792,0.02608409724,4
23,Brain and central nervous system,702,Singapore,2,1,1968,0.34953425,0.2045408059,0.0368729924,2
23,Brain and central nervous system,702,Singapore,2,1,1969,0.486684123,0.4017677782,0.04607496887,4
23,Brain and central nervous system,702,Singapore,2,1,1970,0.6203204995,0.6914946162,0.04486622959,7
23,Brain and central nervous system,702,Singapore,2,1,1971,0.8573287918,0.7761715339,0.06427130782,8
23,Brain and central nervous system,702,Singapore,2,1,1972,0.5552141818,0.4764627406,0.03797545935,5
23,Brain and central nervous system,702,Singapore,2,1,1973,0.7265337189,0.4679457183,0.06653964198,5
23,Brain and central nervous system,702,Singapore,2,1,1974,0.4995506384,0.4604051565,0.01752654412,5
23,Brain and central nervous system,702,Singapore,2,1,1975,0.9752791572,0.9076881184,0.05850415315,10
23,Brain and central nervous system,702,Singapore,2,1,1976,0.9964608097,0.8958967927,0.08107487437,10
23,Brain and central nervous system,702,Singapore,2,1,1977,0.936975224,0.8833922261,0.07163446443,10
23,Brain and central nervous system,702,Singapore,2,1,1978,0.5868293839,0.611140213,0.0251785014,7
23,Brain and central nervous system,702,Singapore,2,1,1979,0.3633184997,0.2587545282,0.02955697881,3
23,Brain and central nervous system,702,Singapore,2,1,1980,0.1816516418,0.1691618033,0.02355748365,2
23,Brain and central nervous system,702,Singapore,2,1,1981,1.248796325,1.169590643,0.09573517735,14
23,Brain and central nervous system,702,Singapore,2,1,1982,0.5326180181,0.4953355899,0.05156688129,6
23,Brain and central nervous system,702,Singapore,2,1,1983,1.041617796,0.8968609865,0.09037509602,11
23,Brain and central nervous system,702,Singapore,2,1,1984,0.9456118618,0.9674298613,0.09534769377,12
23,Brain and central nervous system,702,Singapore,2,1,1985,1.411286588,1.195123895,0.1300156234,15
23,Brain and central nervous system,702,Singapore,2,1,1986,0.7232256539,0.630268652,0.06130506165,8
23,Brain and central nervous system,702,Singapore,2,1,1987,1.273172764,1.247466085,0.1075496498,16
23,Brain and central nervous system,702,Singapore,2,1,1988,2.673376141,2.496684091,0.2898166559,32
23,Brain and central nervous system,702,Singapore,2,1,1989,1.467817765,1.377726751,0.1928050685,18
23,Brain and central nervous system,702,Singapore,2,1,1990,1.310462849,1.185624305,0.1671294797,16
23,Brain and central nervous system,702,Singapore,2,1,1991,0.7702809062,0.8691873099,0.0636860715,12
23,Brain and central nervous system,702,Singapore,2,1,1992,1.553546205,1.559509463,0.1675503829,22
23,Brain and central nervous system,702,Singapore,2,1,1993,1.78208157,1.735628992,0.2364932614,25
23,Brain and central nervous system,702,Singapore,2,1,1994,1.626388656,1.428474253,0.1681062974,21
23,Brain and central nervous system,702,Singapore,2,1,1995,1.70032076,1.667222407,0.1524385027,25
23,Brain and central nervous system,702,Singapore,2,1,1996,1.594094762,1.570372309,0.1958470738,24
23,Brain and central nervous system,702,Singapore,2,1,1997,1.645765861,1.540930979,0.1438825227,24
23,Brain and central nervous system,702,Singapore,2,1,1998,1.427574325,1.322085117,0.1333708996,21
23,Brain and central nervous system,702,Singapore,2,1,1999,1.234620279,1.424324994,0.1165485585,23
23,Brain and central nervous system,702,Singapore,2,1,2000,1.741880174,2.013668538,0.1257066177,33
23,Brain and central nervous system,702,Singapore,2,1,2001,1.406092455,1.619481766,0.1480703984,27
23,Brain and central nervous system,702,Singapore,2,1,2002,0.9631576555,1.000765291,0.108013385,17
23,Brain and central nervous system,702,Singapore,2,1,2003,0.7435175561,0.867754252,0.07469594944,15
23,Brain and central nervous system,702,Singapore,2,1,2004,0.8483719083,0.8535336292,0.07795961154,15
23,Brain and central nervous system,702,Singapore,2,1,2005,0.8440546965,0.8959068257,0.05829696425,16
23,Brain and central nervous system,702,Singapore,2,1,2006,1.284873371,1.592531576,0.1188520894,29
23,Brain and central nervous system,702,Singapore,2,1,2007,1.160840047,1.438371321,0.1063551019,26
23,Brain and central nervous system,702,Singapore,2,1,2008,1.231658699,1.413273903,0.1239209528,26
23,Brain and central nervous system,702,Singapore,2,1,2009,0.9135173002,1.111588094,0.1006645523,21
23,Brain and central nervous system,702,Singapore,2,1,2010,1.431941636,1.675129561,0.111767998,32
23,Brain and central nervous system,702,Singapore,2,1,2011,1.07148085,1.509394681,0.1065753516,29
23,Brain and central nervous system,702,Singapore,2,1,2012,1.462510234,2.063983488,0.1357510143,40
23,Brain and central nervous system,702,Singapore,2,1,2013,1.15860187,1.177526447,0.111492297,23
23,Brain and central nervous system,702,Singapore,2,1,2014,1.153579368,1.676548992,0.1117781699,33
23,Brain and central nervous system,702,Singapore,2,1,2015,1.045931466,1.560877757,0.08844297556,31
23,Brain and central nervous system,702,Singapore,2,1,2016,0.9510428395,1.297383826,0.1015409774,26
23,Brain and central nervous system,702,Singapore,2,1,2017,0.8194373459,1.137346452,0.08289194941,23
23,Brain and central nervous system,702,Singapore,2,1,2018,1.44173039,2.305679084,0.1371106737,47
23,Brain and central nervous system,702,Singapore,2,1,2019,1.158172288,2.041980196,0.08979977305,42
23,Brain and central nervous system,702,Singapore,2,1,2020,1.405522588,2.564531847,0.1276252948,53
23,Brain and central nervous system,702,Singapore,2,1,2021,1.200052654,2.212685276,0.1335589762,45
23,Brain and central nervous system,702,Singapore,2,1,2022,1.264960392,2.256331771,0.1423678231,47
23,Brain and central nervous system,703,Slovakia,1,1,1993,4.979203843,5.472753396,0.571349117,142
23,Brain and central nervous system,703,Slovakia,1,1,1994,5.285026415,5.604619435,0.5700144176,146
23,Brain and central nervous system,703,Slovakia,1,1,1995,5.370623204,5.818785413,0.6081714637,152
23,Brain and central nervous system,703,Slovakia,1,1,1996,5.206874587,5.733212961,0.5912471063,150
23,Brain and central nervous system,703,Slovakia,1,1,1997,5.43756617,5.99161403,0.6399281196,157
23,Brain and central nervous system,703,Slovakia,1,1,1998,6.517952995,7.091387396,0.7011128823,186
23,Brain and central nervous system,703,Slovakia,1,1,1999,6.060438596,6.821906323,0.6778135074,179
23,Brain and central nervous system,703,Slovakia,1,1,2000,5.573512937,6.360230507,0.6224022429,167
23,Brain and central nervous system,703,Slovakia,1,1,2001,6.038599147,6.851192107,0.7131347712,179
23,Brain and central nervous system,703,Slovakia,1,1,2002,5.155203665,6.126859693,0.5717169028,160
23,Brain and central nervous system,703,Slovakia,1,1,2003,5.647612736,6.741042839,0.634566639,176
23,Brain and central nervous system,703,Slovakia,1,1,2004,5.968950314,7.081846624,0.6813995067,185
23,Brain and central nervous system,703,Slovakia,1,1,2005,5.926783844,7.304261099,0.6761711312,191
23,Brain and central nervous system,703,Slovakia,1,1,2006,5.795643246,7.184006872,0.6571114021,188
23,Brain and central nervous system,703,Slovakia,1,1,2007,5.501843899,6.943662858,0.6426481945,182
23,Brain and central nervous system,703,Slovakia,1,1,2008,5.791713204,7.194806035,0.6519325801,189
23,Brain and central nervous system,703,Slovakia,1,1,2009,5.599251664,6.873170635,0.6487795617,181
23,Brain and central nervous system,703,Slovakia,1,1,2010,5.195429045,6.591168743,0.5800883991,174
23,Brain and central nervous system,703,Slovakia,1,1,2011,4.869397283,6.522862824,0.5413746889,172
23,Brain and central nervous system,703,Slovakia,1,1,2012,4.957605679,6.909994662,0.5375925502,182
23,Brain and central nervous system,703,Slovakia,1,1,2013,6.119126188,8.341178464,0.7177156722,220
23,Brain and central nervous system,703,Slovakia,1,1,2014,5.576471293,7.763113698,0.6421080041,205
23,Brain and central nervous system,703,Slovakia,1,1,2015,5.223322693,7.675473422,0.5986750843,203
23,Brain and central nervous system,703,Slovakia,1,1,2016,5.249542931,8.00337954,0.5852930696,212
23,Brain and central nervous system,703,Slovakia,1,1,2017,5.505926529,8.100680533,0.5995624288,215
23,Brain and central nervous system,703,Slovakia,1,1,2018,4.592869443,6.995642392,0.4686911258,186
23,Brain and central nervous system,703,Slovakia,1,1,2019,4.573064441,7.171788362,0.5035829504,191
23,Brain and central nervous system,703,Slovakia,1,1,2020,5.039190132,7.877214482,0.5558189145,210
23,Brain and central nervous system,703,Slovakia,1,1,2021,4.875652091,7.439028147,0.5214619665,198
23,Brain and central nervous system,703,Slovakia,1,1,2022,4.460891516,6.775835413,0.4449510878,180
23,Brain and central nervous system,703,Slovakia,1,1,2023,4.69458634,8.025143944,0.5699533607,213
23,Brain and central nervous system,703,Slovakia,2,1,1993,3.909413514,4.835235681,0.4415576282,132
23,Brain and central nervous system,703,Slovakia,2,1,1994,3.394635819,4.266306498,0.3735531928,117
23,Brain and central nervous system,703,Slovakia,2,1,1995,3.864796159,4.688442118,0.420995846,129
23,Brain and central nervous system,703,Slovakia,2,1,1996,3.725024798,4.7507506,0.4258808867,131
23,Brain and central nervous system,703,Slovakia,2,1,1997,4.488351995,5.7548145,0.5294951184,159
23,Brain and central nervous system,703,Slovakia,2,1,1998,3.365691704,4.55251653,0.3813173542,126
23,Brain and central nervous system,703,Slovakia,2,1,1999,3.712607044,4.835450346,0.3974010641,134
23,Brain and central nervous system,703,Slovakia,2,1,2000,4.025498745,5.40542878,0.4511231228,150
23,Brain and central nervous system,703,Slovakia,2,1,2001,4.015072643,5.493123477,0.4590819494,152
23,Brain and central nervous system,703,Slovakia,2,1,2002,3.702701973,5.564876523,0.4201475206,154
23,Brain and central nervous system,703,Slovakia,2,1,2003,4.226283469,6.033066987,0.4608486931,167
23,Brain and central nervous system,703,Slovakia,2,1,2004,4.288137334,6.208801265,0.4737105293,172
23,Brain and central nervous system,703,Slovakia,2,1,2005,3.921845702,5.951580108,0.4622715539,165
23,Brain and central nervous system,703,Slovakia,2,1,2006,3.778215142,5.587075472,0.4098829309,155
23,Brain and central nervous system,703,Slovakia,2,1,2007,3.735276775,5.870338978,0.4237866485,163
23,Brain and central nervous system,703,Slovakia,2,1,2008,3.479895364,5.647325596,0.4177592514,157
23,Brain and central nervous system,703,Slovakia,2,1,2009,3.795423583,6.176062301,0.4141164958,172
23,Brain and central nervous system,703,Slovakia,2,1,2010,3.546134081,6.054899668,0.4065175682,169
23,Brain and central nervous system,703,Slovakia,2,1,2011,3.465398757,6.325428943,0.3859341048,176
23,Brain and central nervous system,703,Slovakia,2,1,2012,3.805651937,6.958182047,0.3955702486,193
23,Brain and central nervous system,703,Slovakia,2,1,2013,3.429542219,6.268296039,0.3861949487,174
23,Brain and central nervous system,703,Slovakia,2,1,2014,3.561112794,6.587584455,0.3978758237,183
23,Brain and central nervous system,703,Slovakia,2,1,2015,3.501385717,6.726775986,0.4101463071,187
23,Brain and central nervous system,703,Slovakia,2,1,2016,3.787081626,7.225236132,0.4486437112,201
23,Brain and central nervous system,703,Slovakia,2,1,2017,3.345887994,6.355169985,0.3365727809,177
23,Brain and central nervous system,703,Slovakia,2,1,2018,3.724809969,7.353004473,0.4153059171,205
23,Brain and central nervous system,703,Slovakia,2,1,2019,4.023705628,7.416874572,0.4622177979,207
23,Brain and central nervous system,703,Slovakia,2,1,2020,3.986324407,7.841278207,0.4693550971,219
23,Brain and central nervous system,703,Slovakia,2,1,2021,3.134799717,6.330142845,0.3624233119,176
23,Brain and central nervous system,703,Slovakia,2,1,2022,3.236880944,6.774152285,0.3508882513,188
23,Brain and central nervous system,703,Slovakia,2,1,2023,3.310890742,6.311801554,0.3576374576,175
23,Brain and central nervous system,705,Slovenia,1,0,1983,3.525949358,3.700615826,0.3140425245,34
23,Brain and central nervous system,705,Slovenia,1,0,1984,4.61266815,4.353665678,0.4010670555,40
23,Brain and central nervous system,705,Slovenia,1,0,1985,4.004273821,3.91829911,0.3496332291,36
23,Brain and central nervous system,705,Slovenia,1,0,1986,4.50282773,4.474282242,0.4739863007,43
23,Brain and central nervous system,705,Slovenia,1,0,1987,4.465205341,4.454255316,0.4756320054,43
23,Brain and central nervous system,705,Slovenia,1,0,1988,4.042688755,4.533283055,0.4005606625,44
23,Brain and central nervous system,705,Slovenia,1,0,1989,4.843435889,5.16400359,0.5200047241,50
23,Brain and central nervous system,705,Slovenia,1,0,1990,4.693031027,5.365526492,0.4125156669,52
23,Brain and central nervous system,705,Slovenia,1,0,1991,4.768406535,5.45593611,0.5416928948,53
23,Brain and central nervous system,705,Slovenia,1,0,1992,3.660796817,4.337691336,0.3174114446,42
23,Brain and central nervous system,705,Slovenia,1,0,1993,5.26194824,5.802056622,0.4942883809,56
23,Brain and central nervous system,705,Slovenia,1,0,1994,4.086959372,4.667502668,0.4344367511,45
23,Brain and central nervous system,705,Slovenia,1,0,1995,4.695489071,5.592088231,0.5344911461,54
23,Brain and central nervous system,705,Slovenia,1,0,1996,5.084201625,5.881660981,0.4988303163,57
23,Brain and central nervous system,705,Slovenia,1,0,1997,4.388644451,5.365498811,0.4627736578,52
23,Brain and central nervous system,705,Slovenia,1,0,1998,4.969853353,5.690559775,0.4711750425,55
23,Brain and central nervous system,705,Slovenia,1,0,1999,6.18093837,7.640973377,0.6424540444,74
23,Brain and central nervous system,705,Slovenia,1,0,2000,4.390696496,5.140959982,0.4593728488,50
23,Brain and central nervous system,705,Slovenia,1,0,2001,6.528957996,8.524089797,0.6921441638,83
23,Brain and central nervous system,705,Slovenia,1,0,2002,5.891811393,7.171315557,0.6103663161,70
23,Brain and central nervous system,705,Slovenia,1,0,2003,4.794367979,6.240817813,0.4988869553,61
23,Brain and central nervous system,705,Slovenia,1,0,2004,5.995209879,7.573493591,0.5825659511,74
23,Brain and central nervous system,705,Slovenia,1,0,2005,4.800363371,6.530145806,0.5083708028,64
23,Brain and central nervous system,705,Slovenia,1,0,2006,6.419368902,8.520341301,0.6318580879,84
23,Brain and central nervous system,705,Slovenia,1,0,2007,5.884554331,7.938701168,0.6127478485,79
23,Brain and central nervous system,705,Slovenia,1,0,2008,5.466934074,7.522801612,0.5353539308,75
23,Brain and central nervous system,705,Slovenia,1,0,2009,6.568196971,8.203469771,0.6252149913,83
23,Brain and central nervous system,705,Slovenia,1,0,2010,5.362949862,8.179628586,0.5895708231,83
23,Brain and central nervous system,705,Slovenia,1,0,2011,6.071151198,8.272357523,0.6553707871,84
23,Brain and central nervous system,705,Slovenia,1,0,2012,4.532697412,5.995592748,0.4564403036,61
23,Brain and central nervous system,705,Slovenia,1,0,2013,5.757492226,8.630344684,0.5345395961,88
23,Brain and central nervous system,705,Slovenia,1,0,2014,6.621486438,9.790301531,0.6568181435,100
23,Brain and central nervous system,705,Slovenia,1,0,2015,6.314799008,10.07281767,0.7172020454,103
23,Brain and central nervous system,705,Slovenia,1,0,2016,6.682308723,9.766845856,0.6592845563,100
23,Brain and central nervous system,705,Slovenia,1,0,2017,7.062754606,11.20887197,0.6947245488,115
23,Brain and central nervous system,705,Slovenia,1,1,1986,5.194702881,5.396430054,0.5698107828,52
23,Brain and central nervous system,705,Slovenia,1,1,1987,4.798736824,5.063552754,0.5902415969,49
23,Brain and central nervous system,705,Slovenia,1,1,1988,4.841794157,5.370236497,0.5638059586,52
23,Brain and central nervous system,705,Slovenia,1,1,1989,4.981088553,5.783331612,0.534497215,56
23,Brain and central nervous system,705,Slovenia,1,1,1990,4.004608156,4.637740905,0.4148460247,45
23,Brain and central nervous system,705,Slovenia,1,1,1991,5.247890885,5.978765076,0.5951928945,58
23,Brain and central nervous system,705,Slovenia,1,1,1992,5.133400925,5.791106515,0.4843265279,56
23,Brain and central nervous system,705,Slovenia,1,1,1993,3.399654275,4.250466515,0.3371142565,41
23,Brain and central nervous system,705,Slovenia,1,1,1994,4.599412249,5.807321373,0.549164392,56
23,Brain and central nervous system,705,Slovenia,1,1,1995,5.527722307,6.347554631,0.5866660613,61
23,Brain and central nervous system,705,Slovenia,1,1,1996,5.080017634,6.191311526,0.5672894161,60
23,Brain and central nervous system,705,Slovenia,1,1,1997,4.779881479,6.047336044,0.5645474599,58
23,Brain and central nervous system,705,Slovenia,1,1,1998,4.526277497,5.439330544,0.4615010493,52
23,Brain and central nervous system,705,Slovenia,1,1,1999,5.976561464,7.937336815,0.7179137915,76
23,Brain and central nervous system,705,Slovenia,1,1,2000,5.104593269,6.68114945,0.5402389551,64
23,Brain and central nervous system,705,Slovenia,1,1,2001,5.66846568,7.599790903,0.645510084,74
23,Brain and central nervous system,705,Slovenia,1,1,2002,5.757448189,7.683552383,0.6172170566,75
23,Brain and central nervous system,705,Slovenia,1,1,2003,4.383904204,5.933892347,0.4787593272,58
23,Brain and central nervous system,705,Slovenia,1,1,2004,3.573136733,5.219569907,0.4385921216,51
23,Brain and central nervous system,705,Slovenia,1,1,2005,4.730205395,6.42775812,0.5315145096,63
23,Brain and central nervous system,705,Slovenia,1,1,2006,5.000799984,7.60744759,0.5810438094,75
23,Brain and central nervous system,705,Slovenia,1,1,2007,6.131812407,8.340660721,0.5944542258,83
23,Brain and central nervous system,705,Slovenia,1,1,2008,5.705321257,8.199336743,0.6083166294,83
23,Brain and central nervous system,705,Slovenia,1,1,2009,5.545362009,8.302306756,0.5938107956,84
23,Brain and central nervous system,705,Slovenia,1,1,2010,4.776829156,7.48983206,0.5090365862,76
23,Brain and central nervous system,705,Slovenia,1,1,2011,3.531542643,6.302748589,0.4532230057,64
23,Brain and central nervous system,705,Slovenia,1,1,2012,5.256115963,8.452636731,0.6446213108,86
23,Brain and central nervous system,705,Slovenia,1,1,2013,3.446254544,6.080470118,0.3686951085,62
23,Brain and central nervous system,705,Slovenia,1,1,2014,3.78487159,6.755308057,0.4396608421,69
23,Brain and central nervous system,705,Slovenia,1,1,2015,5.469028907,9.681640285,0.6282347901,99
23,Brain and central nervous system,705,Slovenia,1,1,2016,6.477948264,11.03653582,0.6889424949,113
23,Brain and central nervous system,705,Slovenia,1,1,2017,5.901579613,10.52659281,0.6521624388,108
23,Brain and central nervous system,705,Slovenia,1,1,2018,6.383206484,10.81034755,0.6712152231,111
23,Brain and central nervous system,705,Slovenia,1,1,2019,4.603811244,8.366882893,0.4789519561,85
23,Brain and central nervous system,705,Slovenia,1,1,2020,4.278415708,7.681489412,0.457124986,81
23,Brain and central nervous system,705,Slovenia,2,0,1983,2.493992631,2.569114313,0.251454134,25
23,Brain and central nervous system,705,Slovenia,2,0,1984,2.720168671,2.774643458,0.2258753574,27
23,Brain and central nervous system,705,Slovenia,2,0,1985,2.785215636,3.288466321,0.3083342081,32
23,Brain and central nervous system,705,Slovenia,2,0,1986,3.111711127,3.726436419,0.3179372157,38
23,Brain and central nervous system,705,Slovenia,2,0,1987,2.09868995,2.636479304,0.2045130427,27
23,Brain and central nervous system,705,Slovenia,2,0,1988,2.300658199,2.817205158,0.2143324407,29
23,Brain and central nervous system,705,Slovenia,2,0,1989,2.825935769,3.307199969,0.2928526778,34
23,Brain and central nervous system,705,Slovenia,2,0,1990,2.812030381,3.595930185,0.2771204885,37
23,Brain and central nervous system,705,Slovenia,2,0,1991,4.013022488,4.659040723,0.4196430404,48
23,Brain and central nervous system,705,Slovenia,2,0,1992,3.35458061,4.379242391,0.353649481,45
23,Brain and central nervous system,705,Slovenia,2,0,1993,2.871789367,3.705697412,0.3022456399,38
23,Brain and central nervous system,705,Slovenia,2,0,1994,2.065893165,3.025166457,0.2519143465,31
23,Brain and central nervous system,705,Slovenia,2,0,1995,4.243899931,5.77381331,0.4351774013,59
23,Brain and central nervous system,705,Slovenia,2,0,1996,4.593164287,5.576999281,0.4768060091,57
23,Brain and central nervous system,705,Slovenia,2,0,1997,2.866535865,3.9304584,0.3231472144,40
23,Brain and central nervous system,705,Slovenia,2,0,1998,3.408335225,4.822407464,0.3450207841,49
23,Brain and central nervous system,705,Slovenia,2,0,1999,2.633040756,3.637815187,0.3013665658,37
23,Brain and central nervous system,705,Slovenia,2,0,2000,3.695774555,5.502652573,0.4117505405,56
23,Brain and central nervous system,705,Slovenia,2,0,2001,3.891361589,5.008229208,0.3713756656,51
23,Brain and central nervous system,705,Slovenia,2,0,2002,5.083514319,6.767313288,0.4904350944,69
23,Brain and central nervous system,705,Slovenia,2,0,2003,4.080254446,6.671002818,0.4558790485,68
23,Brain and central nervous system,705,Slovenia,2,0,2004,3.503978045,5.980908157,0.4323181284,61
23,Brain and central nervous system,705,Slovenia,2,0,2005,4.230200768,6.659850114,0.4450169932,68
23,Brain and central nervous system,705,Slovenia,2,0,2006,3.247804512,4.595947743,0.3300487062,47
23,Brain and central nervous system,705,Slovenia,2,0,2007,4.122824193,6.345914842,0.4165477713,65
23,Brain and central nervous system,705,Slovenia,2,0,2008,4.12006701,5.557397188,0.4071997999,57
23,Brain and central nervous system,705,Slovenia,2,0,2009,4.216515088,5.919065991,0.4006189379,61
23,Brain and central nervous system,705,Slovenia,2,0,2010,4.520637736,7.44288552,0.5087649716,77
23,Brain and central nervous system,705,Slovenia,2,0,2011,4.076286472,5.881978582,0.4330946339,61
23,Brain and central nervous system,705,Slovenia,2,0,2012,3.744622585,5.968149335,0.3879162079,62
23,Brain and central nervous system,705,Slovenia,2,0,2013,4.286265432,7.022904288,0.4157087322,73
23,Brain and central nervous system,705,Slovenia,2,0,2014,3.856247004,6.633314235,0.4233707358,69
23,Brain and central nervous system,705,Slovenia,2,0,2015,4.184639916,7.496230261,0.4421298926,78
23,Brain and central nervous system,705,Slovenia,2,0,2016,3.87492452,5.86330427,0.3704366041,61
23,Brain and central nervous system,705,Slovenia,2,0,2017,5.225300392,8.171599749,0.4672772899,85
23,Brain and central nervous system,705,Slovenia,2,1,1986,3.82244443,4.695294923,0.4338520611,48
23,Brain and central nervous system,705,Slovenia,2,1,1987,3.166096513,4.091971941,0.3984582558,42
23,Brain and central nervous system,705,Slovenia,2,1,1988,2.485511183,3.404669261,0.2475412227,35
23,Brain and central nervous system,705,Slovenia,2,1,1989,2.6562163,3.501264345,0.2881041285,36
23,Brain and central nervous system,705,Slovenia,2,1,1990,2.699453119,3.787510926,0.3157996291,39
23,Brain and central nervous system,705,Slovenia,2,1,1991,3.413079406,4.081632653,0.3584106933,42
23,Brain and central nervous system,705,Slovenia,2,1,1992,4.269658232,5.646967189,0.4503425221,58
23,Brain and central nervous system,705,Slovenia,2,1,1993,3.274247742,4.292264169,0.3403303341,44
23,Brain and central nervous system,705,Slovenia,2,1,1994,4.115257257,5.755536045,0.4927069002,59
23,Brain and central nervous system,705,Slovenia,2,1,1995,3.274377201,4.696213678,0.3616380925,48
23,Brain and central nervous system,705,Slovenia,2,1,1996,2.627589445,4.108383058,0.312705627,42
23,Brain and central nervous system,705,Slovenia,2,1,1997,3.806016609,4.898599001,0.4090646938,50
23,Brain and central nervous system,705,Slovenia,2,1,1998,3.091084404,5.59976422,0.3518091647,57
23,Brain and central nervous system,705,Slovenia,2,1,1999,2.911112948,4.514672686,0.3526961288,46
23,Brain and central nervous system,705,Slovenia,2,1,2000,4.120941127,6.474968361,0.4505717194,66
23,Brain and central nervous system,705,Slovenia,2,1,2001,3.090838816,5.302830926,0.3580403849,54
23,Brain and central nervous system,705,Slovenia,2,1,2002,2.790014408,4.609619196,0.2794433537,47
23,Brain and central nervous system,705,Slovenia,2,1,2003,3.583864942,6.376693871,0.4611551699,65
23,Brain and central nervous system,705,Slovenia,2,1,2004,3.826455117,7.059432578,0.4956955258,72
23,Brain and central nervous system,705,Slovenia,2,1,2005,3.568164265,6.366033197,0.4253411209,65
23,Brain and central nervous system,705,Slovenia,2,1,2006,3.521498842,6.551670187,0.3750937924,67
23,Brain and central nervous system,705,Slovenia,2,1,2007,3.073205187,6.150655924,0.3860109079,63
23,Brain and central nervous system,705,Slovenia,2,1,2008,2.301572495,5.354767983,0.2509113629,55
23,Brain and central nervous system,705,Slovenia,2,1,2009,3.130697312,6.016099859,0.3855123008,62
23,Brain and central nervous system,705,Slovenia,2,1,2010,4.116475121,7.44288552,0.3900335612,77
23,Brain and central nervous system,705,Slovenia,2,1,2011,3.540234611,7.135143474,0.4377288156,74
23,Brain and central nervous system,705,Slovenia,2,1,2012,3.288139887,6.73823312,0.3656172424,70
23,Brain and central nervous system,705,Slovenia,2,1,2013,4.366477347,8.273558477,0.4296226899,86
23,Brain and central nervous system,705,Slovenia,2,1,2014,3.013961251,6.441044257,0.3251742521,67
23,Brain and central nervous system,705,Slovenia,2,1,2015,3.668499791,8.361179907,0.4495084822,87
23,Brain and central nervous system,705,Slovenia,2,1,2016,2.941642843,7.401220144,0.3637339253,77
23,Brain and central nervous system,705,Slovenia,2,1,2017,3.47197586,6.729552735,0.3512743786,70
23,Brain and central nervous system,705,Slovenia,2,1,2018,4.136438396,7.599091187,0.3685917408,79
23,Brain and central nervous system,705,Slovenia,2,1,2019,3.337476039,8.08270532,0.4053898766,84
23,Brain and central nervous system,705,Slovenia,2,1,2020,3.245385624,7.268255035,0.3181886147,76
23,Brain and central nervous system,710,South Africa,1,1,1994,1.133871168,0.7946442772,0.1319435752,177
23,Brain and central nervous system,710,South Africa,1,1,1995,1.192202146,0.8156766118,0.1354930512,179
23,Brain and central nervous system,710,South Africa,1,1,1996,1.246468051,0.7765055161,0.1564829366,169
23,Brain and central nervous system,710,South Africa,1,1,1997,1.093486991,0.7367175806,0.1247269851,160
23,Brain and central nervous system,710,South Africa,1,1,1998,1.289863313,0.823417465,0.1613553673,181
23,Brain and central nervous system,710,South Africa,1,1,1999,1.371460465,0.9181209601,0.1422949039,204
23,Brain and central nervous system,710,South Africa,1,1,2000,1.358163187,0.8922170767,0.1446065197,200
23,Brain and central nervous system,710,South Africa,1,1,2001,1.344267247,0.8889786025,0.1494420039,201
23,Brain and central nervous system,710,South Africa,1,1,2002,1.405100269,0.9279680758,0.1545047812,212
23,Brain and central nervous system,710,South Africa,1,1,2003,1.3114085,0.8482151087,0.1519578097,196
23,Brain and central nervous system,710,South Africa,1,1,2004,1.43786652,0.9966889821,0.155908045,233
23,Brain and central nervous system,710,South Africa,1,1,2005,1.291607876,0.9343636786,0.1313365589,221
23,Brain and central nervous system,710,South Africa,1,1,2006,1.323074043,0.9067490502,0.1547675857,217
23,Brain and central nervous system,710,South Africa,1,1,2007,1.475564097,0.9744179169,0.1798049125,236
23,Brain and central nervous system,710,South Africa,1,1,2008,1.360853327,0.9334587021,0.1612457581,229
23,Brain and central nervous system,710,South Africa,1,1,2009,1.602672439,1.110332314,0.182942298,276
23,Brain and central nervous system,710,South Africa,1,1,2010,1.50598265,1.040318889,0.1806819066,262
23,Brain and central nervous system,710,South Africa,1,1,2011,1.344743692,0.9204832514,0.1637995108,235
23,Brain and central nervous system,710,South Africa,1,1,2012,1.731794864,1.187320741,0.2011863271,308
23,Brain and central nervous system,710,South Africa,1,1,2013,1.400979416,0.992306951,0.1701052153,262
23,Brain and central nervous system,710,South Africa,1,1,2014,1.471625305,1.048690827,0.1687770421,282
23,Brain and central nervous system,710,South Africa,1,1,2015,1.432446236,1.046159195,0.1583179152,288
23,Brain and central nervous system,710,South Africa,1,1,2016,1.531783966,1.148285422,0.1631244217,319
23,Brain and central nervous system,710,South Africa,1,1,2017,1.468308593,1.089416961,0.1580978664,304
23,Brain and central nervous system,710,South Africa,1,1,2018,1.361047578,1.056295107,0.1543567539,300
23,Brain and central nervous system,710,South Africa,1,1,2019,1.443284205,1.15255893,0.1600656491,333
23,Brain and central nervous system,710,South Africa,1,1,2020,1.143003494,0.9393768552,0.1168679786,276
23,Brain and central nervous system,710,South Africa,2,1,1994,0.9261976998,0.7132988637,0.1033635263,155
23,Brain and central nervous system,710,South Africa,2,1,1995,0.7636288066,0.6018609097,0.07982361021,136
23,Brain and central nervous system,710,South Africa,2,1,1996,0.763960472,0.5822205554,0.09047264067,136
23,Brain and central nervous system,710,South Africa,2,1,1997,0.7493797773,0.5804028764,0.08741162346,139
23,Brain and central nervous system,710,South Africa,2,1,1998,0.9730511485,0.7383781446,0.1149756711,179
23,Brain and central nervous system,710,South Africa,2,1,1999,0.8874778245,0.7098841846,0.09311597106,174
23,Brain and central nervous system,710,South Africa,2,1,2000,0.7407497839,0.5981332826,0.07841453818,148
23,Brain and central nervous system,710,South Africa,2,1,2001,0.7177250152,0.5930299151,0.07795333866,148
23,Brain and central nervous system,710,South Africa,2,1,2002,0.8071091013,0.6713328537,0.07787107823,169
23,Brain and central nervous system,710,South Africa,2,1,2003,0.8478142144,0.7049186229,0.08616340535,179
23,Brain and central nervous system,710,South Africa,2,1,2004,0.6983632915,0.6051374018,0.07427076357,155
23,Brain and central nervous system,710,South Africa,2,1,2005,0.7629976125,0.6540862276,0.08022112402,169
23,Brain and central nervous system,710,South Africa,2,1,2006,0.8137001157,0.6943744316,0.08482468344,181
23,Brain and central nervous system,710,South Africa,2,1,2007,0.8303537668,0.7297883963,0.09413630789,192
23,Brain and central nervous system,710,South Africa,2,1,2008,0.7848455739,0.6733834598,0.08963955333,179
23,Brain and central nervous system,710,South Africa,2,1,2009,0.8240475459,0.7219654221,0.08877860951,194
23,Brain and central nervous system,710,South Africa,2,1,2010,0.8902251577,0.7953028383,0.1004352594,216
23,Brain and central nervous system,710,South Africa,2,1,2011,0.9496449855,0.8374252785,0.1105410569,230
23,Brain and central nervous system,710,South Africa,2,1,2012,0.9100060143,0.8368709238,0.09384287419,233
23,Brain and central nervous system,710,South Africa,2,1,2013,0.7790030349,0.7214682898,0.0845585451,204
23,Brain and central nervous system,710,South Africa,2,1,2014,0.7261303133,0.6758600472,0.07880866908,194
23,Brain and central nervous system,710,South Africa,2,1,2015,0.9168930494,0.8460565655,0.1028415621,247
23,Brain and central nervous system,710,South Africa,2,1,2016,0.9349839352,0.8684147596,0.1034445499,256
23,Brain and central nervous system,710,South Africa,2,1,2017,0.9035626091,0.8678007331,0.09652057202,258
23,Brain and central nervous system,710,South Africa,2,1,2018,0.8295019173,0.814250132,0.09785772933,246
23,Brain and central nervous system,710,South Africa,2,1,2019,1.053589569,1.058781824,0.1162411678,325
23,Brain and central nervous system,710,South Africa,2,1,2020,0.8293460372,0.8562851563,0.09459270348,267
23,Brain and central nervous system,724,Spain,1,0,1993,7.630106361,9.068286553,0.7691583336,308
23,Brain and central nervous system,724,Spain,1,0,1994,7.265856265,8.84416954,0.7299560895,302
23,Brain and central nervous system,724,Spain,1,0,1995,7.294833041,8.914702033,0.7748694181,306
23,Brain and central nervous system,724,Spain,1,0,1996,7.086244218,8.879404669,0.7036699943,307
23,Brain and central nervous system,724,Spain,1,0,1997,6.706206366,8.627901887,0.7488134583,300
23,Brain and central nervous system,724,Spain,1,0,1998,6.790286865,8.821317785,0.687077793,309
23,Brain and central nervous system,724,Spain,1,0,1999,6.713268001,8.714675854,0.694160316,308
23,Brain and central nervous system,724,Spain,1,0,2000,6.408019452,8.639468278,0.6513696843,309
23,Brain and central nervous system,724,Spain,1,0,2001,5.279780441,7.195910306,0.5661019646,262
23,Brain and central nervous system,724,Spain,1,0,2002,5.964789381,7.931156486,0.5943024376,295
23,Brain and central nervous system,724,Spain,1,0,2003,6.877226922,9.294082732,0.7596858354,352
23,Brain and central nervous system,724,Spain,1,0,2004,7.089959949,9.485590714,0.7411733472,366
23,Brain and central nervous system,724,Spain,1,0,2005,6.19280565,8.467003403,0.6296277752,334
23,Brain and central nervous system,724,Spain,1,0,2006,6.327950552,8.668006388,0.6506894113,348
23,Brain and central nervous system,724,Spain,1,0,2007,6.115466683,8.754575978,0.6159951809,358
23,Brain and central nervous system,724,Spain,1,0,2008,6.882099819,9.702367858,0.6991014162,404
23,Brain and central nervous system,724,Spain,1,0,2009,6.553542423,8.985424358,0.649902293,378
23,Brain and central nervous system,724,Spain,1,0,2010,7.086789118,10.00523442,0.7123127639,423
23,Brain and central nervous system,724,Spain,1,0,2011,6.256868132,9.204326128,0.6381281761,390
23,Brain and central nervous system,724,Spain,1,0,2012,6.172533176,9.132881299,0.6527023515,387
23,Brain and central nervous system,724,Spain,1,0,2013,6.570159235,9.454422928,0.6791237887,399
23,Brain and central nervous system,724,Spain,1,0,2014,6.302267611,9.174795098,0.6484641664,385
23,Brain and central nervous system,724,Spain,1,0,2015,5.779417593,8.761461221,0.616537533,367
23,Brain and central nervous system,724,Spain,1,0,2016,6.775842489,10.0844995,0.7267955082,422
23,Brain and central nervous system,724,Spain,1,1,1956,2.643915022,2.64258471,0.2590253023,375
23,Brain and central nervous system,724,Spain,1,1,1957,3.006243984,3.01616539,0.3019839764,432
23,Brain and central nervous system,724,Spain,1,1,1958,3.191406775,3.199363942,0.3173395984,463
23,Brain and central nervous system,724,Spain,1,1,1959,3.06178771,3.083381929,0.2988597152,451
23,Brain and central nervous system,724,Spain,1,1,1960,3.638417444,3.649765521,0.3530981959,539
23,Brain and central nervous system,724,Spain,1,1,1961,3.320680818,3.397741306,0.3330763087,507
23,Brain and central nervous system,724,Spain,1,1,1962,3.581363717,3.66321792,0.35725501,553
23,Brain and central nervous system,724,Spain,1,1,1963,3.807287378,3.903204587,0.3796659398,596
23,Brain and central nervous system,724,Spain,1,1,1964,3.844893622,3.940900981,0.3853505269,609
23,Brain and central nervous system,724,Spain,1,1,1965,3.527442236,3.625311232,0.344764614,567
23,Brain and central nervous system,724,Spain,1,1,1966,3.593864061,3.735775253,0.3533258666,591
23,Brain and central nervous system,724,Spain,1,1,1967,4.087366551,4.23134018,0.4226477735,677
23,Brain and central nervous system,724,Spain,1,1,1968,4.326748114,4.54989232,0.4360191873,736
23,Brain and central nervous system,724,Spain,1,1,1969,4.452517931,4.68736442,0.4709938615,766
23,Brain and central nervous system,724,Spain,1,1,1970,4.569223024,4.799182975,0.453828753,792
23,Brain and central nervous system,724,Spain,1,1,1971,4.89142844,5.138453439,0.4895576808,857
23,Brain and central nervous system,724,Spain,1,1,1972,4.787756924,5.102994551,0.4983960467,861
23,Brain and central nervous system,724,Spain,1,1,1973,4.840941435,5.155356522,0.5013853495,880
23,Brain and central nervous system,724,Spain,1,1,1974,5.058850629,5.410028737,0.5092777926,936
23,Brain and central nervous system,724,Spain,1,1,1975,5.035421931,5.395611389,0.5205320563,946
23,Brain and central nervous system,724,Spain,1,1,1976,5.2654851,5.629703965,0.5405330276,998
23,Brain and central nervous system,724,Spain,1,1,1977,5.405590621,5.82628301,0.5652999413,1044
23,Brain and central nervous system,724,Spain,1,1,1978,5.534178037,6.055398666,0.5962332318,1096
23,Brain and central nervous system,724,Spain,1,1,1979,5.782474935,6.383802705,0.6184447623,1166
23,Brain and central nervous system,724,Spain,1,1,1980,5.177876408,5.809103468,0.5803359151,1070
23,Brain and central nervous system,724,Spain,1,1,1981,5.260906983,5.970142016,0.5824872538,1108
23,Brain and central nervous system,724,Spain,1,1,1982,5.674243292,6.499242817,0.6140622962,1214
23,Brain and central nervous system,724,Spain,1,1,1983,5.606228157,6.441705111,0.6196972993,1210
23,Brain and central nervous system,724,Spain,1,1,1984,4.976345275,5.827163008,0.5651166365,1100
23,Brain and central nervous system,724,Spain,1,1,1985,3.45950162,4.077244854,0.3895971284,773
23,Brain and central nervous system,724,Spain,1,1,1986,3.116833736,3.784649451,0.3549633541,720
23,Brain and central nervous system,724,Spain,1,1,1987,3.752564705,4.559987421,0.4324424451,870
23,Brain and central nervous system,724,Spain,1,1,1988,3.7178102,4.643288147,0.440505541,888
23,Brain and central nervous system,724,Spain,1,1,1989,3.473440554,4.374588496,0.4143097498,838
23,Brain and central nervous system,724,Spain,1,1,1990,3.554483828,4.51109543,0.3994421888,865
23,Brain and central nervous system,724,Spain,1,1,1991,3.603100651,4.587063638,0.4165033166,882
23,Brain and central nervous system,724,Spain,1,1,1992,3.882134125,4.995617974,0.4425500751,966
23,Brain and central nervous system,724,Spain,1,1,1993,4.021873788,5.299909462,0.463895233,1031
23,Brain and central nervous system,724,Spain,1,1,1994,4.01316727,5.353573078,0.4519423257,1047
23,Brain and central nervous system,724,Spain,1,1,1995,4.275491504,5.729256504,0.4907555398,1126
23,Brain and central nervous system,724,Spain,1,1,1996,4.311178893,5.915523938,0.4798913406,1168
23,Brain and central nervous system,724,Spain,1,1,1997,4.218523141,5.817373197,0.4706942791,1154
23,Brain and central nervous system,724,Spain,1,1,1998,4.564119158,6.295637572,0.5091861228,1255
23,Brain and central nervous system,724,Spain,1,1,1999,4.086822886,5.825474766,0.4547949925,1167
23,Brain and central nervous system,724,Spain,1,1,2000,4.239894934,6.252278804,0.483174153,1259
23,Brain and central nervous system,724,Spain,1,1,2001,4.208660363,6.207673341,0.4767851204,1257
23,Brain and central nervous system,724,Spain,1,1,2002,4.598434134,6.730320586,0.5096368653,1381
23,Brain and central nervous system,724,Spain,1,1,2003,4.544119529,6.748854362,0.5066233093,1412
23,Brain and central nervous system,724,Spain,1,1,2004,4.334304424,6.530183793,0.4910367284,1392
23,Brain and central nervous system,724,Spain,1,1,2005,3.950809083,6.162707216,0.4546464935,1338
23,Brain and central nervous system,724,Spain,1,1,2006,4.268819201,6.502223901,0.4809459042,1437
23,Brain and central nervous system,724,Spain,1,1,2007,4.302577466,6.65248653,0.4932633109,1499
23,Brain and central nervous system,724,Spain,1,1,2008,4.162805281,6.37268218,0.4631180528,1460
23,Brain and central nervous system,724,Spain,1,1,2009,3.972605903,6.211535419,0.4326711344,1435
23,Brain and central nervous system,724,Spain,1,1,2010,4.118861061,6.603922074,0.4583374244,1531
23,Brain and central nervous system,724,Spain,1,1,2011,4.228182894,6.855120514,0.4865304757,1593
23,Brain and central nervous system,724,Spain,1,1,2012,4.277120117,7.050385665,0.4845600804,1637
23,Brain and central nervous system,724,Spain,1,1,2013,4.205540289,6.993436578,0.4699139421,1616
23,Brain and central nervous system,724,Spain,1,1,2014,4.120542511,6.978627995,0.4639768815,1606
23,Brain and central nervous system,724,Spain,1,1,2015,4.148719796,7.084631493,0.472316457,1628
23,Brain and central nervous system,724,Spain,1,1,2016,4.308830404,7.421468433,0.4835822866,1706
23,Brain and central nervous system,724,Spain,1,1,2017,4.318283348,7.509594158,0.4866367423,1730
23,Brain and central nervous system,724,Spain,1,1,2018,4.266956085,7.585556651,0.475576422,1755
23,Brain and central nervous system,724,Spain,1,1,2019,4.058050628,7.394978483,0.4598374331,1723
23,Brain and central nervous system,724,Spain,1,1,2020,4.204982614,7.780591588,0.4841693216,1822
23,Brain and central nervous system,724,Spain,1,1,2021,4.023670964,7.545979929,0.4490012872,1769
23,Brain and central nervous system,724,Spain,1,1,2022,4.206334336,7.975086053,0.4843126852,1873
23,Brain and central nervous system,724,Spain,2,0,1993,4.84742774,6.17907827,0.4894016865,216
23,Brain and central nervous system,724,Spain,2,0,1994,5.604596121,6.775324269,0.5267769694,238
23,Brain and central nervous system,724,Spain,2,0,1995,4.851855387,6.699498923,0.5131038347,237
23,Brain and central nervous system,724,Spain,2,0,1996,4.855325347,6.680713006,0.488535539,238
23,Brain and central nervous system,724,Spain,2,0,1997,4.581853223,6.646668944,0.4681039964,238
23,Brain and central nervous system,724,Spain,2,0,1998,4.676224249,6.908192617,0.492359817,249
23,Brain and central nervous system,724,Spain,2,0,1999,4.726591608,7.046774064,0.483570384,256
23,Brain and central nervous system,724,Spain,2,0,2000,4.742479077,7.470126989,0.4893011521,274
23,Brain and central nervous system,724,Spain,2,0,2001,4.79729691,6.989818523,0.4724423945,260
23,Brain and central nervous system,724,Spain,2,0,2002,4.813077458,7.342626775,0.5038432296,278
23,Brain and central nervous system,724,Spain,2,0,2003,4.741273913,7.174589476,0.4900076212,276
23,Brain and central nervous system,724,Spain,2,0,2004,5.145340671,7.370730063,0.5066430314,288
23,Brain and central nervous system,724,Spain,2,0,2005,5.124490715,7.517660846,0.5224784403,299
23,Brain and central nervous system,724,Spain,2,0,2006,5.211984486,7.964902977,0.5200031767,322
23,Brain and central nervous system,724,Spain,2,0,2007,4.307318152,6.753923471,0.4500179685,278
23,Brain and central nervous system,724,Spain,2,0,2008,4.825333594,7.738734588,0.523639041,324
23,Brain and central nervous system,724,Spain,2,0,2009,4.712213249,7.651463555,0.4817621909,324
23,Brain and central nervous system,724,Spain,2,0,2010,5.224278138,8.020752642,0.5465696237,342
23,Brain and central nervous system,724,Spain,2,0,2011,4.191141133,6.985609178,0.4293964397,299
23,Brain and central nervous system,724,Spain,2,0,2012,4.887426958,7.621286837,0.4893541677,327
23,Brain and central nervous system,724,Spain,2,0,2013,4.593495746,7.02047366,0.4439495939,301
23,Brain and central nervous system,724,Spain,2,0,2014,5.018791201,7.948649852,0.486628821,340
23,Brain and central nervous system,724,Spain,2,0,2015,5.036753203,8.274359047,0.5114787228,354
23,Brain and central nervous system,724,Spain,2,0,2016,4.312907336,7.101254072,0.4309993395,304
23,Brain and central nervous system,724,Spain,2,1,1956,2.051954097,2.23352679,0.2042392018,338
23,Brain and central nervous system,724,Spain,2,1,1957,2.056728626,2.210250288,0.1942233218,337
23,Brain and central nervous system,724,Spain,2,1,1958,2.163543046,2.321493338,0.1998333639,357
23,Brain and central nervous system,724,Spain,2,1,1959,2.210889333,2.378510563,0.2051953176,369
23,Brain and central nervous system,724,Spain,2,1,1960,2.593532433,2.76270185,0.2316933028,432
23,Brain and central nervous system,724,Spain,2,1,1961,2.392325083,2.573221297,0.2188513426,406
23,Brain and central nervous system,724,Spain,2,1,1962,2.538686129,2.778459239,0.2393641138,443
23,Brain and central nervous system,724,Spain,2,1,1963,2.640488402,2.91117698,0.2529748431,469
23,Brain and central nervous system,724,Spain,2,1,1964,2.606468544,2.897791487,0.2466361254,472
23,Brain and central nervous system,724,Spain,2,1,1965,2.555529856,2.926420884,0.2371085035,482
23,Brain and central nervous system,724,Spain,2,1,1966,2.922815424,3.201994584,0.2706254818,533
23,Brain and central nervous system,724,Spain,2,1,1967,2.663343018,2.990293466,0.2439258314,503
23,Brain and central nervous system,724,Spain,2,1,1968,3.013217527,3.395333276,0.2817733557,577
23,Brain and central nervous system,724,Spain,2,1,1969,3.170467935,3.579104431,0.3010227268,614
23,Brain and central nervous system,724,Spain,2,1,1970,2.956610273,3.373789148,0.2823724115,584
23,Brain and central nervous system,724,Spain,2,1,1971,3.185319036,3.64431466,0.3069775189,637
23,Brain and central nervous system,724,Spain,2,1,1972,3.252732655,3.684748329,0.3055336021,651
23,Brain and central nervous system,724,Spain,2,1,1973,3.416304248,3.847252538,0.3213830716,687
23,Brain and central nervous system,724,Spain,2,1,1974,3.345573657,3.881385845,0.3269170939,701
23,Brain and central nervous system,724,Spain,2,1,1975,3.492939878,4.008103487,0.345446086,732
23,Brain and central nervous system,724,Spain,2,1,1976,3.345921121,3.918936553,0.3391116297,723
23,Brain and central nervous system,724,Spain,2,1,1977,3.606207068,4.213075346,0.3509021335,785
23,Brain and central nervous system,724,Spain,2,1,1978,3.636430401,4.291316927,0.3701108252,807
23,Brain and central nervous system,724,Spain,2,1,1979,3.740028184,4.350027579,0.373570646,825
23,Brain and central nervous system,724,Spain,2,1,1980,3.504105526,4.315260031,0.365452258,825
23,Brain and central nervous system,724,Spain,2,1,1981,3.481698576,4.274505303,0.3774011846,823
23,Brain and central nervous system,724,Spain,2,1,1982,3.638948558,4.605534308,0.3871883982,892
23,Brain and central nervous system,724,Spain,2,1,1983,3.469572433,4.489096286,0.390087194,874
23,Brain and central nervous system,724,Spain,2,1,1984,3.105204616,4.018328486,0.3409031596,786
23,Brain and central nervous system,724,Spain,2,1,1985,1.887686678,2.535326568,0.2067018773,498
23,Brain and central nervous system,724,Spain,2,1,1986,1.847273891,2.536592053,0.2122122706,500
23,Brain and central nervous system,724,Spain,2,1,1987,2.352488062,3.206391015,0.2599275527,634
23,Brain and central nervous system,724,Spain,2,1,1988,2.395816208,3.278211386,0.2655997932,650
23,Brain and central nervous system,724,Spain,2,1,1989,2.211654199,3.099609681,0.2489863655,616
23,Brain and central nervous system,724,Spain,2,1,1990,2.214644188,3.189346398,0.2526391778,635
23,Brain and central nervous system,724,Spain,2,1,1991,2.431225567,3.584700977,0.2721776737,716
23,Brain and central nervous system,724,Spain,2,1,1992,2.384367894,3.535258238,0.2677686145,710
23,Brain and central nervous system,724,Spain,2,1,1993,2.519315085,3.921091305,0.2821015292,792
23,Brain and central nervous system,724,Spain,2,1,1994,2.695832446,4.053850004,0.3023354754,823
23,Brain and central nervous system,724,Spain,2,1,1995,2.667036743,4.201139479,0.3058865619,857
23,Brain and central nervous system,724,Spain,2,1,1996,2.704931699,4.260050774,0.307388973,873
23,Brain and central nervous system,724,Spain,2,1,1997,2.744646449,4.468905984,0.3133666604,920
23,Brain and central nervous system,724,Spain,2,1,1998,2.619733883,4.428757489,0.2959485428,916
23,Brain and central nervous system,724,Spain,2,1,1999,2.926849984,4.971089123,0.3325083743,1033
23,Brain and central nervous system,724,Spain,2,1,2000,2.71390109,4.788557302,0.3098687576,1000
23,Brain and central nervous system,724,Spain,2,1,2001,2.890300009,4.962739684,0.3216883967,1042
23,Brain and central nervous system,724,Spain,2,1,2002,3.058849532,5.18444035,0.3514154179,1101
23,Brain and central nervous system,724,Spain,2,1,2003,2.77900713,4.998963723,0.3057754215,1079
23,Brain and central nervous system,724,Spain,2,1,2004,2.845215265,4.959356205,0.315533803,1087
23,Brain and central nervous system,724,Spain,2,1,2005,2.932649153,5.119642425,0.3360218466,1139
23,Brain and central nervous system,724,Spain,2,1,2006,2.790532462,5.164787136,0.3150144016,1167
23,Brain and central nervous system,724,Spain,2,1,2007,2.728502178,4.964413941,0.3056320155,1141
23,Brain and central nervous system,724,Spain,2,1,2008,2.59790667,4.926094963,0.2930363389,1149
23,Brain and central nervous system,724,Spain,2,1,2009,2.5844651,4.946245382,0.2894450471,1164
23,Brain and central nervous system,724,Spain,2,1,2010,2.678019755,4.954077875,0.3067181524,1172
23,Brain and central nervous system,724,Spain,2,1,2011,2.780118119,5.210451087,0.3231721538,1238
23,Brain and central nervous system,724,Spain,2,1,2012,2.969901828,5.596701089,0.3257931241,1332
23,Brain and central nervous system,724,Spain,2,1,2013,2.871268272,5.590870731,0.3266596627,1328
23,Brain and central nervous system,724,Spain,2,1,2014,2.81884034,5.475160404,0.3246897116,1298
23,Brain and central nervous system,724,Spain,2,1,2015,2.742250584,5.555938045,0.3089457645,1317
23,Brain and central nervous system,724,Spain,2,1,2016,2.817554299,5.588449286,0.32312956,1327
23,Brain and central nervous system,724,Spain,2,1,2017,2.957356989,5.954329537,0.3364753117,1419
23,Brain and central nervous system,724,Spain,2,1,2018,2.747488954,5.530800989,0.3026916795,1325
23,Brain and central nervous system,724,Spain,2,1,2019,2.764132143,5.813008124,0.3090295121,1403
23,Brain and central nervous system,724,Spain,2,1,2020,2.719272197,5.555957071,0.306824027,1348
23,Brain and central nervous system,724,Spain,2,1,2021,2.834480987,6.030613907,0.3149790394,1465
23,Brain and central nervous system,724,Spain,2,1,2022,2.805066716,5.997680828,0.3152738749,1460
23,Brain and central nervous system,752,Sweden,1,0,1960,5.246535143,6.052573294,0.4748456678,226
23,Brain and central nervous system,752,Sweden,1,0,1961,5.206251521,6.237365337,0.5077068933,234
23,Brain and central nervous system,752,Sweden,1,0,1962,5.78050114,6.944718714,0.5866832077,262
23,Brain and central nervous system,752,Sweden,1,0,1963,5.146202708,6.273092492,0.5358745278,238
23,Brain and central nervous system,752,Sweden,1,0,1964,6.381469977,7.820463092,0.6570241179,299
23,Brain and central nervous system,752,Sweden,1,0,1965,5.82846226,6.681012717,0.5273867229,258
23,Brain and central nervous system,752,Sweden,1,0,1966,5.777848376,6.972882154,0.602685109,272
23,Brain and central nervous system,752,Sweden,1,0,1967,6.865681067,8.166480186,0.6673718501,321
23,Brain and central nervous system,752,Sweden,1,0,1968,6.561400709,7.922694749,0.6481057953,313
23,Brain and central nervous system,752,Sweden,1,0,1969,6.389096874,7.843482305,0.6507683086,312
23,Brain and central nervous system,752,Sweden,1,0,1970,6.900485157,8.067421734,0.6675041252,324
23,Brain and central nervous system,752,Sweden,1,0,1971,7.392392181,8.906096347,0.722051037,360
23,Brain and central nervous system,752,Sweden,1,0,1972,6.073973008,7.432194191,0.6003705572,301
23,Brain and central nervous system,752,Sweden,1,0,1973,5.809482895,7.130654313,0.5604252313,289
23,Brain and central nervous system,752,Sweden,1,0,1974,5.886293368,7.362404901,0.5894966619,299
23,Brain and central nervous system,752,Sweden,1,0,1975,5.480704844,6.626516521,0.5383983297,270
23,Brain and central nervous system,752,Sweden,1,0,1976,6.020384559,7.487288126,0.6205886244,306
23,Brain and central nervous system,752,Sweden,1,0,1977,5.96315015,7.368380474,0.5858310362,302
23,Brain and central nervous system,752,Sweden,1,0,1978,6.894012076,8.351480963,0.6716596619,343
23,Brain and central nervous system,752,Sweden,1,0,1979,5.373314602,6.516690387,0.5321697443,268
23,Brain and central nervous system,752,Sweden,1,0,1980,6.577168396,8.499940258,0.664468422,350
23,Brain and central nervous system,752,Sweden,1,0,1981,5.803106283,7.258645192,0.5999743573,299
23,Brain and central nervous system,752,Sweden,1,0,1982,6.759028234,8.596418547,0.6736556966,354
23,Brain and central nervous system,752,Sweden,1,0,1983,6.570056189,8.501848059,0.6565532195,350
23,Brain and central nervous system,752,Sweden,1,0,1984,7.559988965,9.445534957,0.7683786562,389
23,Brain and central nervous system,752,Sweden,1,0,1985,7.245515079,9.263222219,0.7165835863,382
23,Brain and central nervous system,752,Sweden,1,0,1986,7.08168257,8.953814531,0.6742414696,370
23,Brain and central nervous system,752,Sweden,1,0,1987,7.75871556,9.360553566,0.7234013066,388
23,Brain and central nervous system,752,Sweden,1,0,1988,6.571181011,8.188778971,0.647992788,341
23,Brain and central nervous system,752,Sweden,1,0,1989,7.246541218,9.132130483,0.7131039337,383
23,Brain and central nervous system,752,Sweden,1,0,1990,7.013955506,8.443604762,0.6833487908,357
23,Brain and central nervous system,752,Sweden,1,0,1991,6.76314321,8.291591551,0.683914731,353
23,Brain and central nervous system,752,Sweden,1,0,1992,6.581919109,7.89238154,0.653333818,338
23,Brain and central nervous system,752,Sweden,1,0,1993,6.87700074,8.403412064,0.6735211976,362
23,Brain and central nervous system,752,Sweden,1,0,1994,6.311116509,7.974906243,0.6487058068,346
23,Brain and central nervous system,752,Sweden,1,0,1995,6.418417119,7.956584108,0.6133269897,347
23,Brain and central nervous system,752,Sweden,1,0,1996,5.25113075,6.47909051,0.5255368742,283
23,Brain and central nervous system,752,Sweden,1,0,1997,6.206053973,7.870378526,0.6428266169,344
23,Brain and central nervous system,752,Sweden,1,0,1998,6.376526227,8.139427478,0.6814044169,356
23,Brain and central nervous system,752,Sweden,1,0,1999,5.501546097,6.989694084,0.5718451396,306
23,Brain and central nervous system,752,Sweden,1,0,2000,5.421586315,6.907653338,0.540304057,303
23,Brain and central nervous system,752,Sweden,1,0,2001,5.073078707,6.340041658,0.505693633,279
23,Brain and central nervous system,752,Sweden,1,0,2002,6.126867761,7.741443046,0.6233025048,342
23,Brain and central nervous system,752,Sweden,1,0,2003,5.28411053,6.806574069,0.5538086704,302
23,Brain and central nervous system,752,Sweden,1,0,2004,5.961744951,7.696643635,0.6022419268,343
23,Brain and central nervous system,752,Sweden,1,0,2005,6.077507796,8.287843275,0.6602047781,371
23,Brain and central nervous system,752,Sweden,1,0,2006,5.926328847,7.724679975,0.6193105381,348
23,Brain and central nervous system,752,Sweden,1,0,2007,5.701471492,7.834979486,0.6189676601,356
23,Brain and central nervous system,752,Sweden,1,0,2008,5.894093685,8.311842893,0.6328304172,381
23,Brain and central nervous system,752,Sweden,1,0,2009,5.890408876,7.976019201,0.5980762503,369
23,Brain and central nervous system,752,Sweden,1,0,2010,5.96866741,8.737299596,0.6318805423,408
23,Brain and central nervous system,752,Sweden,1,0,2011,6.085074027,8.643864704,0.6358473061,407
23,Brain and central nervous system,752,Sweden,1,0,2012,6.105841108,8.448551063,0.6068172206,401
23,Brain and central nervous system,752,Sweden,1,0,2013,6.04385581,8.893273825,0.5996509405,426
23,Brain and central nervous system,752,Sweden,1,0,2014,6.779042783,9.456354588,0.6741988823,458
23,Brain and central nervous system,752,Sweden,1,0,2015,6.256456823,9.078655225,0.6336135738,445
23,Brain and central nervous system,752,Sweden,1,0,2016,6.036603509,9.070502745,0.6450496144,451
23,Brain and central nervous system,752,Sweden,1,0,2017,5.883487283,8.99364304,0.6391674663,454
23,Brain and central nervous system,752,Sweden,1,0,2018,5.751736182,8.586704691,0.6115933039,439
23,Brain and central nervous system,752,Sweden,1,0,2019,5.595801634,8.163846464,0.5745150477,422
23,Brain and central nervous system,752,Sweden,1,0,2020,5.755374781,8.619140712,0.6065933425,449
23,Brain and central nervous system,752,Sweden,1,0,2021,5.580579786,8.165162153,0.5828398802,428
23,Brain and central nervous system,752,Sweden,1,0,2022,6.324868106,9.394793466,0.6415997924,496
23,Brain and central nervous system,752,Sweden,1,1,1956,2.258156541,2.631795378,0.2294153003,96
23,Brain and central nervous system,752,Sweden,1,1,1957,2.128693954,2.503605737,0.2195355165,92
23,Brain and central nervous system,752,Sweden,1,1,1958,3.040067582,3.622502771,0.3075868033,134
23,Brain and central nervous system,752,Sweden,1,1,1959,3.72927145,4.464045609,0.377718706,166
23,Brain and central nervous system,752,Sweden,1,1,1960,3.921605197,4.716728306,0.4050486118,176
23,Brain and central nervous system,752,Sweden,1,1,1961,2.634914848,3.198720512,0.2594095099,120
23,Brain and central nervous system,752,Sweden,1,1,1962,4.500565154,5.513585156,0.4773168244,208
23,Brain and central nervous system,752,Sweden,1,1,1963,3.895564099,4.876248715,0.4283285676,185
23,Brain and central nervous system,752,Sweden,1,1,1964,4.363205215,5.466624817,0.4589061959,209
23,Brain and central nervous system,752,Sweden,1,1,1965,3.497011853,4.246944272,0.3446542794,164
23,Brain and central nervous system,752,Sweden,1,1,1966,3.77171282,4.460509113,0.3742566652,174
23,Brain and central nervous system,752,Sweden,1,1,1967,3.317303302,4.172284835,0.3640357633,164
23,Brain and central nervous system,752,Sweden,1,1,1968,3.506293554,4.429146314,0.3644170584,175
23,Brain and central nervous system,752,Sweden,1,1,1969,3.985421092,4.927222907,0.4118694044,196
23,Brain and central nervous system,752,Sweden,1,1,1970,3.678170979,4.456727418,0.3745176921,179
23,Brain and central nervous system,752,Sweden,1,1,1971,6.380855732,8.064516129,0.6676554927,326
23,Brain and central nervous system,752,Sweden,1,1,1972,6.023367504,7.654131997,0.6138387718,310
23,Brain and central nervous system,752,Sweden,1,1,1973,5.200366716,6.760257581,0.5539144391,274
23,Brain and central nervous system,752,Sweden,1,1,1974,5.558620608,7.141625828,0.5866096718,290
23,Brain and central nervous system,752,Sweden,1,1,1975,5.927135059,7.730630476,0.62501429,315
23,Brain and central nervous system,752,Sweden,1,1,1976,5.627119523,7.511806014,0.6260307786,307
23,Brain and central nervous system,752,Sweden,1,1,1977,5.308063805,7.320108338,0.5618469314,300
23,Brain and central nervous system,752,Sweden,1,1,1978,5.898016179,8.034866451,0.6504096172,330
23,Brain and central nervous system,752,Sweden,1,1,1979,5.017199496,6.614142593,0.5511581935,272
23,Brain and central nervous system,752,Sweden,1,1,1980,5.875864495,7.941712204,0.6419193921,327
23,Brain and central nervous system,752,Sweden,1,1,1981,4.74936384,6.312211702,0.5132319651,260
23,Brain and central nervous system,752,Sweden,1,1,1982,4.635865722,6.556740086,0.5128278664,270
23,Brain and central nervous system,752,Sweden,1,1,1983,4.9737162,6.777273059,0.5497368896,279
23,Brain and central nervous system,752,Sweden,1,1,1984,4.781518097,6.726076294,0.5340275751,277
23,Brain and central nervous system,752,Sweden,1,1,1985,5.108783775,6.741355061,0.5555812653,278
23,Brain and central nervous system,752,Sweden,1,1,1986,4.420412541,6.21929676,0.4675006412,257
23,Brain and central nervous system,752,Sweden,1,1,1987,3.439137666,4.873341375,0.3995432952,202
23,Brain and central nervous system,752,Sweden,1,1,1988,4.107089088,5.619326641,0.464894243,234
23,Brain and central nervous system,752,Sweden,1,1,1989,4.866698771,6.891124994,0.5631248719,289
23,Brain and central nervous system,752,Sweden,1,1,1990,5.079652686,7.048416472,0.5672162472,298
23,Brain and central nervous system,752,Sweden,1,1,1991,4.494621936,6.462529081,0.5171844898,275
23,Brain and central nervous system,752,Sweden,1,1,1992,4.919231694,6.981577043,0.5677775753,299
23,Brain and central nervous system,752,Sweden,1,1,1993,4.20714036,5.942570626,0.4881865015,256
23,Brain and central nervous system,752,Sweden,1,1,1994,4.859598572,6.822005577,0.5548715931,296
23,Brain and central nervous system,752,Sweden,1,1,1995,5.464880774,7.635513162,0.6136985126,333
23,Brain and central nervous system,752,Sweden,1,1,1996,4.856514198,6.868131868,0.5509113823,300
23,Brain and central nervous system,752,Sweden,1,1,1997,5.167352015,7.50434703,0.6129970623,328
23,Brain and central nervous system,752,Sweden,1,1,1998,4.829978438,6.812985825,0.5503109861,298
23,Brain and central nervous system,752,Sweden,1,1,1999,4.978811834,7.423564129,0.596329765,325
23,Brain and central nervous system,752,Sweden,1,1,2000,4.869024934,7.044305261,0.5347671764,309
23,Brain and central nervous system,752,Sweden,1,1,2001,4.643317245,6.77168074,0.5113968514,298
23,Brain and central nervous system,752,Sweden,1,1,2002,4.760703986,7.175556207,0.5718956993,317
23,Brain and central nervous system,752,Sweden,1,1,2003,4.554572454,6.761505801,0.534393068,300
23,Brain and central nervous system,752,Sweden,1,1,2004,4.858507568,7.449820021,0.5361961753,332
23,Brain and central nervous system,752,Sweden,1,1,2005,4.803656749,7.50598049,0.5418375466,336
23,Brain and central nervous system,752,Sweden,1,1,2006,5.084778549,8.102043124,0.5908195842,365
23,Brain and central nervous system,752,Sweden,1,1,2007,5.297471395,8.517233312,0.6206633035,387
23,Brain and central nervous system,752,Sweden,1,1,2008,4.728593863,7.766444683,0.5623503858,356
23,Brain and central nervous system,752,Sweden,1,1,2009,4.616674087,7.305947127,0.5212160272,338
23,Brain and central nervous system,752,Sweden,1,1,2010,4.311080139,7.430997195,0.4998775398,347
23,Brain and central nervous system,752,Sweden,1,1,2011,4.021262087,6.774916667,0.4600350962,319
23,Brain and central nervous system,752,Sweden,1,1,2012,3.959583195,6.425953943,0.4258335118,305
23,Brain and central nervous system,752,Sweden,1,1,2013,3.579047402,6.012361666,0.3947981861,288
23,Brain and central nervous system,752,Sweden,1,1,2014,3.662485784,6.256067017,0.3740756248,303
23,Brain and central nervous system,752,Sweden,1,1,2015,4.477562204,7.329715482,0.4655012632,355
23,Brain and central nervous system,752,Sweden,1,1,2016,4.248034173,7.340879154,0.4934381859,365
23,Brain and central nervous system,752,Sweden,1,1,2017,4.607445731,7.706015318,0.519880969,389
23,Brain and central nervous system,752,Sweden,1,1,2018,4.242834946,7.374011012,0.465941481,377
23,Brain and central nervous system,752,Sweden,1,1,2019,3.872693657,6.538823004,0.4326189178,338
23,Brain and central nervous system,752,Sweden,1,1,2020,4.186567299,7.294603404,0.4920667793,380
23,Brain and central nervous system,752,Sweden,1,1,2021,4.541538067,7.650077445,0.4961351979,401
23,Brain and central nervous system,752,Sweden,1,1,2022,4.054014664,7.216571293,0.4409828927,381
23,Brain and central nervous system,752,Sweden,1,1,2023,4.543114119,8.463041061,0.5321430303,449
23,Brain and central nervous system,752,Sweden,2,0,1960,3.74734982,4.42582045,0.3526219779,166
23,Brain and central nervous system,752,Sweden,2,0,1961,3.995952812,4.696926194,0.3742704525,177
23,Brain and central nervous system,752,Sweden,2,0,1962,4.350820075,5.120156075,0.4049010254,194
23,Brain and central nervous system,752,Sweden,2,0,1963,3.898254372,4.776457837,0.3764732974,182
23,Brain and central nervous system,752,Sweden,2,0,1964,4.997283429,6.201049489,0.485734093,238
23,Brain and central nervous system,752,Sweden,2,0,1965,4.559368318,5.474960578,0.4141232533,212
23,Brain and central nervous system,752,Sweden,2,0,1966,4.750729486,5.861301639,0.4495855644,229
23,Brain and central nervous system,752,Sweden,2,0,1967,5.267694442,6.248030029,0.4787686398,246
23,Brain and central nervous system,752,Sweden,2,0,1968,5.196890344,6.462493932,0.488484942,256
23,Brain and central nervous system,752,Sweden,2,0,1969,5.238172911,6.691875236,0.5244818161,267
23,Brain and central nervous system,752,Sweden,2,0,1970,4.979352121,6.034926579,0.4633779624,243
23,Brain and central nervous system,752,Sweden,2,0,1971,4.851205926,6.385618896,0.5029880741,259
23,Brain and central nervous system,752,Sweden,2,0,1972,5.297591386,6.261959114,0.4945428566,255
23,Brain and central nervous system,752,Sweden,2,0,1973,4.774124401,6.268573096,0.4912409287,256
23,Brain and central nervous system,752,Sweden,2,0,1974,4.181167186,5.122704632,0.4059911598,210
23,Brain and central nervous system,752,Sweden,2,0,1975,4.69985954,6.02229122,0.462682146,248
23,Brain and central nervous system,752,Sweden,2,0,1976,4.620617319,6.093737645,0.4834756021,252
23,Brain and central nervous system,752,Sweden,2,0,1977,4.609756278,5.899260377,0.4462311755,245
23,Brain and central nervous system,752,Sweden,2,0,1978,4.963519938,6.308877358,0.4873816299,263
23,Brain and central nervous system,752,Sweden,2,0,1979,4.858093407,6.313955708,0.4757674908,264
23,Brain and central nervous system,752,Sweden,2,0,1980,4.759927461,5.891044301,0.4278149493,247
23,Brain and central nervous system,752,Sweden,2,0,1981,4.623025763,5.879177429,0.4485324474,247
23,Brain and central nervous system,752,Sweden,2,0,1982,5.19473195,6.583837084,0.5181820783,277
23,Brain and central nervous system,752,Sweden,2,0,1983,4.798391223,6.433561254,0.4880887765,271
23,Brain and central nervous system,752,Sweden,2,0,1984,5.577635103,6.898582306,0.5258008504,291
23,Brain and central nervous system,752,Sweden,2,0,1985,5.431363355,7.168957421,0.5421976094,303
23,Brain and central nervous system,752,Sweden,2,0,1986,6.234135183,7.622381104,0.5736061489,323
23,Brain and central nervous system,752,Sweden,2,0,1987,5.450732346,6.772077502,0.5253303329,288
23,Brain and central nervous system,752,Sweden,2,0,1988,6.032971529,7.022047826,0.5330777433,300
23,Brain and central nervous system,752,Sweden,2,0,1989,5.744740596,7.048172046,0.5278205188,303
23,Brain and central nervous system,752,Sweden,2,0,1990,5.194982834,6.626967973,0.5135297237,287
23,Brain and central nervous system,752,Sweden,2,0,1991,5.085788643,6.032029849,0.4695664377,263
23,Brain and central nervous system,752,Sweden,2,0,1992,5.869869484,6.886380199,0.5196764131,302
23,Brain and central nervous system,752,Sweden,2,0,1993,4.773367779,6.007984498,0.4639272536,265
23,Brain and central nervous system,752,Sweden,2,0,1994,4.161053549,5.515352264,0.4246338033,245
23,Brain and central nervous system,752,Sweden,2,0,1995,4.395339248,5.620517441,0.4570939725,251
23,Brain and central nervous system,752,Sweden,2,0,1996,4.228715033,5.723088796,0.4524619874,256
23,Brain and central nervous system,752,Sweden,2,0,1997,4.794186912,6.010833354,0.500598271,269
23,Brain and central nervous system,752,Sweden,2,0,1998,4.476178952,5.941197334,0.4596059556,266
23,Brain and central nervous system,752,Sweden,2,0,1999,4.201656175,5.714271684,0.4425845746,256
23,Brain and central nervous system,752,Sweden,2,0,2000,3.906973043,5.082841398,0.3846643805,228
23,Brain and central nervous system,752,Sweden,2,0,2001,4.040446901,4.782705027,0.3911494295,215
23,Brain and central nervous system,752,Sweden,2,0,2002,3.757024343,4.592663985,0.3666744629,207
23,Brain and central nervous system,752,Sweden,2,0,2003,3.670359963,4.843682853,0.3996075395,219
23,Brain and central nervous system,752,Sweden,2,0,2004,4.108352307,5.245698142,0.3910778279,238
23,Brain and central nervous system,752,Sweden,2,0,2005,4.457214471,5.798187495,0.4485670375,264
23,Brain and central nervous system,752,Sweden,2,0,2006,4.344939287,5.726185189,0.4420824723,262
23,Brain and central nervous system,752,Sweden,2,0,2007,4.314809934,5.690239025,0.4271289746,262
23,Brain and central nervous system,752,Sweden,2,0,2008,3.735675337,5.328067678,0.3829793566,247
23,Brain and central nervous system,752,Sweden,2,0,2009,3.952829538,5.479267927,0.4211454016,256
23,Brain and central nervous system,752,Sweden,2,0,2010,4.238221467,6.222785931,0.4338021918,293
23,Brain and central nervous system,752,Sweden,2,0,2011,4.097790394,6.117265877,0.4142032798,290
23,Brain and central nervous system,752,Sweden,2,0,2012,4.139725821,5.992027252,0.4121528074,286
23,Brain and central nervous system,752,Sweden,2,0,2013,4.878814179,6.610880262,0.4554088895,318
23,Brain and central nervous system,752,Sweden,2,0,2014,4.292826181,6.140764455,0.4660041536,298
23,Brain and central nervous system,752,Sweden,2,0,2015,4.097781114,6.125461707,0.4139722986,300
23,Brain and central nervous system,752,Sweden,2,0,2016,4.330383253,6.160453765,0.4278879076,305
23,Brain and central nervous system,752,Sweden,2,0,2017,4.476965118,6.547299548,0.4490759176,328
23,Brain and central nervous system,752,Sweden,2,0,2018,4.402731945,6.755330044,0.4687859734,342
23,Brain and central nervous system,752,Sweden,2,0,2019,4.117408639,6.223378179,0.4195955896,318
23,Brain and central nervous system,752,Sweden,2,0,2020,3.804888464,5.870784043,0.383819205,302
23,Brain and central nervous system,752,Sweden,2,0,2021,3.95342723,6.146072428,0.3996661313,318
23,Brain and central nervous system,752,Sweden,2,0,2022,3.640816051,5.127288292,0.3515178547,267
23,Brain and central nervous system,752,Sweden,2,1,1956,1.200099791,1.581243184,0.1330477215,58
23,Brain and central nervous system,752,Sweden,2,1,1957,1.809657074,2.27481991,0.1921503737,84
23,Brain and central nervous system,752,Sweden,2,1,1958,2.047949731,2.583214488,0.2025104142,96
23,Brain and central nervous system,752,Sweden,2,1,1959,2.695422026,3.426858,0.2816255828,128
23,Brain and central nervous system,752,Sweden,2,1,1960,2.781848005,3.547707327,0.3037156812,133
23,Brain and central nervous system,752,Sweden,2,1,1961,2.453743923,2.971452828,0.2307701279,112
23,Brain and central nervous system,752,Sweden,2,1,1962,2.735180013,3.483584926,0.2874273106,132
23,Brain and central nervous system,752,Sweden,2,1,1963,2.946992694,3.805374764,0.310361056,145
23,Brain and central nervous system,752,Sweden,2,1,1964,3.111937201,3.855974155,0.2979773909,148
23,Brain and central nervous system,752,Sweden,2,1,1965,2.795773311,3.641246804,0.2797078116,141
23,Brain and central nervous system,752,Sweden,2,1,1966,2.785509034,3.506526747,0.2627352419,137
23,Brain and central nervous system,752,Sweden,2,1,1967,2.89172937,3.759303005,0.2959181629,148
23,Brain and central nervous system,752,Sweden,2,1,1968,2.566305626,3.382727892,0.2602463125,134
23,Brain and central nervous system,752,Sweden,2,1,1969,3.023310535,3.909676449,0.3128600356,156
23,Brain and central nervous system,752,Sweden,2,1,1970,2.489559649,3.303116851,0.2627880048,133
23,Brain and central nervous system,752,Sweden,2,1,1971,4.119954506,5.596646943,0.4312817487,227
23,Brain and central nervous system,752,Sweden,2,1,1972,4.803832876,6.261510129,0.4939434943,255
23,Brain and central nervous system,752,Sweden,2,1,1973,4.069624798,5.680844291,0.4256011026,232
23,Brain and central nervous system,752,Sweden,2,1,1974,4.093830162,5.903302922,0.4596078751,242
23,Brain and central nervous system,752,Sweden,2,1,1975,4.126863,5.997766014,0.4653314603,247
23,Brain and central nervous system,752,Sweden,2,1,1976,4.632114852,6.311055228,0.4927075194,261
23,Brain and central nervous system,752,Sweden,2,1,1977,4.209807232,5.82711293,0.4350286166,242
23,Brain and central nervous system,752,Sweden,2,1,1978,4.056252587,6.140855882,0.4434055703,256
23,Brain and central nervous system,752,Sweden,2,1,1979,4.229008576,6.337741851,0.4660299322,265
23,Brain and central nervous system,752,Sweden,2,1,1980,3.78383793,5.747811777,0.4075672606,241
23,Brain and central nervous system,752,Sweden,2,1,1981,3.531479712,5.04581697,0.3706578,212
23,Brain and central nervous system,752,Sweden,2,1,1982,3.801805244,5.46694873,0.4245128952,230
23,Brain and central nervous system,752,Sweden,2,1,1983,3.251694592,4.771739905,0.354590537,201
23,Brain and central nervous system,752,Sweden,2,1,1984,3.898022929,6.116207951,0.427976791,258
23,Brain and central nervous system,752,Sweden,2,1,1985,3.966465178,5.749302039,0.4404891894,243
23,Brain and central nervous system,752,Sweden,2,1,1986,3.24585318,4.837758112,0.3599499875,205
23,Brain and central nervous system,752,Sweden,2,1,1987,3.284698064,4.890780409,0.3661011734,208
23,Brain and central nervous system,752,Sweden,2,1,1988,2.92438015,4.353524951,0.3105684384,186
23,Brain and central nervous system,752,Sweden,2,1,1989,3.521922812,5.37321765,0.3933734427,231
23,Brain and central nervous system,752,Sweden,2,1,1990,3.599317534,5.495774258,0.3968472659,238
23,Brain and central nervous system,752,Sweden,2,1,1991,3.77128955,5.66734736,0.4255642265,247
23,Brain and central nervous system,752,Sweden,2,1,1992,3.45682487,5.244436337,0.3881155107,230
23,Brain and central nervous system,752,Sweden,2,1,1993,3.403965753,4.874399202,0.3741523923,215
23,Brain and central nervous system,752,Sweden,2,1,1994,2.984408506,4.524581307,0.3454356615,201
23,Brain and central nervous system,752,Sweden,2,1,1995,3.356978113,5.463746697,0.3979023491,244
23,Brain and central nervous system,752,Sweden,2,1,1996,3.504373976,5.477185844,0.4258509688,245
23,Brain and central nervous system,752,Sweden,2,1,1997,3.953274082,6.099877109,0.4976798335,273
23,Brain and central nervous system,752,Sweden,2,1,1998,3.447849154,5.114803895,0.3977800894,229
23,Brain and central nervous system,752,Sweden,2,1,1999,3.503082042,5.647195375,0.3976137372,253
23,Brain and central nervous system,752,Sweden,2,1,2000,3.40075853,5.350249634,0.3880938602,240
23,Brain and central nervous system,752,Sweden,2,1,2001,3.175537055,5.183021844,0.3490802134,233
23,Brain and central nervous system,752,Sweden,2,1,2002,3.094312933,5.014219528,0.3578842594,226
23,Brain and central nervous system,752,Sweden,2,1,2003,3.224453465,5.30815205,0.3812374502,240
23,Brain and central nervous system,752,Sweden,2,1,2004,3.563624455,6.127332808,0.3836350934,278
23,Brain and central nervous system,752,Sweden,2,1,2005,2.929586328,5.227160193,0.3527205388,238
23,Brain and central nervous system,752,Sweden,2,1,2006,3.763446376,6.141448263,0.4088074723,281
23,Brain and central nervous system,752,Sweden,2,1,2007,3.071931151,5.51649007,0.3521454345,254
23,Brain and central nervous system,752,Sweden,2,1,2008,3.777729768,6.21248377,0.4240345246,288
23,Brain and central nervous system,752,Sweden,2,1,2009,3.382211028,5.843124312,0.3891064003,273
23,Brain and central nervous system,752,Sweden,2,1,2010,2.838911226,5.182120749,0.3099140051,244
23,Brain and central nervous system,752,Sweden,2,1,2011,2.635836266,4.872717654,0.3048987101,231
23,Brain and central nervous system,752,Sweden,2,1,2012,2.208150313,4.211179109,0.2330122732,201
23,Brain and central nervous system,752,Sweden,2,1,2013,2.589020591,4.573569239,0.278790809,220
23,Brain and central nervous system,752,Sweden,2,1,2014,2.394144113,4.162535899,0.2668149942,202
23,Brain and central nervous system,752,Sweden,2,1,2015,2.733206297,4.698307847,0.2933787337,228
23,Brain and central nervous system,752,Sweden,2,1,2016,2.546803977,4.56480032,0.2895284835,226
23,Brain and central nervous system,752,Sweden,2,1,2017,3.172789686,5.948468299,0.3677322794,298
23,Brain and central nervous system,752,Sweden,2,1,2018,2.862154539,5.155389056,0.3157369057,261
23,Brain and central nervous system,752,Sweden,2,1,2019,3.195309418,5.734123377,0.3592662041,293
23,Brain and central nervous system,752,Sweden,2,1,2020,2.624411324,5.112641901,0.290783344,263
23,Brain and central nervous system,752,Sweden,2,1,2021,2.82768522,5.295675028,0.3168931827,274
23,Brain and central nervous system,752,Sweden,2,1,2022,2.630901181,4.992870277,0.2868181519,260
23,Brain and central nervous system,752,Sweden,2,1,2023,2.509361579,4.798125099,0.2880782643,251
23,Brain and central nervous system,756,Switzerland,1,0,1998,7.023372156,9.025260447,0.7524408035,79
23,Brain and central nervous system,756,Switzerland,1,0,1999,6.309156098,8.293541376,0.7349286887,73
23,Brain and central nervous system,756,Switzerland,1,0,2000,5.740272729,8.125053603,0.5680952007,72
23,Brain and central nervous system,756,Switzerland,1,0,2001,7.435641841,9.880147079,0.8120950439,88
23,Brain and central nervous system,756,Switzerland,1,0,2002,6.290837731,8.340645299,0.6112453018,75
23,Brain and central nervous system,756,Switzerland,1,0,2003,5.678727115,8.027985778,0.5661654085,73
23,Brain and central nervous system,756,Switzerland,1,0,2004,7.252714526,9.026360234,0.7316829436,83
23,Brain and central nervous system,756,Switzerland,1,0,2005,6.006124074,7.970831067,0.568366208,74
23,Brain and central nervous system,756,Switzerland,1,0,2006,5.926550564,7.472437381,0.5368707352,70
23,Brain and central nervous system,756,Switzerland,1,0,2007,5.249793427,7.915450326,0.6428198362,75
23,Brain and central nervous system,756,Switzerland,1,0,2008,6.899824839,9.758538462,0.7395135338,94
23,Brain and central nervous system,756,Switzerland,1,0,2009,6.592658478,9.182530338,0.6306276826,90
23,Brain and central nervous system,756,Switzerland,1,0,2010,6.418484083,9.15075006,0.6497885465,91
23,Brain and central nervous system,756,Switzerland,1,0,2011,6.331870817,9.737911079,0.7012317684,98
23,Brain and central nervous system,756,Switzerland,1,0,2012,5.405171237,8.149447114,0.5224519907,83
23,Brain and central nervous system,756,Switzerland,1,0,2013,7.502747512,10.64992627,0.8063617808,110
23,Brain and central nervous system,756,Switzerland,1,0,2014,4.906471342,8.007549976,0.489940514,84
23,Brain and central nervous system,756,Switzerland,1,0,2015,5.694714549,9.028920762,0.6052331134,96
23,Brain and central nervous system,756,Switzerland,1,0,2016,6.333721956,9.477334305,0.6418650758,102
23,Brain and central nervous system,756,Switzerland,1,0,2017,5.415097193,8.742288381,0.5529662205,95
23,Brain and central nervous system,756,Switzerland,1,1,1956,3.884202339,4.205123473,0.3595673428,103
23,Brain and central nervous system,756,Switzerland,1,1,1957,3.773302762,4.109534402,0.3408087173,102
23,Brain and central nervous system,756,Switzerland,1,1,1958,4.321936397,4.651468821,0.385074462,117
23,Brain and central nervous system,756,Switzerland,1,1,1959,3.917730398,4.315924919,0.3603180369,110
23,Brain and central nervous system,756,Switzerland,1,1,1960,4.263486278,4.881516679,0.4657646747,126
23,Brain and central nervous system,756,Switzerland,1,1,1961,3.441129236,3.795253656,0.3437849025,100
23,Brain and central nervous system,756,Switzerland,1,1,1962,4.443617685,4.877437749,0.447296233,132
23,Brain and central nervous system,756,Switzerland,1,1,1963,3.293029132,3.684209766,0.3246183147,102
23,Brain and central nervous system,756,Switzerland,1,1,1964,3.751941024,4.187821673,0.3810763861,118
23,Brain and central nervous system,756,Switzerland,1,1,1965,3.99933121,4.381808344,0.4118167467,125
23,Brain and central nervous system,756,Switzerland,1,1,1966,3.48134744,3.778367873,0.3472763217,109
23,Brain and central nervous system,756,Switzerland,1,1,1967,3.665504683,4.071088736,0.3867923285,119
23,Brain and central nervous system,756,Switzerland,1,1,1968,3.039407491,3.44340469,0.3493354971,102
23,Brain and central nervous system,756,Switzerland,1,1,1969,3.314138955,3.636463116,0.3312226737,109
23,Brain and central nervous system,756,Switzerland,1,1,1970,3.888965333,4.139598522,0.3578798063,125
23,Brain and central nervous system,756,Switzerland,1,1,1971,4.055667047,4.546461626,0.4314824159,138
23,Brain and central nervous system,756,Switzerland,1,1,1972,3.696814735,4.022136137,0.3775113931,123
23,Brain and central nervous system,756,Switzerland,1,1,1973,3.531188097,3.994994889,0.3779443152,123
23,Brain and central nervous system,756,Switzerland,1,1,1974,4.155609675,4.719952451,0.4488801811,146
23,Brain and central nervous system,756,Switzerland,1,1,1975,3.961701213,4.434112567,0.4157456529,137
23,Brain and central nervous system,756,Switzerland,1,1,1976,4.57990928,5.27721074,0.4856764054,162
23,Brain and central nervous system,756,Switzerland,1,1,1977,5.080649157,5.919609737,0.5411440622,181
23,Brain and central nervous system,756,Switzerland,1,1,1978,4.254488501,5.0384303,0.4592434381,154
23,Brain and central nervous system,756,Switzerland,1,1,1979,4.471336144,5.42136852,0.5183894445,166
23,Brain and central nervous system,756,Switzerland,1,1,1980,4.491780685,5.302171744,0.4700792558,163
23,Brain and central nervous system,756,Switzerland,1,1,1981,4.527564648,5.562702083,0.5001379023,172
23,Brain and central nervous system,756,Switzerland,1,1,1982,4.529407168,5.463466682,0.4940690421,170
23,Brain and central nervous system,756,Switzerland,1,1,1983,5.323198447,6.33422439,0.5847201695,198
23,Brain and central nervous system,756,Switzerland,1,1,1984,4.858375973,5.768043699,0.52780463,181
23,Brain and central nervous system,756,Switzerland,1,1,1985,4.508862537,5.708859579,0.4979404603,180
23,Brain and central nervous system,756,Switzerland,1,1,1986,4.748950357,5.898400524,0.516823092,187
23,Brain and central nervous system,756,Switzerland,1,1,1987,4.89618845,6.518073395,0.5201932382,208
23,Brain and central nervous system,756,Switzerland,1,1,1988,5.448650083,6.934805212,0.5895454562,223
23,Brain and central nervous system,756,Switzerland,1,1,1989,4.225106833,5.272008671,0.4523122385,171
23,Brain and central nervous system,756,Switzerland,1,1,1990,4.184320005,5.460191165,0.4509948424,179
23,Brain and central nervous system,756,Switzerland,1,1,1991,4.841658069,6.415372799,0.5458234484,213
23,Brain and central nervous system,756,Switzerland,1,1,1992,4.922625168,6.343399484,0.5434716448,213
23,Brain and central nervous system,756,Switzerland,1,1,1993,4.272176004,5.665373811,0.4588506295,192
23,Brain and central nervous system,756,Switzerland,1,1,1994,5.119203026,6.76182892,0.5553724353,231
23,Brain and central nervous system,756,Switzerland,1,1,1995,4.604480246,6.106972345,0.5410404152,210
23,Brain and central nervous system,756,Switzerland,1,1,1996,4.369540625,6.196822073,0.4978768231,214
23,Brain and central nervous system,756,Switzerland,1,1,1997,4.932268649,6.817536437,0.5575260718,236
23,Brain and central nervous system,756,Switzerland,1,1,1998,4.642820663,6.681668741,0.5367144964,232
23,Brain and central nervous system,756,Switzerland,1,1,1999,4.553267442,6.504626953,0.5432238926,227
23,Brain and central nervous system,756,Switzerland,1,1,2000,4.427264526,6.409863783,0.4750038663,225
23,Brain and central nervous system,756,Switzerland,1,1,2001,4.625370293,6.74045005,0.5550580693,238
23,Brain and central nervous system,756,Switzerland,1,1,2002,4.354655074,6.380363546,0.4815692468,227
23,Brain and central nervous system,756,Switzerland,1,1,2003,4.552996626,6.579969986,0.5106900093,236
23,Brain and central nervous system,756,Switzerland,1,1,2004,4.792459026,7.029207742,0.5442359778,254
23,Brain and central nervous system,756,Switzerland,1,1,2005,4.352036023,6.595164096,0.4770712898,240
23,Brain and central nervous system,756,Switzerland,1,1,2006,4.492700019,6.877055441,0.4994431638,252
23,Brain and central nervous system,756,Switzerland,1,1,2007,4.424498597,7.024031373,0.5096363676,260
23,Brain and central nervous system,756,Switzerland,1,1,2008,4.642636754,7.37640363,0.5243622615,277
23,Brain and central nervous system,756,Switzerland,1,1,2009,4.418540124,7.065999853,0.4789001358,269
23,Brain and central nervous system,756,Switzerland,1,1,2010,4.177288108,6.772841993,0.4791885366,261
23,Brain and central nervous system,756,Switzerland,1,1,2011,4.837564686,7.741987748,0.5370957669,302
23,Brain and central nervous system,756,Switzerland,1,1,2012,4.194365295,6.993737944,0.4728298966,276
23,Brain and central nervous system,756,Switzerland,1,1,2013,4.403586578,7.607190697,0.5162527219,304
23,Brain and central nervous system,756,Switzerland,1,1,2014,4.723203649,7.681338558,0.5072447257,311
23,Brain and central nervous system,756,Switzerland,1,1,2015,4.536549718,7.929859055,0.5128339769,325
23,Brain and central nervous system,756,Switzerland,1,1,2016,3.792922856,6.798061299,0.4158684577,282
23,Brain and central nervous system,756,Switzerland,1,1,2017,4.447626664,7.77885433,0.4836144889,326
23,Brain and central nervous system,756,Switzerland,1,1,2018,4.483165408,7.862012213,0.5467200349,332
23,Brain and central nervous system,756,Switzerland,1,1,2019,4.453490504,8.133083574,0.5022737755,346
23,Brain and central nervous system,756,Switzerland,1,1,2020,4.102496203,7.464254966,0.4619313599,320
23,Brain and central nervous system,756,Switzerland,1,1,2021,4.595318224,8.445538482,0.5316543249,365
23,Brain and central nervous system,756,Switzerland,1,1,2022,4.096868292,7.284849529,0.4459759677,318
23,Brain and central nervous system,756,Switzerland,2,0,1998,4.606602241,5.763264313,0.4336173479,54
23,Brain and central nervous system,756,Switzerland,2,0,1999,4.531089987,6.792735594,0.4191283334,64
23,Brain and central nervous system,756,Switzerland,2,0,2000,3.531267911,6.113906291,0.3618329012,58
23,Brain and central nervous system,756,Switzerland,2,0,2001,5.044763782,7.117705922,0.531482022,68
23,Brain and central nervous system,756,Switzerland,2,0,2002,3.342625739,5.50449759,0.3105075331,53
23,Brain and central nervous system,756,Switzerland,2,0,2003,3.89759687,5.968908163,0.407302493,58
23,Brain and central nervous system,756,Switzerland,2,0,2004,4.145882462,6.118640438,0.4018589431,60
23,Brain and central nervous system,756,Switzerland,2,0,2005,4.646446789,7.181924209,0.469731644,71
23,Brain and central nervous system,756,Switzerland,2,0,2006,4.662315927,6.725503108,0.490382639,67
23,Brain and central nervous system,756,Switzerland,2,0,2007,4.997761014,7.260806168,0.53347658,73
23,Brain and central nervous system,756,Switzerland,2,0,2008,4.08769279,6.085578945,0.3796070426,62
23,Brain and central nervous system,756,Switzerland,2,0,2009,4.721097306,7.25421978,0.4650989003,75
23,Brain and central nervous system,756,Switzerland,2,0,2010,2.71568403,4.967852264,0.2628109842,52
23,Brain and central nervous system,756,Switzerland,2,0,2011,4.568275917,7.492149839,0.4370048499,79
23,Brain and central nervous system,756,Switzerland,2,0,2012,3.764472357,6.196810708,0.358350085,66
23,Brain and central nervous system,756,Switzerland,2,0,2013,4.784891158,6.31033094,0.4587653867,68
23,Brain and central nervous system,756,Switzerland,2,0,2014,3.643167241,5.948453448,0.3554686418,65
23,Brain and central nervous system,756,Switzerland,2,0,2015,3.135504153,4.971787367,0.3392677753,55
23,Brain and central nervous system,756,Switzerland,2,0,2016,4.069779128,6.352239746,0.349516079,71
23,Brain and central nervous system,756,Switzerland,2,0,2017,3.253682525,5.412719892,0.3447683036,61
23,Brain and central nervous system,756,Switzerland,2,1,1956,2.663307407,2.828500738,0.2135704791,74
23,Brain and central nervous system,756,Switzerland,2,1,1957,2.776250937,3.096525887,0.2441696208,82
23,Brain and central nervous system,756,Switzerland,2,1,1958,2.403453615,2.871948042,0.2399665515,77
23,Brain and central nervous system,756,Switzerland,2,1,1959,2.411717919,2.652813576,0.2214357317,72
23,Brain and central nervous system,756,Switzerland,2,1,1960,3.060884857,3.786478304,0.3165609245,104
23,Brain and central nervous system,756,Switzerland,2,1,1961,2.784050611,3.358038734,0.2782071199,94
23,Brain and central nervous system,756,Switzerland,2,1,1962,2.264436102,2.615649185,0.2315564795,75
23,Brain and central nervous system,756,Switzerland,2,1,1963,2.757505956,3.144661612,0.2515147525,92
23,Brain and central nervous system,756,Switzerland,2,1,1964,1.988297021,2.389401825,0.2145422384,71
23,Brain and central nervous system,756,Switzerland,2,1,1965,2.966180933,3.528962126,0.3220131071,106
23,Brain and central nervous system,756,Switzerland,2,1,1966,2.428840549,2.703488621,0.2357856518,82
23,Brain and central nervous system,756,Switzerland,2,1,1967,2.75064633,3.160966174,0.2738926694,97
23,Brain and central nervous system,756,Switzerland,2,1,1968,2.862705674,3.187920679,0.264487504,99
23,Brain and central nervous system,756,Switzerland,2,1,1969,2.871501113,3.122079522,0.2610852649,98
23,Brain and central nervous system,756,Switzerland,2,1,1970,2.462682719,2.846925107,0.2490967665,90
23,Brain and central nervous system,756,Switzerland,2,1,1971,2.429557111,2.957646192,0.2632615869,94
23,Brain and central nervous system,756,Switzerland,2,1,1972,3.155987699,3.621600223,0.3057960761,116
23,Brain and central nervous system,756,Switzerland,2,1,1973,3.015941717,3.469049573,0.299412368,112
23,Brain and central nervous system,756,Switzerland,2,1,1974,2.245051089,2.863190302,0.2435591739,93
23,Brain and central nervous system,756,Switzerland,2,1,1975,2.363864673,3.047169257,0.2667380477,99
23,Brain and central nervous system,756,Switzerland,2,1,1976,2.596898122,3.124274032,0.2663974372,101
23,Brain and central nervous system,756,Switzerland,2,1,1977,3.41992845,4.249741487,0.3641806581,137
23,Brain and central nervous system,756,Switzerland,2,1,1978,2.993505682,3.751320325,0.3194372675,121
23,Brain and central nervous system,756,Switzerland,2,1,1979,3.241181601,4.052268698,0.3358157241,131
23,Brain and central nervous system,756,Switzerland,2,1,1980,3.007358339,3.9129483,0.3213631027,127
23,Brain and central nervous system,756,Switzerland,2,1,1981,3.526916829,4.567002214,0.3691591301,149
23,Brain and central nervous system,756,Switzerland,2,1,1982,2.924681731,4.176540858,0.3282257275,137
23,Brain and central nervous system,756,Switzerland,2,1,1983,3.554638581,4.584878706,0.3819220093,151
23,Brain and central nervous system,756,Switzerland,2,1,1984,3.528377214,4.44855608,0.3687772818,147
23,Brain and central nervous system,756,Switzerland,2,1,1985,2.903593264,3.707094339,0.3007848154,123
23,Brain and central nervous system,756,Switzerland,2,1,1986,2.876267285,4.078696041,0.304250042,136
23,Brain and central nervous system,756,Switzerland,2,1,1987,2.844826036,4.232936088,0.307886441,142
23,Brain and central nervous system,756,Switzerland,2,1,1988,3.184059924,4.76545736,0.3595701557,161
23,Brain and central nervous system,756,Switzerland,2,1,1989,3.144888718,4.553141477,0.3780350436,155
23,Brain and central nervous system,756,Switzerland,2,1,1990,3.31754406,4.59984346,0.3701841891,158
23,Brain and central nervous system,756,Switzerland,2,1,1991,3.375157811,4.918326302,0.3443694738,171
23,Brain and central nervous system,756,Switzerland,2,1,1992,3.714329962,5.032369938,0.3518662423,177
23,Brain and central nervous system,756,Switzerland,2,1,1993,3.494481062,5.09988807,0.3898226962,181
23,Brain and central nervous system,756,Switzerland,2,1,1994,3.202012285,4.835979238,0.3733739288,173
23,Brain and central nervous system,756,Switzerland,2,1,1995,2.480431646,4.19236573,0.2910640387,151
23,Brain and central nervous system,756,Switzerland,2,1,1996,3.025074086,4.946800477,0.3684749999,179
23,Brain and central nervous system,756,Switzerland,2,1,1997,3.189909239,4.989660239,0.3669520683,181
23,Brain and central nervous system,756,Switzerland,2,1,1998,2.646196732,4.397894563,0.3091559131,160
23,Brain and central nervous system,756,Switzerland,2,1,1999,2.514855792,4.296311398,0.2906920689,157
23,Brain and central nervous system,756,Switzerland,2,1,2000,3.138132783,5.280648072,0.3479471034,194
23,Brain and central nervous system,756,Switzerland,2,1,2001,2.977511485,4.870829657,0.3528484686,180
23,Brain and central nervous system,756,Switzerland,2,1,2002,3.315533196,5.589953778,0.3369211466,208
23,Brain and central nervous system,756,Switzerland,2,1,2003,2.737660868,4.190237308,0.3079861929,157
23,Brain and central nervous system,756,Switzerland,2,1,2004,3.350783112,5.38361506,0.3678172015,203
23,Brain and central nervous system,756,Switzerland,2,1,2005,2.846643756,4.666745588,0.3076482208,177
23,Brain and central nervous system,756,Switzerland,2,1,2006,3.076458748,5.16497778,0.3453493802,197
23,Brain and central nervous system,756,Switzerland,2,1,2007,3.101947583,5.385291598,0.3471013236,207
23,Brain and central nervous system,756,Switzerland,2,1,2008,2.578927699,4.888704147,0.3043834789,190
23,Brain and central nervous system,756,Switzerland,2,1,2009,3.22930761,5.317143437,0.349926797,209
23,Brain and central nervous system,756,Switzerland,2,1,2010,2.891096405,5.211313081,0.3268627806,207
23,Brain and central nervous system,756,Switzerland,2,1,2011,3.094354557,5.531242864,0.3327764423,222
23,Brain and central nervous system,756,Switzerland,2,1,2012,3.093940044,5.675454326,0.3466211251,230
23,Brain and central nervous system,756,Switzerland,2,1,2013,2.679371889,4.786344656,0.3025542784,196
23,Brain and central nervous system,756,Switzerland,2,1,2014,2.550319074,5.046527048,0.3196185448,209
23,Brain and central nervous system,756,Switzerland,2,1,2015,2.521942187,4.563373006,0.283323084,191
23,Brain and central nervous system,756,Switzerland,2,1,2016,2.650982992,5.347012221,0.2972424884,226
23,Brain and central nervous system,756,Switzerland,2,1,2017,2.722565905,4.949822059,0.2819457044,211
23,Brain and central nervous system,756,Switzerland,2,1,2018,2.961983669,5.263762234,0.3190114383,226
23,Brain and central nervous system,756,Switzerland,2,1,2019,2.646737233,4.996189249,0.3044075299,216
23,Brain and central nervous system,756,Switzerland,2,1,2020,2.814995584,5.443917599,0.306276087,237
23,Brain and central nervous system,756,Switzerland,2,1,2021,2.465873762,4.766014893,0.2912394473,209
23,Brain and central nervous system,756,Switzerland,2,1,2022,2.536119384,5.03731908,0.2726515171,223
23,Brain and central nervous system,76,Brazil,1,1,1997,3.589248123,2.81354803,0.3907662565,2332
23,Brain and central nervous system,76,Brazil,1,1,1998,3.765217551,2.967917807,0.4055597962,2496
23,Brain and central nervous system,76,Brazil,1,1,1999,3.756161548,2.983428969,0.407525463,2545
23,Brain and central nervous system,76,Brazil,1,1,2000,3.886433433,3.106824829,0.4227294854,2686
23,Brain and central nervous system,76,Brazil,1,1,2001,4.007246959,3.253927174,0.4347043,2849
23,Brain and central nervous system,76,Brazil,1,1,2002,3.923340857,3.238759506,0.4203805046,2870
23,Brain and central nervous system,76,Brazil,1,1,2003,4.004606263,3.351573543,0.4273905133,3004
23,Brain and central nervous system,76,Brazil,1,1,2004,4.062638923,3.417916522,0.4416095972,3097
23,Brain and central nervous system,76,Brazil,1,1,2005,4.304187992,3.714019048,0.4528606054,3401
23,Brain and central nervous system,76,Brazil,1,1,2006,4.06307739,3.539113315,0.4456755643,3274
23,Brain and central nervous system,76,Brazil,1,1,2007,4.252675649,3.804629248,0.4497503408,3554
23,Brain and central nervous system,76,Brazil,1,1,2008,4.188151708,3.808099674,0.4355166482,3590
23,Brain and central nervous system,76,Brazil,1,1,2009,4.298323258,3.968183665,0.4516032231,3773
23,Brain and central nervous system,76,Brazil,1,1,2010,4.422345619,4.184909807,0.4760993997,4011
23,Brain and central nervous system,76,Brazil,1,1,2011,4.433942631,4.263510656,0.4725455184,4118
23,Brain and central nervous system,76,Brazil,1,1,2012,4.447060039,4.369523301,0.4762263857,4253
23,Brain and central nervous system,76,Brazil,1,1,2013,4.440021194,4.455315232,0.4662971369,4370
23,Brain and central nervous system,76,Brazil,1,1,2014,4.517472013,4.613537006,0.4728213996,4560
23,Brain and central nervous system,76,Brazil,1,1,2015,4.509853725,4.735536289,0.4764553636,4716
23,Brain and central nervous system,76,Brazil,1,1,2016,4.309426044,4.620687997,0.4576657818,4635
23,Brain and central nervous system,76,Brazil,1,1,2017,4.348589045,4.745463811,0.4651098431,4793
23,Brain and central nervous system,76,Brazil,1,1,2018,4.223621104,4.72482668,0.4492121024,4803
23,Brain and central nervous system,76,Brazil,1,1,2019,4.318497628,4.935435933,0.4592093193,5048
23,Brain and central nervous system,76,Brazil,1,1,2020,3.992279868,4.653628786,0.4245150012,4786
23,Brain and central nervous system,76,Brazil,1,1,2021,4.098284238,4.838406662,0.4420020592,4995
23,Brain and central nervous system,76,Brazil,2,1,1997,2.757039003,2.355061961,0.2858736915,1973
23,Brain and central nervous system,76,Brazil,2,1,1998,2.935517141,2.533497093,0.3087222441,2155
23,Brain and central nervous system,76,Brazil,2,1,1999,2.909293549,2.548153883,0.2963037486,2200
23,Brain and central nervous system,76,Brazil,2,1,2000,3.072259594,2.703182494,0.3232218885,2367
23,Brain and central nervous system,76,Brazil,2,1,2001,3.102185877,2.785494495,0.3205689028,2472
23,Brain and central nervous system,76,Brazil,2,1,2002,3.141156004,2.862409366,0.3222691878,2573
23,Brain and central nervous system,76,Brazil,2,1,2003,3.258798672,3.004621876,0.338400961,2734
23,Brain and central nervous system,76,Brazil,2,1,2004,3.283192379,3.08153901,0.3365352646,2837
23,Brain and central nervous system,76,Brazil,2,1,2005,3.386190516,3.232522224,0.3473122254,3010
23,Brain and central nervous system,76,Brazil,2,1,2006,3.439376435,3.337438443,0.3532651546,3142
23,Brain and central nervous system,76,Brazil,2,1,2007,3.448101215,3.427587559,0.3553892165,3261
23,Brain and central nervous system,76,Brazil,2,1,2008,3.413697594,3.454930263,0.3517602665,3320
23,Brain and central nervous system,76,Brazil,2,1,2009,3.476273966,3.58974009,0.3601497693,3482
23,Brain and central nervous system,76,Brazil,2,1,2010,3.575865758,3.769764567,0.375389873,3689
23,Brain and central nervous system,76,Brazil,2,1,2011,3.466490594,3.737677077,0.3566396043,3689
23,Brain and central nervous system,76,Brazil,2,1,2012,3.610816223,3.977182106,0.3778513176,3959
23,Brain and central nervous system,76,Brazil,2,1,2013,3.564086281,3.967399847,0.3723357724,3983
23,Brain and central nervous system,76,Brazil,2,1,2014,3.585266864,4.124625317,0.3742913713,4176
23,Brain and central nervous system,76,Brazil,2,1,2015,3.5851849,4.226742303,0.3683008725,4315
23,Brain and central nervous system,76,Brazil,2,1,2016,3.515481084,4.218315524,0.3649645186,4341
23,Brain and central nervous system,76,Brazil,2,1,2017,3.467527349,4.242938038,0.3632047181,4400
23,Brain and central nervous system,76,Brazil,2,1,2018,3.448431126,4.313912767,0.3587863164,4506
23,Brain and central nervous system,76,Brazil,2,1,2019,3.484658548,4.432623797,0.3624641369,4662
23,Brain and central nervous system,76,Brazil,2,1,2020,3.301927383,4.315967389,0.3475906575,4567
23,Brain and central nervous system,76,Brazil,2,1,2021,3.331744975,4.407705041,0.3443470407,4686
23,Brain and central nervous system,764,Thailand,1,0,1993,1.694376188,1.627344597,0.1302222675,40
23,Brain and central nervous system,764,Thailand,1,0,1994,1.810990283,1.777466811,0.164079642,44
23,Brain and central nervous system,764,Thailand,1,0,1995,2.030467905,1.804158224,0.1919774379,45
23,Brain and central nervous system,764,Thailand,1,0,1996,1.835890222,1.948732429,0.1526316897,49
23,Brain and central nervous system,764,Thailand,1,0,1997,1.99848316,2.089802356,0.1546946309,53
23,Brain and central nervous system,764,Thailand,1,0,1998,1.569983234,1.523859538,0.1276157662,39
23,Brain and central nervous system,764,Thailand,1,0,1999,1.394848286,1.35448864,0.1251716269,35
23,Brain and central nervous system,764,Thailand,1,0,2000,1.479448198,1.494078278,0.1316080544,39
23,Brain and central nervous system,764,Thailand,1,0,2001,1.505817689,1.512010085,0.1423475197,40
23,Brain and central nervous system,764,Thailand,1,0,2002,2.471949017,2.463418239,0.2146170194,65
23,Brain and central nervous system,764,Thailand,1,0,2003,2.080372591,2.196226807,0.1751049077,58
23,Brain and central nervous system,764,Thailand,1,0,2004,2.219317601,2.164880324,0.2082836883,57
23,Brain and central nervous system,764,Thailand,1,0,2005,1.862950714,1.966620401,0.1782686135,52
23,Brain and central nervous system,764,Thailand,1,0,2006,1.518885371,1.542720373,0.1367641039,41
23,Brain and central nervous system,764,Thailand,1,0,2007,1.881657048,2.057192187,0.1635305276,55
23,Brain and central nervous system,764,Thailand,1,0,2008,1.97455731,2.006000915,0.1824530385,54
23,Brain and central nervous system,764,Thailand,1,0,2009,2.434605823,2.654045207,0.2063650261,72
23,Brain and central nervous system,764,Thailand,1,0,2010,2.003880169,2.375383716,0.2016196507,65
23,Brain and central nervous system,764,Thailand,1,0,2011,2.38558614,2.66608232,0.237557128,73
23,Brain and central nervous system,764,Thailand,1,0,2012,2.591171284,2.665498229,0.2105590919,73
23,Brain and central nervous system,764,Thailand,1,0,2013,2.37393908,2.721230359,0.2074936196,72
23,Brain and central nervous system,764,Thailand,1,0,2014,2.823530704,3.129011402,0.2647813741,83
23,Brain and central nervous system,764,Thailand,1,0,2015,2.432842422,2.672001638,0.2281386386,71
23,Brain and central nervous system,764,Thailand,1,0,2016,2.247137831,2.745409525,0.2201136537,73
23,Brain and central nervous system,764,Thailand,1,0,2017,2.309347363,2.705415227,0.199390293,72
23,Brain and central nervous system,764,Thailand,2,0,1993,1.761412594,1.666994644,0.1414250393,41
23,Brain and central nervous system,764,Thailand,2,0,1994,1.394889763,1.369295876,0.1427645379,34
23,Brain and central nervous system,764,Thailand,2,0,1995,1.671657213,1.634651421,0.1511812344,41
23,Brain and central nervous system,764,Thailand,2,0,1996,2.21982934,2.169589301,0.2249350887,55
23,Brain and central nervous system,764,Thailand,2,0,1997,1.553628204,1.560252262,0.1389637973,40
23,Brain and central nervous system,764,Thailand,2,0,1998,1.559338106,1.619003087,0.1379740878,42
23,Brain and central nervous system,764,Thailand,2,0,1999,1.773574828,1.751299483,0.1401019654,46
23,Brain and central nervous system,764,Thailand,2,0,2000,1.594619185,1.615891959,0.1437540531,43
23,Brain and central nervous system,764,Thailand,2,0,2001,1.755680493,1.748970619,0.1329234007,47
23,Brain and central nervous system,764,Thailand,2,0,2002,2.407387601,2.493740525,0.222862811,67
23,Brain and central nervous system,764,Thailand,2,0,2003,2.177258566,2.258806661,0.2032703998,61
23,Brain and central nervous system,764,Thailand,2,0,2004,1.245544367,1.215813534,0.09873809132,33
23,Brain and central nervous system,764,Thailand,2,0,2005,1.899811331,2.158030764,0.1888627737,59
23,Brain and central nervous system,764,Thailand,2,0,2006,1.651059532,1.886468687,0.1501114321,52
23,Brain and central nervous system,764,Thailand,2,0,2007,1.703013816,1.797375401,0.1535802952,50
23,Brain and central nervous system,764,Thailand,2,0,2008,1.098983731,1.24547315,0.09090996434,35
23,Brain and central nervous system,764,Thailand,2,0,2009,1.746647555,2.005899456,0.180550372,57
23,Brain and central nervous system,764,Thailand,2,0,2010,1.839538993,2.259847721,0.1663878897,65
23,Brain and central nervous system,764,Thailand,2,0,2011,2.335984849,2.323968089,0.1658731679,67
23,Brain and central nervous system,764,Thailand,2,0,2012,1.600866001,1.869741352,0.140557088,54
23,Brain and central nervous system,764,Thailand,2,0,2013,1.958259666,1.967607457,0.1760813793,55
23,Brain and central nervous system,764,Thailand,2,0,2014,2.140115949,2.565764646,0.2076394663,72
23,Brain and central nervous system,764,Thailand,2,0,2015,1.993639956,2.236516998,0.1740798947,63
23,Brain and central nervous system,764,Thailand,2,0,2016,1.473311445,1.912696729,0.1360972441,54
23,Brain and central nervous system,764,Thailand,2,0,2017,1.572142594,2.01369169,0.152451759,57
23,Brain and central nervous system,792,Türkiye,1,0,1998,5.47392563,5.087815253,0.5276035565,116
23,Brain and central nervous system,792,Türkiye,1,0,1999,5.487266952,5.248306781,0.5899263209,123
23,Brain and central nervous system,792,Türkiye,1,0,2000,5.261746802,5.091851577,0.5490476115,122
23,Brain and central nervous system,792,Türkiye,1,0,2001,5.913987774,5.741615806,0.5529784417,140
23,Brain and central nervous system,792,Türkiye,1,0,2002,6.707573962,6.655211636,0.6702285013,165
23,Brain and central nervous system,792,Türkiye,1,0,2003,5.272471066,5.278712026,0.5154445841,133
23,Brain and central nervous system,792,Türkiye,1,0,2004,4.936636906,4.979676694,0.5314530371,128
23,Brain and central nervous system,792,Türkiye,1,0,2005,6.225447578,6.421770486,0.6236790704,169
23,Brain and central nervous system,792,Türkiye,1,0,2006,6.190049289,6.384563544,0.6351739002,171
23,Brain and central nervous system,792,Türkiye,1,0,2007,6.116396729,6.274814875,0.6314548473,171
23,Brain and central nervous system,792,Türkiye,1,0,2008,6.219578093,6.51396065,0.6671211456,185
23,Brain and central nervous system,792,Türkiye,1,0,2009,5.687867147,5.950671342,0.5861131606,173
23,Brain and central nervous system,792,Türkiye,1,0,2010,6.313947116,6.695062659,0.6732392164,200
23,Brain and central nervous system,792,Türkiye,1,0,2011,6.120653354,6.370815295,0.6004691348,192
23,Brain and central nervous system,792,Türkiye,1,0,2012,6.134960366,6.607102439,0.6991994137,202
23,Brain and central nervous system,792,Türkiye,1,0,2013,6.520790841,7.472314753,0.6823253076,233
23,Brain and central nervous system,792,Türkiye,1,0,2014,6.002484033,6.680487713,0.6059547517,212
23,Brain and central nervous system,792,Türkiye,1,0,2015,6.122503158,6.987601645,0.5904566836,226
23,Brain and central nervous system,792,Türkiye,1,0,2016,6.790685995,7.775414323,0.7120098856,255
23,Brain and central nervous system,792,Türkiye,1,0,2017,6.28808877,7.095333015,0.6421350289,236
23,Brain and central nervous system,792,Türkiye,2,0,1998,3.024680243,2.929604273,0.2928173841,66
23,Brain and central nervous system,792,Türkiye,2,0,1999,4.094441324,4.01809265,0.3986324901,93
23,Brain and central nervous system,792,Türkiye,2,0,2000,3.111593791,3.042015301,0.3161488185,72
23,Brain and central nervous system,792,Türkiye,2,0,2001,3.713141693,3.815807647,0.372009117,92
23,Brain and central nervous system,792,Türkiye,2,0,2002,4.450240978,4.484123959,0.4293881333,110
23,Brain and central nervous system,792,Türkiye,2,0,2003,4.056765286,4.167994213,0.4305904525,104
23,Brain and central nervous system,792,Türkiye,2,0,2004,3.842423099,4.032618007,0.4051263284,103
23,Brain and central nervous system,792,Türkiye,2,0,2005,4.25058836,4.470793681,0.4442070906,117
23,Brain and central nervous system,792,Türkiye,2,0,2006,5.288810757,5.592242739,0.5766790509,150
23,Brain and central nervous system,792,Türkiye,2,0,2007,5.04538855,5.352427843,0.5310167548,145
23,Brain and central nervous system,792,Türkiye,2,0,2008,4.632844754,5.079569863,0.4426878613,143
23,Brain and central nervous system,792,Türkiye,2,0,2009,5.241574428,6.10940981,0.5282281828,176
23,Brain and central nervous system,792,Türkiye,2,0,2010,5.390279197,5.986588002,0.5552930191,176
23,Brain and central nervous system,792,Türkiye,2,0,2011,4.806439696,5.375678095,0.479138988,161
23,Brain and central nervous system,792,Türkiye,2,0,2012,5.097716686,5.78817896,0.50133414,176
23,Brain and central nervous system,792,Türkiye,2,0,2013,5.541065779,6.578179405,0.5661714397,204
23,Brain and central nervous system,792,Türkiye,2,0,2014,4.752701613,5.692216179,0.4676521722,180
23,Brain and central nervous system,792,Türkiye,2,0,2015,4.493906777,5.306322188,0.4874679793,171
23,Brain and central nervous system,792,Türkiye,2,0,2016,4.825449711,5.867016732,0.4669849441,192
23,Brain and central nervous system,792,Türkiye,2,0,2017,5.229733714,6.208666032,0.4912188569,206
23,Brain and central nervous system,800,Uganda,1,0,1993,0.9935419771,0.1818307447,0.1241156599,1
23,Brain and central nervous system,800,Uganda,1,0,1994,0.4551555113,0.3489177444,0.03316568701,2
23,Brain and central nervous system,800,Uganda,1,0,1995,0.330815057,0.3347392381,0.02303603605,2
23,Brain and central nervous system,800,Uganda,1,0,1996,1.763361913,0.8027602107,0.1781078353,5
23,Brain and central nervous system,800,Uganda,1,0,1997,0.09331840239,0.1539968338,0.005832230068,1
23,Brain and central nervous system,800,Uganda,1,0,1998,0.7510962545,0.5907834823,0.05407736538,4
23,Brain and central nervous system,800,Uganda,1,0,1999,0.1645955065,0.1416388464,0.01371535157,1
23,Brain and central nervous system,800,Uganda,1,0,2000,2.326754095,0.5432693679,0.3134335684,4
23,Brain and central nervous system,800,Uganda,1,0,2001,1.105615524,0.6511128821,0.1131673634,5
23,Brain and central nervous system,800,Uganda,1,0,2002,0.1449765621,0.1248455037,0.01208065041,1
23,Brain and central nervous system,800,Uganda,1,0,2003,1.326629054,0.843603198,0.1051392028,7
23,Brain and central nervous system,800,Uganda,1,0,2004,2.345747841,1.279502715,0.2210812965,11
23,Brain and central nervous system,800,Uganda,1,0,2005,1.239481175,1.010293771,0.1145839534,9
23,Brain and central nervous system,800,Uganda,1,0,2006,2.18196807,1.083199468,0.1269586079,10
23,Brain and central nervous system,800,Uganda,1,0,2007,3.439819758,0.8360845741,0.5366366345,8
23,Brain and central nervous system,800,Uganda,1,0,2008,3.356288567,1.310691309,0.3897679588,13
23,Brain and central nervous system,800,Uganda,1,0,2009,1.857106648,0.6807656474,0.209627101,7
23,Brain and central nervous system,800,Uganda,1,0,2010,1.622471058,0.7503775337,0.2040156744,8
23,Brain and central nervous system,800,Uganda,1,0,2011,2.361556623,1.356806692,0.144240166,15
23,Brain and central nervous system,800,Uganda,1,0,2012,3.196857036,1.221064053,0.3767571524,14
23,Brain and central nervous system,800,Uganda,1,0,2013,4.327638188,1.765869279,0.519339477,21
23,Brain and central nervous system,800,Uganda,1,0,2014,2.480241141,0.9727350472,0.3349924391,12
23,Brain and central nervous system,800,Uganda,1,0,2015,1.080605548,0.6300785314,0.06400907774,8
23,Brain and central nervous system,800,Uganda,1,0,2016,0.2858702184,0.3063408731,0.01846979066,4
23,Brain and central nervous system,800,Uganda,1,0,2017,0.7334243938,0.3726365527,0.07534431896,5
23,Brain and central nervous system,800,Uganda,2,0,1993,0,0,0,0
23,Brain and central nervous system,800,Uganda,2,0,1994,0.1017616065,0.1654040822,0.005653262779,1
23,Brain and central nervous system,800,Uganda,2,0,1995,1.026214586,0.4741343887,0.09452328211,3
23,Brain and central nervous system,800,Uganda,2,0,1996,0,0,0,0
23,Brain and central nervous system,800,Uganda,2,0,1997,0.624870006,0.2884708306,0.04931374853,2
23,Brain and central nervous system,800,Uganda,2,0,1998,1.131161703,0.6888114971,0.08843403341,5
23,Brain and central nervous system,800,Uganda,2,0,1999,0.2660688066,0.3946869869,0.01467535575,3
23,Brain and central nervous system,800,Uganda,2,0,2000,1.73121152,0.5024986747,0.3093369075,4
23,Brain and central nervous system,800,Uganda,2,0,2001,1.077709524,0.4797583937,0.09743504748,4
23,Brain and central nervous system,800,Uganda,2,0,2002,0.8410301589,0.2289917265,0.09826698188,2
23,Brain and central nervous system,800,Uganda,2,0,2003,3.058970904,1.103227935,0.3876844773,10
23,Brain and central nervous system,800,Uganda,2,0,2004,2.45623819,0.7439590525,0.3941678407,7
23,Brain and central nervous system,800,Uganda,2,0,2005,0.9967271946,0.4094605869,0.1356415099,4
23,Brain and central nervous system,800,Uganda,2,0,2006,2.067009335,0.6900304402,0.3113498593,7
23,Brain and central nervous system,800,Uganda,2,0,2007,0.2412439979,0.2847239886,0.01476992487,3
23,Brain and central nervous system,800,Uganda,2,0,2008,1.506961407,0.9135915935,0.1516244159,10
23,Brain and central nervous system,800,Uganda,2,0,2009,0.7476763851,0.7034055379,0.04919544739,8
23,Brain and central nervous system,800,Uganda,2,0,2010,4.139276393,1.438297462,0.4089183395,17
23,Brain and central nervous system,800,Uganda,2,0,2011,1.63422755,0.9767381666,0.2174818028,12
23,Brain and central nervous system,800,Uganda,2,0,2012,1.211183831,0.5480378679,0.09439846868,7
23,Brain and central nervous system,800,Uganda,2,0,2013,1.358158669,0.9787874179,0.09247252374,13
23,Brain and central nervous system,800,Uganda,2,0,2014,1.552674814,0.5791398181,0.1904088258,8
23,Brain and central nervous system,800,Uganda,2,0,2015,2.535972267,1.123845688,0.2607142045,16
23,Brain and central nervous system,800,Uganda,2,0,2016,2.002261882,0.6139095534,0.2477904381,9
23,Brain and central nervous system,800,Uganda,2,0,2017,0.7885883942,0.3314891487,0.03183413578,5
23,Brain and central nervous system,826,United Kingdom,1,1,1967,4.10318712,4.860767312,0.4137912519,1297
23,Brain and central nervous system,826,United Kingdom,1,1,1968,3.910112603,4.613754696,0.3969764979,1237
23,Brain and central nervous system,826,United Kingdom,1,1,1969,4.238839074,4.989640459,0.4341411519,1343
23,Brain and central nervous system,826,United Kingdom,1,1,1970,4.055300458,4.728770245,0.4051408751,1278
23,Brain and central nervous system,826,United Kingdom,1,1,1971,4.28818333,5.052558392,0.4370181983,1372
23,Brain and central nervous system,826,United Kingdom,1,1,1972,4.474750107,5.264175397,0.4617322434,1435
23,Brain and central nervous system,826,United Kingdom,1,1,1973,4.252754225,4.963182047,0.4290598648,1356
23,Brain and central nervous system,826,United Kingdom,1,1,1974,4.504895338,5.352928953,0.4680445831,1464
23,Brain and central nervous system,826,United Kingdom,1,1,1975,4.341344645,5.120993805,0.4473719119,1401
23,Brain and central nervous system,826,United Kingdom,1,1,1976,4.511552821,5.344854432,0.4661413782,1462
23,Brain and central nervous system,826,United Kingdom,1,1,1977,4.545943095,5.435607222,0.4730368733,1486
23,Brain and central nervous system,826,United Kingdom,1,1,1978,4.928403521,5.834916138,0.5101381707,1595
23,Brain and central nervous system,826,United Kingdom,1,1,1979,4.481343585,5.489832498,0.4909186407,1502
23,Brain and central nervous system,826,United Kingdom,1,1,1980,4.434802957,5.570981626,0.489765441,1526
23,Brain and central nervous system,826,United Kingdom,1,1,1981,4.229763516,5.285214714,0.4695439088,1448
23,Brain and central nervous system,826,United Kingdom,1,1,1982,3.885921518,4.882229808,0.439068021,1337
23,Brain and central nervous system,826,United Kingdom,1,1,1983,4.479049571,5.665113694,0.508276741,1554
23,Brain and central nervous system,826,United Kingdom,1,1,1984,4.771964363,6.008015194,0.5374046307,1653
23,Brain and central nervous system,826,United Kingdom,1,1,1985,4.784773258,6.066866662,0.5337894001,1673
23,Brain and central nervous system,826,United Kingdom,1,1,1986,4.468297514,5.699953369,0.5084426074,1575
23,Brain and central nervous system,826,United Kingdom,1,1,1987,4.808614115,6.128108432,0.5491235742,1698
23,Brain and central nervous system,826,United Kingdom,1,1,1988,4.704871993,6.109165028,0.5343911774,1689
23,Brain and central nervous system,826,United Kingdom,1,1,1989,4.934204633,6.411379648,0.5556071608,1768
23,Brain and central nervous system,826,United Kingdom,1,1,1990,4.804975782,6.351179219,0.5557084085,1757
23,Brain and central nervous system,826,United Kingdom,1,1,1991,4.841450337,6.385737693,0.5465676591,1772
23,Brain and central nervous system,826,United Kingdom,1,1,1992,5.208727627,6.908715519,0.5947837838,1925
23,Brain and central nervous system,826,United Kingdom,1,1,1993,4.523156193,6.085396853,0.5106570415,1702
23,Brain and central nervous system,826,United Kingdom,1,1,1994,4.519029327,6.14841562,0.5033375527,1724
23,Brain and central nervous system,826,United Kingdom,1,1,1995,4.458587779,6.147860052,0.4980584103,1729
23,Brain and central nervous system,826,United Kingdom,1,1,1996,4.535088405,6.26434249,0.5192605025,1767
23,Brain and central nervous system,826,United Kingdom,1,1,1997,4.66065499,6.549961412,0.530479678,1853
23,Brain and central nervous system,826,United Kingdom,1,1,1998,4.577940288,6.428808049,0.5188910764,1825
23,Brain and central nervous system,826,United Kingdom,1,1,1999,4.67714034,6.557007355,0.5281713735,1869
23,Brain and central nervous system,826,United Kingdom,1,1,2000,4.71924008,6.715777404,0.5311758061,1923
23,Brain and central nervous system,826,United Kingdom,1,1,2001,4.773292533,6.893969498,0.5355221793,1983
23,Brain and central nervous system,826,United Kingdom,1,1,2002,4.617285999,6.651814522,0.5231596701,1923
23,Brain and central nervous system,826,United Kingdom,1,1,2003,4.64222068,6.729532519,0.5254390894,1956
23,Brain and central nervous system,826,United Kingdom,1,1,2004,4.741765774,7.000428503,0.5352989724,2048
23,Brain and central nervous system,826,United Kingdom,1,1,2005,4.594207375,6.909460659,0.5254251077,2037
23,Brain and central nervous system,826,United Kingdom,1,1,2006,4.797667862,7.139023534,0.5343175197,2122
23,Brain and central nervous system,826,United Kingdom,1,1,2007,4.590226917,6.900064719,0.516751508,2069
23,Brain and central nervous system,826,United Kingdom,1,1,2008,4.703500697,7.130437318,0.5310874893,2157
23,Brain and central nervous system,826,United Kingdom,1,1,2009,4.578054016,7.162056793,0.5161637994,2185
23,Brain and central nervous system,826,United Kingdom,1,1,2010,4.649164272,7.329303494,0.5232732597,2256
23,Brain and central nervous system,826,United Kingdom,1,1,2011,4.552764086,7.206747216,0.50904698,2238
23,Brain and central nervous system,826,United Kingdom,1,1,2012,4.758792286,7.758398362,0.5369179642,2428
23,Brain and central nervous system,826,United Kingdom,1,1,2013,4.651669847,7.603477717,0.5281721059,2397
23,Brain and central nervous system,826,United Kingdom,1,1,2014,4.73849385,7.73721218,0.5270673455,2459
23,Brain and central nervous system,826,United Kingdom,1,1,2015,4.666532335,7.690843798,0.5146594164,2466
23,Brain and central nervous system,826,United Kingdom,1,1,2016,4.615520225,7.766093188,0.519700369,2512
23,Brain and central nervous system,826,United Kingdom,1,1,2017,4.639202678,7.81799535,0.5198232704,2548
23,Brain and central nervous system,826,United Kingdom,1,1,2018,4.729961934,8.073103292,0.5412764379,2648
23,Brain and central nervous system,826,United Kingdom,1,1,2019,4.632837144,8.177496161,0.5197191701,2698
23,Brain and central nervous system,826,United Kingdom,1,1,2020,4.545645063,7.845146764,0.5066330913,2599
23,Brain and central nervous system,826,United Kingdom,1,1,2021,4.380226992,7.718143722,0.4924432012,2570
23,Brain and central nervous system,826,United Kingdom,2,1,1967,2.769172346,3.333259104,0.2666675492,943
23,Brain and central nervous system,826,United Kingdom,2,1,1968,2.69971277,3.214969121,0.264191175,914
23,Brain and central nervous system,826,United Kingdom,2,1,1969,2.816226303,3.381167214,0.2731045717,965
23,Brain and central nervous system,826,United Kingdom,2,1,1970,2.680832467,3.292857262,0.271661231,943
23,Brain and central nervous system,826,United Kingdom,2,1,1971,2.871750837,3.48693818,0.2837617129,1002
23,Brain and central nervous system,826,United Kingdom,2,1,1972,2.877169566,3.535799309,0.2929781812,1019
23,Brain and central nervous system,826,United Kingdom,2,1,1973,2.92970474,3.595725701,0.296462755,1038
23,Brain and central nervous system,826,United Kingdom,2,1,1974,3.030292959,3.705623086,0.3017276761,1070
23,Brain and central nervous system,826,United Kingdom,2,1,1975,2.895365455,3.520178958,0.2909355074,1016
23,Brain and central nervous system,826,United Kingdom,2,1,1976,3.017070381,3.664066208,0.3023248224,1057
23,Brain and central nervous system,826,United Kingdom,2,1,1977,3.185712318,4.015593959,0.3265870415,1158
23,Brain and central nervous system,826,United Kingdom,2,1,1978,3.076670647,3.855740252,0.3220437549,1112
23,Brain and central nervous system,826,United Kingdom,2,1,1979,2.964255543,3.842808947,0.3147049962,1109
23,Brain and central nervous system,826,United Kingdom,2,1,1980,3.038772044,3.94597995,0.3217380347,1140
23,Brain and central nervous system,826,United Kingdom,2,1,1981,2.71518466,3.635746242,0.2978857945,1051
23,Brain and central nervous system,826,United Kingdom,2,1,1982,2.727929287,3.670298694,0.2975420356,1061
23,Brain and central nervous system,826,United Kingdom,2,1,1983,3.055232999,4.159023337,0.3421310372,1202
23,Brain and central nervous system,826,United Kingdom,2,1,1984,3.263436382,4.37140493,0.3610107025,1265
23,Brain and central nervous system,826,United Kingdom,2,1,1985,3.23842996,4.395392416,0.356743865,1276
23,Brain and central nervous system,826,United Kingdom,2,1,1986,3.060951705,4.13116472,0.3369177232,1203
23,Brain and central nervous system,826,United Kingdom,2,1,1987,3.173592389,4.325230313,0.3529316726,1262
23,Brain and central nervous system,826,United Kingdom,2,1,1988,3.213253546,4.479304812,0.3707255768,1316
23,Brain and central nervous system,826,United Kingdom,2,1,1989,3.214457607,4.532838626,0.361753485,1342
23,Brain and central nervous system,826,United Kingdom,2,1,1990,3.180261199,4.477555311,0.3587586684,1330
23,Brain and central nervous system,826,United Kingdom,2,1,1991,3.131356187,4.294458685,0.3506818096,1280
23,Brain and central nervous system,826,United Kingdom,2,1,1992,3.182783346,4.561910399,0.360663977,1362
23,Brain and central nervous system,826,United Kingdom,2,1,1993,3.071060902,4.429213244,0.3469637468,1324
23,Brain and central nervous system,826,United Kingdom,2,1,1994,2.969618869,4.345292566,0.3322360538,1302
23,Brain and central nervous system,826,United Kingdom,2,1,1995,2.939227461,4.38879415,0.3353870601,1318
23,Brain and central nervous system,826,United Kingdom,2,1,1996,3.029460886,4.519578749,0.3389475002,1360
23,Brain and central nervous system,826,United Kingdom,2,1,1997,3.054244576,4.566127524,0.3447676985,1377
23,Brain and central nervous system,826,United Kingdom,2,1,1998,3.030172143,4.649628655,0.3475512966,1406
23,Brain and central nervous system,826,United Kingdom,2,1,1999,2.935851174,4.539341254,0.3316627471,1377
23,Brain and central nervous system,826,United Kingdom,2,1,2000,2.951633034,4.610686665,0.3376089951,1403
23,Brain and central nervous system,826,United Kingdom,2,1,2001,2.994527635,4.711074826,0.3457807732,1438
23,Brain and central nervous system,826,United Kingdom,2,1,2002,3.038571428,4.736975285,0.3406912624,1451
23,Brain and central nervous system,826,United Kingdom,2,1,2003,2.950034523,4.688748396,0.3269029054,1442
23,Brain and central nervous system,826,United Kingdom,2,1,2004,2.881824503,4.541541568,0.3256960818,1404
23,Brain and central nervous system,826,United Kingdom,2,1,2005,2.808692828,4.502681554,0.3163345291,1401
23,Brain and central nervous system,826,United Kingdom,2,1,2006,2.833314837,4.644535058,0.3143647453,1455
23,Brain and central nervous system,826,United Kingdom,2,1,2007,3.065569466,4.915908177,0.3424860223,1551
23,Brain and central nervous system,826,United Kingdom,2,1,2008,2.846517235,4.799112608,0.3186941763,1525
23,Brain and central nervous system,826,United Kingdom,2,1,2009,2.885135337,5.059654704,0.3228890284,1619
23,Brain and central nervous system,826,United Kingdom,2,1,2010,2.964821503,5.085965856,0.3336736267,1639
23,Brain and central nervous system,826,United Kingdom,2,1,2011,2.952594937,5.188714214,0.3295279983,1684
23,Brain and central nervous system,826,United Kingdom,2,1,2012,3.013705609,5.323681683,0.3324129386,1739
23,Brain and central nervous system,826,United Kingdom,2,1,2013,2.96487476,5.254935897,0.3295453262,1727
23,Brain and central nervous system,826,United Kingdom,2,1,2014,3.003258022,5.289495446,0.3321301751,1750
23,Brain and central nervous system,826,United Kingdom,2,1,2015,2.829912256,5.312442608,0.3175294937,1770
23,Brain and central nervous system,826,United Kingdom,2,1,2016,2.985116918,5.49964449,0.3276573406,1845
23,Brain and central nervous system,826,United Kingdom,2,1,2017,2.896618575,5.387555221,0.3246422306,1819
23,Brain and central nervous system,826,United Kingdom,2,1,2018,3.093885297,5.684461771,0.3417416726,1930
23,Brain and central nervous system,826,United Kingdom,2,1,2019,2.889163727,5.472188139,0.3290198448,1867
23,Brain and central nervous system,826,United Kingdom,2,1,2020,2.770882364,5.437847377,0.3142621546,1861
23,Brain and central nervous system,826,United Kingdom,2,1,2021,2.718447556,5.367954828,0.3013842261,1845
23,Brain and central nervous system,8260,"UK, England",1,0,1971,5.14049104,6.074838824,0.5214287766,1371
23,Brain and central nervous system,8260,"UK, England",1,0,1972,5.094489876,5.959528182,0.5104487672,1350
23,Brain and central nervous system,8260,"UK, England",1,0,1973,4.62399452,5.467680374,0.4755125699,1242
23,Brain and central nervous system,8260,"UK, England",1,0,1974,4.741107627,5.637559082,0.4859657475,1281
23,Brain and central nervous system,8260,"UK, England",1,0,1975,4.759985573,5.617483262,0.4845496726,1277
23,Brain and central nervous system,8260,"UK, England",1,0,1976,4.558421805,5.495399967,0.4748202673,1249
23,Brain and central nervous system,8260,"UK, England",1,0,1977,5.007963125,5.903587937,0.5019906996,1341
23,Brain and central nervous system,8260,"UK, England",1,0,1978,4.922208488,5.778437444,0.4964820396,1312
23,Brain and central nervous system,8260,"UK, England",1,0,1979,5.294048784,6.352095092,0.5487740778,1445
23,Brain and central nervous system,8260,"UK, England",1,0,1980,5.245743887,6.327836336,0.5417114722,1442
23,Brain and central nervous system,8260,"UK, England",1,0,1981,5.467673665,6.633149957,0.5771844934,1512
23,Brain and central nervous system,8260,"UK, England",1,0,1982,5.143793755,6.293199921,0.540686211,1434
23,Brain and central nervous system,8260,"UK, England",1,0,1983,5.532328805,6.706294105,0.5770500059,1531
23,Brain and central nervous system,8260,"UK, England",1,0,1984,5.622116862,6.831376315,0.58782682,1565
23,Brain and central nervous system,8260,"UK, England",1,0,1985,5.843951132,7.137237515,0.5987738705,1642
23,Brain and central nervous system,8260,"UK, England",1,0,1986,5.666729384,6.856880488,0.5876989923,1583
23,Brain and central nervous system,8260,"UK, England",1,0,1987,6.097100629,7.393755233,0.6368683026,1713
23,Brain and central nervous system,8260,"UK, England",1,0,1988,6.065572526,7.38826221,0.6223146741,1718
23,Brain and central nervous system,8260,"UK, England",1,0,1989,6.160737405,7.548704774,0.654365918,1763
23,Brain and central nervous system,8260,"UK, England",1,0,1990,6.274920261,7.634303242,0.6510781444,1792
23,Brain and central nervous system,8260,"UK, England",1,0,1991,6.150763493,7.698895192,0.6475578106,1816
23,Brain and central nervous system,8260,"UK, England",1,0,1992,6.409788064,8.050489699,0.6862249489,1907
23,Brain and central nervous system,8260,"UK, England",1,0,1993,6.327203632,8.039761498,0.6708492819,1912
23,Brain and central nervous system,8260,"UK, England",1,0,1994,6.237358423,7.968044082,0.6532461792,1903
23,Brain and central nervous system,8260,"UK, England",1,0,1995,6.155837839,8.060745232,0.6492963275,1898
23,Brain and central nervous system,8260,"UK, England",1,0,1996,6.057368761,8.007185814,0.6449601746,1892
23,Brain and central nervous system,8260,"UK, England",1,0,1997,6.612326419,8.781341312,0.6943193222,2082
23,Brain and central nervous system,8260,"UK, England",1,0,1998,6.178874267,8.237514093,0.6550927511,1960
23,Brain and central nervous system,8260,"UK, England",1,0,1999,6.378638182,8.52570456,0.6728675612,2039
23,Brain and central nervous system,8260,"UK, England",1,0,2000,6.552020362,8.751584222,0.6791184526,2103
23,Brain and central nervous system,8260,"UK, England",1,0,2001,6.293199895,8.478999496,0.6561664562,2049
23,Brain and central nervous system,8260,"UK, England",1,0,2002,6.264472886,8.566338636,0.6505347014,2081
23,Brain and central nervous system,8260,"UK, England",1,0,2003,6.106970874,8.342985966,0.6520728817,2038
23,Brain and central nervous system,8260,"UK, England",1,0,2004,6.028688816,8.431835649,0.6376248536,2072
23,Brain and central nervous system,8260,"UK, England",1,0,2005,6.456835092,8.952402308,0.6820880312,2219
23,Brain and central nervous system,8260,"UK, England",1,0,2006,6.398030066,8.799852989,0.6534343039,2198
23,Brain and central nervous system,8260,"UK, England",1,0,2007,6.304474487,8.852987355,0.6582375584,2231
23,Brain and central nervous system,8260,"UK, England",1,0,2008,6.21718165,8.897214798,0.6548534907,2263
23,Brain and central nervous system,8260,"UK, England",1,0,2009,6.632401263,9.448450782,0.6830490632,2422
23,Brain and central nervous system,8260,"UK, England",1,0,2010,6.396080867,9.112253221,0.6534289269,2358
23,Brain and central nervous system,8260,"UK, England",1,0,2011,6.269985589,9.076590119,0.6481478317,2372
23,Brain and central nervous system,8260,"UK, England",1,0,2012,6.32427257,9.349326378,0.657169569,2462
23,Brain and central nervous system,8260,"UK, England",1,0,2013,6.760185145,10.02111671,0.6991406227,2659
23,Brain and central nervous system,8260,"UK, England",1,0,2014,6.266469217,9.277936037,0.6407452668,2484
23,Brain and central nervous system,8260,"UK, England",1,0,2015,6.783930947,9.863375599,0.6821646931,2666
23,Brain and central nervous system,8260,"UK, England",1,0,2016,6.612361312,9.889776608,0.6777267967,2700
23,Brain and central nervous system,8260,"UK, England",1,0,2017,6.638143649,9.96686699,0.6783827651,2739
23,Brain and central nervous system,8260,"UK, England",2,0,1971,3.551893313,4.223426386,0.3378575732,1007
23,Brain and central nervous system,8260,"UK, England",2,0,1972,3.381325952,4.101324883,0.3317191478,981
23,Brain and central nervous system,8260,"UK, England",2,0,1973,3.098594538,3.796269644,0.308840345,910
23,Brain and central nervous system,8260,"UK, England",2,0,1974,3.461343579,4.156910864,0.3395027162,996
23,Brain and central nervous system,8260,"UK, England",2,0,1975,3.171157521,3.784176628,0.3060822372,906
23,Brain and central nervous system,8260,"UK, England",2,0,1976,3.360721182,4.023934681,0.3280515362,963
23,Brain and central nervous system,8260,"UK, England",2,0,1977,3.448022434,4.288437103,0.3425381016,1026
23,Brain and central nervous system,8260,"UK, England",2,0,1978,3.259453176,3.965219717,0.3229039523,949
23,Brain and central nervous system,8260,"UK, England",2,0,1979,3.593185493,4.438468958,0.3604076591,1063
23,Brain and central nervous system,8260,"UK, England",2,0,1980,3.70241464,4.671027959,0.3715977645,1121
23,Brain and central nervous system,8260,"UK, England",2,0,1981,3.732302152,4.77389549,0.3888278801,1147
23,Brain and central nervous system,8260,"UK, England",2,0,1982,3.650665568,4.513056222,0.3666981498,1084
23,Brain and central nervous system,8260,"UK, England",2,0,1983,3.917577134,4.890850035,0.3967029013,1176
23,Brain and central nervous system,8260,"UK, England",2,0,1984,3.968669362,5.001265881,0.4032573901,1205
23,Brain and central nervous system,8260,"UK, England",2,0,1985,4.025574488,5.174767322,0.4095818656,1251
23,Brain and central nervous system,8260,"UK, England",2,0,1986,3.828984753,4.905921736,0.3872621624,1190
23,Brain and central nervous system,8260,"UK, England",2,0,1987,4.009840797,5.04539623,0.408273931,1227
23,Brain and central nervous system,8260,"UK, England",2,0,1988,4.303051271,5.524952523,0.4429930932,1347
23,Brain and central nervous system,8260,"UK, England",2,0,1989,4.363074101,5.528860899,0.433097083,1352
23,Brain and central nervous system,8260,"UK, England",2,0,1990,4.268511425,5.412129369,0.4308874538,1327
23,Brain and central nervous system,8260,"UK, England",2,0,1991,4.284463457,5.398181922,0.4249084371,1329
23,Brain and central nervous system,8260,"UK, England",2,0,1992,4.528285604,6.058765162,0.4628094899,1496
23,Brain and central nervous system,8260,"UK, England",2,0,1993,4.605861096,5.99562045,0.4652856535,1484
23,Brain and central nervous system,8260,"UK, England",2,0,1994,4.381501509,5.941327877,0.4370846287,1475
23,Brain and central nervous system,8260,"UK, England",2,0,1995,4.354589035,6.09568265,0.4403341479,1514
23,Brain and central nervous system,8260,"UK, England",2,0,1996,4.134299481,5.869743993,0.4303899031,1461
23,Brain and central nervous system,8260,"UK, England",2,0,1997,4.315565173,6.106891029,0.4549909525,1524
23,Brain and central nervous system,8260,"UK, England",2,0,1998,4.274529425,6.093419838,0.4422063123,1525
23,Brain and central nervous system,8260,"UK, England",2,0,1999,4.155894692,5.808823998,0.4284175352,1459
23,Brain and central nervous system,8260,"UK, England",2,0,2000,4.434853359,6.443581209,0.4526834039,1624
23,Brain and central nervous system,8260,"UK, England",2,0,2001,4.15211193,6.035399477,0.430905033,1526
23,Brain and central nervous system,8260,"UK, England",2,0,2002,4.294882432,6.050457983,0.4320149786,1536
23,Brain and central nervous system,8260,"UK, England",2,0,2003,4.106381678,5.929920575,0.412532902,1512
23,Brain and central nervous system,8260,"UK, England",2,0,2004,3.844903191,5.819429996,0.40483068,1491
23,Brain and central nervous system,8260,"UK, England",2,0,2005,3.90458902,5.813460124,0.3930865911,1501
23,Brain and central nervous system,8260,"UK, England",2,0,2006,4.137927599,6.145263091,0.4217231713,1597
23,Brain and central nervous system,8260,"UK, England",2,0,2007,4.440264142,6.455171318,0.4462448577,1690
23,Brain and central nervous system,8260,"UK, England",2,0,2008,4.247129163,6.500908782,0.4454514447,1715
23,Brain and central nervous system,8260,"UK, England",2,0,2009,4.487466743,6.851752066,0.4496315971,1820
23,Brain and central nervous system,8260,"UK, England",2,0,2010,4.392278453,6.568228425,0.4418257121,1758
23,Brain and central nervous system,8260,"UK, England",2,0,2011,4.404116528,6.880698148,0.4427656777,1856
23,Brain and central nervous system,8260,"UK, England",2,0,2012,4.073108927,6.421141225,0.406641578,1744
23,Brain and central nervous system,8260,"UK, England",2,0,2013,4.601502453,7.167462661,0.4689620767,1959
23,Brain and central nervous system,8260,"UK, England",2,0,2014,4.528615765,6.905460041,0.4539250112,1902
23,Brain and central nervous system,8260,"UK, England",2,0,2015,4.74206541,7.223392436,0.45785666,2005
23,Brain and central nervous system,8260,"UK, England",2,0,2016,4.769903166,7.172701599,0.4691482897,2006
23,Brain and central nervous system,8260,"UK, England",2,0,2017,4.467362854,6.947806549,0.4423907911,1955
23,Brain and central nervous system,8261,"UK, Wales",1,0,2003,6.308790025,8.833402038,0.6382585909,126
23,Brain and central nervous system,8261,"UK, Wales",1,0,2004,6.741887851,9.731812112,0.7208729393,140
23,Brain and central nervous system,8261,"UK, Wales",1,0,2005,6.868176013,10.22272415,0.6608607614,148
23,Brain and central nervous system,8261,"UK, Wales",1,0,2006,6.290827915,8.724564802,0.6169342547,127
23,Brain and central nervous system,8261,"UK, Wales",1,0,2007,7.303165657,10.69092667,0.7708299079,157
23,Brain and central nervous system,8261,"UK, Wales",1,0,2008,7.420712665,10.34206551,0.7120339876,153
23,Brain and central nervous system,8261,"UK, Wales",1,0,2009,6.220045708,9.476774509,0.6600625249,141
23,Brain and central nervous system,8261,"UK, Wales",1,0,2010,6.891522882,11.23375369,0.7265789894,168
23,Brain and central nervous system,8261,"UK, Wales",1,0,2011,6.745005153,11.29962279,0.7212656563,170
23,Brain and central nervous system,8261,"UK, Wales",1,0,2012,7.438659301,11.45743926,0.7613235802,173
23,Brain and central nervous system,8261,"UK, Wales",1,0,2013,6.496217977,10.22949037,0.6783595343,155
23,Brain and central nervous system,8261,"UK, Wales",1,0,2014,7.258323634,11.56893871,0.7333511391,176
23,Brain and central nervous system,8261,"UK, Wales",1,0,2015,6.911047493,10.6190444,0.6556019804,162
23,Brain and central nervous system,8261,"UK, Wales",1,0,2016,6.455192056,10.23442705,0.6625195614,157
23,Brain and central nervous system,8261,"UK, Wales",1,0,2017,6.602965094,11.03752759,0.6821179318,170
23,Brain and central nervous system,8261,"UK, Wales",2,0,2003,5.130709712,8.40326682,0.5738376355,127
23,Brain and central nervous system,8261,"UK, Wales",2,0,2004,3.673895391,5.925570879,0.3672946625,90
23,Brain and central nervous system,8261,"UK, Wales",2,0,2005,5.499631464,7.492340068,0.5101271519,114
23,Brain and central nervous system,8261,"UK, Wales",2,0,2006,5.968905689,8.692765005,0.5596244424,133
23,Brain and central nervous system,8261,"UK, Wales",2,0,2007,3.542903105,5.592535656,0.3716163684,86
23,Brain and central nervous system,8261,"UK, Wales",2,0,2008,5.101744305,7.500944084,0.5158228009,116
23,Brain and central nervous system,8261,"UK, Wales",2,0,2009,4.485062763,7.027615304,0.4424288539,109
23,Brain and central nervous system,8261,"UK, Wales",2,0,2010,4.439921141,7.333651554,0.4704159367,114
23,Brain and central nervous system,8261,"UK, Wales",2,0,2011,5.257177755,8.273033183,0.4833242531,129
23,Brain and central nervous system,8261,"UK, Wales",2,0,2012,4.21487435,6.329393126,0.4382631043,99
23,Brain and central nervous system,8261,"UK, Wales",2,0,2013,4.665381846,7.976084508,0.5303751362,125
23,Brain and central nervous system,8261,"UK, Wales",2,0,2014,5.212124329,7.958128783,0.5053129663,125
23,Brain and central nervous system,8261,"UK, Wales",2,0,2015,4.317754098,7.435534866,0.4624558955,117
23,Brain and central nervous system,8261,"UK, Wales",2,0,2016,4.350110657,8.232474961,0.432269723,130
23,Brain and central nervous system,8261,"UK, Wales",2,0,2017,4.921123257,7.823516608,0.5213534458,124
23,Brain and central nervous system,8262,"UK, Scotland",1,0,1978,5.608285048,6.41427304,0.5676637617,160
23,Brain and central nervous system,8262,"UK, Scotland",1,0,1979,5.923183099,6.989464788,0.6276551664,174
23,Brain and central nervous system,8262,"UK, Scotland",1,0,1980,6.086163685,7.257069595,0.6216089822,180
23,Brain and central nervous system,8262,"UK, Scotland",1,0,1981,5.237025243,6.453267919,0.5852485777,161
23,Brain and central nervous system,8262,"UK, Scotland",1,0,1982,5.649171402,6.593402175,0.582224916,164
23,Brain and central nervous system,8262,"UK, Scotland",1,0,1983,5.691599767,6.696045904,0.5979673915,166
23,Brain and central nervous system,8262,"UK, Scotland",1,0,1984,6.273454952,7.314245443,0.6534139588,181
23,Brain and central nervous system,8262,"UK, Scotland",1,0,1985,6.260413627,7.572340145,0.6699924592,187
23,Brain and central nervous system,8262,"UK, Scotland",1,0,1986,5.563694011,6.701021926,0.5539613048,165
23,Brain and central nervous system,8262,"UK, Scotland",1,0,1987,5.697923768,6.760601009,0.5841534556,166
23,Brain and central nervous system,8262,"UK, Scotland",1,0,1988,5.909334705,6.995813558,0.5975401043,171
23,Brain and central nervous system,8262,"UK, Scotland",1,0,1989,5.307340918,6.344229718,0.5222305674,155
23,Brain and central nervous system,8262,"UK, Scotland",1,0,1990,6.137582403,7.692732618,0.6713436736,188
23,Brain and central nervous system,8262,"UK, Scotland",1,0,1991,6.638377265,8.140674121,0.6949056362,199
23,Brain and central nervous system,8262,"UK, Scotland",1,0,1992,6.406826278,8.09725871,0.7082481707,198
23,Brain and central nervous system,8262,"UK, Scotland",1,0,1993,5.922987161,7.719267005,0.6299260977,189
23,Brain and central nervous system,8262,"UK, Scotland",1,0,1994,6.460216694,8.070623664,0.6520104412,198
23,Brain and central nervous system,8262,"UK, Scotland",1,0,1995,5.451110018,7.133094993,0.5575624813,175
23,Brain and central nervous system,8262,"UK, Scotland",1,0,1996,6.469754837,8.459268825,0.6811974273,207
23,Brain and central nervous system,8262,"UK, Scotland",1,0,1997,5.709853344,7.615703417,0.6395371289,186
23,Brain and central nervous system,8262,"UK, Scotland",1,0,1998,5.8295944,7.667104963,0.5975971683,187
23,Brain and central nervous system,8262,"UK, Scotland",1,0,1999,6.729310935,8.865048111,0.6948791295,216
23,Brain and central nervous system,8262,"UK, Scotland",1,0,2000,6.810764402,9.334165595,0.7120038027,227
23,Brain and central nervous system,8262,"UK, Scotland",1,0,2001,6.693610735,9.286146015,0.7515750558,226
23,Brain and central nervous system,8262,"UK, Scotland",1,0,2002,6.705097289,8.909351658,0.692577726,217
23,Brain and central nervous system,8262,"UK, Scotland",1,0,2003,6.612977043,8.818324067,0.6484766337,215
23,Brain and central nervous system,8262,"UK, Scotland",1,0,2004,6.193020205,9.196424594,0.6552639606,225
23,Brain and central nervous system,8262,"UK, Scotland",1,0,2005,6.305348002,8.450880476,0.6313118834,208
23,Brain and central nervous system,8262,"UK, Scotland",1,0,2006,6.1421454,9.211678307,0.6609324326,228
23,Brain and central nervous system,8262,"UK, Scotland",1,0,2007,5.975895688,8.611856804,0.6541494221,215
23,Brain and central nervous system,8262,"UK, Scotland",1,0,2008,6.412956993,9.621103453,0.6626135902,242
23,Brain and central nervous system,8262,"UK, Scotland",1,0,2009,6.014823749,8.688886519,0.6191346755,220
23,Brain and central nervous system,8262,"UK, Scotland",1,0,2010,5.754445082,8.711960226,0.638366811,222
23,Brain and central nervous system,8262,"UK, Scotland",1,0,2011,6.221162525,9.220713535,0.649770469,237
23,Brain and central nervous system,8262,"UK, Scotland",1,0,2012,6.351078443,10.01109757,0.6785649414,258
23,Brain and central nervous system,8262,"UK, Scotland",1,0,2013,6.098007261,9.278833589,0.6472483893,240
23,Brain and central nervous system,8262,"UK, Scotland",1,0,2014,6.756529169,10.20592868,0.6994082053,265
23,Brain and central nervous system,8262,"UK, Scotland",1,0,2015,5.775765619,9.117135656,0.6073175504,238
23,Brain and central nervous system,8262,"UK, Scotland",1,0,2016,6.010816488,9.05802962,0.6106792599,238
23,Brain and central nervous system,8262,"UK, Scotland",1,0,2017,6.189659876,9.84736583,0.6424070864,260
23,Brain and central nervous system,8262,"UK, Scotland",1,1,1956,4.055371387,4.497689823,0.3972816076,110
23,Brain and central nervous system,8262,"UK, Scotland",1,1,1957,3.325024703,3.676320412,0.3370495975,90
23,Brain and central nervous system,8262,"UK, Scotland",1,1,1958,3.984939525,4.432696218,0.3877549764,109
23,Brain and central nervous system,8262,"UK, Scotland",1,1,1959,4.299598912,4.731861199,0.3996215857,117
23,Brain and central nervous system,8262,"UK, Scotland",1,1,1960,4.243717114,4.795100133,0.4023598065,119
23,Brain and central nervous system,8262,"UK, Scotland",1,1,1961,3.91136552,4.305142029,0.3771630616,107
23,Brain and central nervous system,8262,"UK, Scotland",1,1,1962,4.371946262,4.93025493,0.4529780229,123
23,Brain and central nervous system,8262,"UK, Scotland",1,1,1963,4.058149393,4.72037763,0.4237429372,118
23,Brain and central nervous system,8262,"UK, Scotland",1,1,1964,3.874129468,4.478029667,0.4041830724,112
23,Brain and central nervous system,8262,"UK, Scotland",1,1,1965,3.751548729,4.398064851,0.3793284713,110
23,Brain and central nervous system,8262,"UK, Scotland",1,1,1966,3.410274829,3.965869487,0.3518210467,99
23,Brain and central nervous system,8262,"UK, Scotland",1,1,1967,3.697736327,4.366637289,0.4015049694,109
23,Brain and central nervous system,8262,"UK, Scotland",1,1,1968,4.275539687,4.804420066,0.4217413879,120
23,Brain and central nervous system,8262,"UK, Scotland",1,1,1969,4.303139218,4.874540515,0.4380331575,122
23,Brain and central nervous system,8262,"UK, Scotland",1,1,1970,3.982869155,4.347999521,0.3620850935,109
23,Brain and central nervous system,8262,"UK, Scotland",1,1,1971,4.559452372,5.225160544,0.47800534,131
23,Brain and central nervous system,8262,"UK, Scotland",1,1,1972,4.717239939,5.393096836,0.4831032252,135
23,Brain and central nervous system,8262,"UK, Scotland",1,1,1973,4.367848233,4.871620812,0.4362448474,122
23,Brain and central nervous system,8262,"UK, Scotland",1,1,1974,4.336207613,4.895522388,0.4349971082,123
23,Brain and central nervous system,8262,"UK, Scotland",1,1,1975,4.72095603,5.271565495,0.470601879,132
23,Brain and central nervous system,8262,"UK, Scotland",1,1,1976,4.817669921,5.432394647,0.4783291207,136
23,Brain and central nervous system,8262,"UK, Scotland",1,1,1977,5.106167629,5.718398848,0.5068049587,143
23,Brain and central nervous system,8262,"UK, Scotland",1,1,1978,4.371679051,5.0507075,0.458854097,126
23,Brain and central nervous system,8262,"UK, Scotland",1,1,1979,5.168872728,5.944968869,0.5595505143,148
23,Brain and central nervous system,8262,"UK, Scotland",1,1,1980,4.319838605,5.321936862,0.4589751041,132
23,Brain and central nervous system,8262,"UK, Scotland",1,1,1981,4.119903062,5.050383589,0.462135778,126
23,Brain and central nervous system,8262,"UK, Scotland",1,1,1982,4.754292291,5.548106709,0.504761328,138
23,Brain and central nervous system,8262,"UK, Scotland",1,1,1983,4.467715899,5.4455795,0.5112726289,135
23,Brain and central nervous system,8262,"UK, Scotland",1,1,1984,4.575385375,5.738247806,0.5193808894,142
23,Brain and central nervous system,8262,"UK, Scotland",1,1,1985,4.671936927,5.790613052,0.5068933955,143
23,Brain and central nervous system,8262,"UK, Scotland",1,1,1986,4.535689337,5.604491066,0.4967283178,138
23,Brain and central nervous system,8262,"UK, Scotland",1,1,1987,4.811769013,6.149703328,0.5312657405,151
23,Brain and central nervous system,8262,"UK, Scotland",1,1,1988,3.935814942,5.032076419,0.4507585745,123
23,Brain and central nervous system,8262,"UK, Scotland",1,1,1989,4.053106741,5.198175318,0.4056881405,127
23,Brain and central nervous system,8262,"UK, Scotland",1,1,1990,4.811802987,6.26057495,0.5652202605,153
23,Brain and central nervous system,8262,"UK, Scotland",1,1,1991,4.970203964,6.586173535,0.5787628878,161
23,Brain and central nervous system,8262,"UK, Scotland",1,1,1992,5.38756776,7.07487756,0.6201881265,173
23,Brain and central nervous system,8262,"UK, Scotland",1,1,1993,4.630200509,6.167245067,0.5089878983,151
23,Brain and central nervous system,8262,"UK, Scotland",1,1,1994,5.219115881,7.051605524,0.5803511596,173
23,Brain and central nervous system,8262,"UK, Scotland",1,1,1995,5.028835457,6.684729022,0.5208501262,164
23,Brain and central nervous system,8262,"UK, Scotland",1,1,1996,5.044664261,6.74289544,0.5739497016,165
23,Brain and central nervous system,8262,"UK, Scotland",1,1,1997,4.728205405,6.510198082,0.5487856787,159
23,Brain and central nervous system,8262,"UK, Scotland",1,1,1998,4.251298288,6.273085879,0.4774854355,153
23,Brain and central nervous system,8262,"UK, Scotland",1,1,1999,5.200261018,7.510665761,0.6033509741,183
23,Brain and central nervous system,8262,"UK, Scotland",1,1,2000,5.746562858,8.429532807,0.6581602555,205
23,Brain and central nervous system,8262,"UK, Scotland",1,1,2001,5.29723745,7.642580349,0.589761174,186
23,Brain and central nervous system,8262,"UK, Scotland",1,1,2002,5.09525583,7.308131775,0.5855043523,178
23,Brain and central nervous system,8262,"UK, Scotland",1,1,2003,5.352402814,7.669891165,0.5640702475,187
23,Brain and central nervous system,8262,"UK, Scotland",1,1,2004,5.262528562,8.011107646,0.5970268963,196
23,Brain and central nervous system,8262,"UK, Scotland",1,1,2005,5.733198505,8.491509709,0.634638622,209
23,Brain and central nervous system,8262,"UK, Scotland",1,1,2006,5.979996787,8.848059427,0.6444873181,219
23,Brain and central nervous system,8262,"UK, Scotland",1,1,2007,5.190931936,7.890864142,0.608148621,197
23,Brain and central nervous system,8262,"UK, Scotland",1,1,2008,5.088028849,7.673028787,0.5611687255,193
23,Brain and central nervous system,8262,"UK, Scotland",1,1,2009,4.77564029,7.898987745,0.5455040026,200
23,Brain and central nervous system,8262,"UK, Scotland",1,1,2010,5.192175665,8.241043457,0.584180702,210
23,Brain and central nervous system,8262,"UK, Scotland",1,1,2011,4.63763826,7.469945143,0.5356432086,192
23,Brain and central nervous system,8262,"UK, Scotland",1,1,2012,5.362231384,8.885819164,0.6073895737,229
23,Brain and central nervous system,8262,"UK, Scotland",1,1,2013,5.444906991,9.201509976,0.6148729366,238
23,Brain and central nervous system,8262,"UK, Scotland",1,1,2014,5.042356031,8.126230007,0.5740911017,211
23,Brain and central nervous system,8262,"UK, Scotland",1,1,2015,5.512652606,9.232057534,0.6005407147,241
23,Brain and central nervous system,8262,"UK, Scotland",1,1,2016,5.341389506,8.86773488,0.582467706,233
23,Brain and central nervous system,8262,"UK, Scotland",1,1,2017,4.92245983,8.900503731,0.5412570432,235
23,Brain and central nervous system,8262,"UK, Scotland",1,1,2018,5.027724433,8.570076991,0.564727511,227
23,Brain and central nervous system,8262,"UK, Scotland",1,1,2019,4.570892426,7.923385742,0.4874129544,211
23,Brain and central nervous system,8262,"UK, Scotland",1,1,2020,4.177159486,7.585421421,0.4591033925,202
23,Brain and central nervous system,8262,"UK, Scotland",2,0,1978,3.943669932,4.76729102,0.3959183718,128
23,Brain and central nervous system,8262,"UK, Scotland",2,0,1979,3.173973753,4.257641065,0.3473449381,114
23,Brain and central nervous system,8262,"UK, Scotland",2,0,1980,4.572409185,5.836226505,0.4713656683,156
23,Brain and central nervous system,8262,"UK, Scotland",2,0,1981,4.056549919,5.139014054,0.4143167432,138
23,Brain and central nervous system,8262,"UK, Scotland",2,0,1982,3.992130486,5.416096265,0.427392401,145
23,Brain and central nervous system,8262,"UK, Scotland",2,0,1983,4.527313287,5.545054505,0.4368001676,148
23,Brain and central nervous system,8262,"UK, Scotland",2,0,1984,4.77704853,5.967892737,0.4811599855,159
23,Brain and central nervous system,8262,"UK, Scotland",2,0,1985,4.74116826,5.905861323,0.4768077368,157
23,Brain and central nervous system,8262,"UK, Scotland",2,0,1986,3.444921897,4.227294052,0.3301688715,112
23,Brain and central nervous system,8262,"UK, Scotland",2,0,1987,4.023896752,5.484909501,0.4209470721,145
23,Brain and central nervous system,8262,"UK, Scotland",2,0,1988,4.753761045,6.114417074,0.4816984433,161
23,Brain and central nervous system,8262,"UK, Scotland",2,0,1989,3.654259669,5.047390442,0.3804858494,133
23,Brain and central nervous system,8262,"UK, Scotland",2,0,1990,5.022970148,5.876988934,0.4495082934,155
23,Brain and central nervous system,8262,"UK, Scotland",2,0,1991,4.014505029,5.040141124,0.3989784113,133
23,Brain and central nervous system,8262,"UK, Scotland",2,0,1992,4.408941629,5.7946907,0.4311889175,153
23,Brain and central nervous system,8262,"UK, Scotland",2,0,1993,5.12018702,6.883403094,0.5343109862,182
23,Brain and central nervous system,8262,"UK, Scotland",2,0,1994,4.52634483,6.002564114,0.4562456199,159
23,Brain and central nervous system,8262,"UK, Scotland",2,0,1995,3.998301472,5.697388672,0.4485968847,151
23,Brain and central nervous system,8262,"UK, Scotland",2,0,1996,4.674227772,6.313393846,0.4969084853,167
23,Brain and central nervous system,8262,"UK, Scotland",2,0,1997,3.630394673,5.831084832,0.3788451984,154
23,Brain and central nervous system,8262,"UK, Scotland",2,0,1998,3.87389924,5.837581058,0.4143091324,154
23,Brain and central nervous system,8262,"UK, Scotland",2,0,1999,4.006091916,6.109094773,0.4216108297,161
23,Brain and central nervous system,8262,"UK, Scotland",2,0,2000,4.887169257,7.259558482,0.4971172884,191
23,Brain and central nervous system,8262,"UK, Scotland",2,0,2001,4.040939224,6.120586192,0.4334944419,161
23,Brain and central nervous system,8262,"UK, Scotland",2,0,2002,3.688184309,5.968771539,0.3626514333,157
23,Brain and central nervous system,8262,"UK, Scotland",2,0,2003,3.340802215,5.436445857,0.3418387,143
23,Brain and central nervous system,8262,"UK, Scotland",2,0,2004,4.235942819,6.217545078,0.4200345362,164
23,Brain and central nervous system,8262,"UK, Scotland",2,0,2005,3.55093843,5.511684393,0.4067726981,146
23,Brain and central nervous system,8262,"UK, Scotland",2,0,2006,4.072647368,5.944361529,0.4400568717,158
23,Brain and central nervous system,8262,"UK, Scotland",2,0,2007,4.568641216,6.508463621,0.4758430756,174
23,Brain and central nervous system,8262,"UK, Scotland",2,0,2008,4.333993549,6.734643153,0.4492681594,181
23,Brain and central nervous system,8262,"UK, Scotland",2,0,2009,4.112597655,6.703877508,0.4527208898,181
23,Brain and central nervous system,8262,"UK, Scotland",2,0,2010,4.060499112,6.448097056,0.4426956132,175
23,Brain and central nervous system,8262,"UK, Scotland",2,0,2011,4.204733187,6.374560375,0.4280126063,174
23,Brain and central nervous system,8262,"UK, Scotland",2,0,2012,4.022735661,6.248949373,0.3935546576,171
23,Brain and central nervous system,8262,"UK, Scotland",2,0,2013,4.712470056,7.515044682,0.4805645222,206
23,Brain and central nervous system,8262,"UK, Scotland",2,0,2014,4.569815658,6.870054197,0.4434221123,189
23,Brain and central nervous system,8262,"UK, Scotland",2,0,2015,3.869052183,6.624360052,0.4038281817,183
23,Brain and central nervous system,8262,"UK, Scotland",2,0,2016,4.587960987,6.481355122,0.420256546,180
23,Brain and central nervous system,8262,"UK, Scotland",2,0,2017,4.098458162,7.110791884,0.4374743687,198
23,Brain and central nervous system,8262,"UK, Scotland",2,1,1956,2.526480948,2.879581152,0.2438278797,77
23,Brain and central nervous system,8262,"UK, Scotland",2,1,1957,2.890624174,3.324865511,0.2639333911,89
23,Brain and central nervous system,8262,"UK, Scotland",2,1,1958,2.445278537,2.796733415,0.2287948893,75
23,Brain and central nervous system,8262,"UK, Scotland",2,1,1959,2.647733218,3.08538716,0.2456277434,83
23,Brain and central nervous system,8262,"UK, Scotland",2,1,1960,2.147836866,2.671118531,0.2247244198,72
23,Brain and central nervous system,8262,"UK, Scotland",2,1,1961,2.72820394,3.186719532,0.2571788828,86
23,Brain and central nervous system,8262,"UK, Scotland",2,1,1962,3.515336522,4.180694809,0.3478058973,113
23,Brain and central nervous system,8262,"UK, Scotland",2,1,1963,2.667400829,2.956939568,0.2370278719,80
23,Brain and central nervous system,8262,"UK, Scotland",2,1,1964,2.842214472,3.435156798,0.2727251887,93
23,Brain and central nervous system,8262,"UK, Scotland",2,1,1965,2.94282065,3.617838157,0.2848529655,98
23,Brain and central nervous system,8262,"UK, Scotland",2,1,1966,2.553101376,3.180120549,0.2652234625,86
23,Brain and central nervous system,8262,"UK, Scotland",2,1,1967,2.867361183,3.59006625,0.2965873411,97
23,Brain and central nervous system,8262,"UK, Scotland",2,1,1968,2.529848093,2.923327413,0.2299578055,79
23,Brain and central nervous system,8262,"UK, Scotland",2,1,1969,2.902407715,3.40035482,0.2816463705,92
23,Brain and central nervous system,8262,"UK, Scotland",2,1,1970,2.659793426,3.287772442,0.2747615111,89
23,Brain and central nervous system,8262,"UK, Scotland",2,1,1971,3.348306234,4.132688831,0.3445051684,112
23,Brain and central nervous system,8262,"UK, Scotland",2,1,1972,3.033825474,3.509420022,0.2916469914,95
23,Brain and central nervous system,8262,"UK, Scotland",2,1,1973,2.871192147,3.323976954,0.2833200908,90
23,Brain and central nervous system,8262,"UK, Scotland",2,1,1974,3.243822339,3.684869924,0.3057860771,100
23,Brain and central nervous system,8262,"UK, Scotland",2,1,1975,3.101157997,3.737556896,0.3126799437,101
23,Brain and central nervous system,8262,"UK, Scotland",2,1,1976,2.797716456,3.442404501,0.2888716188,93
23,Brain and central nervous system,8262,"UK, Scotland",2,1,1977,3.669427797,4.453351147,0.3557586179,120
23,Brain and central nervous system,8262,"UK, Scotland",2,1,1978,3.190063601,4.022196566,0.3532990999,108
23,Brain and central nervous system,8262,"UK, Scotland",2,1,1979,2.838095806,3.548218421,0.2924956757,95
23,Brain and central nervous system,8262,"UK, Scotland",2,1,1980,3.355694302,4.339530882,0.3733997718,116
23,Brain and central nervous system,8262,"UK, Scotland",2,1,1981,2.860459672,3.872880157,0.3096683716,104
23,Brain and central nervous system,8262,"UK, Scotland",2,1,1982,3.177585572,4.407581788,0.3510235567,118
23,Brain and central nervous system,8262,"UK, Scotland",2,1,1983,3.349177519,4.458523554,0.3714113222,119
23,Brain and central nervous system,8262,"UK, Scotland",2,1,1984,3.642207693,4.804341323,0.3872419127,128
23,Brain and central nervous system,8262,"UK, Scotland",2,1,1985,3.201950219,4.062630719,0.3266820014,108
23,Brain and central nervous system,8262,"UK, Scotland",2,1,1986,2.830199948,3.623394902,0.2933472239,96
23,Brain and central nervous system,8262,"UK, Scotland",2,1,1987,3.07178977,4.19879279,0.3219143742,111
23,Brain and central nervous system,8262,"UK, Scotland",2,1,1988,3.278605142,4.51935175,0.3658140878,119
23,Brain and central nervous system,8262,"UK, Scotland",2,1,1989,2.853412455,4.174533448,0.3089603457,110
23,Brain and central nervous system,8262,"UK, Scotland",2,1,1990,2.98860474,4.360346629,0.3326861878,115
23,Brain and central nervous system,8262,"UK, Scotland",2,1,1991,2.970086105,3.979058782,0.3253721866,105
23,Brain and central nervous system,8262,"UK, Scotland",2,1,1992,3.350001836,4.772098223,0.3790070738,126
23,Brain and central nervous system,8262,"UK, Scotland",2,1,1993,3.679973414,5.332746353,0.4001262628,141
23,Brain and central nervous system,8262,"UK, Scotland",2,1,1994,3.647393698,5.209772627,0.4032538584,138
23,Brain and central nervous system,8262,"UK, Scotland",2,1,1995,3.239225675,5.055960808,0.386774567,134
23,Brain and central nervous system,8262,"UK, Scotland",2,1,1996,2.865187559,3.969499125,0.3208856213,105
23,Brain and central nervous system,8262,"UK, Scotland",2,1,1997,3.735584896,5.71749227,0.3871147264,151
23,Brain and central nervous system,8262,"UK, Scotland",2,1,1998,2.915290414,4.776202684,0.3384061234,126
23,Brain and central nervous system,8262,"UK, Scotland",2,1,1999,3.311994806,5.691703204,0.3691363105,150
23,Brain and central nervous system,8262,"UK, Scotland",2,1,2000,2.828423494,4.865044428,0.3324597944,128
23,Brain and central nervous system,8262,"UK, Scotland",2,1,2001,3.664337987,5.816457686,0.4292521394,153
23,Brain and central nervous system,8262,"UK, Scotland",2,1,2002,3.776345999,6.120842152,0.3938763346,161
23,Brain and central nervous system,8262,"UK, Scotland",2,1,2003,2.996407015,5.474462961,0.3239396736,144
23,Brain and central nervous system,8262,"UK, Scotland",2,1,2004,3.599705858,5.648867175,0.3620046387,149
23,Brain and central nervous system,8262,"UK, Scotland",2,1,2005,3.635898263,5.700440708,0.4136136419,151
23,Brain and central nervous system,8262,"UK, Scotland",2,1,2006,2.86929331,4.740440206,0.3402854779,126
23,Brain and central nervous system,8262,"UK, Scotland",2,1,2007,2.936005179,5.348909758,0.3445093472,143
23,Brain and central nervous system,8262,"UK, Scotland",2,1,2008,3.336445951,5.804443823,0.3818314993,156
23,Brain and central nervous system,8262,"UK, Scotland",2,1,2009,3.49659444,5.518661595,0.3764676733,149
23,Brain and central nervous system,8262,"UK, Scotland",2,1,2010,2.969421468,5.711171678,0.3595483302,155
23,Brain and central nervous system,8262,"UK, Scotland",2,1,2011,3.460919918,5.641852286,0.3670965831,154
23,Brain and central nervous system,8262,"UK, Scotland",2,1,2012,3.083035894,5.773883046,0.3300758977,158
23,Brain and central nervous system,8262,"UK, Scotland",2,1,2013,3.155101001,5.800447109,0.3294049303,159
23,Brain and central nervous system,8262,"UK, Scotland",2,1,2014,3.746430288,6.542908759,0.417165858,180
23,Brain and central nervous system,8262,"UK, Scotland",2,1,2015,3.212299623,6.117578409,0.3647497683,169
23,Brain and central nervous system,8262,"UK, Scotland",2,1,2016,3.039898086,5.617174439,0.3480897466,156
23,Brain and central nervous system,8262,"UK, Scotland",2,1,2017,3.183543022,5.63835518,0.3204582055,157
23,Brain and central nervous system,8262,"UK, Scotland",2,1,2018,3.662469648,6.919177199,0.4127725186,193
23,Brain and central nervous system,8262,"UK, Scotland",2,1,2019,3.484134227,6.570731605,0.4039317464,184
23,Brain and central nervous system,8262,"UK, Scotland",2,1,2020,2.915886991,5.570837665,0.3004832854,156
23,Brain and central nervous system,8263,"UK, Northern Ireland",1,0,1993,7.154623091,7.642080049,0.6704787682,61
23,Brain and central nervous system,8263,"UK, Northern Ireland",1,0,1994,6.060628294,6.983013819,0.5626853134,56
23,Brain and central nervous system,8263,"UK, Northern Ireland",1,0,1995,6.33472796,6.840676904,0.6533385871,55
23,Brain and central nervous system,8263,"UK, Northern Ireland",1,0,1996,7.961640365,9.008486488,0.9002235917,73
23,Brain and central nervous system,8263,"UK, Northern Ireland",1,0,1997,5.99123899,7.234656703,0.6278667639,59
23,Brain and central nervous system,8263,"UK, Northern Ireland",1,0,1998,6.628769653,7.695417806,0.6588709585,63
23,Brain and central nervous system,8263,"UK, Northern Ireland",1,0,1999,5.717611254,6.71962546,0.5965959767,55
23,Brain and central nervous system,8263,"UK, Northern Ireland",1,0,2000,6.292303735,7.312810337,0.5782448103,60
23,Brain and central nervous system,8263,"UK, Northern Ireland",1,0,2001,6.675963387,8.61365106,0.7227121335,71
23,Brain and central nervous system,8263,"UK, Northern Ireland",1,0,2002,7.843389852,9.409085316,0.7751763683,78
23,Brain and central nervous system,8263,"UK, Northern Ireland",1,0,2003,6.6814522,8.16224625,0.6831655183,68
23,Brain and central nervous system,8263,"UK, Northern Ireland",1,0,2004,4.840299578,5.964800519,0.4951870729,50
23,Brain and central nervous system,8263,"UK, Northern Ireland",1,0,2005,7.069130605,8.872579117,0.6630798342,75
23,Brain and central nervous system,8263,"UK, Northern Ireland",1,0,2006,7.074064466,8.908581543,0.6937105207,76
23,Brain and central nervous system,8263,"UK, Northern Ireland",1,0,2007,7.740329694,9.277987048,0.7533551182,80
23,Brain and central nervous system,8263,"UK, Northern Ireland",1,0,2008,7.418930888,9.07005527,0.7526348678,79
23,Brain and central nervous system,8263,"UK, Northern Ireland",1,0,2009,6.724139409,8.764321698,0.7117194473,77
23,Brain and central nervous system,8263,"UK, Northern Ireland",1,0,2010,7.860313517,10.06178388,0.7432209569,89
23,Brain and central nervous system,8263,"UK, Northern Ireland",1,0,2011,6.263952649,8.096055197,0.6507138375,72
23,Brain and central nervous system,8263,"UK, Northern Ireland",1,0,2012,6.246726842,8.719487384,0.6958352174,78
23,Brain and central nervous system,8263,"UK, Northern Ireland",1,0,2013,6.397978327,8.805711451,0.6373243816,79
23,Brain and central nervous system,8263,"UK, Northern Ireland",1,0,2014,7.734269373,10.74541021,0.8404313028,97
23,Brain and central nervous system,8263,"UK, Northern Ireland",1,0,2015,5.733524287,8.359649731,0.6169813604,76
23,Brain and central nervous system,8263,"UK, Northern Ireland",1,0,2016,5.521375698,8.631870395,0.6007235133,79
23,Brain and central nervous system,8263,"UK, Northern Ireland",1,0,2017,6.235789076,8.258643322,0.5673513705,76
23,Brain and central nervous system,8263,"UK, Northern Ireland",1,1,1956,3.259570972,3.524746659,0.3388127114,24
23,Brain and central nervous system,8263,"UK, Northern Ireland",1,1,1957,4.898750385,4.990459416,0.4690163497,34
23,Brain and central nervous system,8263,"UK, Northern Ireland",1,1,1958,4.185751312,4.388531305,0.429401129,30
23,Brain and central nervous system,8263,"UK, Northern Ireland",1,1,1959,3.846848188,4.083418405,0.3527045229,28
23,Brain and central nervous system,8263,"UK, Northern Ireland",1,1,1960,4.116290486,4.480416245,0.4035765047,31
23,Brain and central nervous system,8263,"UK, Northern Ireland",1,1,1961,3.92234735,4.168463418,0.3997011811,29
23,Brain and central nervous system,8263,"UK, Northern Ireland",1,1,1962,4.054715999,4.288777698,0.4247553209,30
23,Brain and central nervous system,8263,"UK, Northern Ireland",1,1,1963,4.066716397,4.397163121,0.4326067136,31
23,Brain and central nervous system,8263,"UK, Northern Ireland",1,1,1964,2.241620186,2.53164557,0.2619063754,18
23,Brain and central nervous system,8263,"UK, Northern Ireland",1,1,1965,3.026852356,3.210945135,0.273466467,23
23,Brain and central nervous system,8263,"UK, Northern Ireland",1,1,1966,5.351614134,5.693653659,0.5659302756,41
23,Brain and central nervous system,8263,"UK, Northern Ireland",1,1,1967,3.031520561,3.163686382,0.2850573436,23
23,Brain and central nervous system,8263,"UK, Northern Ireland",1,1,1968,4.762313029,5.050505051,0.4681964668,37
23,Brain and central nervous system,8263,"UK, Northern Ireland",1,1,1969,4.994249854,5.150447276,0.478147434,38
23,Brain and central nervous system,8263,"UK, Northern Ireland",1,1,1970,3.451467643,3.624161074,0.3814098787,27
23,Brain and central nervous system,8263,"UK, Northern Ireland",1,1,1971,4.026418306,4.105960265,0.3661420994,31
23,Brain and central nervous system,8263,"UK, Northern Ireland",1,1,1972,3.6879176,3.922594142,0.4412100583,30
23,Brain and central nervous system,8263,"UK, Northern Ireland",1,1,1973,4.946626006,5.093378608,0.4709083878,39
23,Brain and central nervous system,8263,"UK, Northern Ireland",1,1,1974,4.209325882,4.308093995,0.4139126296,33
23,Brain and central nervous system,8263,"UK, Northern Ireland",1,1,1975,4.832598652,5.128205128,0.456292368,39
23,Brain and central nervous system,8263,"UK, Northern Ireland",1,1,1976,5.139298949,5.383403361,0.5339640099,41
23,Brain and central nervous system,8263,"UK, Northern Ireland",1,1,1977,6.049056203,6.175272632,0.6070226711,47
23,Brain and central nervous system,8263,"UK, Northern Ireland",1,1,1978,4.871670858,4.725029531,0.4284212148,36
23,Brain and central nervous system,8263,"UK, Northern Ireland",1,1,1979,4.720042586,4.978383336,0.5103902092,38
23,Brain and central nervous system,8263,"UK, Northern Ireland",1,1,1980,4.170872263,4.321068482,0.424511713,33
23,Brain and central nervous system,8263,"UK, Northern Ireland",1,1,1981,4.751341614,5.02246894,0.5400395957,38
23,Brain and central nervous system,8263,"UK, Northern Ireland",1,1,1982,2.548173578,2.907360909,0.3363030516,22
23,Brain and central nervous system,8263,"UK, Northern Ireland",1,1,1983,7.650386505,8.56502833,0.8442084311,65
23,Brain and central nervous system,8263,"UK, Northern Ireland",1,1,1984,3.844104193,4.466044923,0.4584509255,34
23,Brain and central nervous system,8263,"UK, Northern Ireland",1,1,1985,4.674410811,5.229441757,0.5786101747,40
23,Brain and central nervous system,8263,"UK, Northern Ireland",1,1,1986,4.496440187,4.947272491,0.5180389342,38
23,Brain and central nervous system,8263,"UK, Northern Ireland",1,1,1987,4.475576217,4.917820629,0.4671911328,38
23,Brain and central nervous system,8263,"UK, Northern Ireland",1,1,1988,2.074997705,2.455097558,0.2484831283,19
23,Brain and central nervous system,8263,"UK, Northern Ireland",1,1,1989,4.823782218,5.413068694,0.468640934,42
23,Brain and central nervous system,8263,"UK, Northern Ireland",1,1,1990,3.711683118,4.11311054,0.402100705,32
23,Brain and central nervous system,8263,"UK, Northern Ireland",1,1,1991,4.109236813,4.597114034,0.4699237228,36
23,Brain and central nervous system,8263,"UK, Northern Ireland",1,1,1992,5.004482697,5.800025218,0.5956723322,46
23,Brain and central nervous system,8263,"UK, Northern Ireland",1,1,1993,4.95974462,5.371642723,0.512516271,43
23,Brain and central nervous system,8263,"UK, Northern Ireland",1,1,1994,4.5758932,5.091270334,0.4942067946,41
23,Brain and central nervous system,8263,"UK, Northern Ireland",1,1,1995,4.657367429,5.564486212,0.5131953064,45
23,Brain and central nervous system,8263,"UK, Northern Ireland",1,1,1996,5.168937242,5.880191106,0.6351570525,48
23,Brain and central nervous system,8263,"UK, Northern Ireland",1,1,1997,4.725386021,5.227327984,0.4778938664,43
23,Brain and central nervous system,8263,"UK, Northern Ireland",1,1,1998,5.319890682,6.163886875,0.5419252061,51
23,Brain and central nervous system,8263,"UK, Northern Ireland",1,1,1999,3.652648921,4.466441333,0.4099770839,37
23,Brain and central nervous system,8263,"UK, Northern Ireland",1,1,2000,4.200664386,4.927606253,0.4641168505,41
23,Brain and central nervous system,8263,"UK, Northern Ireland",1,1,2001,4.352421571,5.822211494,0.4931250263,48
23,Brain and central nervous system,8263,"UK, Northern Ireland",1,1,2002,4.963327484,6.273707375,0.518501856,52
23,Brain and central nervous system,8263,"UK, Northern Ireland",1,1,2003,4.669341486,6.363897251,0.5586917961,53
23,Brain and central nervous system,8263,"UK, Northern Ireland",1,1,2004,3.860992749,4.901427511,0.4497341541,41
23,Brain and central nervous system,8263,"UK, Northern Ireland",1,1,2005,3.756428414,5.330111577,0.4765662885,45
23,Brain and central nervous system,8263,"UK, Northern Ireland",1,1,2006,5.374336697,7.265023365,0.5496216072,62
23,Brain and central nervous system,8263,"UK, Northern Ireland",1,1,2007,5.08537839,6.728538283,0.5136824332,58
23,Brain and central nervous system,8263,"UK, Northern Ireland",1,1,2008,5.606131528,7.119350164,0.6071533149,62
23,Brain and central nervous system,8263,"UK, Northern Ireland",1,1,2009,5.401592247,7.056608799,0.6268453757,62
23,Brain and central nervous system,8263,"UK, Northern Ireland",1,1,2010,5.004071402,7.236593645,0.5540325643,64
23,Brain and central nervous system,8263,"UK, Northern Ireland",1,1,2011,5.485058828,7.533829142,0.4935317802,67
23,Brain and central nervous system,8263,"UK, Northern Ireland",1,1,2012,5.263474921,7.601604386,0.6526933429,68
23,Brain and central nervous system,8263,"UK, Northern Ireland",1,1,2013,5.225519748,7.802529134,0.5869688852,70
23,Brain and central nervous system,8263,"UK, Northern Ireland",1,1,2014,5.435724524,7.865197167,0.6248305205,71
23,Brain and central nervous system,8263,"UK, Northern Ireland",1,1,2015,5.412757831,7.699677384,0.544575382,70
23,Brain and central nervous system,8263,"UK, Northern Ireland",1,1,2016,4.678401665,7.429964391,0.5091564314,68
23,Brain and central nervous system,8263,"UK, Northern Ireland",1,1,2017,4.676887429,7.715311525,0.4709120855,71
23,Brain and central nervous system,8263,"UK, Northern Ireland",1,1,2018,4.661213805,8.135694826,0.5067003654,76
23,Brain and central nervous system,8263,"UK, Northern Ireland",1,1,2019,4.409975712,8.14823789,0.450641706,76
23,Brain and central nervous system,8263,"UK, Northern Ireland",1,1,2020,4.617941857,7.921597594,0.462574887,74
23,Brain and central nervous system,8263,"UK, Northern Ireland",1,1,2021,4.884572219,8.326092479,0.5342944368,78
23,Brain and central nervous system,8263,"UK, Northern Ireland",1,1,2022,4.648135777,8.617507157,0.5595166043,81
23,Brain and central nervous system,8263,"UK, Northern Ireland",2,0,1993,4.78895355,5.135309432,0.4344103633,43
23,Brain and central nervous system,8263,"UK, Northern Ireland",2,0,1994,6.326337275,7.12791398,0.577504057,60
23,Brain and central nervous system,8263,"UK, Northern Ireland",2,0,1995,2.212602624,2.958170289,0.1688788672,25
23,Brain and central nervous system,8263,"UK, Northern Ireland",2,0,1996,4.839202031,5.520293539,0.4497704646,47
23,Brain and central nervous system,8263,"UK, Northern Ireland",2,0,1997,4.867748276,6.076597853,0.5230589397,52
23,Brain and central nervous system,8263,"UK, Northern Ireland",2,0,1998,5.664353076,7.333255733,0.5704949924,63
23,Brain and central nervous system,8263,"UK, Northern Ireland",2,0,1999,2.693958304,3.137681463,0.2268627791,27
23,Brain and central nervous system,8263,"UK, Northern Ireland",2,0,2000,4.005689529,5.681383382,0.399718853,49
23,Brain and central nervous system,8263,"UK, Northern Ireland",2,0,2001,4.690219496,6.130250473,0.5151913027,53
23,Brain and central nervous system,8263,"UK, Northern Ireland",2,0,2002,4.445030539,5.756734228,0.4391616489,50
23,Brain and central nervous system,8263,"UK, Northern Ireland",2,0,2003,5.155673282,5.849831387,0.4902271577,51
23,Brain and central nervous system,8263,"UK, Northern Ireland",2,0,2004,4.599458606,5.594942172,0.4445732409,49
23,Brain and central nervous system,8263,"UK, Northern Ireland",2,0,2005,3.475005948,4.759573542,0.3355970957,42
23,Brain and central nervous system,8263,"UK, Northern Ireland",2,0,2006,4.583678124,6.17975445,0.5052122376,55
23,Brain and central nervous system,8263,"UK, Northern Ireland",2,0,2007,4.68272004,5.670276743,0.4272739863,51
23,Brain and central nervous system,8263,"UK, Northern Ireland",2,0,2008,3.706805445,5.395560665,0.3697004526,49
23,Brain and central nervous system,8263,"UK, Northern Ireland",2,0,2009,4.878500773,5.903116736,0.4797968591,54
23,Brain and central nervous system,8263,"UK, Northern Ireland",2,0,2010,3.826204038,5.541683237,0.3562988259,51
23,Brain and central nervous system,8263,"UK, Northern Ireland",2,0,2011,2.759985271,4.108125873,0.276168879,38
23,Brain and central nervous system,8263,"UK, Northern Ireland",2,0,2012,4.117672304,5.812163782,0.4525330571,54
23,Brain and central nervous system,8263,"UK, Northern Ireland",2,0,2013,4.941889446,7.398829055,0.5210720305,69
23,Brain and central nervous system,8263,"UK, Northern Ireland",2,0,2014,4.418784154,5.971505257,0.4722930151,56
23,Brain and central nervous system,8263,"UK, Northern Ireland",2,0,2015,3.877345474,5.941694996,0.4208294624,56
23,Brain and central nervous system,8263,"UK, Northern Ireland",2,0,2016,3.399849536,5.280254804,0.3265625491,50
23,Brain and central nervous system,8263,"UK, Northern Ireland",2,0,2017,4.253991476,6.732689099,0.4397563379,64
23,Brain and central nervous system,8263,"UK, Northern Ireland",2,1,1956,2.763669643,3.353360347,0.3235592354,24
23,Brain and central nervous system,8263,"UK, Northern Ireland",2,1,1957,2.731214611,3.067484663,0.2720147717,22
23,Brain and central nervous system,8263,"UK, Northern Ireland",2,1,1958,2.270591639,2.504522054,0.2054989626,18
23,Brain and central nervous system,8263,"UK, Northern Ireland",2,1,1959,3.3604799,3.601108033,0.3402543577,26
23,Brain and central nervous system,8263,"UK, Northern Ireland",2,1,1960,2.468776394,2.885011677,0.2374354643,21
23,Brain and central nervous system,8263,"UK, Northern Ireland",2,1,1961,2.58340873,2.8700287,0.234008486,21
23,Brain and central nervous system,8263,"UK, Northern Ireland",2,1,1962,3.379049178,3.804864791,0.3265148134,28
23,Brain and central nervous system,8263,"UK, Northern Ireland",2,1,1963,2.797445072,3.238866397,0.2878124746,24
23,Brain and central nervous system,8263,"UK, Northern Ireland",2,1,1964,3.119783523,3.480589023,0.3287395588,26
23,Brain and central nervous system,8263,"UK, Northern Ireland",2,1,1965,2.462694851,2.789956158,0.2583467613,21
23,Brain and central nervous system,8263,"UK, Northern Ireland",2,1,1966,2.910800991,3.166644676,0.2700838475,24
23,Brain and central nervous system,8263,"UK, Northern Ireland",2,1,1967,1.872249923,2.22513089,0.1961752063,17
23,Brain and central nervous system,8263,"UK, Northern Ireland",2,1,1968,2.179655342,2.339485313,0.1852163112,18
23,Brain and central nervous system,8263,"UK, Northern Ireland",2,1,1969,3.069481404,3.614302311,0.3349229336,28
23,Brain and central nervous system,8263,"UK, Northern Ireland",2,1,1970,2.467744828,2.952503209,0.2797289404,23
23,Brain and central nervous system,8263,"UK, Northern Ireland",2,1,1971,2.736247648,2.952503209,0.2861497346,23
23,Brain and central nervous system,8263,"UK, Northern Ireland",2,1,1972,3.286480401,3.568697425,0.302593453,28
23,Brain and central nervous system,8263,"UK, Northern Ireland",2,1,1973,2.78214309,3.199385718,0.2932017023,25
23,Brain and central nervous system,8263,"UK, Northern Ireland",2,1,1974,2.929219447,3.329491612,0.2871919844,26
23,Brain and central nervous system,8263,"UK, Northern Ireland",2,1,1975,2.552356347,2.961246298,0.2832054312,23
23,Brain and central nervous system,8263,"UK, Northern Ireland",2,1,1976,3.376259551,3.99227302,0.3953473886,31
23,Brain and central nervous system,8263,"UK, Northern Ireland",2,1,1977,3.24112773,3.606853021,0.3251569907,28
23,Brain and central nervous system,8263,"UK, Northern Ireland",2,1,1978,3.362273629,3.604067448,0.3030092951,28
23,Brain and central nervous system,8263,"UK, Northern Ireland",2,1,1979,2.634951514,2.948717949,0.2678978142,23
23,Brain and central nervous system,8263,"UK, Northern Ireland",2,1,1980,3.057610078,3.573251659,0.3236942529,28
23,Brain and central nervous system,8263,"UK, Northern Ireland",2,1,1981,3.341252729,3.942515579,0.3489449361,31
23,Brain and central nervous system,8263,"UK, Northern Ireland",2,1,1982,2.520478001,3.046845246,0.2791243169,24
23,Brain and central nervous system,8263,"UK, Northern Ireland",2,1,1983,3.314500645,4.042956412,0.3503888685,32
23,Brain and central nervous system,8263,"UK, Northern Ireland",2,1,1984,2.004953339,2.764513697,0.2220689885,22
23,Brain and central nervous system,8263,"UK, Northern Ireland",2,1,1985,3.723025146,4.248406847,0.3897342428,34
23,Brain and central nervous system,8263,"UK, Northern Ireland",2,1,1986,2.533007237,3.105204322,0.2628587624,25
23,Brain and central nervous system,8263,"UK, Northern Ireland",2,1,1987,2.114910139,3.089852923,0.266725379,25
23,Brain and central nervous system,8263,"UK, Northern Ireland",2,1,1988,2.71717941,3.449975357,0.3107488805,28
23,Brain and central nervous system,8263,"UK, Northern Ireland",2,1,1989,3.304694727,4.298170208,0.342160495,35
23,Brain and central nervous system,8263,"UK, Northern Ireland",2,1,1990,2.681903476,4.159021407,0.3308734177,34
23,Brain and central nervous system,8263,"UK, Northern Ireland",2,1,1991,3.066822754,3.762592548,0.3701711601,31
23,Brain and central nervous system,8263,"UK, Northern Ireland",2,1,1992,2.344215237,3.006976185,0.2581651887,25
23,Brain and central nervous system,8263,"UK, Northern Ireland",2,1,1993,2.96044106,3.580806875,0.2860520268,30
23,Brain and central nervous system,8263,"UK, Northern Ireland",2,1,1994,3.551364425,4.154795821,0.3743078777,35
23,Brain and central nervous system,8263,"UK, Northern Ireland",2,1,1995,2.917759842,4.137115839,0.3119465648,35
23,Brain and central nervous system,8263,"UK, Northern Ireland",2,1,1996,1.942224998,2.579737336,0.2297462693,22
23,Brain and central nervous system,8263,"UK, Northern Ireland",2,1,1997,3.032020901,4.43148688,0.3513763013,38
23,Brain and central nervous system,8263,"UK, Northern Ireland",2,1,1998,2.95159851,4.063624753,0.3058421629,35
23,Brain and central nervous system,8263,"UK, Northern Ireland",2,1,1999,2.433120047,3.128621089,0.2460739074,27
23,Brain and central nervous system,8263,"UK, Northern Ireland",2,1,2000,3.207380522,4.504879131,0.342398077,39
23,Brain and central nervous system,8263,"UK, Northern Ireland",2,1,2001,2.794090395,3.931135751,0.3370043789,34
23,Brain and central nervous system,8263,"UK, Northern Ireland",2,1,2002,2.759197233,4.263728919,0.373296934,37
23,Brain and central nervous system,8263,"UK, Northern Ireland",2,1,2003,2.422227542,3.793849136,0.2393750205,33
23,Brain and central nervous system,8263,"UK, Northern Ireland",2,1,2004,3.078916924,3.890912545,0.3305213464,34
23,Brain and central nervous system,8263,"UK, Northern Ireland",2,1,2005,2.643840006,4.203838445,0.2878890682,37
23,Brain and central nervous system,8263,"UK, Northern Ireland",2,1,2006,1.96236983,2.927219198,0.1984174172,26
23,Brain and central nervous system,8263,"UK, Northern Ireland",2,1,2007,2.970579801,3.678322863,0.3375061033,33
23,Brain and central nervous system,8263,"UK, Northern Ireland",2,1,2008,3.272269463,4.866519123,0.3491820089,44
23,Brain and central nervous system,8263,"UK, Northern Ireland",2,1,2009,3.443956232,4.50407399,0.4071687131,41
23,Brain and central nervous system,8263,"UK, Northern Ireland",2,1,2010,3.36752197,5.245913106,0.305152475,48
23,Brain and central nervous system,8263,"UK, Northern Ireland",2,1,2011,2.214942772,3.567582995,0.241591946,33
23,Brain and central nervous system,8263,"UK, Northern Ireland",2,1,2012,3.282002913,5.058735144,0.3732196175,47
23,Brain and central nervous system,8263,"UK, Northern Ireland",2,1,2013,2.776063711,4.825323297,0.3196961583,45
23,Brain and central nervous system,8263,"UK, Northern Ireland",2,1,2014,2.924755858,4.37199492,0.321820721,41
23,Brain and central nervous system,8263,"UK, Northern Ireland",2,1,2015,2.553058482,4.244067854,0.2855906623,40
23,Brain and central nervous system,8263,"UK, Northern Ireland",2,1,2016,2.979106168,4.963439516,0.348947731,47
23,Brain and central nervous system,8263,"UK, Northern Ireland",2,1,2017,2.839802257,5.57550816,0.3086743976,53
23,Brain and central nervous system,8263,"UK, Northern Ireland",2,1,2018,2.602647527,5.200992349,0.317687066,50
23,Brain and central nervous system,8263,"UK, Northern Ireland",2,1,2019,2.869603508,4.370674853,0.3295456962,42
23,Brain and central nervous system,8263,"UK, Northern Ireland",2,1,2020,2.922053066,5.721091584,0.3141714698,55
23,Brain and central nervous system,8263,"UK, Northern Ireland",2,1,2021,3.120553149,6.819943167,0.3601854733,66
23,Brain and central nervous system,8263,"UK, Northern Ireland",2,1,2022,2.668488398,5.666621334,0.3152768667,55
23,Brain and central nervous system,8265,"UK, England and wales",1,1,1956,3.566189304,4.131616861,0.3525988167,889
23,Brain and central nervous system,8265,"UK, England and wales",1,1,1957,3.478942709,4.129711752,0.3478164419,894
23,Brain and central nervous system,8265,"UK, England and wales",1,1,1958,4.264424777,4.962288447,0.4164036647,1079
23,Brain and central nervous system,8265,"UK, England and wales",1,1,1959,4.043658472,4.779529358,0.3983176086,1046
23,Brain and central nervous system,8265,"UK, England and wales",1,1,1960,4.183995297,4.987102322,0.419353221,1102
23,Brain and central nervous system,8265,"UK, England and wales",1,1,1961,4.326548457,5.077550071,0.4268095091,1135
23,Brain and central nervous system,8265,"UK, England and wales",1,1,1962,4.169503546,5.017696537,0.4257869153,1137
23,Brain and central nervous system,8265,"UK, England and wales",1,1,1963,4.142854396,4.900586844,0.4161266518,1119
23,Brain and central nervous system,8265,"UK, England and wales",1,1,1964,4.295823886,5.077309633,0.4353476272,1170
23,Brain and central nervous system,8265,"UK, England and wales",1,1,1965,4.378357078,5.127653162,0.4278778993,1191
23,Brain and central nervous system,8265,"UK, England and wales",1,1,1966,4.098157049,4.850743065,0.4175769537,1130
23,Brain and central nervous system,8265,"UK, England and wales",1,1,1967,4.183588825,4.964777778,0.4205744965,1165
23,Brain and central nervous system,8265,"UK, England and wales",1,1,1968,3.84367997,4.57048062,0.3939512659,1080
23,Brain and central nervous system,8265,"UK, England and wales",1,1,1969,4.210549852,4.98063321,0.4342231855,1183
23,Brain and central nervous system,8265,"UK, England and wales",1,1,1970,4.073877925,4.792097655,0.4111438106,1142
23,Brain and central nervous system,8265,"UK, England and wales",1,1,1971,4.291060086,5.097484118,0.4374861505,1210
23,Brain and central nervous system,8265,"UK, England and wales",1,1,1972,4.501658256,5.327024794,0.4634975954,1270
23,Brain and central nervous system,8265,"UK, England and wales",1,1,1973,4.240301489,4.996696744,0.4297439274,1195
23,Brain and central nervous system,8265,"UK, England and wales",1,1,1974,4.552895291,5.463590682,0.476215969,1308
23,Brain and central nervous system,8265,"UK, England and wales",1,1,1975,4.307965257,5.134391658,0.4473322407,1230
23,Brain and central nervous system,8265,"UK, England and wales",1,1,1976,4.490441619,5.369469655,0.4667901758,1285
23,Brain and central nervous system,8265,"UK, England and wales",1,1,1977,4.467868827,5.417471345,0.4690208133,1296
23,Brain and central nervous system,8265,"UK, England and wales",1,1,1978,5.018853029,5.992405995,0.5212153425,1433
23,Brain and central nervous system,8265,"UK, England and wales",1,1,1979,4.441820176,5.494757851,0.4882821665,1316
23,Brain and central nervous system,8265,"UK, England and wales",1,1,1980,4.481800643,5.674427137,0.4980344877,1361
23,Brain and central nervous system,8265,"UK, England and wales",1,1,1981,4.203296909,5.323228596,0.4655338979,1284
23,Brain and central nervous system,8265,"UK, England and wales",1,1,1982,3.84048956,4.874634506,0.435593579,1177
23,Brain and central nervous system,8265,"UK, England and wales",1,1,1983,4.398657598,5.600618798,0.4992484114,1354
23,Brain and central nervous system,8265,"UK, England and wales",1,1,1984,4.814093393,6.092178748,0.5413623818,1477
23,Brain and central nervous system,8265,"UK, England and wales",1,1,1985,4.793978554,6.124126593,0.5341929407,1490
23,Brain and central nervous system,8265,"UK, England and wales",1,1,1986,4.463795348,5.73276074,0.5086686212,1399
23,Brain and central nervous system,8265,"UK, England and wales",1,1,1987,4.809315147,6.16104456,0.5516999936,1509
23,Brain and central nervous system,8265,"UK, England and wales",1,1,1988,4.862979464,6.294810342,0.5527495872,1547
23,Brain and central nervous system,8265,"UK, England and wales",1,1,1989,5.036556279,6.481845563,0.577596209,1599
23,Brain and central nervous system,8265,"UK, England and wales",1,1,1990,4.853049615,6.347463034,0.5632971151,1572
23,Brain and central nervous system,8265,"UK, England and wales",1,1,1991,4.8622598,6.301209832,0.5486445408,1575
23,Brain and central nervous system,8265,"UK, England and wales",1,1,1992,5.198350149,6.797137712,0.5947336879,1706
23,Brain and central nervous system,8265,"UK, England and wales",1,1,1993,4.488142474,5.984506953,0.5117368123,1508
23,Brain and central nervous system,8265,"UK, England and wales",1,1,1994,4.433045633,5.967530312,0.4958284962,1510
23,Brain and central nervous system,8265,"UK, England and wales",1,1,1995,4.374827124,5.976463742,0.4963961433,1520
23,Brain and central nervous system,8265,"UK, England and wales",1,1,1996,4.452049191,6.080549675,0.5134179262,1554
23,Brain and central nervous system,8265,"UK, England and wales",1,1,1997,4.610147979,6.427951271,0.5306340211,1651
23,Brain and central nervous system,8265,"UK, England and wales",1,1,1998,4.556747397,6.27890582,0.5224374008,1621
23,Brain and central nervous system,8265,"UK, England and wales",1,1,1999,4.612702686,6.346066516,0.523479476,1649
23,Brain and central nervous system,8265,"UK, England and wales",1,1,2000,4.562964952,6.445499951,0.5217469499,1685
23,Brain and central nervous system,8265,"UK, England and wales",1,1,2001,4.746624019,6.845015121,0.5334653227,1749
23,Brain and central nervous system,8265,"UK, England and wales",1,1,2002,4.56266467,6.586596785,0.5179621661,1693
23,Brain and central nervous system,8265,"UK, England and wales",1,1,2003,4.577641096,6.640510691,0.5209892083,1716
23,Brain and central nervous system,8265,"UK, England and wales",1,1,2004,4.718699361,6.966301756,0.5320497249,1811
23,Brain and central nervous system,8265,"UK, England and wales",1,1,2005,4.509893464,6.806209355,0.5166732413,1783
23,Brain and central nervous system,8265,"UK, England and wales",1,1,2006,4.671418902,6.981112242,0.5242739661,1841
23,Brain and central nervous system,8265,"UK, England and wales",1,1,2007,4.521181699,6.827632173,0.509480291,1814
23,Brain and central nervous system,8265,"UK, England and wales",1,1,2008,4.641819645,7.102244615,0.5274851036,1902
23,Brain and central nervous system,8265,"UK, England and wales",1,1,2009,4.534808475,7.127472001,0.5111635348,1923
23,Brain and central nervous system,8265,"UK, England and wales",1,1,2010,4.589768037,7.279125638,0.5176482773,1982
23,Brain and central nervous system,8265,"UK, England and wales",1,1,2011,4.515910197,7.196787069,0.5085669909,1979
23,Brain and central nervous system,8265,"UK, England and wales",1,1,2012,4.665765551,7.653523724,0.524144722,2131
23,Brain and central nervous system,8265,"UK, England and wales",1,1,2013,4.528330705,7.447628802,0.5143409812,2089
23,Brain and central nervous system,8265,"UK, England and wales",1,1,2014,4.664713482,7.694071829,0.5154524434,2177
23,Brain and central nervous system,8265,"UK, England and wales",1,1,2015,4.52981827,7.546879869,0.4997278939,2155
23,Brain and central nervous system,8265,"UK, England and wales",1,1,2016,4.508405391,7.667776038,0.5080815996,2211
23,Brain and central nervous system,8265,"UK, England and wales",1,1,2017,4.584639303,7.72537285,0.5135360942,2242
23,Brain and central nervous system,8265,"UK, England and wales",1,1,2018,4.669396074,8.026629653,0.5340937028,2345
23,Brain and central nervous system,8265,"UK, England and wales",1,1,2019,4.60757692,8.205562023,0.5200310803,2411
23,Brain and central nervous system,8265,"UK, England and wales",1,1,2020,4.535135649,7.862225381,0.5074847033,2323
23,Brain and central nervous system,8265,"UK, England and wales",1,1,2021,4.352403734,7.868959431,0.4890674921,2298
23,Brain and central nervous system,8265,"UK, England and wales",1,1,2022,4.500604498,8.10256355,0.5124758062,2392
23,Brain and central nervous system,8265,"UK, England and wales",1,1,2023,4.44808413,7.966887778,0.4936785033,2377
23,Brain and central nervous system,8265,"UK, England and wales",2,1,1956,2.380904482,2.846652268,0.2242457527,659
23,Brain and central nervous system,8265,"UK, England and wales",2,1,1957,2.305281224,2.867707124,0.2296872259,667
23,Brain and central nervous system,8265,"UK, England and wales",2,1,1958,2.779769773,3.398245239,0.2741842409,794
23,Brain and central nervous system,8265,"UK, England and wales",2,1,1959,2.957169157,3.501978639,0.2772473535,823
23,Brain and central nervous system,8265,"UK, England and wales",2,1,1960,2.768436049,3.327983782,0.2633197894,788
23,Brain and central nervous system,8265,"UK, England and wales",2,1,1961,2.931532185,3.551079788,0.2801135248,847
23,Brain and central nervous system,8265,"UK, England and wales",2,1,1962,2.727265263,3.255866173,0.2629893729,783
23,Brain and central nervous system,8265,"UK, England and wales",2,1,1963,2.900756215,3.505044702,0.2811351715,848
23,Brain and central nervous system,8265,"UK, England and wales",2,1,1964,2.748143764,3.341872763,0.270102317,814
23,Brain and central nervous system,8265,"UK, England and wales",2,1,1965,2.719097785,3.280920125,0.2687218248,805
23,Brain and central nervous system,8265,"UK, England and wales",2,1,1966,2.748905287,3.345497552,0.2693219678,826
23,Brain and central nervous system,8265,"UK, England and wales",2,1,1967,2.789262575,3.337963802,0.266161587,829
23,Brain and central nervous system,8265,"UK, England and wales",2,1,1968,2.737185873,3.272830698,0.27057041,817
23,Brain and central nervous system,8265,"UK, England and wales",2,1,1969,2.805551132,3.369917208,0.2714540267,845
23,Brain and central nervous system,8265,"UK, England and wales",2,1,1970,2.694935792,3.303281816,0.2721028039,831
23,Brain and central nervous system,8265,"UK, England and wales",2,1,1971,2.839032178,3.451817878,0.2786796067,867
23,Brain and central nervous system,8265,"UK, England and wales",2,1,1972,2.854050098,3.555894212,0.2938736022,896
23,Brain and central nervous system,8265,"UK, England and wales",2,1,1973,2.950507704,3.654172011,0.2993266859,923
23,Brain and central nervous system,8265,"UK, England and wales",2,1,1974,3.020233795,3.737000661,0.3032378811,944
23,Brain and central nervous system,8265,"UK, England and wales",2,1,1975,2.894061026,3.533610899,0.2901336424,892
23,Brain and central nervous system,8265,"UK, England and wales",2,1,1976,3.045358973,3.700794897,0.3029134792,933
23,Brain and central nervous system,8265,"UK, England and wales",2,1,1977,3.14333006,4.008429608,0.3247199338,1010
23,Brain and central nervous system,8265,"UK, England and wales",2,1,1978,3.066230987,3.872447299,0.3206178582,976
23,Brain and central nervous system,8265,"UK, England and wales",2,1,1979,3.002906401,3.929312033,0.3201050612,991
23,Brain and central nervous system,8265,"UK, England and wales",2,1,1980,3.022763228,3.943070924,0.3180422989,996
23,Brain and central nervous system,8265,"UK, England and wales",2,1,1981,2.661521259,3.596077292,0.2921755711,916
23,Brain and central nervous system,8265,"UK, England and wales",2,1,1982,2.686059422,3.609385187,0.2922756781,919
23,Brain and central nervous system,8265,"UK, England and wales",2,1,1983,3.008712101,4.125159943,0.3383774569,1051
23,Brain and central nervous system,8265,"UK, England and wales",2,1,1984,3.26016784,4.369224982,0.3624169096,1115
23,Brain and central nervous system,8265,"UK, England and wales",2,1,1985,3.226701899,4.430812511,0.3586851711,1134
23,Brain and central nervous system,8265,"UK, England and wales",2,1,1986,3.107726498,4.214741467,0.3438876021,1082
23,Brain and central nervous system,8265,"UK, England and wales",2,1,1987,3.222395692,4.372781571,0.359219446,1126
23,Brain and central nervous system,8265,"UK, England and wales",2,1,1988,3.238308987,4.527954016,0.3755152727,1169
23,Brain and central nervous system,8265,"UK, England and wales",2,1,1989,3.273302606,4.622835339,0.3719604707,1197
23,Brain and central nervous system,8265,"UK, England and wales",2,1,1990,3.254205838,4.550533657,0.3673691497,1181
23,Brain and central nervous system,8265,"UK, England and wales",2,1,1991,3.181299706,4.382386179,0.3563317912,1144
23,Brain and central nervous system,8265,"UK, England and wales",2,1,1992,3.215035858,4.625968837,0.364753422,1211
23,Brain and central nervous system,8265,"UK, England and wales",2,1,1993,3.02525861,4.393904172,0.3448836947,1153
23,Brain and central nervous system,8265,"UK, England and wales",2,1,1994,2.89667035,4.290116772,0.3242191763,1129
23,Brain and central nervous system,8265,"UK, England and wales",2,1,1995,2.928198075,4.354400446,0.3333608777,1149
23,Brain and central nervous system,8265,"UK, England and wales",2,1,1996,3.098078759,4.66111466,0.3467895231,1233
23,Brain and central nervous system,8265,"UK, England and wales",2,1,1997,3.002085748,4.478506561,0.3422791112,1188
23,Brain and central nervous system,8265,"UK, England and wales",2,1,1998,3.062077676,4.678481241,0.3520069637,1245
23,Brain and central nervous system,8265,"UK, England and wales",2,1,1999,2.92066845,4.493490056,0.3317684367,1200
23,Brain and central nervous system,8265,"UK, England and wales",2,1,2000,2.854432507,4.496098543,0.3200695379,1205
23,Brain and central nervous system,8265,"UK, England and wales",2,1,2001,2.956069013,4.67735469,0.3394469011,1251
23,Brain and central nervous system,8265,"UK, England and wales",2,1,2002,2.998462611,4.663480736,0.3357529537,1253
23,Brain and central nervous system,8265,"UK, England and wales",2,1,2003,2.979679202,4.69284617,0.3304384329,1265
23,Brain and central nervous system,8265,"UK, England and wales",2,1,2004,2.828584251,4.511437714,0.3230023319,1221
23,Brain and central nervous system,8265,"UK, England and wales",2,1,2005,2.754810732,4.45587159,0.3084271241,1213
23,Brain and central nervous system,8265,"UK, England and wales",2,1,2006,2.881692104,4.762831811,0.3166968234,1303
23,Brain and central nervous system,8265,"UK, England and wales",2,1,2007,3.107235799,4.999363899,0.3443461662,1375
23,Brain and central nervous system,8265,"UK, England and wales",2,1,2008,2.812341876,4.79041691,0.3134752067,1325
23,Brain and central nervous system,8265,"UK, England and wales",2,1,2009,2.835898475,5.134940966,0.3174706595,1429
23,Brain and central nervous system,8265,"UK, England and wales",2,1,2010,2.977957995,5.126387221,0.3341555914,1436
23,Brain and central nervous system,8265,"UK, England and wales",2,1,2011,2.9551329,5.306937,0.3316855725,1497
23,Brain and central nervous system,8265,"UK, England and wales",2,1,2012,3.023025318,5.340405227,0.3342231641,1534
23,Brain and central nervous system,8265,"UK, England and wales",2,1,2013,2.980730143,5.270072531,0.3332558889,1523
23,Brain and central nervous system,8265,"UK, England and wales",2,1,2014,2.958057109,5.251743113,0.3274444614,1529
23,Brain and central nervous system,8265,"UK, England and wales",2,1,2015,2.827366384,5.322093,0.3174241723,1561
23,Brain and central nervous system,8265,"UK, England and wales",2,1,2016,3.010620684,5.557387147,0.3290629129,1642
23,Brain and central nervous system,8265,"UK, England and wales",2,1,2017,2.902485727,5.413254001,0.3285180952,1609
23,Brain and central nervous system,8265,"UK, England and wales",2,1,2018,3.086304608,5.642035175,0.3389018893,1687
23,Brain and central nervous system,8265,"UK, England and wales",2,1,2019,2.866427814,5.459566586,0.3257176752,1641
23,Brain and central nervous system,8265,"UK, England and wales",2,1,2020,2.779464308,5.468395952,0.3182695496,1650
23,Brain and central nervous system,8265,"UK, England and wales",2,1,2021,2.708912014,5.263128345,0.3005610644,1603
23,Brain and central nervous system,8265,"UK, England and wales",2,1,2022,2.823300224,5.37370226,0.3143418481,1651
23,Brain and central nervous system,8265,"UK, England and wales",2,1,2023,2.754427277,5.364499874,0.3009730549,1664
23,Brain and central nervous system,84,Belize,1,1,1998,2.857413317,1.755957084,0.128386168,2
23,Brain and central nervous system,84,Belize,1,1,1999,8.271624574,5.090699292,0.9533305153,6
23,Brain and central nervous system,84,Belize,1,1,2000,2.510762055,1.642737458,0.2655111896,2
23,Brain and central nervous system,84,Belize,1,1,2001,0,0,0,0
23,Brain and central nervous system,84,Belize,1,1,2002,1.727115717,0.7740177714,0.2156565909,1
23,Brain and central nervous system,84,Belize,1,1,2003,1.57480315,0.7521285237,0.2621230476,1
23,Brain and central nervous system,84,Belize,1,1,2004,0,0,0,0
23,Brain and central nervous system,84,Belize,1,1,2005,2.103101667,1.421878444,0.2707259073,2
23,Brain and central nervous system,84,Belize,1,1,2006,4.141871846,3.458101641,0.4188061387,5
23,Brain and central nervous system,84,Belize,1,1,2007,3.538869297,2.692605432,0.3055782861,4
23,Brain and central nervous system,84,Belize,1,1,2008,2.348179589,1.311114316,0.3494969721,2
23,Brain and central nervous system,84,Belize,1,1,2009,0.936110461,0.6388714974,0.1169453732,1
23,Brain and central nervous system,84,Belize,1,1,2010,2.924860903,1.870732392,0.5227946978,3
23,Brain and central nervous system,84,Belize,1,1,2011,0,0,0,0
23,Brain and central nervous system,84,Belize,1,1,2012,4.578717834,2.979773299,0.6651781146,5
23,Brain and central nervous system,84,Belize,1,1,2013,0,0,0,0
23,Brain and central nervous system,84,Belize,1,1,2014,0,0,0,0
23,Brain and central nervous system,84,Belize,1,1,2015,2.213717243,1.674088459,0.260147033,3
23,Brain and central nervous system,84,Belize,1,1,2016,0.5661445556,0.5444428716,0.04716758556,1
23,Brain and central nervous system,84,Belize,2,1,1998,4.169894682,2.696023366,0.4075289205,3
23,Brain and central nervous system,84,Belize,2,1,1999,0,0,0,0
23,Brain and central nervous system,84,Belize,2,1,2000,4.410228361,2.519886101,0.5753066177,3
23,Brain and central nervous system,84,Belize,2,1,2001,1.388674494,1.627524698,0.07209995403,2
23,Brain and central nervous system,84,Belize,2,1,2002,5.828401094,3.154176129,0.7074813691,4
23,Brain and central nervous system,84,Belize,2,1,2003,5.694785748,3.821957913,0.4096540694,5
23,Brain and central nervous system,84,Belize,2,1,2004,1.225657088,1.482447818,0.06806888308,2
23,Brain and central nervous system,84,Belize,2,1,2005,0,0,0,0
23,Brain and central nervous system,84,Belize,2,1,2006,1.597444089,0.6978756665,0.2658865754,1
23,Brain and central nervous system,84,Belize,2,1,2007,3.344631887,2.711018936,0.4811739279,4
23,Brain and central nervous system,84,Belize,2,1,2008,0,0,0,0
23,Brain and central nervous system,84,Belize,2,1,2009,2.997002997,1.281353109,0.4982550703,2
23,Brain and central nervous system,84,Belize,2,1,2010,4.675959963,3.127325949,0.5153328673,5
23,Brain and central nervous system,84,Belize,2,1,2011,0.9220839096,0.6126474949,0.1151940893,1
23,Brain and central nervous system,84,Belize,2,1,2012,0.5441683294,0.6001752512,0.04533708042,1
23,Brain and central nervous system,84,Belize,2,1,2013,0,0,0,0
23,Brain and central nervous system,84,Belize,2,1,2014,1.800311348,1.152272858,0.2068002782,2
23,Brain and central nervous system,84,Belize,2,1,2015,0.6963788301,0.5645602922,0.06961364146,1
23,Brain and central nervous system,84,Belize,2,1,2016,1.718984007,1.657165584,0.0808570471,3
23,Brain and central nervous system,840,USA,1,0,1978,5.686130294,5.958365701,0.570271398,613
23,Brain and central nervous system,840,USA,1,0,1979,6.196000646,6.50913471,0.6379223796,677
23,Brain and central nervous system,840,USA,1,0,1980,6.167840433,6.576563314,0.6362578308,692
23,Brain and central nervous system,840,USA,1,0,1981,6.608898633,6.990306209,0.6708172996,741
23,Brain and central nervous system,840,USA,1,0,1982,6.333278691,6.817233441,0.6401925282,727
23,Brain and central nervous system,840,USA,1,0,1983,6.208188646,6.659257777,0.6421043364,716
23,Brain and central nervous system,840,USA,1,0,1984,5.936662615,6.395334907,0.5899226763,694
23,Brain and central nervous system,840,USA,1,0,1985,6.896403503,7.415682188,0.6822812304,813
23,Brain and central nervous system,840,USA,1,0,1986,6.770454875,7.169447175,0.6642834763,794
23,Brain and central nervous system,840,USA,1,0,1987,6.699363607,7.321064992,0.6964024246,819
23,Brain and central nervous system,840,USA,1,0,1988,6.529505138,7.084428612,0.6465256411,801
23,Brain and central nervous system,840,USA,1,0,1989,6.869009747,7.492792564,0.6802010929,856
23,Brain and central nervous system,840,USA,1,0,1990,6.758777646,7.286655113,0.6435667852,844
23,Brain and central nervous system,840,USA,1,0,1991,6.888706864,7.528864262,0.6830404537,885
23,Brain and central nervous system,840,USA,1,0,1992,6.928931797,7.684927354,0.6827303143,918
23,Brain and central nervous system,840,USA,1,0,1993,6.554539173,7.251766226,0.6457712432,879
23,Brain and central nervous system,840,USA,1,0,1994,6.502901996,7.240056324,0.6375463453,889
23,Brain and central nervous system,840,USA,1,0,1995,6.669688907,7.160641642,0.6495647085,891
23,Brain and central nervous system,840,USA,1,0,1996,6.657927442,7.395861587,0.6531759926,932
23,Brain and central nervous system,840,USA,1,0,1997,6.523500714,7.326243828,0.6338448448,935
23,Brain and central nervous system,840,USA,1,0,1998,6.189412754,6.985290929,0.6156236524,902
23,Brain and central nervous system,840,USA,1,0,1999,6.7134607,7.617115644,0.6658142173,994
23,Brain and central nervous system,840,USA,1,0,2000,6.5544474,7.50457381,0.6359321023,990
23,Brain and central nervous system,840,USA,1,0,2001,6.425061186,7.316490732,0.6277965932,974
23,Brain and central nervous system,840,USA,1,0,2002,6.673077897,7.501419218,0.6575061527,1004
23,Brain and central nervous system,840,USA,1,0,2003,6.172077912,7.163909429,0.6092102593,963
23,Brain and central nervous system,840,USA,1,0,2004,6.607871149,7.598269784,0.6413446553,1027
23,Brain and central nervous system,840,USA,1,0,2005,6.339368842,7.387643923,0.6101174917,1006
23,Brain and central nervous system,840,USA,1,0,2006,6.333492658,7.497960947,0.6154389055,1032
23,Brain and central nervous system,840,USA,1,0,2007,6.299693326,7.460112521,0.6105797653,1036
23,Brain and central nervous system,840,USA,1,0,2008,6.351912377,7.697282966,0.5989743418,1080
23,Brain and central nervous system,840,USA,1,0,2009,6.494092197,7.889398814,0.622685514,1118
23,Brain and central nervous system,840,USA,1,0,2010,6.320257592,7.468368624,0.5865578675,1067
23,Brain and central nervous system,840,USA,1,0,2011,6.442929396,7.872067187,0.6200850073,1135
23,Brain and central nervous system,840,USA,1,0,2012,6.141338316,7.70856883,0.591174467,1122
23,Brain and central nervous system,840,USA,1,0,2013,6.157489108,7.656422795,0.5854024317,1124
23,Brain and central nervous system,840,USA,1,0,2014,6.205522297,7.859778844,0.6037075634,1164
23,Brain and central nervous system,840,USA,1,0,2015,6.41926064,8.192127887,0.61976375,1224
23,Brain and central nervous system,840,USA,1,0,2016,5.981931096,7.868896103,0.5899197598,1187
23,Brain and central nervous system,840,USA,1,0,2017,5.857315331,7.775563811,0.5760978341,1182
23,Brain and central nervous system,840,USA,1,1,1979,4.053340178,4.490259744,0.4628847072,4972
23,Brain and central nervous system,840,USA,1,1,1980,4.20651521,4.685865482,0.4777398878,5242
23,Brain and central nervous system,840,USA,1,1,1981,4.052301373,4.540260347,0.4607129545,5134
23,Brain and central nervous system,840,USA,1,1,1982,4.044959264,4.568798239,0.449744059,5224
23,Brain and central nervous system,840,USA,1,1,1983,4.014461143,4.532635429,0.4504397425,5241
23,Brain and central nervous system,840,USA,1,1,1984,4.13629461,4.717502983,0.4706049053,5515
23,Brain and central nervous system,840,USA,1,1,1985,4.133596505,4.722206672,0.464289885,5580
23,Brain and central nervous system,840,USA,1,1,1986,4.146553609,4.748684441,0.4681169717,5669
23,Brain and central nervous system,840,USA,1,1,1987,4.179187205,4.830743629,0.4796991833,5824
23,Brain and central nervous system,840,USA,1,1,1988,4.294731364,4.990284673,0.4856796581,6076
23,Brain and central nervous system,840,USA,1,1,1989,4.196388943,4.916468361,0.4700515274,6046
23,Brain and central nervous system,840,USA,1,1,1990,4.336398164,5.093424015,0.4886845385,6339
23,Brain and central nervous system,840,USA,1,1,1991,4.328400037,5.097958105,0.4793375203,6431
23,Brain and central nervous system,840,USA,1,1,1992,4.243703124,5.031934477,0.4797120166,6432
23,Brain and central nervous system,840,USA,1,1,1993,4.234487852,5.060599638,0.4753660319,6551
23,Brain and central nervous system,840,USA,1,1,1994,4.288172152,5.116646817,0.4891746123,6702
23,Brain and central nervous system,840,USA,1,1,1995,4.092072937,4.934192622,0.4578244681,6536
23,Brain and central nervous system,840,USA,1,1,1996,4.168806643,5.027249417,0.4715292131,6732
23,Brain and central nervous system,840,USA,1,1,1997,4.057290552,4.980038469,0.4537972459,6740
23,Brain and central nervous system,840,USA,1,1,1998,4.100254938,5.069270596,0.4626229635,6935
23,Brain and central nervous system,840,USA,1,1,1999,4.06796248,5.062657491,0.4573321107,7001
23,Brain and central nervous system,840,USA,1,1,2000,4.00099939,5.015260222,0.4480745743,7011
23,Brain and central nervous system,840,USA,1,1,2001,3.902074219,4.964549876,0.4331900839,7015
23,Brain and central nervous system,840,USA,1,1,2002,3.927804303,4.990783214,0.4393054769,7125
23,Brain and central nervous system,840,USA,1,1,2003,3.823303039,4.93780549,0.4212258313,7122
23,Brain and central nervous system,840,USA,1,1,2004,3.726350749,4.854160275,0.414193273,7074
23,Brain and central nervous system,840,USA,1,1,2005,3.75960184,4.969059084,0.4169388247,7317
23,Brain and central nervous system,840,USA,1,1,2006,3.61278048,4.836992269,0.4004143296,7198
23,Brain and central nervous system,840,USA,1,1,2007,3.591915919,4.86378167,0.3982008225,7316
23,Brain and central nervous system,840,USA,1,1,2008,3.694671929,5.055626627,0.4066305156,7686
23,Brain and central nervous system,840,USA,1,1,2009,3.671707525,5.116573617,0.4045262736,7859
23,Brain and central nervous system,840,USA,1,1,2010,3.642639978,5.143172716,0.4049624207,7980
23,Brain and central nervous system,840,USA,1,1,2011,3.647899175,5.184116037,0.4056533425,8128
23,Brain and central nervous system,840,USA,1,1,2012,3.791975172,5.468685189,0.4184839378,8666
23,Brain and central nervous system,840,USA,1,1,2013,3.612288626,5.302528849,0.3958391476,8491
23,Brain and central nervous system,840,USA,1,1,2014,3.745218097,5.574363478,0.4155857082,9019
23,Brain and central nervous system,840,USA,1,1,2015,3.689907668,5.578891771,0.4074276074,9119
23,Brain and central nervous system,840,USA,1,1,2016,3.758059737,5.758881203,0.4135527196,9510
23,Brain and central nervous system,840,USA,1,1,2017,3.602994401,5.628962419,0.3958510705,9389
23,Brain and central nervous system,840,USA,1,1,2018,3.655308151,5.779920261,0.4039159169,9731
23,Brain and central nervous system,840,USA,1,1,2019,3.581150418,5.771065771,0.3986644114,9802
23,Brain and central nervous system,840,USA,1,1,2020,3.701663165,5.983242831,0.4099756996,10214
23,Brain and central nervous system,840,USA,1,1,2021,3.585549647,5.903992349,0.3981560723,10098
23,Brain and central nervous system,840,USA,1,1,2022,3.517871749,5.872801851,0.3921408144,10082
23,Brain and central nervous system,840,USA,2,0,1978,4.259407412,4.763803726,0.4334670834,512
23,Brain and central nervous system,840,USA,2,0,1979,4.289968668,4.783023651,0.4087532981,520
23,Brain and central nervous system,840,USA,2,0,1980,4.377493491,5.016091932,0.4388264582,552
23,Brain and central nervous system,840,USA,2,0,1981,4.349104675,4.986992787,0.4414367465,553
23,Brain and central nervous system,840,USA,2,0,1982,4.427907377,5.072450001,0.4468005593,566
23,Brain and central nervous system,840,USA,2,0,1983,4.259504203,5.112725824,0.4219111667,575
23,Brain and central nervous system,840,USA,2,0,1984,4.396735527,5.138340792,0.4291883647,583
23,Brain and central nervous system,840,USA,2,0,1985,4.665692887,5.584287003,0.4656504783,640
23,Brain and central nervous system,840,USA,2,0,1986,4.862309557,5.730535196,0.4803417459,663
23,Brain and central nervous system,840,USA,2,0,1987,5.177087749,6.024420124,0.4985358397,704
23,Brain and central nervous system,840,USA,2,0,1988,4.851144536,5.802832952,0.4610675158,685
23,Brain and central nervous system,840,USA,2,0,1989,4.51314034,5.450672961,0.4422638095,650
23,Brain and central nervous system,840,USA,2,0,1990,5.148725952,6.095411745,0.4972399981,736
23,Brain and central nervous system,840,USA,2,0,1991,4.723982784,5.594641363,0.4462218272,685
23,Brain and central nervous system,840,USA,2,0,1992,4.685478055,5.602702692,0.4612207801,696
23,Brain and central nervous system,840,USA,2,0,1993,4.646793019,5.670296106,0.4532700072,714
23,Brain and central nervous system,840,USA,2,0,1994,4.568348662,5.508830333,0.4481285779,702
23,Brain and central nervous system,840,USA,2,0,1995,4.446283479,5.311332064,0.439747279,685
23,Brain and central nervous system,840,USA,2,0,1996,4.382571007,5.363441343,0.423937217,700
23,Brain and central nervous system,840,USA,2,0,1997,4.614847461,5.678771435,0.4551835057,750
23,Brain and central nervous system,840,USA,2,0,1998,4.65399457,5.804937328,0.448329811,775
23,Brain and central nervous system,840,USA,2,0,1999,4.715128151,5.782750597,0.4378524885,779
23,Brain and central nervous system,840,USA,2,0,2000,4.771902486,5.75186555,0.431093807,782
23,Brain and central nervous system,840,USA,2,0,2001,4.773894672,5.654542889,0.438348493,775
23,Brain and central nervous system,840,USA,2,0,2002,4.907075342,5.775768417,0.4472947124,796
23,Brain and central nervous system,840,USA,2,0,2003,4.912880718,6.01170066,0.4611803481,833
23,Brain and central nervous system,840,USA,2,0,2004,4.690773006,6.010562811,0.4432222682,838
23,Brain and central nervous system,840,USA,2,0,2005,4.869154954,6.108705917,0.4567450577,858
23,Brain and central nervous system,840,USA,2,0,2006,4.315048026,5.404864519,0.4108938785,767
23,Brain and central nervous system,840,USA,2,0,2007,4.631709196,5.800768926,0.435319795,831
23,Brain and central nervous system,840,USA,2,0,2008,4.888591472,5.958939176,0.4350163376,862
23,Brain and central nervous system,840,USA,2,0,2009,4.910894067,6.243928088,0.4337569534,912
23,Brain and central nervous system,840,USA,2,0,2010,4.811813353,6.131477621,0.433455739,903
23,Brain and central nervous system,840,USA,2,0,2011,4.719891704,6.090811509,0.4356078792,905
23,Brain and central nervous system,840,USA,2,0,2012,4.56889944,5.983532279,0.4323288114,897
23,Brain and central nervous system,840,USA,2,0,2013,4.822892424,6.009561291,0.4275048443,908
23,Brain and central nervous system,840,USA,2,0,2014,4.406152087,5.640242731,0.3956086732,859
23,Brain and central nervous system,840,USA,2,0,2015,4.664365617,5.985296361,0.4256809853,919
23,Brain and central nervous system,840,USA,2,0,2016,4.147825988,5.75342487,0.3897028339,891
23,Brain and central nervous system,840,USA,2,0,2017,4.548040083,5.92489617,0.4168674165,924
23,Brain and central nervous system,840,USA,2,1,1979,2.727490413,3.392484359,0.3039266484,3964
23,Brain and central nervous system,840,USA,2,1,1980,2.684078224,3.439265377,0.3048892058,4058
23,Brain and central nervous system,840,USA,2,1,1981,2.763854663,3.566020015,0.3101083476,4248
23,Brain and central nervous system,840,USA,2,1,1982,2.828044773,3.659276103,0.3162917399,4400
23,Brain and central nervous system,840,USA,2,1,1983,2.768460791,3.651996687,0.3105923685,4432
23,Brain and central nervous system,840,USA,2,1,1984,2.838233013,3.757485745,0.317282004,4601
23,Brain and central nervous system,840,USA,2,1,1985,2.825386295,3.792743803,0.3202356622,4685
23,Brain and central nervous system,840,USA,2,1,1986,2.747271664,3.735148045,0.3086225701,4653
23,Brain and central nervous system,840,USA,2,1,1987,2.925897723,3.9880528,0.3278010876,5009
23,Brain and central nervous system,840,USA,2,1,1988,2.815035802,3.843279056,0.3123231832,4867
23,Brain and central nervous system,840,USA,2,1,1989,2.890056135,3.980404117,0.3241001845,5083
23,Brain and central nervous system,840,USA,2,1,1990,2.921919346,4.104133876,0.3253425965,5291
23,Brain and central nervous system,840,USA,2,1,1991,3.033918886,4.236401257,0.3357062733,5521
23,Brain and central nervous system,840,USA,2,1,1992,2.976001214,4.180375644,0.3319992682,5509
23,Brain and central nervous system,840,USA,2,1,1993,2.888037982,4.086132597,0.3243768539,5442
23,Brain and central nervous system,840,USA,2,1,1994,2.913378356,4.172039146,0.3276163253,5611
23,Brain and central nervous system,840,USA,2,1,1995,2.831658271,4.07094673,0.3203571053,5526
23,Brain and central nervous system,840,USA,2,1,1996,2.893175889,4.120467155,0.322338324,5643
23,Brain and central nervous system,840,USA,2,1,1997,2.864479552,4.151231296,0.3209471928,5734
23,Brain and central nervous system,840,USA,2,1,1998,2.815598193,4.113709772,0.3163153329,5731
23,Brain and central nervous system,840,USA,2,1,1999,2.813010767,4.102537005,0.3110661172,5764
23,Brain and central nervous system,840,USA,2,1,2000,2.685912075,3.983321823,0.2970046937,5644
23,Brain and central nervous system,840,USA,2,1,2001,2.641924361,3.912495369,0.2862057765,5594
23,Brain and central nervous system,840,USA,2,1,2002,2.664959944,3.952988894,0.2933427536,5705
23,Brain and central nervous system,840,USA,2,1,2003,2.691269603,3.967077567,0.2949598367,5779
23,Brain and central nervous system,840,USA,2,1,2004,2.562065188,3.913486063,0.2838570109,5755
23,Brain and central nervous system,840,USA,2,1,2005,2.56149783,3.930207437,0.2837008594,5835
23,Brain and central nervous system,840,USA,2,1,2006,2.466640876,3.794055746,0.2693849267,5688
23,Brain and central nervous system,840,USA,2,1,2007,2.506504087,3.908832488,0.2763395255,5919
23,Brain and central nervous system,840,USA,2,1,2008,2.520720741,3.94790955,0.2798142273,6038
23,Brain and central nervous system,840,USA,2,1,2009,2.541446123,4.092612983,0.2776337164,6320
23,Brain and central nervous system,840,USA,2,1,2010,2.444759189,3.969708755,0.2677569705,6189
23,Brain and central nervous system,840,USA,2,1,2011,2.518235576,4.044661916,0.2793487438,6363
23,Brain and central nervous system,840,USA,2,1,2012,2.552417235,4.166417782,0.2779523732,6610
23,Brain and central nervous system,840,USA,2,1,2013,2.600501484,4.283045633,0.2876515582,6852
23,Brain and central nervous system,840,USA,2,1,2014,2.579301942,4.325534079,0.2836670618,6978
23,Brain and central nervous system,840,USA,2,1,2015,2.565239349,4.394757436,0.2817261578,7149
23,Brain and central nervous system,840,USA,2,1,2016,2.620972524,4.464678019,0.2858162922,7324
23,Brain and central nervous system,840,USA,2,1,2017,2.58842146,4.48289242,0.2855473685,7415
23,Brain and central nervous system,840,USA,2,1,2018,2.515502885,4.436172028,0.2753382667,7395
23,Brain and central nervous system,840,USA,2,1,2019,2.480272144,4.424126516,0.275135876,7430
23,Brain and central nervous system,840,USA,2,1,2020,2.552025159,4.634731712,0.2843882869,7820
23,Brain and central nervous system,840,USA,2,1,2021,2.499668629,4.587740896,0.2765348954,7759
23,Brain and central nervous system,840,USA,2,1,2022,2.467751406,4.624361088,0.2720264449,7855
23,Brain and central nervous system,858,Uruguay,1,1,1997,3.060715153,3.6997606,0.3508732066,58
23,Brain and central nervous system,858,Uruguay,1,1,1998,2.432482692,3.048060291,0.2668846718,48
23,Brain and central nervous system,858,Uruguay,1,1,1999,3.08536201,3.667851973,0.36004744,58
23,Brain and central nervous system,858,Uruguay,1,1,2000,3.619722371,4.222781338,0.4017673592,67
23,Brain and central nervous system,858,Uruguay,1,1,2001,3.05682993,3.773694082,0.3571335492,60
23,Brain and central nervous system,858,Uruguay,1,1,2002,2.827611283,3.706959219,0.3032116246,59
23,Brain and central nervous system,858,Uruguay,1,1,2003,2.800489035,3.454513479,0.3168134969,55
23,Brain and central nervous system,858,Uruguay,1,1,2004,2.778039812,3.390928888,0.308508071,54
23,Brain and central nervous system,858,Uruguay,1,1,2005,3.387258631,4.142762092,0.3634986561,66
23,Brain and central nervous system,858,Uruguay,1,1,2006,3.487460513,4.20248712,0.4004439028,67
23,Brain and central nervous system,858,Uruguay,1,1,2007,3.924281109,4.760470059,0.4012731721,76
23,Brain and central nervous system,858,Uruguay,1,1,2008,3.191984325,3.938748091,0.3480941941,63
23,Brain and central nervous system,858,Uruguay,1,1,2009,3.264940664,4.054697242,0.3324204406,65
23,Brain and central nervous system,858,Uruguay,1,1,2010,2.922011863,3.609151314,0.3314113506,58
23,Brain and central nervous system,858,Uruguay,1,1,2011,3.374896958,4.344771254,0.3759941957,70
23,Brain and central nervous system,858,Uruguay,1,1,2012,4.364485005,5.633841184,0.4486173897,91
23,Brain and central nervous system,858,Uruguay,1,1,2013,4.245707527,5.554550936,0.4227061566,90
23,Brain and central nervous system,858,Uruguay,1,1,2014,3.820698382,4.735675504,0.430218993,77
23,Brain and central nervous system,858,Uruguay,1,1,2015,3.323865674,4.227816829,0.3833550455,69
23,Brain and central nervous system,858,Uruguay,1,1,2016,2.710378174,3.907122807,0.3093755261,64
23,Brain and central nervous system,858,Uruguay,1,1,2017,3.672397171,4.929985082,0.400500269,81
23,Brain and central nervous system,858,Uruguay,1,1,2018,4.359474542,6.135464992,0.4777732381,101
23,Brain and central nervous system,858,Uruguay,1,1,2019,4.954972129,6.919713718,0.5636248549,114
23,Brain and central nervous system,858,Uruguay,1,1,2020,5.190165306,6.976026128,0.610827316,115
23,Brain and central nervous system,858,Uruguay,1,1,2021,4.835513313,6.859168523,0.5332707273,113
23,Brain and central nervous system,858,Uruguay,1,1,2022,4.902289065,6.810945189,0.5258078379,112
23,Brain and central nervous system,858,Uruguay,2,1,1997,2.664851047,3.68429572,0.3077877539,61
23,Brain and central nervous system,858,Uruguay,2,1,1998,2.07362864,2.823647022,0.2212042823,47
23,Brain and central nervous system,858,Uruguay,2,1,1999,1.563720822,2.39133333,0.1679936883,40
23,Brain and central nervous system,858,Uruguay,2,1,2000,1.592459567,2.560171472,0.1753601877,43
23,Brain and central nervous system,858,Uruguay,2,1,2001,2.264608349,3.324825343,0.2509268665,56
23,Brain and central nervous system,858,Uruguay,2,1,2002,1.999948876,2.667041238,0.2320366082,45
23,Brain and central nervous system,858,Uruguay,2,1,2003,2.258302639,3.07861905,0.2438191114,52
23,Brain and central nervous system,858,Uruguay,2,1,2004,1.800274081,2.602530843,0.1737461554,44
23,Brain and central nervous system,858,Uruguay,2,1,2005,2.166208829,3.013060732,0.2326958424,51
23,Brain and central nervous system,858,Uruguay,2,1,2006,1.510725088,2.713521715,0.1406088932,46
23,Brain and central nervous system,858,Uruguay,2,1,2007,1.722485979,2.766868923,0.1963253152,47
23,Brain and central nervous system,858,Uruguay,2,1,2008,1.444181294,1.996846158,0.1650305349,34
23,Brain and central nervous system,858,Uruguay,2,1,2009,1.815385317,2.519017115,0.2204146478,43
23,Brain and central nervous system,858,Uruguay,2,1,2010,1.990512163,3.038174665,0.2256894587,52
23,Brain and central nervous system,858,Uruguay,2,1,2011,1.855090062,2.855714167,0.2010557901,49
23,Brain and central nervous system,858,Uruguay,2,1,2012,2.115778065,3.081101569,0.2107909161,53
23,Brain and central nervous system,858,Uruguay,2,1,2013,2.317858797,3.652078641,0.2809123029,63
23,Brain and central nervous system,858,Uruguay,2,1,2014,2.229886429,3.698611691,0.2372121082,64
23,Brain and central nervous system,858,Uruguay,2,1,2015,2.780056997,4.089937142,0.2918953177,71
23,Brain and central nervous system,858,Uruguay,2,1,2016,1.941346573,3.44580241,0.1944764058,60
23,Brain and central nervous system,858,Uruguay,2,1,2017,2.052146645,3.66671823,0.2533355331,64
23,Brain and central nervous system,858,Uruguay,2,1,2018,2.884613822,4.976069111,0.3253540598,87
23,Brain and central nervous system,858,Uruguay,2,1,2019,3.572528256,5.715141353,0.3702807779,100
23,Brain and central nervous system,858,Uruguay,2,1,2020,4.069404525,6.45542387,0.4563425583,113
23,Brain and central nervous system,858,Uruguay,2,1,2021,3.158832844,5.545195631,0.3283384016,97
23,Brain and central nervous system,858,Uruguay,2,1,2022,2.790152346,4.179780968,0.3312139758,73
23,Brain and central nervous system,860,Uzbekistan,1,1,2005,2.500965221,2.050597734,0.2423819361,268
23,Brain and central nervous system,860,Uzbekistan,1,1,2006,2.440788764,2.011227167,0.2378902179,267
23,Brain and central nervous system,860,Uzbekistan,1,1,2007,2.478005653,2.039817989,0.245292815,275
23,Brain and central nervous system,860,Uzbekistan,1,1,2008,2.510251887,2.060242664,0.2524279003,282
23,Brain and central nervous system,860,Uzbekistan,1,1,2009,2.575710296,2.101653072,0.2611168647,292
23,Brain and central nervous system,860,Uzbekistan,1,1,2010,3.010908247,2.413986681,0.3217440483,345
23,Brain and central nervous system,860,Uzbekistan,1,1,2011,2.940921007,2.479492756,0.300733786,364
23,Brain and central nervous system,860,Uzbekistan,1,1,2012,3.350917298,2.757352386,0.3540077705,411
23,Brain and central nervous system,860,Uzbekistan,1,1,2013,3.104601322,2.607584996,0.3337709059,395
23,Brain and central nervous system,860,Uzbekistan,1,1,2014,3.343969666,2.88034016,0.3473602323,444
23,Brain and central nervous system,860,Uzbekistan,1,1,2015,3.74701798,3.211097553,0.4127461416,504
23,Brain and central nervous system,860,Uzbekistan,1,1,2016,3.802201422,3.210275887,0.429552891,513
23,Brain and central nervous system,860,Uzbekistan,1,1,2017,3.808017664,3.394954421,0.3955428913,552
23,Brain and central nervous system,860,Uzbekistan,1,1,2018,3.749667753,3.268046306,0.4175498673,541
23,Brain and central nervous system,860,Uzbekistan,1,1,2019,3.683204029,3.306092043,0.387923803,558
23,Brain and central nervous system,860,Uzbekistan,2,1,2005,1.853607974,1.603339833,0.1670628048,210
23,Brain and central nervous system,860,Uzbekistan,2,1,2006,1.813627642,1.542322727,0.1709196211,205
23,Brain and central nervous system,860,Uzbekistan,2,1,2007,1.837144442,1.542383551,0.180968161,208
23,Brain and central nervous system,860,Uzbekistan,2,1,2008,1.834252567,1.520512073,0.1885897007,208
23,Brain and central nervous system,860,Uzbekistan,2,1,2009,1.886187661,1.549707815,0.2000994108,215
23,Brain and central nervous system,860,Uzbekistan,2,1,2010,1.964716787,1.751841922,0.18996284,250
23,Brain and central nervous system,860,Uzbekistan,2,1,2011,2.144804262,1.896452985,0.2139160343,278
23,Brain and central nervous system,860,Uzbekistan,2,1,2012,2.508445054,2.23958216,0.2596204342,333
23,Brain and central nervous system,860,Uzbekistan,2,1,2013,2.322223072,2.07352659,0.2474303423,313
23,Brain and central nervous system,860,Uzbekistan,2,1,2014,2.614729372,2.391997874,0.275678985,367
23,Brain and central nervous system,860,Uzbekistan,2,1,2015,2.657493911,2.473825992,0.2680648145,386
23,Brain and central nervous system,860,Uzbekistan,2,1,2016,2.774449835,2.596426523,0.2939642111,412
23,Brain and central nervous system,860,Uzbekistan,2,1,2017,2.874451399,2.727982115,0.2976006784,440
23,Brain and central nervous system,860,Uzbekistan,2,1,2018,2.825887523,2.682621599,0.2959966819,440
23,Brain and central nervous system,860,Uzbekistan,2,1,2019,2.727312233,2.580458671,0.2829432463,431
23,Brain and central nervous system,862,Venezuela,1,1,1996,1.590460621,1.206539479,0.1513361475,137
23,Brain and central nervous system,862,Venezuela,1,1,1997,1.934453487,1.406477407,0.2191655678,163
23,Brain and central nervous system,862,Venezuela,1,1,1998,1.643321407,1.201003904,0.1756662574,142
23,Brain and central nervous system,862,Venezuela,1,1,1999,1.733584479,1.285787404,0.1823688665,155
23,Brain and central nervous system,862,Venezuela,1,1,2000,1.829158029,1.457351978,0.1764137188,179
23,Brain and central nervous system,862,Venezuela,1,1,2001,1.962543577,1.551443838,0.2045200409,194
23,Brain and central nervous system,862,Venezuela,1,1,2002,2.095489061,1.563566481,0.2381327725,199
23,Brain and central nervous system,862,Venezuela,1,1,2003,2.006996648,1.590589025,0.1956067761,206
23,Brain and central nervous system,862,Venezuela,1,1,2004,1.947419973,1.556529428,0.2056964314,205
23,Brain and central nervous system,862,Venezuela,1,1,2005,1.993829132,1.553615263,0.2089284767,208
23,Brain and central nervous system,862,Venezuela,1,1,2006,2.226462939,1.81592104,0.2337475535,247
23,Brain and central nervous system,862,Venezuela,1,1,2007,2.198979337,1.767208007,0.2469451913,244
23,Brain and central nervous system,862,Venezuela,1,1,2008,2.074669235,1.742828386,0.2114693213,244
23,Brain and central nervous system,862,Venezuela,1,1,2009,2.131711338,1.83323757,0.2125636435,260
23,Brain and central nervous system,862,Venezuela,1,1,2010,1.87569919,1.657242666,0.1882132444,238
23,Brain and central nervous system,862,Venezuela,1,1,2011,2.205234571,1.946583814,0.2301213166,283
23,Brain and central nervous system,862,Venezuela,1,1,2012,2.377657493,2.03902462,0.2442810434,300
23,Brain and central nervous system,862,Venezuela,1,1,2013,2.053199835,1.861184276,0.2136034571,277
23,Brain and central nervous system,862,Venezuela,1,1,2014,2.376587667,2.140287753,0.2436040481,322
23,Brain and central nervous system,862,Venezuela,1,1,2015,2.016885506,1.895326638,0.2119038888,288
23,Brain and central nervous system,862,Venezuela,1,1,2016,2.187140387,2.074542704,0.2162817017,317
23,Brain and central nervous system,862,Venezuela,2,1,1996,1.50308076,1.176228684,0.1402013433,133
23,Brain and central nervous system,862,Venezuela,2,1,1997,1.460041019,1.169595912,0.158011033,135
23,Brain and central nervous system,862,Venezuela,2,1,1998,1.250700226,1.001876736,0.1247091616,118
23,Brain and central nervous system,862,Venezuela,2,1,1999,1.425716726,1.173853145,0.1521683082,141
23,Brain and central nervous system,862,Venezuela,2,1,2000,1.398696734,1.151569495,0.1486263259,141
23,Brain and central nervous system,862,Venezuela,2,1,2001,1.615841519,1.36267717,0.1699695302,170
23,Brain and central nervous system,862,Venezuela,2,1,2002,1.663999701,1.400652578,0.1774781858,178
23,Brain and central nervous system,862,Venezuela,2,1,2003,1.658468365,1.375417397,0.1808540213,178
23,Brain and central nervous system,862,Venezuela,2,1,2004,1.370986662,1.21483508,0.1467791088,160
23,Brain and central nervous system,862,Venezuela,2,1,2005,1.720228735,1.470404051,0.1722797317,197
23,Brain and central nervous system,862,Venezuela,2,1,2006,1.609913663,1.453448681,0.1619096467,198
23,Brain and central nervous system,862,Venezuela,2,1,2007,1.595325544,1.4592978,0.1638968809,202
23,Brain and central nervous system,862,Venezuela,2,1,2008,1.604846286,1.494293826,0.1551881623,210
23,Brain and central nervous system,862,Venezuela,2,1,2009,1.72919468,1.627414641,0.1648635292,232
23,Brain and central nervous system,862,Venezuela,2,1,2010,1.651680398,1.563808652,0.1785348365,226
23,Brain and central nervous system,862,Venezuela,2,1,2011,1.76234575,1.700016113,0.183183949,249
23,Brain and central nervous system,862,Venezuela,2,1,2012,1.694189538,1.630628101,0.1812250401,242
23,Brain and central nervous system,862,Venezuela,2,1,2013,1.797314616,1.803156522,0.1919032006,271
23,Brain and central nervous system,862,Venezuela,2,1,2014,1.855299569,1.886994166,0.1963998838,287
23,Brain and central nervous system,862,Venezuela,2,1,2015,1.614323786,1.658137446,0.1633576443,255
23,Brain and central nervous system,862,Venezuela,2,1,2016,1.624291199,1.640271004,0.1724363457,254