IndicatorCode,Indicator,ValueType,ParentLocationCode,ParentLocation,Location type,SpatialDimValueCode,Location,Period type,Period,IsLatestYear,Dim1 type,Dim1,Dim1ValueCode,Dim2 type,Dim2,Dim2ValueCode,Dim3 type,Dim3,Dim3ValueCode,DataSourceDimValueCode,DataSource,FactValueNumericPrefix,FactValueNumeric,FactValueUoM,FactValueNumericLowPrefix,FactValueNumericLow,FactValueNumericHighPrefix,FactValueNumericHigh,Value,FactValueTranslationID,FactComments,Language,DateModified
DEVICES08,Total density per million population: Magnetic Resonance Imaging,text,AFR,Africa,Country,COM,Comoros,Year,2021,true,,,,,,,,,,,,,0,,,,,,0,,WHO MD Survey 2021,EN,2023-06-18T21:00:00.000Z
DEVICES08,Total density per million population: Magnetic Resonance Imaging,text,WPR,Western Pacific,Country,FSM,Micronesia (Federated States of),Year,2021,true,,,,,,,,,,,,,0,,,,,,0,,WHO MD Survey 2021,EN,2023-06-18T21:00:00.000Z
DEVICES08,Total density per million population: Magnetic Resonance Imaging,text,AFR,Africa,Country,TZA,United Republic of Tanzania,Year,2021,true,,,,,,,,,,,,,0.067,,,,,,0.07,,WHO MD Survey 2021,EN,2023-06-18T21:00:00.000Z
DEVICES08,Total density per million population: Magnetic Resonance Imaging,text,AFR,Africa,Country,UGA,Uganda,Year,2021,true,,,,,,,,,,,,,0.087,,,,,,0.09,,WHO MD Survey 2021,EN,2023-06-18T21:00:00.000Z
DEVICES08,Total density per million population: Magnetic Resonance Imaging,text,AFR,Africa,Country,BFA,Burkina Faso,Year,2021,true,,,,,,,,,,,,,0.096,,,,,,0.10,,WHO MD Survey 2021,EN,2023-06-18T21:00:00.000Z
DEVICES08,Total density per million population: Magnetic Resonance Imaging,text,AFR,Africa,Country,ETH,Ethiopia,Year,2021,true,,,,,,,,,,,,,0.16,,,,,,0.16,,WHO MD Survey 2021,EN,2023-06-18T21:00:00.000Z
DEVICES08,Total density per million population: Magnetic Resonance Imaging,text,AFR,Africa,Country,ZAF,South Africa,Year,2021,true,,,,,,,,,,,,,0.2,,,,,,0.20,,WHO MD Survey 2021,EN,2023-06-18T21:00:00.000Z
DEVICES08,Total density per million population: Magnetic Resonance Imaging,text,AFR,Africa,Country,GHA,Ghana,Year,2021,true,,,,,,,,,,,,,0.23,,,,,,0.23,,WHO MD Survey 2021,EN,2023-06-18T21:00:00.000Z
DEVICES08,Total density per million population: Magnetic Resonance Imaging,text,SEAR,South-East Asia,Country,MMR,Myanmar,Year,2021,true,,,,,,,,,,,,,0.24,,,,,,0.24,,WHO MD Survey 2021,EN,2023-06-18T21:00:00.000Z
DEVICES08,Total density per million population: Magnetic Resonance Imaging,text,AFR,Africa,Country,SEN,Senegal,Year,2021,true,,,,,,,,,,,,,0.24,,,,,,0.24,,WHO MD Survey 2021,EN,2023-06-18T21:00:00.000Z
DEVICES08,Total density per million population: Magnetic Resonance Imaging,text,SEAR,South-East Asia,Country,BGD,Bangladesh,Year,2021,true,,,,,,,,,,,,,0.49,,,,,,0.49,,WHO MD Survey 2021,EN,2023-06-18T21:00:00.000Z
DEVICES08,Total density per million population: Magnetic Resonance Imaging,text,EUR,Europe,Country,KGZ,Kyrgyzstan,Year,2021,true,,,,,,,,,,,,,0.77,,,,,,0.77,,WHO MD Survey 2021,EN,2023-06-18T21:00:00.000Z
DEVICES08,Total density per million population: Magnetic Resonance Imaging,text,AMR,Americas,Country,HND,Honduras,Year,2021,true,,,,,,,,,,,,,0.91,,,,,,0.91,,WHO MD Survey 2021,EN,2023-06-18T21:00:00.000Z
DEVICES08,Total density per million population: Magnetic Resonance Imaging,text,EUR,Europe,Country,AZE,Azerbaijan,Year,2021,true,,,,,,,,,,,,,1.38,,,,,,1.38,,WHO MD Survey 2021,EN,2023-06-18T21:00:00.000Z
DEVICES08,Total density per million population: Magnetic Resonance Imaging,text,AMR,Americas,Country,CAN,Canada,Year,2021,true,,,,,,,,,,,,,10.31,,,,,,10.31,,WHO MD Survey 2021,EN,2023-06-18T21:00:00.000Z
DEVICES08,Total density per million population: Magnetic Resonance Imaging,text,EUR,Europe,Country,NLD,Netherlands (Kingdom of the),Year,2021,true,,,,,,,,,,,,,11.85,,,,,,11.85,,WHO MD Survey 2021,EN,2023-06-18T21:00:00.000Z
DEVICES08,Total density per million population: Magnetic Resonance Imaging,text,EUR,Europe,Country,LUX,Luxembourg,Year,2021,true,,,,,,,,,,,,,14.38,,,,,,14.38,,WHO MD Survey 2021,EN,2023-06-18T21:00:00.000Z
DEVICES08,Total density per million population: Magnetic Resonance Imaging,text,EUR,Europe,Country,LTU,Lithuania,Year,2021,true,,,,,,,,,,,,,14.7,,,,,,14.70,,WHO MD Survey 2021,EN,2023-06-18T21:00:00.000Z
DEVICES08,Total density per million population: Magnetic Resonance Imaging,text,AMR,Americas,Country,CUB,Cuba,Year,2021,true,,,,,,,,,,,,,2.21,,,,,,2.21,,WHO MD Survey 2021,EN,2023-06-18T21:00:00.000Z
DEVICES08,Total density per million population: Magnetic Resonance Imaging,text,AMR,Americas,Country,MEX,Mexico,Year,2021,true,,,,,,,,,,,,,2.45,,,,,,2.45,,WHO MD Survey 2021,EN,2023-06-18T21:00:00.000Z
DEVICES08,Total density per million population: Magnetic Resonance Imaging,text,AMR,Americas,Country,BHS,Bahamas,Year,2021,true,,,,,,,,,,,,,2.54,,,,,,2.54,,WHO MD Survey 2021,EN,2023-06-18T21:00:00.000Z
DEVICES08,Total density per million population: Magnetic Resonance Imaging,text,EUR,Europe,Country,FIN,Finland,Year,2021,true,,,,,,,,,,,,,28.7,,,,,,28.70,,WHO MD Survey 2021,EN,2023-06-18T21:00:00.000Z
DEVICES08,Total density per million population: Magnetic Resonance Imaging,text,EUR,Europe,Country,MKD,North Macedonia,Year,2021,true,,,,,,,,,,,,,3.32,,,,,,3.32,,WHO MD Survey 2021,EN,2023-06-18T21:00:00.000Z
DEVICES08,Total density per million population: Magnetic Resonance Imaging,text,EMR,Eastern Mediterranean,Country,JOR,Jordan,Year,2021,true,,,,,,,,,,,,,3.92,,,,,,3.92,,WHO MD Survey 2021,EN,2023-06-18T21:00:00.000Z
DEVICES08,Total density per million population: Magnetic Resonance Imaging,text,AMR,Americas,Country,TTO,Trinidad and Tobago,Year,2021,true,,,,,,,,,,,,,5,,,,,,5.00,,WHO MD Survey 2021,EN,2023-06-18T21:00:00.000Z
DEVICES08,Total density per million population: Magnetic Resonance Imaging,text,AFR,Africa,Country,CPV,Cabo Verde,Year,2021,true,,,,,,,,,,,,,5.4,,,,,,5.40,,WHO MD Survey 2021,EN,2023-06-18T21:00:00.000Z
DEVICES09,Total density per million population: Computed tomography units,text,AFR,Africa,Country,TZA,United Republic of Tanzania,Year,2021,true,,,,,,,,,,,,,0.17,,,,,,0.17,,WHO MD Survey 2021,EN,2023-06-18T21:00:00.000Z
DEVICES09,Total density per million population: Computed tomography units,text,AFR,Africa,Country,TCD,Chad,Year,2021,true,,,,,,,,,,,,,0.18,,,,,,0.18,,WHO MD Survey 2021,EN,2023-06-18T21:00:00.000Z
DEVICES09,Total density per million population: Computed tomography units,text,SEAR,South-East Asia,Country,BGD,Bangladesh,Year,2021,true,,,,,,,,,,,,,0.3,,,,,,0.30,,WHO MD Survey 2021,EN,2023-06-18T21:00:00.000Z
DEVICES09,Total density per million population: Computed tomography units,text,AFR,Africa,Country,GHA,Ghana,Year,2021,true,,,,,,,,,,,,,0.35,,,,,,0.35,,WHO MD Survey 2021,EN,2023-06-18T21:00:00.000Z
DEVICES09,Total density per million population: Computed tomography units,text,AFR,Africa,Country,ETH,Ethiopia,Year,2021,true,,,,,,,,,,,,,0.42,,,,,,0.42,,WHO MD Survey 2021,EN,2023-06-18T21:00:00.000Z
DEVICES09,Total density per million population: Computed tomography units,text,AFR,Africa,Country,UGA,Uganda,Year,2021,true,,,,,,,,,,,,,0.44,,,,,,0.44,,WHO MD Survey 2021,EN,2023-06-18T21:00:00.000Z
DEVICES09,Total density per million population: Computed tomography units,text,AFR,Africa,Country,BFA,Burkina Faso,Year,2021,true,,,,,,,,,,,,,0.72,,,,,,0.72,,WHO MD Survey 2021,EN,2023-06-18T21:00:00.000Z
DEVICES09,Total density per million population: Computed tomography units,text,SEAR,South-East Asia,Country,MMR,Myanmar,Year,2021,true,,,,,,,,,,,,,0.81,,,,,,0.81,,WHO MD Survey 2021,EN,2023-06-18T21:00:00.000Z
DEVICES09,Total density per million population: Computed tomography units,text,AFR,Africa,Country,ZAF,South Africa,Year,2021,true,,,,,,,,,,,,,0.86,,,,,,0.86,,WHO MD Survey 2021,EN,2023-06-18T21:00:00.000Z
DEVICES09,Total density per million population: Computed tomography units,text,AFR,Africa,Country,COM,Comoros,Year,2021,true,,,,,,,,,,,,,1.15,,,,,,1.15,,WHO MD Survey 2021,EN,2023-06-18T21:00:00.000Z
DEVICES09,Total density per million population: Computed tomography units,text,AFR,Africa,Country,SEN,Senegal,Year,2021,true,,,,,,,,,,,,,1.19,,,,,,1.19,,WHO MD Survey 2021,EN,2023-06-18T21:00:00.000Z
DEVICES09,Total density per million population: Computed tomography units,text,AFR,Africa,Country,GMB,Gambia,Year,2021,true,,,,,,,,,,,,,1.24,,,,,,1.24,,WHO MD Survey 2021,EN,2023-06-18T21:00:00.000Z
DEVICES09,Total density per million population: Computed tomography units,text,AMR,Americas,Country,HND,Honduras,Year,2021,true,,,,,,,,,,,,,1.72,,,,,,1.72,,WHO MD Survey 2021,EN,2023-06-18T21:00:00.000Z
DEVICES09,Total density per million population: Computed tomography units,text,EUR,Europe,Country,KGZ,Kyrgyzstan,Year,2021,true,,,,,,,,,,,,,1.99,,,,,,1.99,,WHO MD Survey 2021,EN,2023-06-18T21:00:00.000Z
DEVICES09,Total density per million population: Computed tomography units,text,EUR,Europe,Country,NLD,Netherlands (Kingdom of the),Year,2021,true,,,,,,,,,,,,,11.96,,,,,,11.96,,WHO MD Survey 2021,EN,2023-06-18T21:00:00.000Z
DEVICES09,Total density per million population: Computed tomography units,text,AMR,Americas,Country,BHS,Bahamas,Year,2021,true,,,,,,,,,,,,,12.72,,,,,,12.72,,WHO MD Survey 2021,EN,2023-06-18T21:00:00.000Z
DEVICES09,Total density per million population: Computed tomography units,text,AFR,Africa,Country,CPV,Cabo Verde,Year,2021,true,,,,,,,,,,,,,14.39,,,,,,14.39,,WHO MD Survey 2021,EN,2023-06-18T21:00:00.000Z
DEVICES09,Total density per million population: Computed tomography units,text,AMR,Americas,Country,CAN,Canada,Year,2021,true,,,,,,,,,,,,,14.76,,,,,,14.76,,WHO MD Survey 2021,EN,2023-06-18T21:00:00.000Z
DEVICES09,Total density per million population: Computed tomography units,text,EUR,Europe,Country,FIN,Finland,Year,2021,true,,,,,,,,,,,,,16.42,,,,,,16.42,,WHO MD Survey 2021,EN,2023-06-18T21:00:00.000Z
DEVICES09,Total density per million population: Computed tomography units,text,EUR,Europe,Country,LUX,Luxembourg,Year,2021,true,,,,,,,,,,,,,22.36,,,,,,22.36,,WHO MD Survey 2021,EN,2023-06-18T21:00:00.000Z
DEVICES09,Total density per million population: Computed tomography units,text,EUR,Europe,Country,LTU,Lithuania,Year,2021,true,,,,,,,,,,,,,26.82,,,,,,26.82,,WHO MD Survey 2021,EN,2023-06-18T21:00:00.000Z
DEVICES09,Total density per million population: Computed tomography units,text,EUR,Europe,Country,AZE,Azerbaijan,Year,2021,true,,,,,,,,,,,,,5.03,,,,,,5.03,,WHO MD Survey 2021,EN,2023-06-18T21:00:00.000Z
DEVICES09,Total density per million population: Computed tomography units,text,AMR,Americas,Country,CUB,Cuba,Year,2021,true,,,,,,,,,,,,,5.3,,,,,,5.30,,WHO MD Survey 2021,EN,2023-06-18T21:00:00.000Z
DEVICES09,Total density per million population: Computed tomography units,text,AMR,Americas,Country,MEX,Mexico,Year,2021,true,,,,,,,,,,,,,6.15,,,,,,6.15,,WHO MD Survey 2021,EN,2023-06-18T21:00:00.000Z
DEVICES09,Total density per million population: Computed tomography units,text,EUR,Europe,Country,MKD,North Macedonia,Year,2021,true,,,,,,,,,,,,,6.17,,,,,,6.17,,WHO MD Survey 2021,EN,2023-06-18T21:00:00.000Z
DEVICES09,Total density per million population: Computed tomography units,text,EMR,Eastern Mediterranean,Country,JOR,Jordan,Year,2021,true,,,,,,,,,,,,,7.84,,,,,,7.84,,WHO MD Survey 2021,EN,2023-06-18T21:00:00.000Z
DEVICES09,Total density per million population: Computed tomography units,text,AMR,Americas,Country,TTO,Trinidad and Tobago,Year,2021,true,,,,,,,,,,,,,8.58,,,,,,8.58,,WHO MD Survey 2021,EN,2023-06-18T21:00:00.000Z
DEVICES09,Total density per million population: Computed tomography units,text,WPR,Western Pacific,Country,FSM,Micronesia (Federated States of),Year,2021,true,,,,,,,,,,,,,8.7,,,,,,8.70,,WHO MD Survey 2021,EN,2023-06-18T21:00:00.000Z
DEVICES10,Total density per million population: Positron Emission tomography,text,AMR,Americas,Country,BHS,Bahamas,Year,2021,true,,,,,,,,,,,,,0,,,,,,0,,WHO MD Survey 2021,EN,2023-06-18T21:00:00.000Z
DEVICES10,Total density per million population: Positron Emission tomography,text,AFR,Africa,Country,BFA,Burkina Faso,Year,2021,true,,,,,,,,,,,,,0,,,,,,0,,WHO MD Survey 2021,EN,2023-06-18T21:00:00.000Z
DEVICES10,Total density per million population: Positron Emission tomography,text,AFR,Africa,Country,CPV,Cabo Verde,Year,2021,true,,,,,,,,,,,,,0,,,,,,0,,WHO MD Survey 2021,EN,2023-06-18T21:00:00.000Z
DEVICES10,Total density per million population: Positron Emission tomography,text,AFR,Africa,Country,COM,Comoros,Year,2021,true,,,,,,,,,,,,,0,,,,,,0,,WHO MD Survey 2021,EN,2023-06-18T21:00:00.000Z
DEVICES10,Total density per million population: Positron Emission tomography,text,AFR,Africa,Country,ETH,Ethiopia,Year,2021,true,,,,,,,,,,,,,0,,,,,,0,,WHO MD Survey 2021,EN,2023-06-18T21:00:00.000Z
DEVICES10,Total density per million population: Positron Emission tomography,text,WPR,Western Pacific,Country,FSM,Micronesia (Federated States of),Year,2021,true,,,,,,,,,,,,,0,,,,,,0,,WHO MD Survey 2021,EN,2023-06-18T21:00:00.000Z
DEVICES10,Total density per million population: Positron Emission tomography,text,AFR,Africa,Country,SEN,Senegal,Year,2021,true,,,,,,,,,,,,,0,,,,,,0,,WHO MD Survey 2021,EN,2023-06-18T21:00:00.000Z
DEVICES10,Total density per million population: Positron Emission tomography,text,AFR,Africa,Country,UGA,Uganda,Year,2021,true,,,,,,,,,,,,,0,,,,,,0,,WHO MD Survey 2021,EN,2023-06-18T21:00:00.000Z
DEVICES10,Total density per million population: Positron Emission tomography,text,AFR,Africa,Country,TZA,United Republic of Tanzania,Year,2021,true,,,,,,,,,,,,,0.017,,,,,,0.02,,WHO MD Survey 2021,EN,2023-06-18T21:00:00.000Z
DEVICES10,Total density per million population: Positron Emission tomography,text,SEAR,South-East Asia,Country,MMR,Myanmar,Year,2021,true,,,,,,,,,,,,,0.037,,,,,,0.04,,WHO MD Survey 2021,EN,2023-06-18T21:00:00.000Z
DEVICES10,Total density per million population: Positron Emission tomography,text,AFR,Africa,Country,ZAF,South Africa,Year,2021,true,,,,,,,,,,,,,0.051,,,,,,0.05,,WHO MD Survey 2021,EN,2023-06-18T21:00:00.000Z
DEVICES10,Total density per million population: Positron Emission tomography,text,SEAR,South-East Asia,Country,BGD,Bangladesh,Year,2021,true,,,,,,,,,,,,,0.091,,,,,,0.09,,WHO MD Survey 2021,EN,2023-06-18T21:00:00.000Z
DEVICES10,Total density per million population: Positron Emission tomography,text,EUR,Europe,Country,AZE,Azerbaijan,Year,2021,true,,,,,,,,,,,,,0.2,,,,,,0.20,,WHO MD Survey 2021,EN,2023-06-18T21:00:00.000Z
DEVICES10,Total density per million population: Positron Emission tomography,text,AMR,Americas,Country,MEX,Mexico,Year,2021,true,,,,,,,,,,,,,0.24,,,,,,0.24,,WHO MD Survey 2021,EN,2023-06-18T21:00:00.000Z
DEVICES10,Total density per million population: Positron Emission tomography,text,EMR,Eastern Mediterranean,Country,JOR,Jordan,Year,2021,true,,,,,,,,,,,,,0.39,,,,,,0.39,,WHO MD Survey 2021,EN,2023-06-18T21:00:00.000Z
DEVICES10,Total density per million population: Positron Emission tomography,text,AMR,Americas,Country,TTO,Trinidad and Tobago,Year,2021,true,,,,,,,,,,,,,0.71,,,,,,0.71,,WHO MD Survey 2021,EN,2023-06-18T21:00:00.000Z
DEVICES10,Total density per million population: Positron Emission tomography,text,EUR,Europe,Country,LTU,Lithuania,Year,2021,true,,,,,,,,,,,,,0.73,,,,,,0.73,,WHO MD Survey 2021,EN,2023-06-18T21:00:00.000Z
DEVICES10,Total density per million population: Positron Emission tomography,text,AMR,Americas,Country,CAN,Canada,Year,2021,true,,,,,,,,,,,,,1.48,,,,,,1.48,,WHO MD Survey 2021,EN,2023-06-18T21:00:00.000Z
DEVICES10,Total density per million population: Positron Emission tomography,text,EUR,Europe,Country,LUX,Luxembourg,Year,2021,true,,,,,,,,,,,,,1.6,,,,,,1.60,,WHO MD Survey 2021,EN,2023-06-18T21:00:00.000Z
DEVICES10,Total density per million population: Positron Emission tomography,text,EUR,Europe,Country,NLD,Netherlands (Kingdom of the),Year,2021,true,,,,,,,,,,,,,2.33,,,,,,2.33,,WHO MD Survey 2021,EN,2023-06-18T21:00:00.000Z
DEVICES10,Total density per million population: Positron Emission tomography,text,EUR,Europe,Country,FIN,Finland,Year,2021,true,,,,,,,,,,,,,2.71,,,,,,2.71,,WHO MD Survey 2021,EN,2023-06-18T21:00:00.000Z
DEVICES11,Total density per million population: Gamma camera or Nuclear medicine,text,AMR,Americas,Country,BHS,Bahamas,Year,2021,true,,,,,,,,,,,,,0,,,,,,0,,WHO MD Survey 2021,EN,2023-06-18T21:00:00.000Z
DEVICES11,Total density per million population: Gamma camera or Nuclear medicine,text,AFR,Africa,Country,COM,Comoros,Year,2021,true,,,,,,,,,,,,,0,,,,,,0,,WHO MD Survey 2021,EN,2023-06-18T21:00:00.000Z
DEVICES11,Total density per million population: Gamma camera or Nuclear medicine,text,WPR,Western Pacific,Country,FSM,Micronesia (Federated States of),Year,2021,true,,,,,,,,,,,,,0,,,,,,0,,WHO MD Survey 2021,EN,2023-06-18T21:00:00.000Z
DEVICES11,Total density per million population: Gamma camera or Nuclear medicine,text,AFR,Africa,Country,ETH,Ethiopia,Year,2021,true,,,,,,,,,,,,,0.009,,,,,,0.01,,WHO MD Survey 2021,EN,2023-06-18T21:00:00.000Z
DEVICES11,Total density per million population: Gamma camera or Nuclear medicine,text,AFR,Africa,Country,BFA,Burkina Faso,Year,2021,true,,,,,,,,,,,,,0.048,,,,,,0.05,,WHO MD Survey 2021,EN,2023-06-18T21:00:00.000Z
DEVICES11,Total density per million population: Gamma camera or Nuclear medicine,text,AFR,Africa,Country,UGA,Uganda,Year,2021,true,,,,,,,,,,,,,0.066,,,,,,0.07,,WHO MD Survey 2021,EN,2023-06-18T21:00:00.000Z
DEVICES11,Total density per million population: Gamma camera or Nuclear medicine,text,AFR,Africa,Country,TZA,United Republic of Tanzania,Year,2021,true,,,,,,,,,,,,,0.067,,,,,,0.07,,WHO MD Survey 2021,EN,2023-06-18T21:00:00.000Z
DEVICES11,Total density per million population: Gamma camera or Nuclear medicine,text,SEAR,South-East Asia,Country,BGD,Bangladesh,Year,2021,true,,,,,,,,,,,,,0.085,,,,,,0.09,,WHO MD Survey 2021,EN,2023-06-18T21:00:00.000Z
DEVICES11,Total density per million population: Gamma camera or Nuclear medicine,text,AMR,Americas,Country,HND,Honduras,Year,2021,true,,,,,,,,,,,,,0.1,,,,,,0.10,,WHO MD Survey 2021,EN,2023-06-18T21:00:00.000Z
DEVICES11,Total density per million population: Gamma camera or Nuclear medicine,text,AFR,Africa,Country,SEN,Senegal,Year,2021,true,,,,,,,,,,,,,0.12,,,,,,0.12,,WHO MD Survey 2021,EN,2023-06-18T21:00:00.000Z
DEVICES11,Total density per million population: Gamma camera or Nuclear medicine,text,SEAR,South-East Asia,Country,MMR,Myanmar,Year,2021,true,,,,,,,,,,,,,0.13,,,,,,0.13,,WHO MD Survey 2021,EN,2023-06-18T21:00:00.000Z
DEVICES11,Total density per million population: Gamma camera or Nuclear medicine,text,AFR,Africa,Country,ZAF,South Africa,Year,2021,true,,,,,,,,,,,,,0.47,,,,,,0.47,,WHO MD Survey 2021,EN,2023-06-18T21:00:00.000Z
DEVICES11,Total density per million population: Gamma camera or Nuclear medicine,text,EUR,Europe,Country,KGZ,Kyrgyzstan,Year,2021,true,,,,,,,,,,,,,0.61,,,,,,0.61,,WHO MD Survey 2021,EN,2023-06-18T21:00:00.000Z
DEVICES11,Total density per million population: Gamma camera or Nuclear medicine,text,AMR,Americas,Country,MEX,Mexico,Year,2021,true,,,,,,,,,,,,,0.89,,,,,,0.89,,WHO MD Survey 2021,EN,2023-06-18T21:00:00.000Z
DEVICES11,Total density per million population: Gamma camera or Nuclear medicine,text,EUR,Europe,Country,MKD,North Macedonia,Year,2021,true,,,,,,,,,,,,,0.95,,,,,,0.95,,WHO MD Survey 2021,EN,2023-06-18T21:00:00.000Z
DEVICES11,Total density per million population: Gamma camera or Nuclear medicine,text,EMR,Eastern Mediterranean,Country,JOR,Jordan,Year,2021,true,,,,,,,,,,,,,1.18,,,,,,1.18,,WHO MD Survey 2021,EN,2023-06-18T21:00:00.000Z
DEVICES11,Total density per million population: Gamma camera or Nuclear medicine,text,AMR,Americas,Country,CUB,Cuba,Year,2021,true,,,,,,,,,,,,,1.41,,,,,,1.41,,WHO MD Survey 2021,EN,2023-06-18T21:00:00.000Z
DEVICES11,Total density per million population: Gamma camera or Nuclear medicine,text,EUR,Europe,Country,NLD,Netherlands (Kingdom of the),Year,2021,true,,,,,,,,,,,,,10.45,,,,,,10.45,,WHO MD Survey 2021,EN,2023-06-18T21:00:00.000Z
DEVICES11,Total density per million population: Gamma camera or Nuclear medicine,text,EUR,Europe,Country,LUX,Luxembourg,Year,2021,true,,,,,,,,,,,,,11.18,,,,,,11.18,,WHO MD Survey 2021,EN,2023-06-18T21:00:00.000Z
DEVICES11,Total density per million population: Gamma camera or Nuclear medicine,text,AMR,Americas,Country,CAN,Canada,Year,2021,true,,,,,,,,,,,,,15.58,,,,,,15.58,,WHO MD Survey 2021,EN,2023-06-18T21:00:00.000Z
DEVICES11,Total density per million population: Gamma camera or Nuclear medicine,text,EUR,Europe,Country,LTU,Lithuania,Year,2021,true,,,,,,,,,,,,,2.57,,,,,,2.57,,WHO MD Survey 2021,EN,2023-06-18T21:00:00.000Z
DEVICES11,Total density per million population: Gamma camera or Nuclear medicine,text,AMR,Americas,Country,TTO,Trinidad and Tobago,Year,2021,true,,,,,,,,,,,,,2.86,,,,,,2.86,,WHO MD Survey 2021,EN,2023-06-18T21:00:00.000Z
DEVICES11,Total density per million population: Gamma camera or Nuclear medicine,text,EUR,Europe,Country,FIN,Finland,Year,2021,true,,,,,,,,,,,,,7.58,,,,,,7.58,,WHO MD Survey 2021,EN,2023-06-18T21:00:00.000Z
DEVICES22,Total density per million population: Radiotherapy units,text,AFR,Africa,Country,BFA,Burkina Faso,Year,2021,true,,,,,,,,,,,,,0,,,,,,0,,WHO MD Survey 2021,EN,2023-06-18T21:00:00.000Z
DEVICES22,Total density per million population: Radiotherapy units,text,AFR,Africa,Country,COM,Comoros,Year,2021,true,,,,,,,,,,,,,0,,,,,,0,,WHO MD Survey 2021,EN,2023-06-18T21:00:00.000Z
DEVICES22,Total density per million population: Radiotherapy units,text,WPR,Western Pacific,Country,FSM,Micronesia (Federated States of),Year,2021,true,,,,,,,,,,,,,0,,,,,,0,,WHO MD Survey 2021,EN,2023-06-18T21:00:00.000Z
DEVICES22,Total density per million population: Radiotherapy units,text,AFR,Africa,Country,ETH,Ethiopia,Year,2021,true,,,,,,,,,,,,,0.087,,,,,,0.09,,WHO MD Survey 2021,EN,2023-06-18T21:00:00.000Z
DEVICES22,Total density per million population: Radiotherapy units,text,AFR,Africa,Country,UGA,Uganda,Year,2021,true,,,,,,,,,,,,,0.087,,,,,,0.09,,WHO MD Survey 2021,EN,2023-06-18T21:00:00.000Z
DEVICES22,Total density per million population: Radiotherapy units,text,AFR,Africa,Country,SEN,Senegal,Year,2021,true,,,,,,,,,,,,,0.18,,,,,,0.18,,WHO MD Survey 2021,EN,2023-06-18T21:00:00.000Z
DEVICES22,Total density per million population: Radiotherapy units,text,EMR,Eastern Mediterranean,Country,JOR,Jordan,Year,2021,true,,,,,,,,,,,,,1.37,,,,,,1.37,,WHO MD Survey 2021,EN,2023-06-18T21:00:00.000Z
DEVICES22,Total density per million population: Radiotherapy units,text,EUR,Europe,Country,FIN,Finland,Year,2021,true,,,,,,,,,,,,,10.29,,,,,,10.29,,WHO MD Survey 2021,EN,2023-06-18T21:00:00.000Z
DEVICES22,Total density per million population: Radiotherapy units,text,EUR,Europe,Country,LTU,Lithuania,Year,2021,true,,,,,,,,,,,,,8.82,,,,,,8.82,,WHO MD Survey 2021,EN,2023-06-18T21:00:00.000Z
DEVICES22,Total density per million population: Radiotherapy units,text,EUR,Europe,Country,LUX,Luxembourg,Year,2021,true,,,,,,,,,,,,,9.58,,,,,,9.58,,WHO MD Survey 2021,EN,2023-06-18T21:00:00.000Z
DEVICES23,Total density per million females aged from 50 to 69 years old: Mammography units,numeric,WPR,Western Pacific,Country,FSM,Micronesia (Federated States of),Year,2021,true,,,,,,,,,,,,,0,,,,,,0,,WHO MD Survey 2021,EN,2023-06-18T21:00:00.000Z
DEVICES23,Total density per million females aged from 50 to 69 years old: Mammography units,numeric,SEAR,South-East Asia,Country,BGD,Bangladesh,Year,2021,true,,,,,,,,,,,,,1.12,,,,,,1.12,,WHO MD Survey 2021,EN,2023-06-18T21:00:00.000Z
DEVICES23,Total density per million females aged from 50 to 69 years old: Mammography units,numeric,EUR,Europe,Country,KGZ,Kyrgyzstan,Year,2021,true,,,,,,,,,,,,,11.72,,,,,,11.72,,WHO MD Survey 2021,EN,2023-06-18T21:00:00.000Z
DEVICES23,Total density per million females aged from 50 to 69 years old: Mammography units,numeric,AFR,Africa,Country,CPV,Cabo Verde,Year,2021,true,,,,,,,,,,,,,124.3,,,,,,124.25,,WHO MD Survey 2021,EN,2023-06-18T21:00:00.000Z
DEVICES23,Total density per million females aged from 50 to 69 years old: Mammography units,numeric,AMR,Americas,Country,MEX,Mexico,Year,2021,true,,,,,,,,,,,,,129.2,,,,,,129.17,,WHO MD Survey 2021,EN,2023-06-18T21:00:00.000Z
DEVICES23,Total density per million females aged from 50 to 69 years old: Mammography units,numeric,AMR,Americas,Country,CAN,Canada,Year,2021,true,,,,,,,,,,,,,134.5,,,,,,134.45,,WHO MD Survey 2021,EN,2023-06-18T21:00:00.000Z
DEVICES23,Total density per million females aged from 50 to 69 years old: Mammography units,numeric,AFR,Africa,Country,BFA,Burkina Faso,Year,2021,true,,,,,,,,,,,,,15.49,,,,,,15.49,,WHO MD Survey 2021,EN,2023-06-18T21:00:00.000Z
DEVICES23,Total density per million females aged from 50 to 69 years old: Mammography units,numeric,AMR,Americas,Country,CUB,Cuba,Year,2021,true,,,,,,,,,,,,,18.49,,,,,,18.49,,WHO MD Survey 2021,EN,2023-06-18T21:00:00.000Z
DEVICES23,Total density per million females aged from 50 to 69 years old: Mammography units,numeric,SEAR,South-East Asia,Country,MMR,Myanmar,Year,2021,true,,,,,,,,,,,,,2.16,,,,,,2.16,,WHO MD Survey 2021,EN,2023-06-18T21:00:00.000Z
DEVICES23,Total density per million females aged from 50 to 69 years old: Mammography units,numeric,EUR,Europe,Country,FIN,Finland,Year,2021,true,,,,,,,,,,,,,214.4,,,,,,214.37,,WHO MD Survey 2021,EN,2023-06-18T21:00:00.000Z
DEVICES23,Total density per million females aged from 50 to 69 years old: Mammography units,numeric,AFR,Africa,Country,SEN,Senegal,Year,2021,true,,,,,,,,,,,,,22.36,,,,,,22.36,,WHO MD Survey 2021,EN,2023-06-18T21:00:00.000Z
DEVICES23,Total density per million females aged from 50 to 69 years old: Mammography units,numeric,EUR,Europe,Country,AZE,Azerbaijan,Year,2021,true,,,,,,,,,,,,,22.5,,,,,,22.50,,WHO MD Survey 2021,EN,2023-06-18T21:00:00.000Z
DEVICES23,Total density per million females aged from 50 to 69 years old: Mammography units,numeric,AFR,Africa,Country,COM,Comoros,Year,2021,true,,,,,,,,,,,,,24.28,,,,,,24.28,,WHO MD Survey 2021,EN,2023-06-18T21:00:00.000Z
DEVICES23,Total density per million females aged from 50 to 69 years old: Mammography units,numeric,AFR,Africa,Country,UGA,Uganda,Year,2021,true,,,,,,,,,,,,,3.3,,,,,,3.30,,WHO MD Survey 2021,EN,2023-06-18T21:00:00.000Z
DEVICES23,Total density per million females aged from 50 to 69 years old: Mammography units,numeric,AFR,Africa,Country,TZA,United Republic of Tanzania,Year,2021,true,,,,,,,,,,,,,3.38,,,,,,3.38,,WHO MD Survey 2021,EN,2023-06-18T21:00:00.000Z
DEVICES23,Total density per million females aged from 50 to 69 years old: Mammography units,numeric,AFR,Africa,Country,TCD,Chad,Year,2021,true,,,,,,,,,,,,,3.57,,,,,,3.57,,WHO MD Survey 2021,EN,2023-06-18T21:00:00.000Z
DEVICES23,Total density per million females aged from 50 to 69 years old: Mammography units,numeric,AMR,Americas,Country,HND,Honduras,Year,2021,true,,,,,,,,,,,,,34.41,,,,,,34.41,,WHO MD Survey 2021,EN,2023-06-18T21:00:00.000Z
DEVICES23,Total density per million females aged from 50 to 69 years old: Mammography units,numeric,AMR,Americas,Country,TTO,Trinidad and Tobago,Year,2021,true,,,,,,,,,,,,,37.37,,,,,,37.37,,WHO MD Survey 2021,EN,2023-06-18T21:00:00.000Z
DEVICES23,Total density per million females aged from 50 to 69 years old: Mammography units,numeric,AFR,Africa,Country,GMB,Gambia,Year,2021,true,,,,,,,,,,,,,43.89,,,,,,43.89,,WHO MD Survey 2021,EN,2023-06-18T21:00:00.000Z
DEVICES23,Total density per million females aged from 50 to 69 years old: Mammography units,numeric,AFR,Africa,Country,ZAF,South Africa,Year,2021,true,,,,,,,,,,,,,7.34,,,,,,7.34,,WHO MD Survey 2021,EN,2023-06-18T21:00:00.000Z
DEVICES23,Total density per million females aged from 50 to 69 years old: Mammography units,numeric,EUR,Europe,Country,MKD,North Macedonia,Year,2021,true,,,,,,,,,,,,,79.81,,,,,,79.81,,WHO MD Survey 2021,EN,2023-06-18T21:00:00.000Z
DEVICES23,Total density per million females aged from 50 to 69 years old: Mammography units,numeric,EUR,Europe,Country,LTU,Lithuania,Year,2021,true,,,,,,,,,,,,,81.34,,,,,,81.34,,WHO MD Survey 2021,EN,2023-06-18T21:00:00.000Z
DEVICES23,Total density per million females aged from 50 to 69 years old: Mammography units,numeric,EUR,Europe,Country,LUX,Luxembourg,Year,2021,true,,,,,,,,,,,,,94.39,,,,,,94.39,,WHO MD Survey 2021,EN,2023-06-18T21:00:00.000Z
DEVICES23,Total density per million females aged from 50 to 69 years old: Mammography units,numeric,AMR,Americas,Country,BHS,Bahamas,Year,2021,true,,,,,,,,,,,,,95.1,,,,,,95.10,,WHO MD Survey 2021,EN,2023-06-18T21:00:00.000Z
DEVICES22,Total density per million population: Radiotherapy units,text,AFR,Africa,Country,MOZ,Mozambique,Year,2017-2021,true,,,,,,,,,,,,,0.032,,,,,,0.03,,IAEA 2017-21,EN,2023-06-18T21:00:00.000Z
DEVICES22,Total density per million population: Radiotherapy units,text,EMR,Eastern Mediterranean,Country,YEM,Yemen,Year,2017-2021,true,,,,,,,,,,,,,0.034,,,,,,0.03,,IAEA 2017-21,EN,2023-06-18T21:00:00.000Z
DEVICES22,Total density per million population: Radiotherapy units,text,AFR,Africa,Country,CMR,Cameroon,Year,2017-2021,true,,,,,,,,,,,,,0.038,,,,,,0.04,,IAEA 2017-21,EN,2023-06-18T21:00:00.000Z
DEVICES22,Total density per million population: Radiotherapy units,text,AFR,Africa,Country,NGA,Nigeria,Year,2017-2021,true,,,,,,,,,,,,,0.044,,,,,,0.04,,IAEA 2017-21,EN,2023-06-18T21:00:00.000Z
DEVICES22,Total density per million population: Radiotherapy units,text,AFR,Africa,Country,MLI,Mali,Year,2017-2021,true,,,,,,,,,,,,,0.049,,,,,,0.05,,IAEA 2017-21,EN,2023-06-18T21:00:00.000Z
DEVICES22,Total density per million population: Radiotherapy units,text,AFR,Africa,Country,MDG,Madagascar,Year,2017-2021,true,,,,,,,,,,,,,0.072,,,,,,0.07,,IAEA 2017-21,EN,2023-06-18T21:00:00.000Z
DEVICES22,Total density per million population: Radiotherapy units,text,AFR,Africa,Country,CIV,Cote d'Ivoire,Year,2017-2021,true,,,,,,,,,,,,,0.076,,,,,,0.08,,IAEA 2017-21,EN,2023-06-18T21:00:00.000Z
DEVICES22,Total density per million population: Radiotherapy units,text,AFR,Africa,Country,AGO,Angola,Year,2017-2021,true,,,,,,,,,,,,,0.12,,,,,,0.12,,IAEA 2017-21,EN,2023-06-18T21:00:00.000Z
DEVICES22,Total density per million population: Radiotherapy units,text,AFR,Africa,Country,RWA,Rwanda,Year,2017-2021,true,,,,,,,,,,,,,0.15,,,,,,0.15,,IAEA 2017-21,EN,2023-06-18T21:00:00.000Z
DEVICES22,Total density per million population: Radiotherapy units,text,AFR,Africa,Country,TZA,United Republic of Tanzania,Year,2017-2021,true,,,,,,,,,,,,,0.15,,,,,,0.15,,IAEA 2017-21,EN,2023-06-18T21:00:00.000Z
DEVICES22,Total density per million population: Radiotherapy units,text,WPR,Western Pacific,Country,KHM,Cambodia,Year,2017-2021,true,,,,,,,,,,,,,0.18,,,,,,0.18,,IAEA 2017-21,EN,2023-06-18T21:00:00.000Z
DEVICES22,Total density per million population: Radiotherapy units,text,EUR,Europe,Country,TJK,Tajikistan,Year,2017-2021,true,,,,,,,,,,,,,0.21,,,,,,0.21,,IAEA 2017-21,EN,2023-06-18T21:00:00.000Z
DEVICES22,Total density per million population: Radiotherapy units,text,SEAR,South-East Asia,Country,BGD,Bangladesh,Year,2017-2021,true,,,,,,,,,,,,,0.26,,,,,,0.26,,IAEA 2017-21,EN,2023-06-18T21:00:00.000Z
DEVICES22,Total density per million population: Radiotherapy units,text,AFR,Africa,Country,GHA,Ghana,Year,2017-2021,true,,,,,,,,,,,,,0.26,,,,,,0.26,,IAEA 2017-21,EN,2023-06-18T21:00:00.000Z
DEVICES22,Total density per million population: Radiotherapy units,text,WPR,Western Pacific,Country,LAO,Lao People's Democratic Republic,Year,2017-2021,true,,,,,,,,,,,,,0.27,,,,,,0.27,,IAEA 2017-21,EN,2023-06-18T21:00:00.000Z
DEVICES22,Total density per million population: Radiotherapy units,text,EMR,Eastern Mediterranean,Country,SDN,Sudan,Year,2017-2021,true,,,,,,,,,,,,,0.27,,,,,,0.27,,IAEA 2017-21,EN,2023-06-18T21:00:00.000Z
DEVICES22,Total density per million population: Radiotherapy units,text,EUR,Europe,Country,UZB,Uzbekistan,Year,2017-2021,true,,,,,,,,,,,,,0.27,,,,,,0.27,,IAEA 2017-21,EN,2023-06-18T21:00:00.000Z
DEVICES22,Total density per million population: Radiotherapy units,text,AFR,Africa,Country,ZMB,Zambia,Year,2017-2021,true,,,,,,,,,,,,,0.27,,,,,,0.27,,IAEA 2017-21,EN,2023-06-18T21:00:00.000Z
DEVICES22,Total density per million population: Radiotherapy units,text,WPR,Western Pacific,Country,IDN,Indonesia,Year,2017-2021,true,,,,,,,,,,,,,0.3,,,,,,0.30,,IAEA 2017-21,EN,2023-06-18T21:00:00.000Z
DEVICES22,Total density per million population: Radiotherapy units,text,AFR,Africa,Country,KEN,Kenya,Year,2017-2021,true,,,,,,,,,,,,,0.32,,,,,,0.32,,IAEA 2017-21,EN,2023-06-18T21:00:00.000Z
DEVICES22,Total density per million population: Radiotherapy units,text,EMR,Eastern Mediterranean,Country,PAK,Pakistan,Year,2017-2021,true,,,,,,,,,,,,,0.35,,,,,,0.35,,IAEA 2017-21,EN,2023-06-18T21:00:00.000Z
DEVICES22,Total density per million population: Radiotherapy units,text,SEAR,South-East Asia,Country,NPL,Nepal,Year,2017-2021,true,,,,,,,,,,,,,0.38,,,,,,0.38,,IAEA 2017-21,EN,2023-06-18T21:00:00.000Z
DEVICES22,Total density per million population: Radiotherapy units,text,EUR,Europe,Country,KGZ,Kyrgyzstan,Year,2017-2021,true,,,,,,,,,,,,,0.46,,,,,,0.46,,IAEA 2017-21,EN,2023-06-18T21:00:00.000Z
DEVICES22,Total density per million population: Radiotherapy units,text,EMR,Eastern Mediterranean,Country,IRQ,Iraq,Year,2017-2021,true,,,,,,,,,,,,,0.47,,,,,,0.47,,IAEA 2017-21,EN,2023-06-18T21:00:00.000Z
DEVICES22,Total density per million population: Radiotherapy units,text,WPR,Western Pacific,Country,VNM,Viet Nam,Year,2017-2021,true,,,,,,,,,,,,,0.48,,,,,,0.48,,IAEA 2017-21,EN,2023-06-18T21:00:00.000Z
DEVICES22,Total density per million population: Radiotherapy units,text,SEAR,South-East Asia,Country,MMR,Myanmar,Year,2017-2021,true,,,,,,,,,,,,,0.53,,,,,,0.53,,IAEA 2017-21,EN,2023-06-18T21:00:00.000Z
DEVICES22,Total density per million population: Radiotherapy units,text,EMR,Eastern Mediterranean,Country,OMN,Oman,Year,2017-2021,true,,,,,,,,,,,,,0.59,,,,,,0.59,,IAEA 2017-21,EN,2023-06-18T21:00:00.000Z
DEVICES22,Total density per million population: Radiotherapy units,text,WPR,Western Pacific,Country,PHL,Philippines,Year,2017-2021,true,,,,,,,,,,,,,0.61,,,,,,0.61,,IAEA 2017-21,EN,2023-06-18T21:00:00.000Z
DEVICES22,Total density per million population: Radiotherapy units,text,AFR,Africa,Country,MRT,Mauritania,Year,2017-2021,true,,,,,,,,,,,,,0.65,,,,,,0.65,,IAEA 2017-21,EN,2023-06-18T21:00:00.000Z
DEVICES22,Total density per million population: Radiotherapy units,text,AFR,Africa,Country,ZWE,Zimbabwe,Year,2017-2021,true,,,,,,,,,,,,,0.67,,,,,,0.67,,IAEA 2017-21,EN,2023-06-18T21:00:00.000Z
DEVICES22,Total density per million population: Radiotherapy units,text,EMR,Eastern Mediterranean,Country,SYR,Syrian Arab Republic,Year,2017-2021,true,,,,,,,,,,,,,0.69,,,,,,0.69,,IAEA 2017-21,EN,2023-06-18T21:00:00.000Z
DEVICES22,Total density per million population: Radiotherapy units,text,SEAR,South-East Asia,Country,IND,India,Year,2017-2021,true,,,,,,,,,,,,,0.71,,,,,,0.71,,IAEA 2017-21,EN,2023-06-18T21:00:00.000Z
DEVICES22,Total density per million population: Radiotherapy units,text,EMR,Eastern Mediterranean,Country,ARE,United Arab Emirates,Year,2017-2021,true,,,,,,,,,,,,,0.71,,,,,,0.71,,IAEA 2017-21,EN,2023-06-18T21:00:00.000Z
DEVICES22,Total density per million population: Radiotherapy units,text,AMR,Americas,Country,GTM,Guatemala,Year,2017-2021,true,,,,,,,,,,,,,0.78,,,,,,0.78,,IAEA 2017-21,EN,2023-06-18T21:00:00.000Z
DEVICES22,Total density per million population: Radiotherapy units,text,AFR,Africa,Country,GAB,Gabon,Year,2017-2021,true,,,,,,,,,,,,,0.9,,,,,,0.90,,IAEA 2017-21,EN,2023-06-18T21:00:00.000Z
DEVICES22,Total density per million population: Radiotherapy units,text,AMR,Americas,Country,HND,Honduras,Year,2017-2021,true,,,,,,,,,,,,,0.91,,,,,,0.91,,IAEA 2017-21,EN,2023-06-18T21:00:00.000Z
DEVICES22,Total density per million population: Radiotherapy units,text,AMR,Americas,Country,NIC,Nicaragua,Year,2017-2021,true,,,,,,,,,,,,,0.91,,,,,,0.91,,IAEA 2017-21,EN,2023-06-18T21:00:00.000Z
DEVICES22,Total density per million population: Radiotherapy units,text,EUR,Europe,Country,MDA,Republic of Moldova,Year,2017-2021,true,,,,,,,,,,,,,0.99,,,,,,0.99,,IAEA 2017-21,EN,2023-06-18T21:00:00.000Z
DEVICES22,Total density per million population: Radiotherapy units,text,SEAR,South-East Asia,Country,LKA,Sri Lanka,Year,2017-2021,true,,,,,,,,,,,,,1.07,,,,,,1.07,,IAEA 2017-21,EN,2023-06-18T21:00:00.000Z
DEVICES22,Total density per million population: Radiotherapy units,text,AMR,Americas,Country,BOL,Bolivia (Plurinational State of),Year,2017-2021,true,,,,,,,,,,,,,1.11,,,,,,1.11,,IAEA 2017-21,EN,2023-06-18T21:00:00.000Z
DEVICES22,Total density per million population: Radiotherapy units,text,AFR,Africa,Country,DZA,Algeria,Year,2017-2021,true,,,,,,,,,,,,,1.12,,,,,,1.12,,IAEA 2017-21,EN,2023-06-18T21:00:00.000Z
DEVICES22,Total density per million population: Radiotherapy units,text,EMR,Eastern Mediterranean,Country,LBY,Libya,Year,2017-2021,true,,,,,,,,,,,,,1.16,,,,,,1.16,,IAEA 2017-21,EN,2023-06-18T21:00:00.000Z
DEVICES22,Total density per million population: Radiotherapy units,text,EUR,Europe,Country,AZE,Azerbaijan,Year,2017-2021,true,,,,,,,,,,,,,1.18,,,,,,1.18,,IAEA 2017-21,EN,2023-06-18T21:00:00.000Z
DEVICES22,Total density per million population: Radiotherapy units,text,EMR,Eastern Mediterranean,Country,BHR,Bahrain,Year,2017-2021,true,,,,,,,,,,,,,1.18,,,,,,1.18,,IAEA 2017-21,EN,2023-06-18T21:00:00.000Z
DEVICES22,Total density per million population: Radiotherapy units,text,AFR,Africa,Country,NAM,Namibia,Year,2017-2021,true,,,,,,,,,,,,,1.18,,,,,,1.18,,IAEA 2017-21,EN,2023-06-18T21:00:00.000Z
DEVICES22,Total density per million population: Radiotherapy units,text,EMR,Eastern Mediterranean,Country,SAU,Saudi Arabia,Year,2017-2021,true,,,,,,,,,,,,,1.24,,,,,,1.24,,IAEA 2017-21,EN,2023-06-18T21:00:00.000Z
DEVICES22,Total density per million population: Radiotherapy units,text,WPR,Western Pacific,Country,CHN,China,Year,2017-2021,true,,,,,,,,,,,,,1.26,,,,,,1.26,,IAEA 2017-21,EN,2023-06-18T21:00:00.000Z
DEVICES22,Total density per million population: Radiotherapy units,text,AFR,Africa,Country,BWA,Botswana,Year,2017-2021,true,,,,,,,,,,,,,1.28,,,,,,1.28,,IAEA 2017-21,EN,2023-06-18T21:00:00.000Z
DEVICES22,Total density per million population: Radiotherapy units,text,AMR,Americas,Country,CRI,Costa Rica,Year,2017-2021,true,,,,,,,,,,,,,1.37,,,,,,1.37,,IAEA 2017-21,EN,2023-06-18T21:00:00.000Z
DEVICES22,Total density per million population: Radiotherapy units,text,EMR,Eastern Mediterranean,Country,QAT,Qatar,Year,2017-2021,true,,,,,,,,,,,,,1.39,,,,,,1.39,,IAEA 2017-21,EN,2023-06-18T21:00:00.000Z
DEVICES22,Total density per million population: Radiotherapy units,text,EMR,Eastern Mediterranean,Country,EGY,Egypt,Year,2017-2021,true,,,,,,,,,,,,,1.4,,,,,,1.40,,IAEA 2017-21,EN,2023-06-18T21:00:00.000Z
DEVICES22,Total density per million population: Radiotherapy units,text,EMR,Eastern Mediterranean,Country,KWT,Kuwait,Year,2017-2021,true,,,,,,,,,,,,,1.4,,,,,,1.40,,IAEA 2017-21,EN,2023-06-18T21:00:00.000Z
DEVICES22,Total density per million population: Radiotherapy units,text,EMR,Eastern Mediterranean,Country,MAR,Morocco,Year,2017-2021,true,,,,,,,,,,,,,1.41,,,,,,1.41,,IAEA 2017-21,EN,2023-06-18T21:00:00.000Z
DEVICES22,Total density per million population: Radiotherapy units,text,AMR,Americas,Country,PRY,Paraguay,Year,2017-2021,true,,,,,,,,,,,,,1.54,,,,,,1.54,,IAEA 2017-21,EN,2023-06-18T21:00:00.000Z
DEVICES22,Total density per million population: Radiotherapy units,text,AMR,Americas,Country,ECU,Ecuador,Year,2017-2021,true,,,,,,,,,,,,,1.59,,,,,,1.59,,IAEA 2017-21,EN,2023-06-18T21:00:00.000Z
DEVICES22,Total density per million population: Radiotherapy units,text,EMR,Eastern Mediterranean,Country,IRN,Iran (Islamic Republic of),Year,2017-2021,true,,,,,,,,,,,,,1.63,,,,,,1.63,,IAEA 2017-21,EN,2023-06-18T21:00:00.000Z
DEVICES22,Total density per million population: Radiotherapy units,text,EUR,Europe,Country,ARM,Armenia,Year,2017-2021,true,,,,,,,,,,,,,1.69,,,,,,1.69,,IAEA 2017-21,EN,2023-06-18T21:00:00.000Z
DEVICES22,Total density per million population: Radiotherapy units,text,AMR,Americas,Country,SLV,El Salvador,Year,2017-2021,true,,,,,,,,,,,,,1.7,,,,,,1.70,,IAEA 2017-21,EN,2023-06-18T21:00:00.000Z
DEVICES22,Total density per million population: Radiotherapy units,text,EUR,Europe,Country,TKM,Turkmenistan,Year,2017-2021,true,,,,,,,,,,,,,1.82,,,,,,1.82,,IAEA 2017-21,EN,2023-06-18T21:00:00.000Z
DEVICES22,Total density per million population: Radiotherapy units,text,WPR,Western Pacific,Country,MNG,Mongolia,Year,2017-2021,true,,,,,,,,,,,,,1.83,,,,,,1.83,,IAEA 2017-21,EN,2023-06-18T21:00:00.000Z
DEVICES22,Total density per million population: Radiotherapy units,text,AMR,Americas,Country,MEX,Mexico,Year,2017-2021,true,,,,,,,,,,,,,1.86,,,,,,1.86,,IAEA 2017-21,EN,2023-06-18T21:00:00.000Z
DEVICES22,Total density per million population: Radiotherapy units,text,EUR,Europe,Country,NLD,Netherlands (Kingdom of the),Year,2017-2021,true,,,,,,,,,,,,,10.04,,,,,,10.04,,IAEA 2017-21,EN,2023-06-18T21:00:00.000Z
DEVICES22,Total density per million population: Radiotherapy units,text,WPR,Western Pacific,Country,JPN,Japan,Year,2017-2021,true,,,,,,,,,,,,,10.1,,,,,,10.10,,IAEA 2017-21,EN,2023-06-18T21:00:00.000Z
DEVICES22,Total density per million population: Radiotherapy units,text,EUR,Europe,Country,NOR,Norway,Year,2017-2021,true,,,,,,,,,,,,,10.15,,,,,,10.15,,IAEA 2017-21,EN,2023-06-18T21:00:00.000Z
DEVICES22,Total density per million population: Radiotherapy units,text,AMR,Americas,Country,ATG,Antigua and Barbuda,Year,2017-2021,true,,,,,,,,,,,,,10.2,,,,,,10.20,,IAEA 2017-21,EN,2023-06-18T21:00:00.000Z
DEVICES22,Total density per million population: Radiotherapy units,text,EUR,Europe,Country,CZE,Czechia,Year,2017-2021,true,,,,,,,,,,,,,10.65,,,,,,10.65,,IAEA 2017-21,EN,2023-06-18T21:00:00.000Z
DEVICES22,Total density per million population: Radiotherapy units,text,EUR,Europe,Country,DEU,Germany,Year,2017-2021,true,,,,,,,,,,,,,10.68,,,,,,10.68,,IAEA 2017-21,EN,2023-06-18T21:00:00.000Z
DEVICES22,Total density per million population: Radiotherapy units,text,EUR,Europe,Country,BEL,Belgium,Year,2017-2021,true,,,,,,,,,,,,,10.79,,,,,,10.79,,IAEA 2017-21,EN,2023-06-18T21:00:00.000Z
DEVICES22,Total density per million population: Radiotherapy units,text,EUR,Europe,Country,IRL,Ireland,Year,2017-2021,true,,,,,,,,,,,,,11.14,,,,,,11.14,,IAEA 2017-21,EN,2023-06-18T21:00:00.000Z
DEVICES22,Total density per million population: Radiotherapy units,text,EUR,Europe,Country,DNK,Denmark,Year,2017-2021,true,,,,,,,,,,,,,12.26,,,,,,12.26,,IAEA 2017-21,EN,2023-06-18T21:00:00.000Z
DEVICES22,Total density per million population: Radiotherapy units,text,EUR,Europe,Country,CHE,Switzerland,Year,2017-2021,true,,,,,,,,,,,,,12.82,,,,,,12.82,,IAEA 2017-21,EN,2023-06-18T21:00:00.000Z
DEVICES22,Total density per million population: Radiotherapy units,text,EUR,Europe,Country,SWE,Sweden,Year,2017-2021,true,,,,,,,,,,,,,12.87,,,,,,12.87,,IAEA 2017-21,EN,2023-06-18T21:00:00.000Z
DEVICES22,Total density per million population: Radiotherapy units,text,AMR,Americas,Country,USA,United States of America,Year,2017-2021,true,,,,,,,,,,,,,13.16,,,,,,13.16,,IAEA 2017-21,EN,2023-06-18T21:00:00.000Z
DEVICES22,Total density per million population: Radiotherapy units,text,SEAR,South-East Asia,Country,THA,Thailand,Year,2017-2021,true,,,,,,,,,,,,,2.01,,,,,,2.01,,IAEA 2017-21,EN,2023-06-18T21:00:00.000Z
DEVICES22,Total density per million population: Radiotherapy units,text,EUR,Europe,Country,ALB,Albania,Year,2017-2021,true,,,,,,,,,,,,,2.08,,,,,,2.08,,IAEA 2017-21,EN,2023-06-18T21:00:00.000Z
DEVICES22,Total density per million population: Radiotherapy units,text,AMR,Americas,Country,VEN,Venezuela (Bolivarian Republic of),Year,2017-2021,true,,,,,,,,,,,,,2.15,,,,,,2.15,,IAEA 2017-21,EN,2023-06-18T21:00:00.000Z
DEVICES22,Total density per million population: Radiotherapy units,text,AMR,Americas,Country,PER,Peru,Year,2017-2021,true,,,,,,,,,,,,,2.21,,,,,,2.21,,IAEA 2017-21,EN,2023-06-18T21:00:00.000Z
DEVICES22,Total density per million population: Radiotherapy units,text,WPR,Western Pacific,Country,MYS,Malaysia,Year,2017-2021,true,,,,,,,,,,,,,2.26,,,,,,2.26,,IAEA 2017-21,EN,2023-06-18T21:00:00.000Z
DEVICES22,Total density per million population: Radiotherapy units,text,AFR,Africa,Country,ZAF,South Africa,Year,2017-2021,true,,,,,,,,,,,,,2.28,,,,,,2.28,,IAEA 2017-21,EN,2023-06-18T21:00:00.000Z
DEVICES22,Total density per million population: Radiotherapy units,text,AMR,Americas,Country,PAN,Panama,Year,2017-2021,true,,,,,,,,,,,,,2.32,,,,,,2.32,,IAEA 2017-21,EN,2023-06-18T21:00:00.000Z
DEVICES22,Total density per million population: Radiotherapy units,text,AMR,Americas,Country,JAM,Jamaica,Year,2017-2021,true,,,,,,,,,,,,,2.36,,,,,,2.36,,IAEA 2017-21,EN,2023-06-18T21:00:00.000Z
DEVICES22,Total density per million population: Radiotherapy units,text,AMR,Americas,Country,COL,Colombia,Year,2017-2021,true,,,,,,,,,,,,,2.38,,,,,,2.38,,IAEA 2017-21,EN,2023-06-18T21:00:00.000Z
DEVICES22,Total density per million population: Radiotherapy units,text,EUR,Europe,Country,MKD,North Macedonia,Year,2017-2021,true,,,,,,,,,,,,,2.4,,,,,,2.40,,IAEA 2017-21,EN,2023-06-18T21:00:00.000Z
DEVICES22,Total density per million population: Radiotherapy units,text,EMR,Eastern Mediterranean,Country,TUN,Tunisia,Year,2017-2021,true,,,,,,,,,,,,,2.45,,,,,,2.45,,IAEA 2017-21,EN,2023-06-18T21:00:00.000Z
DEVICES22,Total density per million population: Radiotherapy units,text,AMR,Americas,Country,DOM,Dominican Republic,Year,2017-2021,true,,,,,,,,,,,,,2.49,,,,,,2.49,,IAEA 2017-21,EN,2023-06-18T21:00:00.000Z
DEVICES22,Total density per million population: Radiotherapy units,text,AMR,Americas,Country,GUY,Guyana,Year,2017-2021,true,,,,,,,,,,,,,2.54,,,,,,2.54,,IAEA 2017-21,EN,2023-06-18T21:00:00.000Z
DEVICES22,Total density per million population: Radiotherapy units,text,AMR,Americas,Country,BRA,Brazil,Year,2017-2021,true,,,,,,,,,,,,,2.55,,,,,,2.55,,IAEA 2017-21,EN,2023-06-18T21:00:00.000Z
DEVICES22,Total density per million population: Radiotherapy units,text,AMR,Americas,Country,CUB,Cuba,Year,2017-2021,true,,,,,,,,,,,,,2.91,,,,,,2.91,,IAEA 2017-21,EN,2023-06-18T21:00:00.000Z
DEVICES22,Total density per million population: Radiotherapy units,text,AMR,Americas,Country,CHL,Chile,Year,2017-2021,true,,,,,,,,,,,,,2.93,,,,,,2.93,,IAEA 2017-21,EN,2023-06-18T21:00:00.000Z
DEVICES22,Total density per million population: Radiotherapy units,text,AFR,Africa,Country,MUS,Mauritius,Year,2017-2021,true,,,,,,,,,,,,,3.14,,,,,,3.14,,IAEA 2017-21,EN,2023-06-18T21:00:00.000Z
DEVICES22,Total density per million population: Radiotherapy units,text,EMR,Eastern Mediterranean,Country,LBN,Lebanon,Year,2017-2021,true,,,,,,,,,,,,,3.52,,,,,,3.52,,IAEA 2017-21,EN,2023-06-18T21:00:00.000Z
DEVICES22,Total density per million population: Radiotherapy units,text,EUR,Europe,Country,TUR,Türkiye,Year,2017-2021,true,,,,,,,,,,,,,3.56,,,,,,3.56,,IAEA 2017-21,EN,2023-06-18T21:00:00.000Z
DEVICES22,Total density per million population: Radiotherapy units,text,EUR,Europe,Country,ROU,Romania,Year,2017-2021,true,,,,,,,,,,,,,3.59,,,,,,3.59,,IAEA 2017-21,EN,2023-06-18T21:00:00.000Z
DEVICES22,Total density per million population: Radiotherapy units,text,AMR,Americas,Country,ARG,Argentina,Year,2017-2021,true,,,,,,,,,,,,,3.96,,,,,,3.96,,IAEA 2017-21,EN,2023-06-18T21:00:00.000Z
DEVICES22,Total density per million population: Radiotherapy units,text,EUR,Europe,Country,BIH,Bosnia and Herzegovina,Year,2017-2021,true,,,,,,,,,,,,,3.96,,,,,,3.96,,IAEA 2017-21,EN,2023-06-18T21:00:00.000Z
DEVICES22,Total density per million population: Radiotherapy units,text,EUR,Europe,Country,SRB,Serbia,Year,2017-2021,true,,,,,,,,,,,,,4.12,,,,,,4.12,,IAEA 2017-21,EN,2023-06-18T21:00:00.000Z
DEVICES22,Total density per million population: Radiotherapy units,text,WPR,Western Pacific,Country,KOR,Republic of Korea,Year,2017-2021,true,,,,,,,,,,,,,4.25,,,,,,4.25,,IAEA 2017-21,EN,2023-06-18T21:00:00.000Z
DEVICES22,Total density per million population: Radiotherapy units,text,EUR,Europe,Country,KAZ,Kazakhstan,Year,2017-2021,true,,,,,,,,,,,,,4.42,,,,,,4.42,,IAEA 2017-21,EN,2023-06-18T21:00:00.000Z
DEVICES22,Total density per million population: Radiotherapy units,text,EUR,Europe,Country,UKR,Ukraine,Year,2017-2021,true,,,,,,,,,,,,,4.53,,,,,,4.53,,IAEA 2017-21,EN,2023-06-18T21:00:00.000Z
DEVICES22,Total density per million population: Radiotherapy units,text,WPR,Western Pacific,Country,BRN,Brunei Darussalam,Year,2017-2021,true,,,,,,,,,,,,,4.58,,,,,,4.58,,IAEA 2017-21,EN,2023-06-18T21:00:00.000Z
DEVICES22,Total density per million population: Radiotherapy units,text,EUR,Europe,Country,POL,Poland,Year,2017-2021,true,,,,,,,,,,,,,4.62,,,,,,4.62,,IAEA 2017-21,EN,2023-06-18T21:00:00.000Z
DEVICES22,Total density per million population: Radiotherapy units,text,EUR,Europe,Country,RUS,Russian Federation,Year,2017-2021,true,,,,,,,,,,,,,4.76,,,,,,4.76,,IAEA 2017-21,EN,2023-06-18T21:00:00.000Z
DEVICES22,Total density per million population: Radiotherapy units,text,EUR,Europe,Country,ISR,Israel,Year,2017-2021,true,,,,,,,,,,,,,5.08,,,,,,5.08,,IAEA 2017-21,EN,2023-06-18T21:00:00.000Z
DEVICES22,Total density per million population: Radiotherapy units,text,AMR,Americas,Country,BHS,Bahamas,Year,2017-2021,true,,,,,,,,,,,,,5.09,,,,,,5.09,,IAEA 2017-21,EN,2023-06-18T21:00:00.000Z
DEVICES22,Total density per million population: Radiotherapy units,text,AMR,Americas,Country,SUR,Suriname,Year,2017-2021,true,,,,,,,,,,,,,5.11,,,,,,5.11,,IAEA 2017-21,EN,2023-06-18T21:00:00.000Z
DEVICES22,Total density per million population: Radiotherapy units,text,WPR,Western Pacific,Country,SGP,Singapore,Year,2017-2021,true,,,,,,,,,,,,,5.13,,,,,,5.13,,IAEA 2017-21,EN,2023-06-18T21:00:00.000Z
DEVICES22,Total density per million population: Radiotherapy units,text,EUR,Europe,Country,GEO,Georgia,Year,2017-2021,true,,,,,,,,,,,,,5.26,,,,,,5.26,,IAEA 2017-21,EN,2023-06-18T21:00:00.000Z
DEVICES22,Total density per million population: Radiotherapy units,text,EUR,Europe,Country,HRV,Croatia,Year,2017-2021,true,,,,,,,,,,,,,5.85,,,,,,5.85,,IAEA 2017-21,EN,2023-06-18T21:00:00.000Z
DEVICES22,Total density per million population: Radiotherapy units,text,EUR,Europe,Country,MCO,Monaco,Year,2017-2021,true,,,,,,,,,,,,,51.28,,,,,,51.28,,IAEA 2017-21,EN,2023-06-18T21:00:00.000Z
DEVICES22,Total density per million population: Radiotherapy units,text,EUR,Europe,Country,HUN,Hungary,Year,2017-2021,true,,,,,,,,,,,,,6.11,,,,,,6.11,,IAEA 2017-21,EN,2023-06-18T21:00:00.000Z
DEVICES22,Total density per million population: Radiotherapy units,text,EUR,Europe,Country,LVA,Latvia,Year,2017-2021,true,,,,,,,,,,,,,6.36,,,,,,6.36,,IAEA 2017-21,EN,2023-06-18T21:00:00.000Z
DEVICES22,Total density per million population: Radiotherapy units,text,EUR,Europe,Country,MNE,Montenegro,Year,2017-2021,true,,,,,,,,,,,,,6.37,,,,,,6.37,,IAEA 2017-21,EN,2023-06-18T21:00:00.000Z
DEVICES22,Total density per million population: Radiotherapy units,text,EUR,Europe,Country,BLR,Belarus,Year,2017-2021,true,,,,,,,,,,,,,6.46,,,,,,6.46,,IAEA 2017-21,EN,2023-06-18T21:00:00.000Z
DEVICES22,Total density per million population: Radiotherapy units,text,EUR,Europe,Country,GRC,Greece,Year,2017-2021,true,,,,,,,,,,,,,6.62,,,,,,6.62,,IAEA 2017-21,EN,2023-06-18T21:00:00.000Z
DEVICES22,Total density per million population: Radiotherapy units,text,EUR,Europe,Country,EST,Estonia,Year,2017-2021,true,,,,,,,,,,,,,6.78,,,,,,6.78,,IAEA 2017-21,EN,2023-06-18T21:00:00.000Z
DEVICES22,Total density per million population: Radiotherapy units,text,EUR,Europe,Country,SVK,Slovakia,Year,2017-2021,true,,,,,,,,,,,,,6.78,,,,,,6.78,,IAEA 2017-21,EN,2023-06-18T21:00:00.000Z
DEVICES22,Total density per million population: Radiotherapy units,text,EUR,Europe,Country,GBR,United Kingdom of Great Britain and Northern Ireland,Year,2017-2021,true,,,,,,,,,,,,,6.85,,,,,,6.85,,IAEA 2017-21,EN,2023-06-18T21:00:00.000Z
DEVICES22,Total density per million population: Radiotherapy units,text,AMR,Americas,Country,URY,Uruguay,Year,2017-2021,true,,,,,,,,,,,,,6.91,,,,,,6.91,,IAEA 2017-21,EN,2023-06-18T21:00:00.000Z
DEVICES22,Total density per million population: Radiotherapy units,text,AMR,Americas,Country,BRB,Barbados,Year,2017-2021,true,,,,,,,,,,,,,6.97,,,,,,6.97,,IAEA 2017-21,EN,2023-06-18T21:00:00.000Z
DEVICES22,Total density per million population: Radiotherapy units,text,EUR,Europe,Country,PRT,Portugal,Year,2017-2021,true,,,,,,,,,,,,,7.16,,,,,,7.16,,IAEA 2017-21,EN,2023-06-18T21:00:00.000Z
DEVICES22,Total density per million population: Radiotherapy units,text,WPR,Western Pacific,Country,NZL,New Zealand,Year,2017-2021,true,,,,,,,,,,,,,7.47,,,,,,7.47,,IAEA 2017-21,EN,2023-06-18T21:00:00.000Z
DEVICES22,Total density per million population: Radiotherapy units,text,EUR,Europe,Country,BGR,Bulgaria,Year,2017-2021,true,,,,,,,,,,,,,7.77,,,,,,7.77,,IAEA 2017-21,EN,2023-06-18T21:00:00.000Z
DEVICES22,Total density per million population: Radiotherapy units,text,AMR,Americas,Country,TTO,Trinidad and Tobago,Year,2017-2021,true,,,,,,,,,,,,,7.86,,,,,,7.86,,IAEA 2017-21,EN,2023-06-18T21:00:00.000Z
DEVICES22,Total density per million population: Radiotherapy units,text,EUR,Europe,Country,SVN,Slovenia,Year,2017-2021,true,,,,,,,,,,,,,8.18,,,,,,8.18,,IAEA 2017-21,EN,2023-06-18T21:00:00.000Z
DEVICES22,Total density per million population: Radiotherapy units,text,EUR,Europe,Country,ITA,Italy,Year,2017-2021,true,,,,,,,,,,,,,8.27,,,,,,8.27,,IAEA 2017-21,EN,2023-06-18T21:00:00.000Z
DEVICES22,Total density per million population: Radiotherapy units,text,EUR,Europe,Country,CYP,Cyprus,Year,2017-2021,true,,,,,,,,,,,,,8.29,,,,,,8.29,,IAEA 2017-21,EN,2023-06-18T21:00:00.000Z
DEVICES22,Total density per million population: Radiotherapy units,text,EUR,Europe,Country,AUT,Austria,Year,2017-2021,true,,,,,,,,,,,,,8.44,,,,,,8.44,,IAEA 2017-21,EN,2023-06-18T21:00:00.000Z
DEVICES22,Total density per million population: Radiotherapy units,text,EUR,Europe,Country,ISL,Iceland,Year,2017-2021,true,,,,,,,,,,,,,8.8,,,,,,8.80,,IAEA 2017-21,EN,2023-06-18T21:00:00.000Z
DEVICES22,Total density per million population: Radiotherapy units,text,EUR,Europe,Country,MLT,Malta,Year,2017-2021,true,,,,,,,,,,,,,9.05,,,,,,9.05,,IAEA 2017-21,EN,2023-06-18T21:00:00.000Z
DEVICES22,Total density per million population: Radiotherapy units,text,EUR,Europe,Country,FRA,France,Year,2017-2021,true,,,,,,,,,,,,,9.18,,,,,,9.18,,IAEA 2017-21,EN,2023-06-18T21:00:00.000Z
DEVICES22,Total density per million population: Radiotherapy units,text,EUR,Europe,Country,ESP,Spain,Year,2017-2021,true,,,,,,,,,,,,,9.28,,,,,,9.28,,IAEA 2017-21,EN,2023-06-18T21:00:00.000Z
DEVICES22,Total density per million population: Radiotherapy units,text,WPR,Western Pacific,Country,AUS,Australia,Year,2017-2021,true,,,,,,,,,,,,,9.29,,,,,,9.29,,IAEA 2017-21,EN,2023-06-18T21:00:00.000Z
DEVICES22,Total density per million population: Radiotherapy units,text,AMR,Americas,Country,CAN,Canada,Year,2017-2021,true,,,,,,,,,,,,,9.3,,,,,,9.30,,IAEA 2017-21,EN,2023-06-18T21:00:00.000Z
DEVICES08,Total density per million population: Magnetic Resonance Imaging,text,AMR,Americas,Country,COL,Colombia,Year,2017-2019,true,,,,,,,,,,,,,0.24,,,,,,0.24,,OECD 2017-19,EN,2023-06-18T21:00:00.000Z
DEVICES08,Total density per million population: Magnetic Resonance Imaging,text,EUR,Europe,Country,CZE,Czechia,Year,2017-2019,true,,,,,,,,,,,,,10.27,,,,,,10.27,,OECD 2017-19,EN,2023-06-18T21:00:00.000Z
DEVICES08,Total density per million population: Magnetic Resonance Imaging,text,EUR,Europe,Country,TUR,Türkiye,Year,2017-2019,true,,,,,,,,,,,,,10.85,,,,,,10.85,,OECD 2017-19,EN,2023-06-18T21:00:00.000Z
DEVICES08,Total density per million population: Magnetic Resonance Imaging,text,EUR,Europe,Country,BEL,Belgium,Year,2017-2019,true,,,,,,,,,,,,,11.48,,,,,,11.48,,OECD 2017-19,EN,2023-06-18T21:00:00.000Z
DEVICES08,Total density per million population: Magnetic Resonance Imaging,text,AMR,Americas,Country,CHL,Chile,Year,2017-2019,true,,,,,,,,,,,,,11.82,,,,,,11.82,,OECD 2017-19,EN,2023-06-18T21:00:00.000Z
DEVICES08,Total density per million population: Magnetic Resonance Imaging,text,EUR,Europe,Country,SVN,Slovenia,Year,2017-2019,true,,,,,,,,,,,,,12.51,,,,,,12.51,,OECD 2017-19,EN,2023-06-18T21:00:00.000Z
DEVICES08,Total density per million population: Magnetic Resonance Imaging,text,EUR,Europe,Country,EST,Estonia,Year,2017-2019,true,,,,,,,,,,,,,13.56,,,,,,13.56,,OECD 2017-19,EN,2023-06-18T21:00:00.000Z
DEVICES08,Total density per million population: Magnetic Resonance Imaging,text,EUR,Europe,Country,LVA,Latvia,Year,2017-2019,true,,,,,,,,,,,,,13.79,,,,,,13.79,,OECD 2017-19,EN,2023-06-18T21:00:00.000Z
DEVICES08,Total density per million population: Magnetic Resonance Imaging,text,WPR,Western Pacific,Country,AUS,Australia,Year,2017-2019,true,,,,,,,,,,,,,14.71,,,,,,14.71,,OECD 2017-19,EN,2023-06-18T21:00:00.000Z
DEVICES08,Total density per million population: Magnetic Resonance Imaging,text,WPR,Western Pacific,Country,NZL,New Zealand,Year,2017-2019,true,,,,,,,,,,,,,15.76,,,,,,15.76,,OECD 2017-19,EN,2023-06-18T21:00:00.000Z
DEVICES08,Total density per million population: Magnetic Resonance Imaging,text,EUR,Europe,Country,IRL,Ireland,Year,2017-2019,true,,,,,,,,,,,,,15.8,,,,,,15.80,,OECD 2017-19,EN,2023-06-18T21:00:00.000Z
DEVICES08,Total density per million population: Magnetic Resonance Imaging,text,EUR,Europe,Country,FRA,France,Year,2017-2019,true,,,,,,,,,,,,,15.84,,,,,,15.84,,OECD 2017-19,EN,2023-06-18T21:00:00.000Z
DEVICES08,Total density per million population: Magnetic Resonance Imaging,text,EUR,Europe,Country,ESP,Spain,Year,2017-2019,true,,,,,,,,,,,,,17.22,,,,,,17.22,,OECD 2017-19,EN,2023-06-18T21:00:00.000Z
DEVICES08,Total density per million population: Magnetic Resonance Imaging,text,EUR,Europe,Country,ISL,Iceland,Year,2017-2019,true,,,,,,,,,,,,,20.53,,,,,,20.53,,OECD 2017-19,EN,2023-06-18T21:00:00.000Z
DEVICES08,Total density per million population: Magnetic Resonance Imaging,text,EUR,Europe,Country,AUT,Austria,Year,2017-2019,true,,,,,,,,,,,,,23.1,,,,,,23.10,,OECD 2017-19,EN,2023-06-18T21:00:00.000Z
DEVICES08,Total density per million population: Magnetic Resonance Imaging,text,EUR,Europe,Country,ITA,Italy,Year,2017-2019,true,,,,,,,,,,,,,28.71,,,,,,28.71,,OECD 2017-19,EN,2023-06-18T21:00:00.000Z
DEVICES08,Total density per million population: Magnetic Resonance Imaging,text,EUR,Europe,Country,GRC,Greece,Year,2017-2019,true,,,,,,,,,,,,,30.22,,,,,,30.22,,OECD 2017-19,EN,2023-06-18T21:00:00.000Z
DEVICES08,Total density per million population: Magnetic Resonance Imaging,text,WPR,Western Pacific,Country,KOR,Republic of Korea,Year,2017-2019,true,,,,,,,,,,,,,30.29,,,,,,30.29,,OECD 2017-19,EN,2023-06-18T21:00:00.000Z
DEVICES08,Total density per million population: Magnetic Resonance Imaging,text,EUR,Europe,Country,DEU,Germany,Year,2017-2019,true,,,,,,,,,,,,,34.24,,,,,,34.24,,OECD 2017-19,EN,2023-06-18T21:00:00.000Z
DEVICES08,Total density per million population: Magnetic Resonance Imaging,text,EUR,Europe,Country,RUS,Russian Federation,Year,2017-2019,true,,,,,,,,,,,,,4.87,,,,,,4.87,,OECD 2017-19,EN,2023-06-18T21:00:00.000Z
DEVICES08,Total density per million population: Magnetic Resonance Imaging,text,EUR,Europe,Country,HUN,Hungary,Year,2017-2019,true,,,,,,,,,,,,,4.97,,,,,,4.97,,OECD 2017-19,EN,2023-06-18T21:00:00.000Z
DEVICES08,Total density per million population: Magnetic Resonance Imaging,text,AMR,Americas,Country,USA,United States of America,Year,2017-2019,true,,,,,,,,,,,,,40.11,,,,,,40.11,,OECD 2017-19,EN,2023-06-18T21:00:00.000Z
DEVICES08,Total density per million population: Magnetic Resonance Imaging,text,EUR,Europe,Country,ISR,Israel,Year,2017-2019,true,,,,,,,,,,,,,5.31,,,,,,5.31,,OECD 2017-19,EN,2023-06-18T21:00:00.000Z
DEVICES08,Total density per million population: Magnetic Resonance Imaging,text,WPR,Western Pacific,Country,JPN,Japan,Year,2017-2019,true,,,,,,,,,,,,,55.31,,,,,,55.31,,OECD 2017-19,EN,2023-06-18T21:00:00.000Z
DEVICES08,Total density per million population: Magnetic Resonance Imaging,text,EUR,Europe,Country,POL,Poland,Year,2017-2019,true,,,,,,,,,,,,,9.25,,,,,,9.25,,OECD 2017-19,EN,2023-06-18T21:00:00.000Z
DEVICES08,Total density per million population: Magnetic Resonance Imaging,text,EUR,Europe,Country,SVK,Slovakia,Year,2017-2019,true,,,,,,,,,,,,,9.52,,,,,,9.52,,OECD 2017-19,EN,2023-06-18T21:00:00.000Z
DEVICES09,Total density per million population: Computed tomography units,text,EUR,Europe,Country,POL,Poland,Year,2017-2019,true,,,,,,,,,,,,,0,,,,,,0,,WHO MD Survey 2021,EN,2023-06-18T21:00:00.000Z
DEVICES09,Total density per million population: Computed tomography units,text,EUR,Europe,Country,ISR,Israel,Year,2017-2019,true,,,,,,,,,,,,,10.17,,,,,,10.17,,OECD 2017-19,EN,2023-06-18T21:00:00.000Z
DEVICES09,Total density per million population: Computed tomography units,text,WPR,Western Pacific,Country,JPN,Japan,Year,2017-2019,true,,,,,,,,,,,,,111.7,,,,,,111.69,,OECD 2017-19,EN,2023-06-18T21:00:00.000Z
DEVICES09,Total density per million population: Computed tomography units,text,EUR,Europe,Country,RUS,Russian Federation,Year,2017-2019,true,,,,,,,,,,,,,13.45,,,,,,13.45,,OECD 2017-19,EN,2023-06-18T21:00:00.000Z
DEVICES09,Total density per million population: Computed tomography units,text,EUR,Europe,Country,TUR,Türkiye,Year,2017-2019,true,,,,,,,,,,,,,14.36,,,,,,14.36,,OECD 2017-19,EN,2023-06-18T21:00:00.000Z
DEVICES09,Total density per million population: Computed tomography units,text,WPR,Western Pacific,Country,NZL,New Zealand,Year,2017-2019,true,,,,,,,,,,,,,15.76,,,,,,15.76,,OECD 2017-19,EN,2023-06-18T21:00:00.000Z
DEVICES09,Total density per million population: Computed tomography units,text,EUR,Europe,Country,CZE,Czechia,Year,2017-2019,true,,,,,,,,,,,,,15.97,,,,,,15.97,,OECD 2017-19,EN,2023-06-18T21:00:00.000Z
DEVICES09,Total density per million population: Computed tomography units,text,EUR,Europe,Country,SVN,Slovenia,Year,2017-2019,true,,,,,,,,,,,,,18.28,,,,,,18.28,,OECD 2017-19,EN,2023-06-18T21:00:00.000Z
DEVICES09,Total density per million population: Computed tomography units,text,EUR,Europe,Country,SVK,Slovakia,Year,2017-2019,true,,,,,,,,,,,,,18.32,,,,,,18.32,,OECD 2017-19,EN,2023-06-18T21:00:00.000Z
DEVICES09,Total density per million population: Computed tomography units,text,EUR,Europe,Country,FRA,France,Year,2017-2019,true,,,,,,,,,,,,,18.72,,,,,,18.72,,OECD 2017-19,EN,2023-06-18T21:00:00.000Z
DEVICES09,Total density per million population: Computed tomography units,text,EUR,Europe,Country,EST,Estonia,Year,2017-2019,true,,,,,,,,,,,,,18.84,,,,,,18.84,,OECD 2017-19,EN,2023-06-18T21:00:00.000Z
DEVICES09,Total density per million population: Computed tomography units,text,EUR,Europe,Country,ESP,Spain,Year,2017-2019,true,,,,,,,,,,,,,19.14,,,,,,19.14,,OECD 2017-19,EN,2023-06-18T21:00:00.000Z
DEVICES09,Total density per million population: Computed tomography units,text,EUR,Europe,Country,IRL,Ireland,Year,2017-2019,true,,,,,,,,,,,,,21.26,,,,,,21.26,,OECD 2017-19,EN,2023-06-18T21:00:00.000Z
DEVICES09,Total density per million population: Computed tomography units,text,AMR,Americas,Country,CHL,Chile,Year,2017-2019,true,,,,,,,,,,,,,23.33,,,,,,23.33,,OECD 2017-19,EN,2023-06-18T21:00:00.000Z
DEVICES09,Total density per million population: Computed tomography units,text,EUR,Europe,Country,BEL,Belgium,Year,2017-2019,true,,,,,,,,,,,,,23.47,,,,,,23.47,,OECD 2017-19,EN,2023-06-18T21:00:00.000Z
DEVICES09,Total density per million population: Computed tomography units,text,EUR,Europe,Country,AUT,Austria,Year,2017-2019,true,,,,,,,,,,,,,28.31,,,,,,28.31,,OECD 2017-19,EN,2023-06-18T21:00:00.000Z
DEVICES09,Total density per million population: Computed tomography units,text,EUR,Europe,Country,DEU,Germany,Year,2017-2019,true,,,,,,,,,,,,,34.66,,,,,,34.66,,OECD 2017-19,EN,2023-06-18T21:00:00.000Z
DEVICES09,Total density per million population: Computed tomography units,text,EUR,Europe,Country,ITA,Italy,Year,2017-2019,true,,,,,,,,,,,,,35.1,,,,,,35.10,,OECD 2017-19,EN,2023-06-18T21:00:00.000Z
DEVICES09,Total density per million population: Computed tomography units,text,WPR,Western Pacific,Country,KOR,Republic of Korea,Year,2017-2019,true,,,,,,,,,,,,,38.83,,,,,,38.83,,OECD 2017-19,EN,2023-06-18T21:00:00.000Z
DEVICES09,Total density per million population: Computed tomography units,text,EUR,Europe,Country,LVA,Latvia,Year,2017-2019,true,,,,,,,,,,,,,39.24,,,,,,39.24,,OECD 2017-19,EN,2023-06-18T21:00:00.000Z
DEVICES09,Total density per million population: Computed tomography units,text,EUR,Europe,Country,DNK,Denmark,Year,2017-2019,true,,,,,,,,,,,,,40.75,,,,,,40.75,,OECD 2017-19,EN,2023-06-18T21:00:00.000Z
DEVICES09,Total density per million population: Computed tomography units,text,EUR,Europe,Country,GRC,Greece,Year,2017-2019,true,,,,,,,,,,,,,41.83,,,,,,41.83,,OECD 2017-19,EN,2023-06-18T21:00:00.000Z
DEVICES09,Total density per million population: Computed tomography units,text,AMR,Americas,Country,USA,United States of America,Year,2017-2019,true,,,,,,,,,,,,,44.56,,,,,,44.56,,OECD 2017-19,EN,2023-06-18T21:00:00.000Z
DEVICES09,Total density per million population: Computed tomography units,text,EUR,Europe,Country,ISL,Iceland,Year,2017-2019,true,,,,,,,,,,,,,49.85,,,,,,49.85,,OECD 2017-19,EN,2023-06-18T21:00:00.000Z
DEVICES09,Total density per million population: Computed tomography units,text,WPR,Western Pacific,Country,AUS,Australia,Year,2017-2019,true,,,,,,,,,,,,,69.88,,,,,,69.88,,OECD 2017-19,EN,2023-06-18T21:00:00.000Z
DEVICES09,Total density per million population: Computed tomography units,text,EUR,Europe,Country,HUN,Hungary,Year,2017-2019,true,,,,,,,,,,,,,9.52,,,,,,9.52,,OECD 2017-19,EN,2023-06-18T21:00:00.000Z
DEVICES10,Total density per million population: Positron Emission tomography,text,EUR,Europe,Country,POL,Poland,Year,2017-2019,true,,,,,,,,,,,,,0.87,,,,,,0.87,,OECD 2017-19,EN,2023-06-18T21:00:00.000Z
DEVICES10,Total density per million population: Positron Emission tomography,text,EUR,Europe,Country,HUN,Hungary,Year,2017-2019,true,,,,,,,,,,,,,0.93,,,,,,0.93,,OECD 2017-19,EN,2023-06-18T21:00:00.000Z
DEVICES10,Total density per million population: Positron Emission tomography,text,WPR,Western Pacific,Country,NZL,New Zealand,Year,2017-2019,true,,,,,,,,,,,,,1.04,,,,,,1.04,,OECD 2017-19,EN,2023-06-18T21:00:00.000Z
DEVICES10,Total density per million population: Positron Emission tomography,text,EUR,Europe,Country,LVA,Latvia,Year,2017-2019,true,,,,,,,,,,,,,1.06,,,,,,1.06,,OECD 2017-19,EN,2023-06-18T21:00:00.000Z
DEVICES10,Total density per million population: Positron Emission tomography,text,EUR,Europe,Country,GRC,Greece,Year,2017-2019,true,,,,,,,,,,,,,1.25,,,,,,1.25,,OECD 2017-19,EN,2023-06-18T21:00:00.000Z
DEVICES10,Total density per million population: Positron Emission tomography,text,EUR,Europe,Country,SVN,Slovenia,Year,2017-2019,true,,,,,,,,,,,,,1.44,,,,,,1.44,,OECD 2017-19,EN,2023-06-18T21:00:00.000Z
DEVICES10,Total density per million population: Positron Emission tomography,text,EUR,Europe,Country,SVK,Slovakia,Year,2017-2019,true,,,,,,,,,,,,,1.47,,,,,,1.47,,OECD 2017-19,EN,2023-06-18T21:00:00.000Z
DEVICES10,Total density per million population: Positron Emission tomography,text,EUR,Europe,Country,TUR,Türkiye,Year,2017-2019,true,,,,,,,,,,,,,1.55,,,,,,1.55,,OECD 2017-19,EN,2023-06-18T21:00:00.000Z
DEVICES10,Total density per million population: Positron Emission tomography,text,EUR,Europe,Country,CZE,Czechia,Year,2017-2019,true,,,,,,,,,,,,,1.59,,,,,,1.59,,OECD 2017-19,EN,2023-06-18T21:00:00.000Z
DEVICES10,Total density per million population: Positron Emission tomography,text,EUR,Europe,Country,ISR,Israel,Year,2017-2019,true,,,,,,,,,,,,,1.62,,,,,,1.62,,OECD 2017-19,EN,2023-06-18T21:00:00.000Z
DEVICES10,Total density per million population: Positron Emission tomography,text,EUR,Europe,Country,ESP,Spain,Year,2017-2019,true,,,,,,,,,,,,,1.8,,,,,,1.80,,OECD 2017-19,EN,2023-06-18T21:00:00.000Z
DEVICES10,Total density per million population: Positron Emission tomography,text,EUR,Europe,Country,IRL,Ireland,Year,2017-2019,true,,,,,,,,,,,,,1.82,,,,,,1.82,,OECD 2017-19,EN,2023-06-18T21:00:00.000Z
DEVICES10,Total density per million population: Positron Emission tomography,text,EUR,Europe,Country,EST,Estonia,Year,2017-2019,true,,,,,,,,,,,,,2.26,,,,,,2.26,,OECD 2017-19,EN,2023-06-18T21:00:00.000Z
DEVICES10,Total density per million population: Positron Emission tomography,text,EUR,Europe,Country,FRA,France,Year,2017-2019,true,,,,,,,,,,,,,2.56,,,,,,2.56,,OECD 2017-19,EN,2023-06-18T21:00:00.000Z
DEVICES10,Total density per million population: Positron Emission tomography,text,EUR,Europe,Country,BEL,Belgium,Year,2017-2019,true,,,,,,,,,,,,,2.59,,,,,,2.59,,OECD 2017-19,EN,2023-06-18T21:00:00.000Z
DEVICES10,Total density per million population: Positron Emission tomography,text,EUR,Europe,Country,AUT,Austria,Year,2017-2019,true,,,,,,,,,,,,,2.66,,,,,,2.66,,OECD 2017-19,EN,2023-06-18T21:00:00.000Z
DEVICES10,Total density per million population: Positron Emission tomography,text,EUR,Europe,Country,ISL,Iceland,Year,2017-2019,true,,,,,,,,,,,,,2.93,,,,,,2.93,,OECD 2017-19,EN,2023-06-18T21:00:00.000Z
DEVICES10,Total density per million population: Positron Emission tomography,text,EUR,Europe,Country,ITA,Italy,Year,2017-2019,true,,,,,,,,,,,,,3.47,,,,,,3.47,,OECD 2017-19,EN,2023-06-18T21:00:00.000Z
DEVICES10,Total density per million population: Positron Emission tomography,text,WPR,Western Pacific,Country,KOR,Republic of Korea,Year,2017-2019,true,,,,,,,,,,,,,3.8,,,,,,3.80,,OECD 2017-19,EN,2023-06-18T21:00:00.000Z
DEVICES10,Total density per million population: Positron Emission tomography,text,WPR,Western Pacific,Country,AUS,Australia,Year,2017-2019,true,,,,,,,,,,,,,4,,,,,,4.00,,OECD 2017-19,EN,2023-06-18T21:00:00.000Z
DEVICES10,Total density per million population: Positron Emission tomography,text,WPR,Western Pacific,Country,JPN,Japan,Year,2017-2019,true,,,,,,,,,,,,,4.63,,,,,,4.63,,OECD 2017-19,EN,2023-06-18T21:00:00.000Z
DEVICES10,Total density per million population: Positron Emission tomography,text,AMR,Americas,Country,USA,United States of America,Year,2017-2019,true,,,,,,,,,,,,,5.41,,,,,,5.41,,OECD 2017-19,EN,2023-06-18T21:00:00.000Z
DEVICES10,Total density per million population: Positron Emission tomography,text,EUR,Europe,Country,DNK,Denmark,Year,2017-2019,true,,,,,,,,,,,,,8.29,,,,,,8.29,,OECD 2017-19,EN,2023-06-18T21:00:00.000Z
DEVICES11,Total density per million population: Gamma camera or Nuclear medicine,text,EUR,Europe,Country,AUT,Austria,Year,2017-2019,true,,,,,,,,,,,,,10.33,,,,,,10.33,,OECD 2017-19,EN,2023-06-18T21:00:00.000Z
DEVICES11,Total density per million population: Gamma camera or Nuclear medicine,text,WPR,Western Pacific,Country,JPN,Japan,Year,2017-2019,true,,,,,,,,,,,,,11.5,,,,,,11.50,,OECD 2017-19,EN,2023-06-18T21:00:00.000Z
DEVICES11,Total density per million population: Gamma camera or Nuclear medicine,text,EUR,Europe,Country,HUN,Hungary,Year,2017-2019,true,,,,,,,,,,,,,11.8,,,,,,11.80,,OECD 2017-19,EN,2023-06-18T21:00:00.000Z
DEVICES11,Total density per million population: Gamma camera or Nuclear medicine,text,EUR,Europe,Country,CZE,Czechia,Year,2017-2019,true,,,,,,,,,,,,,11.86,,,,,,11.86,,OECD 2017-19,EN,2023-06-18T21:00:00.000Z
DEVICES11,Total density per million population: Gamma camera or Nuclear medicine,text,EUR,Europe,Country,GRC,Greece,Year,2017-2019,true,,,,,,,,,,,,,13.82,,,,,,13.82,,OECD 2017-19,EN,2023-06-18T21:00:00.000Z
DEVICES11,Total density per million population: Gamma camera or Nuclear medicine,text,EUR,Europe,Country,DNK,Denmark,Year,2017-2019,true,,,,,,,,,,,,,14.68,,,,,,14.68,,OECD 2017-19,EN,2023-06-18T21:00:00.000Z
DEVICES11,Total density per million population: Gamma camera or Nuclear medicine,text,WPR,Western Pacific,Country,AUS,Australia,Year,2017-2019,true,,,,,,,,,,,,,18.94,,,,,,18.94,,OECD 2017-19,EN,2023-06-18T21:00:00.000Z
DEVICES11,Total density per million population: Gamma camera or Nuclear medicine,text,EUR,Europe,Country,EST,Estonia,Year,2017-2019,true,,,,,,,,,,,,,2.26,,,,,,2.26,,OECD 2017-19,EN,2023-06-18T21:00:00.000Z
DEVICES11,Total density per million population: Gamma camera or Nuclear medicine,text,EUR,Europe,Country,TUR,Türkiye,Year,2017-2019,true,,,,,,,,,,,,,3.55,,,,,,3.55,,OECD 2017-19,EN,2023-06-18T21:00:00.000Z
DEVICES11,Total density per million population: Gamma camera or Nuclear medicine,text,EUR,Europe,Country,POL,Poland,Year,2017-2019,true,,,,,,,,,,,,,3.7,,,,,,3.70,,OECD 2017-19,EN,2023-06-18T21:00:00.000Z
DEVICES11,Total density per million population: Gamma camera or Nuclear medicine,text,EUR,Europe,Country,LVA,Latvia,Year,2017-2019,true,,,,,,,,,,,,,3.71,,,,,,3.71,,OECD 2017-19,EN,2023-06-18T21:00:00.000Z
DEVICES11,Total density per million population: Gamma camera or Nuclear medicine,text,WPR,Western Pacific,Country,NZL,New Zealand,Year,2017-2019,true,,,,,,,,,,,,,3.73,,,,,,3.73,,OECD 2017-19,EN,2023-06-18T21:00:00.000Z
DEVICES11,Total density per million population: Gamma camera or Nuclear medicine,text,EUR,Europe,Country,IRL,Ireland,Year,2017-2019,true,,,,,,,,,,,,,4.66,,,,,,4.66,,OECD 2017-19,EN,2023-06-18T21:00:00.000Z
DEVICES11,Total density per million population: Gamma camera or Nuclear medicine,text,AMR,Americas,Country,USA,United States of America,Year,2017-2019,true,,,,,,,,,,,,,48.37,,,,,,48.37,,OECD 2017-19,EN,2023-06-18T21:00:00.000Z
DEVICES11,Total density per million population: Gamma camera or Nuclear medicine,text,EUR,Europe,Country,SVK,Slovakia,Year,2017-2019,true,,,,,,,,,,,,,5.49,,,,,,5.49,,OECD 2017-19,EN,2023-06-18T21:00:00.000Z
DEVICES11,Total density per million population: Gamma camera or Nuclear medicine,text,WPR,Western Pacific,Country,KOR,Republic of Korea,Year,2017-2019,true,,,,,,,,,,,,,5.97,,,,,,5.97,,OECD 2017-19,EN,2023-06-18T21:00:00.000Z
DEVICES11,Total density per million population: Gamma camera or Nuclear medicine,text,EUR,Europe,Country,ESP,Spain,Year,2017-2019,true,,,,,,,,,,,,,6.61,,,,,,6.61,,OECD 2017-19,EN,2023-06-18T21:00:00.000Z
DEVICES11,Total density per million population: Gamma camera or Nuclear medicine,text,EUR,Europe,Country,FRA,France,Year,2017-2019,true,,,,,,,,,,,,,7.08,,,,,,7.08,,OECD 2017-19,EN,2023-06-18T21:00:00.000Z
DEVICES11,Total density per million population: Gamma camera or Nuclear medicine,text,EUR,Europe,Country,ITA,Italy,Year,2017-2019,true,,,,,,,,,,,,,7.69,,,,,,7.69,,OECD 2017-19,EN,2023-06-18T21:00:00.000Z
DEVICES11,Total density per million population: Gamma camera or Nuclear medicine,text,EUR,Europe,Country,SVN,Slovenia,Year,2017-2019,true,,,,,,,,,,,,,8.18,,,,,,8.18,,OECD 2017-19,EN,2023-06-18T21:00:00.000Z
DEVICES11,Total density per million population: Gamma camera or Nuclear medicine,text,EUR,Europe,Country,ISL,Iceland,Year,2017-2019,true,,,,,,,,,,,,,8.8,,,,,,8.80,,OECD 2017-19,EN,2023-06-18T21:00:00.000Z
DEVICES11,Total density per million population: Gamma camera or Nuclear medicine,text,EUR,Europe,Country,ISR,Israel,Year,2017-2019,true,,,,,,,,,,,,,9.59,,,,,,9.59,,OECD 2017-19,EN,2023-06-18T21:00:00.000Z
DEVICES23,Total density per million females aged from 50 to 69 years old: Mammography units,numeric,EUR,Europe,Country,SVN,Slovenia,Year,2017-2019,true,,,,,,,,,,,,,106,,,,,,106.03,,OECD 2017-19,EN,2023-06-18T21:00:00.000Z
DEVICES23,Total density per million females aged from 50 to 69 years old: Mammography units,numeric,EUR,Europe,Country,HUN,Hungary,Year,2017-2019,true,,,,,,,,,,,,,111.1,,,,,,111.13,,OECD 2017-19,EN,2023-06-18T21:00:00.000Z
DEVICES23,Total density per million females aged from 50 to 69 years old: Mammography units,numeric,EUR,Europe,Country,ISR,Israel,Year,2017-2019,true,,,,,,,,,,,,,112.3,,,,,,112.27,,OECD 2017-19,EN,2023-06-18T21:00:00.000Z
DEVICES23,Total density per million females aged from 50 to 69 years old: Mammography units,numeric,EUR,Europe,Country,DNK,Denmark,Year,2017-2019,true,,,,,,,,,,,,,119.4,,,,,,119.43,,OECD 2017-19,EN,2023-06-18T21:00:00.000Z
DEVICES23,Total density per million females aged from 50 to 69 years old: Mammography units,numeric,EUR,Europe,Country,ESP,Spain,Year,2017-2019,true,,,,,,,,,,,,,120.6,,,,,,120.64,,OECD 2017-19,EN,2023-06-18T21:00:00.000Z
DEVICES23,Total density per million females aged from 50 to 69 years old: Mammography units,numeric,EUR,Europe,Country,TUR,Türkiye,Year,2017-2019,true,,,,,,,,,,,,,120.7,,,,,,120.72,,OECD 2017-19,EN,2023-06-18T21:00:00.000Z
DEVICES23,Total density per million females aged from 50 to 69 years old: Mammography units,numeric,EUR,Europe,Country,SVK,Slovakia,Year,2017-2019,true,,,,,,,,,,,,,135.4,,,,,,135.44,,OECD 2017-19,EN,2023-06-18T21:00:00.000Z
DEVICES23,Total density per million females aged from 50 to 69 years old: Mammography units,numeric,EUR,Europe,Country,ISL,Iceland,Year,2017-2019,true,,,,,,,,,,,,,149.7,,,,,,149.70,,OECD 2017-19,EN,2023-06-18T21:00:00.000Z
DEVICES23,Total density per million females aged from 50 to 69 years old: Mammography units,numeric,EUR,Europe,Country,IRL,Ireland,Year,2017-2019,true,,,,,,,,,,,,,150,,,,,,149.96,,OECD 2017-19,EN,2023-06-18T21:00:00.000Z
DEVICES23,Total density per million females aged from 50 to 69 years old: Mammography units,numeric,EUR,Europe,Country,AUT,Austria,Year,2017-2019,true,,,,,,,,,,,,,153.5,,,,,,153.52,,OECD 2017-19,EN,2023-06-18T21:00:00.000Z
DEVICES23,Total density per million females aged from 50 to 69 years old: Mammography units,numeric,WPR,Western Pacific,Country,NZL,New Zealand,Year,2017-2019,true,,,,,,,,,,,,,162.4,,,,,,162.36,,OECD 2017-19,EN,2023-06-18T21:00:00.000Z
DEVICES23,Total density per million females aged from 50 to 69 years old: Mammography units,numeric,EUR,Europe,Country,LVA,Latvia,Year,2017-2019,true,,,,,,,,,,,,,177.8,,,,,,177.83,,OECD 2017-19,EN,2023-06-18T21:00:00.000Z
DEVICES23,Total density per million females aged from 50 to 69 years old: Mammography units,numeric,WPR,Western Pacific,Country,AUS,Australia,Year,2017-2019,true,,,,,,,,,,,,,201.2,,,,,,201.23,,OECD 2017-19,EN,2023-06-18T21:00:00.000Z
DEVICES23,Total density per million females aged from 50 to 69 years old: Mammography units,numeric,EUR,Europe,Country,ITA,Italy,Year,2017-2019,true,,,,,,,,,,,,,233,,,,,,232.96,,OECD 2017-19,EN,2023-06-18T21:00:00.000Z
DEVICES23,Total density per million females aged from 50 to 69 years old: Mammography units,numeric,WPR,Western Pacific,Country,JPN,Japan,Year,2017-2019,true,,,,,,,,,,,,,267.4,,,,,,267.44,,OECD 2017-19,EN,2023-06-18T21:00:00.000Z
DEVICES23,Total density per million females aged from 50 to 69 years old: Mammography units,numeric,EUR,Europe,Country,BEL,Belgium,Year,2017-2019,true,,,,,,,,,,,,,280.1,,,,,,280.08,,OECD 2017-19,EN,2023-06-18T21:00:00.000Z
DEVICES23,Total density per million females aged from 50 to 69 years old: Mammography units,numeric,WPR,Western Pacific,Country,KOR,Republic of Korea,Year,2017-2019,true,,,,,,,,,,,,,421.9,,,,,,421.87,,OECD 2017-19,EN,2023-06-18T21:00:00.000Z
DEVICES23,Total density per million females aged from 50 to 69 years old: Mammography units,numeric,EUR,Europe,Country,GRC,Greece,Year,2017-2019,true,,,,,,,,,,,,,492.2,,,,,,492.19,,OECD 2017-19,EN,2023-06-18T21:00:00.000Z
DEVICES23,Total density per million females aged from 50 to 69 years old: Mammography units,numeric,AMR,Americas,Country,USA,United States of America,Year,2017-2019,true,,,,,,,,,,,,,521.6,,,,,,521.55,,OECD 2017-19,EN,2023-06-18T21:00:00.000Z
DEVICES23,Total density per million females aged from 50 to 69 years old: Mammography units,numeric,EUR,Europe,Country,POL,Poland,Year,2017-2019,true,,,,,,,,,,,,,73.97,,,,,,73.97,,OECD 2017-19,EN,2023-06-18T21:00:00.000Z
DEVICES23,Total density per million females aged from 50 to 69 years old: Mammography units,numeric,EUR,Europe,Country,EST,Estonia,Year,2017-2019,true,,,,,,,,,,,,,76.94,,,,,,76.94,,OECD 2017-19,EN,2023-06-18T21:00:00.000Z
DEVICES23,Total density per million females aged from 50 to 69 years old: Mammography units,numeric,EUR,Europe,Country,CZE,Czechia,Year,2017-2019,true,,,,,,,,,,,,,87.29,,,,,,87.29,,OECD 2017-19,EN,2023-06-18T21:00:00.000Z
DEVICES08,Total density per million population: Magnetic Resonance Imaging,text,EUR,Europe,Country,MKD,North Macedonia,Year,2014,false,,,,,,,,,,,,,3.32,,,,,,3.32,,Only public sector data,EN,2016-01-27T22:00:00.000Z
DEVICES09,Total density per million population: Computed tomography units,text,EUR,Europe,Country,MKD,North Macedonia,Year,2014,false,,,,,,,,,,,,,6.17,,,,,,6.17,,Only public sector data,EN,2016-01-27T22:00:00.000Z
DEVICES11,Total density per million population: Gamma camera or Nuclear medicine,text,EUR,Europe,Country,MKD,North Macedonia,Year,2014,false,,,,,,,,,,,,,0.95,,,,,,0.95,,Only public sector data,EN,2016-01-27T22:00:00.000Z
DEVICES12,Total density per million population: Linear Accelerator,text,AFR,Africa,Country,DZA,Algeria,Year,2014,true,,,,,,,,,,,,,0.18,,,,,,0.18,,"Data from DIRA IAEA radiotherapy database, accessed on February 2014",EN,2016-01-27T22:00:00.000Z
DEVICES12,Total density per million population: Linear Accelerator,text,EUR,Europe,Country,MKD,North Macedonia,Year,2014,true,,,,,,,,,,,,,0.95,,,,,,0.95,,Only public sector data,EN,2016-01-27T22:00:00.000Z
DEVICES12,Total density per million population: Linear Accelerator,text,EUR,Europe,Country,SWE,Sweden,Year,2014,true,,,,,,,,,,,,,6.48,,,,,,6.48,,"Data from DIRA IAEA radiotherapy database, accessed on February 2014",EN,2016-01-27T22:00:00.000Z
DEVICES21,Total density per million population: Telecobalt Unit,text,AFR,Africa,Country,DZA,Algeria,Year,2014,true,,,,,,,,,,,,,0.26,,,,,,0.26,,"Data from DIRA IAEA radiotherapy database, accessed on February 2014",EN,2016-01-27T22:00:00.000Z
DEVICES21,Total density per million population: Telecobalt Unit,text,EUR,Europe,Country,SWE,Sweden,Year,2014,true,,,,,,,,,,,,,0.42,,,,,,0.42,,"Data from DIRA IAEA radiotherapy database, accessed on February 2014",EN,2016-01-27T22:00:00.000Z
DEVICES22,Total density per million population: Radiotherapy units,text,AFR,Africa,Country,DZA,Algeria,Year,2014,false,,,,,,,,,,,,,0.43,,,,,,0.43,,"Data from DIRA IAEA radiotherapy database, accessed on February 2014",EN,2016-01-27T22:00:00.000Z
DEVICES22,Total density per million population: Radiotherapy units,text,EUR,Europe,Country,MKD,North Macedonia,Year,2014,false,,,,,,,,,,,,,0.95,,,,,,0.95,,Only public sector data,EN,2016-01-27T22:00:00.000Z
DEVICES22,Total density per million population: Radiotherapy units,text,EUR,Europe,Country,SWE,Sweden,Year,2014,false,,,,,,,,,,,,,6.9,,,,,,6.90,,"Data from DIRA IAEA radiotherapy database, accessed on February 2014",EN,2016-01-27T22:00:00.000Z
DEVICES23,Total density per million females aged from 50 to 69 years old: Mammography units,numeric,EMR,Eastern Mediterranean,Country,AFG,Afghanistan,Year,2014,true,,,,,,,,,,,,,0,,,,,,0.00,,,EN,2016-01-27T22:00:00.000Z
DEVICES23,Total density per million females aged from 50 to 69 years old: Mammography units,numeric,SEAR,South-East Asia,Country,BTN,Bhutan,Year,2014,true,,,,,,,,,,,,,0,,,,,,0.00,,,EN,2016-01-27T22:00:00.000Z
DEVICES23,Total density per million females aged from 50 to 69 years old: Mammography units,numeric,AFR,Africa,Country,CIV,Cote d'Ivoire,Year,2014,true,,,,,,,,,,,,,0,,,,,,0.00,,,EN,2016-01-27T22:00:00.000Z
DEVICES23,Total density per million females aged from 50 to 69 years old: Mammography units,numeric,AFR,Africa,Country,GIN,Guinea,Year,2014,true,,,,,,,,,,,,,0,,,,,,0.00,,Only public sector data,EN,2016-01-27T22:00:00.000Z
DEVICES23,Total density per million females aged from 50 to 69 years old: Mammography units,numeric,AFR,Africa,Country,GNB,Guinea-Bissau,Year,2014,true,,,,,,,,,,,,,0,,,,,,0.00,,,EN,2016-01-27T22:00:00.000Z
DEVICES23,Total density per million females aged from 50 to 69 years old: Mammography units,numeric,WPR,Western Pacific,Country,KIR,Kiribati,Year,2014,true,,,,,,,,,,,,,0,,,,,,0.00,,,EN,2016-01-27T22:00:00.000Z
DEVICES23,Total density per million females aged from 50 to 69 years old: Mammography units,numeric,WPR,Western Pacific,Country,LAO,Lao People's Democratic Republic,Year,2014,true,,,,,,,,,,,,,0,,,,,,0.00,,,EN,2016-01-27T22:00:00.000Z
DEVICES23,Total density per million females aged from 50 to 69 years old: Mammography units,numeric,AFR,Africa,Country,MWI,Malawi,Year,2014,true,,,,,,,,,,,,,0,,,,,,0.00,,Only public sector data,EN,2016-01-27T22:00:00.000Z
DEVICES23,Total density per million females aged from 50 to 69 years old: Mammography units,numeric,WPR,Western Pacific,Country,FSM,Micronesia (Federated States of),Year,2014,false,,,,,,,,,,,,,0,,,,,,0.00,,,EN,2016-01-27T22:00:00.000Z
DEVICES23,Total density per million females aged from 50 to 69 years old: Mammography units,numeric,WPR,Western Pacific,Country,TON,Tonga,Year,2014,true,,,,,,,,,,,,,0,,,,,,0.00,,,EN,2016-01-27T22:00:00.000Z
DEVICES23,Total density per million females aged from 50 to 69 years old: Mammography units,numeric,WPR,Western Pacific,Country,VUT,Vanuatu,Year,2014,true,,,,,,,,,,,,,0,,,,,,0.00,,,EN,2016-01-27T22:00:00.000Z
DEVICES23,Total density per million females aged from 50 to 69 years old: Mammography units,numeric,SEAR,South-East Asia,Country,MMR,Myanmar,Year,2014,false,,,,,,,,,,,,,0.71,,,,,,0.71,,Only public sector data,EN,2016-01-27T22:00:00.000Z
DEVICES23,Total density per million females aged from 50 to 69 years old: Mammography units,numeric,AFR,Africa,Country,COD,Democratic Republic of the Congo,Year,2014,true,,,,,,,,,,,,,0.74,,,,,,0.74,,,EN,2016-01-27T22:00:00.000Z
DEVICES23,Total density per million females aged from 50 to 69 years old: Mammography units,numeric,EMR,Eastern Mediterranean,Country,PAK,Pakistan,Year,2014,true,,,,,,,,,,,,,1.61,,,,,,1.61,,,EN,2016-01-27T22:00:00.000Z
DEVICES23,Total density per million females aged from 50 to 69 years old: Mammography units,numeric,AFR,Africa,Country,TGO,Togo,Year,2014,true,,,,,,,,,,,,,10.39,,,,,,10.39,,,EN,2016-01-27T22:00:00.000Z
DEVICES23,Total density per million females aged from 50 to 69 years old: Mammography units,numeric,AFR,Africa,Country,NER,Niger,Year,2014,true,,,,,,,,,,,,,10.94,,,,,,10.94,,,EN,2016-01-27T22:00:00.000Z
DEVICES23,Total density per million females aged from 50 to 69 years old: Mammography units,numeric,EUR,Europe,Country,POL,Poland,Year,2014,false,,,,,,,,,,,,,100.7,,,,,,100.69,,Only public sector data,EN,2016-01-27T22:00:00.000Z
DEVICES23,Total density per million females aged from 50 to 69 years old: Mammography units,numeric,EUR,Europe,Country,HUN,Hungary,Year,2014,false,,,,,,,,,,,,,103.6,,,,,,103.55,,,EN,2016-01-27T22:00:00.000Z
DEVICES23,Total density per million females aged from 50 to 69 years old: Mammography units,numeric,AMR,Americas,Country,BHS,Bahamas,Year,2014,false,,,,,,,,,,,,,106.6,,,,,,106.61,,,EN,2016-01-27T22:00:00.000Z
DEVICES23,Total density per million females aged from 50 to 69 years old: Mammography units,numeric,EUR,Europe,Country,ISR,Israel,Year,2014,false,,,,,,,,,,,,,112.3,,,,,,112.27,,,EN,2016-01-27T22:00:00.000Z
DEVICES23,Total density per million females aged from 50 to 69 years old: Mammography units,numeric,EMR,Eastern Mediterranean,Country,SDN,Sudan,Year,2014,true,,,,,,,,,,,,,12.18,,,,,,12.18,,,EN,2016-01-27T22:00:00.000Z
DEVICES23,Total density per million females aged from 50 to 69 years old: Mammography units,numeric,EUR,Europe,Country,TJK,Tajikistan,Year,2014,true,,,,,,,,,,,,,12.59,,,,,,12.59,,Only public sector data,EN,2016-01-27T22:00:00.000Z
DEVICES23,Total density per million females aged from 50 to 69 years old: Mammography units,numeric,WPR,Western Pacific,Country,SGP,Singapore,Year,2014,true,,,,,,,,,,,,,127.6,,,,,,127.65,,,EN,2016-01-27T22:00:00.000Z
DEVICES23,Total density per million females aged from 50 to 69 years old: Mammography units,numeric,AFR,Africa,Country,SYC,Seychelles,Year,2014,true,,,,,,,,,,,,,127.7,,,,,,127.73,,Only public sector data,EN,2016-01-27T22:00:00.000Z
DEVICES23,Total density per million females aged from 50 to 69 years old: Mammography units,numeric,EMR,Eastern Mediterranean,Country,JOR,Jordan,Year,2014,true,,,,,,,,,,,,,129.1,,,,,,129.07,,,EN,2016-01-27T22:00:00.000Z
DEVICES23,Total density per million females aged from 50 to 69 years old: Mammography units,numeric,WPR,Western Pacific,Country,PHL,Philippines,Year,2014,true,,,,,,,,,,,,,13.12,,,,,,13.12,,,EN,2016-01-27T22:00:00.000Z
DEVICES23,Total density per million females aged from 50 to 69 years old: Mammography units,numeric,AFR,Africa,Country,BFA,Burkina Faso,Year,2014,false,,,,,,,,,,,,,13.59,,,,,,13.59,,,EN,2016-01-27T22:00:00.000Z
DEVICES23,Total density per million females aged from 50 to 69 years old: Mammography units,numeric,AMR,Americas,Country,LCA,Saint Lucia,Year,2014,true,,,,,,,,,,,,,131.1,,,,,,131.06,,,EN,2016-01-27T22:00:00.000Z
DEVICES23,Total density per million females aged from 50 to 69 years old: Mammography units,numeric,AMR,Americas,Country,GRD,Grenada,Year,2014,true,,,,,,,,,,,,,134.6,,,,,,134.61,,,EN,2016-01-27T22:00:00.000Z
DEVICES23,Total density per million females aged from 50 to 69 years old: Mammography units,numeric,EUR,Europe,Country,SVN,Slovenia,Year,2014,false,,,,,,,,,,,,,136.2,,,,,,136.17,,Only public sector data,EN,2016-01-27T22:00:00.000Z
DEVICES23,Total density per million females aged from 50 to 69 years old: Mammography units,numeric,EUR,Europe,Country,DNK,Denmark,Year,2014,false,,,,,,,,,,,,,138.4,,,,,,138.44,,,EN,2016-01-27T22:00:00.000Z
DEVICES23,Total density per million females aged from 50 to 69 years old: Mammography units,numeric,EUR,Europe,Country,ISL,Iceland,Year,2014,false,,,,,,,,,,,,,139,,,,,,139.01,,,EN,2016-01-27T22:00:00.000Z
DEVICES23,Total density per million females aged from 50 to 69 years old: Mammography units,numeric,AFR,Africa,Country,CPV,Cabo Verde,Year,2014,false,,,,,,,,,,,,,140.6,,,,,,140.60,,,EN,2016-01-27T22:00:00.000Z
DEVICES23,Total density per million females aged from 50 to 69 years old: Mammography units,numeric,WPR,Western Pacific,Country,MHL,Marshall Islands,Year,2014,true,,,,,,,,,,,,,142.7,,,,,,142.73,,,EN,2016-01-27T22:00:00.000Z
DEVICES23,Total density per million females aged from 50 to 69 years old: Mammography units,numeric,AMR,Americas,Country,KNA,Saint Kitts and Nevis,Year,2014,true,,,,,,,,,,,,,149.4,,,,,,149.44,,,EN,2016-01-27T22:00:00.000Z
DEVICES23,Total density per million females aged from 50 to 69 years old: Mammography units,numeric,EMR,Eastern Mediterranean,Country,OMN,Oman,Year,2014,true,,,,,,,,,,,,,149.8,,,,,,149.75,,,EN,2016-01-27T22:00:00.000Z
DEVICES23,Total density per million females aged from 50 to 69 years old: Mammography units,numeric,AMR,Americas,Country,CUB,Cuba,Year,2014,false,,,,,,,,,,,,,15.57,,,,,,15.57,,Only public sector data,EN,2016-01-27T22:00:00.000Z
DEVICES23,Total density per million females aged from 50 to 69 years old: Mammography units,numeric,AMR,Americas,Country,CRI,Costa Rica,Year,2014,true,,,,,,,,,,,,,150.3,,,,,,150.26,,,EN,2016-01-27T22:00:00.000Z
DEVICES23,Total density per million females aged from 50 to 69 years old: Mammography units,numeric,AFR,Africa,Country,BEN,Benin,Year,2014,true,,,,,,,,,,,,,16.09,,,,,,16.09,,,EN,2016-01-27T22:00:00.000Z
DEVICES23,Total density per million females aged from 50 to 69 years old: Mammography units,numeric,EUR,Europe,Country,KGZ,Kyrgyzstan,Year,2014,false,,,,,,,,,,,,,16.45,,,,,,16.45,,Only public sector data,EN,2016-01-27T22:00:00.000Z
DEVICES23,Total density per million females aged from 50 to 69 years old: Mammography units,numeric,AFR,Africa,Country,GMB,Gambia,Year,2014,false,,,,,,,,,,,,,16.49,,,,,,16.49,,,EN,2016-01-27T22:00:00.000Z
DEVICES23,Total density per million females aged from 50 to 69 years old: Mammography units,numeric,AFR,Africa,Country,ERI,Eritrea,Year,2014,true,,,,,,,,,,,,,16.56,,,,,,16.56,,,EN,2016-01-27T22:00:00.000Z
DEVICES23,Total density per million females aged from 50 to 69 years old: Mammography units,numeric,EUR,Europe,Country,LUX,Luxembourg,Year,2014,false,,,,,,,,,,,,,168.3,,,,,,168.30,,,EN,2016-01-27T22:00:00.000Z
DEVICES23,Total density per million females aged from 50 to 69 years old: Mammography units,numeric,AFR,Africa,Country,CMR,Cameroon,Year,2014,true,,,,,,,,,,,,,17.4,,,,,,17.40,,,EN,2016-01-27T22:00:00.000Z
DEVICES23,Total density per million females aged from 50 to 69 years old: Mammography units,numeric,EUR,Europe,Country,BLR,Belarus,Year,2014,true,,,,,,,,,,,,,17.48,,,,,,17.48,,Only public sector data,EN,2016-01-27T22:00:00.000Z
DEVICES23,Total density per million females aged from 50 to 69 years old: Mammography units,numeric,EMR,Eastern Mediterranean,Country,YEM,Yemen,Year,2014,true,,,,,,,,,,,,,17.62,,,,,,17.62,,,EN,2016-01-27T22:00:00.000Z
DEVICES23,Total density per million females aged from 50 to 69 years old: Mammography units,numeric,AMR,Americas,Country,URY,Uruguay,Year,2014,true,,,,,,,,,,,,,172.4,,,,,,172.42,,,EN,2016-01-27T22:00:00.000Z
DEVICES23,Total density per million females aged from 50 to 69 years old: Mammography units,numeric,EMR,Eastern Mediterranean,Country,MAR,Morocco,Year,2014,true,,,,,,,,,,,,,18.46,,,,,,18.46,,Only public sector data,EN,2016-01-27T22:00:00.000Z
DEVICES23,Total density per million females aged from 50 to 69 years old: Mammography units,numeric,EUR,Europe,Country,BIH,Bosnia and Herzegovina,Year,2014,true,,,,,,,,,,,,,182.7,,,,,,182.72,,,EN,2016-01-27T22:00:00.000Z
DEVICES23,Total density per million females aged from 50 to 69 years old: Mammography units,numeric,AFR,Africa,Country,BWA,Botswana,Year,2014,true,,,,,,,,,,,,,19.1,,,,,,19.10,,Only public sector data,EN,2016-01-27T22:00:00.000Z
DEVICES23,Total density per million females aged from 50 to 69 years old: Mammography units,numeric,AMR,Americas,Country,HTI,Haiti,Year,2014,true,,,,,,,,,,,,,19.47,,,,,,19.47,,,EN,2016-01-27T22:00:00.000Z
DEVICES23,Total density per million females aged from 50 to 69 years old: Mammography units,numeric,EUR,Europe,Country,MNE,Montenegro,Year,2014,true,,,,,,,,,,,,,196.5,,,,,,196.48,,,EN,2016-01-27T22:00:00.000Z
DEVICES23,Total density per million females aged from 50 to 69 years old: Mammography units,numeric,AFR,Africa,Country,BDI,Burundi,Year,2014,true,,,,,,,,,,,,,2.69,,,,,,2.69,,,EN,2016-01-27T22:00:00.000Z
DEVICES23,Total density per million females aged from 50 to 69 years old: Mammography units,numeric,EUR,Europe,Country,HRV,Croatia,Year,2014,true,,,,,,,,,,,,,206.5,,,,,,206.54,,,EN,2016-01-27T22:00:00.000Z
DEVICES23,Total density per million females aged from 50 to 69 years old: Mammography units,numeric,AMR,Americas,Country,DMA,Dominica,Year,2014,true,,,,,,,,,,,,,206.7,,,,,,206.69,,,EN,2016-01-27T22:00:00.000Z
DEVICES23,Total density per million females aged from 50 to 69 years old: Mammography units,numeric,EUR,Europe,Country,KAZ,Kazakhstan,Year,2014,true,,,,,,,,,,,,,22.1,,,,,,22.10,,Only public sector data,EN,2016-01-27T22:00:00.000Z
DEVICES23,Total density per million females aged from 50 to 69 years old: Mammography units,numeric,AFR,Africa,Country,MRT,Mauritania,Year,2014,true,,,,,,,,,,,,,22.41,,,,,,22.41,,,EN,2016-01-27T22:00:00.000Z
DEVICES23,Total density per million females aged from 50 to 69 years old: Mammography units,numeric,EUR,Europe,Country,ARM,Armenia,Year,2014,true,,,,,,,,,,,,,22.5,,,,,,22.50,,,EN,2016-01-27T22:00:00.000Z
DEVICES23,Total density per million females aged from 50 to 69 years old: Mammography units,numeric,EMR,Eastern Mediterranean,Country,TUN,Tunisia,Year,2014,true,,,,,,,,,,,,,22.58,,,,,,22.58,,Only public sector data,EN,2016-01-27T22:00:00.000Z
DEVICES23,Total density per million females aged from 50 to 69 years old: Mammography units,numeric,EUR,Europe,Country,FIN,Finland,Year,2014,false,,,,,,,,,,,,,223.2,,,,,,223.20,,Only public sector data,EN,2016-01-27T22:00:00.000Z
DEVICES23,Total density per million females aged from 50 to 69 years old: Mammography units,numeric,EMR,Eastern Mediterranean,Country,QAT,Qatar,Year,2014,true,,,,,,,,,,,,,225.1,,,,,,225.10,,,EN,2016-01-27T22:00:00.000Z
DEVICES23,Total density per million females aged from 50 to 69 years old: Mammography units,numeric,WPR,Western Pacific,Country,JPN,Japan,Year,2014,false,,,,,,,,,,,,,227.3,,,,,,227.30,,,EN,2016-01-27T22:00:00.000Z
DEVICES23,Total density per million females aged from 50 to 69 years old: Mammography units,numeric,EUR,Europe,Country,SMR,San Marino,Year,2014,true,,,,,,,,,,,,,229.1,,,,,,229.11,,,EN,2016-01-27T22:00:00.000Z
DEVICES23,Total density per million females aged from 50 to 69 years old: Mammography units,numeric,AMR,Americas,Country,VCT,Saint Vincent and the Grenadines,Year,2014,true,,,,,,,,,,,,,229.9,,,,,,229.86,,,EN,2016-01-27T22:00:00.000Z
DEVICES23,Total density per million females aged from 50 to 69 years old: Mammography units,numeric,EUR,Europe,Country,IRL,Ireland,Year,2014,false,,,,,,,,,,,,,23.2,,,,,,23.20,,Only public sector data,EN,2016-01-27T22:00:00.000Z
DEVICES23,Total density per million females aged from 50 to 69 years old: Mammography units,numeric,EUR,Europe,Country,TUR,Türkiye,Year,2014,false,,,,,,,,,,,,,230.4,,,,,,230.36,,,EN,2016-01-27T22:00:00.000Z
DEVICES23,Total density per million females aged from 50 to 69 years old: Mammography units,numeric,AMR,Americas,Country,BLZ,Belize,Year,2014,true,,,,,,,,,,,,,258,,,,,,258.00,,,EN,2016-01-27T22:00:00.000Z
DEVICES23,Total density per million females aged from 50 to 69 years old: Mammography units,numeric,SEAR,South-East Asia,Country,THA,Thailand,Year,2014,true,,,,,,,,,,,,,27.87,,,,,,27.87,,,EN,2016-01-27T22:00:00.000Z
DEVICES23,Total density per million females aged from 50 to 69 years old: Mammography units,numeric,EUR,Europe,Country,PRT,Portugal,Year,2014,true,,,,,,,,,,,,,272,,,,,,272.05,,,EN,2016-01-27T22:00:00.000Z
DEVICES23,Total density per million females aged from 50 to 69 years old: Mammography units,numeric,AMR,Americas,Country,ATG,Antigua and Barbuda,Year,2014,true,,,,,,,,,,,,,272.1,,,,,,272.15,,,EN,2016-01-27T22:00:00.000Z
DEVICES23,Total density per million females aged from 50 to 69 years old: Mammography units,numeric,AMR,Americas,Country,PAN,Panama,Year,2014,true,,,,,,,,,,,,,278.5,,,,,,278.54,,,EN,2016-01-27T22:00:00.000Z
DEVICES23,Total density per million females aged from 50 to 69 years old: Mammography units,numeric,WPR,Western Pacific,Country,FJI,Fiji,Year,2014,true,,,,,,,,,,,,,28.83,,,,,,28.83,,,EN,2016-01-27T22:00:00.000Z
DEVICES23,Total density per million females aged from 50 to 69 years old: Mammography units,numeric,AMR,Americas,Country,BRB,Barbados,Year,2014,true,,,,,,,,,,,,,28.96,,,,,,28.96,,Only public sector data,EN,2016-01-27T22:00:00.000Z
DEVICES23,Total density per million females aged from 50 to 69 years old: Mammography units,numeric,EUR,Europe,Country,AZE,Azerbaijan,Year,2014,false,,,,,,,,,,,,,30.71,,,,,,30.71,,Only public sector data,EN,2016-01-27T22:00:00.000Z
DEVICES23,Total density per million females aged from 50 to 69 years old: Mammography units,numeric,AFR,Africa,Country,COM,Comoros,Year,2014,false,,,,,,,,,,,,,31.27,,,,,,31.27,,,EN,2016-01-27T22:00:00.000Z
DEVICES23,Total density per million females aged from 50 to 69 years old: Mammography units,numeric,AMR,Americas,Country,CHL,Chile,Year,2014,true,,,,,,,,,,,,,32.18,,,,,,32.18,,Only public sector data,EN,2016-01-27T22:00:00.000Z
DEVICES23,Total density per million females aged from 50 to 69 years old: Mammography units,numeric,EUR,Europe,Country,CYP,Cyprus,Year,2014,true,,,,,,,,,,,,,329.6,,,,,,329.64,,,EN,2016-01-27T22:00:00.000Z
DEVICES23,Total density per million females aged from 50 to 69 years old: Mammography units,numeric,WPR,Western Pacific,Country,MNG,Mongolia,Year,2014,true,,,,,,,,,,,,,33.26,,,,,,33.26,,,EN,2016-01-27T22:00:00.000Z
DEVICES23,Total density per million females aged from 50 to 69 years old: Mammography units,numeric,AFR,Africa,Country,SWZ,Eswatini,Year,2014,true,,,,,,,,,,,,,33.62,,,,,,33.62,,,EN,2016-01-27T22:00:00.000Z
DEVICES23,Total density per million females aged from 50 to 69 years old: Mammography units,numeric,AMR,Americas,Country,TTO,Trinidad and Tobago,Year,2014,false,,,,,,,,,,,,,35.22,,,,,,35.22,,Only public sector data,EN,2016-01-27T22:00:00.000Z
DEVICES23,Total density per million females aged from 50 to 69 years old: Mammography units,numeric,EMR,Eastern Mediterranean,Country,IRQ,Iraq,Year,2014,true,,,,,,,,,,,,,35.43,,,,,,35.43,,Only public sector data,EN,2016-01-27T22:00:00.000Z
DEVICES23,Total density per million females aged from 50 to 69 years old: Mammography units,numeric,EMR,Eastern Mediterranean,Country,LBN,Lebanon,Year,2014,true,,,,,,,,,,,,,370.2,,,,,,370.23,,,EN,2016-01-27T22:00:00.000Z
DEVICES23,Total density per million females aged from 50 to 69 years old: Mammography units,numeric,AFR,Africa,Country,UGA,Uganda,Year,2014,false,,,,,,,,,,,,,4.41,,,,,,4.41,,,EN,2016-01-27T22:00:00.000Z
DEVICES23,Total density per million females aged from 50 to 69 years old: Mammography units,numeric,AFR,Africa,Country,ZMB,Zambia,Year,2014,true,,,,,,,,,,,,,4.56,,,,,,4.56,,,EN,2016-01-27T22:00:00.000Z
DEVICES23,Total density per million females aged from 50 to 69 years old: Mammography units,numeric,AFR,Africa,Country,TCD,Chad,Year,2014,false,,,,,,,,,,,,,4.67,,,,,,4.67,,,EN,2016-01-27T22:00:00.000Z
DEVICES23,Total density per million females aged from 50 to 69 years old: Mammography units,numeric,AFR,Africa,Country,CAF,Central African Republic,Year,2014,true,,,,,,,,,,,,,4.68,,,,,,4.68,,,EN,2016-01-27T22:00:00.000Z
DEVICES23,Total density per million females aged from 50 to 69 years old: Mammography units,numeric,EMR,Eastern Mediterranean,Country,SAU,Saudi Arabia,Year,2014,true,,,,,,,,,,,,,40.62,,,,,,40.62,,Only public sector data,EN,2016-01-27T22:00:00.000Z
DEVICES23,Total density per million females aged from 50 to 69 years old: Mammography units,numeric,EUR,Europe,Country,GEO,Georgia,Year,2014,true,,,,,,,,,,,,,40.74,,,,,,40.74,,,EN,2016-01-27T22:00:00.000Z
DEVICES23,Total density per million females aged from 50 to 69 years old: Mammography units,numeric,EUR,Europe,Country,MDA,Republic of Moldova,Year,2014,true,,,,,,,,,,,,,40.95,,,,,,40.95,,,EN,2016-01-27T22:00:00.000Z
DEVICES23,Total density per million females aged from 50 to 69 years old: Mammography units,numeric,WPR,Western Pacific,Country,KOR,Republic of Korea,Year,2014,false,,,,,,,,,,,,,402.3,,,,,,402.33,,,EN,2016-01-27T22:00:00.000Z
DEVICES23,Total density per million females aged from 50 to 69 years old: Mammography units,numeric,EUR,Europe,Country,ROU,Romania,Year,2014,true,,,,,,,,,,,,,41.84,,,,,,41.84,,,EN,2016-01-27T22:00:00.000Z
DEVICES23,Total density per million females aged from 50 to 69 years old: Mammography units,numeric,AFR,Africa,Country,NAM,Namibia,Year,2014,true,,,,,,,,,,,,,42.3,,,,,,42.30,,,EN,2016-01-27T22:00:00.000Z
DEVICES23,Total density per million females aged from 50 to 69 years old: Mammography units,numeric,EUR,Europe,Country,GRC,Greece,Year,2014,false,,,,,,,,,,,,,438.4,,,,,,438.35,,,EN,2016-01-27T22:00:00.000Z
DEVICES23,Total density per million females aged from 50 to 69 years old: Mammography units,numeric,AFR,Africa,Country,MUS,Mauritius,Year,2014,true,,,,,,,,,,,,,49.68,,,,,,49.68,,,EN,2016-01-27T22:00:00.000Z
DEVICES23,Total density per million females aged from 50 to 69 years old: Mammography units,numeric,AFR,Africa,Country,SEN,Senegal,Year,2014,false,,,,,,,,,,,,,5.19,,,,,,5.19,,Only public sector data,EN,2016-01-27T22:00:00.000Z
DEVICES23,Total density per million females aged from 50 to 69 years old: Mammography units,numeric,AFR,Africa,Country,MLI,Mali,Year,2014,true,,,,,,,,,,,,,5.42,,,,,,5.42,,,EN,2016-01-27T22:00:00.000Z
DEVICES23,Total density per million females aged from 50 to 69 years old: Mammography units,numeric,AMR,Americas,Country,HND,Honduras,Year,2014,false,,,,,,,,,,,,,50.87,,,,,,50.87,,,EN,2016-01-27T22:00:00.000Z
DEVICES23,Total density per million females aged from 50 to 69 years old: Mammography units,numeric,AMR,Americas,Country,JAM,Jamaica,Year,2014,true,,,,,,,,,,,,,51.27,,,,,,51.27,,,EN,2016-01-27T22:00:00.000Z
DEVICES23,Total density per million females aged from 50 to 69 years old: Mammography units,numeric,EUR,Europe,Country,ALB,Albania,Year,2014,true,,,,,,,,,,,,,54.4,,,,,,54.40,,,EN,2016-01-27T22:00:00.000Z
DEVICES23,Total density per million females aged from 50 to 69 years old: Mammography units,numeric,SEAR,South-East Asia,Country,MDV,Maldives,Year,2014,true,,,,,,,,,,,,,57.09,,,,,,57.09,,,EN,2016-01-27T22:00:00.000Z
DEVICES23,Total density per million females aged from 50 to 69 years old: Mammography units,numeric,EUR,Europe,Country,MCO,Monaco,Year,2014,true,,,,,,,,,,,,,599.3,,,,,,599.30,,,EN,2016-01-27T22:00:00.000Z
DEVICES23,Total density per million females aged from 50 to 69 years old: Mammography units,numeric,AFR,Africa,Country,TZA,United Republic of Tanzania,Year,2014,false,,,,,,,,,,,,,6.15,,,,,,6.15,,,EN,2016-01-27T22:00:00.000Z
DEVICES23,Total density per million females aged from 50 to 69 years old: Mammography units,numeric,AFR,Africa,Country,MDG,Madagascar,Year,2014,true,,,,,,,,,,,,,6.23,,,,,,6.23,,,EN,2016-01-27T22:00:00.000Z
DEVICES23,Total density per million females aged from 50 to 69 years old: Mammography units,numeric,AFR,Africa,Country,AGO,Angola,Year,2014,true,,,,,,,,,,,,,6.33,,,,,,6.33,,Only public sector data,EN,2016-01-27T22:00:00.000Z
DEVICES23,Total density per million females aged from 50 to 69 years old: Mammography units,numeric,AFR,Africa,Country,KEN,Kenya,Year,2014,true,,,,,,,,,,,,,6.82,,,,,,6.82,,Only public sector data,EN,2016-01-27T22:00:00.000Z
DEVICES23,Total density per million females aged from 50 to 69 years old: Mammography units,numeric,AFR,Africa,Country,ZWE,Zimbabwe,Year,2014,true,,,,,,,,,,,,,6.89,,,,,,6.89,,,EN,2016-01-27T22:00:00.000Z
DEVICES23,Total density per million females aged from 50 to 69 years old: Mammography units,numeric,AMR,Americas,Country,GUY,Guyana,Year,2014,true,,,,,,,,,,,,,69.98,,,,,,69.98,,Only private sector data,EN,2016-01-27T22:00:00.000Z
DEVICES23,Total density per million females aged from 50 to 69 years old: Mammography units,numeric,AMR,Americas,Country,SLV,El Salvador,Year,2014,true,,,,,,,,,,,,,69.99,,,,,,69.99,,,EN,2016-01-27T22:00:00.000Z
DEVICES23,Total density per million females aged from 50 to 69 years old: Mammography units,numeric,AMR,Americas,Country,PRY,Paraguay,Year,2014,true,,,,,,,,,,,,,7.33,,,,,,7.33,,Only public sector data,EN,2016-01-27T22:00:00.000Z
DEVICES23,Total density per million females aged from 50 to 69 years old: Mammography units,numeric,AFR,Africa,Country,ZAF,South Africa,Year,2014,false,,,,,,,,,,,,,7.78,,,,,,7.78,,Only public sector data,EN,2016-01-27T22:00:00.000Z
DEVICES23,Total density per million females aged from 50 to 69 years old: Mammography units,numeric,AFR,Africa,Country,GAB,Gabon,Year,2014,true,,,,,,,,,,,,,73.12,,,,,,73.12,,,EN,2016-01-27T22:00:00.000Z
DEVICES23,Total density per million females aged from 50 to 69 years old: Mammography units,numeric,AMR,Americas,Country,MEX,Mexico,Year,2014,false,,,,,,,,,,,,,74.47,,,,,,74.47,,,EN,2016-01-27T22:00:00.000Z
DEVICES23,Total density per million females aged from 50 to 69 years old: Mammography units,numeric,EUR,Europe,Country,MKD,North Macedonia,Year,2014,false,,,,,,,,,,,,,79.81,,,,,,79.81,,Only public sector data,EN,2016-03-08T22:00:00.000Z
DEVICES23,Total density per million females aged from 50 to 69 years old: Mammography units,numeric,WPR,Western Pacific,Country,PNG,Papua New Guinea,Year,2014,true,,,,,,,,,,,,,8.51,,,,,,8.51,,,EN,2016-01-27T22:00:00.000Z
DEVICES23,Total density per million females aged from 50 to 69 years old: Mammography units,numeric,EUR,Europe,Country,LTU,Lithuania,Year,2014,false,,,,,,,,,,,,,82.53,,,,,,82.53,,,EN,2016-01-27T22:00:00.000Z
DEVICES23,Total density per million females aged from 50 to 69 years old: Mammography units,numeric,EUR,Europe,Country,SRB,Serbia,Year,2014,true,,,,,,,,,,,,,84.56,,,,,,84.56,,,EN,2016-01-27T22:00:00.000Z
DEVICES23,Total density per million females aged from 50 to 69 years old: Mammography units,numeric,WPR,Western Pacific,Country,MYS,Malaysia,Year,2014,true,,,,,,,,,,,,,86.7,,,,,,86.70,,,EN,2016-01-27T22:00:00.000Z
DEVICES23,Total density per million females aged from 50 to 69 years old: Mammography units,numeric,WPR,Western Pacific,Country,WSM,Samoa,Year,2014,true,,,,,,,,,,,,,91.16,,,,,,91.16,,,EN,2016-01-27T22:00:00.000Z
DEVICES23,Total density per million females aged from 50 to 69 years old: Mammography units,numeric,WPR,Western Pacific,Country,BRN,Brunei Darussalam,Year,2014,true,,,,,,,,,,,,,91.93,,,,,,91.93,,,EN,2016-01-27T22:00:00.000Z
DEVICES23,Total density per million females aged from 50 to 69 years old: Mammography units,numeric,AMR,Americas,Country,SUR,Suriname,Year,2014,true,,,,,,,,,,,,,93.6,,,,,,93.60,,,EN,2016-01-27T22:00:00.000Z
DEVICES23,Total density per million females aged from 50 to 69 years old: Mammography units,numeric,EUR,Europe,Country,CZE,Czechia,Year,2014,false,,,,,,,,,,,,,96.99,,,,,,96.99,,,EN,2016-01-27T22:00:00.000Z
DEVICES23,Total density per million females aged from 50 to 69 years old: Mammography units,numeric,EUR,Europe,Country,MLT,Malta,Year,2014,true,,,,,,,,,,,,,99.69,,,,,,99.69,,,EN,2016-01-27T22:00:00.000Z
DEVICES08,Total density per million population: Magnetic Resonance Imaging,text,AMR,Americas,Country,BRB,Barbados,Year,2013,true,,,,,,,,,,,,,0,,,,,,0,,Only public sector data,EN,2014-03-04T22:00:00.000Z
DEVICES08,Total density per million population: Magnetic Resonance Imaging,text,AFR,Africa,Country,BEN,Benin,Year,2013,true,,,,,,,,,,,,,0,,,,,,0,,,EN,2014-03-04T22:00:00.000Z
DEVICES08,Total density per million population: Magnetic Resonance Imaging,text,AFR,Africa,Country,BDI,Burundi,Year,2013,true,,,,,,,,,,,,,0,,,,,,0,,,EN,2014-03-04T22:00:00.000Z
DEVICES08,Total density per million population: Magnetic Resonance Imaging,text,AFR,Africa,Country,CAF,Central African Republic,Year,2013,true,,,,,,,,,,,,,0,,,,,,0,,,EN,2014-03-04T22:00:00.000Z
DEVICES08,Total density per million population: Magnetic Resonance Imaging,text,AFR,Africa,Country,COM,Comoros,Year,2013,false,,,,,,,,,,,,,0,,,,,,0,,,EN,2014-03-04T22:00:00.000Z
DEVICES08,Total density per million population: Magnetic Resonance Imaging,text,AFR,Africa,Country,COD,Democratic Republic of the Congo,Year,2013,true,,,,,,,,,,,,,0,,,,,,0,,,EN,2014-03-04T22:00:00.000Z
DEVICES08,Total density per million population: Magnetic Resonance Imaging,text,AMR,Americas,Country,DMA,Dominica,Year,2013,true,,,,,,,,,,,,,0,,,,,,0,,,EN,2014-03-04T22:00:00.000Z
DEVICES08,Total density per million population: Magnetic Resonance Imaging,text,AFR,Africa,Country,SWZ,Eswatini,Year,2013,true,,,,,,,,,,,,,0,,,,,,0,,,EN,2014-03-04T22:00:00.000Z
DEVICES08,Total density per million population: Magnetic Resonance Imaging,text,EUR,Europe,Country,GEO,Georgia,Year,2013,true,,,,,,,,,,,,,0,,,,,,0,,Only public sector data,EN,2014-03-04T22:00:00.000Z
DEVICES08,Total density per million population: Magnetic Resonance Imaging,text,AFR,Africa,Country,GIN,Guinea,Year,2013,true,,,,,,,,,,,,,0,,,,,,0,,Only public sector data,EN,2014-03-04T22:00:00.000Z
DEVICES08,Total density per million population: Magnetic Resonance Imaging,text,AFR,Africa,Country,GNB,Guinea-Bissau,Year,2013,true,,,,,,,,,,,,,0,,,,,,0,,,EN,2014-03-04T22:00:00.000Z
DEVICES08,Total density per million population: Magnetic Resonance Imaging,text,WPR,Western Pacific,Country,KIR,Kiribati,Year,2013,true,,,,,,,,,,,,,0,,,,,,0,,,EN,2014-03-04T22:00:00.000Z
DEVICES08,Total density per million population: Magnetic Resonance Imaging,text,WPR,Western Pacific,Country,LAO,Lao People's Democratic Republic,Year,2013,true,,,,,,,,,,,,,0,,,,,,0,,,EN,2014-03-04T22:00:00.000Z
DEVICES08,Total density per million population: Magnetic Resonance Imaging,text,AFR,Africa,Country,MDG,Madagascar,Year,2013,true,,,,,,,,,,,,,0,,,,,,0,,Only public sector data,EN,2014-03-04T22:00:00.000Z
DEVICES08,Total density per million population: Magnetic Resonance Imaging,text,AFR,Africa,Country,MLI,Mali,Year,2013,true,,,,,,,,,,,,,0,,,,,,0,,,EN,2014-03-04T22:00:00.000Z
DEVICES08,Total density per million population: Magnetic Resonance Imaging,text,WPR,Western Pacific,Country,MHL,Marshall Islands,Year,2013,true,,,,,,,,,,,,,0,,,,,,0,,,EN,2014-03-04T22:00:00.000Z
DEVICES08,Total density per million population: Magnetic Resonance Imaging,text,WPR,Western Pacific,Country,FSM,Micronesia (Federated States of),Year,2013,false,,,,,,,,,,,,,0,,,,,,0,,,EN,2014-03-04T22:00:00.000Z
DEVICES08,Total density per million population: Magnetic Resonance Imaging,text,AFR,Africa,Country,NER,Niger,Year,2013,true,,,,,,,,,,,,,0,,,,,,0,,,EN,2014-03-04T22:00:00.000Z
DEVICES08,Total density per million population: Magnetic Resonance Imaging,text,WPR,Western Pacific,Country,PNG,Papua New Guinea,Year,2013,true,,,,,,,,,,,,,0,,,,,,0,,,EN,2014-03-04T22:00:00.000Z
DEVICES08,Total density per million population: Magnetic Resonance Imaging,text,AMR,Americas,Country,KNA,Saint Kitts and Nevis,Year,2013,true,,,,,,,,,,,,,0,,,,,,0,,,EN,2014-03-04T22:00:00.000Z
DEVICES08,Total density per million population: Magnetic Resonance Imaging,text,AMR,Americas,Country,VCT,Saint Vincent and the Grenadines,Year,2013,true,,,,,,,,,,,,,0,,,,,,0,,,EN,2014-03-04T22:00:00.000Z
DEVICES08,Total density per million population: Magnetic Resonance Imaging,text,WPR,Western Pacific,Country,WSM,Samoa,Year,2013,true,,,,,,,,,,,,,0,,,,,,0,,,EN,2014-03-04T22:00:00.000Z
DEVICES08,Total density per million population: Magnetic Resonance Imaging,text,WPR,Western Pacific,Country,TON,Tonga,Year,2013,true,,,,,,,,,,,,,0,,,,,,0,,,EN,2014-03-04T22:00:00.000Z
DEVICES08,Total density per million population: Magnetic Resonance Imaging,text,WPR,Western Pacific,Country,VUT,Vanuatu,Year,2013,true,,,,,,,,,,,,,0,,,,,,0,,,EN,2014-03-04T22:00:00.000Z
DEVICES08,Total density per million population: Magnetic Resonance Imaging,text,AFR,Africa,Country,CMR,Cameroon,Year,2013,true,,,,,,,,,,,,,0.045,,,,,,0.04,,,EN,2014-03-04T22:00:00.000Z
DEVICES08,Total density per million population: Magnetic Resonance Imaging,text,AFR,Africa,Country,TZA,United Republic of Tanzania,Year,2013,false,,,,,,,,,,,,,0.041,,,,,,0.04,,,EN,2014-03-04T22:00:00.000Z
DEVICES08,Total density per million population: Magnetic Resonance Imaging,text,AFR,Africa,Country,AGO,Angola,Year,2013,true,,,,,,,,,,,,,0.047,,,,,,0.05,,Only public sector data,EN,2014-03-04T22:00:00.000Z
DEVICES08,Total density per million population: Magnetic Resonance Imaging,text,AFR,Africa,Country,BFA,Burkina Faso,Year,2013,false,,,,,,,,,,,,,0.059,,,,,,0.06,,,EN,2014-03-04T22:00:00.000Z
DEVICES08,Total density per million population: Magnetic Resonance Imaging,text,AFR,Africa,Country,MWI,Malawi,Year,2013,true,,,,,,,,,,,,,0.061,,,,,,0.06,,,EN,2014-03-04T22:00:00.000Z
DEVICES08,Total density per million population: Magnetic Resonance Imaging,text,WPR,Western Pacific,Country,KHM,Cambodia,Year,2013,true,,,,,,,,,,,,,0.066,,,,,,0.07,,,EN,2014-03-04T22:00:00.000Z
DEVICES08,Total density per million population: Magnetic Resonance Imaging,text,AFR,Africa,Country,ETH,Ethiopia,Year,2013,false,,,,,,,,,,,,,0.074,,,,,,0.07,,,EN,2014-03-04T22:00:00.000Z
DEVICES08,Total density per million population: Magnetic Resonance Imaging,text,AFR,Africa,Country,ZMB,Zambia,Year,2013,true,,,,,,,,,,,,,0.069,,,,,,0.07,,,EN,2014-03-04T22:00:00.000Z
DEVICES08,Total density per million population: Magnetic Resonance Imaging,text,AFR,Africa,Country,GHA,Ghana,Year,2013,false,,,,,,,,,,,,,0.077,,,,,,0.08,,Only public sector data,EN,2014-03-04T22:00:00.000Z
DEVICES08,Total density per million population: Magnetic Resonance Imaging,text,SEAR,South-East Asia,Country,MMR,Myanmar,Year,2013,false,,,,,,,,,,,,,0.075,,,,,,0.08,,Only public sector data,EN,2014-03-04T22:00:00.000Z
DEVICES08,Total density per million population: Magnetic Resonance Imaging,text,AFR,Africa,Country,UGA,Uganda,Year,2013,false,,,,,,,,,,,,,0.08,,,,,,0.08,,,EN,2014-03-04T22:00:00.000Z
DEVICES08,Total density per million population: Magnetic Resonance Imaging,text,EMR,Eastern Mediterranean,Country,AFG,Afghanistan,Year,2013,true,,,,,,,,,,,,,0.098,,,,,,0.1,,,EN,2014-03-04T22:00:00.000Z
DEVICES08,Total density per million population: Magnetic Resonance Imaging,text,AMR,Americas,Country,ECU,Ecuador,Year,2013,true,,,,,,,,,,,,,0.13,,,,,,0.13,,Only public sector data,EN,2014-03-04T22:00:00.000Z
DEVICES08,Total density per million population: Magnetic Resonance Imaging,text,AFR,Africa,Country,SEN,Senegal,Year,2013,false,,,,,,,,,,,,,0.14,,,,,,0.14,,Only public sector data,EN,2014-03-04T22:00:00.000Z
DEVICES08,Total density per million population: Magnetic Resonance Imaging,text,AFR,Africa,Country,CIV,Cote d'Ivoire,Year,2013,true,,,,,,,,,,,,,0.15,,,,,,0.15,,,EN,2014-03-04T22:00:00.000Z
DEVICES08,Total density per million population: Magnetic Resonance Imaging,text,AFR,Africa,Country,TGO,Togo,Year,2013,true,,,,,,,,,,,,,0.15,,,,,,0.15,,Only private sector data,EN,2014-03-04T22:00:00.000Z
DEVICES08,Total density per million population: Magnetic Resonance Imaging,text,AFR,Africa,Country,ERI,Eritrea,Year,2013,true,,,,,,,,,,,,,0.16,,,,,,0.16,,,EN,2014-03-04T22:00:00.000Z
DEVICES08,Total density per million population: Magnetic Resonance Imaging,text,AFR,Africa,Country,KEN,Kenya,Year,2013,true,,,,,,,,,,,,,0.16,,,,,,0.16,,,EN,2014-03-04T22:00:00.000Z
DEVICES08,Total density per million population: Magnetic Resonance Imaging,text,AMR,Americas,Country,NIC,Nicaragua,Year,2013,true,,,,,,,,,,,,,0.16,,,,,,0.16,,Only public sector data,EN,2014-03-04T22:00:00.000Z
DEVICES08,Total density per million population: Magnetic Resonance Imaging,text,EMR,Eastern Mediterranean,Country,PAK,Pakistan,Year,2013,true,,,,,,,,,,,,,0.22,,,,,,0.22,,,EN,2014-03-04T22:00:00.000Z
DEVICES08,Total density per million population: Magnetic Resonance Imaging,text,AFR,Africa,Country,ZAF,South Africa,Year,2013,false,,,,,,,,,,,,,0.23,,,,,,0.23,,Only public sector data,EN,2014-03-04T22:00:00.000Z
DEVICES08,Total density per million population: Magnetic Resonance Imaging,text,AFR,Africa,Country,ZWE,Zimbabwe,Year,2013,true,,,,,,,,,,,,,0.28,,,,,,0.28,,,EN,2014-03-04T22:00:00.000Z
DEVICES08,Total density per million population: Magnetic Resonance Imaging,text,AMR,Americas,Country,PRY,Paraguay,Year,2013,true,,,,,,,,,,,,,0.29,,,,,,0.29,,,EN,2014-03-04T22:00:00.000Z
DEVICES08,Total density per million population: Magnetic Resonance Imaging,text,WPR,Western Pacific,Country,PHL,Philippines,Year,2013,true,,,,,,,,,,,,,0.3,,,,,,0.3,,,EN,2014-03-04T22:00:00.000Z
DEVICES08,Total density per million population: Magnetic Resonance Imaging,text,EMR,Eastern Mediterranean,Country,SDN,Sudan,Year,2013,true,,,,,,,,,,,,,0.32,,,,,,0.32,,,EN,2014-03-04T22:00:00.000Z
DEVICES08,Total density per million population: Magnetic Resonance Imaging,text,EMR,Eastern Mediterranean,Country,MAR,Morocco,Year,2013,true,,,,,,,,,,,,,0.36,,,,,,0.36,,Only public sector data,EN,2014-03-04T22:00:00.000Z
DEVICES08,Total density per million population: Magnetic Resonance Imaging,text,EUR,Europe,Country,TJK,Tajikistan,Year,2013,true,,,,,,,,,,,,,0.37,,,,,,0.37,,Only public sector data,EN,2014-03-04T22:00:00.000Z
DEVICES08,Total density per million population: Magnetic Resonance Imaging,text,SEAR,South-East Asia,Country,LKA,Sri Lanka,Year,2013,true,,,,,,,,,,,,,0.42,,,,,,0.42,,,EN,2014-03-04T22:00:00.000Z
DEVICES08,Total density per million population: Magnetic Resonance Imaging,text,AFR,Africa,Country,BWA,Botswana,Year,2013,true,,,,,,,,,,,,,0.49,,,,,,0.49,,,EN,2014-03-04T22:00:00.000Z
DEVICES08,Total density per million population: Magnetic Resonance Imaging,text,EUR,Europe,Country,AZE,Azerbaijan,Year,2013,false,,,,,,,,,,,,,0.53,,,,,,0.53,,Only public sector data,EN,2014-03-04T22:00:00.000Z
DEVICES08,Total density per million population: Magnetic Resonance Imaging,text,AFR,Africa,Country,GMB,Gambia,Year,2013,true,,,,,,,,,,,,,0.54,,,,,,0.54,,,EN,2014-03-04T22:00:00.000Z
DEVICES08,Total density per million population: Magnetic Resonance Imaging,text,AFR,Africa,Country,MRT,Mauritania,Year,2013,true,,,,,,,,,,,,,0.77,,,,,,0.77,,,EN,2014-03-04T22:00:00.000Z
DEVICES08,Total density per million population: Magnetic Resonance Imaging,text,AMR,Americas,Country,CUB,Cuba,Year,2013,false,,,,,,,,,,,,,0.8,,,,,,0.8,,Only public sector data,EN,2014-03-04T22:00:00.000Z
DEVICES08,Total density per million population: Magnetic Resonance Imaging,text,AMR,Americas,Country,CRI,Costa Rica,Year,2013,true,,,,,,,,,,,,,0.82,,,,,,0.82,,,EN,2014-03-04T22:00:00.000Z
DEVICES08,Total density per million population: Magnetic Resonance Imaging,text,AFR,Africa,Country,NAM,Namibia,Year,2013,true,,,,,,,,,,,,,0.87,,,,,,0.87,,,EN,2014-03-04T22:00:00.000Z
DEVICES08,Total density per million population: Magnetic Resonance Imaging,text,EUR,Europe,Country,KGZ,Kyrgyzstan,Year,2013,false,,,,,,,,,,,,,0.9,,,,,,0.9,,,EN,2014-03-04T22:00:00.000Z
DEVICES08,Total density per million population: Magnetic Resonance Imaging,text,EMR,Eastern Mediterranean,Country,SAU,Saudi Arabia,Year,2013,true,,,,,,,,,,,,,0.97,,,,,,0.97,,Only public sector data,EN,2014-03-04T22:00:00.000Z
DEVICES08,Total density per million population: Magnetic Resonance Imaging,text,EUR,Europe,Country,KAZ,Kazakhstan,Year,2013,true,,,,,,,,,,,,,1.09,,,,,,1.09,,Only public sector data,EN,2014-03-04T22:00:00.000Z
DEVICES08,Total density per million population: Magnetic Resonance Imaging,text,AMR,Americas,Country,SLV,El Salvador,Year,2013,true,,,,,,,,,,,,,1.1,,,,,,1.1,,,EN,2014-03-04T22:00:00.000Z
DEVICES08,Total density per million population: Magnetic Resonance Imaging,text,AMR,Americas,Country,HND,Honduras,Year,2013,false,,,,,,,,,,,,,1.11,,,,,,1.11,,,EN,2014-03-04T22:00:00.000Z
DEVICES08,Total density per million population: Magnetic Resonance Imaging,text,WPR,Western Pacific,Country,FJI,Fiji,Year,2013,true,,,,,,,,,,,,,1.13,,,,,,1.13,,,EN,2014-03-04T22:00:00.000Z
DEVICES08,Total density per million population: Magnetic Resonance Imaging,text,EMR,Eastern Mediterranean,Country,YEM,Yemen,Year,2013,true,,,,,,,,,,,,,1.15,,,,,,1.15,,,EN,2014-03-04T22:00:00.000Z
DEVICES08,Total density per million population: Magnetic Resonance Imaging,text,AFR,Africa,Country,GAB,Gabon,Year,2013,true,,,,,,,,,,,,,1.2,,,,,,1.2,,,EN,2014-03-04T22:00:00.000Z
DEVICES08,Total density per million population: Magnetic Resonance Imaging,text,AMR,Americas,Country,GUY,Guyana,Year,2013,true,,,,,,,,,,,,,1.25,,,,,,1.25,,Only private sector data,EN,2014-03-04T22:00:00.000Z
DEVICES08,Total density per million population: Magnetic Resonance Imaging,text,EUR,Europe,Country,ISR,Israel,Year,2013,false,,,,,,,,,,,,,1.29,,,,,,1.29,,,EN,2014-03-04T22:00:00.000Z
DEVICES08,Total density per million population: Magnetic Resonance Imaging,text,SEAR,South-East Asia,Country,BTN,Bhutan,Year,2013,true,,,,,,,,,,,,,1.33,,,,,,1.33,,,EN,2014-03-04T22:00:00.000Z
DEVICES08,Total density per million population: Magnetic Resonance Imaging,text,EUR,Europe,Country,HUN,Hungary,Year,2013,false,,,,,,,,,,,,,1.41,,,,,,1.41,,,EN,2014-03-04T22:00:00.000Z
DEVICES08,Total density per million population: Magnetic Resonance Imaging,text,AMR,Americas,Country,MEX,Mexico,Year,2013,false,,,,,,,,,,,,,1.41,,,,,,1.41,,,EN,2014-03-04T22:00:00.000Z
DEVICES08,Total density per million population: Magnetic Resonance Imaging,text,WPR,Western Pacific,Country,MNG,Mongolia,Year,2013,true,,,,,,,,,,,,,1.41,,,,,,1.41,,,EN,2014-03-04T22:00:00.000Z
DEVICES08,Total density per million population: Magnetic Resonance Imaging,text,EUR,Europe,Country,MDA,Republic of Moldova,Year,2013,true,,,,,,,,,,,,,1.43,,,,,,1.43,,,EN,2014-03-04T22:00:00.000Z
DEVICES08,Total density per million population: Magnetic Resonance Imaging,text,AMR,Americas,Country,JAM,Jamaica,Year,2013,true,,,,,,,,,,,,,1.44,,,,,,1.44,,,EN,2014-03-04T22:00:00.000Z
DEVICES08,Total density per million population: Magnetic Resonance Imaging,text,EUR,Europe,Country,ALB,Albania,Year,2013,true,,,,,,,,,,,,,1.58,,,,,,1.58,,,EN,2014-03-04T22:00:00.000Z
DEVICES08,Total density per million population: Magnetic Resonance Imaging,text,EMR,Eastern Mediterranean,Country,IRQ,Iraq,Year,2013,true,,,,,,,,,,,,,1.63,,,,,,1.63,,Only public sector data,EN,2014-03-04T22:00:00.000Z
DEVICES08,Total density per million population: Magnetic Resonance Imaging,text,EUR,Europe,Country,IRL,Ireland,Year,2013,false,,,,,,,,,,,,,1.95,,,,,,1.95,,Only public sector data,EN,2014-03-04T22:00:00.000Z
DEVICES08,Total density per million population: Magnetic Resonance Imaging,text,EUR,Europe,Country,ROU,Romania,Year,2013,true,,,,,,,,,,,,,1.98,,,,,,1.98,,,EN,2014-03-04T22:00:00.000Z
DEVICES08,Total density per million population: Magnetic Resonance Imaging,text,EUR,Europe,Country,FRA,France,Year,2013,false,,,,,,,,,,,,,10.13,,,,,,10.13,,,EN,2014-03-04T22:00:00.000Z
DEVICES08,Total density per million population: Magnetic Resonance Imaging,text,AFR,Africa,Country,SYC,Seychelles,Year,2013,true,,,,,,,,,,,,,10.77,,,,,,10.77,,Only public sector data,EN,2014-03-04T22:00:00.000Z
DEVICES08,Total density per million population: Magnetic Resonance Imaging,text,AMR,Americas,Country,LCA,Saint Lucia,Year,2013,true,,,,,,,,,,,,,10.97,,,,,,10.97,,,EN,2014-03-04T22:00:00.000Z
DEVICES08,Total density per million population: Magnetic Resonance Imaging,text,AMR,Americas,Country,ATG,Antigua and Barbuda,Year,2013,true,,,,,,,,,,,,,11.11,,,,,,11.11,,Only private sector data,EN,2014-03-04T22:00:00.000Z
DEVICES08,Total density per million population: Magnetic Resonance Imaging,text,EUR,Europe,Country,NLD,Netherlands (Kingdom of the),Year,2013,false,,,,,,,,,,,,,12.11,,,,,,12.11,,,EN,2014-03-04T22:00:00.000Z
DEVICES08,Total density per million population: Magnetic Resonance Imaging,text,EUR,Europe,Country,LUX,Luxembourg,Year,2013,false,,,,,,,,,,,,,13.2,,,,,,13.2,,,EN,2014-03-04T22:00:00.000Z
DEVICES08,Total density per million population: Magnetic Resonance Imaging,text,EUR,Europe,Country,DNK,Denmark,Year,2013,true,,,,,,,,,,,,,13.7,,,,,,13.7,,,EN,2014-03-04T22:00:00.000Z
DEVICES08,Total density per million population: Magnetic Resonance Imaging,text,EUR,Europe,Country,MCO,Monaco,Year,2013,true,,,,,,,,,,,,,132.2,,,,,,132.17,,,EN,2014-03-04T22:00:00.000Z
DEVICES08,Total density per million population: Magnetic Resonance Imaging,text,EUR,Europe,Country,CYP,Cyprus,Year,2013,true,,,,,,,,,,,,,14.02,,,,,,14.02,,,EN,2014-03-04T22:00:00.000Z
DEVICES08,Total density per million population: Magnetic Resonance Imaging,text,EUR,Europe,Country,FIN,Finland,Year,2013,false,,,,,,,,,,,,,15.85,,,,,,15.85,,Only public sector data,EN,2014-03-04T22:00:00.000Z
DEVICES08,Total density per million population: Magnetic Resonance Imaging,text,EUR,Europe,Country,AUT,Austria,Year,2013,false,,,,,,,,,,,,,16.6,,,,,,16.6,,Only public sector data,EN,2014-03-04T22:00:00.000Z
DEVICES08,Total density per million population: Magnetic Resonance Imaging,text,WPR,Western Pacific,Country,KOR,Republic of Korea,Year,2013,false,,,,,,,,,,,,,19.99,,,,,,19.99,,Only private sector data,EN,2014-03-04T22:00:00.000Z
DEVICES08,Total density per million population: Magnetic Resonance Imaging,text,AFR,Africa,Country,CPV,Cabo Verde,Year,2013,false,,,,,,,,,,,,,2,,,,,,2,,,EN,2014-03-04T22:00:00.000Z
DEVICES08,Total density per million population: Magnetic Resonance Imaging,text,EMR,Eastern Mediterranean,Country,TUN,Tunisia,Year,2013,true,,,,,,,,,,,,,2,,,,,,2,,,EN,2014-03-04T22:00:00.000Z
DEVICES08,Total density per million population: Magnetic Resonance Imaging,text,EMR,Eastern Mediterranean,Country,JOR,Jordan,Year,2013,false,,,,,,,,,,,,,2.06,,,,,,2.06,,,EN,2014-03-04T22:00:00.000Z
DEVICES08,Total density per million population: Magnetic Resonance Imaging,text,EUR,Europe,Country,ARM,Armenia,Year,2013,true,,,,,,,,,,,,,2.35,,,,,,2.35,,,EN,2014-03-04T22:00:00.000Z
DEVICES08,Total density per million population: Magnetic Resonance Imaging,text,WPR,Western Pacific,Country,BRN,Brunei Darussalam,Year,2013,true,,,,,,,,,,,,,2.39,,,,,,2.39,,Only private sector data,EN,2014-03-04T22:00:00.000Z
DEVICES08,Total density per million population: Magnetic Resonance Imaging,text,EUR,Europe,Country,BLR,Belarus,Year,2013,true,,,,,,,,,,,,,2.57,,,,,,2.57,,Only public sector data,EN,2014-03-04T22:00:00.000Z
DEVICES08,Total density per million population: Magnetic Resonance Imaging,text,AMR,Americas,Country,BHS,Bahamas,Year,2013,false,,,,,,,,,,,,,2.65,,,,,,2.65,,,EN,2014-03-04T22:00:00.000Z
DEVICES08,Total density per million population: Magnetic Resonance Imaging,text,AMR,Americas,Country,PAN,Panama,Year,2013,true,,,,,,,,,,,,,2.85,,,,,,2.85,,,EN,2014-03-04T22:00:00.000Z
DEVICES08,Total density per million population: Magnetic Resonance Imaging,text,WPR,Western Pacific,Country,MYS,Malaysia,Year,2013,true,,,,,,,,,,,,,2.89,,,,,,2.89,,,EN,2014-03-04T22:00:00.000Z
DEVICES08,Total density per million population: Magnetic Resonance Imaging,text,SEAR,South-East Asia,Country,MDV,Maldives,Year,2013,true,,,,,,,,,,,,,2.9,,,,,,2.9,,,EN,2014-03-04T22:00:00.000Z
DEVICES08,Total density per million population: Magnetic Resonance Imaging,text,AMR,Americas,Country,URY,Uruguay,Year,2013,true,,,,,,,,,,,,,2.94,,,,,,2.94,,,EN,2014-03-04T22:00:00.000Z
DEVICES08,Total density per million population: Magnetic Resonance Imaging,text,AMR,Americas,Country,TTO,Trinidad and Tobago,Year,2013,false,,,,,,,,,,,,,2.98,,,,,,2.98,,Only public sector data,EN,2014-03-04T22:00:00.000Z
DEVICES08,Total density per million population: Magnetic Resonance Imaging,text,EUR,Europe,Country,ISL,Iceland,Year,2013,false,,,,,,,,,,,,,21.24,,,,,,21.24,,,EN,2014-03-04T22:00:00.000Z
DEVICES08,Total density per million population: Magnetic Resonance Imaging,text,EUR,Europe,Country,GRC,Greece,Year,2013,false,,,,,,,,,,,,,22.02,,,,,,22.02,,,EN,2014-03-04T22:00:00.000Z
DEVICES08,Total density per million population: Magnetic Resonance Imaging,text,AMR,Americas,Country,BLZ,Belize,Year,2013,true,,,,,,,,,,,,,3.01,,,,,,3.01,,,EN,2014-03-04T22:00:00.000Z
DEVICES08,Total density per million population: Magnetic Resonance Imaging,text,EUR,Europe,Country,MNE,Montenegro,Year,2013,true,,,,,,,,,,,,,3.22,,,,,,3.22,,,EN,2014-03-04T22:00:00.000Z
DEVICES08,Total density per million population: Magnetic Resonance Imaging,text,EUR,Europe,Country,POL,Poland,Year,2013,false,,,,,,,,,,,,,3.27,,,,,,3.27,,Only public sector data,EN,2014-03-04T22:00:00.000Z
DEVICES08,Total density per million population: Magnetic Resonance Imaging,text,AMR,Americas,Country,SUR,Suriname,Year,2013,true,,,,,,,,,,,,,3.71,,,,,,3.71,,,EN,2014-03-04T22:00:00.000Z
DEVICES08,Total density per million population: Magnetic Resonance Imaging,text,AMR,Americas,Country,CHL,Chile,Year,2013,false,,,,,,,,,,,,,4.37,,,,,,4.37,,,EN,2014-03-04T22:00:00.000Z
DEVICES08,Total density per million population: Magnetic Resonance Imaging,text,EMR,Eastern Mediterranean,Country,OMN,Oman,Year,2013,true,,,,,,,,,,,,,4.4,,,,,,4.4,,,EN,2014-03-04T22:00:00.000Z
DEVICES08,Total density per million population: Magnetic Resonance Imaging,text,AFR,Africa,Country,MUS,Mauritius,Year,2013,true,,,,,,,,,,,,,4.82,,,,,,4.82,,,EN,2014-03-04T22:00:00.000Z
DEVICES08,Total density per million population: Magnetic Resonance Imaging,text,EUR,Europe,Country,CZE,Czechia,Year,2013,false,,,,,,,,,,,,,4.86,,,,,,4.86,,,EN,2014-03-04T22:00:00.000Z
DEVICES08,Total density per million population: Magnetic Resonance Imaging,text,WPR,Western Pacific,Country,JPN,Japan,Year,2013,false,,,,,,,,,,,,,45.94,,,,,,45.94,,,EN,2014-03-04T22:00:00.000Z
DEVICES08,Total density per million population: Magnetic Resonance Imaging,text,EMR,Eastern Mediterranean,Country,LBY,Libya,Year,2013,true,,,,,,,,,,,,,5.16,,,,,,5.16,,,EN,2014-03-04T22:00:00.000Z
DEVICES08,Total density per million population: Magnetic Resonance Imaging,text,EUR,Europe,Country,BIH,Bosnia and Herzegovina,Year,2013,true,,,,,,,,,,,,,5.48,,,,,,5.48,,,EN,2014-03-04T22:00:00.000Z
DEVICES08,Total density per million population: Magnetic Resonance Imaging,text,EUR,Europe,Country,TUR,Türkiye,Year,2013,false,,,,,,,,,,,,,6.14,,,,,,6.14,,,EN,2014-03-04T22:00:00.000Z
DEVICES08,Total density per million population: Magnetic Resonance Imaging,text,EUR,Europe,Country,SRB,Serbia,Year,2013,true,,,,,,,,,,,,,6.2,,,,,,6.2,,,EN,2014-03-04T22:00:00.000Z
DEVICES08,Total density per million population: Magnetic Resonance Imaging,text,EUR,Europe,Country,SMR,San Marino,Year,2013,true,,,,,,,,,,,,,63.6,,,,,,63.6,,,EN,2014-03-04T22:00:00.000Z
DEVICES08,Total density per million population: Magnetic Resonance Imaging,text,EUR,Europe,Country,HRV,Croatia,Year,2013,true,,,,,,,,,,,,,7.23,,,,,,7.23,,,EN,2014-03-04T22:00:00.000Z
DEVICES08,Total density per million population: Magnetic Resonance Imaging,text,WPR,Western Pacific,Country,SGP,Singapore,Year,2013,true,,,,,,,,,,,,,7.76,,,,,,7.76,,,EN,2014-03-04T22:00:00.000Z
DEVICES08,Total density per million population: Magnetic Resonance Imaging,text,AMR,Americas,Country,CAN,Canada,Year,2013,false,,,,,,,,,,,,,7.99,,,,,,7.99,,,EN,2014-03-04T22:00:00.000Z
DEVICES08,Total density per million population: Magnetic Resonance Imaging,text,EUR,Europe,Country,ESP,Spain,Year,2013,false,,,,,,,,,,,,,8.14,,,,,,8.14,,,EN,2014-03-04T22:00:00.000Z
DEVICES08,Total density per million population: Magnetic Resonance Imaging,text,EMR,Eastern Mediterranean,Country,LBN,Lebanon,Year,2013,true,,,,,,,,,,,,,8.3,,,,,,8.3,,,EN,2014-03-04T22:00:00.000Z
DEVICES08,Total density per million population: Magnetic Resonance Imaging,text,EUR,Europe,Country,EST,Estonia,Year,2013,false,,,,,,,,,,,,,8.55,,,,,,8.55,,,EN,2014-03-04T22:00:00.000Z
DEVICES08,Total density per million population: Magnetic Resonance Imaging,text,EUR,Europe,Country,SVN,Slovenia,Year,2013,false,,,,,,,,,,,,,8.69,,,,,,8.69,,,EN,2014-03-04T22:00:00.000Z
DEVICES08,Total density per million population: Magnetic Resonance Imaging,text,EUR,Europe,Country,LTU,Lithuania,Year,2013,false,,,,,,,,,,,,,8.95,,,,,,8.95,,,EN,2014-03-04T22:00:00.000Z
DEVICES08,Total density per million population: Magnetic Resonance Imaging,text,EMR,Eastern Mediterranean,Country,QAT,Qatar,Year,2013,true,,,,,,,,,,,,,9.22,,,,,,9.22,,,EN,2014-03-04T22:00:00.000Z
DEVICES08,Total density per million population: Magnetic Resonance Imaging,text,EUR,Europe,Country,MLT,Malta,Year,2013,true,,,,,,,,,,,,,9.32,,,,,,9.32,,,EN,2014-03-04T22:00:00.000Z
DEVICES08,Total density per million population: Magnetic Resonance Imaging,text,AMR,Americas,Country,GRD,Grenada,Year,2013,true,,,,,,,,,,,,,9.44,,,,,,9.44,,,EN,2014-03-04T22:00:00.000Z
DEVICES08,Total density per million population: Magnetic Resonance Imaging,text,EUR,Europe,Country,PRT,Portugal,Year,2013,true,,,,,,,,,,,,,9.9,,,,,,9.9,,,EN,2014-03-04T22:00:00.000Z
DEVICES09,Total density per million population: Computed tomography units,text,AFR,Africa,Country,CAF,Central African Republic,Year,2013,true,,,,,,,,,,,,,0,,,,,,0,,,EN,2014-03-04T22:00:00.000Z
DEVICES09,Total density per million population: Computed tomography units,text,AFR,Africa,Country,GIN,Guinea,Year,2013,true,,,,,,,,,,,,,0,,,,,,0,,Only public sector data,EN,2014-03-04T22:00:00.000Z
DEVICES09,Total density per million population: Computed tomography units,text,AFR,Africa,Country,GNB,Guinea-Bissau,Year,2013,true,,,,,,,,,,,,,0,,,,,,0,,,EN,2014-03-04T22:00:00.000Z
DEVICES09,Total density per million population: Computed tomography units,text,WPR,Western Pacific,Country,KIR,Kiribati,Year,2013,true,,,,,,,,,,,,,0,,,,,,0,,,EN,2014-03-04T22:00:00.000Z
DEVICES09,Total density per million population: Computed tomography units,text,WPR,Western Pacific,Country,FSM,Micronesia (Federated States of),Year,2013,false,,,,,,,,,,,,,0,,,,,,0,,,EN,2014-03-04T22:00:00.000Z
DEVICES09,Total density per million population: Computed tomography units,text,AMR,Americas,Country,VCT,Saint Vincent and the Grenadines,Year,2013,true,,,,,,,,,,,,,0,,,,,,0,,,EN,2014-03-04T22:00:00.000Z
DEVICES09,Total density per million population: Computed tomography units,text,WPR,Western Pacific,Country,TON,Tonga,Year,2013,true,,,,,,,,,,,,,0,,,,,,0,,,EN,2014-03-04T22:00:00.000Z
DEVICES09,Total density per million population: Computed tomography units,text,WPR,Western Pacific,Country,VUT,Vanuatu,Year,2013,true,,,,,,,,,,,,,0,,,,,,0,,,EN,2014-03-04T22:00:00.000Z
DEVICES09,Total density per million population: Computed tomography units,text,AFR,Africa,Country,COD,Democratic Republic of the Congo,Year,2013,true,,,,,,,,,,,,,0.074,,,,,,0.07,,,EN,2014-03-04T22:00:00.000Z
DEVICES09,Total density per million population: Computed tomography units,text,AFR,Africa,Country,TCD,Chad,Year,2013,false,,,,,,,,,,,,,0.078,,,,,,0.08,,Only private sector data,EN,2014-03-04T22:00:00.000Z
DEVICES09,Total density per million population: Computed tomography units,text,SEAR,South-East Asia,Country,MMR,Myanmar,Year,2013,false,,,,,,,,,,,,,0.075,,,,,,0.08,,Only public sector data,EN,2014-03-04T22:00:00.000Z
DEVICES09,Total density per million population: Computed tomography units,text,AFR,Africa,Country,TZA,United Republic of Tanzania,Year,2013,false,,,,,,,,,,,,,0.12,,,,,,0.12,,,EN,2014-03-04T22:00:00.000Z
DEVICES09,Total density per million population: Computed tomography units,text,AFR,Africa,Country,MDG,Madagascar,Year,2013,true,,,,,,,,,,,,,0.13,,,,,,0.13,,,EN,2014-03-04T22:00:00.000Z
DEVICES09,Total density per million population: Computed tomography units,text,AFR,Africa,Country,GHA,Ghana,Year,2013,false,,,,,,,,,,,,,0.15,,,,,,0.15,,Only public sector data,EN,2014-03-04T22:00:00.000Z
DEVICES09,Total density per million population: Computed tomography units,text,AFR,Africa,Country,NER,Niger,Year,2013,true,,,,,,,,,,,,,0.17,,,,,,0.17,,,EN,2014-03-04T22:00:00.000Z
DEVICES09,Total density per million population: Computed tomography units,text,EMR,Eastern Mediterranean,Country,AFG,Afghanistan,Year,2013,true,,,,,,,,,,,,,0.2,,,,,,0.2,,,EN,2014-03-04T22:00:00.000Z
DEVICES09,Total density per million population: Computed tomography units,text,AFR,Africa,Country,BDI,Burundi,Year,2013,true,,,,,,,,,,,,,0.2,,,,,,0.2,,,EN,2014-03-04T22:00:00.000Z
DEVICES09,Total density per million population: Computed tomography units,text,AFR,Africa,Country,MLI,Mali,Year,2013,true,,,,,,,,,,,,,0.2,,,,,,0.2,,Only public sector data,EN,2014-03-04T22:00:00.000Z
DEVICES09,Total density per million population: Computed tomography units,text,AFR,Africa,Country,ZMB,Zambia,Year,2013,true,,,,,,,,,,,,,0.21,,,,,,0.21,,,EN,2014-03-04T22:00:00.000Z
DEVICES09,Total density per million population: Computed tomography units,text,AFR,Africa,Country,KEN,Kenya,Year,2013,true,,,,,,,,,,,,,0.25,,,,,,0.25,,,EN,2014-03-04T22:00:00.000Z
DEVICES09,Total density per million population: Computed tomography units,text,AFR,Africa,Country,BEN,Benin,Year,2013,true,,,,,,,,,,,,,0.29,,,,,,0.29,,,EN,2014-03-04T22:00:00.000Z
DEVICES09,Total density per million population: Computed tomography units,text,AMR,Americas,Country,HTI,Haiti,Year,2013,true,,,,,,,,,,,,,0.29,,,,,,0.29,,Only private sector data,EN,2014-03-04T22:00:00.000Z
DEVICES09,Total density per million population: Computed tomography units,text,AFR,Africa,Country,MWI,Malawi,Year,2013,true,,,,,,,,,,,,,0.31,,,,,,0.31,,,EN,2014-03-04T22:00:00.000Z
DEVICES09,Total density per million population: Computed tomography units,text,AFR,Africa,Country,ERI,Eritrea,Year,2013,true,,,,,,,,,,,,,0.32,,,,,,0.32,,,EN,2014-03-04T22:00:00.000Z
DEVICES09,Total density per million population: Computed tomography units,text,EMR,Eastern Mediterranean,Country,PAK,Pakistan,Year,2013,true,,,,,,,,,,,,,0.33,,,,,,0.33,,,EN,2014-03-04T22:00:00.000Z
DEVICES09,Total density per million population: Computed tomography units,text,AFR,Africa,Country,SLE,Sierra Leone,Year,2013,true,,,,,,,,,,,,,0.33,,,,,,0.33,,,EN,2014-03-04T22:00:00.000Z
DEVICES09,Total density per million population: Computed tomography units,text,AFR,Africa,Country,SEN,Senegal,Year,2013,false,,,,,,,,,,,,,0.35,,,,,,0.35,,Only public sector data,EN,2014-03-04T22:00:00.000Z
DEVICES09,Total density per million population: Computed tomography units,text,AFR,Africa,Country,ETH,Ethiopia,Year,2013,false,,,,,,,,,,,,,0.36,,,,,,0.36,,,EN,2014-03-04T22:00:00.000Z
DEVICES09,Total density per million population: Computed tomography units,text,WPR,Western Pacific,Country,PNG,Papua New Guinea,Year,2013,true,,,,,,,,,,,,,0.41,,,,,,0.41,,,EN,2014-03-04T22:00:00.000Z
DEVICES09,Total density per million population: Computed tomography units,text,AFR,Africa,Country,AGO,Angola,Year,2013,true,,,,,,,,,,,,,0.42,,,,,,0.42,,,EN,2014-03-04T22:00:00.000Z
DEVICES09,Total density per million population: Computed tomography units,text,AFR,Africa,Country,ZWE,Zimbabwe,Year,2013,true,,,,,,,,,,,,,0.42,,,,,,0.42,,,EN,2014-03-04T22:00:00.000Z
DEVICES09,Total density per million population: Computed tomography units,text,AFR,Africa,Country,UGA,Uganda,Year,2013,false,,,,,,,,,,,,,0.45,,,,,,0.45,,,EN,2014-03-04T22:00:00.000Z
DEVICES09,Total density per million population: Computed tomography units,text,AMR,Americas,Country,NIC,Nicaragua,Year,2013,true,,,,,,,,,,,,,0.49,,,,,,0.49,,Only public sector data,EN,2014-03-04T22:00:00.000Z
DEVICES09,Total density per million population: Computed tomography units,text,AFR,Africa,Country,CMR,Cameroon,Year,2013,true,,,,,,,,,,,,,0.63,,,,,,0.63,,,EN,2014-03-04T22:00:00.000Z
DEVICES09,Total density per million population: Computed tomography units,text,AFR,Africa,Country,BFA,Burkina Faso,Year,2013,false,,,,,,,,,,,,,0.65,,,,,,0.65,,,EN,2014-03-04T22:00:00.000Z
DEVICES09,Total density per million population: Computed tomography units,text,AFR,Africa,Country,CIV,Cote d'Ivoire,Year,2013,true,,,,,,,,,,,,,0.69,,,,,,0.69,,,EN,2014-03-04T22:00:00.000Z
DEVICES09,Total density per million population: Computed tomography units,text,AFR,Africa,Country,TGO,Togo,Year,2013,true,,,,,,,,,,,,,0.73,,,,,,0.73,,,EN,2014-03-04T22:00:00.000Z
DEVICES09,Total density per million population: Computed tomography units,text,WPR,Western Pacific,Country,LAO,Lao People's Democratic Republic,Year,2013,true,,,,,,,,,,,,,0.74,,,,,,0.74,,,EN,2014-03-04T22:00:00.000Z
DEVICES09,Total density per million population: Computed tomography units,text,EUR,Europe,Country,KGZ,Kyrgyzstan,Year,2013,false,,,,,,,,,,,,,0.9,,,,,,0.9,,,EN,2014-03-04T22:00:00.000Z
DEVICES09,Total density per million population: Computed tomography units,text,AFR,Africa,Country,ZAF,South Africa,Year,2013,false,,,,,,,,,,,,,0.97,,,,,,0.97,,Only public sector data,EN,2014-03-04T22:00:00.000Z
DEVICES09,Total density per million population: Computed tomography units,text,AFR,Africa,Country,BWA,Botswana,Year,2013,true,,,,,,,,,,,,,0.99,,,,,,0.99,,Only public sector data,EN,2014-03-04T22:00:00.000Z
DEVICES09,Total density per million population: Computed tomography units,text,AMR,Americas,Country,PRY,Paraguay,Year,2013,true,,,,,,,,,,,,,1.03,,,,,,1.03,,,EN,2014-03-04T22:00:00.000Z
DEVICES09,Total density per million population: Computed tomography units,text,EUR,Europe,Country,AZE,Azerbaijan,Year,2013,false,,,,,,,,,,,,,1.06,,,,,,1.06,,Only public sector data,EN,2014-03-04T22:00:00.000Z
DEVICES09,Total density per million population: Computed tomography units,text,AFR,Africa,Country,GMB,Gambia,Year,2013,false,,,,,,,,,,,,,1.08,,,,,,1.08,,,EN,2014-03-04T22:00:00.000Z
DEVICES09,Total density per million population: Computed tomography units,text,WPR,Western Pacific,Country,PHL,Philippines,Year,2013,true,,,,,,,,,,,,,1.09,,,,,,1.09,,,EN,2014-03-04T22:00:00.000Z
DEVICES09,Total density per million population: Computed tomography units,text,EUR,Europe,Country,TJK,Tajikistan,Year,2013,true,,,,,,,,,,,,,1.1,,,,,,1.1,,Only public sector data,EN,2014-03-04T22:00:00.000Z
DEVICES09,Total density per million population: Computed tomography units,text,EMR,Eastern Mediterranean,Country,SDN,Sudan,Year,2013,true,,,,,,,,,,,,,1.13,,,,,,1.13,,,EN,2014-03-04T22:00:00.000Z
DEVICES09,Total density per million population: Computed tomography units,text,WPR,Western Pacific,Country,KHM,Cambodia,Year,2013,true,,,,,,,,,,,,,1.19,,,,,,1.19,,,EN,2014-03-04T22:00:00.000Z
DEVICES09,Total density per million population: Computed tomography units,text,EMR,Eastern Mediterranean,Country,MAR,Morocco,Year,2013,true,,,,,,,,,,,,,1.21,,,,,,1.21,,Only public sector data,EN,2014-03-04T22:00:00.000Z
DEVICES09,Total density per million population: Computed tomography units,text,SEAR,South-East Asia,Country,BTN,Bhutan,Year,2013,true,,,,,,,,,,,,,1.33,,,,,,1.33,,,EN,2014-03-04T22:00:00.000Z
DEVICES09,Total density per million population: Computed tomography units,text,AFR,Africa,Country,COM,Comoros,Year,2013,false,,,,,,,,,,,,,1.36,,,,,,1.36,,,EN,2014-03-04T22:00:00.000Z
DEVICES09,Total density per million population: Computed tomography units,text,AMR,Americas,Country,JAM,Jamaica,Year,2013,true,,,,,,,,,,,,,1.44,,,,,,1.44,,Only public sector data,EN,2014-03-04T22:00:00.000Z
DEVICES09,Total density per million population: Computed tomography units,text,EUR,Europe,Country,KAZ,Kazakhstan,Year,2013,true,,,,,,,,,,,,,1.46,,,,,,1.46,,Only public sector data,EN,2014-03-04T22:00:00.000Z
DEVICES09,Total density per million population: Computed tomography units,text,AFR,Africa,Country,MRT,Mauritania,Year,2013,true,,,,,,,,,,,,,1.54,,,,,,1.54,,,EN,2014-03-04T22:00:00.000Z
DEVICES09,Total density per million population: Computed tomography units,text,AMR,Americas,Country,ECU,Ecuador,Year,2013,true,,,,,,,,,,,,,1.59,,,,,,1.59,,Only public sector data,EN,2014-03-04T22:00:00.000Z
DEVICES09,Total density per million population: Computed tomography units,text,SEAR,South-East Asia,Country,LKA,Sri Lanka,Year,2013,true,,,,,,,,,,,,,1.69,,,,,,1.69,,Both public sector data and private sector data,EN,2015-03-30T21:00:00.000Z
DEVICES09,Total density per million population: Computed tomography units,text,EUR,Europe,Country,POL,Poland,Year,2013,false,,,,,,,,,,,,,10.6,,,,,,10.6,,Only public sector data,EN,2014-03-04T22:00:00.000Z
DEVICES09,Total density per million population: Computed tomography units,text,AFR,Africa,Country,SYC,Seychelles,Year,2013,true,,,,,,,,,,,,,10.77,,,,,,10.77,,Only public sector data,EN,2014-03-04T22:00:00.000Z
DEVICES09,Total density per million population: Computed tomography units,text,AMR,Americas,Country,LCA,Saint Lucia,Year,2013,true,,,,,,,,,,,,,10.97,,,,,,10.97,,,EN,2014-03-04T22:00:00.000Z
DEVICES09,Total density per million population: Computed tomography units,text,WPR,Western Pacific,Country,JPN,Japan,Year,2013,false,,,,,,,,,,,,,101.2,,,,,,101.18,,,EN,2014-03-04T22:00:00.000Z
DEVICES09,Total density per million population: Computed tomography units,text,AMR,Americas,Country,BLZ,Belize,Year,2013,true,,,,,,,,,,,,,12.05,,,,,,12.05,,,EN,2014-03-04T22:00:00.000Z
DEVICES09,Total density per million population: Computed tomography units,text,EUR,Europe,Country,NLD,Netherlands (Kingdom of the),Year,2013,false,,,,,,,,,,,,,12.23,,,,,,12.23,,,EN,2014-03-04T22:00:00.000Z
DEVICES09,Total density per million population: Computed tomography units,text,AMR,Americas,Country,CHL,Chile,Year,2013,false,,,,,,,,,,,,,12.6,,,,,,12.6,,,EN,2014-03-04T22:00:00.000Z
DEVICES09,Total density per million population: Computed tomography units,text,AMR,Americas,Country,URY,Uruguay,Year,2013,true,,,,,,,,,,,,,12.91,,,,,,12.91,,,EN,2014-03-04T22:00:00.000Z
DEVICES09,Total density per million population: Computed tomography units,text,EUR,Europe,Country,CZE,Czechia,Year,2013,false,,,,,,,,,,,,,12.99,,,,,,12.99,,,EN,2014-03-04T22:00:00.000Z
DEVICES09,Total density per million population: Computed tomography units,text,AMR,Americas,Country,BHS,Bahamas,Year,2013,false,,,,,,,,,,,,,13.25,,,,,,13.25,,,EN,2014-03-04T22:00:00.000Z
DEVICES09,Total density per million population: Computed tomography units,text,EUR,Europe,Country,SVN,Slovenia,Year,2013,false,,,,,,,,,,,,,13.51,,,,,,13.51,,Only public sector data,EN,2014-03-04T22:00:00.000Z
DEVICES09,Total density per million population: Computed tomography units,text,EUR,Europe,Country,SRB,Serbia,Year,2013,true,,,,,,,,,,,,,13.67,,,,,,13.67,,,EN,2014-03-04T22:00:00.000Z
DEVICES09,Total density per million population: Computed tomography units,text,AMR,Americas,Country,CAN,Canada,Year,2013,false,,,,,,,,,,,,,13.76,,,,,,13.76,,,EN,2014-03-04T22:00:00.000Z
DEVICES09,Total density per million population: Computed tomography units,text,EUR,Europe,Country,ESP,Spain,Year,2013,false,,,,,,,,,,,,,13.85,,,,,,13.85,,,EN,2014-03-04T22:00:00.000Z
DEVICES09,Total density per million population: Computed tomography units,text,AMR,Americas,Country,DMA,Dominica,Year,2013,true,,,,,,,,,,,,,13.89,,,,,,13.89,,,EN,2014-03-04T22:00:00.000Z
DEVICES09,Total density per million population: Computed tomography units,text,EUR,Europe,Country,MCO,Monaco,Year,2013,true,,,,,,,,,,,,,132.2,,,,,,132.17,,,EN,2014-03-04T22:00:00.000Z
DEVICES09,Total density per million population: Computed tomography units,text,EUR,Europe,Country,TUR,Türkiye,Year,2013,false,,,,,,,,,,,,,14.52,,,,,,14.52,,,EN,2014-03-04T22:00:00.000Z
DEVICES09,Total density per million population: Computed tomography units,text,EUR,Europe,Country,HRV,Croatia,Year,2013,true,,,,,,,,,,,,,14.92,,,,,,14.92,,,EN,2014-03-04T22:00:00.000Z
DEVICES09,Total density per million population: Computed tomography units,text,EUR,Europe,Country,EST,Estonia,Year,2013,false,,,,,,,,,,,,,15.54,,,,,,15.54,,,EN,2014-03-04T22:00:00.000Z
DEVICES09,Total density per million population: Computed tomography units,text,EUR,Europe,Country,MNE,Montenegro,Year,2013,true,,,,,,,,,,,,,16.09,,,,,,16.09,,,EN,2014-03-04T22:00:00.000Z
DEVICES09,Total density per million population: Computed tomography units,text,EUR,Europe,Country,BIH,Bosnia and Herzegovina,Year,2013,true,,,,,,,,,,,,,16.45,,,,,,16.45,,,EN,2014-03-04T22:00:00.000Z
DEVICES09,Total density per million population: Computed tomography units,text,AMR,Americas,Country,KNA,Saint Kitts and Nevis,Year,2013,true,,,,,,,,,,,,,18.45,,,,,,18.45,,,EN,2014-03-04T22:00:00.000Z
DEVICES09,Total density per million population: Computed tomography units,text,EUR,Europe,Country,LUX,Luxembourg,Year,2013,false,,,,,,,,,,,,,18.85,,,,,,18.85,,,EN,2014-03-04T22:00:00.000Z
DEVICES09,Total density per million population: Computed tomography units,text,AMR,Americas,Country,GRD,Grenada,Year,2013,true,,,,,,,,,,,,,18.89,,,,,,18.89,,,EN,2014-03-04T22:00:00.000Z
DEVICES09,Total density per million population: Computed tomography units,text,WPR,Western Pacific,Country,MHL,Marshall Islands,Year,2013,true,,,,,,,,,,,,,19,,,,,,19,,,EN,2014-03-04T22:00:00.000Z
DEVICES09,Total density per million population: Computed tomography units,text,AFR,Africa,Country,CPV,Cabo Verde,Year,2013,false,,,,,,,,,,,,,2,,,,,,2,,,EN,2014-03-04T22:00:00.000Z
DEVICES09,Total density per million population: Computed tomography units,text,AMR,Americas,Country,HND,Honduras,Year,2013,false,,,,,,,,,,,,,2.1,,,,,,2.1,,,EN,2014-03-04T22:00:00.000Z
DEVICES09,Total density per million population: Computed tomography units,text,EMR,Eastern Mediterranean,Country,IRQ,Iraq,Year,2013,true,,,,,,,,,,,,,2.22,,,,,,2.22,,Only public sector data,EN,2014-03-04T22:00:00.000Z
DEVICES09,Total density per million population: Computed tomography units,text,AFR,Africa,Country,SWZ,Eswatini,Year,2013,true,,,,,,,,,,,,,2.4,,,,,,2.4,,,EN,2014-03-04T22:00:00.000Z
DEVICES09,Total density per million population: Computed tomography units,text,AMR,Americas,Country,TTO,Trinidad and Tobago,Year,2013,false,,,,,,,,,,,,,2.98,,,,,,2.98,,Only public sector data,EN,2014-03-04T22:00:00.000Z
DEVICES09,Total density per million population: Computed tomography units,text,EUR,Europe,Country,FIN,Finland,Year,2013,false,,,,,,,,,,,,,20.09,,,,,,20.09,,Only public sector data,EN,2014-03-04T22:00:00.000Z
DEVICES09,Total density per million population: Computed tomography units,text,EUR,Europe,Country,LTU,Lithuania,Year,2013,false,,,,,,,,,,,,,20.22,,,,,,20.22,,,EN,2014-03-04T22:00:00.000Z
DEVICES09,Total density per million population: Computed tomography units,text,AMR,Americas,Country,ATG,Antigua and Barbuda,Year,2013,true,,,,,,,,,,,,,22.23,,,,,,22.23,,,EN,2014-03-04T22:00:00.000Z
DEVICES09,Total density per million population: Computed tomography units,text,EUR,Europe,Country,DNK,Denmark,Year,2013,false,,,,,,,,,,,,,23.85,,,,,,23.85,,,EN,2014-03-04T22:00:00.000Z
DEVICES09,Total density per million population: Computed tomography units,text,EMR,Eastern Mediterranean,Country,LBN,Lebanon,Year,2013,true,,,,,,,,,,,,,25.09,,,,,,25.09,,,EN,2014-03-04T22:00:00.000Z
DEVICES09,Total density per million population: Computed tomography units,text,EUR,Europe,Country,CYP,Cyprus,Year,2013,true,,,,,,,,,,,,,25.41,,,,,,25.41,,,EN,2014-03-04T22:00:00.000Z
DEVICES09,Total density per million population: Computed tomography units,text,EUR,Europe,Country,PRT,Portugal,Year,2013,true,,,,,,,,,,,,,27.43,,,,,,27.43,,,EN,2014-03-04T22:00:00.000Z
DEVICES09,Total density per million population: Computed tomography units,text,EUR,Europe,Country,AUT,Austria,Year,2013,false,,,,,,,,,,,,,28.49,,,,,,28.49,,Only public sector data,EN,2014-03-04T22:00:00.000Z
DEVICES09,Total density per million population: Computed tomography units,text,EUR,Europe,Country,ARM,Armenia,Year,2013,true,,,,,,,,,,,,,3.02,,,,,,3.02,,,EN,2014-03-04T22:00:00.000Z
DEVICES09,Total density per million population: Computed tomography units,text,WPR,Western Pacific,Country,FJI,Fiji,Year,2013,true,,,,,,,,,,,,,3.4,,,,,,3.4,,,EN,2014-03-04T22:00:00.000Z
DEVICES09,Total density per million population: Computed tomography units,text,AFR,Africa,Country,GAB,Gabon,Year,2013,true,,,,,,,,,,,,,3.59,,,,,,3.59,,,EN,2014-03-04T22:00:00.000Z
DEVICES09,Total density per million population: Computed tomography units,text,EMR,Eastern Mediterranean,Country,YEM,Yemen,Year,2013,true,,,,,,,,,,,,,3.61,,,,,,3.61,,,EN,2014-03-04T22:00:00.000Z
DEVICES09,Total density per million population: Computed tomography units,text,AMR,Americas,Country,MEX,Mexico,Year,2013,false,,,,,,,,,,,,,3.65,,,,,,3.65,,,EN,2014-03-04T22:00:00.000Z
DEVICES09,Total density per million population: Computed tomography units,text,AMR,Americas,Country,GUY,Guyana,Year,2013,true,,,,,,,,,,,,,3.75,,,,,,3.75,,Only private sector data,EN,2014-03-04T22:00:00.000Z
DEVICES09,Total density per million population: Computed tomography units,text,EMR,Eastern Mediterranean,Country,SAU,Saudi Arabia,Year,2013,true,,,,,,,,,,,,,3.82,,,,,,3.82,,Only public sector data,EN,2014-03-04T22:00:00.000Z
DEVICES09,Total density per million population: Computed tomography units,text,EUR,Europe,Country,SMR,San Marino,Year,2013,true,,,,,,,,,,,,,31.8,,,,,,31.8,,,EN,2014-03-04T22:00:00.000Z
DEVICES09,Total density per million population: Computed tomography units,text,EUR,Europe,Country,GRC,Greece,Year,2013,false,,,,,,,,,,,,,33.16,,,,,,33.16,,,EN,2014-03-04T22:00:00.000Z
DEVICES09,Total density per million population: Computed tomography units,text,WPR,Western Pacific,Country,KOR,Republic of Korea,Year,2013,false,,,,,,,,,,,,,35.38,,,,,,35.38,,,EN,2014-03-04T22:00:00.000Z
DEVICES09,Total density per million population: Computed tomography units,text,EUR,Europe,Country,ISL,Iceland,Year,2013,false,,,,,,,,,,,,,39.45,,,,,,39.45,,,EN,2014-03-04T22:00:00.000Z
DEVICES09,Total density per million population: Computed tomography units,text,EUR,Europe,Country,IRL,Ireland,Year,2013,false,,,,,,,,,,,,,4.54,,,,,,4.54,,Only public sector data,EN,2014-03-04T22:00:00.000Z
DEVICES09,Total density per million population: Computed tomography units,text,AMR,Americas,Country,SLV,El Salvador,Year,2013,true,,,,,,,,,,,,,4.73,,,,,,4.73,,,EN,2014-03-04T22:00:00.000Z
DEVICES09,Total density per million population: Computed tomography units,text,AFR,Africa,Country,NAM,Namibia,Year,2013,true,,,,,,,,,,,,,4.78,,,,,,4.78,,,EN,2014-03-04T22:00:00.000Z
DEVICES09,Total density per million population: Computed tomography units,text,AMR,Americas,Country,CUB,Cuba,Year,2013,false,,,,,,,,,,,,,4.79,,,,,,4.79,,Only public sector data,EN,2014-03-04T22:00:00.000Z
DEVICES09,Total density per million population: Computed tomography units,text,AMR,Americas,Country,CRI,Costa Rica,Year,2013,true,,,,,,,,,,,,,5.13,,,,,,5.13,,,EN,2014-03-04T22:00:00.000Z
DEVICES09,Total density per million population: Computed tomography units,text,WPR,Western Pacific,Country,WSM,Samoa,Year,2013,true,,,,,,,,,,,,,5.25,,,,,,5.25,,,EN,2014-03-04T22:00:00.000Z
DEVICES09,Total density per million population: Computed tomography units,text,EUR,Europe,Country,ALB,Albania,Year,2013,true,,,,,,,,,,,,,5.36,,,,,,5.36,,,EN,2014-03-04T22:00:00.000Z
DEVICES09,Total density per million population: Computed tomography units,text,EUR,Europe,Country,ROU,Romania,Year,2013,true,,,,,,,,,,,,,5.44,,,,,,5.44,,,EN,2014-03-04T22:00:00.000Z
DEVICES09,Total density per million population: Computed tomography units,text,EUR,Europe,Country,MDA,Republic of Moldova,Year,2013,true,,,,,,,,,,,,,5.45,,,,,,5.45,,,EN,2014-03-04T22:00:00.000Z
DEVICES09,Total density per million population: Computed tomography units,text,EMR,Eastern Mediterranean,Country,JOR,Jordan,Year,2013,false,,,,,,,,,,,,,5.5,,,,,,5.5,,,EN,2014-03-04T22:00:00.000Z
DEVICES09,Total density per million population: Computed tomography units,text,SEAR,South-East Asia,Country,MDV,Maldives,Year,2013,true,,,,,,,,,,,,,5.8,,,,,,5.8,,,EN,2014-03-04T22:00:00.000Z
DEVICES09,Total density per million population: Computed tomography units,text,SEAR,South-East Asia,Country,THA,Thailand,Year,2013,true,,,,,,,,,,,,,5.95,,,,,,5.95,,,EN,2014-03-04T22:00:00.000Z
DEVICES09,Total density per million population: Computed tomography units,text,EUR,Europe,Country,BLR,Belarus,Year,2013,true,,,,,,,,,,,,,6.2,,,,,,6.2,,Only public sector data,EN,2014-03-04T22:00:00.000Z
DEVICES09,Total density per million population: Computed tomography units,text,WPR,Western Pacific,Country,MYS,Malaysia,Year,2013,true,,,,,,,,,,,,,6.43,,,,,,6.43,,,EN,2014-03-04T22:00:00.000Z
DEVICES09,Total density per million population: Computed tomography units,text,AFR,Africa,Country,MUS,Mauritius,Year,2013,true,,,,,,,,,,,,,6.43,,,,,,6.43,,,EN,2014-03-04T22:00:00.000Z
DEVICES09,Total density per million population: Computed tomography units,text,EUR,Europe,Country,HUN,Hungary,Year,2013,false,,,,,,,,,,,,,6.63,,,,,,6.63,,,EN,2014-03-04T22:00:00.000Z
DEVICES09,Total density per million population: Computed tomography units,text,EMR,Eastern Mediterranean,Country,OMN,Oman,Year,2013,true,,,,,,,,,,,,,6.88,,,,,,6.88,,,EN,2014-03-04T22:00:00.000Z
DEVICES09,Total density per million population: Computed tomography units,text,AMR,Americas,Country,BRB,Barbados,Year,2013,true,,,,,,,,,,,,,7.03,,,,,,7.03,,Only public sector data,EN,2014-03-04T22:00:00.000Z
DEVICES09,Total density per million population: Computed tomography units,text,WPR,Western Pacific,Country,BRN,Brunei Darussalam,Year,2013,true,,,,,,,,,,,,,7.18,,,,,,7.18,,,EN,2014-03-04T22:00:00.000Z
DEVICES09,Total density per million population: Computed tomography units,text,AMR,Americas,Country,SUR,Suriname,Year,2013,true,,,,,,,,,,,,,7.42,,,,,,7.42,,,EN,2014-03-04T22:00:00.000Z
DEVICES09,Total density per million population: Computed tomography units,text,EUR,Europe,Country,ISR,Israel,Year,2013,false,,,,,,,,,,,,,7.5,,,,,,7.5,,,EN,2014-03-04T22:00:00.000Z
DEVICES09,Total density per million population: Computed tomography units,text,WPR,Western Pacific,Country,MNG,Mongolia,Year,2013,true,,,,,,,,,,,,,8.1,,,,,,8.1,,,EN,2014-03-04T22:00:00.000Z
DEVICES09,Total density per million population: Computed tomography units,text,EMR,Eastern Mediterranean,Country,QAT,Qatar,Year,2013,true,,,,,,,,,,,,,8.3,,,,,,8.3,,,EN,2014-03-04T22:00:00.000Z
DEVICES09,Total density per million population: Computed tomography units,text,EUR,Europe,Country,GEO,Georgia,Year,2013,true,,,,,,,,,,,,,8.75,,,,,,8.75,,,EN,2014-03-04T22:00:00.000Z
DEVICES09,Total density per million population: Computed tomography units,text,WPR,Western Pacific,Country,SGP,Singapore,Year,2013,true,,,,,,,,,,,,,8.87,,,,,,8.87,,,EN,2014-03-04T22:00:00.000Z
DEVICES09,Total density per million population: Computed tomography units,text,EMR,Eastern Mediterranean,Country,TUN,Tunisia,Year,2013,true,,,,,,,,,,,,,8.91,,,,,,8.91,,,EN,2014-03-04T22:00:00.000Z
DEVICES09,Total density per million population: Computed tomography units,text,EUR,Europe,Country,MLT,Malta,Year,2013,true,,,,,,,,,,,,,9.32,,,,,,9.32,,,EN,2014-03-04T22:00:00.000Z
DEVICES09,Total density per million population: Computed tomography units,text,AMR,Americas,Country,PAN,Panama,Year,2013,true,,,,,,,,,,,,,9.58,,,,,,9.58,,,EN,2014-03-04T22:00:00.000Z
DEVICES09,Total density per million population: Computed tomography units,text,EMR,Eastern Mediterranean,Country,LBY,Libya,Year,2013,true,,,,,,,,,,,,,9.68,,,,,,9.68,,,EN,2014-03-04T22:00:00.000Z
DEVICES10,Total density per million population: Positron Emission tomography,text,EMR,Eastern Mediterranean,Country,AFG,Afghanistan,Year,2013,true,,,,,,,,,,,,,0,,,,,,0,,,EN,2014-03-04T22:00:00.000Z
DEVICES10,Total density per million population: Positron Emission tomography,text,EUR,Europe,Country,ALB,Albania,Year,2013,true,,,,,,,,,,,,,0,,,,,,0,,,EN,2014-03-04T22:00:00.000Z
DEVICES10,Total density per million population: Positron Emission tomography,text,AFR,Africa,Country,AGO,Angola,Year,2013,true,,,,,,,,,,,,,0,,,,,,0,,Only public sector data,EN,2014-03-04T22:00:00.000Z
DEVICES10,Total density per million population: Positron Emission tomography,text,EUR,Europe,Country,ARM,Armenia,Year,2013,true,,,,,,,,,,,,,0,,,,,,0,,,EN,2014-03-04T22:00:00.000Z
DEVICES10,Total density per million population: Positron Emission tomography,text,AMR,Americas,Country,BHS,Bahamas,Year,2013,false,,,,,,,,,,,,,0,,,,,,0,,,EN,2014-03-04T22:00:00.000Z
DEVICES10,Total density per million population: Positron Emission tomography,text,AMR,Americas,Country,BRB,Barbados,Year,2013,true,,,,,,,,,,,,,0,,,,,,0,,Only public sector data,EN,2014-03-04T22:00:00.000Z
DEVICES10,Total density per million population: Positron Emission tomography,text,EUR,Europe,Country,BLR,Belarus,Year,2013,true,,,,,,,,,,,,,0,,,,,,0,,Only public sector data,EN,2014-03-04T22:00:00.000Z
DEVICES10,Total density per million population: Positron Emission tomography,text,AMR,Americas,Country,BLZ,Belize,Year,2013,true,,,,,,,,,,,,,0,,,,,,0,,,EN,2014-03-04T22:00:00.000Z
DEVICES10,Total density per million population: Positron Emission tomography,text,AFR,Africa,Country,BEN,Benin,Year,2013,true,,,,,,,,,,,,,0,,,,,,0,,,EN,2014-03-04T22:00:00.000Z
DEVICES10,Total density per million population: Positron Emission tomography,text,SEAR,South-East Asia,Country,BTN,Bhutan,Year,2013,true,,,,,,,,,,,,,0,,,,,,0,,,EN,2014-03-04T22:00:00.000Z
DEVICES10,Total density per million population: Positron Emission tomography,text,AFR,Africa,Country,BWA,Botswana,Year,2013,true,,,,,,,,,,,,,0,,,,,,0,,Only public sector data,EN,2014-03-04T22:00:00.000Z
DEVICES10,Total density per million population: Positron Emission tomography,text,AFR,Africa,Country,BFA,Burkina Faso,Year,2013,false,,,,,,,,,,,,,0,,,,,,0,,,EN,2014-03-04T22:00:00.000Z
DEVICES10,Total density per million population: Positron Emission tomography,text,AFR,Africa,Country,BDI,Burundi,Year,2013,true,,,,,,,,,,,,,0,,,,,,0,,,EN,2014-03-04T22:00:00.000Z
DEVICES10,Total density per million population: Positron Emission tomography,text,AFR,Africa,Country,CIV,Cote d'Ivoire,Year,2013,true,,,,,,,,,,,,,0,,,,,,0,,,EN,2014-03-04T22:00:00.000Z
DEVICES10,Total density per million population: Positron Emission tomography,text,WPR,Western Pacific,Country,KHM,Cambodia,Year,2013,true,,,,,,,,,,,,,0,,,,,,0,,,EN,2014-03-04T22:00:00.000Z
DEVICES10,Total density per million population: Positron Emission tomography,text,AFR,Africa,Country,CMR,Cameroon,Year,2013,true,,,,,,,,,,,,,0,,,,,,0,,,EN,2014-03-04T22:00:00.000Z
DEVICES10,Total density per million population: Positron Emission tomography,text,AFR,Africa,Country,CAF,Central African Republic,Year,2013,true,,,,,,,,,,,,,0,,,,,,0,,,EN,2014-03-04T22:00:00.000Z
DEVICES10,Total density per million population: Positron Emission tomography,text,AMR,Americas,Country,CHL,Chile,Year,2013,true,,,,,,,,,,,,,0,,,,,,0,,Only public sector data,EN,2014-03-04T22:00:00.000Z
DEVICES10,Total density per million population: Positron Emission tomography,text,AFR,Africa,Country,COM,Comoros,Year,2013,false,,,,,,,,,,,,,0,,,,,,0,,,EN,2014-03-04T22:00:00.000Z
DEVICES10,Total density per million population: Positron Emission tomography,text,EUR,Europe,Country,CYP,Cyprus,Year,2013,true,,,,,,,,,,,,,0,,,,,,0,,,EN,2014-03-04T22:00:00.000Z
DEVICES10,Total density per million population: Positron Emission tomography,text,AFR,Africa,Country,COD,Democratic Republic of the Congo,Year,2013,true,,,,,,,,,,,,,0,,,,,,0,,,EN,2014-03-04T22:00:00.000Z
DEVICES10,Total density per million population: Positron Emission tomography,text,AMR,Americas,Country,DMA,Dominica,Year,2013,true,,,,,,,,,,,,,0,,,,,,0,,,EN,2014-03-04T22:00:00.000Z
DEVICES10,Total density per million population: Positron Emission tomography,text,AMR,Americas,Country,SLV,El Salvador,Year,2013,true,,,,,,,,,,,,,0,,,,,,0,,,EN,2014-03-04T22:00:00.000Z
DEVICES10,Total density per million population: Positron Emission tomography,text,AFR,Africa,Country,ERI,Eritrea,Year,2013,true,,,,,,,,,,,,,0,,,,,,0,,,EN,2014-03-04T22:00:00.000Z
DEVICES10,Total density per million population: Positron Emission tomography,text,AFR,Africa,Country,SWZ,Eswatini,Year,2013,true,,,,,,,,,,,,,0,,,,,,0,,,EN,2014-03-04T22:00:00.000Z
DEVICES10,Total density per million population: Positron Emission tomography,text,AFR,Africa,Country,ETH,Ethiopia,Year,2013,false,,,,,,,,,,,,,0,,,,,,0,,,EN,2014-03-04T22:00:00.000Z
DEVICES10,Total density per million population: Positron Emission tomography,text,WPR,Western Pacific,Country,FJI,Fiji,Year,2013,true,,,,,,,,,,,,,0,,,,,,0,,,EN,2014-03-04T22:00:00.000Z
DEVICES10,Total density per million population: Positron Emission tomography,text,AFR,Africa,Country,GAB,Gabon,Year,2013,true,,,,,,,,,,,,,0,,,,,,0,,,EN,2014-03-04T22:00:00.000Z
DEVICES10,Total density per million population: Positron Emission tomography,text,AFR,Africa,Country,GMB,Gambia,Year,2013,true,,,,,,,,,,,,,0,,,,,,0,,Only private sector data,EN,2014-03-04T22:00:00.000Z
DEVICES10,Total density per million population: Positron Emission tomography,text,EUR,Europe,Country,GEO,Georgia,Year,2013,true,,,,,,,,,,,,,0,,,,,,0,,,EN,2014-03-04T22:00:00.000Z
DEVICES10,Total density per million population: Positron Emission tomography,text,AMR,Americas,Country,GRD,Grenada,Year,2013,true,,,,,,,,,,,,,0,,,,,,0,,,EN,2014-03-04T22:00:00.000Z
DEVICES10,Total density per million population: Positron Emission tomography,text,AFR,Africa,Country,GIN,Guinea,Year,2013,true,,,,,,,,,,,,,0,,,,,,0,,Only public sector data,EN,2014-03-04T22:00:00.000Z
DEVICES10,Total density per million population: Positron Emission tomography,text,AFR,Africa,Country,GNB,Guinea-Bissau,Year,2013,true,,,,,,,,,,,,,0,,,,,,0,,,EN,2014-03-04T22:00:00.000Z
DEVICES10,Total density per million population: Positron Emission tomography,text,AMR,Americas,Country,HND,Honduras,Year,2013,true,,,,,,,,,,,,,0,,,,,,0,,,EN,2014-03-04T22:00:00.000Z
DEVICES10,Total density per million population: Positron Emission tomography,text,EUR,Europe,Country,ISL,Iceland,Year,2013,false,,,,,,,,,,,,,0,,,,,,0,,,EN,2014-03-04T22:00:00.000Z
DEVICES10,Total density per million population: Positron Emission tomography,text,EMR,Eastern Mediterranean,Country,IRQ,Iraq,Year,2013,true,,,,,,,,,,,,,0,,,,,,0,,Only public sector data,EN,2014-03-04T22:00:00.000Z
DEVICES10,Total density per million population: Positron Emission tomography,text,AMR,Americas,Country,JAM,Jamaica,Year,2013,true,,,,,,,,,,,,,0,,,,,,0,,,EN,2014-03-04T22:00:00.000Z
DEVICES10,Total density per million population: Positron Emission tomography,text,AFR,Africa,Country,KEN,Kenya,Year,2013,true,,,,,,,,,,,,,0,,,,,,0,,,EN,2014-03-04T22:00:00.000Z
DEVICES10,Total density per million population: Positron Emission tomography,text,WPR,Western Pacific,Country,KIR,Kiribati,Year,2013,true,,,,,,,,,,,,,0,,,,,,0,,,EN,2014-03-04T22:00:00.000Z
DEVICES10,Total density per million population: Positron Emission tomography,text,WPR,Western Pacific,Country,LAO,Lao People's Democratic Republic,Year,2013,true,,,,,,,,,,,,,0,,,,,,0,,,EN,2014-03-04T22:00:00.000Z
DEVICES10,Total density per million population: Positron Emission tomography,text,EUR,Europe,Country,LVA,Latvia,Year,2013,false,,,,,,,,,,,,,0,,,,,,0,,,EN,2014-03-04T22:00:00.000Z
DEVICES10,Total density per million population: Positron Emission tomography,text,AFR,Africa,Country,MDG,Madagascar,Year,2013,true,,,,,,,,,,,,,0,,,,,,0,,Only public sector data,EN,2014-03-04T22:00:00.000Z
DEVICES10,Total density per million population: Positron Emission tomography,text,AFR,Africa,Country,MWI,Malawi,Year,2013,true,,,,,,,,,,,,,0,,,,,,0,,,EN,2014-03-04T22:00:00.000Z
DEVICES10,Total density per million population: Positron Emission tomography,text,SEAR,South-East Asia,Country,MDV,Maldives,Year,2013,true,,,,,,,,,,,,,0,,,,,,0,,,EN,2014-03-04T22:00:00.000Z
DEVICES10,Total density per million population: Positron Emission tomography,text,AFR,Africa,Country,MLI,Mali,Year,2013,true,,,,,,,,,,,,,0,,,,,,0,,Only public sector data,EN,2014-03-04T22:00:00.000Z
DEVICES10,Total density per million population: Positron Emission tomography,text,WPR,Western Pacific,Country,MHL,Marshall Islands,Year,2013,true,,,,,,,,,,,,,0,,,,,,0,,,EN,2014-03-04T22:00:00.000Z
DEVICES10,Total density per million population: Positron Emission tomography,text,AFR,Africa,Country,MUS,Mauritius,Year,2013,true,,,,,,,,,,,,,0,,,,,,0,,,EN,2014-03-04T22:00:00.000Z
DEVICES10,Total density per million population: Positron Emission tomography,text,WPR,Western Pacific,Country,FSM,Micronesia (Federated States of),Year,2013,false,,,,,,,,,,,,,0,,,,,,0,,,EN,2014-03-04T22:00:00.000Z
DEVICES10,Total density per million population: Positron Emission tomography,text,EUR,Europe,Country,MNE,Montenegro,Year,2013,true,,,,,,,,,,,,,0,,,,,,0,,,EN,2014-03-04T22:00:00.000Z
DEVICES10,Total density per million population: Positron Emission tomography,text,EMR,Eastern Mediterranean,Country,MAR,Morocco,Year,2013,true,,,,,,,,,,,,,0,,,,,,0,,Only public sector data,EN,2014-03-04T22:00:00.000Z
DEVICES10,Total density per million population: Positron Emission tomography,text,AFR,Africa,Country,NAM,Namibia,Year,2013,true,,,,,,,,,,,,,0,,,,,,0,,,EN,2014-03-04T22:00:00.000Z
DEVICES10,Total density per million population: Positron Emission tomography,text,AMR,Americas,Country,NIC,Nicaragua,Year,2013,true,,,,,,,,,,,,,0,,,,,,0,,Only public sector data,EN,2014-03-04T22:00:00.000Z
DEVICES10,Total density per million population: Positron Emission tomography,text,AFR,Africa,Country,NER,Niger,Year,2013,true,,,,,,,,,,,,,0,,,,,,0,,,EN,2014-03-04T22:00:00.000Z
DEVICES10,Total density per million population: Positron Emission tomography,text,EUR,Europe,Country,NOR,Norway,Year,2013,true,,,,,,,,,,,,,0,,,,,,0,,,EN,2014-03-04T22:00:00.000Z
DEVICES10,Total density per million population: Positron Emission tomography,text,EMR,Eastern Mediterranean,Country,OMN,Oman,Year,2013,true,,,,,,,,,,,,,0,,,,,,0,,,EN,2014-03-04T22:00:00.000Z
DEVICES10,Total density per million population: Positron Emission tomography,text,AMR,Americas,Country,PAN,Panama,Year,2013,true,,,,,,,,,,,,,0,,,,,,0,,,EN,2014-03-04T22:00:00.000Z
DEVICES10,Total density per million population: Positron Emission tomography,text,WPR,Western Pacific,Country,PNG,Papua New Guinea,Year,2013,true,,,,,,,,,,,,,0,,,,,,0,,,EN,2014-03-04T22:00:00.000Z
DEVICES10,Total density per million population: Positron Emission tomography,text,AMR,Americas,Country,PRY,Paraguay,Year,2013,true,,,,,,,,,,,,,0,,,,,,0,,,EN,2014-03-04T22:00:00.000Z
DEVICES10,Total density per million population: Positron Emission tomography,text,EUR,Europe,Country,MDA,Republic of Moldova,Year,2013,true,,,,,,,,,,,,,0,,,,,,0,,,EN,2014-03-04T22:00:00.000Z
DEVICES10,Total density per million population: Positron Emission tomography,text,AMR,Americas,Country,KNA,Saint Kitts and Nevis,Year,2013,true,,,,,,,,,,,,,0,,,,,,0,,,EN,2014-03-04T22:00:00.000Z
DEVICES10,Total density per million population: Positron Emission tomography,text,AMR,Americas,Country,LCA,Saint Lucia,Year,2013,true,,,,,,,,,,,,,0,,,,,,0,,,EN,2014-03-04T22:00:00.000Z
DEVICES10,Total density per million population: Positron Emission tomography,text,AMR,Americas,Country,VCT,Saint Vincent and the Grenadines,Year,2013,true,,,,,,,,,,,,,0,,,,,,0,,,EN,2014-03-04T22:00:00.000Z
DEVICES10,Total density per million population: Positron Emission tomography,text,WPR,Western Pacific,Country,WSM,Samoa,Year,2013,true,,,,,,,,,,,,,0,,,,,,0,,,EN,2014-03-04T22:00:00.000Z
DEVICES10,Total density per million population: Positron Emission tomography,text,EUR,Europe,Country,SMR,San Marino,Year,2013,true,,,,,,,,,,,,,0,,,,,,0,,,EN,2014-03-04T22:00:00.000Z
DEVICES10,Total density per million population: Positron Emission tomography,text,EMR,Eastern Mediterranean,Country,SAU,Saudi Arabia,Year,2013,true,,,,,,,,,,,,,0,,,,,,0,,Only public sector data,EN,2014-03-04T22:00:00.000Z
DEVICES10,Total density per million population: Positron Emission tomography,text,AFR,Africa,Country,SEN,Senegal,Year,2013,false,,,,,,,,,,,,,0,,,,,,0,,Only public sector data,EN,2014-03-04T22:00:00.000Z
DEVICES10,Total density per million population: Positron Emission tomography,text,SEAR,South-East Asia,Country,LKA,Sri Lanka,Year,2013,true,,,,,,,,,,,,,0,,,,,,0,,,EN,2014-03-04T22:00:00.000Z
DEVICES10,Total density per million population: Positron Emission tomography,text,AMR,Americas,Country,SUR,Suriname,Year,2013,true,,,,,,,,,,,,,0,,,,,,0,,,EN,2014-03-04T22:00:00.000Z
DEVICES10,Total density per million population: Positron Emission tomography,text,WPR,Western Pacific,Country,TON,Tonga,Year,2013,true,,,,,,,,,,,,,0,,,,,,0,,,EN,2014-03-04T22:00:00.000Z
DEVICES10,Total density per million population: Positron Emission tomography,text,AMR,Americas,Country,TTO,Trinidad and Tobago,Year,2013,false,,,,,,,,,,,,,0,,,,,,0,,Only public sector data,EN,2014-03-04T22:00:00.000Z
DEVICES10,Total density per million population: Positron Emission tomography,text,AFR,Africa,Country,UGA,Uganda,Year,2013,false,,,,,,,,,,,,,0,,,,,,0,,,EN,2014-03-04T22:00:00.000Z
DEVICES10,Total density per million population: Positron Emission tomography,text,WPR,Western Pacific,Country,VUT,Vanuatu,Year,2013,true,,,,,,,,,,,,,0,,,,,,0,,,EN,2014-03-04T22:00:00.000Z
DEVICES10,Total density per million population: Positron Emission tomography,text,EMR,Eastern Mediterranean,Country,YEM,Yemen,Year,2013,true,,,,,,,,,,,,,0,,,,,,0,,,EN,2014-03-04T22:00:00.000Z
DEVICES10,Total density per million population: Positron Emission tomography,text,AFR,Africa,Country,ZMB,Zambia,Year,2013,true,,,,,,,,,,,,,0,,,,,,0,,,EN,2014-03-04T22:00:00.000Z
DEVICES10,Total density per million population: Positron Emission tomography,text,AFR,Africa,Country,ZWE,Zimbabwe,Year,2013,true,,,,,,,,,,,,,0,,,,,,0,,,EN,2014-03-04T22:00:00.000Z
DEVICES10,Total density per million population: Positron Emission tomography,text,AFR,Africa,Country,TZA,United Republic of Tanzania,Year,2013,false,,,,,,,,,,,,,0.02,,,,,,0.02,,Only public sector data,EN,2014-03-04T22:00:00.000Z
DEVICES10,Total density per million population: Positron Emission tomography,text,EMR,Eastern Mediterranean,Country,PAK,Pakistan,Year,2013,true,,,,,,,,,,,,,0.027,,,,,,0.03,,,EN,2014-03-04T22:00:00.000Z
DEVICES10,Total density per million population: Positron Emission tomography,text,EUR,Europe,Country,ROU,Romania,Year,2013,true,,,,,,,,,,,,,0.046,,,,,,0.05,,,EN,2014-03-04T22:00:00.000Z
DEVICES10,Total density per million population: Positron Emission tomography,text,EUR,Europe,Country,KAZ,Kazakhstan,Year,2013,true,,,,,,,,,,,,,0.061,,,,,,0.06,,Only public sector data,EN,2014-03-04T22:00:00.000Z
DEVICES10,Total density per million population: Positron Emission tomography,text,AFR,Africa,Country,ZAF,South Africa,Year,2013,false,,,,,,,,,,,,,0.057,,,,,,0.06,,Only public sector data,EN,2014-03-04T22:00:00.000Z
DEVICES10,Total density per million population: Positron Emission tomography,text,SEAR,South-East Asia,Country,THA,Thailand,Year,2013,true,,,,,,,,,,,,,0.075,,,,,,0.07,,,EN,2014-03-04T22:00:00.000Z
DEVICES10,Total density per million population: Positron Emission tomography,text,AMR,Americas,Country,MEX,Mexico,Year,2013,false,,,,,,,,,,,,,0.11,,,,,,0.11,,,EN,2014-03-04T22:00:00.000Z
DEVICES10,Total density per million population: Positron Emission tomography,text,AMR,Americas,Country,ECU,Ecuador,Year,2013,true,,,,,,,,,,,,,0.13,,,,,,0.13,,Only public sector data,EN,2014-03-04T22:00:00.000Z
DEVICES10,Total density per million population: Positron Emission tomography,text,EMR,Eastern Mediterranean,Country,LBY,Libya,Year,2013,true,,,,,,,,,,,,,0.16,,,,,,0.16,,,EN,2014-03-04T22:00:00.000Z
DEVICES10,Total density per million population: Positron Emission tomography,text,EUR,Europe,Country,AZE,Azerbaijan,Year,2013,false,,,,,,,,,,,,,0.21,,,,,,0.21,,Only public sector data,EN,2014-03-04T22:00:00.000Z
DEVICES10,Total density per million population: Positron Emission tomography,text,AMR,Americas,Country,CRI,Costa Rica,Year,2013,true,,,,,,,,,,,,,0.21,,,,,,0.21,,,EN,2014-03-04T22:00:00.000Z
DEVICES10,Total density per million population: Positron Emission tomography,text,EUR,Europe,Country,SRB,Serbia,Year,2013,true,,,,,,,,,,,,,0.21,,,,,,0.21,,,EN,2014-03-04T22:00:00.000Z
DEVICES10,Total density per million population: Positron Emission tomography,text,EUR,Europe,Country,BIH,Bosnia and Herzegovina,Year,2013,true,,,,,,,,,,,,,0.26,,,,,,0.26,,,EN,2014-03-04T22:00:00.000Z
DEVICES10,Total density per million population: Positron Emission tomography,text,EMR,Eastern Mediterranean,Country,JOR,Jordan,Year,2013,false,,,,,,,,,,,,,0.27,,,,,,0.27,,,EN,2014-03-04T22:00:00.000Z
DEVICES10,Total density per million population: Positron Emission tomography,text,AMR,Americas,Country,URY,Uruguay,Year,2013,true,,,,,,,,,,,,,0.29,,,,,,0.29,,,EN,2014-03-04T22:00:00.000Z
DEVICES10,Total density per million population: Positron Emission tomography,text,EUR,Europe,Country,LTU,Lithuania,Year,2013,false,,,,,,,,,,,,,0.33,,,,,,0.33,,,EN,2014-03-04T22:00:00.000Z
DEVICES10,Total density per million population: Positron Emission tomography,text,EUR,Europe,Country,POL,Poland,Year,2013,false,,,,,,,,,,,,,0.34,,,,,,0.34,,,EN,2014-03-04T22:00:00.000Z
DEVICES10,Total density per million population: Positron Emission tomography,text,WPR,Western Pacific,Country,MYS,Malaysia,Year,2013,true,,,,,,,,,,,,,0.37,,,,,,0.37,,,EN,2014-03-04T22:00:00.000Z
DEVICES10,Total density per million population: Positron Emission tomography,text,EUR,Europe,Country,IRL,Ireland,Year,2013,false,,,,,,,,,,,,,0.43,,,,,,0.43,,Only public sector data,EN,2014-03-04T22:00:00.000Z
DEVICES10,Total density per million population: Positron Emission tomography,text,EUR,Europe,Country,GRC,Greece,Year,2013,false,,,,,,,,,,,,,0.45,,,,,,0.45,,,EN,2014-03-04T22:00:00.000Z
DEVICES10,Total density per million population: Positron Emission tomography,text,EMR,Eastern Mediterranean,Country,QAT,Qatar,Year,2013,true,,,,,,,,,,,,,0.46,,,,,,0.46,,,EN,2014-03-04T22:00:00.000Z
DEVICES10,Total density per million population: Positron Emission tomography,text,EUR,Europe,Country,HRV,Croatia,Year,2013,true,,,,,,,,,,,,,0.47,,,,,,0.47,,,EN,2014-03-04T22:00:00.000Z
DEVICES10,Total density per million population: Positron Emission tomography,text,EUR,Europe,Country,CZE,Czechia,Year,2013,false,,,,,,,,,,,,,0.56,,,,,,0.56,,,EN,2014-03-04T22:00:00.000Z
DEVICES10,Total density per million population: Positron Emission tomography,text,EUR,Europe,Country,HUN,Hungary,Year,2013,false,,,,,,,,,,,,,0.6,,,,,,0.6,,,EN,2014-03-04T22:00:00.000Z
DEVICES10,Total density per million population: Positron Emission tomography,text,EUR,Europe,Country,PRT,Portugal,Year,2013,true,,,,,,,,,,,,,0.66,,,,,,0.66,,,EN,2014-03-04T22:00:00.000Z
DEVICES10,Total density per million population: Positron Emission tomography,text,EUR,Europe,Country,EST,Estonia,Year,2013,false,,,,,,,,,,,,,0.78,,,,,,0.78,,,EN,2014-03-04T22:00:00.000Z
DEVICES10,Total density per million population: Positron Emission tomography,text,EUR,Europe,Country,ISR,Israel,Year,2013,false,,,,,,,,,,,,,0.78,,,,,,0.78,,,EN,2014-03-04T22:00:00.000Z
DEVICES10,Total density per million population: Positron Emission tomography,text,EUR,Europe,Country,TUR,Türkiye,Year,2013,false,,,,,,,,,,,,,0.89,,,,,,0.89,,,EN,2014-03-04T22:00:00.000Z
DEVICES10,Total density per million population: Positron Emission tomography,text,EUR,Europe,Country,SVN,Slovenia,Year,2013,false,,,,,,,,,,,,,0.97,,,,,,0.97,,Only public sector data,EN,2014-03-04T22:00:00.000Z
DEVICES10,Total density per million population: Positron Emission tomography,text,AMR,Americas,Country,CAN,Canada,Year,2013,false,,,,,,,,,,,,,1.14,,,,,,1.14,,,EN,2014-03-04T22:00:00.000Z
DEVICES10,Total density per million population: Positron Emission tomography,text,EMR,Eastern Mediterranean,Country,LBN,Lebanon,Year,2013,true,,,,,,,,,,,,,1.24,,,,,,1.24,,,EN,2014-03-04T22:00:00.000Z
DEVICES10,Total density per million population: Positron Emission tomography,text,EUR,Europe,Country,FIN,Finland,Year,2013,false,,,,,,,,,,,,,1.47,,,,,,1.47,,Only public sector data,EN,2014-03-04T22:00:00.000Z
DEVICES10,Total density per million population: Positron Emission tomography,text,EUR,Europe,Country,LUX,Luxembourg,Year,2013,false,,,,,,,,,,,,,1.89,,,,,,1.89,,,EN,2014-03-04T22:00:00.000Z
DEVICES10,Total density per million population: Positron Emission tomography,text,AFR,Africa,Country,CPV,Cabo Verde,Year,2013,false,,,,,,,,,,,,,2,,,,,,2,,,EN,2014-03-04T22:00:00.000Z
DEVICES10,Total density per million population: Positron Emission tomography,text,EUR,Europe,Country,MLT,Malta,Year,2013,true,,,,,,,,,,,,,2.33,,,,,,2.33,,,EN,2014-03-04T22:00:00.000Z
DEVICES10,Total density per million population: Positron Emission tomography,text,EUR,Europe,Country,NLD,Netherlands (Kingdom of the),Year,2013,false,,,,,,,,,,,,,2.39,,,,,,2.39,,,EN,2014-03-04T22:00:00.000Z
DEVICES10,Total density per million population: Positron Emission tomography,text,EUR,Europe,Country,AUT,Austria,Year,2013,false,,,,,,,,,,,,,2.71,,,,,,2.71,,Only public sector data,EN,2014-03-04T22:00:00.000Z
DEVICES10,Total density per million population: Positron Emission tomography,text,EUR,Europe,Country,MCO,Monaco,Year,2013,true,,,,,,,,,,,,,26.43,,,,,,26.43,,,EN,2014-03-04T22:00:00.000Z
DEVICES10,Total density per million population: Positron Emission tomography,text,WPR,Western Pacific,Country,KOR,Republic of Korea,Year,2013,false,,,,,,,,,,,,,3.15,,,,,,3.15,,Only private sector data,EN,2014-03-04T22:00:00.000Z
DEVICES10,Total density per million population: Positron Emission tomography,text,WPR,Western Pacific,Country,JPN,Japan,Year,2013,false,,,,,,,,,,,,,4.35,,,,,,4.35,,,EN,2014-03-04T22:00:00.000Z
DEVICES10,Total density per million population: Positron Emission tomography,text,EUR,Europe,Country,DNK,Denmark,Year,2013,false,,,,,,,,,,,,,5.87,,,,,,5.87,,,EN,2014-03-04T22:00:00.000Z
DEVICES11,Total density per million population: Gamma camera or Nuclear medicine,text,EMR,Eastern Mediterranean,Country,AFG,Afghanistan,Year,2013,true,,,,,,,,,,,,,0,,,,,,0,,,EN,2014-03-04T22:00:00.000Z
DEVICES11,Total density per million population: Gamma camera or Nuclear medicine,text,EUR,Europe,Country,ALB,Albania,Year,2013,true,,,,,,,,,,,,,0,,,,,,0,,,EN,2014-03-04T22:00:00.000Z
DEVICES11,Total density per million population: Gamma camera or Nuclear medicine,text,AFR,Africa,Country,AGO,Angola,Year,2013,true,,,,,,,,,,,,,0,,,,,,0,,Only public sector data,EN,2014-03-04T22:00:00.000Z
DEVICES11,Total density per million population: Gamma camera or Nuclear medicine,text,AMR,Americas,Country,BHS,Bahamas,Year,2013,false,,,,,,,,,,,,,0,,,,,,0,,Only public sector data,EN,2014-03-04T22:00:00.000Z
DEVICES11,Total density per million population: Gamma camera or Nuclear medicine,text,AMR,Americas,Country,BLZ,Belize,Year,2013,true,,,,,,,,,,,,,0,,,,,,0,,,EN,2014-03-04T22:00:00.000Z
DEVICES11,Total density per million population: Gamma camera or Nuclear medicine,text,AFR,Africa,Country,BEN,Benin,Year,2013,true,,,,,,,,,,,,,0,,,,,,0,,,EN,2014-03-04T22:00:00.000Z
DEVICES11,Total density per million population: Gamma camera or Nuclear medicine,text,SEAR,South-East Asia,Country,BTN,Bhutan,Year,2013,true,,,,,,,,,,,,,0,,,,,,0,,,EN,2014-03-04T22:00:00.000Z
DEVICES11,Total density per million population: Gamma camera or Nuclear medicine,text,AFR,Africa,Country,BWA,Botswana,Year,2013,true,,,,,,,,,,,,,0,,,,,,0,,Only public sector data,EN,2014-03-04T22:00:00.000Z
DEVICES11,Total density per million population: Gamma camera or Nuclear medicine,text,AFR,Africa,Country,BDI,Burundi,Year,2013,true,,,,,,,,,,,,,0,,,,,,0,,,EN,2014-03-04T22:00:00.000Z
DEVICES11,Total density per million population: Gamma camera or Nuclear medicine,text,AFR,Africa,Country,CIV,Cote d'Ivoire,Year,2013,true,,,,,,,,,,,,,0,,,,,,0,,,EN,2014-03-04T22:00:00.000Z
DEVICES11,Total density per million population: Gamma camera or Nuclear medicine,text,AFR,Africa,Country,CPV,Cabo Verde,Year,2013,true,,,,,,,,,,,,,0,,,,,,0,,,EN,2014-03-04T22:00:00.000Z
DEVICES11,Total density per million population: Gamma camera or Nuclear medicine,text,WPR,Western Pacific,Country,KHM,Cambodia,Year,2013,true,,,,,,,,,,,,,0,,,,,,0,,,EN,2014-03-04T22:00:00.000Z
DEVICES11,Total density per million population: Gamma camera or Nuclear medicine,text,AFR,Africa,Country,CAF,Central African Republic,Year,2013,true,,,,,,,,,,,,,0,,,,,,0,,,EN,2014-03-04T22:00:00.000Z
DEVICES11,Total density per million population: Gamma camera or Nuclear medicine,text,AFR,Africa,Country,COM,Comoros,Year,2013,false,,,,,,,,,,,,,0,,,,,,0,,,EN,2014-03-04T22:00:00.000Z
DEVICES11,Total density per million population: Gamma camera or Nuclear medicine,text,AMR,Americas,Country,DMA,Dominica,Year,2013,true,,,,,,,,,,,,,0,,,,,,0,,,EN,2014-03-04T22:00:00.000Z
DEVICES11,Total density per million population: Gamma camera or Nuclear medicine,text,AFR,Africa,Country,ERI,Eritrea,Year,2013,true,,,,,,,,,,,,,0,,,,,,0,,,EN,2014-03-04T22:00:00.000Z
DEVICES11,Total density per million population: Gamma camera or Nuclear medicine,text,AFR,Africa,Country,SWZ,Eswatini,Year,2013,true,,,,,,,,,,,,,0,,,,,,0,,,EN,2014-03-04T22:00:00.000Z
DEVICES11,Total density per million population: Gamma camera or Nuclear medicine,text,WPR,Western Pacific,Country,FJI,Fiji,Year,2013,true,,,,,,,,,,,,,0,,,,,,0,,,EN,2014-03-04T22:00:00.000Z
DEVICES11,Total density per million population: Gamma camera or Nuclear medicine,text,AFR,Africa,Country,GAB,Gabon,Year,2013,true,,,,,,,,,,,,,0,,,,,,0,,,EN,2014-03-04T22:00:00.000Z
DEVICES11,Total density per million population: Gamma camera or Nuclear medicine,text,AFR,Africa,Country,GMB,Gambia,Year,2013,true,,,,,,,,,,,,,0,,,,,,0,,Only private sector data,EN,2014-03-04T22:00:00.000Z
DEVICES11,Total density per million population: Gamma camera or Nuclear medicine,text,AMR,Americas,Country,GRD,Grenada,Year,2013,true,,,,,,,,,,,,,0,,,,,,0,,,EN,2014-03-04T22:00:00.000Z
DEVICES11,Total density per million population: Gamma camera or Nuclear medicine,text,AFR,Africa,Country,GIN,Guinea,Year,2013,true,,,,,,,,,,,,,0,,,,,,0,,Only public sector data,EN,2014-03-04T22:00:00.000Z
DEVICES11,Total density per million population: Gamma camera or Nuclear medicine,text,AFR,Africa,Country,GNB,Guinea-Bissau,Year,2013,true,,,,,,,,,,,,,0,,,,,,0,,,EN,2014-03-04T22:00:00.000Z
DEVICES11,Total density per million population: Gamma camera or Nuclear medicine,text,WPR,Western Pacific,Country,KIR,Kiribati,Year,2013,true,,,,,,,,,,,,,0,,,,,,0,,,EN,2014-03-04T22:00:00.000Z
DEVICES11,Total density per million population: Gamma camera or Nuclear medicine,text,WPR,Western Pacific,Country,LAO,Lao People's Democratic Republic,Year,2013,true,,,,,,,,,,,,,0,,,,,,0,,,EN,2014-03-04T22:00:00.000Z
DEVICES11,Total density per million population: Gamma camera or Nuclear medicine,text,AFR,Africa,Country,MDG,Madagascar,Year,2013,true,,,,,,,,,,,,,0,,,,,,0,,Only public sector data,EN,2014-03-04T22:00:00.000Z
DEVICES11,Total density per million population: Gamma camera or Nuclear medicine,text,AFR,Africa,Country,MWI,Malawi,Year,2013,true,,,,,,,,,,,,,0,,,,,,0,,,EN,2014-03-04T22:00:00.000Z
DEVICES11,Total density per million population: Gamma camera or Nuclear medicine,text,SEAR,South-East Asia,Country,MDV,Maldives,Year,2013,true,,,,,,,,,,,,,0,,,,,,0,,,EN,2014-03-04T22:00:00.000Z
DEVICES11,Total density per million population: Gamma camera or Nuclear medicine,text,WPR,Western Pacific,Country,MHL,Marshall Islands,Year,2013,true,,,,,,,,,,,,,0,,,,,,0,,,EN,2014-03-04T22:00:00.000Z
DEVICES11,Total density per million population: Gamma camera or Nuclear medicine,text,WPR,Western Pacific,Country,FSM,Micronesia (Federated States of),Year,2013,false,,,,,,,,,,,,,0,,,,,,0,,,EN,2014-03-04T22:00:00.000Z
DEVICES11,Total density per million population: Gamma camera or Nuclear medicine,text,AFR,Africa,Country,NER,Niger,Year,2013,true,,,,,,,,,,,,,0,,,,,,0,,,EN,2014-03-04T22:00:00.000Z
DEVICES11,Total density per million population: Gamma camera or Nuclear medicine,text,WPR,Western Pacific,Country,PNG,Papua New Guinea,Year,2013,true,,,,,,,,,,,,,0,,,,,,0,,,EN,2014-03-04T22:00:00.000Z
DEVICES11,Total density per million population: Gamma camera or Nuclear medicine,text,AMR,Americas,Country,PRY,Paraguay,Year,2013,true,,,,,,,,,,,,,0,,,,,,0,,Only public sector data,EN,2014-03-04T22:00:00.000Z
DEVICES11,Total density per million population: Gamma camera or Nuclear medicine,text,AMR,Americas,Country,KNA,Saint Kitts and Nevis,Year,2013,true,,,,,,,,,,,,,0,,,,,,0,,,EN,2014-03-04T22:00:00.000Z
DEVICES11,Total density per million population: Gamma camera or Nuclear medicine,text,AMR,Americas,Country,LCA,Saint Lucia,Year,2013,true,,,,,,,,,,,,,0,,,,,,0,,,EN,2014-03-04T22:00:00.000Z
DEVICES11,Total density per million population: Gamma camera or Nuclear medicine,text,AMR,Americas,Country,VCT,Saint Vincent and the Grenadines,Year,2013,true,,,,,,,,,,,,,0,,,,,,0,,,EN,2014-03-04T22:00:00.000Z
DEVICES11,Total density per million population: Gamma camera or Nuclear medicine,text,WPR,Western Pacific,Country,WSM,Samoa,Year,2013,true,,,,,,,,,,,,,0,,,,,,0,,,EN,2014-03-04T22:00:00.000Z
DEVICES11,Total density per million population: Gamma camera or Nuclear medicine,text,EUR,Europe,Country,SMR,San Marino,Year,2013,true,,,,,,,,,,,,,0,,,,,,0,,,EN,2014-03-04T22:00:00.000Z
DEVICES11,Total density per million population: Gamma camera or Nuclear medicine,text,AMR,Americas,Country,SUR,Suriname,Year,2013,true,,,,,,,,,,,,,0,,,,,,0,,,EN,2014-03-04T22:00:00.000Z
DEVICES11,Total density per million population: Gamma camera or Nuclear medicine,text,WPR,Western Pacific,Country,TON,Tonga,Year,2013,true,,,,,,,,,,,,,0,,,,,,0,,,EN,2014-03-04T22:00:00.000Z
DEVICES11,Total density per million population: Gamma camera or Nuclear medicine,text,WPR,Western Pacific,Country,VUT,Vanuatu,Year,2013,true,,,,,,,,,,,,,0,,,,,,0,,,EN,2014-03-04T22:00:00.000Z
DEVICES11,Total density per million population: Gamma camera or Nuclear medicine,text,AFR,Africa,Country,COD,Democratic Republic of the Congo,Year,2013,true,,,,,,,,,,,,,0.015,,,,,,0.01,,,EN,2014-03-04T22:00:00.000Z
DEVICES11,Total density per million population: Gamma camera or Nuclear medicine,text,AFR,Africa,Country,ETH,Ethiopia,Year,2013,false,,,,,,,,,,,,,0.011,,,,,,0.01,,,EN,2014-03-04T22:00:00.000Z
DEVICES11,Total density per million population: Gamma camera or Nuclear medicine,text,AFR,Africa,Country,CMR,Cameroon,Year,2013,true,,,,,,,,,,,,,0.045,,,,,,0.04,,,EN,2014-03-04T22:00:00.000Z
DEVICES11,Total density per million population: Gamma camera or Nuclear medicine,text,EMR,Eastern Mediterranean,Country,PAK,Pakistan,Year,2013,true,,,,,,,,,,,,,0.038,,,,,,0.04,,,EN,2014-03-04T22:00:00.000Z
DEVICES11,Total density per million population: Gamma camera or Nuclear medicine,text,AFR,Africa,Country,KEN,Kenya,Year,2013,true,,,,,,,,,,,,,0.045,,,,,,0.05,,,EN,2014-03-04T22:00:00.000Z
DEVICES11,Total density per million population: Gamma camera or Nuclear medicine,text,AFR,Africa,Country,UGA,Uganda,Year,2013,false,,,,,,,,,,,,,0.053,,,,,,0.05,,,EN,2014-03-04T22:00:00.000Z
DEVICES11,Total density per million population: Gamma camera or Nuclear medicine,text,AFR,Africa,Country,BFA,Burkina Faso,Year,2013,false,,,,,,,,,,,,,0.059,,,,,,0.06,,,EN,2014-03-04T22:00:00.000Z
DEVICES11,Total density per million population: Gamma camera or Nuclear medicine,text,EUR,Europe,Country,KAZ,Kazakhstan,Year,2013,true,,,,,,,,,,,,,0.061,,,,,,0.06,,Only public sector data,EN,2014-03-04T22:00:00.000Z
DEVICES11,Total density per million population: Gamma camera or Nuclear medicine,text,SEAR,South-East Asia,Country,MMR,Myanmar,Year,2013,false,,,,,,,,,,,,,0.056,,,,,,0.06,,Only public sector data,EN,2014-03-04T22:00:00.000Z
DEVICES11,Total density per million population: Gamma camera or Nuclear medicine,text,AFR,Africa,Country,MLI,Mali,Year,2013,true,,,,,,,,,,,,,0.065,,,,,,0.07,,Only public sector data,EN,2014-03-04T22:00:00.000Z
DEVICES11,Total density per million population: Gamma camera or Nuclear medicine,text,AFR,Africa,Country,SEN,Senegal,Year,2013,false,,,,,,,,,,,,,0.071,,,,,,0.07,,Only public sector data,EN,2014-03-04T22:00:00.000Z
DEVICES11,Total density per million population: Gamma camera or Nuclear medicine,text,AFR,Africa,Country,ZMB,Zambia,Year,2013,true,,,,,,,,,,,,,0.069,,,,,,0.07,,,EN,2014-03-04T22:00:00.000Z
DEVICES11,Total density per million population: Gamma camera or Nuclear medicine,text,AFR,Africa,Country,GHA,Ghana,Year,2013,true,,,,,,,,,,,,,0.077,,,,,,0.08,,Only public sector data,EN,2014-03-04T22:00:00.000Z
DEVICES11,Total density per million population: Gamma camera or Nuclear medicine,text,AFR,Africa,Country,TZA,United Republic of Tanzania,Year,2013,false,,,,,,,,,,,,,0.081,,,,,,0.08,,Only public sector data,EN,2014-03-04T22:00:00.000Z
DEVICES11,Total density per million population: Gamma camera or Nuclear medicine,text,AMR,Americas,Country,HND,Honduras,Year,2013,false,,,,,,,,,,,,,0.12,,,,,,0.12,,,EN,2014-03-04T22:00:00.000Z
DEVICES11,Total density per million population: Gamma camera or Nuclear medicine,text,EMR,Eastern Mediterranean,Country,YEM,Yemen,Year,2013,true,,,,,,,,,,,,,0.12,,,,,,0.12,,,EN,2014-03-04T22:00:00.000Z
DEVICES11,Total density per million population: Gamma camera or Nuclear medicine,text,AMR,Americas,Country,ECU,Ecuador,Year,2013,true,,,,,,,,,,,,,0.13,,,,,,0.13,,Only public sector data,EN,2014-03-04T22:00:00.000Z
DEVICES11,Total density per million population: Gamma camera or Nuclear medicine,text,EMR,Eastern Mediterranean,Country,SDN,Sudan,Year,2013,true,,,,,,,,,,,,,0.13,,,,,,0.13,,,EN,2014-03-04T22:00:00.000Z
DEVICES11,Total density per million population: Gamma camera or Nuclear medicine,text,EMR,Eastern Mediterranean,Country,IRQ,Iraq,Year,2013,true,,,,,,,,,,,,,0.15,,,,,,0.15,,Only public sector data,EN,2014-03-04T22:00:00.000Z
DEVICES11,Total density per million population: Gamma camera or Nuclear medicine,text,AMR,Americas,Country,NIC,Nicaragua,Year,2013,true,,,,,,,,,,,,,0.16,,,,,,0.16,,Only public sector data,EN,2014-03-04T22:00:00.000Z
DEVICES11,Total density per million population: Gamma camera or Nuclear medicine,text,AFR,Africa,Country,SLE,Sierra Leone,Year,2013,true,,,,,,,,,,,,,0.16,,,,,,0.16,,Only public sector data,EN,2014-03-04T22:00:00.000Z
DEVICES11,Total density per million population: Gamma camera or Nuclear medicine,text,EMR,Eastern Mediterranean,Country,LBN,Lebanon,Year,2013,true,,,,,,,,,,,,,0.21,,,,,,0.21,,Only public sector data,EN,2014-03-04T22:00:00.000Z
DEVICES11,Total density per million population: Gamma camera or Nuclear medicine,text,AFR,Africa,Country,ZWE,Zimbabwe,Year,2013,true,,,,,,,,,,,,,0.28,,,,,,0.28,,,EN,2014-03-04T22:00:00.000Z
DEVICES11,Total density per million population: Gamma camera or Nuclear medicine,text,EMR,Eastern Mediterranean,Country,LBY,Libya,Year,2013,true,,,,,,,,,,,,,0.32,,,,,,0.32,,,EN,2014-03-04T22:00:00.000Z
DEVICES11,Total density per million population: Gamma camera or Nuclear medicine,text,EUR,Europe,Country,SRB,Serbia,Year,2013,true,,,,,,,,,,,,,0.32,,,,,,0.32,,,EN,2014-03-04T22:00:00.000Z
DEVICES11,Total density per million population: Gamma camera or Nuclear medicine,text,EMR,Eastern Mediterranean,Country,SAU,Saudi Arabia,Year,2013,true,,,,,,,,,,,,,0.38,,,,,,0.38,,Only public sector data,EN,2014-03-04T22:00:00.000Z
DEVICES11,Total density per million population: Gamma camera or Nuclear medicine,text,SEAR,South-East Asia,Country,THA,Thailand,Year,2013,true,,,,,,,,,,,,,0.45,,,,,,0.45,,,EN,2014-03-04T22:00:00.000Z
DEVICES11,Total density per million population: Gamma camera or Nuclear medicine,text,AFR,Africa,Country,ZAF,South Africa,Year,2013,false,,,,,,,,,,,,,0.53,,,,,,0.53,,Only public sector data,EN,2014-03-04T22:00:00.000Z
DEVICES11,Total density per million population: Gamma camera or Nuclear medicine,text,EUR,Europe,Country,GEO,Georgia,Year,2013,true,,,,,,,,,,,,,0.69,,,,,,0.69,,,EN,2014-03-04T22:00:00.000Z
DEVICES11,Total density per million population: Gamma camera or Nuclear medicine,text,WPR,Western Pacific,Country,MNG,Mongolia,Year,2013,true,,,,,,,,,,,,,0.7,,,,,,0.7,,Only public sector data,EN,2014-03-04T22:00:00.000Z
DEVICES11,Total density per million population: Gamma camera or Nuclear medicine,text,WPR,Western Pacific,Country,MYS,Malaysia,Year,2013,true,,,,,,,,,,,,,0.71,,,,,,0.71,,,EN,2014-03-04T22:00:00.000Z
DEVICES11,Total density per million population: Gamma camera or Nuclear medicine,text,EUR,Europe,Country,KGZ,Kyrgyzstan,Year,2013,false,,,,,,,,,,,,,0.72,,,,,,0.72,,Only public sector data,EN,2014-03-04T22:00:00.000Z
DEVICES11,Total density per million population: Gamma camera or Nuclear medicine,text,AMR,Americas,Country,MEX,Mexico,Year,2013,false,,,,,,,,,,,,,0.76,,,,,,0.76,,,EN,2014-03-04T22:00:00.000Z
DEVICES11,Total density per million population: Gamma camera or Nuclear medicine,text,AFR,Africa,Country,NAM,Namibia,Year,2013,true,,,,,,,,,,,,,0.87,,,,,,0.87,,,EN,2014-03-04T22:00:00.000Z
DEVICES11,Total density per million population: Gamma camera or Nuclear medicine,text,AMR,Americas,Country,SLV,El Salvador,Year,2013,true,,,,,,,,,,,,,0.95,,,,,,0.95,,,EN,2014-03-04T22:00:00.000Z
DEVICES11,Total density per million population: Gamma camera or Nuclear medicine,text,EMR,Eastern Mediterranean,Country,JOR,Jordan,Year,2013,false,,,,,,,,,,,,,0.96,,,,,,0.96,,,EN,2014-03-04T22:00:00.000Z
DEVICES11,Total density per million population: Gamma camera or Nuclear medicine,text,EMR,Eastern Mediterranean,Country,OMN,Oman,Year,2013,true,,,,,,,,,,,,,1.1,,,,,,1.1,,Only public sector data,EN,2014-03-04T22:00:00.000Z
DEVICES11,Total density per million population: Gamma camera or Nuclear medicine,text,EUR,Europe,Country,MDA,Republic of Moldova,Year,2013,true,,,,,,,,,,,,,1.15,,,,,,1.15,,,EN,2014-03-04T22:00:00.000Z
DEVICES11,Total density per million population: Gamma camera or Nuclear medicine,text,EUR,Europe,Country,ROU,Romania,Year,2013,true,,,,,,,,,,,,,1.15,,,,,,1.15,,,EN,2014-03-04T22:00:00.000Z
DEVICES11,Total density per million population: Gamma camera or Nuclear medicine,text,EMR,Eastern Mediterranean,Country,TUN,Tunisia,Year,2013,true,,,,,,,,,,,,,1.18,,,,,,1.18,,,EN,2014-03-04T22:00:00.000Z
DEVICES11,Total density per million population: Gamma camera or Nuclear medicine,text,AMR,Americas,Country,CRI,Costa Rica,Year,2013,true,,,,,,,,,,,,,1.23,,,,,,1.23,,,EN,2014-03-04T22:00:00.000Z
DEVICES11,Total density per million population: Gamma camera or Nuclear medicine,text,AMR,Americas,Country,CUB,Cuba,Year,2013,false,,,,,,,,,,,,,1.24,,,,,,1.24,,Only public sector data,EN,2014-03-04T22:00:00.000Z
DEVICES11,Total density per million population: Gamma camera or Nuclear medicine,text,EUR,Europe,Country,ARM,Armenia,Year,2013,true,,,,,,,,,,,,,1.34,,,,,,1.34,,,EN,2014-03-04T22:00:00.000Z
DEVICES11,Total density per million population: Gamma camera or Nuclear medicine,text,EUR,Europe,Country,BIH,Bosnia and Herzegovina,Year,2013,true,,,,,,,,,,,,,1.57,,,,,,1.57,,,EN,2014-03-04T22:00:00.000Z
DEVICES11,Total density per million population: Gamma camera or Nuclear medicine,text,EUR,Europe,Country,MNE,Montenegro,Year,2013,true,,,,,,,,,,,,,1.61,,,,,,1.61,,,EN,2014-03-04T22:00:00.000Z
DEVICES11,Total density per million population: Gamma camera or Nuclear medicine,text,EMR,Eastern Mediterranean,Country,QAT,Qatar,Year,2013,true,,,,,,,,,,,,,1.84,,,,,,1.84,,,EN,2014-03-04T22:00:00.000Z
DEVICES11,Total density per million population: Gamma camera or Nuclear medicine,text,EUR,Europe,Country,HUN,Hungary,Year,2013,false,,,,,,,,,,,,,10.25,,,,,,10.25,,,EN,2014-03-04T22:00:00.000Z
DEVICES11,Total density per million population: Gamma camera or Nuclear medicine,text,EUR,Europe,Country,ISR,Israel,Year,2013,false,,,,,,,,,,,,,10.35,,,,,,10.35,,,EN,2014-03-04T22:00:00.000Z
DEVICES11,Total density per million population: Gamma camera or Nuclear medicine,text,EUR,Europe,Country,NLD,Netherlands (Kingdom of the),Year,2013,false,,,,,,,,,,,,,10.68,,,,,,10.68,,,EN,2014-03-04T22:00:00.000Z
DEVICES11,Total density per million population: Gamma camera or Nuclear medicine,text,EUR,Europe,Country,CZE,Czechia,Year,2013,false,,,,,,,,,,,,,11.31,,,,,,11.31,,,EN,2014-03-04T22:00:00.000Z
DEVICES11,Total density per million population: Gamma camera or Nuclear medicine,text,EUR,Europe,Country,ISL,Iceland,Year,2013,false,,,,,,,,,,,,,12.14,,,,,,12.14,,,EN,2014-03-04T22:00:00.000Z
DEVICES11,Total density per million population: Gamma camera or Nuclear medicine,text,EUR,Europe,Country,GRC,Greece,Year,2013,false,,,,,,,,,,,,,14.38,,,,,,14.38,,,EN,2014-03-04T22:00:00.000Z
DEVICES11,Total density per million population: Gamma camera or Nuclear medicine,text,EUR,Europe,Country,DNK,Denmark,Year,2013,false,,,,,,,,,,,,,14.77,,,,,,14.77,,,EN,2014-03-04T22:00:00.000Z
DEVICES11,Total density per million population: Gamma camera or Nuclear medicine,text,EUR,Europe,Country,LUX,Luxembourg,Year,2013,false,,,,,,,,,,,,,16.97,,,,,,16.97,,,EN,2014-03-04T22:00:00.000Z
DEVICES11,Total density per million population: Gamma camera or Nuclear medicine,text,AMR,Americas,Country,PAN,Panama,Year,2013,true,,,,,,,,,,,,,2.07,,,,,,2.07,,,EN,2014-03-04T22:00:00.000Z
DEVICES11,Total density per million population: Gamma camera or Nuclear medicine,text,AMR,Americas,Country,TTO,Trinidad and Tobago,Year,2013,false,,,,,,,,,,,,,2.24,,,,,,2.24,,Only public sector data,EN,2014-03-04T22:00:00.000Z
DEVICES11,Total density per million population: Gamma camera or Nuclear medicine,text,EUR,Europe,Country,EST,Estonia,Year,2013,false,,,,,,,,,,,,,2.33,,,,,,2.33,,,EN,2014-03-04T22:00:00.000Z
DEVICES11,Total density per million population: Gamma camera or Nuclear medicine,text,AFR,Africa,Country,MUS,Mauritius,Year,2013,true,,,,,,,,,,,,,2.41,,,,,,2.41,,,EN,2014-03-04T22:00:00.000Z
DEVICES11,Total density per million population: Gamma camera or Nuclear medicine,text,EUR,Europe,Country,BLR,Belarus,Year,2013,true,,,,,,,,,,,,,2.57,,,,,,2.57,,Only public sector data,EN,2014-03-04T22:00:00.000Z
DEVICES11,Total density per million population: Gamma camera or Nuclear medicine,text,EUR,Europe,Country,POL,Poland,Year,2013,false,,,,,,,,,,,,,2.8,,,,,,2.8,,Only public sector data,EN,2014-03-04T22:00:00.000Z
DEVICES11,Total density per million population: Gamma camera or Nuclear medicine,text,AMR,Americas,Country,URY,Uruguay,Year,2013,true,,,,,,,,,,,,,2.94,,,,,,2.94,,,EN,2014-03-04T22:00:00.000Z
DEVICES11,Total density per million population: Gamma camera or Nuclear medicine,text,EUR,Europe,Country,LTU,Lithuania,Year,2013,false,,,,,,,,,,,,,2.98,,,,,,2.98,,,EN,2014-03-04T22:00:00.000Z
DEVICES11,Total density per million population: Gamma camera or Nuclear medicine,text,AMR,Americas,Country,CAN,Canada,Year,2013,false,,,,,,,,,,,,,20.35,,,,,,20.35,,,EN,2014-03-04T22:00:00.000Z
DEVICES11,Total density per million population: Gamma camera or Nuclear medicine,text,EUR,Europe,Country,MCO,Monaco,Year,2013,true,,,,,,,,,,,,,26.43,,,,,,26.43,,,EN,2014-03-04T22:00:00.000Z
DEVICES11,Total density per million population: Gamma camera or Nuclear medicine,text,EUR,Europe,Country,IRL,Ireland,Year,2013,false,,,,,,,,,,,,,3.03,,,,,,3.03,,Only public sector data,EN,2014-03-04T22:00:00.000Z
DEVICES11,Total density per million population: Gamma camera or Nuclear medicine,text,AMR,Americas,Country,BRB,Barbados,Year,2013,true,,,,,,,,,,,,,3.51,,,,,,3.51,,Only public sector data,EN,2014-03-04T22:00:00.000Z
DEVICES11,Total density per million population: Gamma camera or Nuclear medicine,text,EUR,Europe,Country,TUR,Türkiye,Year,2013,false,,,,,,,,,,,,,3.82,,,,,,3.82,,,EN,2014-03-04T22:00:00.000Z
DEVICES11,Total density per million population: Gamma camera or Nuclear medicine,text,EUR,Europe,Country,ESP,Spain,Year,2013,false,,,,,,,,,,,,,4.75,,,,,,4.75,,,EN,2014-03-04T22:00:00.000Z
DEVICES11,Total density per million population: Gamma camera or Nuclear medicine,text,EUR,Europe,Country,PRT,Portugal,Year,2013,true,,,,,,,,,,,,,5.09,,,,,,5.09,,,EN,2014-03-04T22:00:00.000Z
DEVICES11,Total density per million population: Gamma camera or Nuclear medicine,text,EUR,Europe,Country,HRV,Croatia,Year,2013,true,,,,,,,,,,,,,6.06,,,,,,6.06,,,EN,2014-03-04T22:00:00.000Z
DEVICES11,Total density per million population: Gamma camera or Nuclear medicine,text,EUR,Europe,Country,MLT,Malta,Year,2013,true,,,,,,,,,,,,,6.99,,,,,,6.99,,,EN,2014-03-04T22:00:00.000Z
DEVICES11,Total density per million population: Gamma camera or Nuclear medicine,text,WPR,Western Pacific,Country,KOR,Republic of Korea,Year,2013,false,,,,,,,,,,,,,8.08,,,,,,8.08,,,EN,2014-03-04T22:00:00.000Z
DEVICES11,Total density per million population: Gamma camera or Nuclear medicine,text,EUR,Europe,Country,SVN,Slovenia,Year,2013,false,,,,,,,,,,,,,8.2,,,,,,8.2,,Only public sector data,EN,2014-03-04T22:00:00.000Z
DEVICES11,Total density per million population: Gamma camera or Nuclear medicine,text,EUR,Europe,Country,FIN,Finland,Year,2013,false,,,,,,,,,,,,,8.29,,,,,,8.29,,Only public sector data,EN,2014-03-04T22:00:00.000Z
DEVICES11,Total density per million population: Gamma camera or Nuclear medicine,text,EUR,Europe,Country,CYP,Cyprus,Year,2013,true,,,,,,,,,,,,,8.76,,,,,,8.76,,,EN,2014-03-04T22:00:00.000Z
DEVICES12,Total density per million population: Linear Accelerator,text,EMR,Eastern Mediterranean,Country,AFG,Afghanistan,Year,2013,true,,,,,,,,,,,,,0,,,,,,0,,,EN,2014-03-04T22:00:00.000Z
DEVICES12,Total density per million population: Linear Accelerator,text,EUR,Europe,Country,ALB,Albania,Year,2013,true,,,,,,,,,,,,,0,,,,,,0,,,EN,2014-03-04T22:00:00.000Z
DEVICES12,Total density per million population: Linear Accelerator,text,AFR,Africa,Country,AGO,Angola,Year,2013,true,,,,,,,,,,,,,0,,,,,,0,,Only public sector data,EN,2014-03-04T22:00:00.000Z
DEVICES12,Total density per million population: Linear Accelerator,text,AMR,Americas,Country,BRB,Barbados,Year,2013,true,,,,,,,,,,,,,0,,,,,,0,,Only public sector data,EN,2014-03-04T22:00:00.000Z
DEVICES12,Total density per million population: Linear Accelerator,text,AMR,Americas,Country,BLZ,Belize,Year,2013,true,,,,,,,,,,,,,0,,,,,,0,,,EN,2014-03-04T22:00:00.000Z
DEVICES12,Total density per million population: Linear Accelerator,text,AFR,Africa,Country,BEN,Benin,Year,2013,true,,,,,,,,,,,,,0,,,,,,0,,,EN,2014-03-04T22:00:00.000Z
DEVICES12,Total density per million population: Linear Accelerator,text,SEAR,South-East Asia,Country,BTN,Bhutan,Year,2013,true,,,,,,,,,,,,,0,,,,,,0,,,EN,2014-03-04T22:00:00.000Z
DEVICES12,Total density per million population: Linear Accelerator,text,AFR,Africa,Country,BWA,Botswana,Year,2013,true,,,,,,,,,,,,,0,,,,,,0,,Only public sector data,EN,2014-03-04T22:00:00.000Z
DEVICES12,Total density per million population: Linear Accelerator,text,AFR,Africa,Country,BFA,Burkina Faso,Year,2013,true,,,,,,,,,,,,,0,,,,,,0,,,EN,2014-03-04T22:00:00.000Z
DEVICES12,Total density per million population: Linear Accelerator,text,AFR,Africa,Country,BDI,Burundi,Year,2013,true,,,,,,,,,,,,,0,,,,,,0,,,EN,2014-03-04T22:00:00.000Z
DEVICES12,Total density per million population: Linear Accelerator,text,AFR,Africa,Country,CIV,Cote d'Ivoire,Year,2013,true,,,,,,,,,,,,,0,,,,,,0,,,EN,2014-03-04T22:00:00.000Z
DEVICES12,Total density per million population: Linear Accelerator,text,AFR,Africa,Country,CPV,Cabo Verde,Year,2013,true,,,,,,,,,,,,,0,,,,,,0,,,EN,2014-03-04T22:00:00.000Z
DEVICES12,Total density per million population: Linear Accelerator,text,WPR,Western Pacific,Country,KHM,Cambodia,Year,2013,true,,,,,,,,,,,,,0,,,,,,0,,,EN,2014-03-04T22:00:00.000Z
DEVICES12,Total density per million population: Linear Accelerator,text,AFR,Africa,Country,CMR,Cameroon,Year,2013,true,,,,,,,,,,,,,0,,,,,,0,,,EN,2014-03-04T22:00:00.000Z
DEVICES12,Total density per million population: Linear Accelerator,text,AFR,Africa,Country,CAF,Central African Republic,Year,2013,true,,,,,,,,,,,,,0,,,,,,0,,,EN,2014-03-04T22:00:00.000Z
DEVICES12,Total density per million population: Linear Accelerator,text,AFR,Africa,Country,COM,Comoros,Year,2013,true,,,,,,,,,,,,,0,,,,,,0,,,EN,2014-03-04T22:00:00.000Z
DEVICES12,Total density per million population: Linear Accelerator,text,AMR,Americas,Country,DMA,Dominica,Year,2013,true,,,,,,,,,,,,,0,,,,,,0,,,EN,2014-03-04T22:00:00.000Z
DEVICES12,Total density per million population: Linear Accelerator,text,AFR,Africa,Country,ERI,Eritrea,Year,2013,true,,,,,,,,,,,,,0,,,,,,0,,,EN,2014-03-04T22:00:00.000Z
DEVICES12,Total density per million population: Linear Accelerator,text,AFR,Africa,Country,SWZ,Eswatini,Year,2013,true,,,,,,,,,,,,,0,,,,,,0,,,EN,2014-03-04T22:00:00.000Z
DEVICES12,Total density per million population: Linear Accelerator,text,AFR,Africa,Country,ETH,Ethiopia,Year,2013,true,,,,,,,,,,,,,0,,,,,,0,,,EN,2014-03-04T22:00:00.000Z
DEVICES12,Total density per million population: Linear Accelerator,text,WPR,Western Pacific,Country,FJI,Fiji,Year,2013,true,,,,,,,,,,,,,0,,,,,,0,,,EN,2014-03-04T22:00:00.000Z
DEVICES12,Total density per million population: Linear Accelerator,text,AFR,Africa,Country,GAB,Gabon,Year,2013,true,,,,,,,,,,,,,0,,,,,,0,,,EN,2014-03-04T22:00:00.000Z
DEVICES12,Total density per million population: Linear Accelerator,text,AFR,Africa,Country,GMB,Gambia,Year,2013,true,,,,,,,,,,,,,0,,,,,,0,,Only private sector data,EN,2014-03-04T22:00:00.000Z
DEVICES12,Total density per million population: Linear Accelerator,text,AMR,Americas,Country,GRD,Grenada,Year,2013,true,,,,,,,,,,,,,0,,,,,,0,,,EN,2014-03-04T22:00:00.000Z
DEVICES12,Total density per million population: Linear Accelerator,text,AFR,Africa,Country,GIN,Guinea,Year,2013,true,,,,,,,,,,,,,0,,,,,,0,,Only public sector data,EN,2014-03-04T22:00:00.000Z
DEVICES12,Total density per million population: Linear Accelerator,text,AFR,Africa,Country,GNB,Guinea-Bissau,Year,2013,true,,,,,,,,,,,,,0,,,,,,0,,,EN,2014-03-04T22:00:00.000Z
DEVICES12,Total density per million population: Linear Accelerator,text,AFR,Africa,Country,KEN,Kenya,Year,2013,true,,,,,,,,,,,,,0,,,,,,0,,,EN,2014-03-04T22:00:00.000Z
DEVICES12,Total density per million population: Linear Accelerator,text,WPR,Western Pacific,Country,KIR,Kiribati,Year,2013,true,,,,,,,,,,,,,0,,,,,,0,,,EN,2014-03-04T22:00:00.000Z
DEVICES12,Total density per million population: Linear Accelerator,text,WPR,Western Pacific,Country,LAO,Lao People's Democratic Republic,Year,2013,true,,,,,,,,,,,,,0,,,,,,0,,,EN,2014-03-04T22:00:00.000Z
DEVICES12,Total density per million population: Linear Accelerator,text,AFR,Africa,Country,MDG,Madagascar,Year,2013,true,,,,,,,,,,,,,0,,,,,,0,,Only public sector data,EN,2014-03-04T22:00:00.000Z
DEVICES12,Total density per million population: Linear Accelerator,text,AFR,Africa,Country,MWI,Malawi,Year,2013,true,,,,,,,,,,,,,0,,,,,,0,,,EN,2014-03-04T22:00:00.000Z
DEVICES12,Total density per million population: Linear Accelerator,text,SEAR,South-East Asia,Country,MDV,Maldives,Year,2013,true,,,,,,,,,,,,,0,,,,,,0,,,EN,2014-03-04T22:00:00.000Z
DEVICES12,Total density per million population: Linear Accelerator,text,WPR,Western Pacific,Country,MHL,Marshall Islands,Year,2013,true,,,,,,,,,,,,,0,,,,,,0,,,EN,2014-03-04T22:00:00.000Z
DEVICES12,Total density per million population: Linear Accelerator,text,WPR,Western Pacific,Country,FSM,Micronesia (Federated States of),Year,2013,true,,,,,,,,,,,,,0,,,,,,0,,,EN,2014-03-04T22:00:00.000Z
DEVICES12,Total density per million population: Linear Accelerator,text,AFR,Africa,Country,NAM,Namibia,Year,2013,true,,,,,,,,,,,,,0,,,,,,0,,,EN,2014-03-04T22:00:00.000Z
DEVICES12,Total density per million population: Linear Accelerator,text,AFR,Africa,Country,NER,Niger,Year,2013,true,,,,,,,,,,,,,0,,,,,,0,,,EN,2014-03-04T22:00:00.000Z
DEVICES12,Total density per million population: Linear Accelerator,text,WPR,Western Pacific,Country,PNG,Papua New Guinea,Year,2013,true,,,,,,,,,,,,,0,,,,,,0,,,EN,2014-03-04T22:00:00.000Z
DEVICES12,Total density per million population: Linear Accelerator,text,AMR,Americas,Country,KNA,Saint Kitts and Nevis,Year,2013,true,,,,,,,,,,,,,0,,,,,,0,,,EN,2014-03-04T22:00:00.000Z
DEVICES12,Total density per million population: Linear Accelerator,text,AMR,Americas,Country,LCA,Saint Lucia,Year,2013,true,,,,,,,,,,,,,0,,,,,,0,,,EN,2014-03-04T22:00:00.000Z
DEVICES12,Total density per million population: Linear Accelerator,text,AMR,Americas,Country,VCT,Saint Vincent and the Grenadines,Year,2013,true,,,,,,,,,,,,,0,,,,,,0,,,EN,2014-03-04T22:00:00.000Z
DEVICES12,Total density per million population: Linear Accelerator,text,WPR,Western Pacific,Country,WSM,Samoa,Year,2013,true,,,,,,,,,,,,,0,,,,,,0,,,EN,2014-03-04T22:00:00.000Z
DEVICES12,Total density per million population: Linear Accelerator,text,EUR,Europe,Country,SMR,San Marino,Year,2013,true,,,,,,,,,,,,,0,,,,,,0,,,EN,2014-03-04T22:00:00.000Z
DEVICES12,Total density per million population: Linear Accelerator,text,AFR,Africa,Country,SEN,Senegal,Year,2013,true,,,,,,,,,,,,,0,,,,,,0,,Only public sector data,EN,2014-03-04T22:00:00.000Z
DEVICES12,Total density per million population: Linear Accelerator,text,EUR,Europe,Country,TJK,Tajikistan,Year,2013,true,,,,,,,,,,,,,0,,,,,,0,,Only public sector data,EN,2014-03-04T22:00:00.000Z
DEVICES12,Total density per million population: Linear Accelerator,text,WPR,Western Pacific,Country,TON,Tonga,Year,2013,true,,,,,,,,,,,,,0,,,,,,0,,,EN,2014-03-04T22:00:00.000Z
DEVICES12,Total density per million population: Linear Accelerator,text,AFR,Africa,Country,UGA,Uganda,Year,2013,true,,,,,,,,,,,,,0,,,,,,0,,,EN,2014-03-04T22:00:00.000Z
DEVICES12,Total density per million population: Linear Accelerator,text,WPR,Western Pacific,Country,VUT,Vanuatu,Year,2013,true,,,,,,,,,,,,,0,,,,,,0,,,EN,2014-03-04T22:00:00.000Z
DEVICES12,Total density per million population: Linear Accelerator,text,AFR,Africa,Country,COD,Democratic Republic of the Congo,Year,2013,true,,,,,,,,,,,,,0.015,,,,,,0.01,,,EN,2014-03-04T22:00:00.000Z
DEVICES12,Total density per million population: Linear Accelerator,text,EUR,Europe,Country,UZB,Uzbekistan,Year,2013,true,,,,,,,,,,,,,0.035,,,,,,0.03,,"Data from <a href=""http://www-naweb.iaea.org/nahu/dirac/query3.asp"" target=""_blank"">DIRA IAEA radiotherapy database</a>, accessed on February 2014",EN,2014-03-04T22:00:00.000Z
DEVICES12,Total density per million population: Linear Accelerator,text,SEAR,South-East Asia,Country,BGD,Bangladesh,Year,2013,true,,,,,,,,,,,,,0.045,,,,,,0.04,,"Data from <a href=""http://www-naweb.iaea.org/nahu/dirac/query3.asp"" target=""_blank"">DIRA IAEA radiotherapy database</a>, accessed on February 2014",EN,2014-03-04T22:00:00.000Z
DEVICES12,Total density per million population: Linear Accelerator,text,SEAR,South-East Asia,Country,PRK,Democratic People's Republic of Korea,Year,2013,true,,,,,,,,,,,,,0.04,,,,,,0.04,,"Data from <a href=""http://www-naweb.iaea.org/nahu/dirac/query3.asp"" target=""_blank"">DIRA IAEA radiotherapy database</a>, accessed on February 2014",EN,2014-03-04T22:00:00.000Z
DEVICES12,Total density per million population: Linear Accelerator,text,EMR,Eastern Mediterranean,Country,PAK,Pakistan,Year,2013,true,,,,,,,,,,,,,0.044,,,,,,0.04,,,EN,2014-03-04T22:00:00.000Z
DEVICES12,Total density per million population: Linear Accelerator,text,EMR,Eastern Mediterranean,Country,YEM,Yemen,Year,2013,true,,,,,,,,,,,,,0.041,,,,,,0.04,,,EN,2014-03-04T22:00:00.000Z
DEVICES12,Total density per million population: Linear Accelerator,text,AFR,Africa,Country,NGA,Nigeria,Year,2013,true,,,,,,,,,,,,,0.046,,,,,,0.05,,"Data from <a href=""http://www-naweb.iaea.org/nahu/dirac/query3.asp"" target=""_blank"">DIRA IAEA radiotherapy database</a>, accessed on February 2014",EN,2014-03-04T22:00:00.000Z
DEVICES12,Total density per million population: Linear Accelerator,text,EMR,Eastern Mediterranean,Country,SYR,Syrian Arab Republic,Year,2013,true,,,,,,,,,,,,,0.046,,,,,,0.05,,"Data from <a href=""http://www-naweb.iaea.org/nahu/dirac/query3.asp"" target=""_blank"">DIRA IAEA radiotherapy database</a>, accessed on February 2014",EN,2014-03-04T22:00:00.000Z
DEVICES12,Total density per million population: Linear Accelerator,text,AFR,Africa,Country,MLI,Mali,Year,2013,true,,,,,,,,,,,,,0.065,,,,,,0.07,,,EN,2014-03-04T22:00:00.000Z
DEVICES12,Total density per million population: Linear Accelerator,text,AFR,Africa,Country,ZMB,Zambia,Year,2013,true,,,,,,,,,,,,,0.069,,,,,,0.07,,,EN,2014-03-04T22:00:00.000Z
DEVICES12,Total density per million population: Linear Accelerator,text,WPR,Western Pacific,Country,IDN,Indonesia,Year,2013,true,,,,,,,,,,,,,0.084,,,,,,0.08,,"Data from <a href=""http://www-naweb.iaea.org/nahu/dirac/query3.asp"" target=""_blank"">DIRA IAEA radiotherapy database</a>, accessed on February 2014",EN,2014-03-04T22:00:00.000Z
DEVICES12,Total density per million population: Linear Accelerator,text,EMR,Eastern Mediterranean,Country,SDN,Sudan,Year,2013,true,,,,,,,,,,,,,0.079,,,,,,0.08,,,EN,2014-03-04T22:00:00.000Z
DEVICES12,Total density per million population: Linear Accelerator,text,AMR,Americas,Country,BOL,Bolivia (Plurinational State of),Year,2013,true,,,,,,,,,,,,,0.094,,,,,,0.09,,"Data from <a href=""http://www-naweb.iaea.org/nahu/dirac/query3.asp"" target=""_blank"">DIRA IAEA radiotherapy database</a>, accessed on February 2014",EN,2014-03-04T22:00:00.000Z
DEVICES12,Total density per million population: Linear Accelerator,text,SEAR,South-East Asia,Country,LKA,Sri Lanka,Year,2013,true,,,,,,,,,,,,,0.094,,,,,,0.09,,,EN,2014-03-04T22:00:00.000Z
DEVICES12,Total density per million population: Linear Accelerator,text,EMR,Eastern Mediterranean,Country,SAU,Saudi Arabia,Year,2013,true,,,,,,,,,,,,,0.1,,,,,,0.1,,Only public sector data,EN,2014-03-04T22:00:00.000Z
DEVICES12,Total density per million population: Linear Accelerator,text,SEAR,South-East Asia,Country,NPL,Nepal,Year,2013,true,,,,,,,,,,,,,0.11,,,,,,0.11,,"Data from <a href=""http://www-naweb.iaea.org/nahu/dirac/query3.asp"" target=""_blank"">DIRA IAEA radiotherapy database</a>, accessed on February 2014",EN,2014-03-04T22:00:00.000Z
DEVICES12,Total density per million population: Linear Accelerator,text,EMR,Eastern Mediterranean,Country,IRQ,Iraq,Year,2013,true,,,,,,,,,,,,,0.12,,,,,,0.12,,Only public sector data,EN,2014-03-04T22:00:00.000Z
DEVICES12,Total density per million population: Linear Accelerator,text,SEAR,South-East Asia,Country,IND,India,Year,2013,true,,,,,,,,,,,,,0.15,,,,,,0.15,,"Data from <a href=""http://www-naweb.iaea.org/nahu/dirac/query3.asp"" target=""_blank"">DIRA IAEA radiotherapy database</a>, accessed on February 2014",EN,2014-03-04T22:00:00.000Z
DEVICES12,Total density per million population: Linear Accelerator,text,AMR,Americas,Country,PRY,Paraguay,Year,2013,true,,,,,,,,,,,,,0.15,,,,,,0.15,,Only public sector data,EN,2014-03-04T22:00:00.000Z
DEVICES12,Total density per million population: Linear Accelerator,text,EMR,Eastern Mediterranean,Country,LBY,Libya,Year,2013,true,,,,,,,,,,,,,0.16,,,,,,0.16,,,EN,2014-03-04T22:00:00.000Z
DEVICES12,Total density per million population: Linear Accelerator,text,AMR,Americas,Country,NIC,Nicaragua,Year,2013,true,,,,,,,,,,,,,0.16,,,,,,0.16,,Only public sector data,EN,2014-03-04T22:00:00.000Z
DEVICES12,Total density per million population: Linear Accelerator,text,AMR,Americas,Country,MEX,Mexico,Year,2013,true,,,,,,,,,,,,,0.17,,,,,,0.17,,,EN,2014-03-04T22:00:00.000Z
DEVICES12,Total density per million population: Linear Accelerator,text,EUR,Europe,Country,KGZ,Kyrgyzstan,Year,2013,true,,,,,,,,,,,,,0.18,,,,,,0.18,,"Data from <a href=""http://www-naweb.iaea.org/nahu/dirac/query3.asp"" target=""_blank"">DIRA IAEA radiotherapy database</a>, accessed on February 2014",EN,2014-03-04T22:00:00.000Z
DEVICES12,Total density per million population: Linear Accelerator,text,WPR,Western Pacific,Country,PHL,Philippines,Year,2013,true,,,,,,,,,,,,,0.18,,,,,,0.18,,,EN,2014-03-04T22:00:00.000Z
DEVICES12,Total density per million population: Linear Accelerator,text,WPR,Western Pacific,Country,VNM,Viet Nam,Year,2013,true,,,,,,,,,,,,,0.2,,,,,,0.2,,"Data from <a href=""http://www-naweb.iaea.org/nahu/dirac/query3.asp"" target=""_blank"">DIRA IAEA radiotherapy database</a>, accessed on February 2014",EN,2014-03-04T22:00:00.000Z
DEVICES12,Total density per million population: Linear Accelerator,text,AFR,Africa,Country,ZWE,Zimbabwe,Year,2013,true,,,,,,,,,,,,,0.21,,,,,,0.21,,,EN,2014-03-04T22:00:00.000Z
DEVICES12,Total density per million population: Linear Accelerator,text,AMR,Americas,Country,HND,Honduras,Year,2013,true,,,,,,,,,,,,,0.25,,,,,,0.25,,,EN,2014-03-04T22:00:00.000Z
DEVICES12,Total density per million population: Linear Accelerator,text,AFR,Africa,Country,MRT,Mauritania,Year,2013,true,,,,,,,,,,,,,0.26,,,,,,0.26,,"Data from <a href=""http://www-naweb.iaea.org/nahu/dirac/query3.asp"" target=""_blank"">DIRA IAEA radiotherapy database</a>, accessed on February 2014",EN,2014-03-04T22:00:00.000Z
DEVICES12,Total density per million population: Linear Accelerator,text,EUR,Europe,Country,MDA,Republic of Moldova,Year,2013,true,,,,,,,,,,,,,0.29,,,,,,0.29,,,EN,2014-03-04T22:00:00.000Z
DEVICES12,Total density per million population: Linear Accelerator,text,AMR,Americas,Country,SLV,El Salvador,Year,2013,true,,,,,,,,,,,,,0.32,,,,,,0.32,,,EN,2014-03-04T22:00:00.000Z
DEVICES12,Total density per million population: Linear Accelerator,text,EMR,Eastern Mediterranean,Country,MAR,Morocco,Year,2013,true,,,,,,,,,,,,,0.33,,,,,,0.33,,Only public sector data,EN,2014-03-04T22:00:00.000Z
DEVICES12,Total density per million population: Linear Accelerator,text,EUR,Europe,Country,ARM,Armenia,Year,2013,true,,,,,,,,,,,,,0.34,,,,,,0.34,,,EN,2014-03-04T22:00:00.000Z
DEVICES12,Total density per million population: Linear Accelerator,text,WPR,Western Pacific,Country,MNG,Mongolia,Year,2013,true,,,,,,,,,,,,,0.35,,,,,,0.35,,Only public sector data,EN,2014-03-04T22:00:00.000Z
DEVICES12,Total density per million population: Linear Accelerator,text,AMR,Americas,Country,CUB,Cuba,Year,2013,true,,,,,,,,,,,,,0.36,,,,,,0.36,,Only public sector data,EN,2014-03-04T22:00:00.000Z
DEVICES12,Total density per million population: Linear Accelerator,text,AFR,Africa,Country,ZAF,South Africa,Year,2013,true,,,,,,,,,,,,,0.4,,,,,,0.4,,Only public sector data,EN,2014-03-04T22:00:00.000Z
DEVICES12,Total density per million population: Linear Accelerator,text,EUR,Europe,Country,KAZ,Kazakhstan,Year,2013,true,,,,,,,,,,,,,0.43,,,,,,0.43,,Only public sector data,EN,2014-03-04T22:00:00.000Z
DEVICES12,Total density per million population: Linear Accelerator,text,EUR,Europe,Country,UKR,Ukraine,Year,2013,true,,,,,,,,,,,,,0.44,,,,,,0.44,,"Data from <a href=""http://www-naweb.iaea.org/nahu/dirac/query3.asp"" target=""_blank"">DIRA IAEA radiotherapy database</a>, accessed on February 2014",EN,2014-03-04T22:00:00.000Z
DEVICES12,Total density per million population: Linear Accelerator,text,AMR,Americas,Country,GTM,Guatemala,Year,2013,true,,,,,,,,,,,,,0.45,,,,,,0.45,,"Data from <a href=""http://www-naweb.iaea.org/nahu/dirac/query3.asp"" target=""_blank"">DIRA IAEA radiotherapy database</a>, accessed on February 2014",EN,2014-03-04T22:00:00.000Z
DEVICES12,Total density per million population: Linear Accelerator,text,EUR,Europe,Country,ROU,Romania,Year,2013,true,,,,,,,,,,,,,0.51,,,,,,0.51,,,EN,2014-03-04T22:00:00.000Z
DEVICES12,Total density per million population: Linear Accelerator,text,EMR,Eastern Mediterranean,Country,EGY,Egypt,Year,2013,true,,,,,,,,,,,,,0.52,,,,,,0.52,,"Data from <a href=""http://www-naweb.iaea.org/nahu/dirac/query3.asp"" target=""_blank"">DIRA IAEA radiotherapy database</a>, accessed on February 2014",EN,2014-03-04T22:00:00.000Z
DEVICES12,Total density per million population: Linear Accelerator,text,EMR,Eastern Mediterranean,Country,ARE,United Arab Emirates,Year,2013,true,,,,,,,,,,,,,0.53,,,,,,0.53,,"Data from <a href=""http://www-naweb.iaea.org/nahu/dirac/query3.asp"" target=""_blank"">DIRA IAEA radiotherapy database</a>, accessed on February 2014",EN,2014-03-04T22:00:00.000Z
DEVICES12,Total density per million population: Linear Accelerator,text,EMR,Eastern Mediterranean,Country,IRN,Iran (Islamic Republic of),Year,2013,true,,,,,,,,,,,,,0.54,,,,,,0.54,,"Data from <a href=""http://www-naweb.iaea.org/nahu/dirac/query3.asp"" target=""_blank"">DIRA IAEA radiotherapy database</a>, accessed on February 2014",EN,2014-03-04T22:00:00.000Z
DEVICES12,Total density per million population: Linear Accelerator,text,EMR,Eastern Mediterranean,Country,JOR,Jordan,Year,2013,true,,,,,,,,,,,,,0.55,,,,,,0.55,,,EN,2014-03-04T22:00:00.000Z
DEVICES12,Total density per million population: Linear Accelerator,text,EMR,Eastern Mediterranean,Country,OMN,Oman,Year,2013,true,,,,,,,,,,,,,0.55,,,,,,0.55,,,EN,2014-03-04T22:00:00.000Z
DEVICES12,Total density per million population: Linear Accelerator,text,EMR,Eastern Mediterranean,Country,KWT,Kuwait,Year,2013,true,,,,,,,,,,,,,0.59,,,,,,0.59,,"Data from <a href=""http://www-naweb.iaea.org/nahu/dirac/query3.asp"" target=""_blank"">DIRA IAEA radiotherapy database</a>, accessed on February 2014",EN,2014-03-04T22:00:00.000Z
DEVICES12,Total density per million population: Linear Accelerator,text,SEAR,South-East Asia,Country,THA,Thailand,Year,2013,true,,,,,,,,,,,,,0.63,,,,,,0.63,,,EN,2014-03-04T22:00:00.000Z
DEVICES12,Total density per million population: Linear Accelerator,text,EUR,Europe,Country,BLR,Belarus,Year,2013,true,,,,,,,,,,,,,0.64,,,,,,0.64,,Only public sector data,EN,2014-03-04T22:00:00.000Z
DEVICES12,Total density per million population: Linear Accelerator,text,EMR,Eastern Mediterranean,Country,TUN,Tunisia,Year,2013,true,,,,,,,,,,,,,0.64,,,,,,0.64,,,EN,2014-03-04T22:00:00.000Z
DEVICES12,Total density per million population: Linear Accelerator,text,AMR,Americas,Country,CHL,Chile,Year,2013,true,,,,,,,,,,,,,0.68,,,,,,0.68,,Only public sector data,EN,2014-03-04T22:00:00.000Z
DEVICES12,Total density per million population: Linear Accelerator,text,EUR,Europe,Country,BGR,Bulgaria,Year,2013,true,,,,,,,,,,,,,0.69,,,,,,0.69,,"Data from <a href=""http://www-naweb.iaea.org/nahu/dirac/query3.asp"" target=""_blank"">DIRA IAEA radiotherapy database</a>, accessed on February 2014",EN,2014-03-04T22:00:00.000Z
DEVICES12,Total density per million population: Linear Accelerator,text,EUR,Europe,Country,GEO,Georgia,Year,2013,true,,,,,,,,,,,,,0.69,,,,,,0.69,,,EN,2014-03-04T22:00:00.000Z
DEVICES12,Total density per million population: Linear Accelerator,text,WPR,Western Pacific,Country,CHN,China,Year,2013,true,,,,,,,,,,,,,0.73,,,,,,0.73,,"Data from <a href=""http://www-naweb.iaea.org/nahu/dirac/query3.asp"" target=""_blank"">DIRA IAEA radiotherapy database</a>, accessed on February 2014",EN,2014-03-04T22:00:00.000Z
DEVICES12,Total density per million population: Linear Accelerator,text,AMR,Americas,Country,COL,Colombia,Year,2013,true,,,,,,,,,,,,,0.75,,,,,,0.75,,"Data from <a href=""http://www-naweb.iaea.org/nahu/dirac/query3.asp"" target=""_blank"">DIRA IAEA radiotherapy database</a>, accessed on February 2014",EN,2014-03-04T22:00:00.000Z
DEVICES12,Total density per million population: Linear Accelerator,text,EUR,Europe,Country,RUS,Russian Federation,Year,2013,true,,,,,,,,,,,,,0.77,,,,,,0.77,,"Data from <a href=""http://www-naweb.iaea.org/nahu/dirac/query3.asp"" target=""_blank"">DIRA IAEA radiotherapy database</a>, accessed on February 2014",EN,2014-03-04T22:00:00.000Z
DEVICES12,Total density per million population: Linear Accelerator,text,AFR,Africa,Country,MUS,Mauritius,Year,2013,true,,,,,,,,,,,,,0.8,,,,,,0.8,,,EN,2014-03-04T22:00:00.000Z
DEVICES12,Total density per million population: Linear Accelerator,text,AMR,Americas,Country,PER,Peru,Year,2013,true,,,,,,,,,,,,,0.82,,,,,,0.82,,"Data from <a href=""http://www-naweb.iaea.org/nahu/dirac/query3.asp"" target=""_blank"">DIRA IAEA radiotherapy database</a>, accessed on February 2014",EN,2014-03-04T22:00:00.000Z
DEVICES12,Total density per million population: Linear Accelerator,text,EMR,Eastern Mediterranean,Country,QAT,Qatar,Year,2013,true,,,,,,,,,,,,,0.92,,,,,,0.92,,,EN,2014-03-04T22:00:00.000Z
DEVICES12,Total density per million population: Linear Accelerator,text,AMR,Americas,Country,DOM,Dominican Republic,Year,2013,true,,,,,,,,,,,,,0.96,,,,,,0.96,,"Data from <a href=""http://www-naweb.iaea.org/nahu/dirac/query3.asp"" target=""_blank"">DIRA IAEA radiotherapy database</a>, accessed on February 2014",EN,2014-03-04T22:00:00.000Z
DEVICES12,Total density per million population: Linear Accelerator,text,EUR,Europe,Country,HUN,Hungary,Year,2013,true,,,,,,,,,,,,,1.1,,,,,,1.1,,,EN,2014-03-04T22:00:00.000Z
DEVICES12,Total density per million population: Linear Accelerator,text,AMR,Americas,Country,CRI,Costa Rica,Year,2013,true,,,,,,,,,,,,,1.23,,,,,,1.23,,,EN,2014-03-04T22:00:00.000Z
DEVICES12,Total density per million population: Linear Accelerator,text,EMR,Eastern Mediterranean,Country,LBN,Lebanon,Year,2013,true,,,,,,,,,,,,,1.24,,,,,,1.24,,,EN,2014-03-04T22:00:00.000Z
DEVICES12,Total density per million population: Linear Accelerator,text,AMR,Americas,Country,GUY,Guyana,Year,2013,true,,,,,,,,,,,,,1.25,,,,,,1.25,,Only private sector data,EN,2014-03-04T22:00:00.000Z
DEVICES12,Total density per million population: Linear Accelerator,text,EUR,Europe,Country,SRB,Serbia,Year,2013,true,,,,,,,,,,,,,1.37,,,,,,1.37,,,EN,2014-03-04T22:00:00.000Z
DEVICES12,Total density per million population: Linear Accelerator,text,WPR,Western Pacific,Country,MYS,Malaysia,Year,2013,true,,,,,,,,,,,,,1.41,,,,,,1.41,,,EN,2014-03-04T22:00:00.000Z
DEVICES12,Total density per million population: Linear Accelerator,text,AMR,Americas,Country,BRA,Brazil,Year,2013,true,,,,,,,,,,,,,1.43,,,,,,1.43,,"Data from <a href=""http://www-naweb.iaea.org/nahu/dirac/query3.asp"" target=""_blank"">DIRA IAEA radiotherapy database</a>, accessed on February 2014",EN,2014-03-04T22:00:00.000Z
DEVICES12,Total density per million population: Linear Accelerator,text,EUR,Europe,Country,TUR,Türkiye,Year,2013,true,,,,,,,,,,,,,1.43,,,,,,1.43,,,EN,2014-03-04T22:00:00.000Z
DEVICES12,Total density per million population: Linear Accelerator,text,AMR,Americas,Country,TTO,Trinidad and Tobago,Year,2013,true,,,,,,,,,,,,,1.49,,,,,,1.49,,,EN,2014-03-04T22:00:00.000Z
DEVICES12,Total density per million population: Linear Accelerator,text,AMR,Americas,Country,PAN,Panama,Year,2013,true,,,,,,,,,,,,,1.55,,,,,,1.55,,,EN,2014-03-04T22:00:00.000Z
DEVICES12,Total density per million population: Linear Accelerator,text,EUR,Europe,Country,AZE,Azerbaijan,Year,2013,true,,,,,,,,,,,,,1.59,,,,,,1.59,,Only public sector data,EN,2014-03-04T22:00:00.000Z
DEVICES12,Total density per million population: Linear Accelerator,text,AMR,Americas,Country,VEN,Venezuela (Bolivarian Republic of),Year,2013,true,,,,,,,,,,,,,1.61,,,,,,1.61,,"Data from <a href=""http://www-naweb.iaea.org/nahu/dirac/query3.asp"" target=""_blank"">DIRA IAEA radiotherapy database</a>, accessed on February 2014",EN,2014-03-04T22:00:00.000Z
DEVICES12,Total density per million population: Linear Accelerator,text,AMR,Americas,Country,ARG,Argentina,Year,2013,true,,,,,,,,,,,,,1.93,,,,,,1.93,,"Data from <a href=""http://www-naweb.iaea.org/nahu/dirac/query3.asp"" target=""_blank"">DIRA IAEA radiotherapy database</a>, accessed on February 2014",EN,2014-03-04T22:00:00.000Z
DEVICES12,Total density per million population: Linear Accelerator,text,AMR,Americas,Country,USA,United States of America,Year,2013,true,,,,,,,,,,,,,11.93,,,,,,11.93,,"Data from <a href=""http://www-naweb.iaea.org/nahu/dirac/query3.asp"" target=""_blank"">DIRA IAEA radiotherapy database</a>, accessed on February 2014",EN,2014-03-04T22:00:00.000Z
DEVICES12,Total density per million population: Linear Accelerator,text,EUR,Europe,Country,HRV,Croatia,Year,2013,true,,,,,,,,,,,,,2.33,,,,,,2.33,,,EN,2014-03-04T22:00:00.000Z
DEVICES12,Total density per million population: Linear Accelerator,text,EUR,Europe,Country,EST,Estonia,Year,2013,true,,,,,,,,,,,,,2.33,,,,,,2.33,,,EN,2014-03-04T22:00:00.000Z
DEVICES12,Total density per million population: Linear Accelerator,text,EUR,Europe,Country,MLT,Malta,Year,2013,true,,,,,,,,,,,,,2.33,,,,,,2.33,,,EN,2014-03-04T22:00:00.000Z
DEVICES12,Total density per million population: Linear Accelerator,text,EUR,Europe,Country,BIH,Bosnia and Herzegovina,Year,2013,true,,,,,,,,,,,,,2.35,,,,,,2.35,,,EN,2014-03-04T22:00:00.000Z
DEVICES12,Total density per million population: Linear Accelerator,text,EUR,Europe,Country,POL,Poland,Year,2013,true,,,,,,,,,,,,,2.59,,,,,,2.59,,Only public sector data,EN,2014-03-04T22:00:00.000Z
DEVICES12,Total density per million population: Linear Accelerator,text,EUR,Europe,Country,CYP,Cyprus,Year,2013,true,,,,,,,,,,,,,2.63,,,,,,2.63,,,EN,2014-03-04T22:00:00.000Z
DEVICES12,Total density per million population: Linear Accelerator,text,AMR,Americas,Country,BHS,Bahamas,Year,2013,true,,,,,,,,,,,,,2.65,,,,,,2.65,,,EN,2014-03-04T22:00:00.000Z
DEVICES12,Total density per million population: Linear Accelerator,text,WPR,Western Pacific,Country,KOR,Republic of Korea,Year,2013,true,,,,,,,,,,,,,2.8,,,,,,2.8,,Only private sector data,EN,2014-03-04T22:00:00.000Z
DEVICES12,Total density per million population: Linear Accelerator,text,EUR,Europe,Country,SVK,Slovakia,Year,2013,true,,,,,,,,,,,,,2.94,,,,,,2.94,,"Data from <a href=""http://www-naweb.iaea.org/nahu/dirac/query3.asp"" target=""_blank"">DIRA IAEA radiotherapy database</a>, accessed on February 2014",EN,2014-03-04T22:00:00.000Z
DEVICES12,Total density per million population: Linear Accelerator,text,AMR,Americas,Country,URY,Uruguay,Year,2013,true,,,,,,,,,,,,,2.94,,,,,,2.94,,,EN,2014-03-04T22:00:00.000Z
DEVICES12,Total density per million population: Linear Accelerator,text,EUR,Europe,Country,MCO,Monaco,Year,2013,true,,,,,,,,,,,,,26.43,,,,,,26.43,,,EN,2014-03-04T22:00:00.000Z
DEVICES12,Total density per million population: Linear Accelerator,text,EUR,Europe,Country,MNE,Montenegro,Year,2013,true,,,,,,,,,,,,,3.22,,,,,,3.22,,,EN,2014-03-04T22:00:00.000Z
DEVICES12,Total density per million population: Linear Accelerator,text,EUR,Europe,Country,ISR,Israel,Year,2013,true,,,,,,,,,,,,,3.23,,,,,,3.23,,,EN,2014-03-04T22:00:00.000Z
DEVICES12,Total density per million population: Linear Accelerator,text,WPR,Western Pacific,Country,SGP,Singapore,Year,2013,true,,,,,,,,,,,,,3.33,,,,,,3.33,,,EN,2014-03-04T22:00:00.000Z
DEVICES12,Total density per million population: Linear Accelerator,text,EUR,Europe,Country,CZE,Czechia,Year,2013,true,,,,,,,,,,,,,3.46,,,,,,3.46,,,EN,2014-03-04T22:00:00.000Z
DEVICES12,Total density per million population: Linear Accelerator,text,EUR,Europe,Country,PRT,Portugal,Year,2013,true,,,,,,,,,,,,,3.49,,,,,,3.49,,,EN,2014-03-04T22:00:00.000Z
DEVICES12,Total density per million population: Linear Accelerator,text,EUR,Europe,Country,ESP,Spain,Year,2013,true,,,,,,,,,,,,,3.49,,,,,,3.49,,,EN,2014-03-04T22:00:00.000Z
DEVICES12,Total density per million population: Linear Accelerator,text,EUR,Europe,Country,GRC,Greece,Year,2013,true,,,,,,,,,,,,,3.5,,,,,,3.5,,,EN,2014-03-04T22:00:00.000Z
DEVICES12,Total density per million population: Linear Accelerator,text,EUR,Europe,Country,LTU,Lithuania,Year,2013,true,,,,,,,,,,,,,3.65,,,,,,3.65,,,EN,2014-03-04T22:00:00.000Z
DEVICES12,Total density per million population: Linear Accelerator,text,EUR,Europe,Country,IRL,Ireland,Year,2013,true,,,,,,,,,,,,,3.67,,,,,,3.67,,Only public sector data,EN,2014-03-04T22:00:00.000Z
DEVICES12,Total density per million population: Linear Accelerator,text,AMR,Americas,Country,SUR,Suriname,Year,2013,true,,,,,,,,,,,,,3.71,,,,,,3.71,,,EN,2014-03-04T22:00:00.000Z
DEVICES12,Total density per million population: Linear Accelerator,text,EUR,Europe,Country,LUX,Luxembourg,Year,2013,true,,,,,,,,,,,,,3.77,,,,,,3.77,,,EN,2014-03-04T22:00:00.000Z
DEVICES12,Total density per million population: Linear Accelerator,text,WPR,Western Pacific,Country,AUS,Australia,Year,2013,true,,,,,,,,,,,,,4.03,,,,,,4.03,,Only public sector data,EN,2014-03-04T22:00:00.000Z
DEVICES12,Total density per million population: Linear Accelerator,text,EUR,Europe,Country,LVA,Latvia,Year,2013,true,,,,,,,,,,,,,4.39,,,,,,4.39,,"Data from <a href=""http://www-naweb.iaea.org/nahu/dirac/query3.asp"" target=""_blank"">DIRA IAEA radiotherapy database</a>, accessed on February 2014",EN,2014-03-04T22:00:00.000Z
DEVICES12,Total density per million population: Linear Accelerator,text,EUR,Europe,Country,GBR,United Kingdom of Great Britain and Northern Ireland,Year,2013,true,,,,,,,,,,,,,4.97,,,,,,4.97,,"Data from <a href=""http://www-naweb.iaea.org/nahu/dirac/query3.asp"" target=""_blank"">DIRA IAEA radiotherapy database</a>, accessed on February 2014",EN,2014-03-04T22:00:00.000Z
DEVICES12,Total density per million population: Linear Accelerator,text,EUR,Europe,Country,SVN,Slovenia,Year,2013,true,,,,,,,,,,,,,5.31,,,,,,5.31,,Only public sector data,EN,2014-03-04T22:00:00.000Z
DEVICES12,Total density per million population: Linear Accelerator,text,EUR,Europe,Country,AUT,Austria,Year,2013,true,,,,,,,,,,,,,5.41,,,,,,5.41,,Only public sector data,EN,2014-03-04T22:00:00.000Z
DEVICES12,Total density per million population: Linear Accelerator,text,EUR,Europe,Country,ISL,Iceland,Year,2013,true,,,,,,,,,,,,,6.07,,,,,,6.07,,,EN,2014-03-04T22:00:00.000Z
DEVICES12,Total density per million population: Linear Accelerator,text,EUR,Europe,Country,ITA,Italy,Year,2013,true,,,,,,,,,,,,,6.16,,,,,,6.16,,"Data from <a href=""http://www-naweb.iaea.org/nahu/dirac/query3.asp"" target=""_blank"">DIRA IAEA radiotherapy database</a>, accessed on February 2014",EN,2014-03-04T22:00:00.000Z
DEVICES12,Total density per million population: Linear Accelerator,text,EUR,Europe,Country,DEU,Germany,Year,2013,true,,,,,,,,,,,,,6.21,,,,,,6.21,,"Data from <a href=""http://www-naweb.iaea.org/nahu/dirac/query3.asp"" target=""_blank"">DIRA IAEA radiotherapy database</a>, accessed on February 2014",EN,2014-03-04T22:00:00.000Z
DEVICES12,Total density per million population: Linear Accelerator,text,WPR,Western Pacific,Country,JPN,Japan,Year,2013,true,,,,,,,,,,,,,6.68,,,,,,6.68,,"Data from <a href=""http://www-naweb.iaea.org/nahu/dirac/query3.asp"" target=""_blank"">DIRA IAEA radiotherapy database</a>, accessed on February 2014",EN,2014-03-04T22:00:00.000Z
DEVICES12,Total density per million population: Linear Accelerator,text,EUR,Europe,Country,NLD,Netherlands (Kingdom of the),Year,2013,true,,,,,,,,,,,,,7.22,,,,,,7.22,,,EN,2014-03-04T22:00:00.000Z
DEVICES12,Total density per million population: Linear Accelerator,text,EUR,Europe,Country,FIN,Finland,Year,2013,true,,,,,,,,,,,,,7.37,,,,,,7.37,,Only public sector data,EN,2014-03-04T22:00:00.000Z
DEVICES12,Total density per million population: Linear Accelerator,text,EUR,Europe,Country,FRA,France,Year,2013,true,,,,,,,,,,,,,7.4,,,,,,7.4,,"Data from <a href=""http://www-naweb.iaea.org/nahu/dirac/query3.asp"" target=""_blank"">DIRA IAEA radiotherapy database</a>, accessed on February 2014",EN,2014-03-04T22:00:00.000Z
DEVICES12,Total density per million population: Linear Accelerator,text,AMR,Americas,Country,CAN,Canada,Year,2013,true,,,,,,,,,,,,,7.59,,,,,,7.59,,"Data from <a href=""http://www-naweb.iaea.org/nahu/dirac/query3.asp"" target=""_blank"">DIRA IAEA radiotherapy database</a>, accessed on February 2014",EN,2014-03-04T22:00:00.000Z
DEVICES12,Total density per million population: Linear Accelerator,text,EUR,Europe,Country,NOR,Norway,Year,2013,true,,,,,,,,,,,,,7.93,,,,,,7.93,,"Data from <a href=""http://www-naweb.iaea.org/nahu/dirac/query3.asp"" target=""_blank"">DIRA IAEA radiotherapy database</a>, accessed on February 2014",EN,2014-03-04T22:00:00.000Z
DEVICES12,Total density per million population: Linear Accelerator,text,EUR,Europe,Country,BEL,Belgium,Year,2013,true,,,,,,,,,,,,,8.19,,,,,,8.19,,"Data from <a href=""http://www-naweb.iaea.org/nahu/dirac/query3.asp"" target=""_blank"">DIRA IAEA radiotherapy database</a>, accessed on February 2014",EN,2014-03-04T22:00:00.000Z
DEVICES12,Total density per million population: Linear Accelerator,text,EUR,Europe,Country,DNK,Denmark,Year,2013,true,,,,,,,,,,,,,9.61,,,,,,9.61,,,EN,2014-03-04T22:00:00.000Z
DEVICES21,Total density per million population: Telecobalt Unit,text,EMR,Eastern Mediterranean,Country,AFG,Afghanistan,Year,2013,true,,,,,,,,,,,,,0,,,,,,0,,,EN,2014-03-04T22:00:00.000Z
DEVICES21,Total density per million population: Telecobalt Unit,text,AMR,Americas,Country,BHS,Bahamas,Year,2013,true,,,,,,,,,,,,,0,,,,,,0,,Only public sector data,EN,2014-03-04T22:00:00.000Z
DEVICES21,Total density per million population: Telecobalt Unit,text,AMR,Americas,Country,BLZ,Belize,Year,2013,true,,,,,,,,,,,,,0,,,,,,0,,,EN,2014-03-04T22:00:00.000Z
DEVICES21,Total density per million population: Telecobalt Unit,text,AFR,Africa,Country,BEN,Benin,Year,2013,true,,,,,,,,,,,,,0,,,,,,0,,,EN,2014-03-04T22:00:00.000Z
DEVICES21,Total density per million population: Telecobalt Unit,text,SEAR,South-East Asia,Country,BTN,Bhutan,Year,2013,true,,,,,,,,,,,,,0,,,,,,0,,,EN,2014-03-04T22:00:00.000Z
DEVICES21,Total density per million population: Telecobalt Unit,text,AFR,Africa,Country,BWA,Botswana,Year,2013,true,,,,,,,,,,,,,0,,,,,,0,,Only public sector data,EN,2014-03-04T22:00:00.000Z
DEVICES21,Total density per million population: Telecobalt Unit,text,AFR,Africa,Country,BFA,Burkina Faso,Year,2013,true,,,,,,,,,,,,,0,,,,,,0,,,EN,2014-03-04T22:00:00.000Z
DEVICES21,Total density per million population: Telecobalt Unit,text,AFR,Africa,Country,BDI,Burundi,Year,2013,true,,,,,,,,,,,,,0,,,,,,0,,,EN,2014-03-04T22:00:00.000Z
DEVICES21,Total density per million population: Telecobalt Unit,text,AFR,Africa,Country,CIV,Cote d'Ivoire,Year,2013,true,,,,,,,,,,,,,0,,,,,,0,,,EN,2014-03-04T22:00:00.000Z
DEVICES21,Total density per million population: Telecobalt Unit,text,AFR,Africa,Country,CPV,Cabo Verde,Year,2013,true,,,,,,,,,,,,,0,,,,,,0,,,EN,2014-03-04T22:00:00.000Z
DEVICES21,Total density per million population: Telecobalt Unit,text,AFR,Africa,Country,CAF,Central African Republic,Year,2013,true,,,,,,,,,,,,,0,,,,,,0,,,EN,2014-03-04T22:00:00.000Z
DEVICES21,Total density per million population: Telecobalt Unit,text,AFR,Africa,Country,COM,Comoros,Year,2013,true,,,,,,,,,,,,,0,,,,,,0,,,EN,2014-03-04T22:00:00.000Z
DEVICES21,Total density per million population: Telecobalt Unit,text,EUR,Europe,Country,CYP,Cyprus,Year,2013,true,,,,,,,,,,,,,0,,,,,,0,,,EN,2014-03-04T22:00:00.000Z
DEVICES21,Total density per million population: Telecobalt Unit,text,AFR,Africa,Country,COD,Democratic Republic of the Congo,Year,2013,true,,,,,,,,,,,,,0,,,,,,0,,,EN,2014-03-04T22:00:00.000Z
DEVICES21,Total density per million population: Telecobalt Unit,text,EUR,Europe,Country,DNK,Denmark,Year,2013,true,,,,,,,,,,,,,0,,,,,,0,,,EN,2014-03-04T22:00:00.000Z
DEVICES21,Total density per million population: Telecobalt Unit,text,AMR,Americas,Country,DMA,Dominica,Year,2013,true,,,,,,,,,,,,,0,,,,,,0,,,EN,2014-03-04T22:00:00.000Z
DEVICES21,Total density per million population: Telecobalt Unit,text,AFR,Africa,Country,ERI,Eritrea,Year,2013,true,,,,,,,,,,,,,0,,,,,,0,,,EN,2014-03-04T22:00:00.000Z
DEVICES21,Total density per million population: Telecobalt Unit,text,AFR,Africa,Country,SWZ,Eswatini,Year,2013,true,,,,,,,,,,,,,0,,,,,,0,,,EN,2014-03-04T22:00:00.000Z
DEVICES21,Total density per million population: Telecobalt Unit,text,WPR,Western Pacific,Country,FJI,Fiji,Year,2013,true,,,,,,,,,,,,,0,,,,,,0,,,EN,2014-03-04T22:00:00.000Z
DEVICES21,Total density per million population: Telecobalt Unit,text,EUR,Europe,Country,FIN,Finland,Year,2013,true,,,,,,,,,,,,,0,,,,,,0,,Only public sector data,EN,2014-03-04T22:00:00.000Z
DEVICES21,Total density per million population: Telecobalt Unit,text,AFR,Africa,Country,GMB,Gambia,Year,2013,true,,,,,,,,,,,,,0,,,,,,0,,Only private sector data,EN,2014-03-04T22:00:00.000Z
DEVICES21,Total density per million population: Telecobalt Unit,text,AMR,Americas,Country,GRD,Grenada,Year,2013,true,,,,,,,,,,,,,0,,,,,,0,,,EN,2014-03-04T22:00:00.000Z
DEVICES21,Total density per million population: Telecobalt Unit,text,AFR,Africa,Country,GIN,Guinea,Year,2013,true,,,,,,,,,,,,,0,,,,,,0,,Only public sector data,EN,2014-03-04T22:00:00.000Z
DEVICES21,Total density per million population: Telecobalt Unit,text,AFR,Africa,Country,GNB,Guinea-Bissau,Year,2013,true,,,,,,,,,,,,,0,,,,,,0,,,EN,2014-03-04T22:00:00.000Z
DEVICES21,Total density per million population: Telecobalt Unit,text,EUR,Europe,Country,ISL,Iceland,Year,2013,true,,,,,,,,,,,,,0,,,,,,0,,,EN,2014-03-04T22:00:00.000Z
DEVICES21,Total density per million population: Telecobalt Unit,text,WPR,Western Pacific,Country,KIR,Kiribati,Year,2013,true,,,,,,,,,,,,,0,,,,,,0,,,EN,2014-03-04T22:00:00.000Z
DEVICES21,Total density per million population: Telecobalt Unit,text,WPR,Western Pacific,Country,LAO,Lao People's Democratic Republic,Year,2013,true,,,,,,,,,,,,,0,,,,,,0,,,EN,2014-03-04T22:00:00.000Z
DEVICES21,Total density per million population: Telecobalt Unit,text,EUR,Europe,Country,LTU,Lithuania,Year,2013,true,,,,,,,,,,,,,0,,,,,,0,,,EN,2014-03-04T22:00:00.000Z
DEVICES21,Total density per million population: Telecobalt Unit,text,EUR,Europe,Country,LUX,Luxembourg,Year,2013,true,,,,,,,,,,,,,0,,,,,,0,,,EN,2014-03-04T22:00:00.000Z
DEVICES21,Total density per million population: Telecobalt Unit,text,AFR,Africa,Country,MWI,Malawi,Year,2013,true,,,,,,,,,,,,,0,,,,,,0,,,EN,2014-03-04T22:00:00.000Z
DEVICES21,Total density per million population: Telecobalt Unit,text,SEAR,South-East Asia,Country,MDV,Maldives,Year,2013,true,,,,,,,,,,,,,0,,,,,,0,,,EN,2014-03-04T22:00:00.000Z
DEVICES21,Total density per million population: Telecobalt Unit,text,AFR,Africa,Country,MLI,Mali,Year,2013,true,,,,,,,,,,,,,0,,,,,,0,,,EN,2014-03-04T22:00:00.000Z
DEVICES21,Total density per million population: Telecobalt Unit,text,WPR,Western Pacific,Country,MHL,Marshall Islands,Year,2013,true,,,,,,,,,,,,,0,,,,,,0,,,EN,2014-03-04T22:00:00.000Z
DEVICES21,Total density per million population: Telecobalt Unit,text,WPR,Western Pacific,Country,FSM,Micronesia (Federated States of),Year,2013,true,,,,,,,,,,,,,0,,,,,,0,,,EN,2014-03-04T22:00:00.000Z
DEVICES21,Total density per million population: Telecobalt Unit,text,EUR,Europe,Country,MCO,Monaco,Year,2013,true,,,,,,,,,,,,,0,,,,,,0,,,EN,2014-03-04T22:00:00.000Z
DEVICES21,Total density per million population: Telecobalt Unit,text,EUR,Europe,Country,MNE,Montenegro,Year,2013,true,,,,,,,,,,,,,0,,,,,,0,,,EN,2014-03-04T22:00:00.000Z
DEVICES21,Total density per million population: Telecobalt Unit,text,EUR,Europe,Country,NLD,Netherlands (Kingdom of the),Year,2013,true,,,,,,,,,,,,,0,,,,,,0,,,EN,2014-03-04T22:00:00.000Z
DEVICES21,Total density per million population: Telecobalt Unit,text,WPR,Western Pacific,Country,NZL,New Zealand,Year,2013,true,,,,,,,,,,,,,0,,,,,,0,,,EN,2014-03-04T22:00:00.000Z
DEVICES21,Total density per million population: Telecobalt Unit,text,AFR,Africa,Country,NER,Niger,Year,2013,true,,,,,,,,,,,,,0,,,,,,0,,,EN,2014-03-04T22:00:00.000Z
DEVICES21,Total density per million population: Telecobalt Unit,text,EMR,Eastern Mediterranean,Country,OMN,Oman,Year,2013,true,,,,,,,,,,,,,0,,,,,,0,,,EN,2014-03-04T22:00:00.000Z
DEVICES21,Total density per million population: Telecobalt Unit,text,AMR,Americas,Country,PAN,Panama,Year,2013,true,,,,,,,,,,,,,0,,,,,,0,,,EN,2014-03-04T22:00:00.000Z
DEVICES21,Total density per million population: Telecobalt Unit,text,EMR,Eastern Mediterranean,Country,QAT,Qatar,Year,2013,true,,,,,,,,,,,,,0,,,,,,0,,,EN,2014-03-04T22:00:00.000Z
DEVICES21,Total density per million population: Telecobalt Unit,text,AMR,Americas,Country,KNA,Saint Kitts and Nevis,Year,2013,true,,,,,,,,,,,,,0,,,,,,0,,,EN,2014-03-04T22:00:00.000Z
DEVICES21,Total density per million population: Telecobalt Unit,text,AMR,Americas,Country,LCA,Saint Lucia,Year,2013,true,,,,,,,,,,,,,0,,,,,,0,,,EN,2014-03-04T22:00:00.000Z
DEVICES21,Total density per million population: Telecobalt Unit,text,AMR,Americas,Country,VCT,Saint Vincent and the Grenadines,Year,2013,true,,,,,,,,,,,,,0,,,,,,0,,,EN,2014-03-04T22:00:00.000Z
DEVICES21,Total density per million population: Telecobalt Unit,text,WPR,Western Pacific,Country,WSM,Samoa,Year,2013,true,,,,,,,,,,,,,0,,,,,,0,,,EN,2014-03-04T22:00:00.000Z
DEVICES21,Total density per million population: Telecobalt Unit,text,EUR,Europe,Country,SMR,San Marino,Year,2013,true,,,,,,,,,,,,,0,,,,,,0,,,EN,2014-03-04T22:00:00.000Z
DEVICES21,Total density per million population: Telecobalt Unit,text,EMR,Eastern Mediterranean,Country,SAU,Saudi Arabia,Year,2013,true,,,,,,,,,,,,,0,,,,,,0,,Only public sector data,EN,2014-03-04T22:00:00.000Z
DEVICES21,Total density per million population: Telecobalt Unit,text,AMR,Americas,Country,SUR,Suriname,Year,2013,true,,,,,,,,,,,,,0,,,,,,0,,,EN,2014-03-04T22:00:00.000Z
DEVICES21,Total density per million population: Telecobalt Unit,text,WPR,Western Pacific,Country,TON,Tonga,Year,2013,true,,,,,,,,,,,,,0,,,,,,0,,,EN,2014-03-04T22:00:00.000Z
DEVICES21,Total density per million population: Telecobalt Unit,text,WPR,Western Pacific,Country,VUT,Vanuatu,Year,2013,true,,,,,,,,,,,,,0,,,,,,0,,,EN,2014-03-04T22:00:00.000Z
DEVICES21,Total density per million population: Telecobalt Unit,text,AFR,Africa,Country,ETH,Ethiopia,Year,2013,true,,,,,,,,,,,,,0.021,,,,,,0.02,,,EN,2014-03-04T22:00:00.000Z
DEVICES21,Total density per million population: Telecobalt Unit,text,AFR,Africa,Country,KEN,Kenya,Year,2013,true,,,,,,,,,,,,,0.023,,,,,,0.02,,,EN,2014-03-04T22:00:00.000Z
DEVICES21,Total density per million population: Telecobalt Unit,text,AFR,Africa,Country,NGA,Nigeria,Year,2013,true,,,,,,,,,,,,,0.029,,,,,,0.03,,"Data from <a href=""http://www-naweb.iaea.org/nahu/dirac/query3.asp"" target=""_blank"">DIRA IAEA radiotherapy database</a>, accessed on February 2014",EN,2014-03-04T22:00:00.000Z
DEVICES21,Total density per million population: Telecobalt Unit,text,AFR,Africa,Country,MDG,Madagascar,Year,2013,true,,,,,,,,,,,,,0.044,,,,,,0.04,,,EN,2014-03-04T22:00:00.000Z
DEVICES21,Total density per million population: Telecobalt Unit,text,EMR,Eastern Mediterranean,Country,PAK,Pakistan,Year,2013,true,,,,,,,,,,,,,0.038,,,,,,0.04,,,EN,2014-03-04T22:00:00.000Z
DEVICES21,Total density per million population: Telecobalt Unit,text,AFR,Africa,Country,AGO,Angola,Year,2013,true,,,,,,,,,,,,,0.047,,,,,,0.05,,Only public sector data,EN,2014-03-04T22:00:00.000Z
DEVICES21,Total density per million population: Telecobalt Unit,text,AFR,Africa,Country,UGA,Uganda,Year,2013,true,,,,,,,,,,,,,0.053,,,,,,0.05,,,EN,2014-03-04T22:00:00.000Z
DEVICES21,Total density per million population: Telecobalt Unit,text,WPR,Western Pacific,Country,IDN,Indonesia,Year,2013,true,,,,,,,,,,,,,0.064,,,,,,0.06,,"Data from <a href=""http://www-naweb.iaea.org/nahu/dirac/query3.asp"" target=""_blank"">DIRA IAEA radiotherapy database</a>, accessed on February 2014",EN,2014-03-04T22:00:00.000Z
DEVICES21,Total density per million population: Telecobalt Unit,text,EMR,Eastern Mediterranean,Country,IRQ,Iraq,Year,2013,true,,,,,,,,,,,,,0.059,,,,,,0.06,,Only public sector data,EN,2014-03-04T22:00:00.000Z
DEVICES21,Total density per million population: Telecobalt Unit,text,EMR,Eastern Mediterranean,Country,MAR,Morocco,Year,2013,true,,,,,,,,,,,,,0.061,,,,,,0.06,,Only public sector data,EN,2014-03-04T22:00:00.000Z
DEVICES21,Total density per million population: Telecobalt Unit,text,SEAR,South-East Asia,Country,MMR,Myanmar,Year,2013,true,,,,,,,,,,,,,0.056,,,,,,0.06,,Only public sector data,EN,2014-03-04T22:00:00.000Z
DEVICES21,Total density per million population: Telecobalt Unit,text,EUR,Europe,Country,GBR,United Kingdom of Great Britain and Northern Ireland,Year,2013,true,,,,,,,,,,,,,0.063,,,,,,0.06,,"Data from <a href=""http://www-naweb.iaea.org/nahu/dirac/query3.asp"" target=""_blank"">DIRA IAEA radiotherapy database</a>, accessed on February 2014",EN,2014-03-04T22:00:00.000Z
DEVICES21,Total density per million population: Telecobalt Unit,text,AFR,Africa,Country,TZA,United Republic of Tanzania,Year,2013,true,,,,,,,,,,,,,0.061,,,,,,0.06,,Only public sector data,EN,2014-03-04T22:00:00.000Z
DEVICES21,Total density per million population: Telecobalt Unit,text,WPR,Western Pacific,Country,KHM,Cambodia,Year,2013,true,,,,,,,,,,,,,0.066,,,,,,0.07,,,EN,2014-03-04T22:00:00.000Z
DEVICES21,Total density per million population: Telecobalt Unit,text,AFR,Africa,Country,SEN,Senegal,Year,2013,true,,,,,,,,,,,,,0.071,,,,,,0.07,,Only public sector data,EN,2014-03-04T22:00:00.000Z
DEVICES21,Total density per million population: Telecobalt Unit,text,AFR,Africa,Country,ZMB,Zambia,Year,2013,true,,,,,,,,,,,,,0.069,,,,,,0.07,,,EN,2014-03-04T22:00:00.000Z
DEVICES21,Total density per million population: Telecobalt Unit,text,SEAR,South-East Asia,Country,BGD,Bangladesh,Year,2013,true,,,,,,,,,,,,,0.077,,,,,,0.08,,"Data from <a href=""http://www-naweb.iaea.org/nahu/dirac/query3.asp"" target=""_blank"">DIRA IAEA radiotherapy database</a>, accessed on February 2014",EN,2014-03-04T22:00:00.000Z
DEVICES21,Total density per million population: Telecobalt Unit,text,AFR,Africa,Country,GHA,Ghana,Year,2013,true,,,,,,,,,,,,,0.077,,,,,,0.08,,Only public sector data,EN,2014-03-04T22:00:00.000Z
DEVICES21,Total density per million population: Telecobalt Unit,text,EMR,Eastern Mediterranean,Country,YEM,Yemen,Year,2013,true,,,,,,,,,,,,,0.082,,,,,,0.08,,,EN,2014-03-04T22:00:00.000Z
DEVICES21,Total density per million population: Telecobalt Unit,text,EUR,Europe,Country,BEL,Belgium,Year,2013,true,,,,,,,,,,,,,0.09,,,,,,0.09,,"Data from <a href=""http://www-naweb.iaea.org/nahu/dirac/query3.asp"" target=""_blank"">DIRA IAEA radiotherapy database</a>, accessed on February 2014",EN,2014-03-04T22:00:00.000Z
DEVICES21,Total density per million population: Telecobalt Unit,text,EUR,Europe,Country,FRA,France,Year,2013,true,,,,,,,,,,,,,0.11,,,,,,0.11,,"Data from <a href=""http://www-naweb.iaea.org/nahu/dirac/query3.asp"" target=""_blank"">DIRA IAEA radiotherapy database</a>, accessed on February 2014",EN,2014-03-04T22:00:00.000Z
DEVICES21,Total density per million population: Telecobalt Unit,text,SEAR,South-East Asia,Country,NPL,Nepal,Year,2013,true,,,,,,,,,,,,,0.11,,,,,,0.11,,"Data from <a href=""http://www-naweb.iaea.org/nahu/dirac/query3.asp"" target=""_blank"">DIRA IAEA radiotherapy database</a>, accessed on February 2014",EN,2014-03-04T22:00:00.000Z
DEVICES21,Total density per million population: Telecobalt Unit,text,EUR,Europe,Country,SRB,Serbia,Year,2013,true,,,,,,,,,,,,,0.11,,,,,,0.11,,,EN,2014-03-04T22:00:00.000Z
DEVICES21,Total density per million population: Telecobalt Unit,text,EMR,Eastern Mediterranean,Country,SDN,Sudan,Year,2013,true,,,,,,,,,,,,,0.11,,,,,,0.11,,,EN,2014-03-04T22:00:00.000Z
DEVICES21,Total density per million population: Telecobalt Unit,text,EMR,Eastern Mediterranean,Country,ARE,United Arab Emirates,Year,2013,true,,,,,,,,,,,,,0.11,,,,,,0.11,,"Data from <a href=""http://www-naweb.iaea.org/nahu/dirac/query3.asp"" target=""_blank"">DIRA IAEA radiotherapy database</a>, accessed on February 2014",EN,2014-03-04T22:00:00.000Z
DEVICES21,Total density per million population: Telecobalt Unit,text,SEAR,South-East Asia,Country,PRK,Democratic People's Republic of Korea,Year,2013,true,,,,,,,,,,,,,0.12,,,,,,0.12,,"Data from <a href=""http://www-naweb.iaea.org/nahu/dirac/query3.asp"" target=""_blank"">DIRA IAEA radiotherapy database</a>, accessed on February 2014",EN,2014-03-04T22:00:00.000Z
DEVICES21,Total density per million population: Telecobalt Unit,text,EUR,Europe,Country,TJK,Tajikistan,Year,2013,true,,,,,,,,,,,,,0.12,,,,,,0.12,,Only public sector data,EN,2014-03-04T22:00:00.000Z
DEVICES21,Total density per million population: Telecobalt Unit,text,AFR,Africa,Country,CMR,Cameroon,Year,2013,true,,,,,,,,,,,,,0.13,,,,,,0.13,,,EN,2014-03-04T22:00:00.000Z
DEVICES21,Total density per million population: Telecobalt Unit,text,AMR,Americas,Country,ECU,Ecuador,Year,2013,true,,,,,,,,,,,,,0.13,,,,,,0.13,,Only public sector data,EN,2014-03-04T22:00:00.000Z
DEVICES21,Total density per million population: Telecobalt Unit,text,EUR,Europe,Country,ISR,Israel,Year,2013,true,,,,,,,,,,,,,0.13,,,,,,0.13,,,EN,2014-03-04T22:00:00.000Z
DEVICES21,Total density per million population: Telecobalt Unit,text,EUR,Europe,Country,POL,Poland,Year,2013,true,,,,,,,,,,,,,0.13,,,,,,0.13,,Only public sector data,EN,2014-03-04T22:00:00.000Z
DEVICES21,Total density per million population: Telecobalt Unit,text,WPR,Western Pacific,Country,PNG,Papua New Guinea,Year,2013,true,,,,,,,,,,,,,0.14,,,,,,0.14,,,EN,2014-03-04T22:00:00.000Z
DEVICES21,Total density per million population: Telecobalt Unit,text,AMR,Americas,Country,NIC,Nicaragua,Year,2013,true,,,,,,,,,,,,,0.16,,,,,,0.16,,Only public sector data,EN,2014-03-04T22:00:00.000Z
DEVICES21,Total density per million population: Telecobalt Unit,text,AFR,Africa,Country,ZAF,South Africa,Year,2013,true,,,,,,,,,,,,,0.17,,,,,,0.17,,Only public sector data,EN,2014-03-04T22:00:00.000Z
DEVICES21,Total density per million population: Telecobalt Unit,text,WPR,Western Pacific,Country,SGP,Singapore,Year,2013,true,,,,,,,,,,,,,0.18,,,,,,0.18,,,EN,2014-03-04T22:00:00.000Z
DEVICES21,Total density per million population: Telecobalt Unit,text,AMR,Americas,Country,GTM,Guatemala,Year,2013,true,,,,,,,,,,,,,0.19,,,,,,0.19,,"Data from <a href=""http://www-naweb.iaea.org/nahu/dirac/query3.asp"" target=""_blank"">DIRA IAEA radiotherapy database</a>, accessed on February 2014",EN,2014-03-04T22:00:00.000Z
DEVICES21,Total density per million population: Telecobalt Unit,text,EUR,Europe,Country,NOR,Norway,Year,2013,true,,,,,,,,,,,,,0.2,,,,,,0.2,,"Data from <a href=""http://www-naweb.iaea.org/nahu/dirac/query3.asp"" target=""_blank"">DIRA IAEA radiotherapy database</a>, accessed on February 2014",EN,2014-03-04T22:00:00.000Z
DEVICES21,Total density per million population: Telecobalt Unit,text,WPR,Western Pacific,Country,KOR,Republic of Korea,Year,2013,true,,,,,,,,,,,,,0.2,,,,,,0.2,,Only private sector data,EN,2014-03-04T22:00:00.000Z
DEVICES21,Total density per million population: Telecobalt Unit,text,WPR,Western Pacific,Country,VNM,Viet Nam,Year,2013,true,,,,,,,,,,,,,0.21,,,,,,0.21,,"Data from <a href=""http://www-naweb.iaea.org/nahu/dirac/query3.asp"" target=""_blank"">DIRA IAEA radiotherapy database</a>, accessed on February 2014",EN,2014-03-04T22:00:00.000Z
DEVICES21,Total density per million population: Telecobalt Unit,text,AFR,Africa,Country,ZWE,Zimbabwe,Year,2013,true,,,,,,,,,,,,,0.21,,,,,,0.21,,,EN,2014-03-04T22:00:00.000Z
DEVICES21,Total density per million population: Telecobalt Unit,text,EUR,Europe,Country,IRL,Ireland,Year,2013,true,,,,,,,,,,,,,0.22,,,,,,0.22,,Only public sector data,EN,2014-03-04T22:00:00.000Z
DEVICES21,Total density per million population: Telecobalt Unit,text,AMR,Americas,Country,CHL,Chile,Year,2013,true,,,,,,,,,,,,,0.23,,,,,,0.23,,Only public sector data,EN,2014-03-04T22:00:00.000Z
DEVICES21,Total density per million population: Telecobalt Unit,text,EUR,Europe,Country,DEU,Germany,Year,2013,true,,,,,,,,,,,,,0.23,,,,,,0.23,,"Data from <a href=""http://www-naweb.iaea.org/nahu/dirac/query3.asp"" target=""_blank"">DIRA IAEA radiotherapy database</a>, accessed on February 2014",EN,2014-03-04T22:00:00.000Z
DEVICES21,Total density per million population: Telecobalt Unit,text,EUR,Europe,Country,ITA,Italy,Year,2013,true,,,,,,,,,,,,,0.25,,,,,,0.25,,"Data from <a href=""http://www-naweb.iaea.org/nahu/dirac/query3.asp"" target=""_blank"">DIRA IAEA radiotherapy database</a>, accessed on February 2014",EN,2014-03-04T22:00:00.000Z
DEVICES21,Total density per million population: Telecobalt Unit,text,SEAR,South-East Asia,Country,IND,India,Year,2013,true,,,,,,,,,,,,,0.26,,,,,,0.26,,"Data from <a href=""http://www-naweb.iaea.org/nahu/dirac/query3.asp"" target=""_blank"">DIRA IAEA radiotherapy database</a>, accessed on February 2014",EN,2014-03-04T22:00:00.000Z
DEVICES21,Total density per million population: Telecobalt Unit,text,EMR,Eastern Mediterranean,Country,EGY,Egypt,Year,2013,true,,,,,,,,,,,,,0.27,,,,,,0.27,,"Data from <a href=""http://www-naweb.iaea.org/nahu/dirac/query3.asp"" target=""_blank"">DIRA IAEA radiotherapy database</a>, accessed on February 2014",EN,2014-03-04T22:00:00.000Z
DEVICES21,Total density per million population: Telecobalt Unit,text,EMR,Eastern Mediterranean,Country,JOR,Jordan,Year,2013,true,,,,,,,,,,,,,0.27,,,,,,0.27,,,EN,2014-03-04T22:00:00.000Z
DEVICES21,Total density per million population: Telecobalt Unit,text,EMR,Eastern Mediterranean,Country,SYR,Syrian Arab Republic,Year,2013,true,,,,,,,,,,,,,0.27,,,,,,0.27,,"Data from <a href=""http://www-naweb.iaea.org/nahu/dirac/query3.asp"" target=""_blank"">DIRA IAEA radiotherapy database</a>, accessed on February 2014",EN,2014-03-04T22:00:00.000Z
DEVICES21,Total density per million population: Telecobalt Unit,text,AMR,Americas,Country,DOM,Dominican Republic,Year,2013,true,,,,,,,,,,,,,0.29,,,,,,0.29,,"Data from <a href=""http://www-naweb.iaea.org/nahu/dirac/query3.asp"" target=""_blank"">DIRA IAEA radiotherapy database</a>, accessed on February 2014",EN,2014-03-04T22:00:00.000Z
DEVICES21,Total density per million population: Telecobalt Unit,text,EUR,Europe,Country,MDA,Republic of Moldova,Year,2013,true,,,,,,,,,,,,,0.29,,,,,,0.29,,,EN,2014-03-04T22:00:00.000Z
DEVICES21,Total density per million population: Telecobalt Unit,text,AMR,Americas,Country,PER,Peru,Year,2013,true,,,,,,,,,,,,,0.3,,,,,,0.3,,"Data from <a href=""http://www-naweb.iaea.org/nahu/dirac/query3.asp"" target=""_blank"">DIRA IAEA radiotherapy database</a>, accessed on February 2014",EN,2014-03-04T22:00:00.000Z
DEVICES21,Total density per million population: Telecobalt Unit,text,AMR,Americas,Country,BRA,Brazil,Year,2013,true,,,,,,,,,,,,,0.31,,,,,,0.31,,"Data from <a href=""http://www-naweb.iaea.org/nahu/dirac/query3.asp"" target=""_blank"">DIRA IAEA radiotherapy database</a>, accessed on February 2014",EN,2014-03-04T22:00:00.000Z
DEVICES21,Total density per million population: Telecobalt Unit,text,EMR,Eastern Mediterranean,Country,IRN,Iran (Islamic Republic of),Year,2013,true,,,,,,,,,,,,,0.31,,,,,,0.31,,"Data from <a href=""http://www-naweb.iaea.org/nahu/dirac/query3.asp"" target=""_blank"">DIRA IAEA radiotherapy database</a>, accessed on February 2014",EN,2014-03-04T22:00:00.000Z
DEVICES21,Total density per million population: Telecobalt Unit,text,EUR,Europe,Country,ALB,Albania,Year,2013,true,,,,,,,,,,,,,0.32,,,,,,0.32,,,EN,2014-03-04T22:00:00.000Z
DEVICES21,Total density per million population: Telecobalt Unit,text,SEAR,South-East Asia,Country,THA,Thailand,Year,2013,true,,,,,,,,,,,,,0.34,,,,,,0.34,,,EN,2014-03-04T22:00:00.000Z
DEVICES21,Total density per million population: Telecobalt Unit,text,WPR,Western Pacific,Country,MNG,Mongolia,Year,2013,true,,,,,,,,,,,,,0.35,,,,,,0.35,,Only public sector data,EN,2014-03-04T22:00:00.000Z
DEVICES21,Total density per million population: Telecobalt Unit,text,EUR,Europe,Country,KGZ,Kyrgyzstan,Year,2013,true,,,,,,,,,,,,,0.36,,,,,,0.36,,"Data from <a href=""http://www-naweb.iaea.org/nahu/dirac/query3.asp"" target=""_blank"">DIRA IAEA radiotherapy database</a>, accessed on February 2014",EN,2014-03-04T22:00:00.000Z
DEVICES21,Total density per million population: Telecobalt Unit,text,WPR,Western Pacific,Country,CHN,China,Year,2013,true,,,,,,,,,,,,,0.37,,,,,,0.37,,"Data from <a href=""http://www-naweb.iaea.org/nahu/dirac/query3.asp"" target=""_blank"">DIRA IAEA radiotherapy database</a>, accessed on February 2014",EN,2014-03-04T22:00:00.000Z
DEVICES21,Total density per million population: Telecobalt Unit,text,AMR,Americas,Country,MEX,Mexico,Year,2013,true,,,,,,,,,,,,,0.37,,,,,,0.37,,,EN,2014-03-04T22:00:00.000Z
DEVICES21,Total density per million population: Telecobalt Unit,text,AFR,Africa,Country,NAM,Namibia,Year,2013,true,,,,,,,,,,,,,0.43,,,,,,0.43,,,EN,2014-03-04T22:00:00.000Z
DEVICES21,Total density per million population: Telecobalt Unit,text,AMR,Americas,Country,PRY,Paraguay,Year,2013,true,,,,,,,,,,,,,0.44,,,,,,0.44,,,EN,2014-03-04T22:00:00.000Z
DEVICES21,Total density per million population: Telecobalt Unit,text,AMR,Americas,Country,USA,United States of America,Year,2013,true,,,,,,,,,,,,,0.44,,,,,,0.44,,"Data from <a href=""http://www-naweb.iaea.org/nahu/dirac/query3.asp"" target=""_blank"">DIRA IAEA radiotherapy database</a>, accessed on February 2014",EN,2014-03-04T22:00:00.000Z
DEVICES21,Total density per million population: Telecobalt Unit,text,AMR,Americas,Country,BOL,Bolivia (Plurinational State of),Year,2013,true,,,,,,,,,,,,,0.47,,,,,,0.47,,"Data from <a href=""http://www-naweb.iaea.org/nahu/dirac/query3.asp"" target=""_blank"">DIRA IAEA radiotherapy database</a>, accessed on February 2014",EN,2014-03-04T22:00:00.000Z
DEVICES21,Total density per million population: Telecobalt Unit,text,AMR,Americas,Country,CAN,Canada,Year,2013,true,,,,,,,,,,,,,0.48,,,,,,0.48,,"Data from <a href=""http://www-naweb.iaea.org/nahu/dirac/query3.asp"" target=""_blank"">DIRA IAEA radiotherapy database</a>, accessed on February 2014",EN,2014-03-04T22:00:00.000Z
DEVICES21,Total density per million population: Telecobalt Unit,text,EUR,Europe,Country,SVN,Slovenia,Year,2013,true,,,,,,,,,,,,,0.48,,,,,,0.48,,Only public sector data,EN,2014-03-04T22:00:00.000Z
DEVICES21,Total density per million population: Telecobalt Unit,text,AMR,Americas,Country,HND,Honduras,Year,2013,true,,,,,,,,,,,,,0.49,,,,,,0.49,,,EN,2014-03-04T22:00:00.000Z
DEVICES21,Total density per million population: Telecobalt Unit,text,WPR,Western Pacific,Country,JPN,Japan,Year,2013,true,,,,,,,,,,,,,0.5,,,,,,0.5,,"Data from <a href=""http://www-naweb.iaea.org/nahu/dirac/query3.asp"" target=""_blank"">DIRA IAEA radiotherapy database</a>, accessed on February 2014",EN,2014-03-04T22:00:00.000Z
DEVICES21,Total density per million population: Telecobalt Unit,text,EUR,Europe,Country,BIH,Bosnia and Herzegovina,Year,2013,true,,,,,,,,,,,,,0.52,,,,,,0.52,,,EN,2014-03-04T22:00:00.000Z
DEVICES21,Total density per million population: Telecobalt Unit,text,EUR,Europe,Country,PRT,Portugal,Year,2013,true,,,,,,,,,,,,,0.57,,,,,,0.57,,,EN,2014-03-04T22:00:00.000Z
DEVICES21,Total density per million population: Telecobalt Unit,text,EMR,Eastern Mediterranean,Country,KWT,Kuwait,Year,2013,true,,,,,,,,,,,,,0.59,,,,,,0.59,,"Data from <a href=""http://www-naweb.iaea.org/nahu/dirac/query3.asp"" target=""_blank"">DIRA IAEA radiotherapy database</a>, accessed on February 2014",EN,2014-03-04T22:00:00.000Z
DEVICES21,Total density per million population: Telecobalt Unit,text,EUR,Europe,Country,UZB,Uzbekistan,Year,2013,true,,,,,,,,,,,,,0.59,,,,,,0.59,,"Data from <a href=""http://www-naweb.iaea.org/nahu/dirac/query3.asp"" target=""_blank"">DIRA IAEA radiotherapy database</a>, accessed on February 2014",EN,2014-03-04T22:00:00.000Z
DEVICES21,Total density per million population: Telecobalt Unit,text,AFR,Africa,Country,GAB,Gabon,Year,2013,true,,,,,,,,,,,,,0.6,,,,,,0.6,,,EN,2014-03-04T22:00:00.000Z
DEVICES21,Total density per million population: Telecobalt Unit,text,EUR,Europe,Country,TUR,Türkiye,Year,2013,true,,,,,,,,,,,,,0.6,,,,,,0.6,,,EN,2014-03-04T22:00:00.000Z
DEVICES21,Total density per million population: Telecobalt Unit,text,EMR,Eastern Mediterranean,Country,LBN,Lebanon,Year,2013,true,,,,,,,,,,,,,0.62,,,,,,0.62,,,EN,2014-03-04T22:00:00.000Z
DEVICES21,Total density per million population: Telecobalt Unit,text,EUR,Europe,Country,ROU,Romania,Year,2013,true,,,,,,,,,,,,,0.65,,,,,,0.65,,,EN,2014-03-04T22:00:00.000Z
DEVICES21,Total density per million population: Telecobalt Unit,text,EUR,Europe,Country,ESP,Spain,Year,2013,true,,,,,,,,,,,,,0.66,,,,,,0.66,,,EN,2014-03-04T22:00:00.000Z
DEVICES21,Total density per million population: Telecobalt Unit,text,EUR,Europe,Country,GEO,Georgia,Year,2013,true,,,,,,,,,,,,,0.69,,,,,,0.69,,,EN,2014-03-04T22:00:00.000Z
DEVICES21,Total density per million population: Telecobalt Unit,text,AMR,Americas,Country,COL,Colombia,Year,2013,true,,,,,,,,,,,,,0.7,,,,,,0.7,,"Data from <a href=""http://www-naweb.iaea.org/nahu/dirac/query3.asp"" target=""_blank"">DIRA IAEA radiotherapy database</a>, accessed on February 2014",EN,2014-03-04T22:00:00.000Z
DEVICES21,Total density per million population: Telecobalt Unit,text,EUR,Europe,Country,HRV,Croatia,Year,2013,true,,,,,,,,,,,,,0.7,,,,,,0.7,,,EN,2014-03-04T22:00:00.000Z
DEVICES21,Total density per million population: Telecobalt Unit,text,EUR,Europe,Country,HUN,Hungary,Year,2013,true,,,,,,,,,,,,,0.7,,,,,,0.7,,,EN,2014-03-04T22:00:00.000Z
DEVICES21,Total density per million population: Telecobalt Unit,text,AMR,Americas,Country,SLV,El Salvador,Year,2013,true,,,,,,,,,,,,,0.79,,,,,,0.79,,,EN,2014-03-04T22:00:00.000Z
DEVICES21,Total density per million population: Telecobalt Unit,text,AMR,Americas,Country,CUB,Cuba,Year,2013,true,,,,,,,,,,,,,0.8,,,,,,0.8,,,EN,2014-03-04T22:00:00.000Z
DEVICES21,Total density per million population: Telecobalt Unit,text,EUR,Europe,Country,GRC,Greece,Year,2013,true,,,,,,,,,,,,,0.81,,,,,,0.81,,,EN,2014-03-04T22:00:00.000Z
DEVICES21,Total density per million population: Telecobalt Unit,text,EMR,Eastern Mediterranean,Country,LBY,Libya,Year,2013,true,,,,,,,,,,,,,0.81,,,,,,0.81,,,EN,2014-03-04T22:00:00.000Z
DEVICES21,Total density per million population: Telecobalt Unit,text,AMR,Americas,Country,ARG,Argentina,Year,2013,true,,,,,,,,,,,,,0.82,,,,,,0.82,,"Data from <a href=""http://www-naweb.iaea.org/nahu/dirac/query3.asp"" target=""_blank"">DIRA IAEA radiotherapy database</a>, accessed on February 2014",EN,2014-03-04T22:00:00.000Z
DEVICES21,Total density per million population: Telecobalt Unit,text,AMR,Americas,Country,URY,Uruguay,Year,2013,true,,,,,,,,,,,,,0.88,,,,,,0.88,,,EN,2014-03-04T22:00:00.000Z
DEVICES21,Total density per million population: Telecobalt Unit,text,AMR,Americas,Country,VEN,Venezuela (Bolivarian Republic of),Year,2013,true,,,,,,,,,,,,,0.89,,,,,,0.89,,"Data from <a href=""http://www-naweb.iaea.org/nahu/dirac/query3.asp"" target=""_blank"">DIRA IAEA radiotherapy database</a>, accessed on February 2014",EN,2014-03-04T22:00:00.000Z
DEVICES21,Total density per million population: Telecobalt Unit,text,EUR,Europe,Country,KAZ,Kazakhstan,Year,2013,true,,,,,,,,,,,,,0.91,,,,,,0.91,,Only public sector data,EN,2014-03-04T22:00:00.000Z
DEVICES21,Total density per million population: Telecobalt Unit,text,EUR,Europe,Country,LVA,Latvia,Year,2013,true,,,,,,,,,,,,,0.98,,,,,,0.98,,"Data from <a href=""http://www-naweb.iaea.org/nahu/dirac/query3.asp"" target=""_blank"">DIRA IAEA radiotherapy database</a>, accessed on February 2014",EN,2014-03-04T22:00:00.000Z
DEVICES21,Total density per million population: Telecobalt Unit,text,EMR,Eastern Mediterranean,Country,TUN,Tunisia,Year,2013,true,,,,,,,,,,,,,1,,,,,,1,,,EN,2014-03-04T22:00:00.000Z
DEVICES21,Total density per million population: Telecobalt Unit,text,EUR,Europe,Country,ARM,Armenia,Year,2013,true,,,,,,,,,,,,,1.01,,,,,,1.01,,,EN,2014-03-04T22:00:00.000Z
DEVICES21,Total density per million population: Telecobalt Unit,text,AMR,Americas,Country,CRI,Costa Rica,Year,2013,true,,,,,,,,,,,,,1.03,,,,,,1.03,,,EN,2014-03-04T22:00:00.000Z
DEVICES21,Total density per million population: Telecobalt Unit,text,AMR,Americas,Country,JAM,Jamaica,Year,2013,true,,,,,,,,,,,,,1.08,,,,,,1.08,,,EN,2014-03-04T22:00:00.000Z
DEVICES21,Total density per million population: Telecobalt Unit,text,EUR,Europe,Country,BGR,Bulgaria,Year,2013,true,,,,,,,,,,,,,1.38,,,,,,1.38,,"Data from <a href=""http://www-naweb.iaea.org/nahu/dirac/query3.asp"" target=""_blank"">DIRA IAEA radiotherapy database</a>, accessed on February 2014",EN,2014-03-04T22:00:00.000Z
DEVICES21,Total density per million population: Telecobalt Unit,text,EUR,Europe,Country,CZE,Czechia,Year,2013,true,,,,,,,,,,,,,1.4,,,,,,1.4,,,EN,2014-03-04T22:00:00.000Z
DEVICES21,Total density per million population: Telecobalt Unit,text,AMR,Americas,Country,TTO,Trinidad and Tobago,Year,2013,true,,,,,,,,,,,,,1.49,,,,,,1.49,,,EN,2014-03-04T22:00:00.000Z
DEVICES21,Total density per million population: Telecobalt Unit,text,EUR,Europe,Country,RUS,Russian Federation,Year,2013,true,,,,,,,,,,,,,1.51,,,,,,1.51,,"Data from <a href=""http://www-naweb.iaea.org/nahu/dirac/query3.asp"" target=""_blank"">DIRA IAEA radiotherapy database</a>, accessed on February 2014",EN,2014-03-04T22:00:00.000Z
DEVICES21,Total density per million population: Telecobalt Unit,text,AFR,Africa,Country,MUS,Mauritius,Year,2013,true,,,,,,,,,,,,,1.61,,,,,,1.61,,,EN,2014-03-04T22:00:00.000Z
DEVICES21,Total density per million population: Telecobalt Unit,text,EUR,Europe,Country,SVK,Slovakia,Year,2013,true,,,,,,,,,,,,,1.83,,,,,,1.83,,"Data from <a href=""http://www-naweb.iaea.org/nahu/dirac/query3.asp"" target=""_blank"">DIRA IAEA radiotherapy database</a>, accessed on February 2014",EN,2014-03-04T22:00:00.000Z
DEVICES21,Total density per million population: Telecobalt Unit,text,EUR,Europe,Country,UKR,Ukraine,Year,2013,true,,,,,,,,,,,,,1.95,,,,,,1.95,,"Data from <a href=""http://www-naweb.iaea.org/nahu/dirac/query3.asp"" target=""_blank"">DIRA IAEA radiotherapy database</a>, accessed on February 2014",EN,2014-03-04T22:00:00.000Z
DEVICES21,Total density per million population: Telecobalt Unit,text,EUR,Europe,Country,MLT,Malta,Year,2013,true,,,,,,,,,,,,,2.33,,,,,,2.33,,,EN,2014-03-04T22:00:00.000Z
DEVICES21,Total density per million population: Telecobalt Unit,text,EUR,Europe,Country,BLR,Belarus,Year,2013,true,,,,,,,,,,,,,2.46,,,,,,2.46,,Only public sector data,EN,2014-03-04T22:00:00.000Z
DEVICES21,Total density per million population: Telecobalt Unit,text,AMR,Americas,Country,BRB,Barbados,Year,2013,true,,,,,,,,,,,,,3.51,,,,,,3.51,,Only public sector data,EN,2014-03-04T22:00:00.000Z
DEVICES22,Total density per million population: Radiotherapy units,text,EMR,Eastern Mediterranean,Country,AFG,Afghanistan,Year,2013,true,,,,,,,,,,,,,0,,,,,,0,,,EN,2014-03-04T22:00:00.000Z
DEVICES22,Total density per million population: Radiotherapy units,text,AMR,Americas,Country,BLZ,Belize,Year,2013,true,,,,,,,,,,,,,0,,,,,,0,,,EN,2014-03-04T22:00:00.000Z
DEVICES22,Total density per million population: Radiotherapy units,text,AFR,Africa,Country,BEN,Benin,Year,2013,true,,,,,,,,,,,,,0,,,,,,0,,,EN,2014-03-04T22:00:00.000Z
DEVICES22,Total density per million population: Radiotherapy units,text,SEAR,South-East Asia,Country,BTN,Bhutan,Year,2013,true,,,,,,,,,,,,,0,,,,,,0,,,EN,2014-03-04T22:00:00.000Z
DEVICES22,Total density per million population: Radiotherapy units,text,AFR,Africa,Country,BWA,Botswana,Year,2013,false,,,,,,,,,,,,,0,,,,,,0,,Only public sector data,EN,2014-03-04T22:00:00.000Z
DEVICES22,Total density per million population: Radiotherapy units,text,AFR,Africa,Country,BFA,Burkina Faso,Year,2013,false,,,,,,,,,,,,,0,,,,,,0,,,EN,2014-03-04T22:00:00.000Z
DEVICES22,Total density per million population: Radiotherapy units,text,AFR,Africa,Country,BDI,Burundi,Year,2013,true,,,,,,,,,,,,,0,,,,,,0,,,EN,2014-03-04T22:00:00.000Z
DEVICES22,Total density per million population: Radiotherapy units,text,AFR,Africa,Country,CIV,Cote d'Ivoire,Year,2013,false,,,,,,,,,,,,,0,,,,,,0,,,EN,2014-03-04T22:00:00.000Z
DEVICES22,Total density per million population: Radiotherapy units,text,AFR,Africa,Country,CPV,Cabo Verde,Year,2013,true,,,,,,,,,,,,,0,,,,,,0,,,EN,2014-03-04T22:00:00.000Z
DEVICES22,Total density per million population: Radiotherapy units,text,AFR,Africa,Country,CAF,Central African Republic,Year,2013,true,,,,,,,,,,,,,0,,,,,,0,,,EN,2014-03-04T22:00:00.000Z
DEVICES22,Total density per million population: Radiotherapy units,text,AFR,Africa,Country,COM,Comoros,Year,2013,false,,,,,,,,,,,,,0,,,,,,0,,,EN,2014-03-04T22:00:00.000Z
DEVICES22,Total density per million population: Radiotherapy units,text,AMR,Americas,Country,DMA,Dominica,Year,2013,true,,,,,,,,,,,,,0,,,,,,0,,,EN,2014-03-04T22:00:00.000Z
DEVICES22,Total density per million population: Radiotherapy units,text,AFR,Africa,Country,ERI,Eritrea,Year,2013,true,,,,,,,,,,,,,0,,,,,,0,,,EN,2014-03-04T22:00:00.000Z
DEVICES22,Total density per million population: Radiotherapy units,text,AFR,Africa,Country,SWZ,Eswatini,Year,2013,true,,,,,,,,,,,,,0,,,,,,0,,,EN,2014-03-04T22:00:00.000Z
DEVICES22,Total density per million population: Radiotherapy units,text,WPR,Western Pacific,Country,FJI,Fiji,Year,2013,true,,,,,,,,,,,,,0,,,,,,0,,,EN,2014-03-04T22:00:00.000Z
DEVICES22,Total density per million population: Radiotherapy units,text,AFR,Africa,Country,GMB,Gambia,Year,2013,true,,,,,,,,,,,,,0,,,,,,0,,Only private sector data,EN,2014-03-04T22:00:00.000Z
DEVICES22,Total density per million population: Radiotherapy units,text,AMR,Americas,Country,GRD,Grenada,Year,2013,true,,,,,,,,,,,,,0,,,,,,0,,,EN,2014-03-04T22:00:00.000Z
DEVICES22,Total density per million population: Radiotherapy units,text,AFR,Africa,Country,GIN,Guinea,Year,2013,true,,,,,,,,,,,,,0,,,,,,0,,Only public sector data,EN,2014-03-04T22:00:00.000Z
DEVICES22,Total density per million population: Radiotherapy units,text,AFR,Africa,Country,GNB,Guinea-Bissau,Year,2013,true,,,,,,,,,,,,,0,,,,,,0,,,EN,2014-03-04T22:00:00.000Z
DEVICES22,Total density per million population: Radiotherapy units,text,WPR,Western Pacific,Country,KIR,Kiribati,Year,2013,true,,,,,,,,,,,,,0,,,,,,0,,,EN,2014-03-04T22:00:00.000Z
DEVICES22,Total density per million population: Radiotherapy units,text,WPR,Western Pacific,Country,LAO,Lao People's Democratic Republic,Year,2013,false,,,,,,,,,,,,,0,,,,,,0,,,EN,2014-03-04T22:00:00.000Z
DEVICES22,Total density per million population: Radiotherapy units,text,AFR,Africa,Country,MWI,Malawi,Year,2013,true,,,,,,,,,,,,,0,,,,,,0,,,EN,2014-03-04T22:00:00.000Z
DEVICES22,Total density per million population: Radiotherapy units,text,SEAR,South-East Asia,Country,MDV,Maldives,Year,2013,true,,,,,,,,,,,,,0,,,,,,0,,,EN,2014-03-04T22:00:00.000Z
DEVICES22,Total density per million population: Radiotherapy units,text,WPR,Western Pacific,Country,MHL,Marshall Islands,Year,2013,true,,,,,,,,,,,,,0,,,,,,0,,,EN,2014-03-04T22:00:00.000Z
DEVICES22,Total density per million population: Radiotherapy units,text,WPR,Western Pacific,Country,FSM,Micronesia (Federated States of),Year,2013,false,,,,,,,,,,,,,0,,,,,,0,,,EN,2014-03-04T22:00:00.000Z
DEVICES22,Total density per million population: Radiotherapy units,text,AFR,Africa,Country,NER,Niger,Year,2013,true,,,,,,,,,,,,,0,,,,,,0,,,EN,2014-03-04T22:00:00.000Z
DEVICES22,Total density per million population: Radiotherapy units,text,AMR,Americas,Country,KNA,Saint Kitts and Nevis,Year,2013,true,,,,,,,,,,,,,0,,,,,,0,,,EN,2014-03-04T22:00:00.000Z
DEVICES22,Total density per million population: Radiotherapy units,text,AMR,Americas,Country,LCA,Saint Lucia,Year,2013,true,,,,,,,,,,,,,0,,,,,,0,,,EN,2014-03-04T22:00:00.000Z
DEVICES22,Total density per million population: Radiotherapy units,text,AMR,Americas,Country,VCT,Saint Vincent and the Grenadines,Year,2013,true,,,,,,,,,,,,,0,,,,,,0,,,EN,2014-03-04T22:00:00.000Z
DEVICES22,Total density per million population: Radiotherapy units,text,WPR,Western Pacific,Country,WSM,Samoa,Year,2013,true,,,,,,,,,,,,,0,,,,,,0,,,EN,2014-03-04T22:00:00.000Z
DEVICES22,Total density per million population: Radiotherapy units,text,EUR,Europe,Country,SMR,San Marino,Year,2013,true,,,,,,,,,,,,,0,,,,,,0,,,EN,2014-03-04T22:00:00.000Z
DEVICES22,Total density per million population: Radiotherapy units,text,WPR,Western Pacific,Country,TON,Tonga,Year,2013,true,,,,,,,,,,,,,0,,,,,,0,,,EN,2014-03-04T22:00:00.000Z
DEVICES22,Total density per million population: Radiotherapy units,text,WPR,Western Pacific,Country,VUT,Vanuatu,Year,2013,true,,,,,,,,,,,,,0,,,,,,0,,,EN,2014-03-04T22:00:00.000Z
DEVICES22,Total density per million population: Radiotherapy units,text,AFR,Africa,Country,COD,Democratic Republic of the Congo,Year,2013,true,,,,,,,,,,,,,0.015,,,,,,0.01,,,EN,2014-03-04T22:00:00.000Z
DEVICES22,Total density per million population: Radiotherapy units,text,AFR,Africa,Country,ETH,Ethiopia,Year,2013,false,,,,,,,,,,,,,0.021,,,,,,0.02,,,EN,2014-03-04T22:00:00.000Z
DEVICES22,Total density per million population: Radiotherapy units,text,AFR,Africa,Country,KEN,Kenya,Year,2013,false,,,,,,,,,,,,,0.023,,,,,,0.02,,,EN,2014-03-04T22:00:00.000Z
DEVICES22,Total density per million population: Radiotherapy units,text,AFR,Africa,Country,MDG,Madagascar,Year,2013,false,,,,,,,,,,,,,0.044,,,,,,0.04,,,EN,2014-03-04T22:00:00.000Z
DEVICES22,Total density per million population: Radiotherapy units,text,AFR,Africa,Country,AGO,Angola,Year,2013,false,,,,,,,,,,,,,0.047,,,,,,0.05,,Only public sector data,EN,2014-03-04T22:00:00.000Z
DEVICES22,Total density per million population: Radiotherapy units,text,AFR,Africa,Country,UGA,Uganda,Year,2013,false,,,,,,,,,,,,,0.053,,,,,,0.05,,,EN,2014-03-04T22:00:00.000Z
DEVICES22,Total density per million population: Radiotherapy units,text,SEAR,South-East Asia,Country,MMR,Myanmar,Year,2013,false,,,,,,,,,,,,,0.056,,,,,,0.06,,Only public sector data,EN,2014-03-04T22:00:00.000Z
DEVICES22,Total density per million population: Radiotherapy units,text,AFR,Africa,Country,TZA,United Republic of Tanzania,Year,2013,false,,,,,,,,,,,,,0.061,,,,,,0.06,,Only public sector data,EN,2014-03-04T22:00:00.000Z
DEVICES22,Total density per million population: Radiotherapy units,text,WPR,Western Pacific,Country,KHM,Cambodia,Year,2013,false,,,,,,,,,,,,,0.066,,,,,,0.07,,,EN,2014-03-04T22:00:00.000Z
DEVICES22,Total density per million population: Radiotherapy units,text,AFR,Africa,Country,MLI,Mali,Year,2013,false,,,,,,,,,,,,,0.065,,,,,,0.07,,,EN,2014-03-04T22:00:00.000Z
DEVICES22,Total density per million population: Radiotherapy units,text,AFR,Africa,Country,NGA,Nigeria,Year,2013,false,,,,,,,,,,,,,0.075,,,,,,0.07,,"Data from <a href=""http://www-naweb.iaea.org/nahu/dirac/query3.asp"" target=""_blank"">DIRA IAEA radiotherapy database</a>, accessed on February 2014",EN,2014-03-04T22:00:00.000Z
DEVICES22,Total density per million population: Radiotherapy units,text,AFR,Africa,Country,SEN,Senegal,Year,2013,false,,,,,,,,,,,,,0.071,,,,,,0.07,,Only public sector data,EN,2014-03-04T22:00:00.000Z
DEVICES22,Total density per million population: Radiotherapy units,text,AFR,Africa,Country,GHA,Ghana,Year,2013,false,,,,,,,,,,,,,0.077,,,,,,0.08,,Only public sector data,EN,2014-03-04T22:00:00.000Z
DEVICES22,Total density per million population: Radiotherapy units,text,EMR,Eastern Mediterranean,Country,PAK,Pakistan,Year,2013,false,,,,,,,,,,,,,0.082,,,,,,0.08,,,EN,2014-03-04T22:00:00.000Z
DEVICES22,Total density per million population: Radiotherapy units,text,EMR,Eastern Mediterranean,Country,SAU,Saudi Arabia,Year,2013,false,,,,,,,,,,,,,0.1,,,,,,0.1,,Only public sector data,EN,2014-03-04T22:00:00.000Z
DEVICES22,Total density per million population: Radiotherapy units,text,SEAR,South-East Asia,Country,BGD,Bangladesh,Year,2013,false,,,,,,,,,,,,,0.12,,,,,,0.12,,"Data from <a href=""http://www-naweb.iaea.org/nahu/dirac/query3.asp"" target=""_blank"">DIRA IAEA radiotherapy database</a>, accessed on February 2014",EN,2014-03-04T22:00:00.000Z
DEVICES22,Total density per million population: Radiotherapy units,text,EUR,Europe,Country,TJK,Tajikistan,Year,2013,false,,,,,,,,,,,,,0.12,,,,,,0.12,,Only public sector data,EN,2014-03-04T22:00:00.000Z
DEVICES22,Total density per million population: Radiotherapy units,text,EMR,Eastern Mediterranean,Country,YEM,Yemen,Year,2013,false,,,,,,,,,,,,,0.12,,,,,,0.12,,,EN,2014-03-04T22:00:00.000Z
DEVICES22,Total density per million population: Radiotherapy units,text,AFR,Africa,Country,CMR,Cameroon,Year,2013,false,,,,,,,,,,,,,0.13,,,,,,0.13,,,EN,2014-03-04T22:00:00.000Z
DEVICES22,Total density per million population: Radiotherapy units,text,AMR,Americas,Country,ECU,Ecuador,Year,2013,false,,,,,,,,,,,,,0.13,,,,,,0.13,,Only public sector data,EN,2014-03-04T22:00:00.000Z
DEVICES22,Total density per million population: Radiotherapy units,text,WPR,Western Pacific,Country,PNG,Papua New Guinea,Year,2013,true,,,,,,,,,,,,,0.14,,,,,,0.14,,,EN,2014-03-04T22:00:00.000Z
DEVICES22,Total density per million population: Radiotherapy units,text,AFR,Africa,Country,ZMB,Zambia,Year,2013,false,,,,,,,,,,,,,0.14,,,,,,0.14,,,EN,2014-03-04T22:00:00.000Z
DEVICES22,Total density per million population: Radiotherapy units,text,WPR,Western Pacific,Country,IDN,Indonesia,Year,2013,false,,,,,,,,,,,,,0.15,,,,,,0.15,,"Data from <a href=""http://www-naweb.iaea.org/nahu/dirac/query3.asp"" target=""_blank"">DIRA IAEA radiotherapy database</a>, accessed on February 2014",EN,2014-03-04T22:00:00.000Z
DEVICES22,Total density per million population: Radiotherapy units,text,SEAR,South-East Asia,Country,PRK,Democratic People's Republic of Korea,Year,2013,true,,,,,,,,,,,,,0.16,,,,,,0.16,,"Data from <a href=""http://www-naweb.iaea.org/nahu/dirac/query3.asp"" target=""_blank"">DIRA IAEA radiotherapy database</a>, accessed on February 2014",EN,2014-03-04T22:00:00.000Z
DEVICES22,Total density per million population: Radiotherapy units,text,EMR,Eastern Mediterranean,Country,IRQ,Iraq,Year,2013,false,,,,,,,,,,,,,0.18,,,,,,0.18,,Only public sector data,EN,2014-03-04T22:00:00.000Z
DEVICES22,Total density per million population: Radiotherapy units,text,WPR,Western Pacific,Country,PHL,Philippines,Year,2013,false,,,,,,,,,,,,,0.18,,,,,,0.18,,,EN,2014-03-04T22:00:00.000Z
DEVICES22,Total density per million population: Radiotherapy units,text,EMR,Eastern Mediterranean,Country,SDN,Sudan,Year,2013,false,,,,,,,,,,,,,0.18,,,,,,0.18,,,EN,2014-03-04T22:00:00.000Z
DEVICES22,Total density per million population: Radiotherapy units,text,SEAR,South-East Asia,Country,NPL,Nepal,Year,2013,false,,,,,,,,,,,,,0.22,,,,,,0.22,,"Data from <a href=""http://www-naweb.iaea.org/nahu/dirac/query3.asp"" target=""_blank"">DIRA IAEA radiotherapy database</a>, accessed on February 2014",EN,2014-03-04T22:00:00.000Z
DEVICES22,Total density per million population: Radiotherapy units,text,AFR,Africa,Country,MRT,Mauritania,Year,2013,false,,,,,,,,,,,,,0.26,,,,,,0.26,,"Data from <a href=""http://www-naweb.iaea.org/nahu/dirac/query3.asp"" target=""_blank"">DIRA IAEA radiotherapy database</a>, accessed on February 2014",EN,2014-03-04T22:00:00.000Z
DEVICES22,Total density per million population: Radiotherapy units,text,EUR,Europe,Country,ALB,Albania,Year,2013,false,,,,,,,,,,,,,0.32,,,,,,0.32,,,EN,2014-03-04T22:00:00.000Z
DEVICES22,Total density per million population: Radiotherapy units,text,EMR,Eastern Mediterranean,Country,SYR,Syrian Arab Republic,Year,2013,false,,,,,,,,,,,,,0.32,,,,,,0.32,,"Data from <a href=""http://www-naweb.iaea.org/nahu/dirac/query3.asp"" target=""_blank"">DIRA IAEA radiotherapy database</a>, accessed on February 2014",EN,2014-03-04T22:00:00.000Z
DEVICES22,Total density per million population: Radiotherapy units,text,AMR,Americas,Country,NIC,Nicaragua,Year,2013,false,,,,,,,,,,,,,0.33,,,,,,0.33,,Only public sector data,EN,2014-03-04T22:00:00.000Z
DEVICES22,Total density per million population: Radiotherapy units,text,EMR,Eastern Mediterranean,Country,MAR,Morocco,Year,2013,false,,,,,,,,,,,,,0.39,,,,,,0.39,,Only public sector data,EN,2014-03-04T22:00:00.000Z
DEVICES22,Total density per million population: Radiotherapy units,text,WPR,Western Pacific,Country,VNM,Viet Nam,Year,2013,false,,,,,,,,,,,,,0.4,,,,,,0.4,,"Data from <a href=""http://www-naweb.iaea.org/nahu/dirac/query3.asp"" target=""_blank"">DIRA IAEA radiotherapy database</a>, accessed on February 2014",EN,2014-03-04T22:00:00.000Z
DEVICES22,Total density per million population: Radiotherapy units,text,SEAR,South-East Asia,Country,IND,India,Year,2013,false,,,,,,,,,,,,,0.41,,,,,,0.41,,"Data from <a href=""http://www-naweb.iaea.org/nahu/dirac/query3.asp"" target=""_blank"">DIRA IAEA radiotherapy database</a>, accessed on February 2014",EN,2014-03-04T22:00:00.000Z
DEVICES22,Total density per million population: Radiotherapy units,text,AFR,Africa,Country,ZWE,Zimbabwe,Year,2013,false,,,,,,,,,,,,,0.42,,,,,,0.42,,,EN,2014-03-04T22:00:00.000Z
DEVICES22,Total density per million population: Radiotherapy units,text,AFR,Africa,Country,NAM,Namibia,Year,2013,false,,,,,,,,,,,,,0.43,,,,,,0.43,,,EN,2014-03-04T22:00:00.000Z
DEVICES22,Total density per million population: Radiotherapy units,text,EUR,Europe,Country,KGZ,Kyrgyzstan,Year,2013,false,,,,,,,,,,,,,0.54,,,,,,0.54,,"Data from <a href=""http://www-naweb.iaea.org/nahu/dirac/query3.asp"" target=""_blank"">DIRA IAEA radiotherapy database</a>, accessed on February 2014",EN,2014-03-04T22:00:00.000Z
DEVICES22,Total density per million population: Radiotherapy units,text,AMR,Americas,Country,MEX,Mexico,Year,2013,false,,,,,,,,,,,,,0.54,,,,,,0.54,,,EN,2014-03-04T22:00:00.000Z
DEVICES22,Total density per million population: Radiotherapy units,text,EMR,Eastern Mediterranean,Country,OMN,Oman,Year,2013,false,,,,,,,,,,,,,0.55,,,,,,0.55,,,EN,2014-03-04T22:00:00.000Z
DEVICES22,Total density per million population: Radiotherapy units,text,AMR,Americas,Country,BOL,Bolivia (Plurinational State of),Year,2013,false,,,,,,,,,,,,,0.56,,,,,,0.56,,"Data from <a href=""http://www-naweb.iaea.org/nahu/dirac/query3.asp"" target=""_blank"">DIRA IAEA radiotherapy database</a>, accessed on February 2014",EN,2014-03-04T22:00:00.000Z
DEVICES22,Total density per million population: Radiotherapy units,text,SEAR,South-East Asia,Country,LKA,Sri Lanka,Year,2013,false,,,,,,,,,,,,,0.56,,,,,,0.56,,Both public sector data and private sector data,EN,2015-03-30T21:00:00.000Z
DEVICES22,Total density per million population: Radiotherapy units,text,EUR,Europe,Country,MDA,Republic of Moldova,Year,2013,false,,,,,,,,,,,,,0.57,,,,,,0.57,,,EN,2014-03-04T22:00:00.000Z
DEVICES22,Total density per million population: Radiotherapy units,text,AFR,Africa,Country,ZAF,South Africa,Year,2013,false,,,,,,,,,,,,,0.57,,,,,,0.57,,Only public sector data,EN,2014-03-04T22:00:00.000Z
DEVICES22,Total density per million population: Radiotherapy units,text,AMR,Americas,Country,PRY,Paraguay,Year,2013,false,,,,,,,,,,,,,0.59,,,,,,0.59,,,EN,2014-03-04T22:00:00.000Z
DEVICES22,Total density per million population: Radiotherapy units,text,AFR,Africa,Country,GAB,Gabon,Year,2013,false,,,,,,,,,,,,,0.6,,,,,,0.6,,,EN,2014-03-04T22:00:00.000Z
DEVICES22,Total density per million population: Radiotherapy units,text,EUR,Europe,Country,UZB,Uzbekistan,Year,2013,false,,,,,,,,,,,,,0.62,,,,,,0.62,,"Data from <a href=""http://www-naweb.iaea.org/nahu/dirac/query3.asp"" target=""_blank"">DIRA IAEA radiotherapy database</a>, accessed on February 2014",EN,2014-03-04T22:00:00.000Z
DEVICES22,Total density per million population: Radiotherapy units,text,EMR,Eastern Mediterranean,Country,ARE,United Arab Emirates,Year,2013,false,,,,,,,,,,,,,0.64,,,,,,0.64,,"Data from <a href=""http://www-naweb.iaea.org/nahu/dirac/query3.asp"" target=""_blank"">DIRA IAEA radiotherapy database</a>, accessed on February 2014",EN,2014-03-04T22:00:00.000Z
DEVICES22,Total density per million population: Radiotherapy units,text,AMR,Americas,Country,GTM,Guatemala,Year,2013,false,,,,,,,,,,,,,0.65,,,,,,0.65,,"Data from <a href=""http://www-naweb.iaea.org/nahu/dirac/query3.asp"" target=""_blank"">DIRA IAEA radiotherapy database</a>, accessed on February 2014",EN,2014-03-04T22:00:00.000Z
DEVICES22,Total density per million population: Radiotherapy units,text,WPR,Western Pacific,Country,MNG,Mongolia,Year,2013,false,,,,,,,,,,,,,0.7,,,,,,0.7,,Only public sector data,EN,2014-03-04T22:00:00.000Z
DEVICES22,Total density per million population: Radiotherapy units,text,AMR,Americas,Country,HND,Honduras,Year,2013,false,,,,,,,,,,,,,0.74,,,,,,0.74,,,EN,2014-03-04T22:00:00.000Z
DEVICES22,Total density per million population: Radiotherapy units,text,EMR,Eastern Mediterranean,Country,EGY,Egypt,Year,2013,false,,,,,,,,,,,,,0.79,,,,,,0.79,,"Data from <a href=""http://www-naweb.iaea.org/nahu/dirac/query3.asp"" target=""_blank"">DIRA IAEA radiotherapy database</a>, accessed on February 2014",EN,2014-03-04T22:00:00.000Z
DEVICES22,Total density per million population: Radiotherapy units,text,EMR,Eastern Mediterranean,Country,JOR,Jordan,Year,2013,false,,,,,,,,,,,,,0.82,,,,,,0.82,,,EN,2014-03-04T22:00:00.000Z
DEVICES22,Total density per million population: Radiotherapy units,text,EMR,Eastern Mediterranean,Country,IRN,Iran (Islamic Republic of),Year,2013,false,,,,,,,,,,,,,0.85,,,,,,0.85,,"Data from <a href=""http://www-naweb.iaea.org/nahu/dirac/query3.asp"" target=""_blank"">DIRA IAEA radiotherapy database</a>, accessed on February 2014",EN,2014-03-04T22:00:00.000Z
DEVICES22,Total density per million population: Radiotherapy units,text,AMR,Americas,Country,CHL,Chile,Year,2013,false,,,,,,,,,,,,,0.91,,,,,,0.91,,Only public sector data,EN,2014-03-04T22:00:00.000Z
DEVICES22,Total density per million population: Radiotherapy units,text,EMR,Eastern Mediterranean,Country,QAT,Qatar,Year,2013,false,,,,,,,,,,,,,0.92,,,,,,0.92,,,EN,2014-03-04T22:00:00.000Z
DEVICES22,Total density per million population: Radiotherapy units,text,EMR,Eastern Mediterranean,Country,LBY,Libya,Year,2013,false,,,,,,,,,,,,,0.97,,,,,,0.97,,,EN,2014-03-04T22:00:00.000Z
DEVICES22,Total density per million population: Radiotherapy units,text,SEAR,South-East Asia,Country,THA,Thailand,Year,2013,false,,,,,,,,,,,,,0.97,,,,,,0.97,,,EN,2014-03-04T22:00:00.000Z
DEVICES22,Total density per million population: Radiotherapy units,text,AMR,Americas,Country,JAM,Jamaica,Year,2013,false,,,,,,,,,,,,,1.08,,,,,,1.08,,,EN,2014-03-04T22:00:00.000Z
DEVICES22,Total density per million population: Radiotherapy units,text,WPR,Western Pacific,Country,CHN,China,Year,2013,false,,,,,,,,,,,,,1.1,,,,,,1.1,,"Data from <a href=""http://www-naweb.iaea.org/nahu/dirac/query3.asp"" target=""_blank"">DIRA IAEA radiotherapy database</a>, accessed on February 2014",EN,2014-03-04T22:00:00.000Z
DEVICES22,Total density per million population: Radiotherapy units,text,AMR,Americas,Country,SLV,El Salvador,Year,2013,false,,,,,,,,,,,,,1.1,,,,,,1.1,,,EN,2014-03-04T22:00:00.000Z
DEVICES22,Total density per million population: Radiotherapy units,text,AMR,Americas,Country,PER,Peru,Year,2013,false,,,,,,,,,,,,,1.12,,,,,,1.12,,"Data from <a href=""http://www-naweb.iaea.org/nahu/dirac/query3.asp"" target=""_blank"">DIRA IAEA radiotherapy database</a>, accessed on February 2014",EN,2014-03-04T22:00:00.000Z
DEVICES22,Total density per million population: Radiotherapy units,text,AMR,Americas,Country,CUB,Cuba,Year,2013,false,,,,,,,,,,,,,1.15,,,,,,1.15,,,EN,2014-03-04T22:00:00.000Z
DEVICES22,Total density per million population: Radiotherapy units,text,EUR,Europe,Country,ROU,Romania,Year,2013,false,,,,,,,,,,,,,1.15,,,,,,1.15,,,EN,2014-03-04T22:00:00.000Z
DEVICES22,Total density per million population: Radiotherapy units,text,EMR,Eastern Mediterranean,Country,KWT,Kuwait,Year,2013,false,,,,,,,,,,,,,1.19,,,,,,1.19,,"Data from <a href=""http://www-naweb.iaea.org/nahu/dirac/query3.asp"" target=""_blank"">DIRA IAEA radiotherapy database</a>, accessed on February 2014",EN,2014-03-04T22:00:00.000Z
DEVICES22,Total density per million population: Radiotherapy units,text,AMR,Americas,Country,DOM,Dominican Republic,Year,2013,false,,,,,,,,,,,,,1.25,,,,,,1.25,,"Data from <a href=""http://www-naweb.iaea.org/nahu/dirac/query3.asp"" target=""_blank"">DIRA IAEA radiotherapy database</a>, accessed on February 2014",EN,2014-03-04T22:00:00.000Z
DEVICES22,Total density per million population: Radiotherapy units,text,AMR,Americas,Country,GUY,Guyana,Year,2013,false,,,,,,,,,,,,,1.25,,,,,,1.25,,Only private sector data,EN,2014-03-04T22:00:00.000Z
DEVICES22,Total density per million population: Radiotherapy units,text,EUR,Europe,Country,ARM,Armenia,Year,2013,false,,,,,,,,,,,,,1.34,,,,,,1.34,,,EN,2014-03-04T22:00:00.000Z
DEVICES22,Total density per million population: Radiotherapy units,text,EUR,Europe,Country,KAZ,Kazakhstan,Year,2013,false,,,,,,,,,,,,,1.34,,,,,,1.34,,Only public sector data,EN,2014-03-04T22:00:00.000Z
DEVICES22,Total density per million population: Radiotherapy units,text,EUR,Europe,Country,GEO,Georgia,Year,2013,false,,,,,,,,,,,,,1.38,,,,,,1.38,,,EN,2014-03-04T22:00:00.000Z
DEVICES22,Total density per million population: Radiotherapy units,text,WPR,Western Pacific,Country,MYS,Malaysia,Year,2013,false,,,,,,,,,,,,,1.41,,,,,,1.41,,,EN,2014-03-04T22:00:00.000Z
DEVICES22,Total density per million population: Radiotherapy units,text,AMR,Americas,Country,COL,Colombia,Year,2013,false,,,,,,,,,,,,,1.45,,,,,,1.45,,"Data from <a href=""http://www-naweb.iaea.org/nahu/dirac/query3.asp"" target=""_blank"">DIRA IAEA radiotherapy database</a>, accessed on February 2014",EN,2014-03-04T22:00:00.000Z
DEVICES22,Total density per million population: Radiotherapy units,text,EUR,Europe,Country,SRB,Serbia,Year,2013,false,,,,,,,,,,,,,1.47,,,,,,1.47,,,EN,2014-03-04T22:00:00.000Z
DEVICES22,Total density per million population: Radiotherapy units,text,AMR,Americas,Country,PAN,Panama,Year,2013,false,,,,,,,,,,,,,1.55,,,,,,1.55,,,EN,2014-03-04T22:00:00.000Z
DEVICES22,Total density per million population: Radiotherapy units,text,EUR,Europe,Country,AZE,Azerbaijan,Year,2013,false,,,,,,,,,,,,,1.59,,,,,,1.59,,Only public sector data,EN,2014-03-04T22:00:00.000Z
DEVICES22,Total density per million population: Radiotherapy units,text,EMR,Eastern Mediterranean,Country,TUN,Tunisia,Year,2013,false,,,,,,,,,,,,,1.64,,,,,,1.64,,,EN,2014-03-04T22:00:00.000Z
DEVICES22,Total density per million population: Radiotherapy units,text,AMR,Americas,Country,BRA,Brazil,Year,2013,false,,,,,,,,,,,,,1.74,,,,,,1.74,,"Data from <a href=""http://www-naweb.iaea.org/nahu/dirac/query3.asp"" target=""_blank"">DIRA IAEA radiotherapy database</a>, accessed on February 2014",EN,2014-03-04T22:00:00.000Z
DEVICES22,Total density per million population: Radiotherapy units,text,EUR,Europe,Country,HUN,Hungary,Year,2013,false,,,,,,,,,,,,,1.81,,,,,,1.81,,,EN,2014-03-04T22:00:00.000Z
DEVICES22,Total density per million population: Radiotherapy units,text,EMR,Eastern Mediterranean,Country,LBN,Lebanon,Year,2013,false,,,,,,,,,,,,,1.87,,,,,,1.87,,,EN,2014-03-04T22:00:00.000Z
DEVICES22,Total density per million population: Radiotherapy units,text,AMR,Americas,Country,USA,United States of America,Year,2013,false,,,,,,,,,,,,,12.37,,,,,,12.37,,"Data from <a href=""http://www-naweb.iaea.org/nahu/dirac/query3.asp"" target=""_blank"">DIRA IAEA radiotherapy database</a>, accessed on February 2014",EN,2014-03-04T22:00:00.000Z
DEVICES22,Total density per million population: Radiotherapy units,text,EUR,Europe,Country,TUR,Türkiye,Year,2013,false,,,,,,,,,,,,,2.03,,,,,,2.03,,,EN,2014-03-04T22:00:00.000Z
DEVICES22,Total density per million population: Radiotherapy units,text,EUR,Europe,Country,BGR,Bulgaria,Year,2013,false,,,,,,,,,,,,,2.08,,,,,,2.08,,"Data from <a href=""http://www-naweb.iaea.org/nahu/dirac/query3.asp"" target=""_blank"">DIRA IAEA radiotherapy database</a>, accessed on February 2014",EN,2014-03-04T22:00:00.000Z
DEVICES22,Total density per million population: Radiotherapy units,text,AMR,Americas,Country,CRI,Costa Rica,Year,2013,false,,,,,,,,,,,,,2.26,,,,,,2.26,,,EN,2014-03-04T22:00:00.000Z
DEVICES22,Total density per million population: Radiotherapy units,text,EUR,Europe,Country,RUS,Russian Federation,Year,2013,false,,,,,,,,,,,,,2.28,,,,,,2.28,,"Data from <a href=""http://www-naweb.iaea.org/nahu/dirac/query3.asp"" target=""_blank"">DIRA IAEA radiotherapy database</a>, accessed on February 2014",EN,2014-03-04T22:00:00.000Z
DEVICES22,Total density per million population: Radiotherapy units,text,EUR,Europe,Country,EST,Estonia,Year,2013,false,,,,,,,,,,,,,2.33,,,,,,2.33,,,EN,2014-03-04T22:00:00.000Z
DEVICES22,Total density per million population: Radiotherapy units,text,EUR,Europe,Country,UKR,Ukraine,Year,2013,false,,,,,,,,,,,,,2.39,,,,,,2.39,,"Data from <a href=""http://www-naweb.iaea.org/nahu/dirac/query3.asp"" target=""_blank"">DIRA IAEA radiotherapy database</a>, accessed on February 2014",EN,2014-03-04T22:00:00.000Z
DEVICES22,Total density per million population: Radiotherapy units,text,AFR,Africa,Country,MUS,Mauritius,Year,2013,false,,,,,,,,,,,,,2.41,,,,,,2.41,,,EN,2014-03-04T22:00:00.000Z
DEVICES22,Total density per million population: Radiotherapy units,text,AMR,Americas,Country,VEN,Venezuela (Bolivarian Republic of),Year,2013,false,,,,,,,,,,,,,2.5,,,,,,2.5,,"Data from <a href=""http://www-naweb.iaea.org/nahu/dirac/query3.asp"" target=""_blank"">DIRA IAEA radiotherapy database</a>, accessed on February 2014",EN,2014-03-04T22:00:00.000Z
DEVICES22,Total density per million population: Radiotherapy units,text,EUR,Europe,Country,CYP,Cyprus,Year,2013,false,,,,,,,,,,,,,2.63,,,,,,2.63,,,EN,2014-03-04T22:00:00.000Z
DEVICES22,Total density per million population: Radiotherapy units,text,AMR,Americas,Country,BHS,Bahamas,Year,2013,false,,,,,,,,,,,,,2.65,,,,,,2.65,,,EN,2014-03-04T22:00:00.000Z
DEVICES22,Total density per million population: Radiotherapy units,text,EUR,Europe,Country,POL,Poland,Year,2013,false,,,,,,,,,,,,,2.72,,,,,,2.72,,Only public sector data,EN,2014-03-04T22:00:00.000Z
DEVICES22,Total density per million population: Radiotherapy units,text,AMR,Americas,Country,ARG,Argentina,Year,2013,false,,,,,,,,,,,,,2.75,,,,,,2.75,,"Data from <a href=""http://www-naweb.iaea.org/nahu/dirac/query3.asp"" target=""_blank"">DIRA IAEA radiotherapy database</a>, accessed on February 2014",EN,2014-03-04T22:00:00.000Z
DEVICES22,Total density per million population: Radiotherapy units,text,EUR,Europe,Country,BIH,Bosnia and Herzegovina,Year,2013,false,,,,,,,,,,,,,2.87,,,,,,2.87,,,EN,2014-03-04T22:00:00.000Z
DEVICES22,Total density per million population: Radiotherapy units,text,AMR,Americas,Country,TTO,Trinidad and Tobago,Year,2013,false,,,,,,,,,,,,,2.98,,,,,,2.98,,,EN,2014-03-04T22:00:00.000Z
DEVICES22,Total density per million population: Radiotherapy units,text,EUR,Europe,Country,MCO,Monaco,Year,2013,false,,,,,,,,,,,,,26.43,,,,,,26.43,,,EN,2014-03-04T22:00:00.000Z
DEVICES22,Total density per million population: Radiotherapy units,text,WPR,Western Pacific,Country,KOR,Republic of Korea,Year,2013,false,,,,,,,,,,,,,3,,,,,,3,,Only private sector data,EN,2014-03-04T22:00:00.000Z
DEVICES22,Total density per million population: Radiotherapy units,text,EUR,Europe,Country,HRV,Croatia,Year,2013,false,,,,,,,,,,,,,3.03,,,,,,3.03,,,EN,2014-03-04T22:00:00.000Z
DEVICES22,Total density per million population: Radiotherapy units,text,EUR,Europe,Country,BLR,Belarus,Year,2013,false,,,,,,,,,,,,,3.1,,,,,,3.1,,Only public sector data,EN,2014-03-04T22:00:00.000Z
DEVICES22,Total density per million population: Radiotherapy units,text,EUR,Europe,Country,MNE,Montenegro,Year,2013,false,,,,,,,,,,,,,3.22,,,,,,3.22,,,EN,2014-03-04T22:00:00.000Z
DEVICES22,Total density per million population: Radiotherapy units,text,EUR,Europe,Country,ISR,Israel,Year,2013,false,,,,,,,,,,,,,3.36,,,,,,3.36,,,EN,2014-03-04T22:00:00.000Z
DEVICES22,Total density per million population: Radiotherapy units,text,AMR,Americas,Country,BRB,Barbados,Year,2013,false,,,,,,,,,,,,,3.51,,,,,,3.51,,Only public sector data,EN,2014-03-04T22:00:00.000Z
DEVICES22,Total density per million population: Radiotherapy units,text,WPR,Western Pacific,Country,SGP,Singapore,Year,2013,false,,,,,,,,,,,,,3.51,,,,,,3.51,,,EN,2014-03-04T22:00:00.000Z
DEVICES22,Total density per million population: Radiotherapy units,text,EUR,Europe,Country,LTU,Lithuania,Year,2013,false,,,,,,,,,,,,,3.65,,,,,,3.65,,,EN,2014-03-04T22:00:00.000Z
DEVICES22,Total density per million population: Radiotherapy units,text,AMR,Americas,Country,SUR,Suriname,Year,2013,false,,,,,,,,,,,,,3.71,,,,,,3.71,,,EN,2014-03-04T22:00:00.000Z
DEVICES22,Total density per million population: Radiotherapy units,text,EUR,Europe,Country,LUX,Luxembourg,Year,2013,false,,,,,,,,,,,,,3.77,,,,,,3.77,,,EN,2014-03-04T22:00:00.000Z
DEVICES22,Total density per million population: Radiotherapy units,text,AMR,Americas,Country,URY,Uruguay,Year,2013,false,,,,,,,,,,,,,3.82,,,,,,3.82,,,EN,2014-03-04T22:00:00.000Z
DEVICES22,Total density per million population: Radiotherapy units,text,EUR,Europe,Country,IRL,Ireland,Year,2013,false,,,,,,,,,,,,,3.89,,,,,,3.89,,Only public sector data,EN,2014-03-04T22:00:00.000Z
DEVICES22,Total density per million population: Radiotherapy units,text,WPR,Western Pacific,Country,AUS,Australia,Year,2013,false,,,,,,,,,,,,,4.03,,,,,,4.03,,Only public sector data,EN,2014-03-04T22:00:00.000Z
DEVICES22,Total density per million population: Radiotherapy units,text,EUR,Europe,Country,PRT,Portugal,Year,2013,false,,,,,,,,,,,,,4.05,,,,,,4.05,,,EN,2014-03-04T22:00:00.000Z
DEVICES22,Total density per million population: Radiotherapy units,text,EUR,Europe,Country,ESP,Spain,Year,2013,false,,,,,,,,,,,,,4.16,,,,,,4.16,,,EN,2014-03-04T22:00:00.000Z
DEVICES22,Total density per million population: Radiotherapy units,text,EUR,Europe,Country,GRC,Greece,Year,2013,false,,,,,,,,,,,,,4.31,,,,,,4.31,,,EN,2014-03-04T22:00:00.000Z
DEVICES22,Total density per million population: Radiotherapy units,text,EUR,Europe,Country,MLT,Malta,Year,2013,false,,,,,,,,,,,,,4.66,,,,,,4.66,,,EN,2014-03-04T22:00:00.000Z
DEVICES22,Total density per million population: Radiotherapy units,text,EUR,Europe,Country,SVK,Slovakia,Year,2013,false,,,,,,,,,,,,,4.77,,,,,,4.77,,"Data from <a href=""http://www-naweb.iaea.org/nahu/dirac/query3.asp"" target=""_blank"">DIRA IAEA radiotherapy database</a>, accessed on February 2014",EN,2014-03-04T22:00:00.000Z
DEVICES22,Total density per million population: Radiotherapy units,text,EUR,Europe,Country,CZE,Czechia,Year,2013,false,,,,,,,,,,,,,4.86,,,,,,4.86,,,EN,2014-03-04T22:00:00.000Z
DEVICES22,Total density per million population: Radiotherapy units,text,EUR,Europe,Country,GBR,United Kingdom of Great Britain and Northern Ireland,Year,2013,false,,,,,,,,,,,,,5.04,,,,,,5.04,,"Data from <a href=""http://www-naweb.iaea.org/nahu/dirac/query3.asp"" target=""_blank"">DIRA IAEA radiotherapy database</a>, accessed on February 2014",EN,2014-03-04T22:00:00.000Z
DEVICES22,Total density per million population: Radiotherapy units,text,EUR,Europe,Country,LVA,Latvia,Year,2013,false,,,,,,,,,,,,,5.37,,,,,,5.37,,"Data from <a href=""http://www-naweb.iaea.org/nahu/dirac/query3.asp"" target=""_blank"">DIRA IAEA radiotherapy database</a>, accessed on February 2014",EN,2014-03-04T22:00:00.000Z
DEVICES22,Total density per million population: Radiotherapy units,text,EUR,Europe,Country,AUT,Austria,Year,2013,false,,,,,,,,,,,,,5.41,,,,,,5.41,,Only public sector data,EN,2014-03-04T22:00:00.000Z
DEVICES22,Total density per million population: Radiotherapy units,text,EUR,Europe,Country,SVN,Slovenia,Year,2013,false,,,,,,,,,,,,,5.79,,,,,,5.79,,Only public sector data,EN,2014-03-04T22:00:00.000Z
DEVICES22,Total density per million population: Radiotherapy units,text,EUR,Europe,Country,ISL,Iceland,Year,2013,false,,,,,,,,,,,,,6.07,,,,,,6.07,,,EN,2014-03-04T22:00:00.000Z
DEVICES22,Total density per million population: Radiotherapy units,text,WPR,Western Pacific,Country,NZL,New Zealand,Year,2013,false,,,,,,,,,,,,,6.21,,,,,,6.21,,"Data from <a href=""http://www-naweb.iaea.org/nahu/dirac/query3.asp"" target=""_blank"">DIRA IAEA radiotherapy database</a>, accessed on February 2014",EN,2014-03-04T22:00:00.000Z
DEVICES22,Total density per million population: Radiotherapy units,text,EUR,Europe,Country,ITA,Italy,Year,2013,false,,,,,,,,,,,,,6.41,,,,,,6.41,,"Data from <a href=""http://www-naweb.iaea.org/nahu/dirac/query3.asp"" target=""_blank"">DIRA IAEA radiotherapy database</a>, accessed on February 2014",EN,2014-03-04T22:00:00.000Z
DEVICES22,Total density per million population: Radiotherapy units,text,EUR,Europe,Country,DEU,Germany,Year,2013,false,,,,,,,,,,,,,6.44,,,,,,6.44,,"Data from <a href=""http://www-naweb.iaea.org/nahu/dirac/query3.asp"" target=""_blank"">DIRA IAEA radiotherapy database</a>, accessed on February 2014",EN,2014-03-04T22:00:00.000Z
DEVICES22,Total density per million population: Radiotherapy units,text,WPR,Western Pacific,Country,JPN,Japan,Year,2013,false,,,,,,,,,,,,,7.17,,,,,,7.17,,"Data from <a href=""http://www-naweb.iaea.org/nahu/dirac/query3.asp"" target=""_blank"">DIRA IAEA radiotherapy database</a>, accessed on February 2014",EN,2014-03-04T22:00:00.000Z
DEVICES22,Total density per million population: Radiotherapy units,text,EUR,Europe,Country,NLD,Netherlands (Kingdom of the),Year,2013,false,,,,,,,,,,,,,7.22,,,,,,7.22,,,EN,2014-03-04T22:00:00.000Z
DEVICES22,Total density per million population: Radiotherapy units,text,EUR,Europe,Country,FIN,Finland,Year,2013,false,,,,,,,,,,,,,7.37,,,,,,7.37,,Only public sector data,EN,2014-03-04T22:00:00.000Z
DEVICES22,Total density per million population: Radiotherapy units,text,EUR,Europe,Country,FRA,France,Year,2013,false,,,,,,,,,,,,,7.51,,,,,,7.51,,"Data from <a href=""http://www-naweb.iaea.org/nahu/dirac/query3.asp"" target=""_blank"">DIRA IAEA radiotherapy database</a>, accessed on February 2014",EN,2014-03-04T22:00:00.000Z
DEVICES22,Total density per million population: Radiotherapy units,text,AMR,Americas,Country,CAN,Canada,Year,2013,false,,,,,,,,,,,,,8.07,,,,,,8.07,,"Data from <a href=""http://www-naweb.iaea.org/nahu/dirac/query3.asp"" target=""_blank"">DIRA IAEA radiotherapy database</a>, accessed on February 2014",EN,2014-03-04T22:00:00.000Z
DEVICES22,Total density per million population: Radiotherapy units,text,EUR,Europe,Country,NOR,Norway,Year,2013,false,,,,,,,,,,,,,8.13,,,,,,8.13,,"Data from <a href=""http://www-naweb.iaea.org/nahu/dirac/query3.asp"" target=""_blank"">DIRA IAEA radiotherapy database</a>, accessed on February 2014",EN,2014-03-04T22:00:00.000Z
DEVICES22,Total density per million population: Radiotherapy units,text,EUR,Europe,Country,BEL,Belgium,Year,2013,false,,,,,,,,,,,,,8.28,,,,,,8.28,,"Data from <a href=""http://www-naweb.iaea.org/nahu/dirac/query3.asp"" target=""_blank"">DIRA IAEA radiotherapy database</a>, accessed on February 2014",EN,2014-03-04T22:00:00.000Z
DEVICES22,Total density per million population: Radiotherapy units,text,EUR,Europe,Country,DNK,Denmark,Year,2013,false,,,,,,,,,,,,,9.61,,,,,,9.61,,,EN,2014-03-04T22:00:00.000Z
DEVICES23,Total density per million females aged from 50 to 69 years old: Mammography units,numeric,SEAR,South-East Asia,Country,LKA,Sri Lanka,Year,2013,true,,,,,,,,,,,,,2.81,,,,,,2.81,,Only public sector data,EN,2015-03-30T21:00:00.000Z
DEVICES23,Total density per million females aged from 50 to 69 years old: Mammography units,numeric,EUR,Europe,Country,MKD,North Macedonia,Year,2013,false,,,,,,,,,,,,,79.81,,,,,,79.81,,Only public sector data,EN,2015-03-30T21:00:00.000Z
DEVICES08,Total density per million population: Magnetic Resonance Imaging,text,AMR,Americas,Country,BRB,Barbados,Year,2010,false,,,,,,,,,,,,,0,,,,,,0.00,,Only public sector data,EN,2013-06-10T21:00:00.000Z
DEVICES08,Total density per million population: Magnetic Resonance Imaging,text,AFR,Africa,Country,BEN,Benin,Year,2010,false,,,,,,,,,,,,,0,,,,,,0.00,,,EN,2013-06-10T21:00:00.000Z
DEVICES08,Total density per million population: Magnetic Resonance Imaging,text,AFR,Africa,Country,BFA,Burkina Faso,Year,2010,false,,,,,,,,,,,,,0,,,,,,0.00,,,EN,2013-06-10T21:00:00.000Z
DEVICES08,Total density per million population: Magnetic Resonance Imaging,text,AFR,Africa,Country,BDI,Burundi,Year,2010,false,,,,,,,,,,,,,0,,,,,,0.00,,,EN,2013-06-10T21:00:00.000Z
DEVICES08,Total density per million population: Magnetic Resonance Imaging,text,AFR,Africa,Country,CAF,Central African Republic,Year,2010,false,,,,,,,,,,,,,0,,,,,,0.00,,,EN,2013-06-10T21:00:00.000Z
DEVICES08,Total density per million population: Magnetic Resonance Imaging,text,AFR,Africa,Country,COM,Comoros,Year,2010,false,,,,,,,,,,,,,0,,,,,,0.00,,,EN,2013-06-10T21:00:00.000Z
DEVICES08,Total density per million population: Magnetic Resonance Imaging,text,AFR,Africa,Country,COD,Democratic Republic of the Congo,Year,2010,false,,,,,,,,,,,,,0,,,,,,0.00,,,EN,2013-06-10T21:00:00.000Z
DEVICES08,Total density per million population: Magnetic Resonance Imaging,text,AMR,Americas,Country,DMA,Dominica,Year,2010,false,,,,,,,,,,,,,0,,,,,,0.00,,,EN,2013-06-10T21:00:00.000Z
DEVICES08,Total density per million population: Magnetic Resonance Imaging,text,AFR,Africa,Country,SWZ,Eswatini,Year,2010,false,,,,,,,,,,,,,0,,,,,,0.00,,,EN,2013-06-10T21:00:00.000Z
DEVICES08,Total density per million population: Magnetic Resonance Imaging,text,EUR,Europe,Country,GEO,Georgia,Year,2010,false,,,,,,,,,,,,,0,,,,,,0.00,,Only public sector data,EN,2013-06-10T21:00:00.000Z
DEVICES08,Total density per million population: Magnetic Resonance Imaging,text,AFR,Africa,Country,GIN,Guinea,Year,2010,false,,,,,,,,,,,,,0,,,,,,0.00,,Only public sector data,EN,2013-06-10T21:00:00.000Z
DEVICES08,Total density per million population: Magnetic Resonance Imaging,text,AFR,Africa,Country,GNB,Guinea-Bissau,Year,2010,false,,,,,,,,,,,,,0,,,,,,0.00,,,EN,2013-06-10T21:00:00.000Z
DEVICES08,Total density per million population: Magnetic Resonance Imaging,text,WPR,Western Pacific,Country,KIR,Kiribati,Year,2010,false,,,,,,,,,,,,,0,,,,,,0.00,,,EN,2013-06-10T21:00:00.000Z
DEVICES08,Total density per million population: Magnetic Resonance Imaging,text,WPR,Western Pacific,Country,LAO,Lao People's Democratic Republic,Year,2010,false,,,,,,,,,,,,,0,,,,,,0.00,,,EN,2013-06-10T21:00:00.000Z
DEVICES08,Total density per million population: Magnetic Resonance Imaging,text,AFR,Africa,Country,MDG,Madagascar,Year,2010,false,,,,,,,,,,,,,0,,,,,,0.00,,Only public sector data,EN,2013-06-10T21:00:00.000Z
DEVICES08,Total density per million population: Magnetic Resonance Imaging,text,AFR,Africa,Country,MLI,Mali,Year,2010,false,,,,,,,,,,,,,0,,,,,,0.00,,,EN,2013-06-10T21:00:00.000Z
DEVICES08,Total density per million population: Magnetic Resonance Imaging,text,WPR,Western Pacific,Country,MHL,Marshall Islands,Year,2010,false,,,,,,,,,,,,,0,,,,,,0.00,,,EN,2013-06-10T21:00:00.000Z
DEVICES08,Total density per million population: Magnetic Resonance Imaging,text,WPR,Western Pacific,Country,FSM,Micronesia (Federated States of),Year,2010,false,,,,,,,,,,,,,0,,,,,,0.00,,,EN,2013-06-10T21:00:00.000Z
DEVICES08,Total density per million population: Magnetic Resonance Imaging,text,AFR,Africa,Country,NER,Niger,Year,2010,false,,,,,,,,,,,,,0,,,,,,0.00,,,EN,2013-06-10T21:00:00.000Z
DEVICES08,Total density per million population: Magnetic Resonance Imaging,text,WPR,Western Pacific,Country,PNG,Papua New Guinea,Year,2010,false,,,,,,,,,,,,,0,,,,,,0.00,,,EN,2013-06-10T21:00:00.000Z
DEVICES08,Total density per million population: Magnetic Resonance Imaging,text,AMR,Americas,Country,KNA,Saint Kitts and Nevis,Year,2010,false,,,,,,,,,,,,,0,,,,,,0.00,,,EN,2013-06-10T21:00:00.000Z
DEVICES08,Total density per million population: Magnetic Resonance Imaging,text,AMR,Americas,Country,VCT,Saint Vincent and the Grenadines,Year,2010,false,,,,,,,,,,,,,0,,,,,,0.00,,,EN,2013-06-10T21:00:00.000Z
DEVICES08,Total density per million population: Magnetic Resonance Imaging,text,WPR,Western Pacific,Country,WSM,Samoa,Year,2010,false,,,,,,,,,,,,,0,,,,,,0.00,,,EN,2013-06-10T21:00:00.000Z
DEVICES08,Total density per million population: Magnetic Resonance Imaging,text,WPR,Western Pacific,Country,TON,Tonga,Year,2010,false,,,,,,,,,,,,,0,,,,,,0.00,,,EN,2013-06-10T21:00:00.000Z
DEVICES08,Total density per million population: Magnetic Resonance Imaging,text,WPR,Western Pacific,Country,VUT,Vanuatu,Year,2010,false,,,,,,,,,,,,,0,,,,,,0.00,,,EN,2013-06-10T21:00:00.000Z
DEVICES08,Total density per million population: Magnetic Resonance Imaging,text,AFR,Africa,Country,UGA,Uganda,Year,2010,false,,,,,,,,,,,,,0.03,,,,,,0.03,,,EN,2013-06-10T21:00:00.000Z
DEVICES08,Total density per million population: Magnetic Resonance Imaging,text,AFR,Africa,Country,ETH,Ethiopia,Year,2010,false,,,,,,,,,,,,,0.04,,,,,,0.04,,,EN,2013-06-10T21:00:00.000Z
DEVICES08,Total density per million population: Magnetic Resonance Imaging,text,AFR,Africa,Country,TZA,United Republic of Tanzania,Year,2010,false,,,,,,,,,,,,,0.04,,,,,,0.04,,,EN,2013-06-10T21:00:00.000Z
DEVICES08,Total density per million population: Magnetic Resonance Imaging,text,AFR,Africa,Country,AGO,Angola,Year,2010,false,,,,,,,,,,,,,0.05,,,,,,0.05,,Only public sector data,EN,2013-06-10T21:00:00.000Z
DEVICES08,Total density per million population: Magnetic Resonance Imaging,text,AFR,Africa,Country,CMR,Cameroon,Year,2010,false,,,,,,,,,,,,,0.05,,,,,,0.05,,,EN,2013-06-10T21:00:00.000Z
DEVICES08,Total density per million population: Magnetic Resonance Imaging,text,WPR,Western Pacific,Country,KHM,Cambodia,Year,2010,false,,,,,,,,,,,,,0.07,,,,,,0.07,,,EN,2013-06-10T21:00:00.000Z
DEVICES08,Total density per million population: Magnetic Resonance Imaging,text,AFR,Africa,Country,MWI,Malawi,Year,2010,false,,,,,,,,,,,,,0.07,,,,,,0.07,,,EN,2013-06-10T21:00:00.000Z
DEVICES08,Total density per million population: Magnetic Resonance Imaging,text,AFR,Africa,Country,GHA,Ghana,Year,2010,false,,,,,,,,,,,,,0.08,,,,,,0.08,,Only public sector data,EN,2013-06-10T21:00:00.000Z
DEVICES08,Total density per million population: Magnetic Resonance Imaging,text,SEAR,South-East Asia,Country,MMR,Myanmar,Year,2010,false,,,,,,,,,,,,,0.08,,,,,,0.08,,Only public sector data,EN,2013-06-10T21:00:00.000Z
DEVICES08,Total density per million population: Magnetic Resonance Imaging,text,AFR,Africa,Country,ZMB,Zambia,Year,2010,false,,,,,,,,,,,,,0.08,,,,,,0.08,,,EN,2013-06-10T21:00:00.000Z
DEVICES08,Total density per million population: Magnetic Resonance Imaging,text,EMR,Eastern Mediterranean,Country,AFG,Afghanistan,Year,2010,false,,,,,,,,,,,,,0.1,,,,,,0.10,,,EN,2013-06-10T21:00:00.000Z
DEVICES08,Total density per million population: Magnetic Resonance Imaging,text,AMR,Americas,Country,ECU,Ecuador,Year,2010,false,,,,,,,,,,,,,0.14,,,,,,0.14,,,EN,2013-06-10T21:00:00.000Z
DEVICES08,Total density per million population: Magnetic Resonance Imaging,text,AFR,Africa,Country,CIV,Cote d'Ivoire,Year,2010,false,,,,,,,,,,,,,0.15,,,,,,0.15,,,EN,2013-06-10T21:00:00.000Z
DEVICES08,Total density per million population: Magnetic Resonance Imaging,text,AFR,Africa,Country,SEN,Senegal,Year,2010,false,,,,,,,,,,,,,0.16,,,,,,0.16,,Only public sector data,EN,2013-06-10T21:00:00.000Z
DEVICES08,Total density per million population: Magnetic Resonance Imaging,text,AFR,Africa,Country,KEN,Kenya,Year,2010,false,,,,,,,,,,,,,0.17,,,,,,0.17,,,EN,2013-06-10T21:00:00.000Z
DEVICES08,Total density per million population: Magnetic Resonance Imaging,text,AMR,Americas,Country,NIC,Nicaragua,Year,2010,false,,,,,,,,,,,,,0.17,,,,,,0.17,,Only public sector data,EN,2013-06-10T21:00:00.000Z
DEVICES08,Total density per million population: Magnetic Resonance Imaging,text,AFR,Africa,Country,TGO,Togo,Year,2010,false,,,,,,,,,,,,,0.17,,,,,,0.17,,Only private sector data,EN,2013-06-10T21:00:00.000Z
DEVICES08,Total density per million population: Magnetic Resonance Imaging,text,AFR,Africa,Country,ERI,Eritrea,Year,2010,false,,,,,,,,,,,,,0.19,,,,,,0.19,,,EN,2013-06-10T21:00:00.000Z
DEVICES08,Total density per million population: Magnetic Resonance Imaging,text,EMR,Eastern Mediterranean,Country,PAK,Pakistan,Year,2010,false,,,,,,,,,,,,,0.23,,,,,,0.23,,,EN,2013-06-10T21:00:00.000Z
DEVICES08,Total density per million population: Magnetic Resonance Imaging,text,AFR,Africa,Country,ZAF,South Africa,Year,2010,false,,,,,,,,,,,,,0.24,,,,,,0.24,,Only public sector data,EN,2013-06-10T21:00:00.000Z
DEVICES08,Total density per million population: Magnetic Resonance Imaging,text,EUR,Europe,Country,MDA,Republic of Moldova,Year,2010,false,,,,,,,,,,,,,0.28,,,,,,0.28,,Only public sector data,EN,2013-06-10T21:00:00.000Z
DEVICES08,Total density per million population: Magnetic Resonance Imaging,text,EMR,Eastern Mediterranean,Country,SDN,Sudan,Year,2010,false,,,,,,,,,,,,,0.28,,,,,,0.28,,,EN,2013-06-10T21:00:00.000Z
DEVICES08,Total density per million population: Magnetic Resonance Imaging,text,AMR,Americas,Country,PRY,Paraguay,Year,2010,false,,,,,,,,,,,,,0.31,,,,,,0.31,,,EN,2013-06-10T21:00:00.000Z
DEVICES08,Total density per million population: Magnetic Resonance Imaging,text,WPR,Western Pacific,Country,PHL,Philippines,Year,2010,false,,,,,,,,,,,,,0.32,,,,,,0.32,,,EN,2013-06-10T21:00:00.000Z
DEVICES08,Total density per million population: Magnetic Resonance Imaging,text,AFR,Africa,Country,ZWE,Zimbabwe,Year,2010,false,,,,,,,,,,,,,0.32,,,,,,0.32,,,EN,2013-06-10T21:00:00.000Z
DEVICES08,Total density per million population: Magnetic Resonance Imaging,text,EMR,Eastern Mediterranean,Country,MAR,Morocco,Year,2010,false,,,,,,,,,,,,,0.38,,,,,,0.38,,Only public sector data,EN,2013-06-10T21:00:00.000Z
DEVICES08,Total density per million population: Magnetic Resonance Imaging,text,SEAR,South-East Asia,Country,LKA,Sri Lanka,Year,2010,false,,,,,,,,,,,,,0.43,,,,,,0.43,,,EN,2013-06-10T21:00:00.000Z
DEVICES08,Total density per million population: Magnetic Resonance Imaging,text,EUR,Europe,Country,TJK,Tajikistan,Year,2010,false,,,,,,,,,,,,,0.44,,,,,,0.44,,,EN,2013-06-10T21:00:00.000Z
DEVICES08,Total density per million population: Magnetic Resonance Imaging,text,AFR,Africa,Country,BWA,Botswana,Year,2010,false,,,,,,,,,,,,,0.5,,,,,,0.50,,,EN,2013-06-10T21:00:00.000Z
DEVICES08,Total density per million population: Magnetic Resonance Imaging,text,EUR,Europe,Country,AZE,Azerbaijan,Year,2010,false,,,,,,,,,,,,,0.54,,,,,,0.54,,Only public sector data,EN,2013-06-10T21:00:00.000Z
DEVICES08,Total density per million population: Magnetic Resonance Imaging,text,AFR,Africa,Country,GMB,Gambia,Year,2010,false,,,,,,,,,,,,,0.58,,,,,,0.58,,,EN,2013-06-10T21:00:00.000Z
DEVICES08,Total density per million population: Magnetic Resonance Imaging,text,AMR,Americas,Country,CRI,Costa Rica,Year,2010,false,,,,,,,,,,,,,0.64,,,,,,0.64,,,EN,2013-06-10T21:00:00.000Z
DEVICES08,Total density per million population: Magnetic Resonance Imaging,text,AMR,Americas,Country,SLV,El Salvador,Year,2010,false,,,,,,,,,,,,,0.65,,,,,,0.65,,,EN,2013-06-10T21:00:00.000Z
DEVICES08,Total density per million population: Magnetic Resonance Imaging,text,EMR,Eastern Mediterranean,Country,YEM,Yemen,Year,2010,false,,,,,,,,,,,,,0.67,,,,,,0.67,,,EN,2013-06-10T21:00:00.000Z
DEVICES08,Total density per million population: Magnetic Resonance Imaging,text,AMR,Americas,Country,CUB,Cuba,Year,2010,false,,,,,,,,,,,,,0.8,,,,,,0.80,,Only public sector data,EN,2013-06-10T21:00:00.000Z
DEVICES08,Total density per million population: Magnetic Resonance Imaging,text,AFR,Africa,Country,MRT,Mauritania,Year,2010,false,,,,,,,,,,,,,0.87,,,,,,0.87,,,EN,2013-06-10T21:00:00.000Z
DEVICES08,Total density per million population: Magnetic Resonance Imaging,text,AFR,Africa,Country,NAM,Namibia,Year,2010,false,,,,,,,,,,,,,0.88,,,,,,0.88,,,EN,2013-06-10T21:00:00.000Z
DEVICES08,Total density per million population: Magnetic Resonance Imaging,text,EUR,Europe,Country,KGZ,Kyrgyzstan,Year,2010,false,,,,,,,,,,,,,0.94,,,,,,0.94,,,EN,2013-06-10T21:00:00.000Z
DEVICES08,Total density per million population: Magnetic Resonance Imaging,text,EMR,Eastern Mediterranean,Country,SAU,Saudi Arabia,Year,2010,false,,,,,,,,,,,,,1.02,,,,,,1.02,,Only public sector data,EN,2013-06-10T21:00:00.000Z
DEVICES08,Total density per million population: Magnetic Resonance Imaging,text,EUR,Europe,Country,KAZ,Kazakhstan,Year,2010,false,,,,,,,,,,,,,1.12,,,,,,1.12,,,EN,2013-06-10T21:00:00.000Z
DEVICES08,Total density per million population: Magnetic Resonance Imaging,text,WPR,Western Pacific,Country,FJI,Fiji,Year,2010,false,,,,,,,,,,,,,1.16,,,,,,1.16,,,EN,2013-06-10T21:00:00.000Z
DEVICES08,Total density per million population: Magnetic Resonance Imaging,text,AMR,Americas,Country,HND,Honduras,Year,2010,false,,,,,,,,,,,,,1.18,,,,,,1.18,,,EN,2013-06-10T21:00:00.000Z
DEVICES08,Total density per million population: Magnetic Resonance Imaging,text,AFR,Africa,Country,GAB,Gabon,Year,2010,false,,,,,,,,,,,,,1.33,,,,,,1.33,,,EN,2013-06-10T21:00:00.000Z
DEVICES08,Total density per million population: Magnetic Resonance Imaging,text,AMR,Americas,Country,GUY,Guyana,Year,2010,false,,,,,,,,,,,,,1.33,,,,,,1.33,,Only private sector data,EN,2013-06-10T21:00:00.000Z
DEVICES08,Total density per million population: Magnetic Resonance Imaging,text,EUR,Europe,Country,ISR,Israel,Year,2010,false,,,,,,,,,,,,,1.35,,,,,,1.35,,,EN,2013-06-10T21:00:00.000Z
DEVICES08,Total density per million population: Magnetic Resonance Imaging,text,SEAR,South-East Asia,Country,BTN,Bhutan,Year,2010,false,,,,,,,,,,,,,1.38,,,,,,1.38,,,EN,2013-06-10T21:00:00.000Z
DEVICES08,Total density per million population: Magnetic Resonance Imaging,text,EUR,Europe,Country,HUN,Hungary,Year,2010,false,,,,,,,,,,,,,1.4,,,,,,1.40,,,EN,2013-06-10T21:00:00.000Z
DEVICES08,Total density per million population: Magnetic Resonance Imaging,text,WPR,Western Pacific,Country,MNG,Mongolia,Year,2010,false,,,,,,,,,,,,,1.45,,,,,,1.45,,,EN,2013-06-10T21:00:00.000Z
DEVICES08,Total density per million population: Magnetic Resonance Imaging,text,AMR,Americas,Country,JAM,Jamaica,Year,2010,false,,,,,,,,,,,,,1.46,,,,,,1.46,,,EN,2013-06-10T21:00:00.000Z
DEVICES08,Total density per million population: Magnetic Resonance Imaging,text,AMR,Americas,Country,MEX,Mexico,Year,2010,false,,,,,,,,,,,,,1.53,,,,,,1.53,,,EN,2013-06-10T21:00:00.000Z
DEVICES08,Total density per million population: Magnetic Resonance Imaging,text,EUR,Europe,Country,ALB,Albania,Year,2010,false,,,,,,,,,,,,,1.56,,,,,,1.56,,,EN,2013-06-10T21:00:00.000Z
DEVICES08,Total density per million population: Magnetic Resonance Imaging,text,EUR,Europe,Country,MNE,Montenegro,Year,2010,false,,,,,,,,,,,,,1.58,,,,,,1.58,,Only public sector data,EN,2013-06-10T21:00:00.000Z
DEVICES08,Total density per million population: Magnetic Resonance Imaging,text,EMR,Eastern Mediterranean,Country,IRQ,Iraq,Year,2010,false,,,,,,,,,,,,,1.74,,,,,,1.74,,Only public sector data,EN,2013-06-10T21:00:00.000Z
DEVICES08,Total density per million population: Magnetic Resonance Imaging,text,EUR,Europe,Country,FRA,France,Year,2010,false,,,,,,,,,,,,,10.37,,,,,,10.37,,,EN,2013-06-10T21:00:00.000Z
DEVICES08,Total density per million population: Magnetic Resonance Imaging,text,AMR,Americas,Country,ATG,Antigua and Barbuda,Year,2010,false,,,,,,,,,,,,,11.27,,,,,,11.27,,Only private sector data,EN,2013-06-10T21:00:00.000Z
DEVICES08,Total density per million population: Magnetic Resonance Imaging,text,EMR,Eastern Mediterranean,Country,QAT,Qatar,Year,2010,false,,,,,,,,,,,,,11.37,,,,,,11.37,,,EN,2013-06-10T21:00:00.000Z
DEVICES08,Total density per million population: Magnetic Resonance Imaging,text,AMR,Americas,Country,LCA,Saint Lucia,Year,2010,false,,,,,,,,,,,,,11.48,,,,,,11.48,,,EN,2013-06-10T21:00:00.000Z
DEVICES08,Total density per million population: Magnetic Resonance Imaging,text,AFR,Africa,Country,SYC,Seychelles,Year,2010,false,,,,,,,,,,,,,11.56,,,,,,11.56,,,EN,2013-06-10T21:00:00.000Z
DEVICES08,Total density per million population: Magnetic Resonance Imaging,text,EUR,Europe,Country,NLD,Netherlands (Kingdom of the),Year,2010,false,,,,,,,,,,,,,12.22,,,,,,12.22,,,EN,2013-06-10T21:00:00.000Z
DEVICES08,Total density per million population: Magnetic Resonance Imaging,text,EUR,Europe,Country,CYP,Cyprus,Year,2010,false,,,,,,,,,,,,,13.59,,,,,,13.59,,,EN,2013-06-10T21:00:00.000Z
DEVICES08,Total density per million population: Magnetic Resonance Imaging,text,EUR,Europe,Country,LUX,Luxembourg,Year,2010,false,,,,,,,,,,,,,13.79,,,,,,13.79,,,EN,2013-06-10T21:00:00.000Z
DEVICES08,Total density per million population: Magnetic Resonance Imaging,text,EUR,Europe,Country,DNK,Denmark,Year,2010,false,,,,,,,,,,,,,13.87,,,,,,13.87,,,EN,2013-06-10T21:00:00.000Z
DEVICES08,Total density per million population: Magnetic Resonance Imaging,text,EUR,Europe,Country,MCO,Monaco,Year,2010,false,,,,,,,,,,,,,141.2,,,,,,141.22,,,EN,2013-06-10T21:00:00.000Z
DEVICES08,Total density per million population: Magnetic Resonance Imaging,text,EUR,Europe,Country,FIN,Finland,Year,2010,false,,,,,,,,,,,,,16.03,,,,,,16.03,,Only public sector data,EN,2013-06-10T21:00:00.000Z
DEVICES08,Total density per million population: Magnetic Resonance Imaging,text,EUR,Europe,Country,AUT,Austria,Year,2010,false,,,,,,,,,,,,,16.8,,,,,,16.80,,Only public sector data,EN,2013-06-10T21:00:00.000Z
DEVICES08,Total density per million population: Magnetic Resonance Imaging,text,EUR,Europe,Country,ROU,Romania,Year,2010,false,,,,,,,,,,,,,2,,,,,,2.00,,,EN,2013-06-10T21:00:00.000Z
DEVICES08,Total density per million population: Magnetic Resonance Imaging,text,EUR,Europe,Country,IRL,Ireland,Year,2010,false,,,,,,,,,,,,,2.01,,,,,,2.01,,Only public sector data,EN,2013-06-10T21:00:00.000Z
DEVICES08,Total density per million population: Magnetic Resonance Imaging,text,AFR,Africa,Country,CPV,Cabo Verde,Year,2010,false,,,,,,,,,,,,,2.02,,,,,,2.02,,,EN,2013-06-10T21:00:00.000Z
DEVICES08,Total density per million population: Magnetic Resonance Imaging,text,EMR,Eastern Mediterranean,Country,TUN,Tunisia,Year,2010,false,,,,,,,,,,,,,2.1,,,,,,2.10,,,EN,2013-06-10T21:00:00.000Z
DEVICES08,Total density per million population: Magnetic Resonance Imaging,text,EUR,Europe,Country,ARM,Armenia,Year,2010,false,,,,,,,,,,,,,2.26,,,,,,2.26,,,EN,2013-06-10T21:00:00.000Z
DEVICES08,Total density per million population: Magnetic Resonance Imaging,text,EMR,Eastern Mediterranean,Country,JOR,Jordan,Year,2010,false,,,,,,,,,,,,,2.42,,,,,,2.42,,,EN,2013-06-10T21:00:00.000Z
DEVICES08,Total density per million population: Magnetic Resonance Imaging,text,EUR,Europe,Country,BLR,Belarus,Year,2010,false,,,,,,,,,,,,,2.5,,,,,,2.50,,Only public sector data,EN,2013-06-10T21:00:00.000Z
DEVICES08,Total density per million population: Magnetic Resonance Imaging,text,WPR,Western Pacific,Country,BRN,Brunei Darussalam,Year,2010,false,,,,,,,,,,,,,2.51,,,,,,2.51,,Only private sector data,EN,2013-06-10T21:00:00.000Z
DEVICES08,Total density per million population: Magnetic Resonance Imaging,text,AMR,Americas,Country,BHS,Bahamas,Year,2010,false,,,,,,,,,,,,,2.92,,,,,,2.92,,,EN,2013-06-10T21:00:00.000Z
DEVICES08,Total density per million population: Magnetic Resonance Imaging,text,AMR,Americas,Country,URY,Uruguay,Year,2010,false,,,,,,,,,,,,,2.97,,,,,,2.97,,,EN,2013-06-10T21:00:00.000Z
DEVICES08,Total density per million population: Magnetic Resonance Imaging,text,AMR,Americas,Country,TTO,Trinidad and Tobago,Year,2010,false,,,,,,,,,,,,,2.98,,,,,,2.98,,Only public sector data,EN,2013-06-10T21:00:00.000Z
DEVICES08,Total density per million population: Magnetic Resonance Imaging,text,WPR,Western Pacific,Country,KOR,Republic of Korea,Year,2010,false,,,,,,,,,,,,,20.44,,,,,,20.44,,,EN,2013-06-10T21:00:00.000Z
DEVICES08,Total density per million population: Magnetic Resonance Imaging,text,EUR,Europe,Country,ISL,Iceland,Year,2010,false,,,,,,,,,,,,,21.87,,,,,,21.87,,,EN,2013-06-10T21:00:00.000Z
DEVICES08,Total density per million population: Magnetic Resonance Imaging,text,WPR,Western Pacific,Country,MYS,Malaysia,Year,2010,false,,,,,,,,,,,,,3.03,,,,,,3.03,,,EN,2013-06-10T21:00:00.000Z
DEVICES08,Total density per million population: Magnetic Resonance Imaging,text,AMR,Americas,Country,PAN,Panama,Year,2010,false,,,,,,,,,,,,,3.13,,,,,,3.13,,,EN,2013-06-10T21:00:00.000Z
DEVICES08,Total density per million population: Magnetic Resonance Imaging,text,SEAR,South-East Asia,Country,MDV,Maldives,Year,2010,false,,,,,,,,,,,,,3.17,,,,,,3.17,,,EN,2013-06-10T21:00:00.000Z
DEVICES08,Total density per million population: Magnetic Resonance Imaging,text,AMR,Americas,Country,BLZ,Belize,Year,2010,false,,,,,,,,,,,,,3.21,,,,,,3.21,,,EN,2013-06-10T21:00:00.000Z
DEVICES08,Total density per million population: Magnetic Resonance Imaging,text,EUR,Europe,Country,POL,Poland,Year,2010,false,,,,,,,,,,,,,3.27,,,,,,3.27,,Only public sector data,EN,2013-06-10T21:00:00.000Z
DEVICES08,Total density per million population: Magnetic Resonance Imaging,text,AMR,Americas,Country,SUR,Suriname,Year,2010,false,,,,,,,,,,,,,3.81,,,,,,3.81,,,EN,2013-06-10T21:00:00.000Z
DEVICES08,Total density per million population: Magnetic Resonance Imaging,text,EMR,Eastern Mediterranean,Country,OMN,Oman,Year,2010,false,,,,,,,,,,,,,4.31,,,,,,4.31,,,EN,2013-06-10T21:00:00.000Z
DEVICES08,Total density per million population: Magnetic Resonance Imaging,text,EUR,Europe,Country,SVN,Slovenia,Year,2010,false,,,,,,,,,,,,,4.43,,,,,,4.43,,Only public sector data,EN,2013-06-10T21:00:00.000Z
DEVICES08,Total density per million population: Magnetic Resonance Imaging,text,AMR,Americas,Country,CHL,Chile,Year,2010,false,,,,,,,,,,,,,4.5,,,,,,4.50,,,EN,2013-06-10T21:00:00.000Z
DEVICES08,Total density per million population: Magnetic Resonance Imaging,text,AFR,Africa,Country,MUS,Mauritius,Year,2010,false,,,,,,,,,,,,,4.62,,,,,,4.62,,,EN,2013-06-10T21:00:00.000Z
DEVICES08,Total density per million population: Magnetic Resonance Imaging,text,EUR,Europe,Country,CZE,Czechia,Year,2010,false,,,,,,,,,,,,,4.96,,,,,,4.96,,,EN,2013-06-10T21:00:00.000Z
DEVICES08,Total density per million population: Magnetic Resonance Imaging,text,WPR,Western Pacific,Country,JPN,Japan,Year,2010,false,,,,,,,,,,,,,46.16,,,,,,46.16,,,EN,2013-06-10T21:00:00.000Z
DEVICES08,Total density per million population: Magnetic Resonance Imaging,text,EMR,Eastern Mediterranean,Country,LBY,Libya,Year,2010,false,,,,,,,,,,,,,5.04,,,,,,5.04,,,EN,2013-06-10T21:00:00.000Z
DEVICES08,Total density per million population: Magnetic Resonance Imaging,text,EUR,Europe,Country,BIH,Bosnia and Herzegovina,Year,2010,false,,,,,,,,,,,,,5.58,,,,,,5.58,,,EN,2013-06-10T21:00:00.000Z
DEVICES08,Total density per million population: Magnetic Resonance Imaging,text,EUR,Europe,Country,LTU,Lithuania,Year,2010,false,,,,,,,,,,,,,5.72,,,,,,5.72,,,EN,2013-06-10T21:00:00.000Z
DEVICES08,Total density per million population: Magnetic Resonance Imaging,text,EUR,Europe,Country,SRB,Serbia,Year,2010,false,,,,,,,,,,,,,5.99,,,,,,5.99,,,EN,2013-06-10T21:00:00.000Z
DEVICES08,Total density per million population: Magnetic Resonance Imaging,text,EUR,Europe,Country,TUR,Türkiye,Year,2010,false,,,,,,,,,,,,,6.32,,,,,,6.32,,,EN,2013-06-10T21:00:00.000Z
DEVICES08,Total density per million population: Magnetic Resonance Imaging,text,EUR,Europe,Country,SMR,San Marino,Year,2010,false,,,,,,,,,,,,,63.42,,,,,,63.42,,,EN,2013-06-10T21:00:00.000Z
DEVICES08,Total density per million population: Magnetic Resonance Imaging,text,EUR,Europe,Country,HRV,Croatia,Year,2010,false,,,,,,,,,,,,,7.04,,,,,,7.04,,,EN,2013-06-10T21:00:00.000Z
DEVICES08,Total density per million population: Magnetic Resonance Imaging,text,EUR,Europe,Country,EST,Estonia,Year,2010,false,,,,,,,,,,,,,8.2,,,,,,8.20,,,EN,2013-06-10T21:00:00.000Z
DEVICES08,Total density per million population: Magnetic Resonance Imaging,text,AMR,Americas,Country,CAN,Canada,Year,2010,false,,,,,,,,,,,,,8.26,,,,,,8.26,,,EN,2013-06-10T21:00:00.000Z
DEVICES08,Total density per million population: Magnetic Resonance Imaging,text,WPR,Western Pacific,Country,SGP,Singapore,Year,2010,false,,,,,,,,,,,,,8.26,,,,,,8.26,,,EN,2013-06-10T21:00:00.000Z
DEVICES08,Total density per million population: Magnetic Resonance Imaging,text,EUR,Europe,Country,ESP,Spain,Year,2010,false,,,,,,,,,,,,,8.29,,,,,,8.29,,,EN,2013-06-10T21:00:00.000Z
DEVICES08,Total density per million population: Magnetic Resonance Imaging,text,EMR,Eastern Mediterranean,Country,LBN,Lebanon,Year,2010,false,,,,,,,,,,,,,9.46,,,,,,9.46,,,EN,2013-06-10T21:00:00.000Z
DEVICES08,Total density per million population: Magnetic Resonance Imaging,text,AMR,Americas,Country,GRD,Grenada,Year,2010,false,,,,,,,,,,,,,9.57,,,,,,9.57,,,EN,2013-06-10T21:00:00.000Z
DEVICES08,Total density per million population: Magnetic Resonance Imaging,text,EUR,Europe,Country,MLT,Malta,Year,2010,false,,,,,,,,,,,,,9.6,,,,,,9.60,,,EN,2013-06-10T21:00:00.000Z
DEVICES08,Total density per million population: Magnetic Resonance Imaging,text,WPR,Western Pacific,Country,NZL,New Zealand,Year,2010,false,,,,,,,,,,,,,9.62,,,,,,9.62,,,EN,2013-06-10T21:00:00.000Z
DEVICES08,Total density per million population: Magnetic Resonance Imaging,text,EUR,Europe,Country,PRT,Portugal,Year,2010,false,,,,,,,,,,,,,9.84,,,,,,9.84,,,EN,2013-06-10T21:00:00.000Z
DEVICES09,Total density per million population: Computed tomography units,text,AFR,Africa,Country,CAF,Central African Republic,Year,2010,false,,,,,,,,,,,,,0,,,,,,0.00,,,EN,2013-06-10T21:00:00.000Z
DEVICES09,Total density per million population: Computed tomography units,text,AFR,Africa,Country,GIN,Guinea,Year,2010,false,,,,,,,,,,,,,0,,,,,,0.00,,Only public sector data,EN,2013-06-10T21:00:00.000Z
DEVICES09,Total density per million population: Computed tomography units,text,AFR,Africa,Country,GNB,Guinea-Bissau,Year,2010,false,,,,,,,,,,,,,0,,,,,,0.00,,,EN,2013-06-10T21:00:00.000Z
DEVICES09,Total density per million population: Computed tomography units,text,WPR,Western Pacific,Country,KIR,Kiribati,Year,2010,false,,,,,,,,,,,,,0,,,,,,0.00,,,EN,2013-06-10T21:00:00.000Z
DEVICES09,Total density per million population: Computed tomography units,text,WPR,Western Pacific,Country,FSM,Micronesia (Federated States of),Year,2010,false,,,,,,,,,,,,,0,,,,,,0.00,,,EN,2013-06-10T21:00:00.000Z
DEVICES09,Total density per million population: Computed tomography units,text,AMR,Americas,Country,VCT,Saint Vincent and the Grenadines,Year,2010,false,,,,,,,,,,,,,0,,,,,,0.00,,,EN,2013-06-10T21:00:00.000Z
DEVICES09,Total density per million population: Computed tomography units,text,WPR,Western Pacific,Country,TON,Tonga,Year,2010,false,,,,,,,,,,,,,0,,,,,,0.00,,,EN,2013-06-10T21:00:00.000Z
DEVICES09,Total density per million population: Computed tomography units,text,WPR,Western Pacific,Country,VUT,Vanuatu,Year,2010,false,,,,,,,,,,,,,0,,,,,,0.00,,,EN,2013-06-10T21:00:00.000Z
DEVICES09,Total density per million population: Computed tomography units,text,AFR,Africa,Country,COD,Democratic Republic of the Congo,Year,2010,false,,,,,,,,,,,,,0.08,,,,,,0.08,,,EN,2013-06-10T21:00:00.000Z
DEVICES09,Total density per million population: Computed tomography units,text,SEAR,South-East Asia,Country,MMR,Myanmar,Year,2010,false,,,,,,,,,,,,,0.08,,,,,,0.08,,Only public sector data,EN,2013-06-10T21:00:00.000Z
DEVICES09,Total density per million population: Computed tomography units,text,AFR,Africa,Country,TCD,Chad,Year,2010,false,,,,,,,,,,,,,0.09,,,,,,0.09,,Only private sector data,EN,2013-06-10T21:00:00.000Z
DEVICES09,Total density per million population: Computed tomography units,text,AFR,Africa,Country,TZA,United Republic of Tanzania,Year,2010,false,,,,,,,,,,,,,0.13,,,,,,0.13,,,EN,2013-06-10T21:00:00.000Z
DEVICES09,Total density per million population: Computed tomography units,text,AFR,Africa,Country,MDG,Madagascar,Year,2010,false,,,,,,,,,,,,,0.14,,,,,,0.14,,,EN,2013-06-10T21:00:00.000Z
DEVICES09,Total density per million population: Computed tomography units,text,AFR,Africa,Country,GHA,Ghana,Year,2010,false,,,,,,,,,,,,,0.16,,,,,,0.16,,Only public sector data,EN,2013-06-10T21:00:00.000Z
DEVICES09,Total density per million population: Computed tomography units,text,AFR,Africa,Country,BFA,Burkina Faso,Year,2010,false,,,,,,,,,,,,,0.18,,,,,,0.18,,,EN,2013-06-10T21:00:00.000Z
DEVICES09,Total density per million population: Computed tomography units,text,EMR,Eastern Mediterranean,Country,AFG,Afghanistan,Year,2010,false,,,,,,,,,,,,,0.19,,,,,,0.19,,,EN,2013-06-10T21:00:00.000Z
DEVICES09,Total density per million population: Computed tomography units,text,AFR,Africa,Country,NER,Niger,Year,2010,false,,,,,,,,,,,,,0.19,,,,,,0.19,,,EN,2013-06-10T21:00:00.000Z
DEVICES09,Total density per million population: Computed tomography units,text,AFR,Africa,Country,MLI,Mali,Year,2010,false,,,,,,,,,,,,,0.2,,,,,,0.20,,Only public sector data,EN,2013-06-10T21:00:00.000Z
DEVICES09,Total density per million population: Computed tomography units,text,AFR,Africa,Country,ZMB,Zambia,Year,2010,false,,,,,,,,,,,,,0.23,,,,,,0.23,,,EN,2013-06-10T21:00:00.000Z
DEVICES09,Total density per million population: Computed tomography units,text,AFR,Africa,Country,BDI,Burundi,Year,2010,false,,,,,,,,,,,,,0.24,,,,,,0.24,,,EN,2013-06-10T21:00:00.000Z
DEVICES09,Total density per million population: Computed tomography units,text,AFR,Africa,Country,ETH,Ethiopia,Year,2010,false,,,,,,,,,,,,,0.25,,,,,,0.25,,,EN,2013-06-10T21:00:00.000Z
DEVICES09,Total density per million population: Computed tomography units,text,AFR,Africa,Country,KEN,Kenya,Year,2010,false,,,,,,,,,,,,,0.27,,,,,,0.27,,,EN,2013-06-10T21:00:00.000Z
DEVICES09,Total density per million population: Computed tomography units,text,AMR,Americas,Country,HTI,Haiti,Year,2010,false,,,,,,,,,,,,,0.3,,,,,,0.30,,Only private sector data,EN,2013-06-10T21:00:00.000Z
DEVICES09,Total density per million population: Computed tomography units,text,AFR,Africa,Country,UGA,Uganda,Year,2010,false,,,,,,,,,,,,,0.33,,,,,,0.33,,,EN,2013-06-10T21:00:00.000Z
DEVICES09,Total density per million population: Computed tomography units,text,AFR,Africa,Country,BEN,Benin,Year,2010,false,,,,,,,,,,,,,0.34,,,,,,0.34,,,EN,2013-06-10T21:00:00.000Z
DEVICES09,Total density per million population: Computed tomography units,text,AFR,Africa,Country,MWI,Malawi,Year,2010,false,,,,,,,,,,,,,0.34,,,,,,0.34,,,EN,2013-06-10T21:00:00.000Z
DEVICES09,Total density per million population: Computed tomography units,text,AFR,Africa,Country,SLE,Sierra Leone,Year,2010,false,,,,,,,,,,,,,0.34,,,,,,0.34,,,EN,2013-06-10T21:00:00.000Z
DEVICES09,Total density per million population: Computed tomography units,text,EMR,Eastern Mediterranean,Country,PAK,Pakistan,Year,2010,false,,,,,,,,,,,,,0.35,,,,,,0.35,,,EN,2013-06-10T21:00:00.000Z
DEVICES09,Total density per million population: Computed tomography units,text,AFR,Africa,Country,ERI,Eritrea,Year,2010,false,,,,,,,,,,,,,0.38,,,,,,0.38,,,EN,2013-06-10T21:00:00.000Z
DEVICES09,Total density per million population: Computed tomography units,text,AFR,Africa,Country,SEN,Senegal,Year,2010,false,,,,,,,,,,,,,0.4,,,,,,0.40,,Only public sector data,EN,2013-06-10T21:00:00.000Z
DEVICES09,Total density per million population: Computed tomography units,text,WPR,Western Pacific,Country,PNG,Papua New Guinea,Year,2010,false,,,,,,,,,,,,,0.44,,,,,,0.44,,,EN,2013-06-10T21:00:00.000Z
DEVICES09,Total density per million population: Computed tomography units,text,AFR,Africa,Country,AGO,Angola,Year,2010,false,,,,,,,,,,,,,0.47,,,,,,0.47,,,EN,2013-06-10T21:00:00.000Z
DEVICES09,Total density per million population: Computed tomography units,text,AFR,Africa,Country,ZWE,Zimbabwe,Year,2010,false,,,,,,,,,,,,,0.48,,,,,,0.48,,,EN,2013-06-10T21:00:00.000Z
DEVICES09,Total density per million population: Computed tomography units,text,AMR,Americas,Country,NIC,Nicaragua,Year,2010,false,,,,,,,,,,,,,0.52,,,,,,0.52,,Only public sector data,EN,2013-06-10T21:00:00.000Z
DEVICES09,Total density per million population: Computed tomography units,text,AFR,Africa,Country,CIV,Cote d'Ivoire,Year,2010,false,,,,,,,,,,,,,0.71,,,,,,0.71,,,EN,2013-06-10T21:00:00.000Z
DEVICES09,Total density per million population: Computed tomography units,text,AFR,Africa,Country,CMR,Cameroon,Year,2010,false,,,,,,,,,,,,,0.71,,,,,,0.71,,,EN,2013-06-10T21:00:00.000Z
DEVICES09,Total density per million population: Computed tomography units,text,WPR,Western Pacific,Country,LAO,Lao People's Democratic Republic,Year,2010,false,,,,,,,,,,,,,0.81,,,,,,0.81,,,EN,2013-06-10T21:00:00.000Z
DEVICES09,Total density per million population: Computed tomography units,text,AFR,Africa,Country,TGO,Togo,Year,2010,false,,,,,,,,,,,,,0.83,,,,,,0.83,,,EN,2013-06-10T21:00:00.000Z
DEVICES09,Total density per million population: Computed tomography units,text,EUR,Europe,Country,KGZ,Kyrgyzstan,Year,2010,false,,,,,,,,,,,,,0.94,,,,,,0.94,,,EN,2013-06-10T21:00:00.000Z
DEVICES09,Total density per million population: Computed tomography units,text,EMR,Eastern Mediterranean,Country,SDN,Sudan,Year,2010,false,,,,,,,,,,,,,0.99,,,,,,0.99,,,EN,2013-06-10T21:00:00.000Z
DEVICES09,Total density per million population: Computed tomography units,text,AFR,Africa,Country,BWA,Botswana,Year,2010,false,,,,,,,,,,,,,1,,,,,,1.00,,Only public sector data,EN,2013-06-10T21:00:00.000Z
DEVICES09,Total density per million population: Computed tomography units,text,AFR,Africa,Country,ZAF,South Africa,Year,2010,false,,,,,,,,,,,,,1.02,,,,,,1.02,,Only public sector data,EN,2013-06-10T21:00:00.000Z
DEVICES09,Total density per million population: Computed tomography units,text,AMR,Americas,Country,PRY,Paraguay,Year,2010,false,,,,,,,,,,,,,1.08,,,,,,1.08,,,EN,2013-06-10T21:00:00.000Z
DEVICES09,Total density per million population: Computed tomography units,text,EUR,Europe,Country,AZE,Azerbaijan,Year,2010,false,,,,,,,,,,,,,1.09,,,,,,1.09,,Only public sector data,EN,2013-06-10T21:00:00.000Z
DEVICES09,Total density per million population: Computed tomography units,text,WPR,Western Pacific,Country,PHL,Philippines,Year,2010,false,,,,,,,,,,,,,1.15,,,,,,1.15,,,EN,2013-06-10T21:00:00.000Z
DEVICES09,Total density per million population: Computed tomography units,text,AFR,Africa,Country,GMB,Gambia,Year,2010,false,,,,,,,,,,,,,1.16,,,,,,1.16,,,EN,2013-06-10T21:00:00.000Z
DEVICES09,Total density per million population: Computed tomography units,text,EMR,Eastern Mediterranean,Country,MAR,Morocco,Year,2010,false,,,,,,,,,,,,,1.25,,,,,,1.25,,Only public sector data,EN,2013-06-10T21:00:00.000Z
DEVICES09,Total density per million population: Computed tomography units,text,SEAR,South-East Asia,Country,LKA,Sri Lanka,Year,2010,false,,,,,,,,,,,,,1.25,,,,,,1.25,,,EN,2013-06-10T21:00:00.000Z
DEVICES09,Total density per million population: Computed tomography units,text,WPR,Western Pacific,Country,KHM,Cambodia,Year,2010,false,,,,,,,,,,,,,1.27,,,,,,1.27,,,EN,2013-06-10T21:00:00.000Z
DEVICES09,Total density per million population: Computed tomography units,text,EUR,Europe,Country,TJK,Tajikistan,Year,2010,false,,,,,,,,,,,,,1.31,,,,,,1.31,,,EN,2013-06-10T21:00:00.000Z
DEVICES09,Total density per million population: Computed tomography units,text,AFR,Africa,Country,COM,Comoros,Year,2010,false,,,,,,,,,,,,,1.36,,,,,,1.36,,,EN,2013-06-10T21:00:00.000Z
DEVICES09,Total density per million population: Computed tomography units,text,SEAR,South-East Asia,Country,BTN,Bhutan,Year,2010,false,,,,,,,,,,,,,1.38,,,,,,1.38,,,EN,2013-06-10T21:00:00.000Z
DEVICES09,Total density per million population: Computed tomography units,text,AMR,Americas,Country,JAM,Jamaica,Year,2010,false,,,,,,,,,,,,,1.46,,,,,,1.46,,Only public sector data,EN,2013-06-10T21:00:00.000Z
DEVICES09,Total density per million population: Computed tomography units,text,EUR,Europe,Country,KAZ,Kazakhstan,Year,2010,false,,,,,,,,,,,,,1.5,,,,,,1.5,,,EN,2013-06-10T21:00:00.000Z
DEVICES09,Total density per million population: Computed tomography units,text,AMR,Americas,Country,ECU,Ecuador,Year,2010,false,,,,,,,,,,,,,1.73,,,,,,1.73,,,EN,2013-06-10T21:00:00.000Z
DEVICES09,Total density per million population: Computed tomography units,text,AFR,Africa,Country,MRT,Mauritania,Year,2010,false,,,,,,,,,,,,,1.73,,,,,,1.73,,,EN,2013-06-10T21:00:00.000Z
DEVICES09,Total density per million population: Computed tomography units,text,EMR,Eastern Mediterranean,Country,QAT,Qatar,Year,2010,false,,,,,,,,,,,,,10.23,,,,,,10.23,,,EN,2013-06-10T21:00:00.000Z
DEVICES09,Total density per million population: Computed tomography units,text,AMR,Americas,Country,PAN,Panama,Year,2010,false,,,,,,,,,,,,,10.52,,,,,,10.52,,,EN,2013-06-10T21:00:00.000Z
DEVICES09,Total density per million population: Computed tomography units,text,EUR,Europe,Country,POL,Poland,Year,2010,false,,,,,,,,,,,,,10.58,,,,,,10.58,,Only public sector data,EN,2013-06-10T21:00:00.000Z
DEVICES09,Total density per million population: Computed tomography units,text,WPR,Western Pacific,Country,JPN,Japan,Year,2010,false,,,,,,,,,,,,,101.7,,,,,,101.67,,,EN,2013-06-10T21:00:00.000Z
DEVICES09,Total density per million population: Computed tomography units,text,AMR,Americas,Country,LCA,Saint Lucia,Year,2010,false,,,,,,,,,,,,,11.48,,,,,,11.48,,,EN,2013-06-10T21:00:00.000Z
DEVICES09,Total density per million population: Computed tomography units,text,AFR,Africa,Country,SYC,Seychelles,Year,2010,false,,,,,,,,,,,,,11.56,,,,,,11.56,,,EN,2013-06-10T21:00:00.000Z
DEVICES09,Total density per million population: Computed tomography units,text,EUR,Europe,Country,SVN,Slovenia,Year,2010,false,,,,,,,,,,,,,12.32,,,,,,12.32,,Only public sector data,EN,2013-06-10T21:00:00.000Z
DEVICES09,Total density per million population: Computed tomography units,text,EUR,Europe,Country,NLD,Netherlands (Kingdom of the),Year,2010,false,,,,,,,,,,,,,12.34,,,,,,12.34,,,EN,2013-06-10T21:00:00.000Z
DEVICES09,Total density per million population: Computed tomography units,text,AMR,Americas,Country,BLZ,Belize,Year,2010,false,,,,,,,,,,,,,12.84,,,,,,12.84,,,EN,2013-06-10T21:00:00.000Z
DEVICES09,Total density per million population: Computed tomography units,text,AMR,Americas,Country,CHL,Chile,Year,2010,false,,,,,,,,,,,,,12.97,,,,,,12.97,,,EN,2013-06-10T21:00:00.000Z
DEVICES09,Total density per million population: Computed tomography units,text,AMR,Americas,Country,URY,Uruguay,Year,2010,false,,,,,,,,,,,,,13.06,,,,,,13.06,,,EN,2013-06-10T21:00:00.000Z
DEVICES09,Total density per million population: Computed tomography units,text,EUR,Europe,Country,SRB,Serbia,Year,2010,false,,,,,,,,,,,,,13.19,,,,,,13.19,,,EN,2013-06-10T21:00:00.000Z
DEVICES09,Total density per million population: Computed tomography units,text,EUR,Europe,Country,CZE,Czechia,Year,2010,false,,,,,,,,,,,,,13.25,,,,,,13.25,,,EN,2013-06-10T21:00:00.000Z
DEVICES09,Total density per million population: Computed tomography units,text,EUR,Europe,Country,BIH,Bosnia and Herzegovina,Year,2010,false,,,,,,,,,,,,,13.83,,,,,,13.83,,,EN,2013-06-10T21:00:00.000Z
DEVICES09,Total density per million population: Computed tomography units,text,EUR,Europe,Country,ESP,Spain,Year,2010,false,,,,,,,,,,,,,14.11,,,,,,14.11,,,EN,2013-06-10T21:00:00.000Z
DEVICES09,Total density per million population: Computed tomography units,text,AMR,Americas,Country,CAN,Canada,Year,2010,false,,,,,,,,,,,,,14.23,,,,,,14.23,,,EN,2013-06-10T21:00:00.000Z
DEVICES09,Total density per million population: Computed tomography units,text,EUR,Europe,Country,HRV,Croatia,Year,2010,false,,,,,,,,,,,,,14.53,,,,,,14.53,,,EN,2013-06-10T21:00:00.000Z
DEVICES09,Total density per million population: Computed tomography units,text,AMR,Americas,Country,BHS,Bahamas,Year,2010,false,,,,,,,,,,,,,14.58,,,,,,14.58,,,EN,2013-06-10T21:00:00.000Z
DEVICES09,Total density per million population: Computed tomography units,text,AMR,Americas,Country,DMA,Dominica,Year,2010,false,,,,,,,,,,,,,14.76,,,,,,14.76,,,EN,2013-06-10T21:00:00.000Z
DEVICES09,Total density per million population: Computed tomography units,text,EUR,Europe,Country,EST,Estonia,Year,2010,false,,,,,,,,,,,,,14.91,,,,,,14.91,,,EN,2013-06-10T21:00:00.000Z
DEVICES09,Total density per million population: Computed tomography units,text,EUR,Europe,Country,TUR,Türkiye,Year,2010,false,,,,,,,,,,,,,14.95,,,,,,14.95,,,EN,2013-06-10T21:00:00.000Z
DEVICES09,Total density per million population: Computed tomography units,text,EUR,Europe,Country,MCO,Monaco,Year,2010,false,,,,,,,,,,,,,141.2,,,,,,141.22,,,EN,2013-06-10T21:00:00.000Z
DEVICES09,Total density per million population: Computed tomography units,text,WPR,Western Pacific,Country,NZL,New Zealand,Year,2010,false,,,,,,,,,,,,,15.8,,,,,,15.80,,,EN,2013-06-10T21:00:00.000Z
DEVICES09,Total density per million population: Computed tomography units,text,EUR,Europe,Country,LTU,Lithuania,Year,2010,false,,,,,,,,,,,,,18.05,,,,,,18.05,,,EN,2013-06-10T21:00:00.000Z
DEVICES09,Total density per million population: Computed tomography units,text,WPR,Western Pacific,Country,MHL,Marshall Islands,Year,2010,false,,,,,,,,,,,,,18.51,,,,,,18.51,,,EN,2013-06-10T21:00:00.000Z
DEVICES09,Total density per million population: Computed tomography units,text,AMR,Americas,Country,KNA,Saint Kitts and Nevis,Year,2010,false,,,,,,,,,,,,,19.08,,,,,,19.08,,,EN,2013-06-10T21:00:00.000Z
DEVICES09,Total density per million population: Computed tomography units,text,AMR,Americas,Country,GRD,Grenada,Year,2010,false,,,,,,,,,,,,,19.14,,,,,,19.14,,,EN,2013-06-10T21:00:00.000Z
DEVICES09,Total density per million population: Computed tomography units,text,EUR,Europe,Country,LUX,Luxembourg,Year,2010,false,,,,,,,,,,,,,19.71,,,,,,19.71,,,EN,2013-06-10T21:00:00.000Z
DEVICES09,Total density per million population: Computed tomography units,text,AFR,Africa,Country,CPV,Cabo Verde,Year,2010,false,,,,,,,,,,,,,2.02,,,,,,2.02,,,EN,2013-06-10T21:00:00.000Z
DEVICES09,Total density per million population: Computed tomography units,text,EMR,Eastern Mediterranean,Country,YEM,Yemen,Year,2010,false,,,,,,,,,,,,,2.08,,,,,,2.08,,,EN,2013-06-10T21:00:00.000Z
DEVICES09,Total density per million population: Computed tomography units,text,AMR,Americas,Country,HND,Honduras,Year,2010,false,,,,,,,,,,,,,2.24,,,,,,2.24,,,EN,2013-06-10T21:00:00.000Z
DEVICES09,Total density per million population: Computed tomography units,text,EUR,Europe,Country,MDA,Republic of Moldova,Year,2010,false,,,,,,,,,,,,,2.24,,,,,,2.24,,Only public sector data,EN,2013-06-10T21:00:00.000Z
DEVICES09,Total density per million population: Computed tomography units,text,EMR,Eastern Mediterranean,Country,IRQ,Iraq,Year,2010,false,,,,,,,,,,,,,2.37,,,,,,2.37,,Only public sector data,EN,2013-06-10T21:00:00.000Z
DEVICES09,Total density per million population: Computed tomography units,text,AFR,Africa,Country,SWZ,Eswatini,Year,2010,false,,,,,,,,,,,,,2.53,,,,,,2.53,,,EN,2013-06-10T21:00:00.000Z
DEVICES09,Total density per million population: Computed tomography units,text,EUR,Europe,Country,ARM,Armenia,Year,2010,false,,,,,,,,,,,,,2.91,,,,,,2.91,,,EN,2013-06-10T21:00:00.000Z
DEVICES09,Total density per million population: Computed tomography units,text,AMR,Americas,Country,TTO,Trinidad and Tobago,Year,2010,false,,,,,,,,,,,,,2.98,,,,,,2.98,,Only public sector data,EN,2013-06-10T21:00:00.000Z
DEVICES09,Total density per million population: Computed tomography units,text,EUR,Europe,Country,CYP,Cyprus,Year,2010,false,,,,,,,,,,,,,21.75,,,,,,21.75,,,EN,2013-06-10T21:00:00.000Z
DEVICES09,Total density per million population: Computed tomography units,text,AMR,Americas,Country,ATG,Antigua and Barbuda,Year,2010,false,,,,,,,,,,,,,22.55,,,,,,22.55,,,EN,2013-06-10T21:00:00.000Z
DEVICES09,Total density per million population: Computed tomography units,text,EUR,Europe,Country,DNK,Denmark,Year,2010,false,,,,,,,,,,,,,24.14,,,,,,24.14,,,EN,2013-06-10T21:00:00.000Z
DEVICES09,Total density per million population: Computed tomography units,text,EUR,Europe,Country,PRT,Portugal,Year,2010,false,,,,,,,,,,,,,27.26,,,,,,27.26,,,EN,2013-06-10T21:00:00.000Z
DEVICES09,Total density per million population: Computed tomography units,text,EMR,Eastern Mediterranean,Country,LBN,Lebanon,Year,2010,false,,,,,,,,,,,,,28.62,,,,,,28.62,,,EN,2013-06-10T21:00:00.000Z
DEVICES09,Total density per million population: Computed tomography units,text,EUR,Europe,Country,AUT,Austria,Year,2010,false,,,,,,,,,,,,,28.83,,,,,,28.83,,Only public sector data,EN,2013-06-10T21:00:00.000Z
DEVICES09,Total density per million population: Computed tomography units,text,AMR,Americas,Country,CRI,Costa Rica,Year,2010,false,,,,,,,,,,,,,3.01,,,,,,3.01,,,EN,2013-06-10T21:00:00.000Z
DEVICES09,Total density per million population: Computed tomography units,text,WPR,Western Pacific,Country,FJI,Fiji,Year,2010,false,,,,,,,,,,,,,3.49,,,,,,3.49,,,EN,2013-06-10T21:00:00.000Z
DEVICES09,Total density per million population: Computed tomography units,text,AMR,Americas,Country,SLV,El Salvador,Year,2010,false,,,,,,,,,,,,,3.71,,,,,,3.71,,,EN,2013-06-10T21:00:00.000Z
DEVICES09,Total density per million population: Computed tomography units,text,AMR,Americas,Country,MEX,Mexico,Year,2010,false,,,,,,,,,,,,,3.94,,,,,,3.94,,,EN,2013-06-10T21:00:00.000Z
DEVICES09,Total density per million population: Computed tomography units,text,AMR,Americas,Country,GUY,Guyana,Year,2010,false,,,,,,,,,,,,,3.98,,,,,,3.98,,Only private sector data,EN,2013-06-10T21:00:00.000Z
DEVICES09,Total density per million population: Computed tomography units,text,AFR,Africa,Country,GAB,Gabon,Year,2010,false,,,,,,,,,,,,,3.99,,,,,,3.99,,,EN,2013-06-10T21:00:00.000Z
DEVICES09,Total density per million population: Computed tomography units,text,EUR,Europe,Country,SMR,San Marino,Year,2010,false,,,,,,,,,,,,,31.71,,,,,,31.71,,,EN,2013-06-10T21:00:00.000Z
DEVICES09,Total density per million population: Computed tomography units,text,WPR,Western Pacific,Country,KOR,Republic of Korea,Year,2010,false,,,,,,,,,,,,,36.17,,,,,,36.17,,,EN,2013-06-10T21:00:00.000Z
DEVICES09,Total density per million population: Computed tomography units,text,EMR,Eastern Mediterranean,Country,SAU,Saudi Arabia,Year,2010,false,,,,,,,,,,,,,4.01,,,,,,4.01,,Only public sector data,EN,2013-06-10T21:00:00.000Z
DEVICES09,Total density per million population: Computed tomography units,text,EUR,Europe,Country,IRL,Ireland,Year,2010,false,,,,,,,,,,,,,4.7,,,,,,4.70,,Only public sector data,EN,2013-06-10T21:00:00.000Z
DEVICES09,Total density per million population: Computed tomography units,text,AMR,Americas,Country,CUB,Cuba,Year,2010,false,,,,,,,,,,,,,4.8,,,,,,4.80,,Only public sector data,EN,2013-06-10T21:00:00.000Z
DEVICES09,Total density per million population: Computed tomography units,text,AFR,Africa,Country,NAM,Namibia,Year,2010,false,,,,,,,,,,,,,4.82,,,,,,4.82,,,EN,2013-06-10T21:00:00.000Z
DEVICES09,Total density per million population: Computed tomography units,text,EUR,Europe,Country,ISL,Iceland,Year,2010,false,,,,,,,,,,,,,40.61,,,,,,40.61,,,EN,2013-06-10T21:00:00.000Z
DEVICES09,Total density per million population: Computed tomography units,text,EUR,Europe,Country,ALB,Albania,Year,2010,false,,,,,,,,,,,,,5.31,,,,,,5.31,,,EN,2013-06-10T21:00:00.000Z
DEVICES09,Total density per million population: Computed tomography units,text,WPR,Western Pacific,Country,WSM,Samoa,Year,2010,false,,,,,,,,,,,,,5.46,,,,,,5.46,,,EN,2013-06-10T21:00:00.000Z
DEVICES09,Total density per million population: Computed tomography units,text,EUR,Europe,Country,ROU,Romania,Year,2010,false,,,,,,,,,,,,,5.49,,,,,,5.49,,,EN,2013-06-10T21:00:00.000Z
DEVICES09,Total density per million population: Computed tomography units,text,SEAR,South-East Asia,Country,THA,Thailand,Year,2010,false,,,,,,,,,,,,,5.77,,,,,,5.77,,,EN,2013-06-10T21:00:00.000Z
DEVICES09,Total density per million population: Computed tomography units,text,EUR,Europe,Country,BLR,Belarus,Year,2010,false,,,,,,,,,,,,,6.04,,,,,,6.04,,Only public sector data,EN,2013-06-10T21:00:00.000Z
DEVICES09,Total density per million population: Computed tomography units,text,AFR,Africa,Country,MUS,Mauritius,Year,2010,false,,,,,,,,,,,,,6.16,,,,,,6.16,,,EN,2013-06-10T21:00:00.000Z
DEVICES09,Total density per million population: Computed tomography units,text,SEAR,South-East Asia,Country,MDV,Maldives,Year,2010,false,,,,,,,,,,,,,6.33,,,,,,6.33,,,EN,2013-06-10T21:00:00.000Z
DEVICES09,Total density per million population: Computed tomography units,text,EMR,Eastern Mediterranean,Country,JOR,Jordan,Year,2010,false,,,,,,,,,,,,,6.46,,,,,,6.46,,,EN,2013-06-10T21:00:00.000Z
DEVICES09,Total density per million population: Computed tomography units,text,EUR,Europe,Country,HUN,Hungary,Year,2010,false,,,,,,,,,,,,,6.61,,,,,,6.61,,,EN,2013-06-10T21:00:00.000Z
DEVICES09,Total density per million population: Computed tomography units,text,WPR,Western Pacific,Country,MYS,Malaysia,Year,2010,false,,,,,,,,,,,,,6.73,,,,,,6.73,,,EN,2013-06-10T21:00:00.000Z
DEVICES09,Total density per million population: Computed tomography units,text,AMR,Americas,Country,BRB,Barbados,Year,2010,false,,,,,,,,,,,,,7.32,,,,,,7.32,,Only public sector data,EN,2013-06-10T21:00:00.000Z
DEVICES09,Total density per million population: Computed tomography units,text,WPR,Western Pacific,Country,BRN,Brunei Darussalam,Year,2010,false,,,,,,,,,,,,,7.52,,,,,,7.52,,,EN,2013-06-10T21:00:00.000Z
DEVICES09,Total density per million population: Computed tomography units,text,AMR,Americas,Country,SUR,Suriname,Year,2010,false,,,,,,,,,,,,,7.62,,,,,,7.62,,,EN,2013-06-10T21:00:00.000Z
DEVICES09,Total density per million population: Computed tomography units,text,EUR,Europe,Country,ISR,Israel,Year,2010,false,,,,,,,,,,,,,7.82,,,,,,7.82,,,EN,2013-06-10T21:00:00.000Z
DEVICES09,Total density per million population: Computed tomography units,text,WPR,Western Pacific,Country,MNG,Mongolia,Year,2010,false,,,,,,,,,,,,,8.35,,,,,,8.35,,,EN,2013-06-10T21:00:00.000Z
DEVICES09,Total density per million population: Computed tomography units,text,EMR,Eastern Mediterranean,Country,OMN,Oman,Year,2010,false,,,,,,,,,,,,,8.63,,,,,,8.63,,,EN,2013-06-10T21:00:00.000Z
DEVICES09,Total density per million population: Computed tomography units,text,EUR,Europe,Country,GEO,Georgia,Year,2010,false,,,,,,,,,,,,,8.73,,,,,,8.73,,,EN,2013-06-10T21:00:00.000Z
DEVICES09,Total density per million population: Computed tomography units,text,EMR,Eastern Mediterranean,Country,TUN,Tunisia,Year,2010,false,,,,,,,,,,,,,9.35,,,,,,9.35,,,EN,2013-06-10T21:00:00.000Z
DEVICES09,Total density per million population: Computed tomography units,text,EMR,Eastern Mediterranean,Country,LBY,Libya,Year,2010,false,,,,,,,,,,,,,9.44,,,,,,9.44,,,EN,2013-06-10T21:00:00.000Z
DEVICES09,Total density per million population: Computed tomography units,text,WPR,Western Pacific,Country,SGP,Singapore,Year,2010,false,,,,,,,,,,,,,9.44,,,,,,9.44,,,EN,2013-06-10T21:00:00.000Z
DEVICES09,Total density per million population: Computed tomography units,text,EUR,Europe,Country,MNE,Montenegro,Year,2010,false,,,,,,,,,,,,,9.5,,,,,,9.50,,,EN,2013-06-10T21:00:00.000Z
DEVICES09,Total density per million population: Computed tomography units,text,EUR,Europe,Country,MLT,Malta,Year,2010,false,,,,,,,,,,,,,9.6,,,,,,9.60,,,EN,2013-06-10T21:00:00.000Z
DEVICES10,Total density per million population: Positron Emission tomography,text,AFR,Africa,Country,MWI,Malawi,Year,2010,false,,,,,,,,,,,,,0,,,,,,0,,,EN,2013-06-10T21:00:00.000Z
DEVICES10,Total density per million population: Positron Emission tomography,text,EMR,Eastern Mediterranean,Country,AFG,Afghanistan,Year,2010,false,,,,,,,,,,,,,0,,,,,,0.00,,,EN,2013-06-10T21:00:00.000Z
DEVICES10,Total density per million population: Positron Emission tomography,text,EUR,Europe,Country,ALB,Albania,Year,2010,false,,,,,,,,,,,,,0,,,,,,0.00,,,EN,2013-06-10T21:00:00.000Z
DEVICES10,Total density per million population: Positron Emission tomography,text,AFR,Africa,Country,AGO,Angola,Year,2010,false,,,,,,,,,,,,,0,,,,,,0.00,,Only public sector data,EN,2013-06-10T21:00:00.000Z
DEVICES10,Total density per million population: Positron Emission tomography,text,EUR,Europe,Country,ARM,Armenia,Year,2010,false,,,,,,,,,,,,,0,,,,,,0.00,,,EN,2013-06-10T21:00:00.000Z
DEVICES10,Total density per million population: Positron Emission tomography,text,AMR,Americas,Country,BHS,Bahamas,Year,2010,false,,,,,,,,,,,,,0,,,,,,0.00,,,EN,2013-06-10T21:00:00.000Z
DEVICES10,Total density per million population: Positron Emission tomography,text,AMR,Americas,Country,BRB,Barbados,Year,2010,false,,,,,,,,,,,,,0,,,,,,0.00,,Only public sector data,EN,2013-06-10T21:00:00.000Z
DEVICES10,Total density per million population: Positron Emission tomography,text,EUR,Europe,Country,BLR,Belarus,Year,2010,false,,,,,,,,,,,,,0,,,,,,0.00,,Only public sector data,EN,2013-06-10T21:00:00.000Z
DEVICES10,Total density per million population: Positron Emission tomography,text,AMR,Americas,Country,BLZ,Belize,Year,2010,false,,,,,,,,,,,,,0,,,,,,0.00,,,EN,2013-06-10T21:00:00.000Z
DEVICES10,Total density per million population: Positron Emission tomography,text,AFR,Africa,Country,BEN,Benin,Year,2010,false,,,,,,,,,,,,,0,,,,,,0.00,,,EN,2013-06-10T21:00:00.000Z
DEVICES10,Total density per million population: Positron Emission tomography,text,SEAR,South-East Asia,Country,BTN,Bhutan,Year,2010,false,,,,,,,,,,,,,0,,,,,,0.00,,,EN,2013-06-10T21:00:00.000Z
DEVICES10,Total density per million population: Positron Emission tomography,text,AFR,Africa,Country,BWA,Botswana,Year,2010,false,,,,,,,,,,,,,0,,,,,,0.00,,Only public sector data,EN,2013-06-10T21:00:00.000Z
DEVICES10,Total density per million population: Positron Emission tomography,text,AFR,Africa,Country,BFA,Burkina Faso,Year,2010,false,,,,,,,,,,,,,0,,,,,,0.00,,,EN,2013-06-10T21:00:00.000Z
DEVICES10,Total density per million population: Positron Emission tomography,text,AFR,Africa,Country,BDI,Burundi,Year,2010,false,,,,,,,,,,,,,0,,,,,,0.00,,,EN,2013-06-10T21:00:00.000Z
DEVICES10,Total density per million population: Positron Emission tomography,text,AFR,Africa,Country,CIV,Cote d'Ivoire,Year,2010,false,,,,,,,,,,,,,0,,,,,,0.00,,,EN,2013-06-10T21:00:00.000Z
DEVICES10,Total density per million population: Positron Emission tomography,text,WPR,Western Pacific,Country,KHM,Cambodia,Year,2010,false,,,,,,,,,,,,,0,,,,,,0.00,,,EN,2013-06-10T21:00:00.000Z
DEVICES10,Total density per million population: Positron Emission tomography,text,AFR,Africa,Country,CMR,Cameroon,Year,2010,false,,,,,,,,,,,,,0,,,,,,0.00,,,EN,2013-06-10T21:00:00.000Z
DEVICES10,Total density per million population: Positron Emission tomography,text,AFR,Africa,Country,CAF,Central African Republic,Year,2010,false,,,,,,,,,,,,,0,,,,,,0.00,,,EN,2013-06-10T21:00:00.000Z
DEVICES10,Total density per million population: Positron Emission tomography,text,AMR,Americas,Country,CHL,Chile,Year,2010,false,,,,,,,,,,,,,0,,,,,,0.00,,Only public sector data,EN,2013-06-10T21:00:00.000Z
DEVICES10,Total density per million population: Positron Emission tomography,text,AFR,Africa,Country,COM,Comoros,Year,2010,false,,,,,,,,,,,,,0,,,,,,0.00,,,EN,2013-06-10T21:00:00.000Z
DEVICES10,Total density per million population: Positron Emission tomography,text,AMR,Americas,Country,CRI,Costa Rica,Year,2010,false,,,,,,,,,,,,,0,,,,,,0.00,,,EN,2013-06-10T21:00:00.000Z
DEVICES10,Total density per million population: Positron Emission tomography,text,EUR,Europe,Country,CYP,Cyprus,Year,2010,false,,,,,,,,,,,,,0,,,,,,0.00,,,EN,2013-06-10T21:00:00.000Z
DEVICES10,Total density per million population: Positron Emission tomography,text,AFR,Africa,Country,COD,Democratic Republic of the Congo,Year,2010,false,,,,,,,,,,,,,0,,,,,,0.00,,,EN,2013-06-10T21:00:00.000Z
DEVICES10,Total density per million population: Positron Emission tomography,text,AMR,Americas,Country,DMA,Dominica,Year,2010,false,,,,,,,,,,,,,0,,,,,,0.00,,,EN,2013-06-10T21:00:00.000Z
DEVICES10,Total density per million population: Positron Emission tomography,text,AMR,Americas,Country,SLV,El Salvador,Year,2010,false,,,,,,,,,,,,,0,,,,,,0.00,,,EN,2013-06-10T21:00:00.000Z
DEVICES10,Total density per million population: Positron Emission tomography,text,AFR,Africa,Country,ERI,Eritrea,Year,2010,false,,,,,,,,,,,,,0,,,,,,0.00,,,EN,2013-06-10T21:00:00.000Z
DEVICES10,Total density per million population: Positron Emission tomography,text,AFR,Africa,Country,SWZ,Eswatini,Year,2010,false,,,,,,,,,,,,,0,,,,,,0.00,,,EN,2013-06-10T21:00:00.000Z
DEVICES10,Total density per million population: Positron Emission tomography,text,AFR,Africa,Country,ETH,Ethiopia,Year,2010,false,,,,,,,,,,,,,0,,,,,,0.00,,,EN,2013-06-10T21:00:00.000Z
DEVICES10,Total density per million population: Positron Emission tomography,text,WPR,Western Pacific,Country,FJI,Fiji,Year,2010,false,,,,,,,,,,,,,0,,,,,,0.00,,,EN,2013-06-10T21:00:00.000Z
DEVICES10,Total density per million population: Positron Emission tomography,text,AFR,Africa,Country,GAB,Gabon,Year,2010,false,,,,,,,,,,,,,0,,,,,,0.00,,,EN,2013-06-10T21:00:00.000Z
DEVICES10,Total density per million population: Positron Emission tomography,text,AFR,Africa,Country,GMB,Gambia,Year,2010,false,,,,,,,,,,,,,0,,,,,,0.00,,Only private sector data,EN,2013-06-10T21:00:00.000Z
DEVICES10,Total density per million population: Positron Emission tomography,text,EUR,Europe,Country,GEO,Georgia,Year,2010,false,,,,,,,,,,,,,0,,,,,,0.00,,,EN,2013-06-10T21:00:00.000Z
DEVICES10,Total density per million population: Positron Emission tomography,text,AMR,Americas,Country,GRD,Grenada,Year,2010,false,,,,,,,,,,,,,0,,,,,,0.00,,,EN,2013-06-10T21:00:00.000Z
DEVICES10,Total density per million population: Positron Emission tomography,text,AFR,Africa,Country,GIN,Guinea,Year,2010,false,,,,,,,,,,,,,0,,,,,,0.00,,Only public sector data,EN,2013-06-10T21:00:00.000Z
DEVICES10,Total density per million population: Positron Emission tomography,text,AFR,Africa,Country,GNB,Guinea-Bissau,Year,2010,false,,,,,,,,,,,,,0,,,,,,0.00,,,EN,2013-06-10T21:00:00.000Z
DEVICES10,Total density per million population: Positron Emission tomography,text,AMR,Americas,Country,HND,Honduras,Year,2010,false,,,,,,,,,,,,,0,,,,,,0.00,,,EN,2013-06-10T21:00:00.000Z
DEVICES10,Total density per million population: Positron Emission tomography,text,EUR,Europe,Country,ISL,Iceland,Year,2010,false,,,,,,,,,,,,,0,,,,,,0.00,,,EN,2013-06-10T21:00:00.000Z
DEVICES10,Total density per million population: Positron Emission tomography,text,EMR,Eastern Mediterranean,Country,IRQ,Iraq,Year,2010,false,,,,,,,,,,,,,0,,,,,,0.00,,Only public sector data,EN,2013-06-10T21:00:00.000Z
DEVICES10,Total density per million population: Positron Emission tomography,text,AMR,Americas,Country,JAM,Jamaica,Year,2010,false,,,,,,,,,,,,,0,,,,,,0.00,,,EN,2013-06-10T21:00:00.000Z
DEVICES10,Total density per million population: Positron Emission tomography,text,AFR,Africa,Country,KEN,Kenya,Year,2010,false,,,,,,,,,,,,,0,,,,,,0.00,,,EN,2013-06-10T21:00:00.000Z
DEVICES10,Total density per million population: Positron Emission tomography,text,WPR,Western Pacific,Country,KIR,Kiribati,Year,2010,false,,,,,,,,,,,,,0,,,,,,0.00,,,EN,2013-06-10T21:00:00.000Z
DEVICES10,Total density per million population: Positron Emission tomography,text,WPR,Western Pacific,Country,LAO,Lao People's Democratic Republic,Year,2010,false,,,,,,,,,,,,,0,,,,,,0.00,,,EN,2013-06-10T21:00:00.000Z
DEVICES10,Total density per million population: Positron Emission tomography,text,EUR,Europe,Country,LVA,Latvia,Year,2010,false,,,,,,,,,,,,,0,,,,,,0.00,,,EN,2013-06-10T21:00:00.000Z
DEVICES10,Total density per million population: Positron Emission tomography,text,EUR,Europe,Country,LTU,Lithuania,Year,2010,false,,,,,,,,,,,,,0,,,,,,0.00,,,EN,2013-06-10T21:00:00.000Z
DEVICES10,Total density per million population: Positron Emission tomography,text,AFR,Africa,Country,MDG,Madagascar,Year,2010,false,,,,,,,,,,,,,0,,,,,,0.00,,Only public sector data,EN,2013-06-10T21:00:00.000Z
DEVICES10,Total density per million population: Positron Emission tomography,text,SEAR,South-East Asia,Country,MDV,Maldives,Year,2010,false,,,,,,,,,,,,,0,,,,,,0.00,,,EN,2013-06-10T21:00:00.000Z
DEVICES10,Total density per million population: Positron Emission tomography,text,AFR,Africa,Country,MLI,Mali,Year,2010,false,,,,,,,,,,,,,0,,,,,,0.00,,Only public sector data,EN,2013-06-10T21:00:00.000Z
DEVICES10,Total density per million population: Positron Emission tomography,text,WPR,Western Pacific,Country,MHL,Marshall Islands,Year,2010,false,,,,,,,,,,,,,0,,,,,,0.00,,,EN,2013-06-10T21:00:00.000Z
DEVICES10,Total density per million population: Positron Emission tomography,text,AFR,Africa,Country,MUS,Mauritius,Year,2010,false,,,,,,,,,,,,,0,,,,,,0.00,,,EN,2013-06-10T21:00:00.000Z
DEVICES10,Total density per million population: Positron Emission tomography,text,WPR,Western Pacific,Country,FSM,Micronesia (Federated States of),Year,2010,false,,,,,,,,,,,,,0,,,,,,0.00,,,EN,2013-06-10T21:00:00.000Z
DEVICES10,Total density per million population: Positron Emission tomography,text,EMR,Eastern Mediterranean,Country,MAR,Morocco,Year,2010,false,,,,,,,,,,,,,0,,,,,,0.00,,Only public sector data,EN,2013-06-10T21:00:00.000Z
DEVICES10,Total density per million population: Positron Emission tomography,text,AFR,Africa,Country,NAM,Namibia,Year,2010,false,,,,,,,,,,,,,0,,,,,,0.00,,,EN,2013-06-10T21:00:00.000Z
DEVICES10,Total density per million population: Positron Emission tomography,text,AMR,Americas,Country,NIC,Nicaragua,Year,2010,false,,,,,,,,,,,,,0,,,,,,0.00,,Only public sector data,EN,2013-06-10T21:00:00.000Z
DEVICES10,Total density per million population: Positron Emission tomography,text,AFR,Africa,Country,NER,Niger,Year,2010,false,,,,,,,,,,,,,0,,,,,,0.00,,,EN,2013-06-10T21:00:00.000Z
DEVICES10,Total density per million population: Positron Emission tomography,text,EMR,Eastern Mediterranean,Country,OMN,Oman,Year,2010,false,,,,,,,,,,,,,0,,,,,,0.00,,,EN,2013-06-10T21:00:00.000Z
DEVICES10,Total density per million population: Positron Emission tomography,text,AMR,Americas,Country,PAN,Panama,Year,2010,false,,,,,,,,,,,,,0,,,,,,0.00,,,EN,2013-06-10T21:00:00.000Z
DEVICES10,Total density per million population: Positron Emission tomography,text,WPR,Western Pacific,Country,PNG,Papua New Guinea,Year,2010,false,,,,,,,,,,,,,0,,,,,,0.00,,,EN,2013-06-10T21:00:00.000Z
DEVICES10,Total density per million population: Positron Emission tomography,text,AMR,Americas,Country,PRY,Paraguay,Year,2010,false,,,,,,,,,,,,,0,,,,,,0.00,,,EN,2013-06-10T21:00:00.000Z
DEVICES10,Total density per million population: Positron Emission tomography,text,AMR,Americas,Country,KNA,Saint Kitts and Nevis,Year,2010,false,,,,,,,,,,,,,0,,,,,,0.00,,,EN,2013-06-10T21:00:00.000Z
DEVICES10,Total density per million population: Positron Emission tomography,text,AMR,Americas,Country,LCA,Saint Lucia,Year,2010,false,,,,,,,,,,,,,0,,,,,,0.00,,,EN,2013-06-10T21:00:00.000Z
DEVICES10,Total density per million population: Positron Emission tomography,text,AMR,Americas,Country,VCT,Saint Vincent and the Grenadines,Year,2010,false,,,,,,,,,,,,,0,,,,,,0.00,,,EN,2013-06-10T21:00:00.000Z
DEVICES10,Total density per million population: Positron Emission tomography,text,WPR,Western Pacific,Country,WSM,Samoa,Year,2010,false,,,,,,,,,,,,,0,,,,,,0.00,,,EN,2013-06-10T21:00:00.000Z
DEVICES10,Total density per million population: Positron Emission tomography,text,EUR,Europe,Country,SMR,San Marino,Year,2010,false,,,,,,,,,,,,,0,,,,,,0.00,,,EN,2013-06-10T21:00:00.000Z
DEVICES10,Total density per million population: Positron Emission tomography,text,EMR,Eastern Mediterranean,Country,SAU,Saudi Arabia,Year,2010,false,,,,,,,,,,,,,0,,,,,,0.00,,Only public sector data,EN,2013-06-10T21:00:00.000Z
DEVICES10,Total density per million population: Positron Emission tomography,text,AFR,Africa,Country,SEN,Senegal,Year,2010,false,,,,,,,,,,,,,0,,,,,,0.00,,Only public sector data,EN,2013-06-10T21:00:00.000Z
DEVICES10,Total density per million population: Positron Emission tomography,text,AFR,Africa,Country,SYC,Seychelles,Year,2010,true,,,,,,,,,,,,,0,,,,,,0.00,,,EN,2013-06-10T21:00:00.000Z
DEVICES10,Total density per million population: Positron Emission tomography,text,SEAR,South-East Asia,Country,LKA,Sri Lanka,Year,2010,false,,,,,,,,,,,,,0,,,,,,0.00,,,EN,2013-06-10T21:00:00.000Z
DEVICES10,Total density per million population: Positron Emission tomography,text,AMR,Americas,Country,SUR,Suriname,Year,2010,false,,,,,,,,,,,,,0,,,,,,0.00,,,EN,2013-06-10T21:00:00.000Z
DEVICES10,Total density per million population: Positron Emission tomography,text,WPR,Western Pacific,Country,TON,Tonga,Year,2010,false,,,,,,,,,,,,,0,,,,,,0.00,,,EN,2013-06-10T21:00:00.000Z
DEVICES10,Total density per million population: Positron Emission tomography,text,AMR,Americas,Country,TTO,Trinidad and Tobago,Year,2010,false,,,,,,,,,,,,,0,,,,,,0.00,,Only public sector data,EN,2013-06-10T21:00:00.000Z
DEVICES10,Total density per million population: Positron Emission tomography,text,AFR,Africa,Country,UGA,Uganda,Year,2010,false,,,,,,,,,,,,,0,,,,,,0.00,,,EN,2013-06-10T21:00:00.000Z
DEVICES10,Total density per million population: Positron Emission tomography,text,WPR,Western Pacific,Country,VUT,Vanuatu,Year,2010,false,,,,,,,,,,,,,0,,,,,,0.00,,,EN,2013-06-10T21:00:00.000Z
DEVICES10,Total density per million population: Positron Emission tomography,text,EMR,Eastern Mediterranean,Country,YEM,Yemen,Year,2010,false,,,,,,,,,,,,,0,,,,,,0.00,,,EN,2013-06-10T21:00:00.000Z
DEVICES10,Total density per million population: Positron Emission tomography,text,AFR,Africa,Country,ZMB,Zambia,Year,2010,false,,,,,,,,,,,,,0,,,,,,0.00,,,EN,2013-06-10T21:00:00.000Z
DEVICES10,Total density per million population: Positron Emission tomography,text,AFR,Africa,Country,ZWE,Zimbabwe,Year,2010,false,,,,,,,,,,,,,0,,,,,,0.00,,,EN,2013-06-10T21:00:00.000Z
DEVICES10,Total density per million population: Positron Emission tomography,text,AFR,Africa,Country,TZA,United Republic of Tanzania,Year,2010,false,,,,,,,,,,,,,0.02,,,,,,0.02,,Only public sector data,EN,2013-06-10T21:00:00.000Z
DEVICES10,Total density per million population: Positron Emission tomography,text,EMR,Eastern Mediterranean,Country,PAK,Pakistan,Year,2010,false,,,,,,,,,,,,,0.03,,,,,,0.03,,,EN,2013-06-10T21:00:00.000Z
DEVICES10,Total density per million population: Positron Emission tomography,text,EUR,Europe,Country,ROU,Romania,Year,2010,false,,,,,,,,,,,,,0.05,,,,,,0.05,,,EN,2013-06-10T21:00:00.000Z
DEVICES10,Total density per million population: Positron Emission tomography,text,EUR,Europe,Country,KAZ,Kazakhstan,Year,2010,false,,,,,,,,,,,,,0.06,,,,,,0.06,,,EN,2013-06-10T21:00:00.000Z
DEVICES10,Total density per million population: Positron Emission tomography,text,AFR,Africa,Country,ZAF,South Africa,Year,2010,false,,,,,,,,,,,,,0.06,,,,,,0.06,,Only public sector data,EN,2013-06-10T21:00:00.000Z
DEVICES10,Total density per million population: Positron Emission tomography,text,SEAR,South-East Asia,Country,THA,Thailand,Year,2010,false,,,,,,,,,,,,,0.07,,,,,,0.07,,,EN,2013-06-10T21:00:00.000Z
DEVICES10,Total density per million population: Positron Emission tomography,text,AMR,Americas,Country,MEX,Mexico,Year,2010,false,,,,,,,,,,,,,0.12,,,,,,0.12,,,EN,2013-06-10T21:00:00.000Z
DEVICES10,Total density per million population: Positron Emission tomography,text,AMR,Americas,Country,ECU,Ecuador,Year,2010,false,,,,,,,,,,,,,0.14,,,,,,0.14,,,EN,2013-06-10T21:00:00.000Z
DEVICES10,Total density per million population: Positron Emission tomography,text,EMR,Eastern Mediterranean,Country,LBY,Libya,Year,2010,false,,,,,,,,,,,,,0.16,,,,,,0.16,,,EN,2013-06-10T21:00:00.000Z
DEVICES10,Total density per million population: Positron Emission tomography,text,EUR,Europe,Country,SRB,Serbia,Year,2010,false,,,,,,,,,,,,,0.2,,,,,,0.20,,,EN,2013-06-10T21:00:00.000Z
DEVICES10,Total density per million population: Positron Emission tomography,text,EUR,Europe,Country,AZE,Azerbaijan,Year,2010,false,,,,,,,,,,,,,0.22,,,,,,0.22,,Only public sector data,EN,2013-06-10T21:00:00.000Z
DEVICES10,Total density per million population: Positron Emission tomography,text,AMR,Americas,Country,URY,Uruguay,Year,2010,false,,,,,,,,,,,,,0.3,,,,,,0.30,,,EN,2013-06-10T21:00:00.000Z
DEVICES10,Total density per million population: Positron Emission tomography,text,EMR,Eastern Mediterranean,Country,JOR,Jordan,Year,2010,false,,,,,,,,,,,,,0.32,,,,,,0.32,,,EN,2013-06-10T21:00:00.000Z
DEVICES10,Total density per million population: Positron Emission tomography,text,EUR,Europe,Country,POL,Poland,Year,2010,false,,,,,,,,,,,,,0.34,,,,,,0.34,,,EN,2013-06-10T21:00:00.000Z
DEVICES10,Total density per million population: Positron Emission tomography,text,WPR,Western Pacific,Country,MYS,Malaysia,Year,2010,false,,,,,,,,,,,,,0.39,,,,,,0.39,,,EN,2013-06-10T21:00:00.000Z
DEVICES10,Total density per million population: Positron Emission tomography,text,EUR,Europe,Country,HRV,Croatia,Year,2010,false,,,,,,,,,,,,,0.45,,,,,,0.45,,,EN,2013-06-10T21:00:00.000Z
DEVICES10,Total density per million population: Positron Emission tomography,text,EUR,Europe,Country,IRL,Ireland,Year,2010,false,,,,,,,,,,,,,0.45,,,,,,0.45,,Only public sector data,EN,2013-06-10T21:00:00.000Z
DEVICES10,Total density per million population: Positron Emission tomography,text,WPR,Western Pacific,Country,NZL,New Zealand,Year,2010,false,,,,,,,,,,,,,0.46,,,,,,0.46,,,EN,2013-06-10T21:00:00.000Z
DEVICES10,Total density per million population: Positron Emission tomography,text,EUR,Europe,Country,BIH,Bosnia and Herzegovina,Year,2010,false,,,,,,,,,,,,,0.53,,,,,,0.53,,,EN,2013-06-10T21:00:00.000Z
DEVICES10,Total density per million population: Positron Emission tomography,text,EUR,Europe,Country,CZE,Czechia,Year,2010,false,,,,,,,,,,,,,0.57,,,,,,0.57,,,EN,2013-06-10T21:00:00.000Z
DEVICES10,Total density per million population: Positron Emission tomography,text,EMR,Eastern Mediterranean,Country,QAT,Qatar,Year,2010,false,,,,,,,,,,,,,0.57,,,,,,0.57,,,EN,2013-06-10T21:00:00.000Z
DEVICES10,Total density per million population: Positron Emission tomography,text,EUR,Europe,Country,HUN,Hungary,Year,2010,false,,,,,,,,,,,,,0.6,,,,,,0.60,,,EN,2013-06-10T21:00:00.000Z
DEVICES10,Total density per million population: Positron Emission tomography,text,EUR,Europe,Country,NOR,Norway,Year,2010,false,,,,,,,,,,,,,0.61,,,,,,0.61,,,EN,2013-06-10T21:00:00.000Z
DEVICES10,Total density per million population: Positron Emission tomography,text,EUR,Europe,Country,PRT,Portugal,Year,2010,false,,,,,,,,,,,,,0.66,,,,,,0.66,,,EN,2013-06-10T21:00:00.000Z
DEVICES10,Total density per million population: Positron Emission tomography,text,EUR,Europe,Country,EST,Estonia,Year,2010,false,,,,,,,,,,,,,0.75,,,,,,0.75,,,EN,2013-06-10T21:00:00.000Z
DEVICES10,Total density per million population: Positron Emission tomography,text,EUR,Europe,Country,ISR,Israel,Year,2010,false,,,,,,,,,,,,,0.81,,,,,,0.81,,,EN,2013-06-10T21:00:00.000Z
DEVICES10,Total density per million population: Positron Emission tomography,text,EUR,Europe,Country,TUR,Türkiye,Year,2010,false,,,,,,,,,,,,,0.92,,,,,,0.92,,,EN,2013-06-10T21:00:00.000Z
DEVICES10,Total density per million population: Positron Emission tomography,text,EUR,Europe,Country,SVN,Slovenia,Year,2010,false,,,,,,,,,,,,,0.99,,,,,,0.99,,Only public sector data,EN,2013-06-10T21:00:00.000Z
DEVICES10,Total density per million population: Positron Emission tomography,text,AMR,Americas,Country,CAN,Canada,Year,2010,false,,,,,,,,,,,,,1.18,,,,,,1.18,,,EN,2013-06-10T21:00:00.000Z
DEVICES10,Total density per million population: Positron Emission tomography,text,EMR,Eastern Mediterranean,Country,LBN,Lebanon,Year,2010,false,,,,,,,,,,,,,1.42,,,,,,1.42,,,EN,2013-06-10T21:00:00.000Z
DEVICES10,Total density per million population: Positron Emission tomography,text,EUR,Europe,Country,LUX,Luxembourg,Year,2010,false,,,,,,,,,,,,,1.97,,,,,,1.97,,,EN,2013-06-10T21:00:00.000Z
DEVICES10,Total density per million population: Positron Emission tomography,text,AFR,Africa,Country,CPV,Cabo Verde,Year,2010,false,,,,,,,,,,,,,2.02,,,,,,2.02,,,EN,2013-06-10T21:00:00.000Z
DEVICES10,Total density per million population: Positron Emission tomography,text,EUR,Europe,Country,MLT,Malta,Year,2010,false,,,,,,,,,,,,,2.4,,,,,,2.40,,,EN,2013-06-10T21:00:00.000Z
DEVICES10,Total density per million population: Positron Emission tomography,text,EUR,Europe,Country,NLD,Netherlands (Kingdom of the),Year,2010,false,,,,,,,,,,,,,2.41,,,,,,2.41,,,EN,2013-06-10T21:00:00.000Z
DEVICES10,Total density per million population: Positron Emission tomography,text,EUR,Europe,Country,AUT,Austria,Year,2010,false,,,,,,,,,,,,,2.74,,,,,,2.74,,Only public sector data,EN,2013-06-10T21:00:00.000Z
DEVICES10,Total density per million population: Positron Emission tomography,text,EUR,Europe,Country,MCO,Monaco,Year,2010,false,,,,,,,,,,,,,28.24,,,,,,28.24,,,EN,2013-06-10T21:00:00.000Z
DEVICES10,Total density per million population: Positron Emission tomography,text,WPR,Western Pacific,Country,KOR,Republic of Korea,Year,2010,false,,,,,,,,,,,,,3.22,,,,,,3.22,,,EN,2013-06-10T21:00:00.000Z
DEVICES10,Total density per million population: Positron Emission tomography,text,WPR,Western Pacific,Country,JPN,Japan,Year,2010,false,,,,,,,,,,,,,4.37,,,,,,4.37,,,EN,2013-06-10T21:00:00.000Z
DEVICES10,Total density per million population: Positron Emission tomography,text,EUR,Europe,Country,DNK,Denmark,Year,2010,false,,,,,,,,,,,,,5.95,,,,,,5.95,,,EN,2013-06-10T21:00:00.000Z
DEVICES11,Total density per million population: Gamma camera or Nuclear medicine,text,AFR,Africa,Country,MWI,Malawi,Year,2010,false,,,,,,,,,,,,,0,,,,,,0,,,EN,2013-06-10T21:00:00.000Z
DEVICES11,Total density per million population: Gamma camera or Nuclear medicine,text,EMR,Eastern Mediterranean,Country,AFG,Afghanistan,Year,2010,false,,,,,,,,,,,,,0,,,,,,0.00,,,EN,2013-06-10T21:00:00.000Z
DEVICES11,Total density per million population: Gamma camera or Nuclear medicine,text,EUR,Europe,Country,ALB,Albania,Year,2010,false,,,,,,,,,,,,,0,,,,,,0.00,,,EN,2013-06-10T21:00:00.000Z
DEVICES11,Total density per million population: Gamma camera or Nuclear medicine,text,AFR,Africa,Country,AGO,Angola,Year,2010,false,,,,,,,,,,,,,0,,,,,,0.00,,Only public sector data,EN,2013-06-10T21:00:00.000Z
DEVICES11,Total density per million population: Gamma camera or Nuclear medicine,text,AMR,Americas,Country,BHS,Bahamas,Year,2010,false,,,,,,,,,,,,,0,,,,,,0.00,,Only public sector data,EN,2013-06-10T21:00:00.000Z
DEVICES11,Total density per million population: Gamma camera or Nuclear medicine,text,AMR,Americas,Country,BLZ,Belize,Year,2010,false,,,,,,,,,,,,,0,,,,,,0.00,,,EN,2013-06-10T21:00:00.000Z
DEVICES11,Total density per million population: Gamma camera or Nuclear medicine,text,AFR,Africa,Country,BEN,Benin,Year,2010,false,,,,,,,,,,,,,0,,,,,,0.00,,,EN,2013-06-10T21:00:00.000Z
DEVICES11,Total density per million population: Gamma camera or Nuclear medicine,text,SEAR,South-East Asia,Country,BTN,Bhutan,Year,2010,false,,,,,,,,,,,,,0,,,,,,0.00,,,EN,2013-06-10T21:00:00.000Z
DEVICES11,Total density per million population: Gamma camera or Nuclear medicine,text,AFR,Africa,Country,BWA,Botswana,Year,2010,false,,,,,,,,,,,,,0,,,,,,0.00,,Only public sector data,EN,2013-06-10T21:00:00.000Z
DEVICES11,Total density per million population: Gamma camera or Nuclear medicine,text,AFR,Africa,Country,BFA,Burkina Faso,Year,2010,false,,,,,,,,,,,,,0,,,,,,0.00,,,EN,2013-06-10T21:00:00.000Z
DEVICES11,Total density per million population: Gamma camera or Nuclear medicine,text,AFR,Africa,Country,BDI,Burundi,Year,2010,false,,,,,,,,,,,,,0,,,,,,0.00,,,EN,2013-06-10T21:00:00.000Z
DEVICES11,Total density per million population: Gamma camera or Nuclear medicine,text,AFR,Africa,Country,CIV,Cote d'Ivoire,Year,2010,false,,,,,,,,,,,,,0,,,,,,0.00,,,EN,2013-06-10T21:00:00.000Z
DEVICES11,Total density per million population: Gamma camera or Nuclear medicine,text,AFR,Africa,Country,CPV,Cabo Verde,Year,2010,false,,,,,,,,,,,,,0,,,,,,0.00,,,EN,2013-06-10T21:00:00.000Z
DEVICES11,Total density per million population: Gamma camera or Nuclear medicine,text,WPR,Western Pacific,Country,KHM,Cambodia,Year,2010,false,,,,,,,,,,,,,0,,,,,,0.00,,,EN,2013-06-10T21:00:00.000Z
DEVICES11,Total density per million population: Gamma camera or Nuclear medicine,text,AFR,Africa,Country,CAF,Central African Republic,Year,2010,false,,,,,,,,,,,,,0,,,,,,0.00,,,EN,2013-06-10T21:00:00.000Z
DEVICES11,Total density per million population: Gamma camera or Nuclear medicine,text,AFR,Africa,Country,COM,Comoros,Year,2010,false,,,,,,,,,,,,,0,,,,,,0.00,,,EN,2013-06-10T21:00:00.000Z
DEVICES11,Total density per million population: Gamma camera or Nuclear medicine,text,AMR,Americas,Country,DMA,Dominica,Year,2010,false,,,,,,,,,,,,,0,,,,,,0.00,,,EN,2013-06-10T21:00:00.000Z
DEVICES11,Total density per million population: Gamma camera or Nuclear medicine,text,AFR,Africa,Country,ERI,Eritrea,Year,2010,false,,,,,,,,,,,,,0,,,,,,0.00,,,EN,2013-06-10T21:00:00.000Z
DEVICES11,Total density per million population: Gamma camera or Nuclear medicine,text,AFR,Africa,Country,SWZ,Eswatini,Year,2010,false,,,,,,,,,,,,,0,,,,,,0.00,,,EN,2013-06-10T21:00:00.000Z
DEVICES11,Total density per million population: Gamma camera or Nuclear medicine,text,WPR,Western Pacific,Country,FJI,Fiji,Year,2010,false,,,,,,,,,,,,,0,,,,,,0.00,,,EN,2013-06-10T21:00:00.000Z
DEVICES11,Total density per million population: Gamma camera or Nuclear medicine,text,AFR,Africa,Country,GAB,Gabon,Year,2010,false,,,,,,,,,,,,,0,,,,,,0.00,,,EN,2013-06-10T21:00:00.000Z
DEVICES11,Total density per million population: Gamma camera or Nuclear medicine,text,AFR,Africa,Country,GMB,Gambia,Year,2010,false,,,,,,,,,,,,,0,,,,,,0.00,,Only private sector data,EN,2013-06-10T21:00:00.000Z
DEVICES11,Total density per million population: Gamma camera or Nuclear medicine,text,AMR,Americas,Country,GRD,Grenada,Year,2010,false,,,,,,,,,,,,,0,,,,,,0.00,,,EN,2013-06-10T21:00:00.000Z
DEVICES11,Total density per million population: Gamma camera or Nuclear medicine,text,AFR,Africa,Country,GIN,Guinea,Year,2010,false,,,,,,,,,,,,,0,,,,,,0.00,,Only public sector data,EN,2013-06-10T21:00:00.000Z
DEVICES11,Total density per million population: Gamma camera or Nuclear medicine,text,AFR,Africa,Country,GNB,Guinea-Bissau,Year,2010,false,,,,,,,,,,,,,0,,,,,,0.00,,,EN,2013-06-10T21:00:00.000Z
DEVICES11,Total density per million population: Gamma camera or Nuclear medicine,text,WPR,Western Pacific,Country,KIR,Kiribati,Year,2010,false,,,,,,,,,,,,,0,,,,,,0.00,,,EN,2013-06-10T21:00:00.000Z
DEVICES11,Total density per million population: Gamma camera or Nuclear medicine,text,WPR,Western Pacific,Country,LAO,Lao People's Democratic Republic,Year,2010,false,,,,,,,,,,,,,0,,,,,,0.00,,,EN,2013-06-10T21:00:00.000Z
DEVICES11,Total density per million population: Gamma camera or Nuclear medicine,text,AFR,Africa,Country,MDG,Madagascar,Year,2010,false,,,,,,,,,,,,,0,,,,,,0.00,,Only public sector data,EN,2013-06-10T21:00:00.000Z
DEVICES11,Total density per million population: Gamma camera or Nuclear medicine,text,SEAR,South-East Asia,Country,MDV,Maldives,Year,2010,false,,,,,,,,,,,,,0,,,,,,0.00,,,EN,2013-06-10T21:00:00.000Z
DEVICES11,Total density per million population: Gamma camera or Nuclear medicine,text,WPR,Western Pacific,Country,MHL,Marshall Islands,Year,2010,false,,,,,,,,,,,,,0,,,,,,0.00,,,EN,2013-06-10T21:00:00.000Z
DEVICES11,Total density per million population: Gamma camera or Nuclear medicine,text,WPR,Western Pacific,Country,FSM,Micronesia (Federated States of),Year,2010,false,,,,,,,,,,,,,0,,,,,,0.00,,,EN,2013-06-10T21:00:00.000Z
DEVICES11,Total density per million population: Gamma camera or Nuclear medicine,text,AFR,Africa,Country,NER,Niger,Year,2010,false,,,,,,,,,,,,,0,,,,,,0.00,,,EN,2013-06-10T21:00:00.000Z
DEVICES11,Total density per million population: Gamma camera or Nuclear medicine,text,WPR,Western Pacific,Country,PNG,Papua New Guinea,Year,2010,false,,,,,,,,,,,,,0,,,,,,0.00,,,EN,2013-06-10T21:00:00.000Z
DEVICES11,Total density per million population: Gamma camera or Nuclear medicine,text,AMR,Americas,Country,PRY,Paraguay,Year,2010,false,,,,,,,,,,,,,0,,,,,,0.00,,Only public sector data,EN,2013-06-10T21:00:00.000Z
DEVICES11,Total density per million population: Gamma camera or Nuclear medicine,text,AMR,Americas,Country,KNA,Saint Kitts and Nevis,Year,2010,false,,,,,,,,,,,,,0,,,,,,0.00,,,EN,2013-06-10T21:00:00.000Z
DEVICES11,Total density per million population: Gamma camera or Nuclear medicine,text,AMR,Americas,Country,LCA,Saint Lucia,Year,2010,false,,,,,,,,,,,,,0,,,,,,0.00,,,EN,2013-06-10T21:00:00.000Z
DEVICES11,Total density per million population: Gamma camera or Nuclear medicine,text,AMR,Americas,Country,VCT,Saint Vincent and the Grenadines,Year,2010,false,,,,,,,,,,,,,0,,,,,,0.00,,,EN,2013-06-10T21:00:00.000Z
DEVICES11,Total density per million population: Gamma camera or Nuclear medicine,text,WPR,Western Pacific,Country,WSM,Samoa,Year,2010,false,,,,,,,,,,,,,0,,,,,,0.00,,,EN,2013-06-10T21:00:00.000Z
DEVICES11,Total density per million population: Gamma camera or Nuclear medicine,text,EUR,Europe,Country,SMR,San Marino,Year,2010,false,,,,,,,,,,,,,0,,,,,,0.00,,,EN,2013-06-10T21:00:00.000Z
DEVICES11,Total density per million population: Gamma camera or Nuclear medicine,text,AFR,Africa,Country,SYC,Seychelles,Year,2010,true,,,,,,,,,,,,,0,,,,,,0.00,,,EN,2013-06-10T21:00:00.000Z
DEVICES11,Total density per million population: Gamma camera or Nuclear medicine,text,AMR,Americas,Country,SUR,Suriname,Year,2010,false,,,,,,,,,,,,,0,,,,,,0.00,,,EN,2013-06-10T21:00:00.000Z
DEVICES11,Total density per million population: Gamma camera or Nuclear medicine,text,WPR,Western Pacific,Country,TON,Tonga,Year,2010,false,,,,,,,,,,,,,0,,,,,,0.00,,,EN,2013-06-10T21:00:00.000Z
DEVICES11,Total density per million population: Gamma camera or Nuclear medicine,text,WPR,Western Pacific,Country,VUT,Vanuatu,Year,2010,false,,,,,,,,,,,,,0,,,,,,0.00,,,EN,2013-06-10T21:00:00.000Z
DEVICES11,Total density per million population: Gamma camera or Nuclear medicine,text,AFR,Africa,Country,ETH,Ethiopia,Year,2010,false,,,,,,,,,,,,,0.01,,,,,,0.01,,,EN,2013-06-10T21:00:00.000Z
DEVICES11,Total density per million population: Gamma camera or Nuclear medicine,text,AFR,Africa,Country,COD,Democratic Republic of the Congo,Year,2010,false,,,,,,,,,,,,,0.02,,,,,,0.02,,,EN,2013-06-10T21:00:00.000Z
DEVICES11,Total density per million population: Gamma camera or Nuclear medicine,text,EMR,Eastern Mediterranean,Country,PAK,Pakistan,Year,2010,false,,,,,,,,,,,,,0.04,,,,,,0.04,,,EN,2013-06-10T21:00:00.000Z
DEVICES11,Total density per million population: Gamma camera or Nuclear medicine,text,EMR,Eastern Mediterranean,Country,YEM,Yemen,Year,2010,false,,,,,,,,,,,,,0.04,,,,,,0.04,,,EN,2013-06-10T21:00:00.000Z
DEVICES11,Total density per million population: Gamma camera or Nuclear medicine,text,AFR,Africa,Country,CMR,Cameroon,Year,2010,false,,,,,,,,,,,,,0.05,,,,,,0.05,,,EN,2013-06-10T21:00:00.000Z
DEVICES11,Total density per million population: Gamma camera or Nuclear medicine,text,AFR,Africa,Country,KEN,Kenya,Year,2010,false,,,,,,,,,,,,,0.05,,,,,,0.05,,,EN,2013-06-10T21:00:00.000Z
DEVICES11,Total density per million population: Gamma camera or Nuclear medicine,text,EUR,Europe,Country,KAZ,Kazakhstan,Year,2010,false,,,,,,,,,,,,,0.06,,,,,,0.06,,,EN,2013-06-10T21:00:00.000Z
DEVICES11,Total density per million population: Gamma camera or Nuclear medicine,text,SEAR,South-East Asia,Country,MMR,Myanmar,Year,2010,false,,,,,,,,,,,,,0.06,,,,,,0.06,,Only public sector data,EN,2013-06-10T21:00:00.000Z
DEVICES11,Total density per million population: Gamma camera or Nuclear medicine,text,AFR,Africa,Country,UGA,Uganda,Year,2010,false,,,,,,,,,,,,,0.06,,,,,,0.06,,,EN,2013-06-10T21:00:00.000Z
DEVICES11,Total density per million population: Gamma camera or Nuclear medicine,text,AFR,Africa,Country,MLI,Mali,Year,2010,false,,,,,,,,,,,,,0.07,,,,,,0.07,,Only public sector data,EN,2013-06-10T21:00:00.000Z
DEVICES11,Total density per million population: Gamma camera or Nuclear medicine,text,AFR,Africa,Country,GHA,Ghana,Year,2010,false,,,,,,,,,,,,,0.08,,,,,,0.08,,Only public sector data,EN,2013-06-10T21:00:00.000Z
DEVICES11,Total density per million population: Gamma camera or Nuclear medicine,text,AFR,Africa,Country,SEN,Senegal,Year,2010,false,,,,,,,,,,,,,0.08,,,,,,0.08,,Only public sector data,EN,2013-06-10T21:00:00.000Z
DEVICES11,Total density per million population: Gamma camera or Nuclear medicine,text,AFR,Africa,Country,ZMB,Zambia,Year,2010,false,,,,,,,,,,,,,0.08,,,,,,0.08,,,EN,2013-06-10T21:00:00.000Z
DEVICES11,Total density per million population: Gamma camera or Nuclear medicine,text,AFR,Africa,Country,TZA,United Republic of Tanzania,Year,2010,false,,,,,,,,,,,,,0.09,,,,,,0.09,,Only public sector data,EN,2013-06-10T21:00:00.000Z
DEVICES11,Total density per million population: Gamma camera or Nuclear medicine,text,EMR,Eastern Mediterranean,Country,SDN,Sudan,Year,2010,false,,,,,,,,,,,,,0.11,,,,,,0.11,,,EN,2013-06-10T21:00:00.000Z
DEVICES11,Total density per million population: Gamma camera or Nuclear medicine,text,AMR,Americas,Country,HND,Honduras,Year,2010,false,,,,,,,,,,,,,0.13,,,,,,0.13,,,EN,2013-06-10T21:00:00.000Z
DEVICES11,Total density per million population: Gamma camera or Nuclear medicine,text,AMR,Americas,Country,ECU,Ecuador,Year,2010,false,,,,,,,,,,,,,0.14,,,,,,0.14,,,EN,2013-06-10T21:00:00.000Z
DEVICES11,Total density per million population: Gamma camera or Nuclear medicine,text,EMR,Eastern Mediterranean,Country,IRQ,Iraq,Year,2010,false,,,,,,,,,,,,,0.16,,,,,,0.16,,Only public sector data,EN,2013-06-10T21:00:00.000Z
DEVICES11,Total density per million population: Gamma camera or Nuclear medicine,text,AMR,Americas,Country,NIC,Nicaragua,Year,2010,false,,,,,,,,,,,,,0.17,,,,,,0.17,,Only public sector data,EN,2013-06-10T21:00:00.000Z
DEVICES11,Total density per million population: Gamma camera or Nuclear medicine,text,AFR,Africa,Country,SLE,Sierra Leone,Year,2010,false,,,,,,,,,,,,,0.17,,,,,,0.17,,Only public sector data,EN,2013-06-10T21:00:00.000Z
DEVICES11,Total density per million population: Gamma camera or Nuclear medicine,text,EMR,Eastern Mediterranean,Country,LBN,Lebanon,Year,2010,false,,,,,,,,,,,,,0.24,,,,,,0.24,,Only public sector data,EN,2013-06-10T21:00:00.000Z
DEVICES11,Total density per million population: Gamma camera or Nuclear medicine,text,EUR,Europe,Country,SRB,Serbia,Year,2010,false,,,,,,,,,,,,,0.3,,,,,,0.30,,,EN,2013-06-10T21:00:00.000Z
DEVICES11,Total density per million population: Gamma camera or Nuclear medicine,text,EMR,Eastern Mediterranean,Country,LBY,Libya,Year,2010,false,,,,,,,,,,,,,0.31,,,,,,0.31,,,EN,2013-06-10T21:00:00.000Z
DEVICES11,Total density per million population: Gamma camera or Nuclear medicine,text,AFR,Africa,Country,ZWE,Zimbabwe,Year,2010,false,,,,,,,,,,,,,0.32,,,,,,0.32,,,EN,2013-06-10T21:00:00.000Z
DEVICES11,Total density per million population: Gamma camera or Nuclear medicine,text,EMR,Eastern Mediterranean,Country,SAU,Saudi Arabia,Year,2010,false,,,,,,,,,,,,,0.4,,,,,,0.40,,Only public sector data,EN,2013-06-10T21:00:00.000Z
DEVICES11,Total density per million population: Gamma camera or Nuclear medicine,text,SEAR,South-East Asia,Country,THA,Thailand,Year,2010,false,,,,,,,,,,,,,0.43,,,,,,0.43,,,EN,2013-06-10T21:00:00.000Z
DEVICES11,Total density per million population: Gamma camera or Nuclear medicine,text,AFR,Africa,Country,ZAF,South Africa,Year,2010,false,,,,,,,,,,,,,0.56,,,,,,0.56,,Only public sector data,EN,2013-06-10T21:00:00.000Z
DEVICES11,Total density per million population: Gamma camera or Nuclear medicine,text,EUR,Europe,Country,GEO,Georgia,Year,2010,false,,,,,,,,,,,,,0.69,,,,,,0.69,,,EN,2013-06-10T21:00:00.000Z
DEVICES11,Total density per million population: Gamma camera or Nuclear medicine,text,WPR,Western Pacific,Country,MNG,Mongolia,Year,2010,false,,,,,,,,,,,,,0.73,,,,,,0.73,,Only public sector data,EN,2013-06-10T21:00:00.000Z
DEVICES11,Total density per million population: Gamma camera or Nuclear medicine,text,WPR,Western Pacific,Country,MYS,Malaysia,Year,2010,false,,,,,,,,,,,,,0.74,,,,,,0.74,,,EN,2013-06-10T21:00:00.000Z
DEVICES11,Total density per million population: Gamma camera or Nuclear medicine,text,EUR,Europe,Country,KGZ,Kyrgyzstan,Year,2010,false,,,,,,,,,,,,,0.75,,,,,,0.75,,Only public sector data,EN,2013-06-10T21:00:00.000Z
DEVICES11,Total density per million population: Gamma camera or Nuclear medicine,text,AMR,Americas,Country,SLV,El Salvador,Year,2010,false,,,,,,,,,,,,,0.81,,,,,,0.81,,,EN,2013-06-10T21:00:00.000Z
DEVICES11,Total density per million population: Gamma camera or Nuclear medicine,text,AMR,Americas,Country,MEX,Mexico,Year,2010,false,,,,,,,,,,,,,0.82,,,,,,0.82,,,EN,2013-06-10T21:00:00.000Z
DEVICES11,Total density per million population: Gamma camera or Nuclear medicine,text,AFR,Africa,Country,NAM,Namibia,Year,2010,false,,,,,,,,,,,,,0.88,,,,,,0.88,,,EN,2013-06-10T21:00:00.000Z
DEVICES11,Total density per million population: Gamma camera or Nuclear medicine,text,AMR,Americas,Country,CRI,Costa Rica,Year,2010,false,,,,,,,,,,,,,1.07,,,,,,1.07,,,EN,2013-06-10T21:00:00.000Z
DEVICES11,Total density per million population: Gamma camera or Nuclear medicine,text,EMR,Eastern Mediterranean,Country,OMN,Oman,Year,2010,false,,,,,,,,,,,,,1.08,,,,,,1.08,,Only public sector data,EN,2013-06-10T21:00:00.000Z
DEVICES11,Total density per million population: Gamma camera or Nuclear medicine,text,EUR,Europe,Country,MDA,Republic of Moldova,Year,2010,false,,,,,,,,,,,,,1.12,,,,,,1.12,,Only public sector data,EN,2013-06-10T21:00:00.000Z
DEVICES11,Total density per million population: Gamma camera or Nuclear medicine,text,EMR,Eastern Mediterranean,Country,JOR,Jordan,Year,2010,false,,,,,,,,,,,,,1.13,,,,,,1.13,,,EN,2013-06-10T21:00:00.000Z
DEVICES11,Total density per million population: Gamma camera or Nuclear medicine,text,EUR,Europe,Country,ROU,Romania,Year,2010,false,,,,,,,,,,,,,1.16,,,,,,1.16,,,EN,2013-06-10T21:00:00.000Z
DEVICES11,Total density per million population: Gamma camera or Nuclear medicine,text,AMR,Americas,Country,CUB,Cuba,Year,2010,false,,,,,,,,,,,,,1.24,,,,,,1.24,,Only public sector data,EN,2013-06-10T21:00:00.000Z
DEVICES11,Total density per million population: Gamma camera or Nuclear medicine,text,EMR,Eastern Mediterranean,Country,TUN,Tunisia,Year,2010,false,,,,,,,,,,,,,1.24,,,,,,1.24,,,EN,2013-06-10T21:00:00.000Z
DEVICES11,Total density per million population: Gamma camera or Nuclear medicine,text,EUR,Europe,Country,ARM,Armenia,Year,2010,false,,,,,,,,,,,,,1.29,,,,,,1.29,,,EN,2013-06-10T21:00:00.000Z
DEVICES11,Total density per million population: Gamma camera or Nuclear medicine,text,EUR,Europe,Country,BIH,Bosnia and Herzegovina,Year,2010,false,,,,,,,,,,,,,1.6,,,,,,1.60,,,EN,2013-06-10T21:00:00.000Z
DEVICES11,Total density per million population: Gamma camera or Nuclear medicine,text,EUR,Europe,Country,HUN,Hungary,Year,2010,false,,,,,,,,,,,,,10.22,,,,,,10.22,,,EN,2013-06-10T21:00:00.000Z
DEVICES11,Total density per million population: Gamma camera or Nuclear medicine,text,EUR,Europe,Country,NLD,Netherlands (Kingdom of the),Year,2010,false,,,,,,,,,,,,,10.77,,,,,,10.77,,,EN,2013-06-10T21:00:00.000Z
DEVICES11,Total density per million population: Gamma camera or Nuclear medicine,text,EUR,Europe,Country,ISR,Israel,Year,2010,false,,,,,,,,,,,,,10.78,,,,,,10.78,,,EN,2013-06-10T21:00:00.000Z
DEVICES11,Total density per million population: Gamma camera or Nuclear medicine,text,EUR,Europe,Country,CZE,Czechia,Year,2010,false,,,,,,,,,,,,,11.53,,,,,,11.53,,,EN,2013-06-10T21:00:00.000Z
DEVICES11,Total density per million population: Gamma camera or Nuclear medicine,text,EUR,Europe,Country,ISL,Iceland,Year,2010,false,,,,,,,,,,,,,12.49,,,,,,12.49,,,EN,2013-06-10T21:00:00.000Z
DEVICES11,Total density per million population: Gamma camera or Nuclear medicine,text,EUR,Europe,Country,DNK,Denmark,Year,2010,false,,,,,,,,,,,,,14.95,,,,,,14.95,,,EN,2013-06-10T21:00:00.000Z
DEVICES11,Total density per million population: Gamma camera or Nuclear medicine,text,EUR,Europe,Country,LUX,Luxembourg,Year,2010,false,,,,,,,,,,,,,17.74,,,,,,17.74,,,EN,2013-06-10T21:00:00.000Z
DEVICES11,Total density per million population: Gamma camera or Nuclear medicine,text,EUR,Europe,Country,LTU,Lithuania,Year,2010,false,,,,,,,,,,,,,2.11,,,,,,2.11,,,EN,2013-06-10T21:00:00.000Z
DEVICES11,Total density per million population: Gamma camera or Nuclear medicine,text,EUR,Europe,Country,EST,Estonia,Year,2010,false,,,,,,,,,,,,,2.24,,,,,,2.24,,,EN,2013-06-10T21:00:00.000Z
DEVICES11,Total density per million population: Gamma camera or Nuclear medicine,text,AMR,Americas,Country,TTO,Trinidad and Tobago,Year,2010,false,,,,,,,,,,,,,2.24,,,,,,2.24,,Only public sector data,EN,2013-06-10T21:00:00.000Z
DEVICES11,Total density per million population: Gamma camera or Nuclear medicine,text,AMR,Americas,Country,PAN,Panama,Year,2010,false,,,,,,,,,,,,,2.27,,,,,,2.27,,,EN,2013-06-10T21:00:00.000Z
DEVICES11,Total density per million population: Gamma camera or Nuclear medicine,text,EMR,Eastern Mediterranean,Country,QAT,Qatar,Year,2010,false,,,,,,,,,,,,,2.27,,,,,,2.27,,,EN,2013-06-10T21:00:00.000Z
DEVICES11,Total density per million population: Gamma camera or Nuclear medicine,text,AFR,Africa,Country,MUS,Mauritius,Year,2010,false,,,,,,,,,,,,,2.31,,,,,,2.31,,,EN,2013-06-10T21:00:00.000Z
DEVICES11,Total density per million population: Gamma camera or Nuclear medicine,text,EUR,Europe,Country,BLR,Belarus,Year,2010,false,,,,,,,,,,,,,2.5,,,,,,2.50,,Only public sector data,EN,2013-06-10T21:00:00.000Z
DEVICES11,Total density per million population: Gamma camera or Nuclear medicine,text,EUR,Europe,Country,POL,Poland,Year,2010,false,,,,,,,,,,,,,2.8,,,,,,2.80,,Only public sector data,EN,2013-06-10T21:00:00.000Z
DEVICES11,Total density per million population: Gamma camera or Nuclear medicine,text,AMR,Americas,Country,URY,Uruguay,Year,2010,false,,,,,,,,,,,,,2.97,,,,,,2.97,,,EN,2013-06-10T21:00:00.000Z
DEVICES11,Total density per million population: Gamma camera or Nuclear medicine,text,AMR,Americas,Country,CAN,Canada,Year,2010,false,,,,,,,,,,,,,21.05,,,,,,21.05,,,EN,2013-06-10T21:00:00.000Z
DEVICES11,Total density per million population: Gamma camera or Nuclear medicine,text,EUR,Europe,Country,MCO,Monaco,Year,2010,false,,,,,,,,,,,,,28.24,,,,,,28.24,,,EN,2013-06-10T21:00:00.000Z
DEVICES11,Total density per million population: Gamma camera or Nuclear medicine,text,EUR,Europe,Country,IRL,Ireland,Year,2010,false,,,,,,,,,,,,,3.13,,,,,,3.13,,Only public sector data,EN,2013-06-10T21:00:00.000Z
DEVICES11,Total density per million population: Gamma camera or Nuclear medicine,text,WPR,Western Pacific,Country,NZL,New Zealand,Year,2010,false,,,,,,,,,,,,,3.43,,,,,,3.43,,,EN,2013-06-10T21:00:00.000Z
DEVICES11,Total density per million population: Gamma camera or Nuclear medicine,text,AMR,Americas,Country,BRB,Barbados,Year,2010,false,,,,,,,,,,,,,3.66,,,,,,3.66,,Only public sector data,EN,2013-06-10T21:00:00.000Z
DEVICES11,Total density per million population: Gamma camera or Nuclear medicine,text,EUR,Europe,Country,TUR,Türkiye,Year,2010,false,,,,,,,,,,,,,3.93,,,,,,3.93,,,EN,2013-06-10T21:00:00.000Z
DEVICES11,Total density per million population: Gamma camera or Nuclear medicine,text,EUR,Europe,Country,ESP,Spain,Year,2010,false,,,,,,,,,,,,,4.84,,,,,,4.84,,,EN,2013-06-10T21:00:00.000Z
DEVICES11,Total density per million population: Gamma camera or Nuclear medicine,text,EUR,Europe,Country,PRT,Portugal,Year,2010,false,,,,,,,,,,,,,5.06,,,,,,5.06,,,EN,2013-06-10T21:00:00.000Z
DEVICES11,Total density per million population: Gamma camera or Nuclear medicine,text,EUR,Europe,Country,HRV,Croatia,Year,2010,false,,,,,,,,,,,,,5.9,,,,,,5.90,,,EN,2013-06-10T21:00:00.000Z
DEVICES11,Total density per million population: Gamma camera or Nuclear medicine,text,EUR,Europe,Country,SVN,Slovenia,Year,2010,false,,,,,,,,,,,,,6.9,,,,,,6.90,,Only public sector data,EN,2013-06-10T21:00:00.000Z
DEVICES11,Total density per million population: Gamma camera or Nuclear medicine,text,EUR,Europe,Country,MLT,Malta,Year,2010,false,,,,,,,,,,,,,7.2,,,,,,7.20,,,EN,2013-06-10T21:00:00.000Z
DEVICES11,Total density per million population: Gamma camera or Nuclear medicine,text,EUR,Europe,Country,CYP,Cyprus,Year,2010,false,,,,,,,,,,,,,8.15,,,,,,8.15,,,EN,2013-06-10T21:00:00.000Z
DEVICES11,Total density per million population: Gamma camera or Nuclear medicine,text,WPR,Western Pacific,Country,KOR,Republic of Korea,Year,2010,false,,,,,,,,,,,,,8.26,,,,,,8.26,,,EN,2013-06-10T21:00:00.000Z
DEVICES12,Total density per million population: Linear Accelerator,text,AFR,Africa,Country,COG,Congo,Year,2010,true,,,,,,,,,,,,,0,,,,,,0,,from the DIRA IAEA radiotherapy database (data available online at: http://www-naweb.iaea.org/nahu/dirac/query3.asp),EN,2013-06-10T21:00:00.000Z
DEVICES12,Total density per million population: Linear Accelerator,text,AFR,Africa,Country,MWI,Malawi,Year,2010,false,,,,,,,,,,,,,0,,,,,,0,,,EN,2013-06-10T21:00:00.000Z
DEVICES12,Total density per million population: Linear Accelerator,text,EUR,Europe,Country,TJK,Tajikistan,Year,2010,false,,,,,,,,,,,,,0,,,,,,0,,from the DIRA IAEA radiotherapy database (data available online at: http://www-naweb.iaea.org/nahu/dirac/query3.asp),EN,2013-06-10T21:00:00.000Z
DEVICES12,Total density per million population: Linear Accelerator,text,EMR,Eastern Mediterranean,Country,AFG,Afghanistan,Year,2010,false,,,,,,,,,,,,,0,,,,,,0.00,,,EN,2013-06-10T21:00:00.000Z
DEVICES12,Total density per million population: Linear Accelerator,text,EUR,Europe,Country,ALB,Albania,Year,2010,false,,,,,,,,,,,,,0,,,,,,0.00,,,EN,2013-06-10T21:00:00.000Z
DEVICES12,Total density per million population: Linear Accelerator,text,AFR,Africa,Country,AGO,Angola,Year,2010,false,,,,,,,,,,,,,0,,,,,,0.00,,Only public sector data,EN,2013-06-10T21:00:00.000Z
DEVICES12,Total density per million population: Linear Accelerator,text,AMR,Americas,Country,BRB,Barbados,Year,2010,false,,,,,,,,,,,,,0,,,,,,0.00,,Only public sector data,EN,2013-06-10T21:00:00.000Z
DEVICES12,Total density per million population: Linear Accelerator,text,AMR,Americas,Country,BLZ,Belize,Year,2010,false,,,,,,,,,,,,,0,,,,,,0.00,,,EN,2013-06-10T21:00:00.000Z
DEVICES12,Total density per million population: Linear Accelerator,text,AFR,Africa,Country,BEN,Benin,Year,2010,false,,,,,,,,,,,,,0,,,,,,0.00,,,EN,2013-06-10T21:00:00.000Z
DEVICES12,Total density per million population: Linear Accelerator,text,SEAR,South-East Asia,Country,BTN,Bhutan,Year,2010,false,,,,,,,,,,,,,0,,,,,,0.00,,,EN,2013-06-10T21:00:00.000Z
DEVICES12,Total density per million population: Linear Accelerator,text,AFR,Africa,Country,BWA,Botswana,Year,2010,false,,,,,,,,,,,,,0,,,,,,0.00,,Only public sector data,EN,2013-06-10T21:00:00.000Z
DEVICES12,Total density per million population: Linear Accelerator,text,AFR,Africa,Country,BFA,Burkina Faso,Year,2010,false,,,,,,,,,,,,,0,,,,,,0.00,,,EN,2013-06-10T21:00:00.000Z
DEVICES12,Total density per million population: Linear Accelerator,text,AFR,Africa,Country,BDI,Burundi,Year,2010,false,,,,,,,,,,,,,0,,,,,,0.00,,,EN,2013-06-10T21:00:00.000Z
DEVICES12,Total density per million population: Linear Accelerator,text,AFR,Africa,Country,CIV,Cote d'Ivoire,Year,2010,false,,,,,,,,,,,,,0,,,,,,0.00,,,EN,2013-06-10T21:00:00.000Z
DEVICES12,Total density per million population: Linear Accelerator,text,AFR,Africa,Country,CPV,Cabo Verde,Year,2010,false,,,,,,,,,,,,,0,,,,,,0.00,,,EN,2013-06-10T21:00:00.000Z
DEVICES12,Total density per million population: Linear Accelerator,text,WPR,Western Pacific,Country,KHM,Cambodia,Year,2010,false,,,,,,,,,,,,,0,,,,,,0.00,,,EN,2013-06-10T21:00:00.000Z
DEVICES12,Total density per million population: Linear Accelerator,text,AFR,Africa,Country,CMR,Cameroon,Year,2010,false,,,,,,,,,,,,,0,,,,,,0.00,,,EN,2013-06-10T21:00:00.000Z
DEVICES12,Total density per million population: Linear Accelerator,text,AFR,Africa,Country,CAF,Central African Republic,Year,2010,false,,,,,,,,,,,,,0,,,,,,0.00,,,EN,2013-06-10T21:00:00.000Z
DEVICES12,Total density per million population: Linear Accelerator,text,AFR,Africa,Country,COM,Comoros,Year,2010,false,,,,,,,,,,,,,0,,,,,,0.00,,,EN,2013-06-10T21:00:00.000Z
DEVICES12,Total density per million population: Linear Accelerator,text,AMR,Americas,Country,DMA,Dominica,Year,2010,false,,,,,,,,,,,,,0,,,,,,0.00,,,EN,2013-06-10T21:00:00.000Z
DEVICES12,Total density per million population: Linear Accelerator,text,AFR,Africa,Country,ERI,Eritrea,Year,2010,false,,,,,,,,,,,,,0,,,,,,0.00,,,EN,2013-06-10T21:00:00.000Z
DEVICES12,Total density per million population: Linear Accelerator,text,AFR,Africa,Country,SWZ,Eswatini,Year,2010,false,,,,,,,,,,,,,0,,,,,,0.00,,,EN,2013-06-10T21:00:00.000Z
DEVICES12,Total density per million population: Linear Accelerator,text,AFR,Africa,Country,ETH,Ethiopia,Year,2010,false,,,,,,,,,,,,,0,,,,,,0.00,,,EN,2013-06-10T21:00:00.000Z
DEVICES12,Total density per million population: Linear Accelerator,text,WPR,Western Pacific,Country,FJI,Fiji,Year,2010,false,,,,,,,,,,,,,0,,,,,,0.00,,,EN,2013-06-10T21:00:00.000Z
DEVICES12,Total density per million population: Linear Accelerator,text,AFR,Africa,Country,GAB,Gabon,Year,2010,false,,,,,,,,,,,,,0,,,,,,0.00,,,EN,2013-06-10T21:00:00.000Z
DEVICES12,Total density per million population: Linear Accelerator,text,AFR,Africa,Country,GMB,Gambia,Year,2010,false,,,,,,,,,,,,,0,,,,,,0.00,,Only private sector data,EN,2013-06-10T21:00:00.000Z
DEVICES12,Total density per million population: Linear Accelerator,text,AFR,Africa,Country,GHA,Ghana,Year,2010,true,,,,,,,,,,,,,0,,,,,,0.00,,from the DIRA IAEA radiotherapy database (data available online at: http://www-naweb.iaea.org/nahu/dirac/query3.asp),EN,2013-06-10T21:00:00.000Z
DEVICES12,Total density per million population: Linear Accelerator,text,AMR,Americas,Country,GRD,Grenada,Year,2010,false,,,,,,,,,,,,,0,,,,,,0.00,,,EN,2013-06-10T21:00:00.000Z
DEVICES12,Total density per million population: Linear Accelerator,text,AFR,Africa,Country,GIN,Guinea,Year,2010,false,,,,,,,,,,,,,0,,,,,,0.00,,Only public sector data,EN,2013-06-10T21:00:00.000Z
DEVICES12,Total density per million population: Linear Accelerator,text,AFR,Africa,Country,GNB,Guinea-Bissau,Year,2010,false,,,,,,,,,,,,,0,,,,,,0.00,,,EN,2013-06-10T21:00:00.000Z
DEVICES12,Total density per million population: Linear Accelerator,text,AFR,Africa,Country,KEN,Kenya,Year,2010,false,,,,,,,,,,,,,0,,,,,,0.00,,,EN,2013-06-10T21:00:00.000Z
DEVICES12,Total density per million population: Linear Accelerator,text,WPR,Western Pacific,Country,KIR,Kiribati,Year,2010,false,,,,,,,,,,,,,0,,,,,,0.00,,,EN,2013-06-10T21:00:00.000Z
DEVICES12,Total density per million population: Linear Accelerator,text,WPR,Western Pacific,Country,LAO,Lao People's Democratic Republic,Year,2010,false,,,,,,,,,,,,,0,,,,,,0.00,,,EN,2013-06-10T21:00:00.000Z
DEVICES12,Total density per million population: Linear Accelerator,text,AFR,Africa,Country,LBR,Liberia,Year,2010,true,,,,,,,,,,,,,0,,,,,,0.00,,from the DIRA IAEA radiotherapy database (data available online at: http://www-naweb.iaea.org/nahu/dirac/query3.asp),EN,2013-06-10T21:00:00.000Z
DEVICES12,Total density per million population: Linear Accelerator,text,AFR,Africa,Country,MDG,Madagascar,Year,2010,false,,,,,,,,,,,,,0,,,,,,0.00,,Only public sector data,EN,2013-06-10T21:00:00.000Z
DEVICES12,Total density per million population: Linear Accelerator,text,SEAR,South-East Asia,Country,MDV,Maldives,Year,2010,false,,,,,,,,,,,,,0,,,,,,0.00,,,EN,2013-06-10T21:00:00.000Z
DEVICES12,Total density per million population: Linear Accelerator,text,WPR,Western Pacific,Country,MHL,Marshall Islands,Year,2010,false,,,,,,,,,,,,,0,,,,,,0.00,,,EN,2013-06-10T21:00:00.000Z
DEVICES12,Total density per million population: Linear Accelerator,text,WPR,Western Pacific,Country,FSM,Micronesia (Federated States of),Year,2010,false,,,,,,,,,,,,,0,,,,,,0.00,,,EN,2013-06-10T21:00:00.000Z
DEVICES12,Total density per million population: Linear Accelerator,text,AFR,Africa,Country,MOZ,Mozambique,Year,2010,true,,,,,,,,,,,,,0,,,,,,0.00,,from the DIRA IAEA radiotherapy database (data available online at: http://www-naweb.iaea.org/nahu/dirac/query3.asp),EN,2013-06-10T21:00:00.000Z
DEVICES12,Total density per million population: Linear Accelerator,text,SEAR,South-East Asia,Country,MMR,Myanmar,Year,2010,true,,,,,,,,,,,,,0,,,,,,0.00,,from the DIRA IAEA radiotherapy database (data available online at: http://www-naweb.iaea.org/nahu/dirac/query3.asp),EN,2013-06-10T21:00:00.000Z
DEVICES12,Total density per million population: Linear Accelerator,text,AFR,Africa,Country,NAM,Namibia,Year,2010,false,,,,,,,,,,,,,0,,,,,,0.00,,,EN,2013-06-10T21:00:00.000Z
DEVICES12,Total density per million population: Linear Accelerator,text,AFR,Africa,Country,NER,Niger,Year,2010,false,,,,,,,,,,,,,0,,,,,,0.00,,,EN,2013-06-10T21:00:00.000Z
DEVICES12,Total density per million population: Linear Accelerator,text,WPR,Western Pacific,Country,PNG,Papua New Guinea,Year,2010,false,,,,,,,,,,,,,0,,,,,,0.00,,,EN,2013-06-10T21:00:00.000Z
DEVICES12,Total density per million population: Linear Accelerator,text,AMR,Americas,Country,KNA,Saint Kitts and Nevis,Year,2010,false,,,,,,,,,,,,,0,,,,,,0.00,,,EN,2013-06-10T21:00:00.000Z
DEVICES12,Total density per million population: Linear Accelerator,text,AMR,Americas,Country,LCA,Saint Lucia,Year,2010,false,,,,,,,,,,,,,0,,,,,,0.00,,,EN,2013-06-10T21:00:00.000Z
DEVICES12,Total density per million population: Linear Accelerator,text,AMR,Americas,Country,VCT,Saint Vincent and the Grenadines,Year,2010,false,,,,,,,,,,,,,0,,,,,,0.00,,,EN,2013-06-10T21:00:00.000Z
DEVICES12,Total density per million population: Linear Accelerator,text,WPR,Western Pacific,Country,WSM,Samoa,Year,2010,false,,,,,,,,,,,,,0,,,,,,0.00,,,EN,2013-06-10T21:00:00.000Z
DEVICES12,Total density per million population: Linear Accelerator,text,EUR,Europe,Country,SMR,San Marino,Year,2010,false,,,,,,,,,,,,,0,,,,,,0.00,,,EN,2013-06-10T21:00:00.000Z
DEVICES12,Total density per million population: Linear Accelerator,text,AFR,Africa,Country,SEN,Senegal,Year,2010,false,,,,,,,,,,,,,0,,,,,,0.00,,Only public sector data,EN,2013-06-10T21:00:00.000Z
DEVICES12,Total density per million population: Linear Accelerator,text,AFR,Africa,Country,SYC,Seychelles,Year,2010,true,,,,,,,,,,,,,0,,,,,,0.00,,,EN,2013-06-10T21:00:00.000Z
DEVICES12,Total density per million population: Linear Accelerator,text,WPR,Western Pacific,Country,TON,Tonga,Year,2010,false,,,,,,,,,,,,,0,,,,,,0.00,,,EN,2013-06-10T21:00:00.000Z
DEVICES12,Total density per million population: Linear Accelerator,text,AFR,Africa,Country,UGA,Uganda,Year,2010,false,,,,,,,,,,,,,0,,,,,,0.00,,,EN,2013-06-10T21:00:00.000Z
DEVICES12,Total density per million population: Linear Accelerator,text,AFR,Africa,Country,TZA,United Republic of Tanzania,Year,2010,true,,,,,,,,,,,,,0,,,,,,0.00,,from the DIRA IAEA radiotherapy database (data available online at: http://www-naweb.iaea.org/nahu/dirac/query3.asp),EN,2013-06-10T21:00:00.000Z
DEVICES12,Total density per million population: Linear Accelerator,text,WPR,Western Pacific,Country,VUT,Vanuatu,Year,2010,false,,,,,,,,,,,,,0,,,,,,0.00,,,EN,2013-06-10T21:00:00.000Z
DEVICES12,Total density per million population: Linear Accelerator,text,EMR,Eastern Mediterranean,Country,YEM,Yemen,Year,2010,false,,,,,,,,,,,,,0,,,,,,0.00,,,EN,2013-06-10T21:00:00.000Z
DEVICES12,Total density per million population: Linear Accelerator,text,AFR,Africa,Country,COD,Democratic Republic of the Congo,Year,2010,false,,,,,,,,,,,,,0.02,,,,,,0.02,,,EN,2013-06-10T21:00:00.000Z
DEVICES12,Total density per million population: Linear Accelerator,text,SEAR,South-East Asia,Country,PRK,Democratic People's Republic of Korea,Year,2010,false,,,,,,,,,,,,,0.04,,,,,,0.04,,from the DIRA IAEA radiotherapy database (data available online at: http://www-naweb.iaea.org/nahu/dirac/query3.asp),EN,2013-06-10T21:00:00.000Z
DEVICES12,Total density per million population: Linear Accelerator,text,AFR,Africa,Country,NGA,Nigeria,Year,2010,false,,,,,,,,,,,,,0.04,,,,,,0.04,,from the DIRA IAEA radiotherapy database (data available online at: http://www-naweb.iaea.org/nahu/dirac/query3.asp),EN,2013-06-10T21:00:00.000Z
DEVICES12,Total density per million population: Linear Accelerator,text,EUR,Europe,Country,UZB,Uzbekistan,Year,2010,false,,,,,,,,,,,,,0.04,,,,,,0.04,,from the DIRA IAEA radiotherapy database (data available online at: http://www-naweb.iaea.org/nahu/dirac/query3.asp),EN,2013-06-10T21:00:00.000Z
DEVICES12,Total density per million population: Linear Accelerator,text,SEAR,South-East Asia,Country,BGD,Bangladesh,Year,2010,false,,,,,,,,,,,,,0.05,,,,,,0.05,,from the DIRA IAEA radiotherapy database (data available online at: http://www-naweb.iaea.org/nahu/dirac/query3.asp),EN,2013-06-10T21:00:00.000Z
DEVICES12,Total density per million population: Linear Accelerator,text,EMR,Eastern Mediterranean,Country,PAK,Pakistan,Year,2010,false,,,,,,,,,,,,,0.05,,,,,,0.05,,,EN,2013-06-10T21:00:00.000Z
DEVICES12,Total density per million population: Linear Accelerator,text,EMR,Eastern Mediterranean,Country,SYR,Syrian Arab Republic,Year,2010,false,,,,,,,,,,,,,0.05,,,,,,0.05,,from the DIRA IAEA radiotherapy database (data available online at: http://www-naweb.iaea.org/nahu/dirac/query3.asp),EN,2013-06-10T21:00:00.000Z
DEVICES12,Total density per million population: Linear Accelerator,text,EMR,Eastern Mediterranean,Country,IRN,Iran (Islamic Republic of),Year,2010,false,,,,,,,,,,,,,0.07,,,,,,0.07,,from the DIRA IAEA radiotherapy database (data available online at: http://www-naweb.iaea.org/nahu/dirac/query3.asp),EN,2013-06-10T21:00:00.000Z
DEVICES12,Total density per million population: Linear Accelerator,text,AFR,Africa,Country,MLI,Mali,Year,2010,false,,,,,,,,,,,,,0.07,,,,,,0.07,,,EN,2013-06-10T21:00:00.000Z
DEVICES12,Total density per million population: Linear Accelerator,text,EMR,Eastern Mediterranean,Country,SDN,Sudan,Year,2010,false,,,,,,,,,,,,,0.07,,,,,,0.07,,,EN,2013-06-10T21:00:00.000Z
DEVICES12,Total density per million population: Linear Accelerator,text,WPR,Western Pacific,Country,IDN,Indonesia,Year,2010,false,,,,,,,,,,,,,0.08,,,,,,0.08,,from the DIRA IAEA radiotherapy database (data available online at: http://www-naweb.iaea.org/nahu/dirac/query3.asp),EN,2013-06-10T21:00:00.000Z
DEVICES12,Total density per million population: Linear Accelerator,text,AFR,Africa,Country,ZMB,Zambia,Year,2010,false,,,,,,,,,,,,,0.08,,,,,,0.08,,,EN,2013-06-10T21:00:00.000Z
DEVICES12,Total density per million population: Linear Accelerator,text,AMR,Americas,Country,BOL,Bolivia (Plurinational State of),Year,2010,false,,,,,,,,,,,,,0.1,,,,,,0.10,,from the DIRA IAEA radiotherapy database (data available online at: http://www-naweb.iaea.org/nahu/dirac/query3.asp),EN,2013-06-10T21:00:00.000Z
DEVICES12,Total density per million population: Linear Accelerator,text,SEAR,South-East Asia,Country,NPL,Nepal,Year,2010,false,,,,,,,,,,,,,0.1,,,,,,0.10,,from the DIRA IAEA radiotherapy database (data available online at: http://www-naweb.iaea.org/nahu/dirac/query3.asp),EN,2013-06-10T21:00:00.000Z
DEVICES12,Total density per million population: Linear Accelerator,text,SEAR,South-East Asia,Country,LKA,Sri Lanka,Year,2010,false,,,,,,,,,,,,,0.1,,,,,,0.10,,,EN,2013-06-10T21:00:00.000Z
DEVICES12,Total density per million population: Linear Accelerator,text,EMR,Eastern Mediterranean,Country,SAU,Saudi Arabia,Year,2010,false,,,,,,,,,,,,,0.11,,,,,,0.11,,Only public sector data,EN,2013-06-10T21:00:00.000Z
DEVICES12,Total density per million population: Linear Accelerator,text,EMR,Eastern Mediterranean,Country,IRQ,Iraq,Year,2010,false,,,,,,,,,,,,,0.13,,,,,,0.13,,Only public sector data,EN,2013-06-10T21:00:00.000Z
DEVICES12,Total density per million population: Linear Accelerator,text,SEAR,South-East Asia,Country,IND,India,Year,2010,false,,,,,,,,,,,,,0.14,,,,,,0.14,,from the DIRA IAEA radiotherapy database (data available online at: http://www-naweb.iaea.org/nahu/dirac/query3.asp),EN,2013-06-10T21:00:00.000Z
DEVICES12,Total density per million population: Linear Accelerator,text,AMR,Americas,Country,PRY,Paraguay,Year,2010,false,,,,,,,,,,,,,0.15,,,,,,0.15,,Only public sector data,EN,2013-06-10T21:00:00.000Z
DEVICES12,Total density per million population: Linear Accelerator,text,EMR,Eastern Mediterranean,Country,LBY,Libya,Year,2010,false,,,,,,,,,,,,,0.16,,,,,,0.16,,,EN,2013-06-10T21:00:00.000Z
DEVICES12,Total density per million population: Linear Accelerator,text,AMR,Americas,Country,NIC,Nicaragua,Year,2010,false,,,,,,,,,,,,,0.17,,,,,,0.17,,Only public sector data,EN,2013-06-10T21:00:00.000Z
DEVICES12,Total density per million population: Linear Accelerator,text,WPR,Western Pacific,Country,VNM,Viet Nam,Year,2010,false,,,,,,,,,,,,,0.17,,,,,,0.17,,from the DIRA IAEA radiotherapy database (data available online at: http://www-naweb.iaea.org/nahu/dirac/query3.asp),EN,2013-06-10T21:00:00.000Z
DEVICES12,Total density per million population: Linear Accelerator,text,EUR,Europe,Country,KGZ,Kyrgyzstan,Year,2010,false,,,,,,,,,,,,,0.19,,,,,,0.19,,from the DIRA IAEA radiotherapy database (data available online at: http://www-naweb.iaea.org/nahu/dirac/query3.asp),EN,2013-06-10T21:00:00.000Z
DEVICES12,Total density per million population: Linear Accelerator,text,AMR,Americas,Country,MEX,Mexico,Year,2010,false,,,,,,,,,,,,,0.19,,,,,,0.19,,,EN,2013-06-10T21:00:00.000Z
DEVICES12,Total density per million population: Linear Accelerator,text,WPR,Western Pacific,Country,PHL,Philippines,Year,2010,false,,,,,,,,,,,,,0.19,,,,,,0.19,,,EN,2013-06-10T21:00:00.000Z
DEVICES12,Total density per million population: Linear Accelerator,text,AFR,Africa,Country,DZA,Algeria,Year,2010,false,,,,,,,,,,,,,0.2,,,,,,0.20,,from the DIRA IAEA radiotherapy database (data available online at: http://www-naweb.iaea.org/nahu/dirac/query3.asp),EN,2013-06-10T21:00:00.000Z
DEVICES12,Total density per million population: Linear Accelerator,text,EUR,Europe,Country,UKR,Ukraine,Year,2010,false,,,,,,,,,,,,,0.24,,,,,,0.24,,from the DIRA IAEA radiotherapy database (data available online at: http://www-naweb.iaea.org/nahu/dirac/query3.asp),EN,2013-06-10T21:00:00.000Z
DEVICES12,Total density per million population: Linear Accelerator,text,AFR,Africa,Country,ZWE,Zimbabwe,Year,2010,false,,,,,,,,,,,,,0.24,,,,,,0.24,,,EN,2013-06-10T21:00:00.000Z
DEVICES12,Total density per million population: Linear Accelerator,text,AMR,Americas,Country,HND,Honduras,Year,2010,false,,,,,,,,,,,,,0.26,,,,,,0.26,,,EN,2013-06-10T21:00:00.000Z
DEVICES12,Total density per million population: Linear Accelerator,text,EUR,Europe,Country,MDA,Republic of Moldova,Year,2010,false,,,,,,,,,,,,,0.28,,,,,,0.28,,Only public sector data,EN,2013-06-10T21:00:00.000Z
DEVICES12,Total density per million population: Linear Accelerator,text,AFR,Africa,Country,MRT,Mauritania,Year,2010,false,,,,,,,,,,,,,0.29,,,,,,0.29,,from the DIRA IAEA radiotherapy database (data available online at: http://www-naweb.iaea.org/nahu/dirac/query3.asp),EN,2013-06-10T21:00:00.000Z
DEVICES12,Total density per million population: Linear Accelerator,text,EUR,Europe,Country,ARM,Armenia,Year,2010,false,,,,,,,,,,,,,0.32,,,,,,0.32,,,EN,2013-06-10T21:00:00.000Z
DEVICES12,Total density per million population: Linear Accelerator,text,AMR,Americas,Country,SLV,El Salvador,Year,2010,false,,,,,,,,,,,,,0.32,,,,,,0.32,,,EN,2013-06-10T21:00:00.000Z
DEVICES12,Total density per million population: Linear Accelerator,text,EMR,Eastern Mediterranean,Country,MAR,Morocco,Year,2010,false,,,,,,,,,,,,,0.34,,,,,,0.34,,Only public sector data,EN,2013-06-10T21:00:00.000Z
DEVICES12,Total density per million population: Linear Accelerator,text,AMR,Americas,Country,CUB,Cuba,Year,2010,false,,,,,,,,,,,,,0.36,,,,,,0.36,,Only public sector data,EN,2013-06-10T21:00:00.000Z
DEVICES12,Total density per million population: Linear Accelerator,text,AMR,Americas,Country,JAM,Jamaica,Year,2010,true,,,,,,,,,,,,,0.36,,,,,,0.36,,from the DIRA IAEA radiotherapy database (data available online at: http://www-naweb.iaea.org/nahu/dirac/query3.asp),EN,2013-06-10T21:00:00.000Z
DEVICES12,Total density per million population: Linear Accelerator,text,WPR,Western Pacific,Country,MNG,Mongolia,Year,2010,false,,,,,,,,,,,,,0.36,,,,,,0.36,,Only public sector data,EN,2013-06-10T21:00:00.000Z
DEVICES12,Total density per million population: Linear Accelerator,text,AFR,Africa,Country,ZAF,South Africa,Year,2010,false,,,,,,,,,,,,,0.42,,,,,,0.42,,Only public sector data,EN,2013-06-10T21:00:00.000Z
DEVICES12,Total density per million population: Linear Accelerator,text,EUR,Europe,Country,KAZ,Kazakhstan,Year,2010,false,,,,,,,,,,,,,0.44,,,,,,0.44,,from the DIRA IAEA radiotherapy database (data available online at: http://www-naweb.iaea.org/nahu/dirac/query3.asp),EN,2013-06-10T21:00:00.000Z
DEVICES12,Total density per million population: Linear Accelerator,text,EMR,Eastern Mediterranean,Country,EGY,Egypt,Year,2010,false,,,,,,,,,,,,,0.47,,,,,,0.47,,from the DIRA IAEA radiotherapy database (data available online at: http://www-naweb.iaea.org/nahu/dirac/query3.asp),EN,2013-06-10T21:00:00.000Z
DEVICES12,Total density per million population: Linear Accelerator,text,AMR,Americas,Country,ECU,Ecuador,Year,2010,true,,,,,,,,,,,,,0.48,,,,,,0.48,,from the DIRA IAEA radiotherapy database (data available online at: http://www-naweb.iaea.org/nahu/dirac/query3.asp),EN,2013-06-10T21:00:00.000Z
DEVICES12,Total density per million population: Linear Accelerator,text,AMR,Americas,Country,GTM,Guatemala,Year,2010,false,,,,,,,,,,,,,0.49,,,,,,0.49,,from the DIRA IAEA radiotherapy database (data available online at: http://www-naweb.iaea.org/nahu/dirac/query3.asp),EN,2013-06-10T21:00:00.000Z
DEVICES12,Total density per million population: Linear Accelerator,text,EUR,Europe,Country,ROU,Romania,Year,2010,false,,,,,,,,,,,,,0.51,,,,,,0.51,,,EN,2013-06-10T21:00:00.000Z
DEVICES12,Total density per million population: Linear Accelerator,text,AMR,Americas,Country,DOM,Dominican Republic,Year,2010,false,,,,,,,,,,,,,0.6,,,,,,0.60,,from the DIRA IAEA radiotherapy database (data available online at: http://www-naweb.iaea.org/nahu/dirac/query3.asp),EN,2013-06-10T21:00:00.000Z
DEVICES12,Total density per million population: Linear Accelerator,text,SEAR,South-East Asia,Country,THA,Thailand,Year,2010,false,,,,,,,,,,,,,0.61,,,,,,0.61,,,EN,2013-06-10T21:00:00.000Z
DEVICES12,Total density per million population: Linear Accelerator,text,EUR,Europe,Country,BLR,Belarus,Year,2010,false,,,,,,,,,,,,,0.63,,,,,,0.63,,Only public sector data,EN,2013-06-10T21:00:00.000Z
DEVICES12,Total density per million population: Linear Accelerator,text,EMR,Eastern Mediterranean,Country,JOR,Jordan,Year,2010,false,,,,,,,,,,,,,0.65,,,,,,0.65,,,EN,2013-06-10T21:00:00.000Z
DEVICES12,Total density per million population: Linear Accelerator,text,EUR,Europe,Country,BGR,Bulgaria,Year,2010,false,,,,,,,,,,,,,0.67,,,,,,0.67,,from the DIRA IAEA radiotherapy database (data available online at: http://www-naweb.iaea.org/nahu/dirac/query3.asp),EN,2013-06-10T21:00:00.000Z
DEVICES12,Total density per million population: Linear Accelerator,text,EMR,Eastern Mediterranean,Country,TUN,Tunisia,Year,2010,false,,,,,,,,,,,,,0.67,,,,,,0.67,,,EN,2013-06-10T21:00:00.000Z
DEVICES12,Total density per million population: Linear Accelerator,text,EMR,Eastern Mediterranean,Country,ARE,United Arab Emirates,Year,2010,false,,,,,,,,,,,,,0.67,,,,,,0.67,,from the DIRA IAEA radiotherapy database (data available online at: http://www-naweb.iaea.org/nahu/dirac/query3.asp),EN,2013-06-10T21:00:00.000Z
DEVICES12,Total density per million population: Linear Accelerator,text,AMR,Americas,Country,COL,Colombia,Year,2010,false,,,,,,,,,,,,,0.69,,,,,,0.69,,from the DIRA IAEA radiotherapy database (data available online at: http://www-naweb.iaea.org/nahu/dirac/query3.asp),EN,2013-06-10T21:00:00.000Z
DEVICES12,Total density per million population: Linear Accelerator,text,EUR,Europe,Country,GEO,Georgia,Year,2010,false,,,,,,,,,,,,,0.69,,,,,,0.69,,,EN,2013-06-10T21:00:00.000Z
DEVICES12,Total density per million population: Linear Accelerator,text,AMR,Americas,Country,CHL,Chile,Year,2010,false,,,,,,,,,,,,,0.7,,,,,,0.70,,Only public sector data,EN,2013-06-10T21:00:00.000Z
DEVICES12,Total density per million population: Linear Accelerator,text,EMR,Eastern Mediterranean,Country,OMN,Oman,Year,2010,false,,,,,,,,,,,,,0.72,,,,,,0.72,,,EN,2013-06-10T21:00:00.000Z
DEVICES12,Total density per million population: Linear Accelerator,text,EMR,Eastern Mediterranean,Country,KWT,Kuwait,Year,2010,false,,,,,,,,,,,,,0.73,,,,,,0.73,,from the DIRA IAEA radiotherapy database (data available online at: http://www-naweb.iaea.org/nahu/dirac/query3.asp),EN,2013-06-10T21:00:00.000Z
DEVICES12,Total density per million population: Linear Accelerator,text,WPR,Western Pacific,Country,CHN,China,Year,2010,false,,,,,,,,,,,,,0.76,,,,,,0.76,,from the DIRA IAEA radiotherapy database (data available online at: http://www-naweb.iaea.org/nahu/dirac/query3.asp),EN,2013-06-10T21:00:00.000Z
DEVICES12,Total density per million population: Linear Accelerator,text,AFR,Africa,Country,MUS,Mauritius,Year,2010,false,,,,,,,,,,,,,0.77,,,,,,0.77,,,EN,2013-06-10T21:00:00.000Z
DEVICES12,Total density per million population: Linear Accelerator,text,EUR,Europe,Country,RUS,Russian Federation,Year,2010,false,,,,,,,,,,,,,0.77,,,,,,0.77,,from the DIRA IAEA radiotherapy database (data available online at: http://www-naweb.iaea.org/nahu/dirac/query3.asp),EN,2013-06-10T21:00:00.000Z
DEVICES12,Total density per million population: Linear Accelerator,text,AMR,Americas,Country,PER,Peru,Year,2010,false,,,,,,,,,,,,,0.79,,,,,,0.79,,from the DIRA IAEA radiotherapy database (data available online at: http://www-naweb.iaea.org/nahu/dirac/query3.asp),EN,2013-06-10T21:00:00.000Z
DEVICES12,Total density per million population: Linear Accelerator,text,EUR,Europe,Country,MKD,North Macedonia,Year,2010,false,,,,,,,,,,,,,0.97,,,,,,0.97,,from the DIRA IAEA radiotherapy database (data available online at: http://www-naweb.iaea.org/nahu/dirac/query3.asp),EN,2013-06-10T21:00:00.000Z
DEVICES12,Total density per million population: Linear Accelerator,text,AMR,Americas,Country,CRI,Costa Rica,Year,2010,false,,,,,,,,,,,,,1.07,,,,,,1.07,,,EN,2013-06-10T21:00:00.000Z
DEVICES12,Total density per million population: Linear Accelerator,text,EUR,Europe,Country,HUN,Hungary,Year,2010,false,,,,,,,,,,,,,1.1,,,,,,1.10,,,EN,2013-06-10T21:00:00.000Z
DEVICES12,Total density per million population: Linear Accelerator,text,EMR,Eastern Mediterranean,Country,QAT,Qatar,Year,2010,false,,,,,,,,,,,,,1.14,,,,,,1.14,,,EN,2013-06-10T21:00:00.000Z
DEVICES12,Total density per million population: Linear Accelerator,text,AMR,Americas,Country,VEN,Venezuela (Bolivarian Republic of),Year,2010,false,,,,,,,,,,,,,1.31,,,,,,1.31,,from the DIRA IAEA radiotherapy database (data available online at: http://www-naweb.iaea.org/nahu/dirac/query3.asp),EN,2013-06-10T21:00:00.000Z
DEVICES12,Total density per million population: Linear Accelerator,text,EUR,Europe,Country,SRB,Serbia,Year,2010,false,,,,,,,,,,,,,1.32,,,,,,1.32,,,EN,2013-06-10T21:00:00.000Z
DEVICES12,Total density per million population: Linear Accelerator,text,AMR,Americas,Country,GUY,Guyana,Year,2010,false,,,,,,,,,,,,,1.33,,,,,,1.33,,Only private sector data,EN,2013-06-10T21:00:00.000Z
DEVICES12,Total density per million population: Linear Accelerator,text,AMR,Americas,Country,BRA,Brazil,Year,2010,false,,,,,,,,,,,,,1.41,,,,,,1.41,,from the DIRA IAEA radiotherapy database (data available online at: http://www-naweb.iaea.org/nahu/dirac/query3.asp),EN,2013-06-10T21:00:00.000Z
DEVICES12,Total density per million population: Linear Accelerator,text,EMR,Eastern Mediterranean,Country,LBN,Lebanon,Year,2010,false,,,,,,,,,,,,,1.42,,,,,,1.42,,,EN,2013-06-10T21:00:00.000Z
DEVICES12,Total density per million population: Linear Accelerator,text,EUR,Europe,Country,TUR,Türkiye,Year,2010,false,,,,,,,,,,,,,1.47,,,,,,1.47,,,EN,2013-06-10T21:00:00.000Z
DEVICES12,Total density per million population: Linear Accelerator,text,WPR,Western Pacific,Country,MYS,Malaysia,Year,2010,false,,,,,,,,,,,,,1.48,,,,,,1.48,,,EN,2013-06-10T21:00:00.000Z
DEVICES12,Total density per million population: Linear Accelerator,text,AMR,Americas,Country,TTO,Trinidad and Tobago,Year,2010,false,,,,,,,,,,,,,1.49,,,,,,1.49,,,EN,2013-06-10T21:00:00.000Z
DEVICES12,Total density per million population: Linear Accelerator,text,EUR,Europe,Country,MNE,Montenegro,Year,2010,false,,,,,,,,,,,,,1.58,,,,,,1.58,,Only public sector data,EN,2013-06-10T21:00:00.000Z
DEVICES12,Total density per million population: Linear Accelerator,text,EUR,Europe,Country,AZE,Azerbaijan,Year,2010,false,,,,,,,,,,,,,1.63,,,,,,1.63,,Only public sector data,EN,2013-06-10T21:00:00.000Z
DEVICES12,Total density per million population: Linear Accelerator,text,AMR,Americas,Country,PAN,Panama,Year,2010,false,,,,,,,,,,,,,1.71,,,,,,1.71,,,EN,2013-06-10T21:00:00.000Z
DEVICES12,Total density per million population: Linear Accelerator,text,EUR,Europe,Country,BIH,Bosnia and Herzegovina,Year,2010,false,,,,,,,,,,,,,1.86,,,,,,1.86,,,EN,2013-06-10T21:00:00.000Z
DEVICES12,Total density per million population: Linear Accelerator,text,AMR,Americas,Country,ARG,Argentina,Year,2010,false,,,,,,,,,,,,,1.98,,,,,,1.98,,from the DIRA IAEA radiotherapy database (data available online at: http://www-naweb.iaea.org/nahu/dirac/query3.asp),EN,2013-06-10T21:00:00.000Z
DEVICES12,Total density per million population: Linear Accelerator,text,AMR,Americas,Country,USA,United States of America,Year,2010,false,,,,,,,,,,,,,12.31,,,,,,12.31,,from the DIRA IAEA radiotherapy database (data available online at: http://www-naweb.iaea.org/nahu/dirac/query3.asp),EN,2013-06-10T21:00:00.000Z
DEVICES12,Total density per million population: Linear Accelerator,text,EUR,Europe,Country,EST,Estonia,Year,2010,false,,,,,,,,,,,,,2.24,,,,,,2.24,,,EN,2013-06-10T21:00:00.000Z
DEVICES12,Total density per million population: Linear Accelerator,text,EUR,Europe,Country,HRV,Croatia,Year,2010,false,,,,,,,,,,,,,2.27,,,,,,2.27,,,EN,2013-06-10T21:00:00.000Z
DEVICES12,Total density per million population: Linear Accelerator,text,EUR,Europe,Country,MLT,Malta,Year,2010,false,,,,,,,,,,,,,2.4,,,,,,2.40,,,EN,2013-06-10T21:00:00.000Z
DEVICES12,Total density per million population: Linear Accelerator,text,EUR,Europe,Country,POL,Poland,Year,2010,false,,,,,,,,,,,,,2.59,,,,,,2.59,,Only public sector data,EN,2013-06-10T21:00:00.000Z
DEVICES12,Total density per million population: Linear Accelerator,text,EUR,Europe,Country,LTU,Lithuania,Year,2010,false,,,,,,,,,,,,,2.71,,,,,,2.71,,,EN,2013-06-10T21:00:00.000Z
DEVICES12,Total density per million population: Linear Accelerator,text,EUR,Europe,Country,CYP,Cyprus,Year,2010,false,,,,,,,,,,,,,2.72,,,,,,2.72,,,EN,2013-06-10T21:00:00.000Z
DEVICES12,Total density per million population: Linear Accelerator,text,WPR,Western Pacific,Country,KOR,Republic of Korea,Year,2010,false,,,,,,,,,,,,,2.86,,,,,,2.86,,from the DIRA IAEA radiotherapy database (data available online at: http://www-naweb.iaea.org/nahu/dirac/query3.asp),EN,2013-06-10T21:00:00.000Z
DEVICES12,Total density per million population: Linear Accelerator,text,AMR,Americas,Country,BHS,Bahamas,Year,2010,false,,,,,,,,,,,,,2.92,,,,,,2.92,,,EN,2013-06-10T21:00:00.000Z
DEVICES12,Total density per million population: Linear Accelerator,text,EUR,Europe,Country,SVK,Slovakia,Year,2010,false,,,,,,,,,,,,,2.93,,,,,,2.93,,from the DIRA IAEA radiotherapy database (data available online at: http://www-naweb.iaea.org/nahu/dirac/query3.asp),EN,2013-06-10T21:00:00.000Z
DEVICES12,Total density per million population: Linear Accelerator,text,EUR,Europe,Country,SVN,Slovenia,Year,2010,false,,,,,,,,,,,,,2.96,,,,,,2.96,,Only public sector data,EN,2013-06-10T21:00:00.000Z
DEVICES12,Total density per million population: Linear Accelerator,text,AMR,Americas,Country,URY,Uruguay,Year,2010,false,,,,,,,,,,,,,2.97,,,,,,2.97,,,EN,2013-06-10T21:00:00.000Z
DEVICES12,Total density per million population: Linear Accelerator,text,EUR,Europe,Country,MCO,Monaco,Year,2010,false,,,,,,,,,,,,,28.24,,,,,,28.24,,,EN,2013-06-10T21:00:00.000Z
DEVICES12,Total density per million population: Linear Accelerator,text,EUR,Europe,Country,GRC,Greece,Year,2010,false,,,,,,,,,,,,,3.26,,,,,,3.26,,from the DIRA IAEA radiotherapy database (data available online at: http://www-naweb.iaea.org/nahu/dirac/query3.asp),EN,2013-06-10T21:00:00.000Z
DEVICES12,Total density per million population: Linear Accelerator,text,EUR,Europe,Country,ISR,Israel,Year,2010,false,,,,,,,,,,,,,3.37,,,,,,3.37,,,EN,2013-06-10T21:00:00.000Z
DEVICES12,Total density per million population: Linear Accelerator,text,EUR,Europe,Country,PRT,Portugal,Year,2010,false,,,,,,,,,,,,,3.47,,,,,,3.47,,,EN,2013-06-10T21:00:00.000Z
DEVICES12,Total density per million population: Linear Accelerator,text,EUR,Europe,Country,CZE,Czechia,Year,2010,false,,,,,,,,,,,,,3.53,,,,,,3.53,,,EN,2013-06-10T21:00:00.000Z
DEVICES12,Total density per million population: Linear Accelerator,text,WPR,Western Pacific,Country,SGP,Singapore,Year,2010,false,,,,,,,,,,,,,3.54,,,,,,3.54,,,EN,2013-06-10T21:00:00.000Z
DEVICES12,Total density per million population: Linear Accelerator,text,EUR,Europe,Country,ESP,Spain,Year,2010,false,,,,,,,,,,,,,3.56,,,,,,3.56,,,EN,2013-06-10T21:00:00.000Z
DEVICES12,Total density per million population: Linear Accelerator,text,EUR,Europe,Country,IRL,Ireland,Year,2010,false,,,,,,,,,,,,,3.8,,,,,,3.80,,Only public sector data,EN,2013-06-10T21:00:00.000Z
DEVICES12,Total density per million population: Linear Accelerator,text,AMR,Americas,Country,SUR,Suriname,Year,2010,false,,,,,,,,,,,,,3.81,,,,,,3.81,,,EN,2013-06-10T21:00:00.000Z
DEVICES12,Total density per million population: Linear Accelerator,text,EUR,Europe,Country,LUX,Luxembourg,Year,2010,false,,,,,,,,,,,,,3.94,,,,,,3.94,,,EN,2013-06-10T21:00:00.000Z
DEVICES12,Total density per million population: Linear Accelerator,text,EUR,Europe,Country,LVA,Latvia,Year,2010,false,,,,,,,,,,,,,4,,,,,,4.00,,from the DIRA IAEA radiotherapy database (data available online at: http://www-naweb.iaea.org/nahu/dirac/query3.asp),EN,2013-06-10T21:00:00.000Z
DEVICES12,Total density per million population: Linear Accelerator,text,WPR,Western Pacific,Country,AUS,Australia,Year,2010,false,,,,,,,,,,,,,4.22,,,,,,4.22,,Only public sector data,EN,2013-06-10T21:00:00.000Z
DEVICES12,Total density per million population: Linear Accelerator,text,EUR,Europe,Country,GBR,United Kingdom of Great Britain and Northern Ireland,Year,2010,false,,,,,,,,,,,,,5.4,,,,,,5.40,,from the DIRA IAEA radiotherapy database (data available online at: http://www-naweb.iaea.org/nahu/dirac/query3.asp),EN,2013-06-10T21:00:00.000Z
DEVICES12,Total density per million population: Linear Accelerator,text,EUR,Europe,Country,AUT,Austria,Year,2010,false,,,,,,,,,,,,,5.48,,,,,,5.48,,Only public sector data,EN,2013-06-10T21:00:00.000Z
DEVICES12,Total density per million population: Linear Accelerator,text,EUR,Europe,Country,DEU,Germany,Year,2010,false,,,,,,,,,,,,,6.17,,,,,,6.17,,from the DIRA IAEA radiotherapy database (data available online at: http://www-naweb.iaea.org/nahu/dirac/query3.asp),EN,2013-06-10T21:00:00.000Z
DEVICES12,Total density per million population: Linear Accelerator,text,EUR,Europe,Country,ISL,Iceland,Year,2010,false,,,,,,,,,,,,,6.25,,,,,,6.25,,,EN,2013-06-10T21:00:00.000Z
DEVICES12,Total density per million population: Linear Accelerator,text,EUR,Europe,Country,ITA,Italy,Year,2010,false,,,,,,,,,,,,,6.29,,,,,,6.29,,from the DIRA IAEA radiotherapy database (data available online at: http://www-naweb.iaea.org/nahu/dirac/query3.asp),EN,2013-06-10T21:00:00.000Z
DEVICES12,Total density per million population: Linear Accelerator,text,EUR,Europe,Country,FRA,France,Year,2010,false,,,,,,,,,,,,,6.63,,,,,,6.63,,from the DIRA IAEA radiotherapy database (data available online at: http://www-naweb.iaea.org/nahu/dirac/query3.asp),EN,2013-06-10T21:00:00.000Z
DEVICES12,Total density per million population: Linear Accelerator,text,WPR,Western Pacific,Country,JPN,Japan,Year,2010,false,,,,,,,,,,,,,6.7,,,,,,6.70,,from the DIRA IAEA radiotherapy database (data available online at: http://www-naweb.iaea.org/nahu/dirac/query3.asp),EN,2013-06-10T21:00:00.000Z
DEVICES12,Total density per million population: Linear Accelerator,text,WPR,Western Pacific,Country,NZL,New Zealand,Year,2010,true,,,,,,,,,,,,,7.1,,,,,,7.10,,,EN,2013-06-10T21:00:00.000Z
DEVICES12,Total density per million population: Linear Accelerator,text,EUR,Europe,Country,NLD,Netherlands (Kingdom of the),Year,2010,false,,,,,,,,,,,,,7.28,,,,,,7.28,,,EN,2013-06-10T21:00:00.000Z
DEVICES12,Total density per million population: Linear Accelerator,text,EUR,Europe,Country,FIN,Finland,Year,2010,false,,,,,,,,,,,,,7.46,,,,,,7.46,,Only public sector data,EN,2013-06-10T21:00:00.000Z
DEVICES12,Total density per million population: Linear Accelerator,text,EUR,Europe,Country,NOR,Norway,Year,2010,false,,,,,,,,,,,,,7.58,,,,,,7.58,,from the DIRA IAEA radiotherapy database (data available online at: http://www-naweb.iaea.org/nahu/dirac/query3.asp),EN,2013-06-10T21:00:00.000Z
DEVICES12,Total density per million population: Linear Accelerator,text,AMR,Americas,Country,CAN,Canada,Year,2010,false,,,,,,,,,,,,,8.14,,,,,,8.14,,from the DIRA IAEA radiotherapy database (data available online at: http://www-naweb.iaea.org/nahu/dirac/query3.asp),EN,2013-06-10T21:00:00.000Z
DEVICES12,Total density per million population: Linear Accelerator,text,EUR,Europe,Country,SWE,Sweden,Year,2010,false,,,,,,,,,,,,,8.32,,,,,,8.32,,from the DIRA IAEA radiotherapy database (data available online at: http://www-naweb.iaea.org/nahu/dirac/query3.asp),EN,2013-06-10T21:00:00.000Z
DEVICES12,Total density per million population: Linear Accelerator,text,EUR,Europe,Country,BEL,Belgium,Year,2010,false,,,,,,,,,,,,,8.59,,,,,,8.59,,from the DIRA IAEA radiotherapy database (data available online at: http://www-naweb.iaea.org/nahu/dirac/query3.asp),EN,2013-06-10T21:00:00.000Z
DEVICES12,Total density per million population: Linear Accelerator,text,EUR,Europe,Country,CHE,Switzerland,Year,2010,true,,,,,,,,,,,,,9.13,,,,,,9.13,,from the DIRA IAEA radiotherapy database (data available online at: http://www-naweb.iaea.org/nahu/dirac/query3.asp),EN,2013-06-10T21:00:00.000Z
DEVICES12,Total density per million population: Linear Accelerator,text,EUR,Europe,Country,DNK,Denmark,Year,2010,false,,,,,,,,,,,,,9.73,,,,,,9.73,,,EN,2013-06-10T21:00:00.000Z
DEVICES21,Total density per million population: Telecobalt Unit,text,AFR,Africa,Country,COG,Congo,Year,2010,true,,,,,,,,,,,,,0,,,,,,0,,from the DIRA IAEA radiotherapy database (data available online at: http://www-naweb.iaea.org/nahu/dirac/query3.asp),EN,2013-06-10T21:00:00.000Z
DEVICES21,Total density per million population: Telecobalt Unit,text,AFR,Africa,Country,MWI,Malawi,Year,2010,false,,,,,,,,,,,,,0,,,,,,0,,,EN,2013-06-10T21:00:00.000Z
DEVICES21,Total density per million population: Telecobalt Unit,text,EMR,Eastern Mediterranean,Country,AFG,Afghanistan,Year,2010,false,,,,,,,,,,,,,0,,,,,,0.00,,,EN,2013-06-10T21:00:00.000Z
DEVICES21,Total density per million population: Telecobalt Unit,text,AMR,Americas,Country,BHS,Bahamas,Year,2010,false,,,,,,,,,,,,,0,,,,,,0.00,,Only public sector data,EN,2013-06-10T21:00:00.000Z
DEVICES21,Total density per million population: Telecobalt Unit,text,AMR,Americas,Country,BLZ,Belize,Year,2010,false,,,,,,,,,,,,,0,,,,,,0.00,,,EN,2013-06-10T21:00:00.000Z
DEVICES21,Total density per million population: Telecobalt Unit,text,AFR,Africa,Country,BEN,Benin,Year,2010,false,,,,,,,,,,,,,0,,,,,,0.00,,,EN,2013-06-10T21:00:00.000Z
DEVICES21,Total density per million population: Telecobalt Unit,text,SEAR,South-East Asia,Country,BTN,Bhutan,Year,2010,false,,,,,,,,,,,,,0,,,,,,0.00,,,EN,2013-06-10T21:00:00.000Z
DEVICES21,Total density per million population: Telecobalt Unit,text,AFR,Africa,Country,BWA,Botswana,Year,2010,false,,,,,,,,,,,,,0,,,,,,0.00,,Only public sector data,EN,2013-06-10T21:00:00.000Z
DEVICES21,Total density per million population: Telecobalt Unit,text,AFR,Africa,Country,BFA,Burkina Faso,Year,2010,false,,,,,,,,,,,,,0,,,,,,0.00,,,EN,2013-06-10T21:00:00.000Z
DEVICES21,Total density per million population: Telecobalt Unit,text,AFR,Africa,Country,BDI,Burundi,Year,2010,false,,,,,,,,,,,,,0,,,,,,0.00,,,EN,2013-06-10T21:00:00.000Z
DEVICES21,Total density per million population: Telecobalt Unit,text,AFR,Africa,Country,CIV,Cote d'Ivoire,Year,2010,false,,,,,,,,,,,,,0,,,,,,0.00,,,EN,2013-06-10T21:00:00.000Z
DEVICES21,Total density per million population: Telecobalt Unit,text,AFR,Africa,Country,CPV,Cabo Verde,Year,2010,false,,,,,,,,,,,,,0,,,,,,0.00,,,EN,2013-06-10T21:00:00.000Z
DEVICES21,Total density per million population: Telecobalt Unit,text,AFR,Africa,Country,CAF,Central African Republic,Year,2010,false,,,,,,,,,,,,,0,,,,,,0.00,,,EN,2013-06-10T21:00:00.000Z
DEVICES21,Total density per million population: Telecobalt Unit,text,AFR,Africa,Country,COM,Comoros,Year,2010,false,,,,,,,,,,,,,0,,,,,,0.00,,,EN,2013-06-10T21:00:00.000Z
DEVICES21,Total density per million population: Telecobalt Unit,text,EUR,Europe,Country,CYP,Cyprus,Year,2010,false,,,,,,,,,,,,,0,,,,,,0.00,,,EN,2013-06-10T21:00:00.000Z
DEVICES21,Total density per million population: Telecobalt Unit,text,AFR,Africa,Country,COD,Democratic Republic of the Congo,Year,2010,false,,,,,,,,,,,,,0,,,,,,0.00,,,EN,2013-06-10T21:00:00.000Z
DEVICES21,Total density per million population: Telecobalt Unit,text,EUR,Europe,Country,DNK,Denmark,Year,2010,false,,,,,,,,,,,,,0,,,,,,0.00,,,EN,2013-06-10T21:00:00.000Z
DEVICES21,Total density per million population: Telecobalt Unit,text,AMR,Americas,Country,DMA,Dominica,Year,2010,false,,,,,,,,,,,,,0,,,,,,0.00,,,EN,2013-06-10T21:00:00.000Z
DEVICES21,Total density per million population: Telecobalt Unit,text,AFR,Africa,Country,ERI,Eritrea,Year,2010,false,,,,,,,,,,,,,0,,,,,,0.00,,,EN,2013-06-10T21:00:00.000Z
DEVICES21,Total density per million population: Telecobalt Unit,text,EUR,Europe,Country,EST,Estonia,Year,2010,true,,,,,,,,,,,,,0,,,,,,0.00,,from the DIRA IAEA radiotherapy database (data available online at: http://www-naweb.iaea.org/nahu/dirac/query3.asp),EN,2013-06-10T21:00:00.000Z
DEVICES21,Total density per million population: Telecobalt Unit,text,AFR,Africa,Country,SWZ,Eswatini,Year,2010,false,,,,,,,,,,,,,0,,,,,,0.00,,,EN,2013-06-10T21:00:00.000Z
DEVICES21,Total density per million population: Telecobalt Unit,text,WPR,Western Pacific,Country,FJI,Fiji,Year,2010,false,,,,,,,,,,,,,0,,,,,,0.00,,,EN,2013-06-10T21:00:00.000Z
DEVICES21,Total density per million population: Telecobalt Unit,text,EUR,Europe,Country,FIN,Finland,Year,2010,false,,,,,,,,,,,,,0,,,,,,0.00,,Only public sector data,EN,2013-06-10T21:00:00.000Z
DEVICES21,Total density per million population: Telecobalt Unit,text,AFR,Africa,Country,GMB,Gambia,Year,2010,false,,,,,,,,,,,,,0,,,,,,0.00,,Only private sector data,EN,2013-06-10T21:00:00.000Z
DEVICES21,Total density per million population: Telecobalt Unit,text,AMR,Americas,Country,GRD,Grenada,Year,2010,false,,,,,,,,,,,,,0,,,,,,0.00,,,EN,2013-06-10T21:00:00.000Z
DEVICES21,Total density per million population: Telecobalt Unit,text,AFR,Africa,Country,GIN,Guinea,Year,2010,false,,,,,,,,,,,,,0,,,,,,0.00,,Only public sector data,EN,2013-06-10T21:00:00.000Z
DEVICES21,Total density per million population: Telecobalt Unit,text,AFR,Africa,Country,GNB,Guinea-Bissau,Year,2010,false,,,,,,,,,,,,,0,,,,,,0.00,,,EN,2013-06-10T21:00:00.000Z
DEVICES21,Total density per million population: Telecobalt Unit,text,AMR,Americas,Country,GUY,Guyana,Year,2010,true,,,,,,,,,,,,,0,,,,,,0.00,,from the DIRA IAEA radiotherapy database (data available online at: http://www-naweb.iaea.org/nahu/dirac/query3.asp),EN,2013-06-10T21:00:00.000Z
DEVICES21,Total density per million population: Telecobalt Unit,text,EUR,Europe,Country,ISL,Iceland,Year,2010,false,,,,,,,,,,,,,0,,,,,,0.00,,,EN,2013-06-10T21:00:00.000Z
DEVICES21,Total density per million population: Telecobalt Unit,text,WPR,Western Pacific,Country,KIR,Kiribati,Year,2010,false,,,,,,,,,,,,,0,,,,,,0.00,,,EN,2013-06-10T21:00:00.000Z
DEVICES21,Total density per million population: Telecobalt Unit,text,WPR,Western Pacific,Country,LAO,Lao People's Democratic Republic,Year,2010,false,,,,,,,,,,,,,0,,,,,,0.00,,,EN,2013-06-10T21:00:00.000Z
DEVICES21,Total density per million population: Telecobalt Unit,text,AFR,Africa,Country,LBR,Liberia,Year,2010,true,,,,,,,,,,,,,0,,,,,,0.00,,from the DIRA IAEA radiotherapy database (data available online at: http://www-naweb.iaea.org/nahu/dirac/query3.asp),EN,2013-06-10T21:00:00.000Z
DEVICES21,Total density per million population: Telecobalt Unit,text,EUR,Europe,Country,LUX,Luxembourg,Year,2010,false,,,,,,,,,,,,,0,,,,,,0.00,,,EN,2013-06-10T21:00:00.000Z
DEVICES21,Total density per million population: Telecobalt Unit,text,SEAR,South-East Asia,Country,MDV,Maldives,Year,2010,false,,,,,,,,,,,,,0,,,,,,0.00,,,EN,2013-06-10T21:00:00.000Z
DEVICES21,Total density per million population: Telecobalt Unit,text,AFR,Africa,Country,MLI,Mali,Year,2010,false,,,,,,,,,,,,,0,,,,,,0.00,,,EN,2013-06-10T21:00:00.000Z
DEVICES21,Total density per million population: Telecobalt Unit,text,WPR,Western Pacific,Country,MHL,Marshall Islands,Year,2010,false,,,,,,,,,,,,,0,,,,,,0.00,,,EN,2013-06-10T21:00:00.000Z
DEVICES21,Total density per million population: Telecobalt Unit,text,AFR,Africa,Country,MRT,Mauritania,Year,2010,true,,,,,,,,,,,,,0,,,,,,0.00,,from the DIRA IAEA radiotherapy database (data available online at: http://www-naweb.iaea.org/nahu/dirac/query3.asp),EN,2013-06-10T21:00:00.000Z
DEVICES21,Total density per million population: Telecobalt Unit,text,WPR,Western Pacific,Country,FSM,Micronesia (Federated States of),Year,2010,false,,,,,,,,,,,,,0,,,,,,0.00,,,EN,2013-06-10T21:00:00.000Z
DEVICES21,Total density per million population: Telecobalt Unit,text,EUR,Europe,Country,MCO,Monaco,Year,2010,false,,,,,,,,,,,,,0,,,,,,0.00,,,EN,2013-06-10T21:00:00.000Z
DEVICES21,Total density per million population: Telecobalt Unit,text,EUR,Europe,Country,MNE,Montenegro,Year,2010,false,,,,,,,,,,,,,0,,,,,,0.00,,from the DIRA IAEA radiotherapy database (data available online at: http://www-naweb.iaea.org/nahu/dirac/query3.asp),EN,2013-06-10T21:00:00.000Z
DEVICES21,Total density per million population: Telecobalt Unit,text,AFR,Africa,Country,MOZ,Mozambique,Year,2010,true,,,,,,,,,,,,,0,,,,,,0.00,,from the DIRA IAEA radiotherapy database (data available online at: http://www-naweb.iaea.org/nahu/dirac/query3.asp),EN,2013-06-10T21:00:00.000Z
DEVICES21,Total density per million population: Telecobalt Unit,text,EUR,Europe,Country,NLD,Netherlands (Kingdom of the),Year,2010,false,,,,,,,,,,,,,0,,,,,,0.00,,,EN,2013-06-10T21:00:00.000Z
DEVICES21,Total density per million population: Telecobalt Unit,text,WPR,Western Pacific,Country,NZL,New Zealand,Year,2010,false,,,,,,,,,,,,,0,,,,,,0.00,,,EN,2013-06-10T21:00:00.000Z
DEVICES21,Total density per million population: Telecobalt Unit,text,AFR,Africa,Country,NER,Niger,Year,2010,false,,,,,,,,,,,,,0,,,,,,0.00,,,EN,2013-06-10T21:00:00.000Z
DEVICES21,Total density per million population: Telecobalt Unit,text,EMR,Eastern Mediterranean,Country,OMN,Oman,Year,2010,false,,,,,,,,,,,,,0,,,,,,0.00,,,EN,2013-06-10T21:00:00.000Z
DEVICES21,Total density per million population: Telecobalt Unit,text,AMR,Americas,Country,PAN,Panama,Year,2010,false,,,,,,,,,,,,,0,,,,,,0.00,,,EN,2013-06-10T21:00:00.000Z
DEVICES21,Total density per million population: Telecobalt Unit,text,EMR,Eastern Mediterranean,Country,QAT,Qatar,Year,2010,false,,,,,,,,,,,,,0,,,,,,0.00,,,EN,2013-06-10T21:00:00.000Z
DEVICES21,Total density per million population: Telecobalt Unit,text,AMR,Americas,Country,KNA,Saint Kitts and Nevis,Year,2010,false,,,,,,,,,,,,,0,,,,,,0.00,,,EN,2013-06-10T21:00:00.000Z
DEVICES21,Total density per million population: Telecobalt Unit,text,AMR,Americas,Country,LCA,Saint Lucia,Year,2010,false,,,,,,,,,,,,,0,,,,,,0.00,,,EN,2013-06-10T21:00:00.000Z
DEVICES21,Total density per million population: Telecobalt Unit,text,AMR,Americas,Country,VCT,Saint Vincent and the Grenadines,Year,2010,false,,,,,,,,,,,,,0,,,,,,0.00,,,EN,2013-06-10T21:00:00.000Z
DEVICES21,Total density per million population: Telecobalt Unit,text,WPR,Western Pacific,Country,WSM,Samoa,Year,2010,false,,,,,,,,,,,,,0,,,,,,0.00,,,EN,2013-06-10T21:00:00.000Z
DEVICES21,Total density per million population: Telecobalt Unit,text,EUR,Europe,Country,SMR,San Marino,Year,2010,false,,,,,,,,,,,,,0,,,,,,0.00,,,EN,2013-06-10T21:00:00.000Z
DEVICES21,Total density per million population: Telecobalt Unit,text,EMR,Eastern Mediterranean,Country,SAU,Saudi Arabia,Year,2010,false,,,,,,,,,,,,,0,,,,,,0.00,,Only public sector data,EN,2013-06-10T21:00:00.000Z
DEVICES21,Total density per million population: Telecobalt Unit,text,AFR,Africa,Country,SYC,Seychelles,Year,2010,true,,,,,,,,,,,,,0,,,,,,0.00,,,EN,2013-06-10T21:00:00.000Z
DEVICES21,Total density per million population: Telecobalt Unit,text,AMR,Americas,Country,SUR,Suriname,Year,2010,false,,,,,,,,,,,,,0,,,,,,0.00,,,EN,2013-06-10T21:00:00.000Z
DEVICES21,Total density per million population: Telecobalt Unit,text,EUR,Europe,Country,SWE,Sweden,Year,2010,false,,,,,,,,,,,,,0,,,,,,0.00,,from the DIRA IAEA radiotherapy database (data available online at: http://www-naweb.iaea.org/nahu/dirac/query3.asp),EN,2013-06-10T21:00:00.000Z
DEVICES21,Total density per million population: Telecobalt Unit,text,WPR,Western Pacific,Country,TON,Tonga,Year,2010,false,,,,,,,,,,,,,0,,,,,,0.00,,,EN,2013-06-10T21:00:00.000Z
DEVICES21,Total density per million population: Telecobalt Unit,text,WPR,Western Pacific,Country,VUT,Vanuatu,Year,2010,false,,,,,,,,,,,,,0,,,,,,0.00,,,EN,2013-06-10T21:00:00.000Z
DEVICES21,Total density per million population: Telecobalt Unit,text,AFR,Africa,Country,ETH,Ethiopia,Year,2010,false,,,,,,,,,,,,,0.02,,,,,,0.02,,,EN,2013-06-10T21:00:00.000Z
DEVICES21,Total density per million population: Telecobalt Unit,text,AFR,Africa,Country,KEN,Kenya,Year,2010,false,,,,,,,,,,,,,0.02,,,,,,0.02,,,EN,2013-06-10T21:00:00.000Z
DEVICES21,Total density per million population: Telecobalt Unit,text,AFR,Africa,Country,NGA,Nigeria,Year,2010,false,,,,,,,,,,,,,0.03,,,,,,0.03,,from the DIRA IAEA radiotherapy database (data available online at: http://www-naweb.iaea.org/nahu/dirac/query3.asp),EN,2013-06-10T21:00:00.000Z
DEVICES21,Total density per million population: Telecobalt Unit,text,WPR,Western Pacific,Country,AUS,Australia,Year,2010,true,,,,,,,,,,,,,0.04,,,,,,0.04,,from the DIRA IAEA radiotherapy database (data available online at: http://www-naweb.iaea.org/nahu/dirac/query3.asp),EN,2013-06-10T21:00:00.000Z
DEVICES21,Total density per million population: Telecobalt Unit,text,EMR,Eastern Mediterranean,Country,PAK,Pakistan,Year,2010,false,,,,,,,,,,,,,0.04,,,,,,0.04,,,EN,2013-06-10T21:00:00.000Z
DEVICES21,Total density per million population: Telecobalt Unit,text,EMR,Eastern Mediterranean,Country,YEM,Yemen,Year,2010,false,,,,,,,,,,,,,0.04,,,,,,0.04,,,EN,2013-06-10T21:00:00.000Z
DEVICES21,Total density per million population: Telecobalt Unit,text,AFR,Africa,Country,AGO,Angola,Year,2010,false,,,,,,,,,,,,,0.05,,,,,,0.05,,Only public sector data,EN,2013-06-10T21:00:00.000Z
DEVICES21,Total density per million population: Telecobalt Unit,text,AFR,Africa,Country,MDG,Madagascar,Year,2010,false,,,,,,,,,,,,,0.05,,,,,,0.05,,,EN,2013-06-10T21:00:00.000Z
DEVICES21,Total density per million population: Telecobalt Unit,text,WPR,Western Pacific,Country,IDN,Indonesia,Year,2010,false,,,,,,,,,,,,,0.06,,,,,,0.06,,from the DIRA IAEA radiotherapy database (data available online at: http://www-naweb.iaea.org/nahu/dirac/query3.asp),EN,2013-06-10T21:00:00.000Z
DEVICES21,Total density per million population: Telecobalt Unit,text,EMR,Eastern Mediterranean,Country,IRQ,Iraq,Year,2010,false,,,,,,,,,,,,,0.06,,,,,,0.06,,Only public sector data,EN,2013-06-10T21:00:00.000Z
DEVICES21,Total density per million population: Telecobalt Unit,text,EMR,Eastern Mediterranean,Country,MAR,Morocco,Year,2010,false,,,,,,,,,,,,,0.06,,,,,,0.06,,Only public sector data,EN,2013-06-10T21:00:00.000Z
DEVICES21,Total density per million population: Telecobalt Unit,text,SEAR,South-East Asia,Country,MMR,Myanmar,Year,2010,false,,,,,,,,,,,,,0.06,,,,,,0.06,,Only public sector data,EN,2013-06-10T21:00:00.000Z
DEVICES21,Total density per million population: Telecobalt Unit,text,AFR,Africa,Country,UGA,Uganda,Year,2010,false,,,,,,,,,,,,,0.06,,,,,,0.06,,,EN,2013-06-10T21:00:00.000Z
DEVICES21,Total density per million population: Telecobalt Unit,text,WPR,Western Pacific,Country,KHM,Cambodia,Year,2010,false,,,,,,,,,,,,,0.07,,,,,,0.07,,,EN,2013-06-10T21:00:00.000Z
DEVICES21,Total density per million population: Telecobalt Unit,text,AFR,Africa,Country,TZA,United Republic of Tanzania,Year,2010,false,,,,,,,,,,,,,0.07,,,,,,0.07,,Only public sector data,EN,2013-06-10T21:00:00.000Z
DEVICES21,Total density per million population: Telecobalt Unit,text,SEAR,South-East Asia,Country,BGD,Bangladesh,Year,2010,false,,,,,,,,,,,,,0.08,,,,,,0.08,,from the DIRA IAEA radiotherapy database (data available online at: http://www-naweb.iaea.org/nahu/dirac/query3.asp),EN,2013-06-10T21:00:00.000Z
DEVICES21,Total density per million population: Telecobalt Unit,text,AFR,Africa,Country,GHA,Ghana,Year,2010,false,,,,,,,,,,,,,0.08,,,,,,0.08,,Only public sector data,EN,2013-06-10T21:00:00.000Z
DEVICES21,Total density per million population: Telecobalt Unit,text,AFR,Africa,Country,SEN,Senegal,Year,2010,false,,,,,,,,,,,,,0.08,,,,,,0.08,,Only public sector data,EN,2013-06-10T21:00:00.000Z
DEVICES21,Total density per million population: Telecobalt Unit,text,EUR,Europe,Country,GBR,United Kingdom of Great Britain and Northern Ireland,Year,2010,false,,,,,,,,,,,,,0.08,,,,,,0.08,,from the DIRA IAEA radiotherapy database (data available online at: http://www-naweb.iaea.org/nahu/dirac/query3.asp),EN,2013-06-10T21:00:00.000Z
DEVICES21,Total density per million population: Telecobalt Unit,text,AFR,Africa,Country,ZMB,Zambia,Year,2010,false,,,,,,,,,,,,,0.08,,,,,,0.08,,,EN,2013-06-10T21:00:00.000Z
DEVICES21,Total density per million population: Telecobalt Unit,text,EMR,Eastern Mediterranean,Country,SDN,Sudan,Year,2010,false,,,,,,,,,,,,,0.09,,,,,,0.09,,,EN,2013-06-10T21:00:00.000Z
DEVICES21,Total density per million population: Telecobalt Unit,text,SEAR,South-East Asia,Country,NPL,Nepal,Year,2010,false,,,,,,,,,,,,,0.1,,,,,,0.10,,from the DIRA IAEA radiotherapy database (data available online at: http://www-naweb.iaea.org/nahu/dirac/query3.asp),EN,2013-06-10T21:00:00.000Z
DEVICES21,Total density per million population: Telecobalt Unit,text,WPR,Western Pacific,Country,PHL,Philippines,Year,2010,true,,,,,,,,,,,,,0.1,,,,,,0.10,,from the DIRA IAEA radiotherapy database (data available online at: http://www-naweb.iaea.org/nahu/dirac/query3.asp),EN,2013-06-10T21:00:00.000Z
DEVICES21,Total density per million population: Telecobalt Unit,text,EUR,Europe,Country,SRB,Serbia,Year,2010,false,,,,,,,,,,,,,0.1,,,,,,0.10,,,EN,2013-06-10T21:00:00.000Z
DEVICES21,Total density per million population: Telecobalt Unit,text,EUR,Europe,Country,AUT,Austria,Year,2010,true,,,,,,,,,,,,,0.12,,,,,,0.12,,from the DIRA IAEA radiotherapy database (data available online at: http://www-naweb.iaea.org/nahu/dirac/query3.asp),EN,2013-06-10T21:00:00.000Z
DEVICES21,Total density per million population: Telecobalt Unit,text,SEAR,South-East Asia,Country,PRK,Democratic People's Republic of Korea,Year,2010,false,,,,,,,,,,,,,0.12,,,,,,0.12,,from the DIRA IAEA radiotherapy database (data available online at: http://www-naweb.iaea.org/nahu/dirac/query3.asp),EN,2013-06-10T21:00:00.000Z
DEVICES21,Total density per million population: Telecobalt Unit,text,EUR,Europe,Country,ISR,Israel,Year,2010,false,,,,,,,,,,,,,0.13,,,,,,0.13,,,EN,2013-06-10T21:00:00.000Z
DEVICES21,Total density per million population: Telecobalt Unit,text,EUR,Europe,Country,POL,Poland,Year,2010,false,,,,,,,,,,,,,0.13,,,,,,0.13,,Only public sector data,EN,2013-06-10T21:00:00.000Z
DEVICES21,Total density per million population: Telecobalt Unit,text,EMR,Eastern Mediterranean,Country,ARE,United Arab Emirates,Year,2010,false,,,,,,,,,,,,,0.13,,,,,,0.13,,from the DIRA IAEA radiotherapy database (data available online at: http://www-naweb.iaea.org/nahu/dirac/query3.asp),EN,2013-06-10T21:00:00.000Z
DEVICES21,Total density per million population: Telecobalt Unit,text,AMR,Americas,Country,ECU,Ecuador,Year,2010,false,,,,,,,,,,,,,0.14,,,,,,0.14,,from the DIRA IAEA radiotherapy database (data available online at: http://www-naweb.iaea.org/nahu/dirac/query3.asp),EN,2013-06-10T21:00:00.000Z
DEVICES21,Total density per million population: Telecobalt Unit,text,AFR,Africa,Country,CMR,Cameroon,Year,2010,false,,,,,,,,,,,,,0.15,,,,,,0.15,,,EN,2013-06-10T21:00:00.000Z
DEVICES21,Total density per million population: Telecobalt Unit,text,WPR,Western Pacific,Country,PNG,Papua New Guinea,Year,2010,false,,,,,,,,,,,,,0.15,,,,,,0.15,,,EN,2013-06-10T21:00:00.000Z
DEVICES21,Total density per million population: Telecobalt Unit,text,EUR,Europe,Country,TJK,Tajikistan,Year,2010,false,,,,,,,,,,,,,0.15,,,,,,0.15,,from the DIRA IAEA radiotherapy database (data available online at: http://www-naweb.iaea.org/nahu/dirac/query3.asp),EN,2013-06-10T21:00:00.000Z
DEVICES21,Total density per million population: Telecobalt Unit,text,EUR,Europe,Country,FRA,France,Year,2010,false,,,,,,,,,,,,,0.16,,,,,,0.16,,from the DIRA IAEA radiotherapy database (data available online at: http://www-naweb.iaea.org/nahu/dirac/query3.asp),EN,2013-06-10T21:00:00.000Z
DEVICES21,Total density per million population: Telecobalt Unit,text,AMR,Americas,Country,NIC,Nicaragua,Year,2010,false,,,,,,,,,,,,,0.17,,,,,,0.17,,Only public sector data,EN,2013-06-10T21:00:00.000Z
DEVICES21,Total density per million population: Telecobalt Unit,text,AFR,Africa,Country,ZAF,South Africa,Year,2010,false,,,,,,,,,,,,,0.18,,,,,,0.18,,Only public sector data,EN,2013-06-10T21:00:00.000Z
DEVICES21,Total density per million population: Telecobalt Unit,text,WPR,Western Pacific,Country,VNM,Viet Nam,Year,2010,false,,,,,,,,,,,,,0.2,,,,,,0.2,,from the DIRA IAEA radiotherapy database (data available online at: http://www-naweb.iaea.org/nahu/dirac/query3.asp),EN,2013-06-10T21:00:00.000Z
DEVICES21,Total density per million population: Telecobalt Unit,text,EUR,Europe,Country,NOR,Norway,Year,2010,false,,,,,,,,,,,,,0.2,,,,,,0.20,,from the DIRA IAEA radiotherapy database (data available online at: http://www-naweb.iaea.org/nahu/dirac/query3.asp),EN,2013-06-10T21:00:00.000Z
DEVICES21,Total density per million population: Telecobalt Unit,text,WPR,Western Pacific,Country,SGP,Singapore,Year,2010,false,,,,,,,,,,,,,0.2,,,,,,0.20,,,EN,2013-06-10T21:00:00.000Z
DEVICES21,Total density per million population: Telecobalt Unit,text,WPR,Western Pacific,Country,MYS,Malaysia,Year,2010,true,,,,,,,,,,,,,0.21,,,,,,0.21,,from the DIRA IAEA radiotherapy database (data available online at: http://www-naweb.iaea.org/nahu/dirac/query3.asp),EN,2013-06-10T21:00:00.000Z
DEVICES21,Total density per million population: Telecobalt Unit,text,WPR,Western Pacific,Country,KOR,Republic of Korea,Year,2010,false,,,,,,,,,,,,,0.21,,,,,,0.21,,from the DIRA IAEA radiotherapy database (data available online at: http://www-naweb.iaea.org/nahu/dirac/query3.asp),EN,2013-06-10T21:00:00.000Z
DEVICES21,Total density per million population: Telecobalt Unit,text,EUR,Europe,Country,AZE,Azerbaijan,Year,2010,true,,,,,,,,,,,,,0.22,,,,,,0.22,,from the DIRA IAEA radiotherapy database (data available online at: http://www-naweb.iaea.org/nahu/dirac/query3.asp),EN,2013-06-10T21:00:00.000Z
DEVICES21,Total density per million population: Telecobalt Unit,text,EUR,Europe,Country,IRL,Ireland,Year,2010,false,,,,,,,,,,,,,0.22,,,,,,0.22,,Only public sector data,EN,2013-06-10T21:00:00.000Z
DEVICES21,Total density per million population: Telecobalt Unit,text,AMR,Americas,Country,CHL,Chile,Year,2010,false,,,,,,,,,,,,,0.23,,,,,,0.23,,Only public sector data,EN,2013-06-10T21:00:00.000Z
DEVICES21,Total density per million population: Telecobalt Unit,text,EMR,Eastern Mediterranean,Country,EGY,Egypt,Year,2010,false,,,,,,,,,,,,,0.23,,,,,,0.23,,from the DIRA IAEA radiotherapy database (data available online at: http://www-naweb.iaea.org/nahu/dirac/query3.asp),EN,2013-06-10T21:00:00.000Z
DEVICES21,Total density per million population: Telecobalt Unit,text,AFR,Africa,Country,ZWE,Zimbabwe,Year,2010,false,,,,,,,,,,,,,0.24,,,,,,0.24,,,EN,2013-06-10T21:00:00.000Z
DEVICES21,Total density per million population: Telecobalt Unit,text,EUR,Europe,Country,ITA,Italy,Year,2010,false,,,,,,,,,,,,,0.25,,,,,,0.25,,from the DIRA IAEA radiotherapy database (data available online at: http://www-naweb.iaea.org/nahu/dirac/query3.asp),EN,2013-06-10T21:00:00.000Z
DEVICES21,Total density per million population: Telecobalt Unit,text,EUR,Europe,Country,DEU,Germany,Year,2010,false,,,,,,,,,,,,,0.26,,,,,,0.26,,from the DIRA IAEA radiotherapy database (data available online at: http://www-naweb.iaea.org/nahu/dirac/query3.asp),EN,2013-06-10T21:00:00.000Z
DEVICES21,Total density per million population: Telecobalt Unit,text,SEAR,South-East Asia,Country,IND,India,Year,2010,false,,,,,,,,,,,,,0.27,,,,,,0.27,,from the DIRA IAEA radiotherapy database (data available online at: http://www-naweb.iaea.org/nahu/dirac/query3.asp),EN,2013-06-10T21:00:00.000Z
DEVICES21,Total density per million population: Telecobalt Unit,text,AFR,Africa,Country,DZA,Algeria,Year,2010,false,,,,,,,,,,,,,0.28,,,,,,0.28,,from the DIRA IAEA radiotherapy database (data available online at: http://www-naweb.iaea.org/nahu/dirac/query3.asp),EN,2013-06-10T21:00:00.000Z
DEVICES21,Total density per million population: Telecobalt Unit,text,EUR,Europe,Country,MDA,Republic of Moldova,Year,2010,false,,,,,,,,,,,,,0.28,,,,,,0.28,,Only public sector data,EN,2013-06-10T21:00:00.000Z
DEVICES21,Total density per million population: Telecobalt Unit,text,EMR,Eastern Mediterranean,Country,SYR,Syrian Arab Republic,Year,2010,false,,,,,,,,,,,,,0.29,,,,,,0.29,,from the DIRA IAEA radiotherapy database (data available online at: http://www-naweb.iaea.org/nahu/dirac/query3.asp),EN,2013-06-10T21:00:00.000Z
DEVICES21,Total density per million population: Telecobalt Unit,text,EUR,Europe,Country,ALB,Albania,Year,2010,false,,,,,,,,,,,,,0.31,,,,,,0.31,,,EN,2013-06-10T21:00:00.000Z
DEVICES21,Total density per million population: Telecobalt Unit,text,AMR,Americas,Country,PER,Peru,Year,2010,false,,,,,,,,,,,,,0.31,,,,,,0.31,,from the DIRA IAEA radiotherapy database (data available online at: http://www-naweb.iaea.org/nahu/dirac/query3.asp),EN,2013-06-10T21:00:00.000Z
DEVICES21,Total density per million population: Telecobalt Unit,text,EMR,Eastern Mediterranean,Country,IRN,Iran (Islamic Republic of),Year,2010,false,,,,,,,,,,,,,0.32,,,,,,0.32,,from the DIRA IAEA radiotherapy database (data available online at: http://www-naweb.iaea.org/nahu/dirac/query3.asp),EN,2013-06-10T21:00:00.000Z
DEVICES21,Total density per million population: Telecobalt Unit,text,EMR,Eastern Mediterranean,Country,JOR,Jordan,Year,2010,false,,,,,,,,,,,,,0.32,,,,,,0.32,,,EN,2013-06-10T21:00:00.000Z
DEVICES21,Total density per million population: Telecobalt Unit,text,SEAR,South-East Asia,Country,THA,Thailand,Year,2010,false,,,,,,,,,,,,,0.33,,,,,,0.33,,,EN,2013-06-10T21:00:00.000Z
DEVICES21,Total density per million population: Telecobalt Unit,text,AMR,Americas,Country,BRA,Brazil,Year,2010,false,,,,,,,,,,,,,0.35,,,,,,0.35,,from the DIRA IAEA radiotherapy database (data available online at: http://www-naweb.iaea.org/nahu/dirac/query3.asp),EN,2013-06-10T21:00:00.000Z
DEVICES21,Total density per million population: Telecobalt Unit,text,AMR,Americas,Country,GTM,Guatemala,Year,2010,false,,,,,,,,,,,,,0.35,,,,,,0.35,,from the DIRA IAEA radiotherapy database (data available online at: http://www-naweb.iaea.org/nahu/dirac/query3.asp),EN,2013-06-10T21:00:00.000Z
DEVICES21,Total density per million population: Telecobalt Unit,text,WPR,Western Pacific,Country,MNG,Mongolia,Year,2010,false,,,,,,,,,,,,,0.36,,,,,,0.36,,Only public sector data,EN,2013-06-10T21:00:00.000Z
DEVICES21,Total density per million population: Telecobalt Unit,text,EUR,Europe,Country,BEL,Belgium,Year,2010,false,,,,,,,,,,,,,0.37,,,,,,0.37,,from the DIRA IAEA radiotherapy database (data available online at: http://www-naweb.iaea.org/nahu/dirac/query3.asp),EN,2013-06-10T21:00:00.000Z
DEVICES21,Total density per million population: Telecobalt Unit,text,EUR,Europe,Country,KGZ,Kyrgyzstan,Year,2010,false,,,,,,,,,,,,,0.37,,,,,,0.37,,from the DIRA IAEA radiotherapy database (data available online at: http://www-naweb.iaea.org/nahu/dirac/query3.asp),EN,2013-06-10T21:00:00.000Z
DEVICES21,Total density per million population: Telecobalt Unit,text,WPR,Western Pacific,Country,CHN,China,Year,2010,false,,,,,,,,,,,,,0.39,,,,,,0.39,,from the DIRA IAEA radiotherapy database (data available online at: http://www-naweb.iaea.org/nahu/dirac/query3.asp),EN,2013-06-10T21:00:00.000Z
DEVICES21,Total density per million population: Telecobalt Unit,text,AMR,Americas,Country,DOM,Dominican Republic,Year,2010,false,,,,,,,,,,,,,0.4,,,,,,0.40,,from the DIRA IAEA radiotherapy database (data available online at: http://www-naweb.iaea.org/nahu/dirac/query3.asp),EN,2013-06-10T21:00:00.000Z
DEVICES21,Total density per million population: Telecobalt Unit,text,AMR,Americas,Country,MEX,Mexico,Year,2010,false,,,,,,,,,,,,,0.4,,,,,,0.40,,,EN,2013-06-10T21:00:00.000Z
DEVICES21,Total density per million population: Telecobalt Unit,text,AFR,Africa,Country,NAM,Namibia,Year,2010,false,,,,,,,,,,,,,0.44,,,,,,0.44,,,EN,2013-06-10T21:00:00.000Z
DEVICES21,Total density per million population: Telecobalt Unit,text,AMR,Americas,Country,USA,United States of America,Year,2010,false,,,,,,,,,,,,,0.45,,,,,,0.45,,from the DIRA IAEA radiotherapy database (data available online at: http://www-naweb.iaea.org/nahu/dirac/query3.asp),EN,2013-06-10T21:00:00.000Z
DEVICES21,Total density per million population: Telecobalt Unit,text,AMR,Americas,Country,PRY,Paraguay,Year,2010,false,,,,,,,,,,,,,0.46,,,,,,0.46,,,EN,2013-06-10T21:00:00.000Z
DEVICES21,Total density per million population: Telecobalt Unit,text,AMR,Americas,Country,SLV,El Salvador,Year,2010,false,,,,,,,,,,,,,0.48,,,,,,0.48,,,EN,2013-06-10T21:00:00.000Z
DEVICES21,Total density per million population: Telecobalt Unit,text,WPR,Western Pacific,Country,JPN,Japan,Year,2010,false,,,,,,,,,,,,,0.49,,,,,,0.49,,from the DIRA IAEA radiotherapy database (data available online at: http://www-naweb.iaea.org/nahu/dirac/query3.asp),EN,2013-06-10T21:00:00.000Z
DEVICES21,Total density per million population: Telecobalt Unit,text,EUR,Europe,Country,MKD,North Macedonia,Year,2010,true,,,,,,,,,,,,,0.49,,,,,,0.49,,from the DIRA IAEA radiotherapy database (data available online at: http://www-naweb.iaea.org/nahu/dirac/query3.asp),EN,2013-06-10T21:00:00.000Z
DEVICES21,Total density per million population: Telecobalt Unit,text,EUR,Europe,Country,SVN,Slovenia,Year,2010,false,,,,,,,,,,,,,0.49,,,,,,0.49,,Only public sector data,EN,2013-06-10T21:00:00.000Z
DEVICES21,Total density per million population: Telecobalt Unit,text,AMR,Americas,Country,BOL,Bolivia (Plurinational State of),Year,2010,false,,,,,,,,,,,,,0.5,,,,,,0.50,,from the DIRA IAEA radiotherapy database (data available online at: http://www-naweb.iaea.org/nahu/dirac/query3.asp),EN,2013-06-10T21:00:00.000Z
DEVICES21,Total density per million population: Telecobalt Unit,text,EUR,Europe,Country,BIH,Bosnia and Herzegovina,Year,2010,false,,,,,,,,,,,,,0.53,,,,,,0.53,,,EN,2013-06-10T21:00:00.000Z
DEVICES21,Total density per million population: Telecobalt Unit,text,AMR,Americas,Country,HND,Honduras,Year,2010,false,,,,,,,,,,,,,0.53,,,,,,0.53,,,EN,2013-06-10T21:00:00.000Z
DEVICES21,Total density per million population: Telecobalt Unit,text,SEAR,South-East Asia,Country,LKA,Sri Lanka,Year,2010,true,,,,,,,,,,,,,0.53,,,,,,0.53,,from the DIRA IAEA radiotherapy database (data available online at: http://www-naweb.iaea.org/nahu/dirac/query3.asp),EN,2013-06-10T21:00:00.000Z
DEVICES21,Total density per million population: Telecobalt Unit,text,EUR,Europe,Country,PRT,Portugal,Year,2010,false,,,,,,,,,,,,,0.56,,,,,,0.56,,,EN,2013-06-10T21:00:00.000Z
DEVICES21,Total density per million population: Telecobalt Unit,text,AMR,Americas,Country,CAN,Canada,Year,2010,false,,,,,,,,,,,,,0.59,,,,,,0.59,,from the DIRA IAEA radiotherapy database (data available online at: http://www-naweb.iaea.org/nahu/dirac/query3.asp),EN,2013-06-10T21:00:00.000Z
DEVICES21,Total density per million population: Telecobalt Unit,text,EUR,Europe,Country,TUR,Türkiye,Year,2010,false,,,,,,,,,,,,,0.62,,,,,,0.62,,,EN,2013-06-10T21:00:00.000Z
DEVICES21,Total density per million population: Telecobalt Unit,text,EUR,Europe,Country,UZB,Uzbekistan,Year,2010,false,,,,,,,,,,,,,0.62,,,,,,0.62,,from the DIRA IAEA radiotherapy database (data available online at: http://www-naweb.iaea.org/nahu/dirac/query3.asp),EN,2013-06-10T21:00:00.000Z
DEVICES21,Total density per million population: Telecobalt Unit,text,AMR,Americas,Country,CRI,Costa Rica,Year,2010,false,,,,,,,,,,,,,0.64,,,,,,0.64,,,EN,2013-06-10T21:00:00.000Z
DEVICES21,Total density per million population: Telecobalt Unit,text,EUR,Europe,Country,ROU,Romania,Year,2010,false,,,,,,,,,,,,,0.65,,,,,,0.65,,,EN,2013-06-10T21:00:00.000Z
DEVICES21,Total density per million population: Telecobalt Unit,text,EUR,Europe,Country,CHE,Switzerland,Year,2010,true,,,,,,,,,,,,,0.65,,,,,,0.65,,from the DIRA IAEA radiotherapy database (data available online at: http://www-naweb.iaea.org/nahu/dirac/query3.asp),EN,2013-06-10T21:00:00.000Z
DEVICES21,Total density per million population: Telecobalt Unit,text,AFR,Africa,Country,GAB,Gabon,Year,2010,false,,,,,,,,,,,,,0.66,,,,,,0.66,,,EN,2013-06-10T21:00:00.000Z
DEVICES21,Total density per million population: Telecobalt Unit,text,EUR,Europe,Country,ESP,Spain,Year,2010,false,,,,,,,,,,,,,0.67,,,,,,0.67,,,EN,2013-06-10T21:00:00.000Z
DEVICES21,Total density per million population: Telecobalt Unit,text,EUR,Europe,Country,HRV,Croatia,Year,2010,false,,,,,,,,,,,,,0.68,,,,,,0.68,,,EN,2013-06-10T21:00:00.000Z
DEVICES21,Total density per million population: Telecobalt Unit,text,AMR,Americas,Country,COL,Colombia,Year,2010,false,,,,,,,,,,,,,0.69,,,,,,0.69,,from the DIRA IAEA radiotherapy database (data available online at: http://www-naweb.iaea.org/nahu/dirac/query3.asp),EN,2013-06-10T21:00:00.000Z
DEVICES21,Total density per million population: Telecobalt Unit,text,EUR,Europe,Country,GEO,Georgia,Year,2010,false,,,,,,,,,,,,,0.69,,,,,,0.69,,,EN,2013-06-10T21:00:00.000Z
DEVICES21,Total density per million population: Telecobalt Unit,text,EUR,Europe,Country,HUN,Hungary,Year,2010,false,,,,,,,,,,,,,0.7,,,,,,0.70,,,EN,2013-06-10T21:00:00.000Z
DEVICES21,Total density per million population: Telecobalt Unit,text,EMR,Eastern Mediterranean,Country,LBN,Lebanon,Year,2010,false,,,,,,,,,,,,,0.71,,,,,,0.71,,,EN,2013-06-10T21:00:00.000Z
DEVICES21,Total density per million population: Telecobalt Unit,text,EMR,Eastern Mediterranean,Country,KWT,Kuwait,Year,2010,false,,,,,,,,,,,,,0.73,,,,,,0.73,,from the DIRA IAEA radiotherapy database (data available online at: http://www-naweb.iaea.org/nahu/dirac/query3.asp),EN,2013-06-10T21:00:00.000Z
DEVICES21,Total density per million population: Telecobalt Unit,text,EMR,Eastern Mediterranean,Country,LBY,Libya,Year,2010,false,,,,,,,,,,,,,0.79,,,,,,0.79,,,EN,2013-06-10T21:00:00.000Z
DEVICES21,Total density per million population: Telecobalt Unit,text,AMR,Americas,Country,CUB,Cuba,Year,2010,false,,,,,,,,,,,,,0.8,,,,,,0.80,,,EN,2013-06-10T21:00:00.000Z
DEVICES21,Total density per million population: Telecobalt Unit,text,AMR,Americas,Country,ARG,Argentina,Year,2010,false,,,,,,,,,,,,,0.84,,,,,,0.84,,from the DIRA IAEA radiotherapy database (data available online at: http://www-naweb.iaea.org/nahu/dirac/query3.asp),EN,2013-06-10T21:00:00.000Z
DEVICES21,Total density per million population: Telecobalt Unit,text,EUR,Europe,Country,LVA,Latvia,Year,2010,false,,,,,,,,,,,,,0.89,,,,,,0.89,,from the DIRA IAEA radiotherapy database (data available online at: http://www-naweb.iaea.org/nahu/dirac/query3.asp),EN,2013-06-10T21:00:00.000Z
DEVICES21,Total density per million population: Telecobalt Unit,text,AMR,Americas,Country,URY,Uruguay,Year,2010,false,,,,,,,,,,,,,0.89,,,,,,0.89,,,EN,2013-06-10T21:00:00.000Z
DEVICES21,Total density per million population: Telecobalt Unit,text,EUR,Europe,Country,KAZ,Kazakhstan,Year,2010,false,,,,,,,,,,,,,0.94,,,,,,0.94,,from the DIRA IAEA radiotherapy database (data available online at: http://www-naweb.iaea.org/nahu/dirac/query3.asp),EN,2013-06-10T21:00:00.000Z
DEVICES21,Total density per million population: Telecobalt Unit,text,EUR,Europe,Country,ARM,Armenia,Year,2010,false,,,,,,,,,,,,,0.97,,,,,,0.97,,,EN,2013-06-10T21:00:00.000Z
DEVICES21,Total density per million population: Telecobalt Unit,text,EUR,Europe,Country,GRC,Greece,Year,2010,false,,,,,,,,,,,,,0.97,,,,,,0.97,,from the DIRA IAEA radiotherapy database (data available online at: http://www-naweb.iaea.org/nahu/dirac/query3.asp),EN,2013-06-10T21:00:00.000Z
DEVICES21,Total density per million population: Telecobalt Unit,text,AMR,Americas,Country,VEN,Venezuela (Bolivarian Republic of),Year,2010,false,,,,,,,,,,,,,1,,,,,,1.00,,from the DIRA IAEA radiotherapy database (data available online at: http://www-naweb.iaea.org/nahu/dirac/query3.asp),EN,2013-06-10T21:00:00.000Z
DEVICES21,Total density per million population: Telecobalt Unit,text,EMR,Eastern Mediterranean,Country,TUN,Tunisia,Year,2010,false,,,,,,,,,,,,,1.05,,,,,,1.05,,,EN,2013-06-10T21:00:00.000Z
DEVICES21,Total density per million population: Telecobalt Unit,text,AMR,Americas,Country,JAM,Jamaica,Year,2010,false,,,,,,,,,,,,,1.09,,,,,,1.09,,,EN,2013-06-10T21:00:00.000Z
DEVICES21,Total density per million population: Telecobalt Unit,text,EUR,Europe,Country,LTU,Lithuania,Year,2010,false,,,,,,,,,,,,,1.2,,,,,,1.20,,,EN,2013-06-10T21:00:00.000Z
DEVICES21,Total density per million population: Telecobalt Unit,text,EUR,Europe,Country,BGR,Bulgaria,Year,2010,false,,,,,,,,,,,,,1.33,,,,,,1.33,,from the DIRA IAEA radiotherapy database (data available online at: http://www-naweb.iaea.org/nahu/dirac/query3.asp),EN,2013-06-10T21:00:00.000Z
DEVICES21,Total density per million population: Telecobalt Unit,text,EUR,Europe,Country,CZE,Czechia,Year,2010,false,,,,,,,,,,,,,1.43,,,,,,1.43,,,EN,2013-06-10T21:00:00.000Z
DEVICES21,Total density per million population: Telecobalt Unit,text,AMR,Americas,Country,TTO,Trinidad and Tobago,Year,2010,false,,,,,,,,,,,,,1.49,,,,,,1.49,,,EN,2013-06-10T21:00:00.000Z
DEVICES21,Total density per million population: Telecobalt Unit,text,EUR,Europe,Country,RUS,Russian Federation,Year,2010,false,,,,,,,,,,,,,1.5,,,,,,1.50,,from the DIRA IAEA radiotherapy database (data available online at: http://www-naweb.iaea.org/nahu/dirac/query3.asp),EN,2013-06-10T21:00:00.000Z
DEVICES21,Total density per million population: Telecobalt Unit,text,AFR,Africa,Country,MUS,Mauritius,Year,2010,false,,,,,,,,,,,,,1.54,,,,,,1.54,,,EN,2013-06-10T21:00:00.000Z
DEVICES21,Total density per million population: Telecobalt Unit,text,EUR,Europe,Country,SVK,Slovakia,Year,2010,false,,,,,,,,,,,,,1.83,,,,,,1.83,,from the DIRA IAEA radiotherapy database (data available online at: http://www-naweb.iaea.org/nahu/dirac/query3.asp),EN,2013-06-10T21:00:00.000Z
DEVICES21,Total density per million population: Telecobalt Unit,text,EUR,Europe,Country,UKR,Ukraine,Year,2010,false,,,,,,,,,,,,,1.91,,,,,,1.91,,from the DIRA IAEA radiotherapy database (data available online at: http://www-naweb.iaea.org/nahu/dirac/query3.asp),EN,2013-06-10T21:00:00.000Z
DEVICES21,Total density per million population: Telecobalt Unit,text,EUR,Europe,Country,BLR,Belarus,Year,2010,false,,,,,,,,,,,,,2.4,,,,,,2.40,,Only public sector data,EN,2013-06-10T21:00:00.000Z
DEVICES21,Total density per million population: Telecobalt Unit,text,EUR,Europe,Country,MLT,Malta,Year,2010,false,,,,,,,,,,,,,2.4,,,,,,2.40,,,EN,2013-06-10T21:00:00.000Z
DEVICES21,Total density per million population: Telecobalt Unit,text,AMR,Americas,Country,BRB,Barbados,Year,2010,false,,,,,,,,,,,,,3.66,,,,,,3.66,,Only public sector data,EN,2013-06-10T21:00:00.000Z
DEVICES22,Total density per million population: Radiotherapy units,text,AFR,Africa,Country,COG,Congo,Year,2010,true,,,,,,,,,,,,,0,,,,,,0,,from the DIRA IAEA radiotherapy database (data available online at: http://www-naweb.iaea.org/nahu/dirac/query3.asp),EN,2013-06-10T21:00:00.000Z
DEVICES22,Total density per million population: Radiotherapy units,text,AFR,Africa,Country,MWI,Malawi,Year,2010,false,,,,,,,,,,,,,0,,,,,,0,,,EN,2013-06-10T21:00:00.000Z
DEVICES22,Total density per million population: Radiotherapy units,text,EMR,Eastern Mediterranean,Country,AFG,Afghanistan,Year,2010,false,,,,,,,,,,,,,0,,,,,,0.00,,,EN,2013-06-10T21:00:00.000Z
DEVICES22,Total density per million population: Radiotherapy units,text,AMR,Americas,Country,BLZ,Belize,Year,2010,false,,,,,,,,,,,,,0,,,,,,0.00,,,EN,2013-06-10T21:00:00.000Z
DEVICES22,Total density per million population: Radiotherapy units,text,AFR,Africa,Country,BEN,Benin,Year,2010,false,,,,,,,,,,,,,0,,,,,,0.00,,,EN,2013-06-10T21:00:00.000Z
DEVICES22,Total density per million population: Radiotherapy units,text,SEAR,South-East Asia,Country,BTN,Bhutan,Year,2010,false,,,,,,,,,,,,,0,,,,,,0.00,,,EN,2013-06-10T21:00:00.000Z
DEVICES22,Total density per million population: Radiotherapy units,text,AFR,Africa,Country,BWA,Botswana,Year,2010,false,,,,,,,,,,,,,0,,,,,,0.00,,Only public sector data,EN,2013-06-10T21:00:00.000Z
DEVICES22,Total density per million population: Radiotherapy units,text,AFR,Africa,Country,BFA,Burkina Faso,Year,2010,false,,,,,,,,,,,,,0,,,,,,0.00,,,EN,2013-06-10T21:00:00.000Z
DEVICES22,Total density per million population: Radiotherapy units,text,AFR,Africa,Country,BDI,Burundi,Year,2010,false,,,,,,,,,,,,,0,,,,,,0.00,,,EN,2013-06-10T21:00:00.000Z
DEVICES22,Total density per million population: Radiotherapy units,text,AFR,Africa,Country,CIV,Cote d'Ivoire,Year,2010,false,,,,,,,,,,,,,0,,,,,,0.00,,,EN,2013-06-10T21:00:00.000Z
DEVICES22,Total density per million population: Radiotherapy units,text,AFR,Africa,Country,CPV,Cabo Verde,Year,2010,false,,,,,,,,,,,,,0,,,,,,0.00,,,EN,2013-06-10T21:00:00.000Z
DEVICES22,Total density per million population: Radiotherapy units,text,AFR,Africa,Country,CAF,Central African Republic,Year,2010,false,,,,,,,,,,,,,0,,,,,,0.00,,,EN,2013-06-10T21:00:00.000Z
DEVICES22,Total density per million population: Radiotherapy units,text,AFR,Africa,Country,COM,Comoros,Year,2010,false,,,,,,,,,,,,,0,,,,,,0.00,,,EN,2013-06-10T21:00:00.000Z
DEVICES22,Total density per million population: Radiotherapy units,text,AMR,Americas,Country,DMA,Dominica,Year,2010,false,,,,,,,,,,,,,0,,,,,,0.00,,,EN,2013-06-10T21:00:00.000Z
DEVICES22,Total density per million population: Radiotherapy units,text,AFR,Africa,Country,ERI,Eritrea,Year,2010,false,,,,,,,,,,,,,0,,,,,,0.00,,,EN,2013-06-10T21:00:00.000Z
DEVICES22,Total density per million population: Radiotherapy units,text,AFR,Africa,Country,SWZ,Eswatini,Year,2010,false,,,,,,,,,,,,,0,,,,,,0.00,,,EN,2013-06-10T21:00:00.000Z
DEVICES22,Total density per million population: Radiotherapy units,text,WPR,Western Pacific,Country,FJI,Fiji,Year,2010,false,,,,,,,,,,,,,0,,,,,,0.00,,,EN,2013-06-10T21:00:00.000Z
DEVICES22,Total density per million population: Radiotherapy units,text,AFR,Africa,Country,GMB,Gambia,Year,2010,false,,,,,,,,,,,,,0,,,,,,0.00,,Only private sector data,EN,2013-06-10T21:00:00.000Z
DEVICES22,Total density per million population: Radiotherapy units,text,AMR,Americas,Country,GRD,Grenada,Year,2010,false,,,,,,,,,,,,,0,,,,,,0.00,,,EN,2013-06-10T21:00:00.000Z
DEVICES22,Total density per million population: Radiotherapy units,text,AFR,Africa,Country,GIN,Guinea,Year,2010,false,,,,,,,,,,,,,0,,,,,,0.00,,Only public sector data,EN,2013-06-10T21:00:00.000Z
DEVICES22,Total density per million population: Radiotherapy units,text,AFR,Africa,Country,GNB,Guinea-Bissau,Year,2010,false,,,,,,,,,,,,,0,,,,,,0.00,,,EN,2013-06-10T21:00:00.000Z
DEVICES22,Total density per million population: Radiotherapy units,text,AMR,Americas,Country,HTI,Haiti,Year,2010,true,,,,,,,,,,,,,0,,,,,,0.00,,from the DIRA IAEA radiotherapy database (data available online at: http://www-naweb.iaea.org/nahu/dirac/query3.asp),EN,2013-06-10T21:00:00.000Z
DEVICES22,Total density per million population: Radiotherapy units,text,WPR,Western Pacific,Country,KIR,Kiribati,Year,2010,false,,,,,,,,,,,,,0,,,,,,0.00,,,EN,2013-06-10T21:00:00.000Z
DEVICES22,Total density per million population: Radiotherapy units,text,WPR,Western Pacific,Country,LAO,Lao People's Democratic Republic,Year,2010,false,,,,,,,,,,,,,0,,,,,,0.00,,,EN,2013-06-10T21:00:00.000Z
DEVICES22,Total density per million population: Radiotherapy units,text,AFR,Africa,Country,LBR,Liberia,Year,2010,true,,,,,,,,,,,,,0,,,,,,0.00,,from the DIRA IAEA radiotherapy database (data available online at: http://www-naweb.iaea.org/nahu/dirac/query3.asp),EN,2013-06-10T21:00:00.000Z
DEVICES22,Total density per million population: Radiotherapy units,text,SEAR,South-East Asia,Country,MDV,Maldives,Year,2010,false,,,,,,,,,,,,,0,,,,,,0.00,,,EN,2013-06-10T21:00:00.000Z
DEVICES22,Total density per million population: Radiotherapy units,text,WPR,Western Pacific,Country,MHL,Marshall Islands,Year,2010,false,,,,,,,,,,,,,0,,,,,,0.00,,,EN,2013-06-10T21:00:00.000Z
DEVICES22,Total density per million population: Radiotherapy units,text,WPR,Western Pacific,Country,FSM,Micronesia (Federated States of),Year,2010,false,,,,,,,,,,,,,0,,,,,,0.00,,,EN,2013-06-10T21:00:00.000Z
DEVICES22,Total density per million population: Radiotherapy units,text,WPR,Western Pacific,Country,NRU,Nauru,Year,2010,true,,,,,,,,,,,,,0,,,,,,0.00,,from the DIRA IAEA radiotherapy database (data available online at: http://www-naweb.iaea.org/nahu/dirac/query3.asp),EN,2013-06-10T21:00:00.000Z
DEVICES22,Total density per million population: Radiotherapy units,text,AFR,Africa,Country,NER,Niger,Year,2010,false,,,,,,,,,,,,,0,,,,,,0.00,,,EN,2013-06-10T21:00:00.000Z
DEVICES22,Total density per million population: Radiotherapy units,text,AMR,Americas,Country,KNA,Saint Kitts and Nevis,Year,2010,false,,,,,,,,,,,,,0,,,,,,0.00,,,EN,2013-06-10T21:00:00.000Z
DEVICES22,Total density per million population: Radiotherapy units,text,AMR,Americas,Country,LCA,Saint Lucia,Year,2010,false,,,,,,,,,,,,,0,,,,,,0.00,,,EN,2013-06-10T21:00:00.000Z
DEVICES22,Total density per million population: Radiotherapy units,text,AMR,Americas,Country,VCT,Saint Vincent and the Grenadines,Year,2010,false,,,,,,,,,,,,,0,,,,,,0.00,,,EN,2013-06-10T21:00:00.000Z
DEVICES22,Total density per million population: Radiotherapy units,text,WPR,Western Pacific,Country,WSM,Samoa,Year,2010,false,,,,,,,,,,,,,0,,,,,,0.00,,,EN,2013-06-10T21:00:00.000Z
DEVICES22,Total density per million population: Radiotherapy units,text,EUR,Europe,Country,SMR,San Marino,Year,2010,false,,,,,,,,,,,,,0,,,,,,0.00,,,EN,2013-06-10T21:00:00.000Z
DEVICES22,Total density per million population: Radiotherapy units,text,AFR,Africa,Country,SYC,Seychelles,Year,2010,true,,,,,,,,,,,,,0,,,,,,0.00,,,EN,2013-06-10T21:00:00.000Z
DEVICES22,Total density per million population: Radiotherapy units,text,AFR,Africa,Country,SLE,Sierra Leone,Year,2010,true,,,,,,,,,,,,,0,,,,,,0.00,,from the DIRA IAEA radiotherapy database (data available online at: http://www-naweb.iaea.org/nahu/dirac/query3.asp),EN,2013-06-10T21:00:00.000Z
DEVICES22,Total density per million population: Radiotherapy units,text,WPR,Western Pacific,Country,TON,Tonga,Year,2010,false,,,,,,,,,,,,,0,,,,,,0.00,,,EN,2013-06-10T21:00:00.000Z
DEVICES22,Total density per million population: Radiotherapy units,text,WPR,Western Pacific,Country,VUT,Vanuatu,Year,2010,false,,,,,,,,,,,,,0,,,,,,0.00,,,EN,2013-06-10T21:00:00.000Z
DEVICES22,Total density per million population: Radiotherapy units,text,AFR,Africa,Country,COD,Democratic Republic of the Congo,Year,2010,false,,,,,,,,,,,,,0.02,,,,,,0.02,,,EN,2013-06-10T21:00:00.000Z
DEVICES22,Total density per million population: Radiotherapy units,text,AFR,Africa,Country,ETH,Ethiopia,Year,2010,false,,,,,,,,,,,,,0.02,,,,,,0.02,,,EN,2013-06-10T21:00:00.000Z
DEVICES22,Total density per million population: Radiotherapy units,text,AFR,Africa,Country,KEN,Kenya,Year,2010,false,,,,,,,,,,,,,0.02,,,,,,0.02,,,EN,2013-06-10T21:00:00.000Z
DEVICES22,Total density per million population: Radiotherapy units,text,EMR,Eastern Mediterranean,Country,YEM,Yemen,Year,2010,false,,,,,,,,,,,,,0.04,,,,,,0.04,,,EN,2013-06-10T21:00:00.000Z
DEVICES22,Total density per million population: Radiotherapy units,text,AFR,Africa,Country,AGO,Angola,Year,2010,false,,,,,,,,,,,,,0.05,,,,,,0.05,,Only public sector data,EN,2013-06-10T21:00:00.000Z
DEVICES22,Total density per million population: Radiotherapy units,text,AFR,Africa,Country,MDG,Madagascar,Year,2010,false,,,,,,,,,,,,,0.05,,,,,,0.05,,,EN,2013-06-10T21:00:00.000Z
DEVICES22,Total density per million population: Radiotherapy units,text,SEAR,South-East Asia,Country,MMR,Myanmar,Year,2010,false,,,,,,,,,,,,,0.06,,,,,,0.06,,Only public sector data,EN,2013-06-10T21:00:00.000Z
DEVICES22,Total density per million population: Radiotherapy units,text,AFR,Africa,Country,UGA,Uganda,Year,2010,false,,,,,,,,,,,,,0.06,,,,,,0.06,,,EN,2013-06-10T21:00:00.000Z
DEVICES22,Total density per million population: Radiotherapy units,text,WPR,Western Pacific,Country,KHM,Cambodia,Year,2010,false,,,,,,,,,,,,,0.07,,,,,,0.07,,,EN,2013-06-10T21:00:00.000Z
DEVICES22,Total density per million population: Radiotherapy units,text,AFR,Africa,Country,MLI,Mali,Year,2010,false,,,,,,,,,,,,,0.07,,,,,,0.07,,,EN,2013-06-10T21:00:00.000Z
DEVICES22,Total density per million population: Radiotherapy units,text,AFR,Africa,Country,TZA,United Republic of Tanzania,Year,2010,false,,,,,,,,,,,,,0.07,,,,,,0.07,,Only public sector data,EN,2013-06-10T21:00:00.000Z
DEVICES22,Total density per million population: Radiotherapy units,text,AFR,Africa,Country,GHA,Ghana,Year,2010,false,,,,,,,,,,,,,0.08,,,,,,0.08,,Only public sector data,EN,2013-06-10T21:00:00.000Z
DEVICES22,Total density per million population: Radiotherapy units,text,AFR,Africa,Country,NGA,Nigeria,Year,2010,false,,,,,,,,,,,,,0.08,,,,,,0.08,,from the DIRA IAEA radiotherapy database (data available online at: http://www-naweb.iaea.org/nahu/dirac/query3.asp),EN,2013-06-10T21:00:00.000Z
DEVICES22,Total density per million population: Radiotherapy units,text,AFR,Africa,Country,SEN,Senegal,Year,2010,false,,,,,,,,,,,,,0.08,,,,,,0.08,,Only public sector data,EN,2013-06-10T21:00:00.000Z
DEVICES22,Total density per million population: Radiotherapy units,text,EMR,Eastern Mediterranean,Country,PAK,Pakistan,Year,2010,false,,,,,,,,,,,,,0.09,,,,,,0.09,,,EN,2013-06-10T21:00:00.000Z
DEVICES22,Total density per million population: Radiotherapy units,text,SEAR,South-East Asia,Country,LKA,Sri Lanka,Year,2010,false,,,,,,,,,,,,,0.1,,,,,,0.10,,,EN,2013-06-10T21:00:00.000Z
DEVICES22,Total density per million population: Radiotherapy units,text,EMR,Eastern Mediterranean,Country,SAU,Saudi Arabia,Year,2010,false,,,,,,,,,,,,,0.11,,,,,,0.11,,Only public sector data,EN,2013-06-10T21:00:00.000Z
DEVICES22,Total density per million population: Radiotherapy units,text,SEAR,South-East Asia,Country,BGD,Bangladesh,Year,2010,false,,,,,,,,,,,,,0.13,,,,,,0.13,,from the DIRA IAEA radiotherapy database (data available online at: http://www-naweb.iaea.org/nahu/dirac/query3.asp),EN,2013-06-10T21:00:00.000Z
DEVICES22,Total density per million population: Radiotherapy units,text,WPR,Western Pacific,Country,IDN,Indonesia,Year,2010,false,,,,,,,,,,,,,0.13,,,,,,0.13,,from the DIRA IAEA radiotherapy database (data available online at: http://www-naweb.iaea.org/nahu/dirac/query3.asp),EN,2013-06-10T21:00:00.000Z
DEVICES22,Total density per million population: Radiotherapy units,text,AMR,Americas,Country,ECU,Ecuador,Year,2010,false,,,,,,,,,,,,,0.14,,,,,,0.14,,from the DIRA IAEA radiotherapy database (data available online at: http://www-naweb.iaea.org/nahu/dirac/query3.asp),EN,2013-06-10T21:00:00.000Z
DEVICES22,Total density per million population: Radiotherapy units,text,AFR,Africa,Country,CMR,Cameroon,Year,2010,false,,,,,,,,,,,,,0.15,,,,,,0.15,,,EN,2013-06-10T21:00:00.000Z
DEVICES22,Total density per million population: Radiotherapy units,text,WPR,Western Pacific,Country,PNG,Papua New Guinea,Year,2010,false,,,,,,,,,,,,,0.15,,,,,,0.15,,,EN,2013-06-10T21:00:00.000Z
DEVICES22,Total density per million population: Radiotherapy units,text,EUR,Europe,Country,TJK,Tajikistan,Year,2010,false,,,,,,,,,,,,,0.15,,,,,,0.15,,from the DIRA IAEA radiotherapy database (data available online at: http://www-naweb.iaea.org/nahu/dirac/query3.asp),EN,2013-06-10T21:00:00.000Z
DEVICES22,Total density per million population: Radiotherapy units,text,AFR,Africa,Country,ZMB,Zambia,Year,2010,false,,,,,,,,,,,,,0.15,,,,,,0.15,,,EN,2013-06-10T21:00:00.000Z
DEVICES22,Total density per million population: Radiotherapy units,text,SEAR,South-East Asia,Country,PRK,Democratic People's Republic of Korea,Year,2010,false,,,,,,,,,,,,,0.16,,,,,,0.16,,from the DIRA IAEA radiotherapy database (data available online at: http://www-naweb.iaea.org/nahu/dirac/query3.asp),EN,2013-06-10T21:00:00.000Z
DEVICES22,Total density per million population: Radiotherapy units,text,EMR,Eastern Mediterranean,Country,SDN,Sudan,Year,2010,false,,,,,,,,,,,,,0.16,,,,,,0.16,,,EN,2013-06-10T21:00:00.000Z
DEVICES22,Total density per million population: Radiotherapy units,text,EMR,Eastern Mediterranean,Country,IRQ,Iraq,Year,2010,false,,,,,,,,,,,,,0.19,,,,,,0.19,,Only public sector data,EN,2013-06-10T21:00:00.000Z
DEVICES22,Total density per million population: Radiotherapy units,text,WPR,Western Pacific,Country,PHL,Philippines,Year,2010,false,,,,,,,,,,,,,0.19,,,,,,0.19,,,EN,2013-06-10T21:00:00.000Z
DEVICES22,Total density per million population: Radiotherapy units,text,SEAR,South-East Asia,Country,NPL,Nepal,Year,2010,false,,,,,,,,,,,,,0.2,,,,,,0.20,,from the DIRA IAEA radiotherapy database (data available online at: http://www-naweb.iaea.org/nahu/dirac/query3.asp),EN,2013-06-10T21:00:00.000Z
DEVICES22,Total density per million population: Radiotherapy units,text,AFR,Africa,Country,MRT,Mauritania,Year,2010,false,,,,,,,,,,,,,0.29,,,,,,0.29,,from the DIRA IAEA radiotherapy database (data available online at: http://www-naweb.iaea.org/nahu/dirac/query3.asp),EN,2013-06-10T21:00:00.000Z
DEVICES22,Total density per million population: Radiotherapy units,text,EUR,Europe,Country,ALB,Albania,Year,2010,false,,,,,,,,,,,,,0.31,,,,,,0.31,,,EN,2013-06-10T21:00:00.000Z
DEVICES22,Total density per million population: Radiotherapy units,text,EMR,Eastern Mediterranean,Country,SYR,Syrian Arab Republic,Year,2010,false,,,,,,,,,,,,,0.34,,,,,,0.34,,from the DIRA IAEA radiotherapy database (data available online at: http://www-naweb.iaea.org/nahu/dirac/query3.asp),EN,2013-06-10T21:00:00.000Z
DEVICES22,Total density per million population: Radiotherapy units,text,AMR,Americas,Country,NIC,Nicaragua,Year,2010,false,,,,,,,,,,,,,0.35,,,,,,0.35,,Only public sector data,EN,2013-06-10T21:00:00.000Z
DEVICES22,Total density per million population: Radiotherapy units,text,WPR,Western Pacific,Country,VNM,Viet Nam,Year,2010,false,,,,,,,,,,,,,0.38,,,,,,0.38,,from the DIRA IAEA radiotherapy database (data available online at: http://www-naweb.iaea.org/nahu/dirac/query3.asp),EN,2013-06-10T21:00:00.000Z
DEVICES22,Total density per million population: Radiotherapy units,text,EMR,Eastern Mediterranean,Country,IRN,Iran (Islamic Republic of),Year,2010,false,,,,,,,,,,,,,0.39,,,,,,0.39,,from the DIRA IAEA radiotherapy database (data available online at: http://www-naweb.iaea.org/nahu/dirac/query3.asp),EN,2013-06-10T21:00:00.000Z
DEVICES22,Total density per million population: Radiotherapy units,text,SEAR,South-East Asia,Country,IND,India,Year,2010,false,,,,,,,,,,,,,0.41,,,,,,0.41,,from the DIRA IAEA radiotherapy database (data available online at: http://www-naweb.iaea.org/nahu/dirac/query3.asp),EN,2013-06-10T21:00:00.000Z
DEVICES22,Total density per million population: Radiotherapy units,text,EMR,Eastern Mediterranean,Country,MAR,Morocco,Year,2010,false,,,,,,,,,,,,,0.41,,,,,,0.41,,Only public sector data,EN,2013-06-10T21:00:00.000Z
DEVICES22,Total density per million population: Radiotherapy units,text,AFR,Africa,Country,NAM,Namibia,Year,2010,false,,,,,,,,,,,,,0.44,,,,,,0.44,,,EN,2013-06-10T21:00:00.000Z
DEVICES22,Total density per million population: Radiotherapy units,text,AFR,Africa,Country,DZA,Algeria,Year,2010,false,,,,,,,,,,,,,0.48,,,,,,0.48,,from the DIRA IAEA radiotherapy database (data available online at: http://www-naweb.iaea.org/nahu/dirac/query3.asp),EN,2013-06-10T21:00:00.000Z
DEVICES22,Total density per million population: Radiotherapy units,text,AFR,Africa,Country,ZWE,Zimbabwe,Year,2010,false,,,,,,,,,,,,,0.48,,,,,,0.48,,,EN,2013-06-10T21:00:00.000Z
DEVICES22,Total density per million population: Radiotherapy units,text,EUR,Europe,Country,MDA,Republic of Moldova,Year,2010,false,,,,,,,,,,,,,0.56,,,,,,0.56,,Only public sector data,EN,2013-06-10T21:00:00.000Z
DEVICES22,Total density per million population: Radiotherapy units,text,AMR,Americas,Country,MEX,Mexico,Year,2010,false,,,,,,,,,,,,,0.58,,,,,,0.58,,,EN,2013-06-10T21:00:00.000Z
DEVICES22,Total density per million population: Radiotherapy units,text,AMR,Americas,Country,BOL,Bolivia (Plurinational State of),Year,2010,false,,,,,,,,,,,,,0.6,,,,,,0.60,,from the DIRA IAEA radiotherapy database (data available online at: http://www-naweb.iaea.org/nahu/dirac/query3.asp),EN,2013-06-10T21:00:00.000Z
DEVICES22,Total density per million population: Radiotherapy units,text,AFR,Africa,Country,ZAF,South Africa,Year,2010,false,,,,,,,,,,,,,0.6,,,,,,0.60,,Only public sector data,EN,2013-06-10T21:00:00.000Z
DEVICES22,Total density per million population: Radiotherapy units,text,AMR,Americas,Country,PRY,Paraguay,Year,2010,false,,,,,,,,,,,,,0.62,,,,,,0.62,,,EN,2013-06-10T21:00:00.000Z
DEVICES22,Total density per million population: Radiotherapy units,text,AFR,Africa,Country,GAB,Gabon,Year,2010,false,,,,,,,,,,,,,0.66,,,,,,0.66,,,EN,2013-06-10T21:00:00.000Z
DEVICES22,Total density per million population: Radiotherapy units,text,EUR,Europe,Country,UZB,Uzbekistan,Year,2010,false,,,,,,,,,,,,,0.66,,,,,,0.66,,from the DIRA IAEA radiotherapy database (data available online at: http://www-naweb.iaea.org/nahu/dirac/query3.asp),EN,2013-06-10T21:00:00.000Z
DEVICES22,Total density per million population: Radiotherapy units,text,EMR,Eastern Mediterranean,Country,EGY,Egypt,Year,2010,false,,,,,,,,,,,,,0.7,,,,,,0.70,,from the DIRA IAEA radiotherapy database (data available online at: http://www-naweb.iaea.org/nahu/dirac/query3.asp),EN,2013-06-10T21:00:00.000Z
DEVICES22,Total density per million population: Radiotherapy units,text,EMR,Eastern Mediterranean,Country,OMN,Oman,Year,2010,false,,,,,,,,,,,,,0.72,,,,,,0.72,,,EN,2013-06-10T21:00:00.000Z
DEVICES22,Total density per million population: Radiotherapy units,text,WPR,Western Pacific,Country,MNG,Mongolia,Year,2010,false,,,,,,,,,,,,,0.73,,,,,,0.73,,Only public sector data,EN,2013-06-10T21:00:00.000Z
DEVICES22,Total density per million population: Radiotherapy units,text,AMR,Americas,Country,HND,Honduras,Year,2010,false,,,,,,,,,,,,,0.79,,,,,,0.79,,,EN,2013-06-10T21:00:00.000Z
DEVICES22,Total density per million population: Radiotherapy units,text,EMR,Eastern Mediterranean,Country,ARE,United Arab Emirates,Year,2010,false,,,,,,,,,,,,,0.8,,,,,,0.80,,from the DIRA IAEA radiotherapy database (data available online at: http://www-naweb.iaea.org/nahu/dirac/query3.asp),EN,2013-06-10T21:00:00.000Z
DEVICES22,Total density per million population: Radiotherapy units,text,AMR,Americas,Country,SLV,El Salvador,Year,2010,false,,,,,,,,,,,,,0.81,,,,,,0.81,,,EN,2013-06-10T21:00:00.000Z
DEVICES22,Total density per million population: Radiotherapy units,text,AMR,Americas,Country,GTM,Guatemala,Year,2010,false,,,,,,,,,,,,,0.83,,,,,,0.83,,from the DIRA IAEA radiotherapy database (data available online at: http://www-naweb.iaea.org/nahu/dirac/query3.asp),EN,2013-06-10T21:00:00.000Z
DEVICES22,Total density per million population: Radiotherapy units,text,AMR,Americas,Country,CHL,Chile,Year,2010,false,,,,,,,,,,,,,0.93,,,,,,0.93,,Only public sector data,EN,2013-06-10T21:00:00.000Z
DEVICES22,Total density per million population: Radiotherapy units,text,EMR,Eastern Mediterranean,Country,LBY,Libya,Year,2010,false,,,,,,,,,,,,,0.94,,,,,,0.94,,,EN,2013-06-10T21:00:00.000Z
DEVICES22,Total density per million population: Radiotherapy units,text,SEAR,South-East Asia,Country,THA,Thailand,Year,2010,false,,,,,,,,,,,,,0.94,,,,,,0.94,,,EN,2013-06-10T21:00:00.000Z
DEVICES22,Total density per million population: Radiotherapy units,text,EMR,Eastern Mediterranean,Country,JOR,Jordan,Year,2010,false,,,,,,,,,,,,,0.97,,,,,,0.97,,,EN,2013-06-10T21:00:00.000Z
DEVICES22,Total density per million population: Radiotherapy units,text,AMR,Americas,Country,DOM,Dominican Republic,Year,2010,false,,,,,,,,,,,,,1.01,,,,,,1.01,,from the DIRA IAEA radiotherapy database (data available online at: http://www-naweb.iaea.org/nahu/dirac/query3.asp),EN,2013-06-10T21:00:00.000Z
DEVICES22,Total density per million population: Radiotherapy units,text,AMR,Americas,Country,JAM,Jamaica,Year,2010,false,,,,,,,,,,,,,1.09,,,,,,1.09,,,EN,2013-06-10T21:00:00.000Z
DEVICES22,Total density per million population: Radiotherapy units,text,AMR,Americas,Country,PER,Peru,Year,2010,false,,,,,,,,,,,,,1.1,,,,,,1.10,,from the DIRA IAEA radiotherapy database (data available online at: http://www-naweb.iaea.org/nahu/dirac/query3.asp),EN,2013-06-10T21:00:00.000Z
DEVICES22,Total density per million population: Radiotherapy units,text,EMR,Eastern Mediterranean,Country,QAT,Qatar,Year,2010,false,,,,,,,,,,,,,1.14,,,,,,1.14,,,EN,2013-06-10T21:00:00.000Z
DEVICES22,Total density per million population: Radiotherapy units,text,WPR,Western Pacific,Country,CHN,China,Year,2010,false,,,,,,,,,,,,,1.15,,,,,,1.15,,from the DIRA IAEA radiotherapy database (data available online at: http://www-naweb.iaea.org/nahu/dirac/query3.asp),EN,2013-06-10T21:00:00.000Z
DEVICES22,Total density per million population: Radiotherapy units,text,AMR,Americas,Country,CUB,Cuba,Year,2010,false,,,,,,,,,,,,,1.15,,,,,,1.15,,,EN,2013-06-10T21:00:00.000Z
DEVICES22,Total density per million population: Radiotherapy units,text,EUR,Europe,Country,ROU,Romania,Year,2010,false,,,,,,,,,,,,,1.16,,,,,,1.16,,,EN,2013-06-10T21:00:00.000Z
DEVICES22,Total density per million population: Radiotherapy units,text,EUR,Europe,Country,ARM,Armenia,Year,2010,false,,,,,,,,,,,,,1.29,,,,,,1.29,,,EN,2013-06-10T21:00:00.000Z
DEVICES22,Total density per million population: Radiotherapy units,text,AMR,Americas,Country,GUY,Guyana,Year,2010,false,,,,,,,,,,,,,1.33,,,,,,1.33,,Only private sector data,EN,2013-06-10T21:00:00.000Z
DEVICES22,Total density per million population: Radiotherapy units,text,EUR,Europe,Country,KAZ,Kazakhstan,Year,2010,false,,,,,,,,,,,,,1.37,,,,,,1.37,,from the DIRA IAEA radiotherapy database (data available online at: http://www-naweb.iaea.org/nahu/dirac/query3.asp),EN,2013-06-10T21:00:00.000Z
DEVICES22,Total density per million population: Radiotherapy units,text,AMR,Americas,Country,COL,Colombia,Year,2010,false,,,,,,,,,,,,,1.38,,,,,,1.38,,from the DIRA IAEA radiotherapy database (data available online at: http://www-naweb.iaea.org/nahu/dirac/query3.asp),EN,2013-06-10T21:00:00.000Z
DEVICES22,Total density per million population: Radiotherapy units,text,EUR,Europe,Country,GEO,Georgia,Year,2010,false,,,,,,,,,,,,,1.38,,,,,,1.38,,,EN,2013-06-10T21:00:00.000Z
DEVICES22,Total density per million population: Radiotherapy units,text,EUR,Europe,Country,SRB,Serbia,Year,2010,false,,,,,,,,,,,,,1.42,,,,,,1.42,,,EN,2013-06-10T21:00:00.000Z
DEVICES22,Total density per million population: Radiotherapy units,text,EMR,Eastern Mediterranean,Country,KWT,Kuwait,Year,2010,false,,,,,,,,,,,,,1.46,,,,,,1.46,,from the DIRA IAEA radiotherapy database (data available online at: http://www-naweb.iaea.org/nahu/dirac/query3.asp),EN,2013-06-10T21:00:00.000Z
DEVICES22,Total density per million population: Radiotherapy units,text,EUR,Europe,Country,MKD,North Macedonia,Year,2010,false,,,,,,,,,,,,,1.46,,,,,,1.46,,from the DIRA IAEA radiotherapy database (data available online at: http://www-naweb.iaea.org/nahu/dirac/query3.asp),EN,2013-06-10T21:00:00.000Z
DEVICES22,Total density per million population: Radiotherapy units,text,WPR,Western Pacific,Country,MYS,Malaysia,Year,2010,false,,,,,,,,,,,,,1.48,,,,,,1.48,,,EN,2013-06-10T21:00:00.000Z
DEVICES22,Total density per million population: Radiotherapy units,text,EUR,Europe,Country,MNE,Montenegro,Year,2010,false,,,,,,,,,,,,,1.58,,,,,,1.58,,Only public sector data,EN,2013-06-10T21:00:00.000Z
DEVICES22,Total density per million population: Radiotherapy units,text,EUR,Europe,Country,AZE,Azerbaijan,Year,2010,false,,,,,,,,,,,,,1.63,,,,,,1.63,,Only public sector data,EN,2013-06-10T21:00:00.000Z
DEVICES22,Total density per million population: Radiotherapy units,text,AMR,Americas,Country,PAN,Panama,Year,2010,false,,,,,,,,,,,,,1.71,,,,,,1.71,,,EN,2013-06-10T21:00:00.000Z
DEVICES22,Total density per million population: Radiotherapy units,text,AMR,Americas,Country,CRI,Costa Rica,Year,2010,false,,,,,,,,,,,,,1.72,,,,,,1.72,,,EN,2013-06-10T21:00:00.000Z
DEVICES22,Total density per million population: Radiotherapy units,text,EMR,Eastern Mediterranean,Country,TUN,Tunisia,Year,2010,false,,,,,,,,,,,,,1.72,,,,,,1.72,,,EN,2013-06-10T21:00:00.000Z
DEVICES22,Total density per million population: Radiotherapy units,text,AMR,Americas,Country,BRA,Brazil,Year,2010,false,,,,,,,,,,,,,1.76,,,,,,1.76,,from the DIRA IAEA radiotherapy database (data available online at: http://www-naweb.iaea.org/nahu/dirac/query3.asp),EN,2013-06-10T21:00:00.000Z
DEVICES22,Total density per million population: Radiotherapy units,text,EUR,Europe,Country,HUN,Hungary,Year,2010,false,,,,,,,,,,,,,1.8,,,,,,1.80,,,EN,2013-06-10T21:00:00.000Z
DEVICES22,Total density per million population: Radiotherapy units,text,AMR,Americas,Country,USA,United States of America,Year,2010,false,,,,,,,,,,,,,12.76,,,,,,12.76,,from the DIRA IAEA radiotherapy database (data available online at: http://www-naweb.iaea.org/nahu/dirac/query3.asp),EN,2013-06-10T21:00:00.000Z
DEVICES22,Total density per million population: Radiotherapy units,text,EUR,Europe,Country,BGR,Bulgaria,Year,2010,false,,,,,,,,,,,,,2,,,,,,2.00,,from the DIRA IAEA radiotherapy database (data available online at: http://www-naweb.iaea.org/nahu/dirac/query3.asp),EN,2013-06-10T21:00:00.000Z
DEVICES22,Total density per million population: Radiotherapy units,text,EUR,Europe,Country,TUR,Türkiye,Year,2010,false,,,,,,,,,,,,,2.09,,,,,,2.09,,,EN,2013-06-10T21:00:00.000Z
DEVICES22,Total density per million population: Radiotherapy units,text,EMR,Eastern Mediterranean,Country,LBN,Lebanon,Year,2010,false,,,,,,,,,,,,,2.13,,,,,,2.13,,,EN,2013-06-10T21:00:00.000Z
DEVICES22,Total density per million population: Radiotherapy units,text,EUR,Europe,Country,UKR,Ukraine,Year,2010,false,,,,,,,,,,,,,2.16,,,,,,2.16,,from the DIRA IAEA radiotherapy database (data available online at: http://www-naweb.iaea.org/nahu/dirac/query3.asp),EN,2013-06-10T21:00:00.000Z
DEVICES22,Total density per million population: Radiotherapy units,text,EUR,Europe,Country,EST,Estonia,Year,2010,false,,,,,,,,,,,,,2.24,,,,,,2.24,,,EN,2013-06-10T21:00:00.000Z
DEVICES22,Total density per million population: Radiotherapy units,text,EUR,Europe,Country,RUS,Russian Federation,Year,2010,false,,,,,,,,,,,,,2.27,,,,,,2.27,,from the DIRA IAEA radiotherapy database (data available online at: http://www-naweb.iaea.org/nahu/dirac/query3.asp),EN,2013-06-10T21:00:00.000Z
DEVICES22,Total density per million population: Radiotherapy units,text,AFR,Africa,Country,MUS,Mauritius,Year,2010,false,,,,,,,,,,,,,2.31,,,,,,2.31,,,EN,2013-06-10T21:00:00.000Z
DEVICES22,Total density per million population: Radiotherapy units,text,AMR,Americas,Country,VEN,Venezuela (Bolivarian Republic of),Year,2010,false,,,,,,,,,,,,,2.31,,,,,,2.31,,from the DIRA IAEA radiotherapy database (data available online at: http://www-naweb.iaea.org/nahu/dirac/query3.asp),EN,2013-06-10T21:00:00.000Z
DEVICES22,Total density per million population: Radiotherapy units,text,EUR,Europe,Country,BIH,Bosnia and Herzegovina,Year,2010,false,,,,,,,,,,,,,2.39,,,,,,2.39,,,EN,2013-06-10T21:00:00.000Z
DEVICES22,Total density per million population: Radiotherapy units,text,EUR,Europe,Country,CYP,Cyprus,Year,2010,false,,,,,,,,,,,,,2.72,,,,,,2.72,,,EN,2013-06-10T21:00:00.000Z
DEVICES22,Total density per million population: Radiotherapy units,text,EUR,Europe,Country,POL,Poland,Year,2010,false,,,,,,,,,,,,,2.72,,,,,,2.72,,Only public sector data,EN,2013-06-10T21:00:00.000Z
DEVICES22,Total density per million population: Radiotherapy units,text,AMR,Americas,Country,ARG,Argentina,Year,2010,false,,,,,,,,,,,,,2.82,,,,,,2.82,,from the DIRA IAEA radiotherapy database (data available online at: http://www-naweb.iaea.org/nahu/dirac/query3.asp),EN,2013-06-10T21:00:00.000Z
DEVICES22,Total density per million population: Radiotherapy units,text,AMR,Americas,Country,BHS,Bahamas,Year,2010,false,,,,,,,,,,,,,2.92,,,,,,2.92,,,EN,2013-06-10T21:00:00.000Z
DEVICES22,Total density per million population: Radiotherapy units,text,EUR,Europe,Country,HRV,Croatia,Year,2010,false,,,,,,,,,,,,,2.95,,,,,,2.95,,,EN,2013-06-10T21:00:00.000Z
DEVICES22,Total density per million population: Radiotherapy units,text,AMR,Americas,Country,TTO,Trinidad and Tobago,Year,2010,false,,,,,,,,,,,,,2.98,,,,,,2.98,,,EN,2013-06-10T21:00:00.000Z
DEVICES22,Total density per million population: Radiotherapy units,text,EUR,Europe,Country,MCO,Monaco,Year,2010,false,,,,,,,,,,,,,28.24,,,,,,28.24,,,EN,2013-06-10T21:00:00.000Z
DEVICES22,Total density per million population: Radiotherapy units,text,EUR,Europe,Country,BLR,Belarus,Year,2010,false,,,,,,,,,,,,,3.02,,,,,,3.02,,Only public sector data,EN,2013-06-10T21:00:00.000Z
DEVICES22,Total density per million population: Radiotherapy units,text,WPR,Western Pacific,Country,KOR,Republic of Korea,Year,2010,false,,,,,,,,,,,,,3.07,,,,,,3.07,,from the DIRA IAEA radiotherapy database (data available online at: http://www-naweb.iaea.org/nahu/dirac/query3.asp),EN,2013-06-10T21:00:00.000Z
DEVICES22,Total density per million population: Radiotherapy units,text,EUR,Europe,Country,SVN,Slovenia,Year,2010,false,,,,,,,,,,,,,3.45,,,,,,3.45,,Only public sector data,EN,2013-06-10T21:00:00.000Z
DEVICES22,Total density per million population: Radiotherapy units,text,EUR,Europe,Country,ISR,Israel,Year,2010,false,,,,,,,,,,,,,3.5,,,,,,3.50,,,EN,2013-06-10T21:00:00.000Z
DEVICES22,Total density per million population: Radiotherapy units,text,AMR,Americas,Country,BRB,Barbados,Year,2010,false,,,,,,,,,,,,,3.66,,,,,,3.66,,Only public sector data,EN,2013-06-10T21:00:00.000Z
DEVICES22,Total density per million population: Radiotherapy units,text,WPR,Western Pacific,Country,SGP,Singapore,Year,2010,false,,,,,,,,,,,,,3.74,,,,,,3.74,,,EN,2013-06-10T21:00:00.000Z
DEVICES22,Total density per million population: Radiotherapy units,text,AMR,Americas,Country,SUR,Suriname,Year,2010,false,,,,,,,,,,,,,3.81,,,,,,3.81,,,EN,2013-06-10T21:00:00.000Z
DEVICES22,Total density per million population: Radiotherapy units,text,AMR,Americas,Country,URY,Uruguay,Year,2010,false,,,,,,,,,,,,,3.86,,,,,,3.86,,,EN,2013-06-10T21:00:00.000Z
DEVICES22,Total density per million population: Radiotherapy units,text,EUR,Europe,Country,LTU,Lithuania,Year,2010,false,,,,,,,,,,,,,3.91,,,,,,3.91,,,EN,2013-06-10T21:00:00.000Z
DEVICES22,Total density per million population: Radiotherapy units,text,EUR,Europe,Country,LUX,Luxembourg,Year,2010,false,,,,,,,,,,,,,3.94,,,,,,3.94,,,EN,2013-06-10T21:00:00.000Z
DEVICES22,Total density per million population: Radiotherapy units,text,EUR,Europe,Country,IRL,Ireland,Year,2010,false,,,,,,,,,,,,,4.03,,,,,,4.03,,Only public sector data,EN,2013-06-10T21:00:00.000Z
DEVICES22,Total density per million population: Radiotherapy units,text,EUR,Europe,Country,PRT,Portugal,Year,2010,false,,,,,,,,,,,,,4.03,,,,,,4.03,,,EN,2013-06-10T21:00:00.000Z
DEVICES22,Total density per million population: Radiotherapy units,text,WPR,Western Pacific,Country,AUS,Australia,Year,2010,false,,,,,,,,,,,,,4.22,,,,,,4.22,,Only public sector data,EN,2013-06-10T21:00:00.000Z
DEVICES22,Total density per million population: Radiotherapy units,text,EUR,Europe,Country,GRC,Greece,Year,2010,false,,,,,,,,,,,,,4.23,,,,,,4.23,,from the DIRA IAEA radiotherapy database (data available online at: http://www-naweb.iaea.org/nahu/dirac/query3.asp),EN,2013-06-10T21:00:00.000Z
DEVICES22,Total density per million population: Radiotherapy units,text,EUR,Europe,Country,ESP,Spain,Year,2010,false,,,,,,,,,,,,,4.23,,,,,,4.23,,,EN,2013-06-10T21:00:00.000Z
DEVICES22,Total density per million population: Radiotherapy units,text,EUR,Europe,Country,SVK,Slovakia,Year,2010,false,,,,,,,,,,,,,4.76,,,,,,4.76,,from the DIRA IAEA radiotherapy database (data available online at: http://www-naweb.iaea.org/nahu/dirac/query3.asp),EN,2013-06-10T21:00:00.000Z
DEVICES22,Total density per million population: Radiotherapy units,text,EUR,Europe,Country,MLT,Malta,Year,2010,false,,,,,,,,,,,,,4.8,,,,,,4.80,,,EN,2013-06-10T21:00:00.000Z
DEVICES22,Total density per million population: Radiotherapy units,text,EUR,Europe,Country,LVA,Latvia,Year,2010,false,,,,,,,,,,,,,4.88,,,,,,4.88,,from the DIRA IAEA radiotherapy database (data available online at: http://www-naweb.iaea.org/nahu/dirac/query3.asp),EN,2013-06-10T21:00:00.000Z
DEVICES22,Total density per million population: Radiotherapy units,text,EUR,Europe,Country,CZE,Czechia,Year,2010,false,,,,,,,,,,,,,4.96,,,,,,4.96,,,EN,2013-06-10T21:00:00.000Z
DEVICES22,Total density per million population: Radiotherapy units,text,EUR,Europe,Country,AUT,Austria,Year,2010,false,,,,,,,,,,,,,5.48,,,,,,5.48,,Only public sector data,EN,2013-06-10T21:00:00.000Z
DEVICES22,Total density per million population: Radiotherapy units,text,EUR,Europe,Country,GBR,United Kingdom of Great Britain and Northern Ireland,Year,2010,false,,,,,,,,,,,,,5.48,,,,,,5.48,,from the DIRA IAEA radiotherapy database (data available online at: http://www-naweb.iaea.org/nahu/dirac/query3.asp),EN,2013-06-10T21:00:00.000Z
DEVICES22,Total density per million population: Radiotherapy units,text,EUR,Europe,Country,ISL,Iceland,Year,2010,false,,,,,,,,,,,,,6.25,,,,,,6.25,,,EN,2013-06-10T21:00:00.000Z
DEVICES22,Total density per million population: Radiotherapy units,text,EUR,Europe,Country,DEU,Germany,Year,2010,false,,,,,,,,,,,,,6.43,,,,,,6.43,,from the DIRA IAEA radiotherapy database (data available online at: http://www-naweb.iaea.org/nahu/dirac/query3.asp),EN,2013-06-10T21:00:00.000Z
DEVICES22,Total density per million population: Radiotherapy units,text,EUR,Europe,Country,ITA,Italy,Year,2010,false,,,,,,,,,,,,,6.54,,,,,,6.54,,from the DIRA IAEA radiotherapy database (data available online at: http://www-naweb.iaea.org/nahu/dirac/query3.asp),EN,2013-06-10T21:00:00.000Z
DEVICES22,Total density per million population: Radiotherapy units,text,EUR,Europe,Country,FRA,France,Year,2010,false,,,,,,,,,,,,,6.78,,,,,,6.78,,from the DIRA IAEA radiotherapy database (data available online at: http://www-naweb.iaea.org/nahu/dirac/query3.asp),EN,2013-06-10T21:00:00.000Z
DEVICES22,Total density per million population: Radiotherapy units,text,WPR,Western Pacific,Country,NZL,New Zealand,Year,2010,false,,,,,,,,,,,,,7.1,,,,,,7.10,,,EN,2013-06-10T21:00:00.000Z
DEVICES22,Total density per million population: Radiotherapy units,text,WPR,Western Pacific,Country,JPN,Japan,Year,2010,false,,,,,,,,,,,,,7.19,,,,,,7.19,,from the DIRA IAEA radiotherapy database (data available online at: http://www-naweb.iaea.org/nahu/dirac/query3.asp),EN,2013-06-10T21:00:00.000Z
DEVICES22,Total density per million population: Radiotherapy units,text,EUR,Europe,Country,NLD,Netherlands (Kingdom of the),Year,2010,false,,,,,,,,,,,,,7.28,,,,,,7.28,,,EN,2013-06-10T21:00:00.000Z
DEVICES22,Total density per million population: Radiotherapy units,text,EUR,Europe,Country,FIN,Finland,Year,2010,false,,,,,,,,,,,,,7.46,,,,,,7.46,,Only public sector data,EN,2013-06-10T21:00:00.000Z
DEVICES22,Total density per million population: Radiotherapy units,text,EUR,Europe,Country,NOR,Norway,Year,2010,false,,,,,,,,,,,,,7.78,,,,,,7.78,,from the DIRA IAEA radiotherapy database (data available online at: http://www-naweb.iaea.org/nahu/dirac/query3.asp),EN,2013-06-10T21:00:00.000Z
DEVICES22,Total density per million population: Radiotherapy units,text,EUR,Europe,Country,SWE,Sweden,Year,2010,false,,,,,,,,,,,,,8.32,,,,,,8.32,,from the DIRA IAEA radiotherapy database (data available online at: http://www-naweb.iaea.org/nahu/dirac/query3.asp),EN,2013-06-10T21:00:00.000Z
DEVICES22,Total density per million population: Radiotherapy units,text,AMR,Americas,Country,CAN,Canada,Year,2010,false,,,,,,,,,,,,,8.73,,,,,,8.73,,from the DIRA IAEA radiotherapy database (data available online at: http://www-naweb.iaea.org/nahu/dirac/query3.asp),EN,2013-06-10T21:00:00.000Z
DEVICES22,Total density per million population: Radiotherapy units,text,EUR,Europe,Country,BEL,Belgium,Year,2010,false,,,,,,,,,,,,,8.96,,,,,,8.96,,from the DIRA IAEA radiotherapy database (data available online at: http://www-naweb.iaea.org/nahu/dirac/query3.asp),EN,2013-06-10T21:00:00.000Z
DEVICES22,Total density per million population: Radiotherapy units,text,EUR,Europe,Country,DNK,Denmark,Year,2010,false,,,,,,,,,,,,,9.73,,,,,,9.73,,,EN,2013-06-10T21:00:00.000Z
DEVICES22,Total density per million population: Radiotherapy units,text,EUR,Europe,Country,CHE,Switzerland,Year,2010,false,,,,,,,,,,,,,9.79,,,,,,9.79,,from the DIRA IAEA radiotherapy database (data available online at: http://www-naweb.iaea.org/nahu/dirac/query3.asp),EN,2013-06-10T21:00:00.000Z
DEVICES23,Total density per million females aged from 50 to 69 years old: Mammography units,numeric,AFR,Africa,Country,MWI,Malawi,Year,2010,false,,,,,,,,,,,,,0,,,,,,0,,,EN,2013-06-10T21:00:00.000Z
DEVICES23,Total density per million females aged from 50 to 69 years old: Mammography units,numeric,EMR,Eastern Mediterranean,Country,AFG,Afghanistan,Year,2010,false,,,,,,,,,,,,,0,,,,,,0.00,,,EN,2013-06-10T21:00:00.000Z
DEVICES23,Total density per million females aged from 50 to 69 years old: Mammography units,numeric,SEAR,South-East Asia,Country,BTN,Bhutan,Year,2010,false,,,,,,,,,,,,,0,,,,,,0.00,,,EN,2013-06-10T21:00:00.000Z
DEVICES23,Total density per million females aged from 50 to 69 years old: Mammography units,numeric,AFR,Africa,Country,CIV,Cote d'Ivoire,Year,2010,false,,,,,,,,,,,,,0,,,,,,0.00,,,EN,2013-06-10T21:00:00.000Z
DEVICES23,Total density per million females aged from 50 to 69 years old: Mammography units,numeric,AFR,Africa,Country,GIN,Guinea,Year,2010,false,,,,,,,,,,,,,0,,,,,,0.00,,Only public sector data,EN,2013-06-10T21:00:00.000Z
DEVICES23,Total density per million females aged from 50 to 69 years old: Mammography units,numeric,AFR,Africa,Country,GNB,Guinea-Bissau,Year,2010,false,,,,,,,,,,,,,0,,,,,,0.00,,,EN,2013-06-10T21:00:00.000Z
DEVICES23,Total density per million females aged from 50 to 69 years old: Mammography units,numeric,WPR,Western Pacific,Country,KIR,Kiribati,Year,2010,false,,,,,,,,,,,,,0,,,,,,0.00,,the quantity was estimated from the population prospects of the CIA World Factbook 2011 (https://www.cia.gov/library/publications/the-world-factbook/geos/pm.html),EN,2013-06-10T21:00:00.000Z
DEVICES23,Total density per million females aged from 50 to 69 years old: Mammography units,numeric,WPR,Western Pacific,Country,LAO,Lao People's Democratic Republic,Year,2010,false,,,,,,,,,,,,,0,,,,,,0.00,,,EN,2013-06-10T21:00:00.000Z
DEVICES23,Total density per million females aged from 50 to 69 years old: Mammography units,numeric,WPR,Western Pacific,Country,FSM,Micronesia (Federated States of),Year,2010,false,,,,,,,,,,,,,0,,,,,,0.00,,,EN,2013-06-10T21:00:00.000Z
DEVICES23,Total density per million females aged from 50 to 69 years old: Mammography units,numeric,WPR,Western Pacific,Country,TON,Tonga,Year,2010,false,,,,,,,,,,,,,0,,,,,,0.00,,,EN,2013-06-10T21:00:00.000Z
DEVICES23,Total density per million females aged from 50 to 69 years old: Mammography units,numeric,WPR,Western Pacific,Country,VUT,Vanuatu,Year,2010,false,,,,,,,,,,,,,0,,,,,,0.00,,,EN,2013-06-10T21:00:00.000Z
DEVICES23,Total density per million females aged from 50 to 69 years old: Mammography units,numeric,AFR,Africa,Country,COD,Democratic Republic of the Congo,Year,2010,false,,,,,,,,,,,,,0.8,,,,,,0.80,,,EN,2013-06-10T21:00:00.000Z
DEVICES23,Total density per million females aged from 50 to 69 years old: Mammography units,numeric,SEAR,South-East Asia,Country,MMR,Myanmar,Year,2010,false,,,,,,,,,,,,,0.84,,,,,,0.84,,Only public sector data,EN,2013-06-10T21:00:00.000Z
DEVICES23,Total density per million females aged from 50 to 69 years old: Mammography units,numeric,EMR,Eastern Mediterranean,Country,PAK,Pakistan,Year,2010,false,,,,,,,,,,,,,1.75,,,,,,1.75,,,EN,2013-06-10T21:00:00.000Z
DEVICES23,Total density per million females aged from 50 to 69 years old: Mammography units,numeric,EUR,Europe,Country,HUN,Hungary,Year,2010,false,,,,,,,,,,,,,101.8,,,,,,101.82,,,EN,2013-06-10T21:00:00.000Z
DEVICES23,Total density per million females aged from 50 to 69 years old: Mammography units,numeric,EUR,Europe,Country,POL,Poland,Year,2010,false,,,,,,,,,,,,,104.8,,,,,,104.77,,Only public sector data,EN,2013-06-10T21:00:00.000Z
DEVICES23,Total density per million females aged from 50 to 69 years old: Mammography units,numeric,AMR,Americas,Country,SUR,Suriname,Year,2010,false,,,,,,,,,,,,,105.8,,,,,,105.79,,,EN,2013-06-10T21:00:00.000Z
DEVICES23,Total density per million females aged from 50 to 69 years old: Mammography units,numeric,EUR,Europe,Country,MLT,Malta,Year,2010,false,,,,,,,,,,,,,108.2,,,,,,108.23,,,EN,2013-06-10T21:00:00.000Z
DEVICES23,Total density per million females aged from 50 to 69 years old: Mammography units,numeric,AFR,Africa,Country,TGO,Togo,Year,2010,false,,,,,,,,,,,,,11.23,,,,,,11.23,,,EN,2013-06-10T21:00:00.000Z
DEVICES23,Total density per million females aged from 50 to 69 years old: Mammography units,numeric,EUR,Europe,Country,ISR,Israel,Year,2010,false,,,,,,,,,,,,,117.6,,,,,,117.60,,,EN,2013-06-10T21:00:00.000Z
DEVICES23,Total density per million females aged from 50 to 69 years old: Mammography units,numeric,AFR,Africa,Country,NER,Niger,Year,2010,false,,,,,,,,,,,,,12.51,,,,,,12.51,,,EN,2013-06-10T21:00:00.000Z
DEVICES23,Total density per million females aged from 50 to 69 years old: Mammography units,numeric,AMR,Americas,Country,BHS,Bahamas,Year,2010,false,,,,,,,,,,,,,128.5,,,,,,128.53,,,EN,2013-06-10T21:00:00.000Z
DEVICES23,Total density per million females aged from 50 to 69 years old: Mammography units,numeric,EUR,Europe,Country,SVN,Slovenia,Year,2010,false,,,,,,,,,,,,,133.6,,,,,,133.61,,Only public sector data,EN,2013-06-10T21:00:00.000Z
DEVICES23,Total density per million females aged from 50 to 69 years old: Mammography units,numeric,WPR,Western Pacific,Country,BRN,Brunei Darussalam,Year,2010,false,,,,,,,,,,,,,134.4,,,,,,134.35,,,EN,2013-06-10T21:00:00.000Z
DEVICES23,Total density per million females aged from 50 to 69 years old: Mammography units,numeric,EUR,Europe,Country,MNE,Montenegro,Year,2010,false,,,,,,,,,,,,,137.1,,,,,,137.06,,,EN,2013-06-10T21:00:00.000Z
DEVICES23,Total density per million females aged from 50 to 69 years old: Mammography units,numeric,WPR,Western Pacific,Country,PHL,Philippines,Year,2010,false,,,,,,,,,,,,,14.94,,,,,,14.94,,,EN,2013-06-10T21:00:00.000Z
DEVICES23,Total density per million females aged from 50 to 69 years old: Mammography units,numeric,EUR,Europe,Country,DNK,Denmark,Year,2010,false,,,,,,,,,,,,,141.3,,,,,,141.30,,,EN,2013-06-10T21:00:00.000Z
DEVICES23,Total density per million females aged from 50 to 69 years old: Mammography units,numeric,WPR,Western Pacific,Country,SGP,Singapore,Year,2010,false,,,,,,,,,,,,,143.9,,,,,,143.88,,,EN,2013-06-10T21:00:00.000Z
DEVICES23,Total density per million females aged from 50 to 69 years old: Mammography units,numeric,EUR,Europe,Country,BIH,Bosnia and Herzegovina,Year,2010,false,,,,,,,,,,,,,147,,,,,,147.01,,,EN,2013-06-10T21:00:00.000Z
DEVICES23,Total density per million females aged from 50 to 69 years old: Mammography units,numeric,EUR,Europe,Country,ISL,Iceland,Year,2010,false,,,,,,,,,,,,,151.6,,,,,,151.61,,,EN,2013-06-10T21:00:00.000Z
DEVICES23,Total density per million females aged from 50 to 69 years old: Mammography units,numeric,AMR,Americas,Country,GRD,Grenada,Year,2010,false,,,,,,,,,,,,,153.3,,,,,,153.30,,,EN,2013-06-10T21:00:00.000Z
DEVICES23,Total density per million females aged from 50 to 69 years old: Mammography units,numeric,AFR,Africa,Country,CPV,Cabo Verde,Year,2010,false,,,,,,,,,,,,,157.2,,,,,,157.20,,,EN,2013-06-10T21:00:00.000Z
DEVICES23,Total density per million females aged from 50 to 69 years old: Mammography units,numeric,WPR,Western Pacific,Country,MHL,Marshall Islands,Year,2010,false,,,,,,,,,,,,,158.1,,,,,,158.12,,the quantity was estimated from the population prospects of the CIA World Factbook 2011 (https://www.cia.gov/library/publications/the-world-factbook/geos/pm.html),EN,2013-06-10T21:00:00.000Z
DEVICES23,Total density per million females aged from 50 to 69 years old: Mammography units,numeric,EUR,Europe,Country,TJK,Tajikistan,Year,2010,false,,,,,,,,,,,,,16.71,,,,,,16.71,,,EN,2013-06-10T21:00:00.000Z
DEVICES23,Total density per million females aged from 50 to 69 years old: Mammography units,numeric,AMR,Americas,Country,LCA,Saint Lucia,Year,2010,false,,,,,,,,,,,,,164.7,,,,,,164.69,,,EN,2013-06-10T21:00:00.000Z
DEVICES23,Total density per million females aged from 50 to 69 years old: Mammography units,numeric,EMR,Eastern Mediterranean,Country,JOR,Jordan,Year,2010,false,,,,,,,,,,,,,166.1,,,,,,166.07,,,EN,2013-06-10T21:00:00.000Z
DEVICES23,Total density per million females aged from 50 to 69 years old: Mammography units,numeric,AMR,Americas,Country,KNA,Saint Kitts and Nevis,Year,2010,false,,,,,,,,,,,,,169.4,,,,,,169.42,,,EN,2013-06-10T21:00:00.000Z
DEVICES23,Total density per million females aged from 50 to 69 years old: Mammography units,numeric,AFR,Africa,Country,CMR,Cameroon,Year,2010,false,,,,,,,,,,,,,17.08,,,,,,17.08,,,EN,2013-06-10T21:00:00.000Z
DEVICES23,Total density per million females aged from 50 to 69 years old: Mammography units,numeric,AMR,Americas,Country,CUB,Cuba,Year,2010,false,,,,,,,,,,,,,17.43,,,,,,17.43,,Only public sector data,EN,2013-06-10T21:00:00.000Z
DEVICES23,Total density per million females aged from 50 to 69 years old: Mammography units,numeric,AFR,Africa,Country,BWA,Botswana,Year,2010,false,,,,,,,,,,,,,17.46,,,,,,17.46,,Only public sector data,EN,2013-06-10T21:00:00.000Z
DEVICES23,Total density per million females aged from 50 to 69 years old: Mammography units,numeric,AFR,Africa,Country,GMB,Gambia,Year,2010,false,,,,,,,,,,,,,17.51,,,,,,17.51,,,EN,2013-06-10T21:00:00.000Z
DEVICES23,Total density per million females aged from 50 to 69 years old: Mammography units,numeric,AMR,Americas,Country,URY,Uruguay,Year,2010,false,,,,,,,,,,,,,177.8,,,,,,177.80,,,EN,2013-06-10T21:00:00.000Z
DEVICES23,Total density per million females aged from 50 to 69 years old: Mammography units,numeric,AFR,Africa,Country,BEN,Benin,Year,2010,false,,,,,,,,,,,,,18.71,,,,,,18.71,,,EN,2013-06-10T21:00:00.000Z
DEVICES23,Total density per million females aged from 50 to 69 years old: Mammography units,numeric,EUR,Europe,Country,BLR,Belarus,Year,2010,false,,,,,,,,,,,,,18.85,,,,,,18.85,,Only public sector data,EN,2013-06-10T21:00:00.000Z
DEVICES23,Total density per million females aged from 50 to 69 years old: Mammography units,numeric,EUR,Europe,Country,LUX,Luxembourg,Year,2010,false,,,,,,,,,,,,,183,,,,,,183.01,,,EN,2013-06-10T21:00:00.000Z
DEVICES23,Total density per million females aged from 50 to 69 years old: Mammography units,numeric,AMR,Americas,Country,ATG,Antigua and Barbuda,Year,2010,false,,,,,,,,,,,,,188.5,,,,,,188.50,,the quantity was estimated from the population prospects of the CIA World Factbook 2011 (https://www.cia.gov/library/publications/the-world-factbook/geos/pm.html),EN,2013-06-10T21:00:00.000Z
DEVICES23,Total density per million females aged from 50 to 69 years old: Mammography units,numeric,AFR,Africa,Country,ERI,Eritrea,Year,2010,false,,,,,,,,,,,,,19.03,,,,,,19.03,,,EN,2013-06-10T21:00:00.000Z
DEVICES23,Total density per million females aged from 50 to 69 years old: Mammography units,numeric,EUR,Europe,Country,KGZ,Kyrgyzstan,Year,2010,false,,,,,,,,,,,,,19.76,,,,,,19.76,,Only public sector data,EN,2013-06-10T21:00:00.000Z
DEVICES23,Total density per million females aged from 50 to 69 years old: Mammography units,numeric,AMR,Americas,Country,DMA,Dominica,Year,2010,false,,,,,,,,,,,,,192.1,,,,,,192.13,,the quantity was estimated from the population prospects of the CIA World Factbook 2011 (https://www.cia.gov/library/publications/the-world-factbook/geos/pm.html),EN,2013-06-10T21:00:00.000Z
DEVICES23,Total density per million females aged from 50 to 69 years old: Mammography units,numeric,AFR,Africa,Country,BDI,Burundi,Year,2010,false,,,,,,,,,,,,,2.52,,,,,,2.52,,,EN,2013-06-10T21:00:00.000Z
DEVICES23,Total density per million females aged from 50 to 69 years old: Mammography units,numeric,EMR,Eastern Mediterranean,Country,MAR,Morocco,Year,2010,false,,,,,,,,,,,,,20.12,,,,,,20.12,,Only public sector data,EN,2013-06-10T21:00:00.000Z
DEVICES23,Total density per million females aged from 50 to 69 years old: Mammography units,numeric,AMR,Americas,Country,HTI,Haiti,Year,2010,false,,,,,,,,,,,,,20.48,,,,,,20.48,,,EN,2013-06-10T21:00:00.000Z
DEVICES23,Total density per million females aged from 50 to 69 years old: Mammography units,numeric,EUR,Europe,Country,ARM,Armenia,Year,2010,false,,,,,,,,,,,,,21.06,,,,,,21.06,,,EN,2013-06-10T21:00:00.000Z
DEVICES23,Total density per million females aged from 50 to 69 years old: Mammography units,numeric,AMR,Americas,Country,PAN,Panama,Year,2010,false,,,,,,,,,,,,,211.2,,,,,,211.16,,the quantity was estimated from the population prospects of the CIA World Factbook 2011 (https://www.cia.gov/library/publications/the-world-factbook/geos/pm.html),EN,2013-06-10T21:00:00.000Z
DEVICES23,Total density per million females aged from 50 to 69 years old: Mammography units,numeric,EUR,Europe,Country,HRV,Croatia,Year,2010,false,,,,,,,,,,,,,213.3,,,,,,213.25,,,EN,2013-06-10T21:00:00.000Z
DEVICES23,Total density per million females aged from 50 to 69 years old: Mammography units,numeric,EUR,Europe,Country,CYP,Cyprus,Year,2010,false,,,,,,,,,,,,,219.5,,,,,,219.49,,,EN,2013-06-10T21:00:00.000Z
DEVICES23,Total density per million females aged from 50 to 69 years old: Mammography units,numeric,WPR,Western Pacific,Country,JPN,Japan,Year,2010,false,,,,,,,,,,,,,225.9,,,,,,225.87,,,EN,2013-06-10T21:00:00.000Z
DEVICES23,Total density per million females aged from 50 to 69 years old: Mammography units,numeric,WPR,Western Pacific,Country,NZL,New Zealand,Year,2010,false,,,,,,,,,,,,,227.9,,,,,,227.90,,,EN,2013-06-10T21:00:00.000Z
DEVICES23,Total density per million females aged from 50 to 69 years old: Mammography units,numeric,EUR,Europe,Country,KAZ,Kazakhstan,Year,2010,false,,,,,,,,,,,,,23.82,,,,,,23.82,,,EN,2013-06-10T21:00:00.000Z
DEVICES23,Total density per million females aged from 50 to 69 years old: Mammography units,numeric,EUR,Europe,Country,FIN,Finland,Year,2010,false,,,,,,,,,,,,,231.4,,,,,,231.37,,,EN,2013-06-10T21:00:00.000Z
DEVICES23,Total density per million females aged from 50 to 69 years old: Mammography units,numeric,EUR,Europe,Country,IRL,Ireland,Year,2010,false,,,,,,,,,,,,,24.77,,,,,,24.77,,Only public sector data,EN,2013-06-10T21:00:00.000Z
DEVICES23,Total density per million females aged from 50 to 69 years old: Mammography units,numeric,EUR,Europe,Country,SMR,San Marino,Year,2010,false,,,,,,,,,,,,,249.1,,,,,,249.13,,,EN,2013-06-10T21:00:00.000Z
DEVICES23,Total density per million females aged from 50 to 69 years old: Mammography units,numeric,AFR,Africa,Country,MRT,Mauritania,Year,2010,false,,,,,,,,,,,,,25.71,,,,,,25.71,,,EN,2013-06-10T21:00:00.000Z
DEVICES23,Total density per million females aged from 50 to 69 years old: Mammography units,numeric,AMR,Americas,Country,VCT,Saint Vincent and the Grenadines,Year,2010,false,,,,,,,,,,,,,265.5,,,,,,265.50,,,EN,2013-06-10T21:00:00.000Z
DEVICES23,Total density per million females aged from 50 to 69 years old: Mammography units,numeric,EMR,Eastern Mediterranean,Country,TUN,Tunisia,Year,2010,false,,,,,,,,,,,,,27.11,,,,,,27.11,,Only public sector data,EN,2013-06-10T21:00:00.000Z
DEVICES23,Total density per million females aged from 50 to 69 years old: Mammography units,numeric,EUR,Europe,Country,TUR,Türkiye,Year,2010,false,,,,,,,,,,,,,272,,,,,,272.01,,,EN,2013-06-10T21:00:00.000Z
DEVICES23,Total density per million females aged from 50 to 69 years old: Mammography units,numeric,EUR,Europe,Country,PRT,Portugal,Year,2010,false,,,,,,,,,,,,,281.8,,,,,,281.81,,,EN,2013-06-10T21:00:00.000Z
DEVICES23,Total density per million females aged from 50 to 69 years old: Mammography units,numeric,EMR,Eastern Mediterranean,Country,QAT,Qatar,Year,2010,false,,,,,,,,,,,,,284.6,,,,,,284.58,,,EN,2013-06-10T21:00:00.000Z
DEVICES23,Total density per million females aged from 50 to 69 years old: Mammography units,numeric,AMR,Americas,Country,BLZ,Belize,Year,2010,false,,,,,,,,,,,,,289.7,,,,,,289.65,,,EN,2013-06-10T21:00:00.000Z
DEVICES23,Total density per million females aged from 50 to 69 years old: Mammography units,numeric,AFR,Africa,Country,BFA,Burkina Faso,Year,2010,false,,,,,,,,,,,,,3.14,,,,,,3.14,,,EN,2013-06-10T21:00:00.000Z
DEVICES23,Total density per million females aged from 50 to 69 years old: Mammography units,numeric,AFR,Africa,Country,UGA,Uganda,Year,2010,false,,,,,,,,,,,,,3.59,,,,,,3.59,,,EN,2013-06-10T21:00:00.000Z
DEVICES23,Total density per million females aged from 50 to 69 years old: Mammography units,numeric,SEAR,South-East Asia,Country,THA,Thailand,Year,2010,false,,,,,,,,,,,,,30.82,,,,,,30.82,,,EN,2013-06-10T21:00:00.000Z
DEVICES23,Total density per million females aged from 50 to 69 years old: Mammography units,numeric,AMR,Americas,Country,BRB,Barbados,Year,2010,false,,,,,,,,,,,,,31.83,,,,,,31.83,,Only public sector data,EN,2013-06-10T21:00:00.000Z
DEVICES23,Total density per million females aged from 50 to 69 years old: Mammography units,numeric,WPR,Western Pacific,Country,FJI,Fiji,Year,2010,false,,,,,,,,,,,,,31.94,,,,,,31.94,,,EN,2013-06-10T21:00:00.000Z
DEVICES23,Total density per million females aged from 50 to 69 years old: Mammography units,numeric,AFR,Africa,Country,COM,Comoros,Year,2010,false,,,,,,,,,,,,,33.67,,,,,,33.67,,,EN,2013-06-10T21:00:00.000Z
DEVICES23,Total density per million females aged from 50 to 69 years old: Mammography units,numeric,EMR,Eastern Mediterranean,Country,YEM,Yemen,Year,2010,false,,,,,,,,,,,,,33.89,,,,,,33.89,,,EN,2013-06-10T21:00:00.000Z
DEVICES23,Total density per million females aged from 50 to 69 years old: Mammography units,numeric,EUR,Europe,Country,AZE,Azerbaijan,Year,2010,false,,,,,,,,,,,,,34.04,,,,,,34.04,,Only public sector data,EN,2013-06-10T21:00:00.000Z
DEVICES23,Total density per million females aged from 50 to 69 years old: Mammography units,numeric,AMR,Americas,Country,CHL,Chile,Year,2010,false,,,,,,,,,,,,,35.88,,,,,,35.88,,Only public sector data,EN,2013-06-10T21:00:00.000Z
DEVICES23,Total density per million females aged from 50 to 69 years old: Mammography units,numeric,AFR,Africa,Country,SWZ,Eswatini,Year,2010,false,,,,,,,,,,,,,35.91,,,,,,35.91,,,EN,2013-06-10T21:00:00.000Z
DEVICES23,Total density per million females aged from 50 to 69 years old: Mammography units,numeric,EMR,Eastern Mediterranean,Country,IRQ,Iraq,Year,2010,false,,,,,,,,,,,,,37.69,,,,,,37.69,,Only public sector data,EN,2013-06-10T21:00:00.000Z
DEVICES23,Total density per million females aged from 50 to 69 years old: Mammography units,numeric,EMR,Eastern Mediterranean,Country,LBN,Lebanon,Year,2010,false,,,,,,,,,,,,,380,,,,,,380.03,,,EN,2013-06-10T21:00:00.000Z
DEVICES23,Total density per million females aged from 50 to 69 years old: Mammography units,numeric,WPR,Western Pacific,Country,MNG,Mongolia,Year,2010,false,,,,,,,,,,,,,39.29,,,,,,39.29,,,EN,2013-06-10T21:00:00.000Z
DEVICES23,Total density per million females aged from 50 to 69 years old: Mammography units,numeric,AFR,Africa,Country,ZMB,Zambia,Year,2010,false,,,,,,,,,,,,,4.09,,,,,,4.09,,,EN,2013-06-10T21:00:00.000Z
DEVICES23,Total density per million females aged from 50 to 69 years old: Mammography units,numeric,AFR,Africa,Country,TCD,Chad,Year,2010,false,,,,,,,,,,,,,4.32,,,,,,4.32,,,EN,2013-06-10T21:00:00.000Z
DEVICES23,Total density per million females aged from 50 to 69 years old: Mammography units,numeric,AFR,Africa,Country,CAF,Central African Republic,Year,2010,false,,,,,,,,,,,,,4.64,,,,,,4.64,,,EN,2013-06-10T21:00:00.000Z
DEVICES23,Total density per million females aged from 50 to 69 years old: Mammography units,numeric,AMR,Americas,Country,TTO,Trinidad and Tobago,Year,2010,false,,,,,,,,,,,,,40.05,,,,,,40.05,,Only public sector data,EN,2013-06-10T21:00:00.000Z
DEVICES23,Total density per million females aged from 50 to 69 years old: Mammography units,numeric,EUR,Europe,Country,MDA,Republic of Moldova,Year,2010,false,,,,,,,,,,,,,40.84,,,,,,40.84,,Only public sector data,EN,2013-06-10T21:00:00.000Z
DEVICES23,Total density per million females aged from 50 to 69 years old: Mammography units,numeric,AFR,Africa,Country,NAM,Namibia,Year,2010,false,,,,,,,,,,,,,42.24,,,,,,42.24,,,EN,2013-06-10T21:00:00.000Z
DEVICES23,Total density per million females aged from 50 to 69 years old: Mammography units,numeric,EUR,Europe,Country,ROU,Romania,Year,2010,false,,,,,,,,,,,,,42.27,,,,,,42.27,,,EN,2013-06-10T21:00:00.000Z
DEVICES23,Total density per million females aged from 50 to 69 years old: Mammography units,numeric,EUR,Europe,Country,GEO,Georgia,Year,2010,false,,,,,,,,,,,,,44.64,,,,,,44.64,,,EN,2013-06-10T21:00:00.000Z
DEVICES23,Total density per million females aged from 50 to 69 years old: Mammography units,numeric,WPR,Western Pacific,Country,KOR,Republic of Korea,Year,2010,false,,,,,,,,,,,,,444.6,,,,,,444.57,,,EN,2013-06-10T21:00:00.000Z
DEVICES23,Total density per million females aged from 50 to 69 years old: Mammography units,numeric,EMR,Eastern Mediterranean,Country,SAU,Saudi Arabia,Year,2010,false,,,,,,,,,,,,,45.36,,,,,,45.36,,Only public sector data,EN,2013-06-10T21:00:00.000Z
DEVICES23,Total density per million females aged from 50 to 69 years old: Mammography units,numeric,AMR,Americas,Country,SLV,El Salvador,Year,2010,false,,,,,,,,,,,,,49.94,,,,,,49.94,,,EN,2013-06-10T21:00:00.000Z
DEVICES23,Total density per million females aged from 50 to 69 years old: Mammography units,numeric,AFR,Africa,Country,MLI,Mali,Year,2010,false,,,,,,,,,,,,,5.38,,,,,,5.38,,,EN,2013-06-10T21:00:00.000Z
DEVICES23,Total density per million females aged from 50 to 69 years old: Mammography units,numeric,AMR,Americas,Country,HND,Honduras,Year,2010,false,,,,,,,,,,,,,57.03,,,,,,57.03,,,EN,2013-06-10T21:00:00.000Z
DEVICES23,Total density per million females aged from 50 to 69 years old: Mammography units,numeric,AMR,Americas,Country,JAM,Jamaica,Year,2010,false,,,,,,,,,,,,,57.55,,,,,,57.55,,,EN,2013-06-10T21:00:00.000Z
DEVICES23,Total density per million females aged from 50 to 69 years old: Mammography units,numeric,AFR,Africa,Country,MUS,Mauritius,Year,2010,false,,,,,,,,,,,,,57.98,,,,,,57.98,,,EN,2013-06-10T21:00:00.000Z
DEVICES23,Total density per million females aged from 50 to 69 years old: Mammography units,numeric,AFR,Africa,Country,SEN,Senegal,Year,2010,false,,,,,,,,,,,,,6.43,,,,,,6.43,,Only public sector data,EN,2013-06-10T21:00:00.000Z
DEVICES23,Total density per million females aged from 50 to 69 years old: Mammography units,numeric,AFR,Africa,Country,TZA,United Republic of Tanzania,Year,2010,false,,,,,,,,,,,,,6.53,,,,,,6.53,,,EN,2013-06-10T21:00:00.000Z
DEVICES23,Total density per million females aged from 50 to 69 years old: Mammography units,numeric,AFR,Africa,Country,ZWE,Zimbabwe,Year,2010,false,,,,,,,,,,,,,6.71,,,,,,6.71,,,EN,2013-06-10T21:00:00.000Z
DEVICES23,Total density per million females aged from 50 to 69 years old: Mammography units,numeric,AFR,Africa,Country,AGO,Angola,Year,2010,false,,,,,,,,,,,,,6.98,,,,,,6.98,,Only public sector data,EN,2013-06-10T21:00:00.000Z
DEVICES23,Total density per million females aged from 50 to 69 years old: Mammography units,numeric,AFR,Africa,Country,MDG,Madagascar,Year,2010,false,,,,,,,,,,,,,6.99,,,,,,6.99,,,EN,2013-06-10T21:00:00.000Z
DEVICES23,Total density per million females aged from 50 to 69 years old: Mammography units,numeric,EUR,Europe,Country,ALB,Albania,Year,2010,false,,,,,,,,,,,,,62.71,,,,,,62.71,,,EN,2013-06-10T21:00:00.000Z
DEVICES23,Total density per million females aged from 50 to 69 years old: Mammography units,numeric,SEAR,South-East Asia,Country,MDV,Maldives,Year,2010,false,,,,,,,,,,,,,64.42,,,,,,64.42,,,EN,2013-06-10T21:00:00.000Z
DEVICES23,Total density per million females aged from 50 to 69 years old: Mammography units,numeric,EUR,Europe,Country,MCO,Monaco,Year,2010,false,,,,,,,,,,,,,651.7,,,,,,651.65,,the quantity was estimated from the population prospects of the CIA World Factbook 2011 (https://www.cia.gov/library/publications/the-world-factbook/geos/pm.html),EN,2013-06-10T21:00:00.000Z
DEVICES23,Total density per million females aged from 50 to 69 years old: Mammography units,numeric,AMR,Americas,Country,GUY,Guyana,Year,2010,false,,,,,,,,,,,,,66.75,,,,,,66.75,,Only private sector data,EN,2013-06-10T21:00:00.000Z
DEVICES23,Total density per million females aged from 50 to 69 years old: Mammography units,numeric,AMR,Americas,Country,CRI,Costa Rica,Year,2010,false,,,,,,,,,,,,,69.64,,,,,,69.64,,,EN,2013-06-10T21:00:00.000Z
DEVICES23,Total density per million females aged from 50 to 69 years old: Mammography units,numeric,AFR,Africa,Country,KEN,Kenya,Year,2010,false,,,,,,,,,,,,,7.72,,,,,,7.72,,Only public sector data,EN,2013-06-10T21:00:00.000Z
DEVICES23,Total density per million females aged from 50 to 69 years old: Mammography units,numeric,AFR,Africa,Country,GAB,Gabon,Year,2010,false,,,,,,,,,,,,,78.63,,,,,,78.63,,,EN,2013-06-10T21:00:00.000Z
DEVICES23,Total density per million females aged from 50 to 69 years old: Mammography units,numeric,AMR,Americas,Country,PRY,Paraguay,Year,2010,false,,,,,,,,,,,,,8.03,,,,,,8.03,,Only public sector data,EN,2013-06-10T21:00:00.000Z
DEVICES23,Total density per million females aged from 50 to 69 years old: Mammography units,numeric,AMR,Americas,Country,MEX,Mexico,Year,2010,false,,,,,,,,,,,,,87.91,,,,,,87.91,,,EN,2013-06-10T21:00:00.000Z
DEVICES23,Total density per million females aged from 50 to 69 years old: Mammography units,numeric,EUR,Europe,Country,LTU,Lithuania,Year,2010,false,,,,,,,,,,,,,89.34,,,,,,89.34,,,EN,2013-06-10T21:00:00.000Z
DEVICES23,Total density per million females aged from 50 to 69 years old: Mammography units,numeric,AFR,Africa,Country,ZAF,South Africa,Year,2010,false,,,,,,,,,,,,,9.11,,,,,,9.11,,Only public sector data,EN,2013-06-10T21:00:00.000Z
DEVICES23,Total density per million females aged from 50 to 69 years old: Mammography units,numeric,WPR,Western Pacific,Country,PNG,Papua New Guinea,Year,2010,false,,,,,,,,,,,,,9.4,,,,,,9.40,,,EN,2013-06-10T21:00:00.000Z
DEVICES23,Total density per million females aged from 50 to 69 years old: Mammography units,numeric,EMR,Eastern Mediterranean,Country,SDN,Sudan,Year,2010,false,,,,,,,,,,,,,9.74,,,,,,9.74,,,EN,2013-06-10T21:00:00.000Z
DEVICES23,Total density per million females aged from 50 to 69 years old: Mammography units,numeric,EUR,Europe,Country,SRB,Serbia,Year,2010,false,,,,,,,,,,,,,90.14,,,,,,90.14,,,EN,2013-06-10T21:00:00.000Z
DEVICES23,Total density per million females aged from 50 to 69 years old: Mammography units,numeric,EMR,Eastern Mediterranean,Country,OMN,Oman,Year,2010,false,,,,,,,,,,,,,94.07,,,,,,94.07,,Only public sector data,EN,2013-06-10T21:00:00.000Z
DEVICES23,Total density per million females aged from 50 to 69 years old: Mammography units,numeric,AFR,Africa,Country,SYC,Seychelles,Year,2010,false,,,,,,,,,,,,,96.06,,,,,,96.06,,the quantity was estimated from the population prospects of the CIA World Factbook 2011 (https://www.cia.gov/library/publications/the-world-factbook/geos/pm.html),EN,2013-06-10T21:00:00.000Z
DEVICES23,Total density per million females aged from 50 to 69 years old: Mammography units,numeric,EUR,Europe,Country,CZE,Czechia,Year,2010,false,,,,,,,,,,,,,97.19,,,,,,97.19,,,EN,2013-06-10T21:00:00.000Z
DEVICES23,Total density per million females aged from 50 to 69 years old: Mammography units,numeric,WPR,Western Pacific,Country,MYS,Malaysia,Year,2010,false,,,,,,,,,,,,,98.8,,,,,,98.80,,,EN,2013-06-10T21:00:00.000Z
DEVICES23,Total density per million females aged from 50 to 69 years old: Mammography units,numeric,WPR,Western Pacific,Country,WSM,Samoa,Year,2010,false,,,,,,,,,,,,,98.99,,,,,,98.99,,,EN,2013-06-10T21:00:00.000Z
