IndicatorCode,Indicator,ValueType,ParentLocationCode,ParentLocation,Location type,SpatialDimValueCode,Location,Period type,Period,IsLatestYear,Dim1 type,Dim1,Dim1ValueCode,Dim2 type,Dim2,Dim2ValueCode,Dim3 type,Dim3,Dim3ValueCode,DataSourceDimValueCode,DataSource,FactValueNumericPrefix,FactValueNumeric,FactValueUoM,FactValueNumericLowPrefix,FactValueNumericLow,FactValueNumericHighPrefix,FactValueNumericHigh,Value,FactValueTranslationID,FactComments,Language,DateModified
DEVICES22,Total density per million population: Radiotherapy units,text,AFR,Africa,Country,BFA,Burkina Faso,Year,2021,true,,,,,,,,,,,,,0,,,,,,0,,WHO MD Survey 2021,EN,2023-06-18T21:00:00.000Z
DEVICES22,Total density per million population: Radiotherapy units,text,AFR,Africa,Country,COM,Comoros,Year,2021,true,,,,,,,,,,,,,0,,,,,,0,,WHO MD Survey 2021,EN,2023-06-18T21:00:00.000Z
DEVICES22,Total density per million population: Radiotherapy units,text,WPR,Western Pacific,Country,FSM,Micronesia (Federated States of),Year,2021,true,,,,,,,,,,,,,0,,,,,,0,,WHO MD Survey 2021,EN,2023-06-18T21:00:00.000Z
DEVICES22,Total density per million population: Radiotherapy units,text,AFR,Africa,Country,ETH,Ethiopia,Year,2021,true,,,,,,,,,,,,,0.087,,,,,,0.09,,WHO MD Survey 2021,EN,2023-06-18T21:00:00.000Z
DEVICES22,Total density per million population: Radiotherapy units,text,AFR,Africa,Country,UGA,Uganda,Year,2021,true,,,,,,,,,,,,,0.087,,,,,,0.09,,WHO MD Survey 2021,EN,2023-06-18T21:00:00.000Z
DEVICES22,Total density per million population: Radiotherapy units,text,AFR,Africa,Country,SEN,Senegal,Year,2021,true,,,,,,,,,,,,,0.18,,,,,,0.18,,WHO MD Survey 2021,EN,2023-06-18T21:00:00.000Z
DEVICES22,Total density per million population: Radiotherapy units,text,EMR,Eastern Mediterranean,Country,JOR,Jordan,Year,2021,true,,,,,,,,,,,,,1.37,,,,,,1.37,,WHO MD Survey 2021,EN,2023-06-18T21:00:00.000Z
DEVICES22,Total density per million population: Radiotherapy units,text,EUR,Europe,Country,FIN,Finland,Year,2021,true,,,,,,,,,,,,,10.29,,,,,,10.29,,WHO MD Survey 2021,EN,2023-06-18T21:00:00.000Z
DEVICES22,Total density per million population: Radiotherapy units,text,EUR,Europe,Country,LTU,Lithuania,Year,2021,true,,,,,,,,,,,,,8.82,,,,,,8.82,,WHO MD Survey 2021,EN,2023-06-18T21:00:00.000Z
DEVICES22,Total density per million population: Radiotherapy units,text,EUR,Europe,Country,LUX,Luxembourg,Year,2021,true,,,,,,,,,,,,,9.58,,,,,,9.58,,WHO MD Survey 2021,EN,2023-06-18T21:00:00.000Z
DEVICES22,Total density per million population: Radiotherapy units,text,AFR,Africa,Country,MOZ,Mozambique,Year,2017-2021,true,,,,,,,,,,,,,0.032,,,,,,0.03,,IAEA 2017-21,EN,2023-06-18T21:00:00.000Z
DEVICES22,Total density per million population: Radiotherapy units,text,EMR,Eastern Mediterranean,Country,YEM,Yemen,Year,2017-2021,true,,,,,,,,,,,,,0.034,,,,,,0.03,,IAEA 2017-21,EN,2023-06-18T21:00:00.000Z
DEVICES22,Total density per million population: Radiotherapy units,text,AFR,Africa,Country,CMR,Cameroon,Year,2017-2021,true,,,,,,,,,,,,,0.038,,,,,,0.04,,IAEA 2017-21,EN,2023-06-18T21:00:00.000Z
DEVICES22,Total density per million population: Radiotherapy units,text,AFR,Africa,Country,NGA,Nigeria,Year,2017-2021,true,,,,,,,,,,,,,0.044,,,,,,0.04,,IAEA 2017-21,EN,2023-06-18T21:00:00.000Z
DEVICES22,Total density per million population: Radiotherapy units,text,AFR,Africa,Country,MLI,Mali,Year,2017-2021,true,,,,,,,,,,,,,0.049,,,,,,0.05,,IAEA 2017-21,EN,2023-06-18T21:00:00.000Z
DEVICES22,Total density per million population: Radiotherapy units,text,AFR,Africa,Country,MDG,Madagascar,Year,2017-2021,true,,,,,,,,,,,,,0.072,,,,,,0.07,,IAEA 2017-21,EN,2023-06-18T21:00:00.000Z
DEVICES22,Total density per million population: Radiotherapy units,text,AFR,Africa,Country,CIV,Cote d'Ivoire,Year,2017-2021,true,,,,,,,,,,,,,0.076,,,,,,0.08,,IAEA 2017-21,EN,2023-06-18T21:00:00.000Z
DEVICES22,Total density per million population: Radiotherapy units,text,AFR,Africa,Country,AGO,Angola,Year,2017-2021,true,,,,,,,,,,,,,0.12,,,,,,0.12,,IAEA 2017-21,EN,2023-06-18T21:00:00.000Z
DEVICES22,Total density per million population: Radiotherapy units,text,AFR,Africa,Country,RWA,Rwanda,Year,2017-2021,true,,,,,,,,,,,,,0.15,,,,,,0.15,,IAEA 2017-21,EN,2023-06-18T21:00:00.000Z
DEVICES22,Total density per million population: Radiotherapy units,text,AFR,Africa,Country,TZA,United Republic of Tanzania,Year,2017-2021,true,,,,,,,,,,,,,0.15,,,,,,0.15,,IAEA 2017-21,EN,2023-06-18T21:00:00.000Z
DEVICES22,Total density per million population: Radiotherapy units,text,WPR,Western Pacific,Country,KHM,Cambodia,Year,2017-2021,true,,,,,,,,,,,,,0.18,,,,,,0.18,,IAEA 2017-21,EN,2023-06-18T21:00:00.000Z
DEVICES22,Total density per million population: Radiotherapy units,text,EUR,Europe,Country,TJK,Tajikistan,Year,2017-2021,true,,,,,,,,,,,,,0.21,,,,,,0.21,,IAEA 2017-21,EN,2023-06-18T21:00:00.000Z
DEVICES22,Total density per million population: Radiotherapy units,text,SEAR,South-East Asia,Country,BGD,Bangladesh,Year,2017-2021,true,,,,,,,,,,,,,0.26,,,,,,0.26,,IAEA 2017-21,EN,2023-06-18T21:00:00.000Z
DEVICES22,Total density per million population: Radiotherapy units,text,AFR,Africa,Country,GHA,Ghana,Year,2017-2021,true,,,,,,,,,,,,,0.26,,,,,,0.26,,IAEA 2017-21,EN,2023-06-18T21:00:00.000Z
DEVICES22,Total density per million population: Radiotherapy units,text,WPR,Western Pacific,Country,LAO,Lao People's Democratic Republic,Year,2017-2021,true,,,,,,,,,,,,,0.27,,,,,,0.27,,IAEA 2017-21,EN,2023-06-18T21:00:00.000Z
DEVICES22,Total density per million population: Radiotherapy units,text,EMR,Eastern Mediterranean,Country,SDN,Sudan,Year,2017-2021,true,,,,,,,,,,,,,0.27,,,,,,0.27,,IAEA 2017-21,EN,2023-06-18T21:00:00.000Z
DEVICES22,Total density per million population: Radiotherapy units,text,EUR,Europe,Country,UZB,Uzbekistan,Year,2017-2021,true,,,,,,,,,,,,,0.27,,,,,,0.27,,IAEA 2017-21,EN,2023-06-18T21:00:00.000Z
DEVICES22,Total density per million population: Radiotherapy units,text,AFR,Africa,Country,ZMB,Zambia,Year,2017-2021,true,,,,,,,,,,,,,0.27,,,,,,0.27,,IAEA 2017-21,EN,2023-06-18T21:00:00.000Z
DEVICES22,Total density per million population: Radiotherapy units,text,WPR,Western Pacific,Country,IDN,Indonesia,Year,2017-2021,true,,,,,,,,,,,,,0.3,,,,,,0.30,,IAEA 2017-21,EN,2023-06-18T21:00:00.000Z
DEVICES22,Total density per million population: Radiotherapy units,text,AFR,Africa,Country,KEN,Kenya,Year,2017-2021,true,,,,,,,,,,,,,0.32,,,,,,0.32,,IAEA 2017-21,EN,2023-06-18T21:00:00.000Z
DEVICES22,Total density per million population: Radiotherapy units,text,EMR,Eastern Mediterranean,Country,PAK,Pakistan,Year,2017-2021,true,,,,,,,,,,,,,0.35,,,,,,0.35,,IAEA 2017-21,EN,2023-06-18T21:00:00.000Z
DEVICES22,Total density per million population: Radiotherapy units,text,SEAR,South-East Asia,Country,NPL,Nepal,Year,2017-2021,true,,,,,,,,,,,,,0.38,,,,,,0.38,,IAEA 2017-21,EN,2023-06-18T21:00:00.000Z
DEVICES22,Total density per million population: Radiotherapy units,text,EUR,Europe,Country,KGZ,Kyrgyzstan,Year,2017-2021,true,,,,,,,,,,,,,0.46,,,,,,0.46,,IAEA 2017-21,EN,2023-06-18T21:00:00.000Z
DEVICES22,Total density per million population: Radiotherapy units,text,EMR,Eastern Mediterranean,Country,IRQ,Iraq,Year,2017-2021,true,,,,,,,,,,,,,0.47,,,,,,0.47,,IAEA 2017-21,EN,2023-06-18T21:00:00.000Z
DEVICES22,Total density per million population: Radiotherapy units,text,WPR,Western Pacific,Country,VNM,Viet Nam,Year,2017-2021,true,,,,,,,,,,,,,0.48,,,,,,0.48,,IAEA 2017-21,EN,2023-06-18T21:00:00.000Z
DEVICES22,Total density per million population: Radiotherapy units,text,SEAR,South-East Asia,Country,MMR,Myanmar,Year,2017-2021,true,,,,,,,,,,,,,0.53,,,,,,0.53,,IAEA 2017-21,EN,2023-06-18T21:00:00.000Z
DEVICES22,Total density per million population: Radiotherapy units,text,EMR,Eastern Mediterranean,Country,OMN,Oman,Year,2017-2021,true,,,,,,,,,,,,,0.59,,,,,,0.59,,IAEA 2017-21,EN,2023-06-18T21:00:00.000Z
DEVICES22,Total density per million population: Radiotherapy units,text,WPR,Western Pacific,Country,PHL,Philippines,Year,2017-2021,true,,,,,,,,,,,,,0.61,,,,,,0.61,,IAEA 2017-21,EN,2023-06-18T21:00:00.000Z
DEVICES22,Total density per million population: Radiotherapy units,text,AFR,Africa,Country,MRT,Mauritania,Year,2017-2021,true,,,,,,,,,,,,,0.65,,,,,,0.65,,IAEA 2017-21,EN,2023-06-18T21:00:00.000Z
DEVICES22,Total density per million population: Radiotherapy units,text,AFR,Africa,Country,ZWE,Zimbabwe,Year,2017-2021,true,,,,,,,,,,,,,0.67,,,,,,0.67,,IAEA 2017-21,EN,2023-06-18T21:00:00.000Z
DEVICES22,Total density per million population: Radiotherapy units,text,EMR,Eastern Mediterranean,Country,SYR,Syrian Arab Republic,Year,2017-2021,true,,,,,,,,,,,,,0.69,,,,,,0.69,,IAEA 2017-21,EN,2023-06-18T21:00:00.000Z
DEVICES22,Total density per million population: Radiotherapy units,text,SEAR,South-East Asia,Country,IND,India,Year,2017-2021,true,,,,,,,,,,,,,0.71,,,,,,0.71,,IAEA 2017-21,EN,2023-06-18T21:00:00.000Z
DEVICES22,Total density per million population: Radiotherapy units,text,EMR,Eastern Mediterranean,Country,ARE,United Arab Emirates,Year,2017-2021,true,,,,,,,,,,,,,0.71,,,,,,0.71,,IAEA 2017-21,EN,2023-06-18T21:00:00.000Z
DEVICES22,Total density per million population: Radiotherapy units,text,AMR,Americas,Country,GTM,Guatemala,Year,2017-2021,true,,,,,,,,,,,,,0.78,,,,,,0.78,,IAEA 2017-21,EN,2023-06-18T21:00:00.000Z
DEVICES22,Total density per million population: Radiotherapy units,text,AFR,Africa,Country,GAB,Gabon,Year,2017-2021,true,,,,,,,,,,,,,0.9,,,,,,0.90,,IAEA 2017-21,EN,2023-06-18T21:00:00.000Z
DEVICES22,Total density per million population: Radiotherapy units,text,AMR,Americas,Country,HND,Honduras,Year,2017-2021,true,,,,,,,,,,,,,0.91,,,,,,0.91,,IAEA 2017-21,EN,2023-06-18T21:00:00.000Z
DEVICES22,Total density per million population: Radiotherapy units,text,AMR,Americas,Country,NIC,Nicaragua,Year,2017-2021,true,,,,,,,,,,,,,0.91,,,,,,0.91,,IAEA 2017-21,EN,2023-06-18T21:00:00.000Z
DEVICES22,Total density per million population: Radiotherapy units,text,EUR,Europe,Country,MDA,Republic of Moldova,Year,2017-2021,true,,,,,,,,,,,,,0.99,,,,,,0.99,,IAEA 2017-21,EN,2023-06-18T21:00:00.000Z
DEVICES22,Total density per million population: Radiotherapy units,text,SEAR,South-East Asia,Country,LKA,Sri Lanka,Year,2017-2021,true,,,,,,,,,,,,,1.07,,,,,,1.07,,IAEA 2017-21,EN,2023-06-18T21:00:00.000Z
DEVICES22,Total density per million population: Radiotherapy units,text,AMR,Americas,Country,BOL,Bolivia (Plurinational State of),Year,2017-2021,true,,,,,,,,,,,,,1.11,,,,,,1.11,,IAEA 2017-21,EN,2023-06-18T21:00:00.000Z
DEVICES22,Total density per million population: Radiotherapy units,text,AFR,Africa,Country,DZA,Algeria,Year,2017-2021,true,,,,,,,,,,,,,1.12,,,,,,1.12,,IAEA 2017-21,EN,2023-06-18T21:00:00.000Z
DEVICES22,Total density per million population: Radiotherapy units,text,EMR,Eastern Mediterranean,Country,LBY,Libya,Year,2017-2021,true,,,,,,,,,,,,,1.16,,,,,,1.16,,IAEA 2017-21,EN,2023-06-18T21:00:00.000Z
DEVICES22,Total density per million population: Radiotherapy units,text,EUR,Europe,Country,AZE,Azerbaijan,Year,2017-2021,true,,,,,,,,,,,,,1.18,,,,,,1.18,,IAEA 2017-21,EN,2023-06-18T21:00:00.000Z
DEVICES22,Total density per million population: Radiotherapy units,text,EMR,Eastern Mediterranean,Country,BHR,Bahrain,Year,2017-2021,true,,,,,,,,,,,,,1.18,,,,,,1.18,,IAEA 2017-21,EN,2023-06-18T21:00:00.000Z
DEVICES22,Total density per million population: Radiotherapy units,text,AFR,Africa,Country,NAM,Namibia,Year,2017-2021,true,,,,,,,,,,,,,1.18,,,,,,1.18,,IAEA 2017-21,EN,2023-06-18T21:00:00.000Z
DEVICES22,Total density per million population: Radiotherapy units,text,EMR,Eastern Mediterranean,Country,SAU,Saudi Arabia,Year,2017-2021,true,,,,,,,,,,,,,1.24,,,,,,1.24,,IAEA 2017-21,EN,2023-06-18T21:00:00.000Z
DEVICES22,Total density per million population: Radiotherapy units,text,WPR,Western Pacific,Country,CHN,China,Year,2017-2021,true,,,,,,,,,,,,,1.26,,,,,,1.26,,IAEA 2017-21,EN,2023-06-18T21:00:00.000Z
DEVICES22,Total density per million population: Radiotherapy units,text,AFR,Africa,Country,BWA,Botswana,Year,2017-2021,true,,,,,,,,,,,,,1.28,,,,,,1.28,,IAEA 2017-21,EN,2023-06-18T21:00:00.000Z
DEVICES22,Total density per million population: Radiotherapy units,text,AMR,Americas,Country,CRI,Costa Rica,Year,2017-2021,true,,,,,,,,,,,,,1.37,,,,,,1.37,,IAEA 2017-21,EN,2023-06-18T21:00:00.000Z
DEVICES22,Total density per million population: Radiotherapy units,text,EMR,Eastern Mediterranean,Country,QAT,Qatar,Year,2017-2021,true,,,,,,,,,,,,,1.39,,,,,,1.39,,IAEA 2017-21,EN,2023-06-18T21:00:00.000Z
DEVICES22,Total density per million population: Radiotherapy units,text,EMR,Eastern Mediterranean,Country,EGY,Egypt,Year,2017-2021,true,,,,,,,,,,,,,1.4,,,,,,1.40,,IAEA 2017-21,EN,2023-06-18T21:00:00.000Z
DEVICES22,Total density per million population: Radiotherapy units,text,EMR,Eastern Mediterranean,Country,KWT,Kuwait,Year,2017-2021,true,,,,,,,,,,,,,1.4,,,,,,1.40,,IAEA 2017-21,EN,2023-06-18T21:00:00.000Z
DEVICES22,Total density per million population: Radiotherapy units,text,EMR,Eastern Mediterranean,Country,MAR,Morocco,Year,2017-2021,true,,,,,,,,,,,,,1.41,,,,,,1.41,,IAEA 2017-21,EN,2023-06-18T21:00:00.000Z
DEVICES22,Total density per million population: Radiotherapy units,text,AMR,Americas,Country,PRY,Paraguay,Year,2017-2021,true,,,,,,,,,,,,,1.54,,,,,,1.54,,IAEA 2017-21,EN,2023-06-18T21:00:00.000Z
DEVICES22,Total density per million population: Radiotherapy units,text,AMR,Americas,Country,ECU,Ecuador,Year,2017-2021,true,,,,,,,,,,,,,1.59,,,,,,1.59,,IAEA 2017-21,EN,2023-06-18T21:00:00.000Z
DEVICES22,Total density per million population: Radiotherapy units,text,EMR,Eastern Mediterranean,Country,IRN,Iran (Islamic Republic of),Year,2017-2021,true,,,,,,,,,,,,,1.63,,,,,,1.63,,IAEA 2017-21,EN,2023-06-18T21:00:00.000Z
DEVICES22,Total density per million population: Radiotherapy units,text,EUR,Europe,Country,ARM,Armenia,Year,2017-2021,true,,,,,,,,,,,,,1.69,,,,,,1.69,,IAEA 2017-21,EN,2023-06-18T21:00:00.000Z
DEVICES22,Total density per million population: Radiotherapy units,text,AMR,Americas,Country,SLV,El Salvador,Year,2017-2021,true,,,,,,,,,,,,,1.7,,,,,,1.70,,IAEA 2017-21,EN,2023-06-18T21:00:00.000Z
DEVICES22,Total density per million population: Radiotherapy units,text,EUR,Europe,Country,TKM,Turkmenistan,Year,2017-2021,true,,,,,,,,,,,,,1.82,,,,,,1.82,,IAEA 2017-21,EN,2023-06-18T21:00:00.000Z
DEVICES22,Total density per million population: Radiotherapy units,text,WPR,Western Pacific,Country,MNG,Mongolia,Year,2017-2021,true,,,,,,,,,,,,,1.83,,,,,,1.83,,IAEA 2017-21,EN,2023-06-18T21:00:00.000Z
DEVICES22,Total density per million population: Radiotherapy units,text,AMR,Americas,Country,MEX,Mexico,Year,2017-2021,true,,,,,,,,,,,,,1.86,,,,,,1.86,,IAEA 2017-21,EN,2023-06-18T21:00:00.000Z
DEVICES22,Total density per million population: Radiotherapy units,text,EUR,Europe,Country,NLD,Netherlands (Kingdom of the),Year,2017-2021,true,,,,,,,,,,,,,10.04,,,,,,10.04,,IAEA 2017-21,EN,2023-06-18T21:00:00.000Z
DEVICES22,Total density per million population: Radiotherapy units,text,WPR,Western Pacific,Country,JPN,Japan,Year,2017-2021,true,,,,,,,,,,,,,10.1,,,,,,10.10,,IAEA 2017-21,EN,2023-06-18T21:00:00.000Z
DEVICES22,Total density per million population: Radiotherapy units,text,EUR,Europe,Country,NOR,Norway,Year,2017-2021,true,,,,,,,,,,,,,10.15,,,,,,10.15,,IAEA 2017-21,EN,2023-06-18T21:00:00.000Z
DEVICES22,Total density per million population: Radiotherapy units,text,AMR,Americas,Country,ATG,Antigua and Barbuda,Year,2017-2021,true,,,,,,,,,,,,,10.2,,,,,,10.20,,IAEA 2017-21,EN,2023-06-18T21:00:00.000Z
DEVICES22,Total density per million population: Radiotherapy units,text,EUR,Europe,Country,CZE,Czechia,Year,2017-2021,true,,,,,,,,,,,,,10.65,,,,,,10.65,,IAEA 2017-21,EN,2023-06-18T21:00:00.000Z
DEVICES22,Total density per million population: Radiotherapy units,text,EUR,Europe,Country,DEU,Germany,Year,2017-2021,true,,,,,,,,,,,,,10.68,,,,,,10.68,,IAEA 2017-21,EN,2023-06-18T21:00:00.000Z
DEVICES22,Total density per million population: Radiotherapy units,text,EUR,Europe,Country,BEL,Belgium,Year,2017-2021,true,,,,,,,,,,,,,10.79,,,,,,10.79,,IAEA 2017-21,EN,2023-06-18T21:00:00.000Z
DEVICES22,Total density per million population: Radiotherapy units,text,EUR,Europe,Country,IRL,Ireland,Year,2017-2021,true,,,,,,,,,,,,,11.14,,,,,,11.14,,IAEA 2017-21,EN,2023-06-18T21:00:00.000Z
DEVICES22,Total density per million population: Radiotherapy units,text,EUR,Europe,Country,DNK,Denmark,Year,2017-2021,true,,,,,,,,,,,,,12.26,,,,,,12.26,,IAEA 2017-21,EN,2023-06-18T21:00:00.000Z
DEVICES22,Total density per million population: Radiotherapy units,text,EUR,Europe,Country,CHE,Switzerland,Year,2017-2021,true,,,,,,,,,,,,,12.82,,,,,,12.82,,IAEA 2017-21,EN,2023-06-18T21:00:00.000Z
DEVICES22,Total density per million population: Radiotherapy units,text,EUR,Europe,Country,SWE,Sweden,Year,2017-2021,true,,,,,,,,,,,,,12.87,,,,,,12.87,,IAEA 2017-21,EN,2023-06-18T21:00:00.000Z
DEVICES22,Total density per million population: Radiotherapy units,text,AMR,Americas,Country,USA,United States of America,Year,2017-2021,true,,,,,,,,,,,,,13.16,,,,,,13.16,,IAEA 2017-21,EN,2023-06-18T21:00:00.000Z
DEVICES22,Total density per million population: Radiotherapy units,text,SEAR,South-East Asia,Country,THA,Thailand,Year,2017-2021,true,,,,,,,,,,,,,2.01,,,,,,2.01,,IAEA 2017-21,EN,2023-06-18T21:00:00.000Z
DEVICES22,Total density per million population: Radiotherapy units,text,EUR,Europe,Country,ALB,Albania,Year,2017-2021,true,,,,,,,,,,,,,2.08,,,,,,2.08,,IAEA 2017-21,EN,2023-06-18T21:00:00.000Z
DEVICES22,Total density per million population: Radiotherapy units,text,AMR,Americas,Country,VEN,Venezuela (Bolivarian Republic of),Year,2017-2021,true,,,,,,,,,,,,,2.15,,,,,,2.15,,IAEA 2017-21,EN,2023-06-18T21:00:00.000Z
DEVICES22,Total density per million population: Radiotherapy units,text,AMR,Americas,Country,PER,Peru,Year,2017-2021,true,,,,,,,,,,,,,2.21,,,,,,2.21,,IAEA 2017-21,EN,2023-06-18T21:00:00.000Z
DEVICES22,Total density per million population: Radiotherapy units,text,WPR,Western Pacific,Country,MYS,Malaysia,Year,2017-2021,true,,,,,,,,,,,,,2.26,,,,,,2.26,,IAEA 2017-21,EN,2023-06-18T21:00:00.000Z
DEVICES22,Total density per million population: Radiotherapy units,text,AFR,Africa,Country,ZAF,South Africa,Year,2017-2021,true,,,,,,,,,,,,,2.28,,,,,,2.28,,IAEA 2017-21,EN,2023-06-18T21:00:00.000Z
DEVICES22,Total density per million population: Radiotherapy units,text,AMR,Americas,Country,PAN,Panama,Year,2017-2021,true,,,,,,,,,,,,,2.32,,,,,,2.32,,IAEA 2017-21,EN,2023-06-18T21:00:00.000Z
DEVICES22,Total density per million population: Radiotherapy units,text,AMR,Americas,Country,JAM,Jamaica,Year,2017-2021,true,,,,,,,,,,,,,2.36,,,,,,2.36,,IAEA 2017-21,EN,2023-06-18T21:00:00.000Z
DEVICES22,Total density per million population: Radiotherapy units,text,AMR,Americas,Country,COL,Colombia,Year,2017-2021,true,,,,,,,,,,,,,2.38,,,,,,2.38,,IAEA 2017-21,EN,2023-06-18T21:00:00.000Z
DEVICES22,Total density per million population: Radiotherapy units,text,EUR,Europe,Country,MKD,North Macedonia,Year,2017-2021,true,,,,,,,,,,,,,2.4,,,,,,2.40,,IAEA 2017-21,EN,2023-06-18T21:00:00.000Z
DEVICES22,Total density per million population: Radiotherapy units,text,EMR,Eastern Mediterranean,Country,TUN,Tunisia,Year,2017-2021,true,,,,,,,,,,,,,2.45,,,,,,2.45,,IAEA 2017-21,EN,2023-06-18T21:00:00.000Z
DEVICES22,Total density per million population: Radiotherapy units,text,AMR,Americas,Country,DOM,Dominican Republic,Year,2017-2021,true,,,,,,,,,,,,,2.49,,,,,,2.49,,IAEA 2017-21,EN,2023-06-18T21:00:00.000Z
DEVICES22,Total density per million population: Radiotherapy units,text,AMR,Americas,Country,GUY,Guyana,Year,2017-2021,true,,,,,,,,,,,,,2.54,,,,,,2.54,,IAEA 2017-21,EN,2023-06-18T21:00:00.000Z
DEVICES22,Total density per million population: Radiotherapy units,text,AMR,Americas,Country,BRA,Brazil,Year,2017-2021,true,,,,,,,,,,,,,2.55,,,,,,2.55,,IAEA 2017-21,EN,2023-06-18T21:00:00.000Z
DEVICES22,Total density per million population: Radiotherapy units,text,AMR,Americas,Country,CUB,Cuba,Year,2017-2021,true,,,,,,,,,,,,,2.91,,,,,,2.91,,IAEA 2017-21,EN,2023-06-18T21:00:00.000Z
DEVICES22,Total density per million population: Radiotherapy units,text,AMR,Americas,Country,CHL,Chile,Year,2017-2021,true,,,,,,,,,,,,,2.93,,,,,,2.93,,IAEA 2017-21,EN,2023-06-18T21:00:00.000Z
DEVICES22,Total density per million population: Radiotherapy units,text,AFR,Africa,Country,MUS,Mauritius,Year,2017-2021,true,,,,,,,,,,,,,3.14,,,,,,3.14,,IAEA 2017-21,EN,2023-06-18T21:00:00.000Z
DEVICES22,Total density per million population: Radiotherapy units,text,EMR,Eastern Mediterranean,Country,LBN,Lebanon,Year,2017-2021,true,,,,,,,,,,,,,3.52,,,,,,3.52,,IAEA 2017-21,EN,2023-06-18T21:00:00.000Z
DEVICES22,Total density per million population: Radiotherapy units,text,EUR,Europe,Country,TUR,Türkiye,Year,2017-2021,true,,,,,,,,,,,,,3.56,,,,,,3.56,,IAEA 2017-21,EN,2023-06-18T21:00:00.000Z
DEVICES22,Total density per million population: Radiotherapy units,text,EUR,Europe,Country,ROU,Romania,Year,2017-2021,true,,,,,,,,,,,,,3.59,,,,,,3.59,,IAEA 2017-21,EN,2023-06-18T21:00:00.000Z
DEVICES22,Total density per million population: Radiotherapy units,text,AMR,Americas,Country,ARG,Argentina,Year,2017-2021,true,,,,,,,,,,,,,3.96,,,,,,3.96,,IAEA 2017-21,EN,2023-06-18T21:00:00.000Z
DEVICES22,Total density per million population: Radiotherapy units,text,EUR,Europe,Country,BIH,Bosnia and Herzegovina,Year,2017-2021,true,,,,,,,,,,,,,3.96,,,,,,3.96,,IAEA 2017-21,EN,2023-06-18T21:00:00.000Z
DEVICES22,Total density per million population: Radiotherapy units,text,EUR,Europe,Country,SRB,Serbia,Year,2017-2021,true,,,,,,,,,,,,,4.12,,,,,,4.12,,IAEA 2017-21,EN,2023-06-18T21:00:00.000Z
DEVICES22,Total density per million population: Radiotherapy units,text,WPR,Western Pacific,Country,KOR,Republic of Korea,Year,2017-2021,true,,,,,,,,,,,,,4.25,,,,,,4.25,,IAEA 2017-21,EN,2023-06-18T21:00:00.000Z
DEVICES22,Total density per million population: Radiotherapy units,text,EUR,Europe,Country,KAZ,Kazakhstan,Year,2017-2021,true,,,,,,,,,,,,,4.42,,,,,,4.42,,IAEA 2017-21,EN,2023-06-18T21:00:00.000Z
DEVICES22,Total density per million population: Radiotherapy units,text,EUR,Europe,Country,UKR,Ukraine,Year,2017-2021,true,,,,,,,,,,,,,4.53,,,,,,4.53,,IAEA 2017-21,EN,2023-06-18T21:00:00.000Z
DEVICES22,Total density per million population: Radiotherapy units,text,WPR,Western Pacific,Country,BRN,Brunei Darussalam,Year,2017-2021,true,,,,,,,,,,,,,4.58,,,,,,4.58,,IAEA 2017-21,EN,2023-06-18T21:00:00.000Z
DEVICES22,Total density per million population: Radiotherapy units,text,EUR,Europe,Country,POL,Poland,Year,2017-2021,true,,,,,,,,,,,,,4.62,,,,,,4.62,,IAEA 2017-21,EN,2023-06-18T21:00:00.000Z
DEVICES22,Total density per million population: Radiotherapy units,text,EUR,Europe,Country,RUS,Russian Federation,Year,2017-2021,true,,,,,,,,,,,,,4.76,,,,,,4.76,,IAEA 2017-21,EN,2023-06-18T21:00:00.000Z
DEVICES22,Total density per million population: Radiotherapy units,text,EUR,Europe,Country,ISR,Israel,Year,2017-2021,true,,,,,,,,,,,,,5.08,,,,,,5.08,,IAEA 2017-21,EN,2023-06-18T21:00:00.000Z
DEVICES22,Total density per million population: Radiotherapy units,text,AMR,Americas,Country,BHS,Bahamas,Year,2017-2021,true,,,,,,,,,,,,,5.09,,,,,,5.09,,IAEA 2017-21,EN,2023-06-18T21:00:00.000Z
DEVICES22,Total density per million population: Radiotherapy units,text,AMR,Americas,Country,SUR,Suriname,Year,2017-2021,true,,,,,,,,,,,,,5.11,,,,,,5.11,,IAEA 2017-21,EN,2023-06-18T21:00:00.000Z
DEVICES22,Total density per million population: Radiotherapy units,text,WPR,Western Pacific,Country,SGP,Singapore,Year,2017-2021,true,,,,,,,,,,,,,5.13,,,,,,5.13,,IAEA 2017-21,EN,2023-06-18T21:00:00.000Z
DEVICES22,Total density per million population: Radiotherapy units,text,EUR,Europe,Country,GEO,Georgia,Year,2017-2021,true,,,,,,,,,,,,,5.26,,,,,,5.26,,IAEA 2017-21,EN,2023-06-18T21:00:00.000Z
DEVICES22,Total density per million population: Radiotherapy units,text,EUR,Europe,Country,HRV,Croatia,Year,2017-2021,true,,,,,,,,,,,,,5.85,,,,,,5.85,,IAEA 2017-21,EN,2023-06-18T21:00:00.000Z
DEVICES22,Total density per million population: Radiotherapy units,text,EUR,Europe,Country,MCO,Monaco,Year,2017-2021,true,,,,,,,,,,,,,51.28,,,,,,51.28,,IAEA 2017-21,EN,2023-06-18T21:00:00.000Z
DEVICES22,Total density per million population: Radiotherapy units,text,EUR,Europe,Country,HUN,Hungary,Year,2017-2021,true,,,,,,,,,,,,,6.11,,,,,,6.11,,IAEA 2017-21,EN,2023-06-18T21:00:00.000Z
DEVICES22,Total density per million population: Radiotherapy units,text,EUR,Europe,Country,LVA,Latvia,Year,2017-2021,true,,,,,,,,,,,,,6.36,,,,,,6.36,,IAEA 2017-21,EN,2023-06-18T21:00:00.000Z
DEVICES22,Total density per million population: Radiotherapy units,text,EUR,Europe,Country,MNE,Montenegro,Year,2017-2021,true,,,,,,,,,,,,,6.37,,,,,,6.37,,IAEA 2017-21,EN,2023-06-18T21:00:00.000Z
DEVICES22,Total density per million population: Radiotherapy units,text,EUR,Europe,Country,BLR,Belarus,Year,2017-2021,true,,,,,,,,,,,,,6.46,,,,,,6.46,,IAEA 2017-21,EN,2023-06-18T21:00:00.000Z
DEVICES22,Total density per million population: Radiotherapy units,text,EUR,Europe,Country,GRC,Greece,Year,2017-2021,true,,,,,,,,,,,,,6.62,,,,,,6.62,,IAEA 2017-21,EN,2023-06-18T21:00:00.000Z
DEVICES22,Total density per million population: Radiotherapy units,text,EUR,Europe,Country,EST,Estonia,Year,2017-2021,true,,,,,,,,,,,,,6.78,,,,,,6.78,,IAEA 2017-21,EN,2023-06-18T21:00:00.000Z
DEVICES22,Total density per million population: Radiotherapy units,text,EUR,Europe,Country,SVK,Slovakia,Year,2017-2021,true,,,,,,,,,,,,,6.78,,,,,,6.78,,IAEA 2017-21,EN,2023-06-18T21:00:00.000Z
DEVICES22,Total density per million population: Radiotherapy units,text,EUR,Europe,Country,GBR,United Kingdom of Great Britain and Northern Ireland,Year,2017-2021,true,,,,,,,,,,,,,6.85,,,,,,6.85,,IAEA 2017-21,EN,2023-06-18T21:00:00.000Z
DEVICES22,Total density per million population: Radiotherapy units,text,AMR,Americas,Country,URY,Uruguay,Year,2017-2021,true,,,,,,,,,,,,,6.91,,,,,,6.91,,IAEA 2017-21,EN,2023-06-18T21:00:00.000Z
DEVICES22,Total density per million population: Radiotherapy units,text,AMR,Americas,Country,BRB,Barbados,Year,2017-2021,true,,,,,,,,,,,,,6.97,,,,,,6.97,,IAEA 2017-21,EN,2023-06-18T21:00:00.000Z
DEVICES22,Total density per million population: Radiotherapy units,text,EUR,Europe,Country,PRT,Portugal,Year,2017-2021,true,,,,,,,,,,,,,7.16,,,,,,7.16,,IAEA 2017-21,EN,2023-06-18T21:00:00.000Z
DEVICES22,Total density per million population: Radiotherapy units,text,WPR,Western Pacific,Country,NZL,New Zealand,Year,2017-2021,true,,,,,,,,,,,,,7.47,,,,,,7.47,,IAEA 2017-21,EN,2023-06-18T21:00:00.000Z
DEVICES22,Total density per million population: Radiotherapy units,text,EUR,Europe,Country,BGR,Bulgaria,Year,2017-2021,true,,,,,,,,,,,,,7.77,,,,,,7.77,,IAEA 2017-21,EN,2023-06-18T21:00:00.000Z
DEVICES22,Total density per million population: Radiotherapy units,text,AMR,Americas,Country,TTO,Trinidad and Tobago,Year,2017-2021,true,,,,,,,,,,,,,7.86,,,,,,7.86,,IAEA 2017-21,EN,2023-06-18T21:00:00.000Z
DEVICES22,Total density per million population: Radiotherapy units,text,EUR,Europe,Country,SVN,Slovenia,Year,2017-2021,true,,,,,,,,,,,,,8.18,,,,,,8.18,,IAEA 2017-21,EN,2023-06-18T21:00:00.000Z
DEVICES22,Total density per million population: Radiotherapy units,text,EUR,Europe,Country,ITA,Italy,Year,2017-2021,true,,,,,,,,,,,,,8.27,,,,,,8.27,,IAEA 2017-21,EN,2023-06-18T21:00:00.000Z
DEVICES22,Total density per million population: Radiotherapy units,text,EUR,Europe,Country,CYP,Cyprus,Year,2017-2021,true,,,,,,,,,,,,,8.29,,,,,,8.29,,IAEA 2017-21,EN,2023-06-18T21:00:00.000Z
DEVICES22,Total density per million population: Radiotherapy units,text,EUR,Europe,Country,AUT,Austria,Year,2017-2021,true,,,,,,,,,,,,,8.44,,,,,,8.44,,IAEA 2017-21,EN,2023-06-18T21:00:00.000Z
DEVICES22,Total density per million population: Radiotherapy units,text,EUR,Europe,Country,ISL,Iceland,Year,2017-2021,true,,,,,,,,,,,,,8.8,,,,,,8.80,,IAEA 2017-21,EN,2023-06-18T21:00:00.000Z
DEVICES22,Total density per million population: Radiotherapy units,text,EUR,Europe,Country,MLT,Malta,Year,2017-2021,true,,,,,,,,,,,,,9.05,,,,,,9.05,,IAEA 2017-21,EN,2023-06-18T21:00:00.000Z
DEVICES22,Total density per million population: Radiotherapy units,text,EUR,Europe,Country,FRA,France,Year,2017-2021,true,,,,,,,,,,,,,9.18,,,,,,9.18,,IAEA 2017-21,EN,2023-06-18T21:00:00.000Z
DEVICES22,Total density per million population: Radiotherapy units,text,EUR,Europe,Country,ESP,Spain,Year,2017-2021,true,,,,,,,,,,,,,9.28,,,,,,9.28,,IAEA 2017-21,EN,2023-06-18T21:00:00.000Z
DEVICES22,Total density per million population: Radiotherapy units,text,WPR,Western Pacific,Country,AUS,Australia,Year,2017-2021,true,,,,,,,,,,,,,9.29,,,,,,9.29,,IAEA 2017-21,EN,2023-06-18T21:00:00.000Z
DEVICES22,Total density per million population: Radiotherapy units,text,AMR,Americas,Country,CAN,Canada,Year,2017-2021,true,,,,,,,,,,,,,9.3,,,,,,9.30,,IAEA 2017-21,EN,2023-06-18T21:00:00.000Z
DEVICES22,Total density per million population: Radiotherapy units,text,AFR,Africa,Country,DZA,Algeria,Year,2014,false,,,,,,,,,,,,,0.43,,,,,,0.43,,"Data from DIRA IAEA radiotherapy database, accessed on February 2014",EN,2016-01-27T22:00:00.000Z
DEVICES22,Total density per million population: Radiotherapy units,text,EUR,Europe,Country,MKD,North Macedonia,Year,2014,false,,,,,,,,,,,,,0.95,,,,,,0.95,,Only public sector data,EN,2016-01-27T22:00:00.000Z
DEVICES22,Total density per million population: Radiotherapy units,text,EUR,Europe,Country,SWE,Sweden,Year,2014,false,,,,,,,,,,,,,6.9,,,,,,6.90,,"Data from DIRA IAEA radiotherapy database, accessed on February 2014",EN,2016-01-27T22:00:00.000Z
DEVICES22,Total density per million population: Radiotherapy units,text,EMR,Eastern Mediterranean,Country,AFG,Afghanistan,Year,2013,true,,,,,,,,,,,,,0,,,,,,0,,,EN,2014-03-04T22:00:00.000Z
DEVICES22,Total density per million population: Radiotherapy units,text,AMR,Americas,Country,BLZ,Belize,Year,2013,true,,,,,,,,,,,,,0,,,,,,0,,,EN,2014-03-04T22:00:00.000Z
DEVICES22,Total density per million population: Radiotherapy units,text,AFR,Africa,Country,BEN,Benin,Year,2013,true,,,,,,,,,,,,,0,,,,,,0,,,EN,2014-03-04T22:00:00.000Z
DEVICES22,Total density per million population: Radiotherapy units,text,SEAR,South-East Asia,Country,BTN,Bhutan,Year,2013,true,,,,,,,,,,,,,0,,,,,,0,,,EN,2014-03-04T22:00:00.000Z
DEVICES22,Total density per million population: Radiotherapy units,text,AFR,Africa,Country,BWA,Botswana,Year,2013,false,,,,,,,,,,,,,0,,,,,,0,,Only public sector data,EN,2014-03-04T22:00:00.000Z
DEVICES22,Total density per million population: Radiotherapy units,text,AFR,Africa,Country,BFA,Burkina Faso,Year,2013,false,,,,,,,,,,,,,0,,,,,,0,,,EN,2014-03-04T22:00:00.000Z
DEVICES22,Total density per million population: Radiotherapy units,text,AFR,Africa,Country,BDI,Burundi,Year,2013,true,,,,,,,,,,,,,0,,,,,,0,,,EN,2014-03-04T22:00:00.000Z
DEVICES22,Total density per million population: Radiotherapy units,text,AFR,Africa,Country,CIV,Cote d'Ivoire,Year,2013,false,,,,,,,,,,,,,0,,,,,,0,,,EN,2014-03-04T22:00:00.000Z
DEVICES22,Total density per million population: Radiotherapy units,text,AFR,Africa,Country,CPV,Cabo Verde,Year,2013,true,,,,,,,,,,,,,0,,,,,,0,,,EN,2014-03-04T22:00:00.000Z
DEVICES22,Total density per million population: Radiotherapy units,text,AFR,Africa,Country,CAF,Central African Republic,Year,2013,true,,,,,,,,,,,,,0,,,,,,0,,,EN,2014-03-04T22:00:00.000Z
DEVICES22,Total density per million population: Radiotherapy units,text,AFR,Africa,Country,COM,Comoros,Year,2013,false,,,,,,,,,,,,,0,,,,,,0,,,EN,2014-03-04T22:00:00.000Z
DEVICES22,Total density per million population: Radiotherapy units,text,AMR,Americas,Country,DMA,Dominica,Year,2013,true,,,,,,,,,,,,,0,,,,,,0,,,EN,2014-03-04T22:00:00.000Z
DEVICES22,Total density per million population: Radiotherapy units,text,AFR,Africa,Country,ERI,Eritrea,Year,2013,true,,,,,,,,,,,,,0,,,,,,0,,,EN,2014-03-04T22:00:00.000Z
DEVICES22,Total density per million population: Radiotherapy units,text,AFR,Africa,Country,SWZ,Eswatini,Year,2013,true,,,,,,,,,,,,,0,,,,,,0,,,EN,2014-03-04T22:00:00.000Z
DEVICES22,Total density per million population: Radiotherapy units,text,WPR,Western Pacific,Country,FJI,Fiji,Year,2013,true,,,,,,,,,,,,,0,,,,,,0,,,EN,2014-03-04T22:00:00.000Z
DEVICES22,Total density per million population: Radiotherapy units,text,AFR,Africa,Country,GMB,Gambia,Year,2013,true,,,,,,,,,,,,,0,,,,,,0,,Only private sector data,EN,2014-03-04T22:00:00.000Z
DEVICES22,Total density per million population: Radiotherapy units,text,AMR,Americas,Country,GRD,Grenada,Year,2013,true,,,,,,,,,,,,,0,,,,,,0,,,EN,2014-03-04T22:00:00.000Z
DEVICES22,Total density per million population: Radiotherapy units,text,AFR,Africa,Country,GIN,Guinea,Year,2013,true,,,,,,,,,,,,,0,,,,,,0,,Only public sector data,EN,2014-03-04T22:00:00.000Z
DEVICES22,Total density per million population: Radiotherapy units,text,AFR,Africa,Country,GNB,Guinea-Bissau,Year,2013,true,,,,,,,,,,,,,0,,,,,,0,,,EN,2014-03-04T22:00:00.000Z
DEVICES22,Total density per million population: Radiotherapy units,text,WPR,Western Pacific,Country,KIR,Kiribati,Year,2013,true,,,,,,,,,,,,,0,,,,,,0,,,EN,2014-03-04T22:00:00.000Z
DEVICES22,Total density per million population: Radiotherapy units,text,WPR,Western Pacific,Country,LAO,Lao People's Democratic Republic,Year,2013,false,,,,,,,,,,,,,0,,,,,,0,,,EN,2014-03-04T22:00:00.000Z
DEVICES22,Total density per million population: Radiotherapy units,text,AFR,Africa,Country,MWI,Malawi,Year,2013,true,,,,,,,,,,,,,0,,,,,,0,,,EN,2014-03-04T22:00:00.000Z
DEVICES22,Total density per million population: Radiotherapy units,text,SEAR,South-East Asia,Country,MDV,Maldives,Year,2013,true,,,,,,,,,,,,,0,,,,,,0,,,EN,2014-03-04T22:00:00.000Z
DEVICES22,Total density per million population: Radiotherapy units,text,WPR,Western Pacific,Country,MHL,Marshall Islands,Year,2013,true,,,,,,,,,,,,,0,,,,,,0,,,EN,2014-03-04T22:00:00.000Z
DEVICES22,Total density per million population: Radiotherapy units,text,WPR,Western Pacific,Country,FSM,Micronesia (Federated States of),Year,2013,false,,,,,,,,,,,,,0,,,,,,0,,,EN,2014-03-04T22:00:00.000Z
DEVICES22,Total density per million population: Radiotherapy units,text,AFR,Africa,Country,NER,Niger,Year,2013,true,,,,,,,,,,,,,0,,,,,,0,,,EN,2014-03-04T22:00:00.000Z
DEVICES22,Total density per million population: Radiotherapy units,text,AMR,Americas,Country,KNA,Saint Kitts and Nevis,Year,2013,true,,,,,,,,,,,,,0,,,,,,0,,,EN,2014-03-04T22:00:00.000Z
DEVICES22,Total density per million population: Radiotherapy units,text,AMR,Americas,Country,LCA,Saint Lucia,Year,2013,true,,,,,,,,,,,,,0,,,,,,0,,,EN,2014-03-04T22:00:00.000Z
DEVICES22,Total density per million population: Radiotherapy units,text,AMR,Americas,Country,VCT,Saint Vincent and the Grenadines,Year,2013,true,,,,,,,,,,,,,0,,,,,,0,,,EN,2014-03-04T22:00:00.000Z
DEVICES22,Total density per million population: Radiotherapy units,text,WPR,Western Pacific,Country,WSM,Samoa,Year,2013,true,,,,,,,,,,,,,0,,,,,,0,,,EN,2014-03-04T22:00:00.000Z
DEVICES22,Total density per million population: Radiotherapy units,text,EUR,Europe,Country,SMR,San Marino,Year,2013,true,,,,,,,,,,,,,0,,,,,,0,,,EN,2014-03-04T22:00:00.000Z
DEVICES22,Total density per million population: Radiotherapy units,text,WPR,Western Pacific,Country,TON,Tonga,Year,2013,true,,,,,,,,,,,,,0,,,,,,0,,,EN,2014-03-04T22:00:00.000Z
DEVICES22,Total density per million population: Radiotherapy units,text,WPR,Western Pacific,Country,VUT,Vanuatu,Year,2013,true,,,,,,,,,,,,,0,,,,,,0,,,EN,2014-03-04T22:00:00.000Z
DEVICES22,Total density per million population: Radiotherapy units,text,AFR,Africa,Country,COD,Democratic Republic of the Congo,Year,2013,true,,,,,,,,,,,,,0.015,,,,,,0.01,,,EN,2014-03-04T22:00:00.000Z
DEVICES22,Total density per million population: Radiotherapy units,text,AFR,Africa,Country,ETH,Ethiopia,Year,2013,false,,,,,,,,,,,,,0.021,,,,,,0.02,,,EN,2014-03-04T22:00:00.000Z
DEVICES22,Total density per million population: Radiotherapy units,text,AFR,Africa,Country,KEN,Kenya,Year,2013,false,,,,,,,,,,,,,0.023,,,,,,0.02,,,EN,2014-03-04T22:00:00.000Z
DEVICES22,Total density per million population: Radiotherapy units,text,AFR,Africa,Country,MDG,Madagascar,Year,2013,false,,,,,,,,,,,,,0.044,,,,,,0.04,,,EN,2014-03-04T22:00:00.000Z
DEVICES22,Total density per million population: Radiotherapy units,text,AFR,Africa,Country,AGO,Angola,Year,2013,false,,,,,,,,,,,,,0.047,,,,,,0.05,,Only public sector data,EN,2014-03-04T22:00:00.000Z
DEVICES22,Total density per million population: Radiotherapy units,text,AFR,Africa,Country,UGA,Uganda,Year,2013,false,,,,,,,,,,,,,0.053,,,,,,0.05,,,EN,2014-03-04T22:00:00.000Z
DEVICES22,Total density per million population: Radiotherapy units,text,SEAR,South-East Asia,Country,MMR,Myanmar,Year,2013,false,,,,,,,,,,,,,0.056,,,,,,0.06,,Only public sector data,EN,2014-03-04T22:00:00.000Z
DEVICES22,Total density per million population: Radiotherapy units,text,AFR,Africa,Country,TZA,United Republic of Tanzania,Year,2013,false,,,,,,,,,,,,,0.061,,,,,,0.06,,Only public sector data,EN,2014-03-04T22:00:00.000Z
DEVICES22,Total density per million population: Radiotherapy units,text,WPR,Western Pacific,Country,KHM,Cambodia,Year,2013,false,,,,,,,,,,,,,0.066,,,,,,0.07,,,EN,2014-03-04T22:00:00.000Z
DEVICES22,Total density per million population: Radiotherapy units,text,AFR,Africa,Country,MLI,Mali,Year,2013,false,,,,,,,,,,,,,0.065,,,,,,0.07,,,EN,2014-03-04T22:00:00.000Z
DEVICES22,Total density per million population: Radiotherapy units,text,AFR,Africa,Country,NGA,Nigeria,Year,2013,false,,,,,,,,,,,,,0.075,,,,,,0.07,,"Data from <a href=""http://www-naweb.iaea.org/nahu/dirac/query3.asp"" target=""_blank"">DIRA IAEA radiotherapy database</a>, accessed on February 2014",EN,2014-03-04T22:00:00.000Z
DEVICES22,Total density per million population: Radiotherapy units,text,AFR,Africa,Country,SEN,Senegal,Year,2013,false,,,,,,,,,,,,,0.071,,,,,,0.07,,Only public sector data,EN,2014-03-04T22:00:00.000Z
DEVICES22,Total density per million population: Radiotherapy units,text,AFR,Africa,Country,GHA,Ghana,Year,2013,false,,,,,,,,,,,,,0.077,,,,,,0.08,,Only public sector data,EN,2014-03-04T22:00:00.000Z
DEVICES22,Total density per million population: Radiotherapy units,text,EMR,Eastern Mediterranean,Country,PAK,Pakistan,Year,2013,false,,,,,,,,,,,,,0.082,,,,,,0.08,,,EN,2014-03-04T22:00:00.000Z
DEVICES22,Total density per million population: Radiotherapy units,text,EMR,Eastern Mediterranean,Country,SAU,Saudi Arabia,Year,2013,false,,,,,,,,,,,,,0.1,,,,,,0.1,,Only public sector data,EN,2014-03-04T22:00:00.000Z
DEVICES22,Total density per million population: Radiotherapy units,text,SEAR,South-East Asia,Country,BGD,Bangladesh,Year,2013,false,,,,,,,,,,,,,0.12,,,,,,0.12,,"Data from <a href=""http://www-naweb.iaea.org/nahu/dirac/query3.asp"" target=""_blank"">DIRA IAEA radiotherapy database</a>, accessed on February 2014",EN,2014-03-04T22:00:00.000Z
DEVICES22,Total density per million population: Radiotherapy units,text,EUR,Europe,Country,TJK,Tajikistan,Year,2013,false,,,,,,,,,,,,,0.12,,,,,,0.12,,Only public sector data,EN,2014-03-04T22:00:00.000Z
DEVICES22,Total density per million population: Radiotherapy units,text,EMR,Eastern Mediterranean,Country,YEM,Yemen,Year,2013,false,,,,,,,,,,,,,0.12,,,,,,0.12,,,EN,2014-03-04T22:00:00.000Z
DEVICES22,Total density per million population: Radiotherapy units,text,AFR,Africa,Country,CMR,Cameroon,Year,2013,false,,,,,,,,,,,,,0.13,,,,,,0.13,,,EN,2014-03-04T22:00:00.000Z
DEVICES22,Total density per million population: Radiotherapy units,text,AMR,Americas,Country,ECU,Ecuador,Year,2013,false,,,,,,,,,,,,,0.13,,,,,,0.13,,Only public sector data,EN,2014-03-04T22:00:00.000Z
DEVICES22,Total density per million population: Radiotherapy units,text,WPR,Western Pacific,Country,PNG,Papua New Guinea,Year,2013,true,,,,,,,,,,,,,0.14,,,,,,0.14,,,EN,2014-03-04T22:00:00.000Z
DEVICES22,Total density per million population: Radiotherapy units,text,AFR,Africa,Country,ZMB,Zambia,Year,2013,false,,,,,,,,,,,,,0.14,,,,,,0.14,,,EN,2014-03-04T22:00:00.000Z
DEVICES22,Total density per million population: Radiotherapy units,text,WPR,Western Pacific,Country,IDN,Indonesia,Year,2013,false,,,,,,,,,,,,,0.15,,,,,,0.15,,"Data from <a href=""http://www-naweb.iaea.org/nahu/dirac/query3.asp"" target=""_blank"">DIRA IAEA radiotherapy database</a>, accessed on February 2014",EN,2014-03-04T22:00:00.000Z
DEVICES22,Total density per million population: Radiotherapy units,text,SEAR,South-East Asia,Country,PRK,Democratic People's Republic of Korea,Year,2013,true,,,,,,,,,,,,,0.16,,,,,,0.16,,"Data from <a href=""http://www-naweb.iaea.org/nahu/dirac/query3.asp"" target=""_blank"">DIRA IAEA radiotherapy database</a>, accessed on February 2014",EN,2014-03-04T22:00:00.000Z
DEVICES22,Total density per million population: Radiotherapy units,text,EMR,Eastern Mediterranean,Country,IRQ,Iraq,Year,2013,false,,,,,,,,,,,,,0.18,,,,,,0.18,,Only public sector data,EN,2014-03-04T22:00:00.000Z
DEVICES22,Total density per million population: Radiotherapy units,text,WPR,Western Pacific,Country,PHL,Philippines,Year,2013,false,,,,,,,,,,,,,0.18,,,,,,0.18,,,EN,2014-03-04T22:00:00.000Z
DEVICES22,Total density per million population: Radiotherapy units,text,EMR,Eastern Mediterranean,Country,SDN,Sudan,Year,2013,false,,,,,,,,,,,,,0.18,,,,,,0.18,,,EN,2014-03-04T22:00:00.000Z
DEVICES22,Total density per million population: Radiotherapy units,text,SEAR,South-East Asia,Country,NPL,Nepal,Year,2013,false,,,,,,,,,,,,,0.22,,,,,,0.22,,"Data from <a href=""http://www-naweb.iaea.org/nahu/dirac/query3.asp"" target=""_blank"">DIRA IAEA radiotherapy database</a>, accessed on February 2014",EN,2014-03-04T22:00:00.000Z
DEVICES22,Total density per million population: Radiotherapy units,text,AFR,Africa,Country,MRT,Mauritania,Year,2013,false,,,,,,,,,,,,,0.26,,,,,,0.26,,"Data from <a href=""http://www-naweb.iaea.org/nahu/dirac/query3.asp"" target=""_blank"">DIRA IAEA radiotherapy database</a>, accessed on February 2014",EN,2014-03-04T22:00:00.000Z
DEVICES22,Total density per million population: Radiotherapy units,text,EUR,Europe,Country,ALB,Albania,Year,2013,false,,,,,,,,,,,,,0.32,,,,,,0.32,,,EN,2014-03-04T22:00:00.000Z
DEVICES22,Total density per million population: Radiotherapy units,text,EMR,Eastern Mediterranean,Country,SYR,Syrian Arab Republic,Year,2013,false,,,,,,,,,,,,,0.32,,,,,,0.32,,"Data from <a href=""http://www-naweb.iaea.org/nahu/dirac/query3.asp"" target=""_blank"">DIRA IAEA radiotherapy database</a>, accessed on February 2014",EN,2014-03-04T22:00:00.000Z
DEVICES22,Total density per million population: Radiotherapy units,text,AMR,Americas,Country,NIC,Nicaragua,Year,2013,false,,,,,,,,,,,,,0.33,,,,,,0.33,,Only public sector data,EN,2014-03-04T22:00:00.000Z
DEVICES22,Total density per million population: Radiotherapy units,text,EMR,Eastern Mediterranean,Country,MAR,Morocco,Year,2013,false,,,,,,,,,,,,,0.39,,,,,,0.39,,Only public sector data,EN,2014-03-04T22:00:00.000Z
DEVICES22,Total density per million population: Radiotherapy units,text,WPR,Western Pacific,Country,VNM,Viet Nam,Year,2013,false,,,,,,,,,,,,,0.4,,,,,,0.4,,"Data from <a href=""http://www-naweb.iaea.org/nahu/dirac/query3.asp"" target=""_blank"">DIRA IAEA radiotherapy database</a>, accessed on February 2014",EN,2014-03-04T22:00:00.000Z
DEVICES22,Total density per million population: Radiotherapy units,text,SEAR,South-East Asia,Country,IND,India,Year,2013,false,,,,,,,,,,,,,0.41,,,,,,0.41,,"Data from <a href=""http://www-naweb.iaea.org/nahu/dirac/query3.asp"" target=""_blank"">DIRA IAEA radiotherapy database</a>, accessed on February 2014",EN,2014-03-04T22:00:00.000Z
DEVICES22,Total density per million population: Radiotherapy units,text,AFR,Africa,Country,ZWE,Zimbabwe,Year,2013,false,,,,,,,,,,,,,0.42,,,,,,0.42,,,EN,2014-03-04T22:00:00.000Z
DEVICES22,Total density per million population: Radiotherapy units,text,AFR,Africa,Country,NAM,Namibia,Year,2013,false,,,,,,,,,,,,,0.43,,,,,,0.43,,,EN,2014-03-04T22:00:00.000Z
DEVICES22,Total density per million population: Radiotherapy units,text,EUR,Europe,Country,KGZ,Kyrgyzstan,Year,2013,false,,,,,,,,,,,,,0.54,,,,,,0.54,,"Data from <a href=""http://www-naweb.iaea.org/nahu/dirac/query3.asp"" target=""_blank"">DIRA IAEA radiotherapy database</a>, accessed on February 2014",EN,2014-03-04T22:00:00.000Z
DEVICES22,Total density per million population: Radiotherapy units,text,AMR,Americas,Country,MEX,Mexico,Year,2013,false,,,,,,,,,,,,,0.54,,,,,,0.54,,,EN,2014-03-04T22:00:00.000Z
DEVICES22,Total density per million population: Radiotherapy units,text,EMR,Eastern Mediterranean,Country,OMN,Oman,Year,2013,false,,,,,,,,,,,,,0.55,,,,,,0.55,,,EN,2014-03-04T22:00:00.000Z
DEVICES22,Total density per million population: Radiotherapy units,text,AMR,Americas,Country,BOL,Bolivia (Plurinational State of),Year,2013,false,,,,,,,,,,,,,0.56,,,,,,0.56,,"Data from <a href=""http://www-naweb.iaea.org/nahu/dirac/query3.asp"" target=""_blank"">DIRA IAEA radiotherapy database</a>, accessed on February 2014",EN,2014-03-04T22:00:00.000Z
DEVICES22,Total density per million population: Radiotherapy units,text,SEAR,South-East Asia,Country,LKA,Sri Lanka,Year,2013,false,,,,,,,,,,,,,0.56,,,,,,0.56,,Both public sector data and private sector data,EN,2015-03-30T21:00:00.000Z
DEVICES22,Total density per million population: Radiotherapy units,text,EUR,Europe,Country,MDA,Republic of Moldova,Year,2013,false,,,,,,,,,,,,,0.57,,,,,,0.57,,,EN,2014-03-04T22:00:00.000Z
DEVICES22,Total density per million population: Radiotherapy units,text,AFR,Africa,Country,ZAF,South Africa,Year,2013,false,,,,,,,,,,,,,0.57,,,,,,0.57,,Only public sector data,EN,2014-03-04T22:00:00.000Z
DEVICES22,Total density per million population: Radiotherapy units,text,AMR,Americas,Country,PRY,Paraguay,Year,2013,false,,,,,,,,,,,,,0.59,,,,,,0.59,,,EN,2014-03-04T22:00:00.000Z
DEVICES22,Total density per million population: Radiotherapy units,text,AFR,Africa,Country,GAB,Gabon,Year,2013,false,,,,,,,,,,,,,0.6,,,,,,0.6,,,EN,2014-03-04T22:00:00.000Z
DEVICES22,Total density per million population: Radiotherapy units,text,EUR,Europe,Country,UZB,Uzbekistan,Year,2013,false,,,,,,,,,,,,,0.62,,,,,,0.62,,"Data from <a href=""http://www-naweb.iaea.org/nahu/dirac/query3.asp"" target=""_blank"">DIRA IAEA radiotherapy database</a>, accessed on February 2014",EN,2014-03-04T22:00:00.000Z
DEVICES22,Total density per million population: Radiotherapy units,text,EMR,Eastern Mediterranean,Country,ARE,United Arab Emirates,Year,2013,false,,,,,,,,,,,,,0.64,,,,,,0.64,,"Data from <a href=""http://www-naweb.iaea.org/nahu/dirac/query3.asp"" target=""_blank"">DIRA IAEA radiotherapy database</a>, accessed on February 2014",EN,2014-03-04T22:00:00.000Z
DEVICES22,Total density per million population: Radiotherapy units,text,AMR,Americas,Country,GTM,Guatemala,Year,2013,false,,,,,,,,,,,,,0.65,,,,,,0.65,,"Data from <a href=""http://www-naweb.iaea.org/nahu/dirac/query3.asp"" target=""_blank"">DIRA IAEA radiotherapy database</a>, accessed on February 2014",EN,2014-03-04T22:00:00.000Z
DEVICES22,Total density per million population: Radiotherapy units,text,WPR,Western Pacific,Country,MNG,Mongolia,Year,2013,false,,,,,,,,,,,,,0.7,,,,,,0.7,,Only public sector data,EN,2014-03-04T22:00:00.000Z
DEVICES22,Total density per million population: Radiotherapy units,text,AMR,Americas,Country,HND,Honduras,Year,2013,false,,,,,,,,,,,,,0.74,,,,,,0.74,,,EN,2014-03-04T22:00:00.000Z
DEVICES22,Total density per million population: Radiotherapy units,text,EMR,Eastern Mediterranean,Country,EGY,Egypt,Year,2013,false,,,,,,,,,,,,,0.79,,,,,,0.79,,"Data from <a href=""http://www-naweb.iaea.org/nahu/dirac/query3.asp"" target=""_blank"">DIRA IAEA radiotherapy database</a>, accessed on February 2014",EN,2014-03-04T22:00:00.000Z
DEVICES22,Total density per million population: Radiotherapy units,text,EMR,Eastern Mediterranean,Country,JOR,Jordan,Year,2013,false,,,,,,,,,,,,,0.82,,,,,,0.82,,,EN,2014-03-04T22:00:00.000Z
DEVICES22,Total density per million population: Radiotherapy units,text,EMR,Eastern Mediterranean,Country,IRN,Iran (Islamic Republic of),Year,2013,false,,,,,,,,,,,,,0.85,,,,,,0.85,,"Data from <a href=""http://www-naweb.iaea.org/nahu/dirac/query3.asp"" target=""_blank"">DIRA IAEA radiotherapy database</a>, accessed on February 2014",EN,2014-03-04T22:00:00.000Z
DEVICES22,Total density per million population: Radiotherapy units,text,AMR,Americas,Country,CHL,Chile,Year,2013,false,,,,,,,,,,,,,0.91,,,,,,0.91,,Only public sector data,EN,2014-03-04T22:00:00.000Z
DEVICES22,Total density per million population: Radiotherapy units,text,EMR,Eastern Mediterranean,Country,QAT,Qatar,Year,2013,false,,,,,,,,,,,,,0.92,,,,,,0.92,,,EN,2014-03-04T22:00:00.000Z
DEVICES22,Total density per million population: Radiotherapy units,text,EMR,Eastern Mediterranean,Country,LBY,Libya,Year,2013,false,,,,,,,,,,,,,0.97,,,,,,0.97,,,EN,2014-03-04T22:00:00.000Z
DEVICES22,Total density per million population: Radiotherapy units,text,SEAR,South-East Asia,Country,THA,Thailand,Year,2013,false,,,,,,,,,,,,,0.97,,,,,,0.97,,,EN,2014-03-04T22:00:00.000Z
DEVICES22,Total density per million population: Radiotherapy units,text,AMR,Americas,Country,JAM,Jamaica,Year,2013,false,,,,,,,,,,,,,1.08,,,,,,1.08,,,EN,2014-03-04T22:00:00.000Z
DEVICES22,Total density per million population: Radiotherapy units,text,WPR,Western Pacific,Country,CHN,China,Year,2013,false,,,,,,,,,,,,,1.1,,,,,,1.1,,"Data from <a href=""http://www-naweb.iaea.org/nahu/dirac/query3.asp"" target=""_blank"">DIRA IAEA radiotherapy database</a>, accessed on February 2014",EN,2014-03-04T22:00:00.000Z
DEVICES22,Total density per million population: Radiotherapy units,text,AMR,Americas,Country,SLV,El Salvador,Year,2013,false,,,,,,,,,,,,,1.1,,,,,,1.1,,,EN,2014-03-04T22:00:00.000Z
DEVICES22,Total density per million population: Radiotherapy units,text,AMR,Americas,Country,PER,Peru,Year,2013,false,,,,,,,,,,,,,1.12,,,,,,1.12,,"Data from <a href=""http://www-naweb.iaea.org/nahu/dirac/query3.asp"" target=""_blank"">DIRA IAEA radiotherapy database</a>, accessed on February 2014",EN,2014-03-04T22:00:00.000Z
DEVICES22,Total density per million population: Radiotherapy units,text,AMR,Americas,Country,CUB,Cuba,Year,2013,false,,,,,,,,,,,,,1.15,,,,,,1.15,,,EN,2014-03-04T22:00:00.000Z
DEVICES22,Total density per million population: Radiotherapy units,text,EUR,Europe,Country,ROU,Romania,Year,2013,false,,,,,,,,,,,,,1.15,,,,,,1.15,,,EN,2014-03-04T22:00:00.000Z
DEVICES22,Total density per million population: Radiotherapy units,text,EMR,Eastern Mediterranean,Country,KWT,Kuwait,Year,2013,false,,,,,,,,,,,,,1.19,,,,,,1.19,,"Data from <a href=""http://www-naweb.iaea.org/nahu/dirac/query3.asp"" target=""_blank"">DIRA IAEA radiotherapy database</a>, accessed on February 2014",EN,2014-03-04T22:00:00.000Z
DEVICES22,Total density per million population: Radiotherapy units,text,AMR,Americas,Country,DOM,Dominican Republic,Year,2013,false,,,,,,,,,,,,,1.25,,,,,,1.25,,"Data from <a href=""http://www-naweb.iaea.org/nahu/dirac/query3.asp"" target=""_blank"">DIRA IAEA radiotherapy database</a>, accessed on February 2014",EN,2014-03-04T22:00:00.000Z
DEVICES22,Total density per million population: Radiotherapy units,text,AMR,Americas,Country,GUY,Guyana,Year,2013,false,,,,,,,,,,,,,1.25,,,,,,1.25,,Only private sector data,EN,2014-03-04T22:00:00.000Z
DEVICES22,Total density per million population: Radiotherapy units,text,EUR,Europe,Country,ARM,Armenia,Year,2013,false,,,,,,,,,,,,,1.34,,,,,,1.34,,,EN,2014-03-04T22:00:00.000Z
DEVICES22,Total density per million population: Radiotherapy units,text,EUR,Europe,Country,KAZ,Kazakhstan,Year,2013,false,,,,,,,,,,,,,1.34,,,,,,1.34,,Only public sector data,EN,2014-03-04T22:00:00.000Z
DEVICES22,Total density per million population: Radiotherapy units,text,EUR,Europe,Country,GEO,Georgia,Year,2013,false,,,,,,,,,,,,,1.38,,,,,,1.38,,,EN,2014-03-04T22:00:00.000Z
DEVICES22,Total density per million population: Radiotherapy units,text,WPR,Western Pacific,Country,MYS,Malaysia,Year,2013,false,,,,,,,,,,,,,1.41,,,,,,1.41,,,EN,2014-03-04T22:00:00.000Z
DEVICES22,Total density per million population: Radiotherapy units,text,AMR,Americas,Country,COL,Colombia,Year,2013,false,,,,,,,,,,,,,1.45,,,,,,1.45,,"Data from <a href=""http://www-naweb.iaea.org/nahu/dirac/query3.asp"" target=""_blank"">DIRA IAEA radiotherapy database</a>, accessed on February 2014",EN,2014-03-04T22:00:00.000Z
DEVICES22,Total density per million population: Radiotherapy units,text,EUR,Europe,Country,SRB,Serbia,Year,2013,false,,,,,,,,,,,,,1.47,,,,,,1.47,,,EN,2014-03-04T22:00:00.000Z
DEVICES22,Total density per million population: Radiotherapy units,text,AMR,Americas,Country,PAN,Panama,Year,2013,false,,,,,,,,,,,,,1.55,,,,,,1.55,,,EN,2014-03-04T22:00:00.000Z
DEVICES22,Total density per million population: Radiotherapy units,text,EUR,Europe,Country,AZE,Azerbaijan,Year,2013,false,,,,,,,,,,,,,1.59,,,,,,1.59,,Only public sector data,EN,2014-03-04T22:00:00.000Z
DEVICES22,Total density per million population: Radiotherapy units,text,EMR,Eastern Mediterranean,Country,TUN,Tunisia,Year,2013,false,,,,,,,,,,,,,1.64,,,,,,1.64,,,EN,2014-03-04T22:00:00.000Z
DEVICES22,Total density per million population: Radiotherapy units,text,AMR,Americas,Country,BRA,Brazil,Year,2013,false,,,,,,,,,,,,,1.74,,,,,,1.74,,"Data from <a href=""http://www-naweb.iaea.org/nahu/dirac/query3.asp"" target=""_blank"">DIRA IAEA radiotherapy database</a>, accessed on February 2014",EN,2014-03-04T22:00:00.000Z
DEVICES22,Total density per million population: Radiotherapy units,text,EUR,Europe,Country,HUN,Hungary,Year,2013,false,,,,,,,,,,,,,1.81,,,,,,1.81,,,EN,2014-03-04T22:00:00.000Z
DEVICES22,Total density per million population: Radiotherapy units,text,EMR,Eastern Mediterranean,Country,LBN,Lebanon,Year,2013,false,,,,,,,,,,,,,1.87,,,,,,1.87,,,EN,2014-03-04T22:00:00.000Z
DEVICES22,Total density per million population: Radiotherapy units,text,AMR,Americas,Country,USA,United States of America,Year,2013,false,,,,,,,,,,,,,12.37,,,,,,12.37,,"Data from <a href=""http://www-naweb.iaea.org/nahu/dirac/query3.asp"" target=""_blank"">DIRA IAEA radiotherapy database</a>, accessed on February 2014",EN,2014-03-04T22:00:00.000Z
DEVICES22,Total density per million population: Radiotherapy units,text,EUR,Europe,Country,TUR,Türkiye,Year,2013,false,,,,,,,,,,,,,2.03,,,,,,2.03,,,EN,2014-03-04T22:00:00.000Z
DEVICES22,Total density per million population: Radiotherapy units,text,EUR,Europe,Country,BGR,Bulgaria,Year,2013,false,,,,,,,,,,,,,2.08,,,,,,2.08,,"Data from <a href=""http://www-naweb.iaea.org/nahu/dirac/query3.asp"" target=""_blank"">DIRA IAEA radiotherapy database</a>, accessed on February 2014",EN,2014-03-04T22:00:00.000Z
DEVICES22,Total density per million population: Radiotherapy units,text,AMR,Americas,Country,CRI,Costa Rica,Year,2013,false,,,,,,,,,,,,,2.26,,,,,,2.26,,,EN,2014-03-04T22:00:00.000Z
DEVICES22,Total density per million population: Radiotherapy units,text,EUR,Europe,Country,RUS,Russian Federation,Year,2013,false,,,,,,,,,,,,,2.28,,,,,,2.28,,"Data from <a href=""http://www-naweb.iaea.org/nahu/dirac/query3.asp"" target=""_blank"">DIRA IAEA radiotherapy database</a>, accessed on February 2014",EN,2014-03-04T22:00:00.000Z
DEVICES22,Total density per million population: Radiotherapy units,text,EUR,Europe,Country,EST,Estonia,Year,2013,false,,,,,,,,,,,,,2.33,,,,,,2.33,,,EN,2014-03-04T22:00:00.000Z
DEVICES22,Total density per million population: Radiotherapy units,text,EUR,Europe,Country,UKR,Ukraine,Year,2013,false,,,,,,,,,,,,,2.39,,,,,,2.39,,"Data from <a href=""http://www-naweb.iaea.org/nahu/dirac/query3.asp"" target=""_blank"">DIRA IAEA radiotherapy database</a>, accessed on February 2014",EN,2014-03-04T22:00:00.000Z
DEVICES22,Total density per million population: Radiotherapy units,text,AFR,Africa,Country,MUS,Mauritius,Year,2013,false,,,,,,,,,,,,,2.41,,,,,,2.41,,,EN,2014-03-04T22:00:00.000Z
DEVICES22,Total density per million population: Radiotherapy units,text,AMR,Americas,Country,VEN,Venezuela (Bolivarian Republic of),Year,2013,false,,,,,,,,,,,,,2.5,,,,,,2.5,,"Data from <a href=""http://www-naweb.iaea.org/nahu/dirac/query3.asp"" target=""_blank"">DIRA IAEA radiotherapy database</a>, accessed on February 2014",EN,2014-03-04T22:00:00.000Z
DEVICES22,Total density per million population: Radiotherapy units,text,EUR,Europe,Country,CYP,Cyprus,Year,2013,false,,,,,,,,,,,,,2.63,,,,,,2.63,,,EN,2014-03-04T22:00:00.000Z
DEVICES22,Total density per million population: Radiotherapy units,text,AMR,Americas,Country,BHS,Bahamas,Year,2013,false,,,,,,,,,,,,,2.65,,,,,,2.65,,,EN,2014-03-04T22:00:00.000Z
DEVICES22,Total density per million population: Radiotherapy units,text,EUR,Europe,Country,POL,Poland,Year,2013,false,,,,,,,,,,,,,2.72,,,,,,2.72,,Only public sector data,EN,2014-03-04T22:00:00.000Z
DEVICES22,Total density per million population: Radiotherapy units,text,AMR,Americas,Country,ARG,Argentina,Year,2013,false,,,,,,,,,,,,,2.75,,,,,,2.75,,"Data from <a href=""http://www-naweb.iaea.org/nahu/dirac/query3.asp"" target=""_blank"">DIRA IAEA radiotherapy database</a>, accessed on February 2014",EN,2014-03-04T22:00:00.000Z
DEVICES22,Total density per million population: Radiotherapy units,text,EUR,Europe,Country,BIH,Bosnia and Herzegovina,Year,2013,false,,,,,,,,,,,,,2.87,,,,,,2.87,,,EN,2014-03-04T22:00:00.000Z
DEVICES22,Total density per million population: Radiotherapy units,text,AMR,Americas,Country,TTO,Trinidad and Tobago,Year,2013,false,,,,,,,,,,,,,2.98,,,,,,2.98,,,EN,2014-03-04T22:00:00.000Z
DEVICES22,Total density per million population: Radiotherapy units,text,EUR,Europe,Country,MCO,Monaco,Year,2013,false,,,,,,,,,,,,,26.43,,,,,,26.43,,,EN,2014-03-04T22:00:00.000Z
DEVICES22,Total density per million population: Radiotherapy units,text,WPR,Western Pacific,Country,KOR,Republic of Korea,Year,2013,false,,,,,,,,,,,,,3,,,,,,3,,Only private sector data,EN,2014-03-04T22:00:00.000Z
DEVICES22,Total density per million population: Radiotherapy units,text,EUR,Europe,Country,HRV,Croatia,Year,2013,false,,,,,,,,,,,,,3.03,,,,,,3.03,,,EN,2014-03-04T22:00:00.000Z
DEVICES22,Total density per million population: Radiotherapy units,text,EUR,Europe,Country,BLR,Belarus,Year,2013,false,,,,,,,,,,,,,3.1,,,,,,3.1,,Only public sector data,EN,2014-03-04T22:00:00.000Z
DEVICES22,Total density per million population: Radiotherapy units,text,EUR,Europe,Country,MNE,Montenegro,Year,2013,false,,,,,,,,,,,,,3.22,,,,,,3.22,,,EN,2014-03-04T22:00:00.000Z
DEVICES22,Total density per million population: Radiotherapy units,text,EUR,Europe,Country,ISR,Israel,Year,2013,false,,,,,,,,,,,,,3.36,,,,,,3.36,,,EN,2014-03-04T22:00:00.000Z
DEVICES22,Total density per million population: Radiotherapy units,text,AMR,Americas,Country,BRB,Barbados,Year,2013,false,,,,,,,,,,,,,3.51,,,,,,3.51,,Only public sector data,EN,2014-03-04T22:00:00.000Z
DEVICES22,Total density per million population: Radiotherapy units,text,WPR,Western Pacific,Country,SGP,Singapore,Year,2013,false,,,,,,,,,,,,,3.51,,,,,,3.51,,,EN,2014-03-04T22:00:00.000Z
DEVICES22,Total density per million population: Radiotherapy units,text,EUR,Europe,Country,LTU,Lithuania,Year,2013,false,,,,,,,,,,,,,3.65,,,,,,3.65,,,EN,2014-03-04T22:00:00.000Z
DEVICES22,Total density per million population: Radiotherapy units,text,AMR,Americas,Country,SUR,Suriname,Year,2013,false,,,,,,,,,,,,,3.71,,,,,,3.71,,,EN,2014-03-04T22:00:00.000Z
DEVICES22,Total density per million population: Radiotherapy units,text,EUR,Europe,Country,LUX,Luxembourg,Year,2013,false,,,,,,,,,,,,,3.77,,,,,,3.77,,,EN,2014-03-04T22:00:00.000Z
DEVICES22,Total density per million population: Radiotherapy units,text,AMR,Americas,Country,URY,Uruguay,Year,2013,false,,,,,,,,,,,,,3.82,,,,,,3.82,,,EN,2014-03-04T22:00:00.000Z
DEVICES22,Total density per million population: Radiotherapy units,text,EUR,Europe,Country,IRL,Ireland,Year,2013,false,,,,,,,,,,,,,3.89,,,,,,3.89,,Only public sector data,EN,2014-03-04T22:00:00.000Z
DEVICES22,Total density per million population: Radiotherapy units,text,WPR,Western Pacific,Country,AUS,Australia,Year,2013,false,,,,,,,,,,,,,4.03,,,,,,4.03,,Only public sector data,EN,2014-03-04T22:00:00.000Z
DEVICES22,Total density per million population: Radiotherapy units,text,EUR,Europe,Country,PRT,Portugal,Year,2013,false,,,,,,,,,,,,,4.05,,,,,,4.05,,,EN,2014-03-04T22:00:00.000Z
DEVICES22,Total density per million population: Radiotherapy units,text,EUR,Europe,Country,ESP,Spain,Year,2013,false,,,,,,,,,,,,,4.16,,,,,,4.16,,,EN,2014-03-04T22:00:00.000Z
DEVICES22,Total density per million population: Radiotherapy units,text,EUR,Europe,Country,GRC,Greece,Year,2013,false,,,,,,,,,,,,,4.31,,,,,,4.31,,,EN,2014-03-04T22:00:00.000Z
DEVICES22,Total density per million population: Radiotherapy units,text,EUR,Europe,Country,MLT,Malta,Year,2013,false,,,,,,,,,,,,,4.66,,,,,,4.66,,,EN,2014-03-04T22:00:00.000Z
DEVICES22,Total density per million population: Radiotherapy units,text,EUR,Europe,Country,SVK,Slovakia,Year,2013,false,,,,,,,,,,,,,4.77,,,,,,4.77,,"Data from <a href=""http://www-naweb.iaea.org/nahu/dirac/query3.asp"" target=""_blank"">DIRA IAEA radiotherapy database</a>, accessed on February 2014",EN,2014-03-04T22:00:00.000Z
DEVICES22,Total density per million population: Radiotherapy units,text,EUR,Europe,Country,CZE,Czechia,Year,2013,false,,,,,,,,,,,,,4.86,,,,,,4.86,,,EN,2014-03-04T22:00:00.000Z
DEVICES22,Total density per million population: Radiotherapy units,text,EUR,Europe,Country,GBR,United Kingdom of Great Britain and Northern Ireland,Year,2013,false,,,,,,,,,,,,,5.04,,,,,,5.04,,"Data from <a href=""http://www-naweb.iaea.org/nahu/dirac/query3.asp"" target=""_blank"">DIRA IAEA radiotherapy database</a>, accessed on February 2014",EN,2014-03-04T22:00:00.000Z
DEVICES22,Total density per million population: Radiotherapy units,text,EUR,Europe,Country,LVA,Latvia,Year,2013,false,,,,,,,,,,,,,5.37,,,,,,5.37,,"Data from <a href=""http://www-naweb.iaea.org/nahu/dirac/query3.asp"" target=""_blank"">DIRA IAEA radiotherapy database</a>, accessed on February 2014",EN,2014-03-04T22:00:00.000Z
DEVICES22,Total density per million population: Radiotherapy units,text,EUR,Europe,Country,AUT,Austria,Year,2013,false,,,,,,,,,,,,,5.41,,,,,,5.41,,Only public sector data,EN,2014-03-04T22:00:00.000Z
DEVICES22,Total density per million population: Radiotherapy units,text,EUR,Europe,Country,SVN,Slovenia,Year,2013,false,,,,,,,,,,,,,5.79,,,,,,5.79,,Only public sector data,EN,2014-03-04T22:00:00.000Z
DEVICES22,Total density per million population: Radiotherapy units,text,EUR,Europe,Country,ISL,Iceland,Year,2013,false,,,,,,,,,,,,,6.07,,,,,,6.07,,,EN,2014-03-04T22:00:00.000Z
DEVICES22,Total density per million population: Radiotherapy units,text,WPR,Western Pacific,Country,NZL,New Zealand,Year,2013,false,,,,,,,,,,,,,6.21,,,,,,6.21,,"Data from <a href=""http://www-naweb.iaea.org/nahu/dirac/query3.asp"" target=""_blank"">DIRA IAEA radiotherapy database</a>, accessed on February 2014",EN,2014-03-04T22:00:00.000Z
DEVICES22,Total density per million population: Radiotherapy units,text,EUR,Europe,Country,ITA,Italy,Year,2013,false,,,,,,,,,,,,,6.41,,,,,,6.41,,"Data from <a href=""http://www-naweb.iaea.org/nahu/dirac/query3.asp"" target=""_blank"">DIRA IAEA radiotherapy database</a>, accessed on February 2014",EN,2014-03-04T22:00:00.000Z
DEVICES22,Total density per million population: Radiotherapy units,text,EUR,Europe,Country,DEU,Germany,Year,2013,false,,,,,,,,,,,,,6.44,,,,,,6.44,,"Data from <a href=""http://www-naweb.iaea.org/nahu/dirac/query3.asp"" target=""_blank"">DIRA IAEA radiotherapy database</a>, accessed on February 2014",EN,2014-03-04T22:00:00.000Z
DEVICES22,Total density per million population: Radiotherapy units,text,WPR,Western Pacific,Country,JPN,Japan,Year,2013,false,,,,,,,,,,,,,7.17,,,,,,7.17,,"Data from <a href=""http://www-naweb.iaea.org/nahu/dirac/query3.asp"" target=""_blank"">DIRA IAEA radiotherapy database</a>, accessed on February 2014",EN,2014-03-04T22:00:00.000Z
DEVICES22,Total density per million population: Radiotherapy units,text,EUR,Europe,Country,NLD,Netherlands (Kingdom of the),Year,2013,false,,,,,,,,,,,,,7.22,,,,,,7.22,,,EN,2014-03-04T22:00:00.000Z
DEVICES22,Total density per million population: Radiotherapy units,text,EUR,Europe,Country,FIN,Finland,Year,2013,false,,,,,,,,,,,,,7.37,,,,,,7.37,,Only public sector data,EN,2014-03-04T22:00:00.000Z
DEVICES22,Total density per million population: Radiotherapy units,text,EUR,Europe,Country,FRA,France,Year,2013,false,,,,,,,,,,,,,7.51,,,,,,7.51,,"Data from <a href=""http://www-naweb.iaea.org/nahu/dirac/query3.asp"" target=""_blank"">DIRA IAEA radiotherapy database</a>, accessed on February 2014",EN,2014-03-04T22:00:00.000Z
DEVICES22,Total density per million population: Radiotherapy units,text,AMR,Americas,Country,CAN,Canada,Year,2013,false,,,,,,,,,,,,,8.07,,,,,,8.07,,"Data from <a href=""http://www-naweb.iaea.org/nahu/dirac/query3.asp"" target=""_blank"">DIRA IAEA radiotherapy database</a>, accessed on February 2014",EN,2014-03-04T22:00:00.000Z
DEVICES22,Total density per million population: Radiotherapy units,text,EUR,Europe,Country,NOR,Norway,Year,2013,false,,,,,,,,,,,,,8.13,,,,,,8.13,,"Data from <a href=""http://www-naweb.iaea.org/nahu/dirac/query3.asp"" target=""_blank"">DIRA IAEA radiotherapy database</a>, accessed on February 2014",EN,2014-03-04T22:00:00.000Z
DEVICES22,Total density per million population: Radiotherapy units,text,EUR,Europe,Country,BEL,Belgium,Year,2013,false,,,,,,,,,,,,,8.28,,,,,,8.28,,"Data from <a href=""http://www-naweb.iaea.org/nahu/dirac/query3.asp"" target=""_blank"">DIRA IAEA radiotherapy database</a>, accessed on February 2014",EN,2014-03-04T22:00:00.000Z
DEVICES22,Total density per million population: Radiotherapy units,text,EUR,Europe,Country,DNK,Denmark,Year,2013,false,,,,,,,,,,,,,9.61,,,,,,9.61,,,EN,2014-03-04T22:00:00.000Z
DEVICES22,Total density per million population: Radiotherapy units,text,AFR,Africa,Country,COG,Congo,Year,2010,true,,,,,,,,,,,,,0,,,,,,0,,from the DIRA IAEA radiotherapy database (data available online at: http://www-naweb.iaea.org/nahu/dirac/query3.asp),EN,2013-06-10T21:00:00.000Z
DEVICES22,Total density per million population: Radiotherapy units,text,AFR,Africa,Country,MWI,Malawi,Year,2010,false,,,,,,,,,,,,,0,,,,,,0,,,EN,2013-06-10T21:00:00.000Z
DEVICES22,Total density per million population: Radiotherapy units,text,EMR,Eastern Mediterranean,Country,AFG,Afghanistan,Year,2010,false,,,,,,,,,,,,,0,,,,,,0.00,,,EN,2013-06-10T21:00:00.000Z
DEVICES22,Total density per million population: Radiotherapy units,text,AMR,Americas,Country,BLZ,Belize,Year,2010,false,,,,,,,,,,,,,0,,,,,,0.00,,,EN,2013-06-10T21:00:00.000Z
DEVICES22,Total density per million population: Radiotherapy units,text,AFR,Africa,Country,BEN,Benin,Year,2010,false,,,,,,,,,,,,,0,,,,,,0.00,,,EN,2013-06-10T21:00:00.000Z
DEVICES22,Total density per million population: Radiotherapy units,text,SEAR,South-East Asia,Country,BTN,Bhutan,Year,2010,false,,,,,,,,,,,,,0,,,,,,0.00,,,EN,2013-06-10T21:00:00.000Z
DEVICES22,Total density per million population: Radiotherapy units,text,AFR,Africa,Country,BWA,Botswana,Year,2010,false,,,,,,,,,,,,,0,,,,,,0.00,,Only public sector data,EN,2013-06-10T21:00:00.000Z
DEVICES22,Total density per million population: Radiotherapy units,text,AFR,Africa,Country,BFA,Burkina Faso,Year,2010,false,,,,,,,,,,,,,0,,,,,,0.00,,,EN,2013-06-10T21:00:00.000Z
DEVICES22,Total density per million population: Radiotherapy units,text,AFR,Africa,Country,BDI,Burundi,Year,2010,false,,,,,,,,,,,,,0,,,,,,0.00,,,EN,2013-06-10T21:00:00.000Z
DEVICES22,Total density per million population: Radiotherapy units,text,AFR,Africa,Country,CIV,Cote d'Ivoire,Year,2010,false,,,,,,,,,,,,,0,,,,,,0.00,,,EN,2013-06-10T21:00:00.000Z
DEVICES22,Total density per million population: Radiotherapy units,text,AFR,Africa,Country,CPV,Cabo Verde,Year,2010,false,,,,,,,,,,,,,0,,,,,,0.00,,,EN,2013-06-10T21:00:00.000Z
DEVICES22,Total density per million population: Radiotherapy units,text,AFR,Africa,Country,CAF,Central African Republic,Year,2010,false,,,,,,,,,,,,,0,,,,,,0.00,,,EN,2013-06-10T21:00:00.000Z
DEVICES22,Total density per million population: Radiotherapy units,text,AFR,Africa,Country,COM,Comoros,Year,2010,false,,,,,,,,,,,,,0,,,,,,0.00,,,EN,2013-06-10T21:00:00.000Z
DEVICES22,Total density per million population: Radiotherapy units,text,AMR,Americas,Country,DMA,Dominica,Year,2010,false,,,,,,,,,,,,,0,,,,,,0.00,,,EN,2013-06-10T21:00:00.000Z
DEVICES22,Total density per million population: Radiotherapy units,text,AFR,Africa,Country,ERI,Eritrea,Year,2010,false,,,,,,,,,,,,,0,,,,,,0.00,,,EN,2013-06-10T21:00:00.000Z
DEVICES22,Total density per million population: Radiotherapy units,text,AFR,Africa,Country,SWZ,Eswatini,Year,2010,false,,,,,,,,,,,,,0,,,,,,0.00,,,EN,2013-06-10T21:00:00.000Z
DEVICES22,Total density per million population: Radiotherapy units,text,WPR,Western Pacific,Country,FJI,Fiji,Year,2010,false,,,,,,,,,,,,,0,,,,,,0.00,,,EN,2013-06-10T21:00:00.000Z
DEVICES22,Total density per million population: Radiotherapy units,text,AFR,Africa,Country,GMB,Gambia,Year,2010,false,,,,,,,,,,,,,0,,,,,,0.00,,Only private sector data,EN,2013-06-10T21:00:00.000Z
DEVICES22,Total density per million population: Radiotherapy units,text,AMR,Americas,Country,GRD,Grenada,Year,2010,false,,,,,,,,,,,,,0,,,,,,0.00,,,EN,2013-06-10T21:00:00.000Z
DEVICES22,Total density per million population: Radiotherapy units,text,AFR,Africa,Country,GIN,Guinea,Year,2010,false,,,,,,,,,,,,,0,,,,,,0.00,,Only public sector data,EN,2013-06-10T21:00:00.000Z
DEVICES22,Total density per million population: Radiotherapy units,text,AFR,Africa,Country,GNB,Guinea-Bissau,Year,2010,false,,,,,,,,,,,,,0,,,,,,0.00,,,EN,2013-06-10T21:00:00.000Z
DEVICES22,Total density per million population: Radiotherapy units,text,AMR,Americas,Country,HTI,Haiti,Year,2010,true,,,,,,,,,,,,,0,,,,,,0.00,,from the DIRA IAEA radiotherapy database (data available online at: http://www-naweb.iaea.org/nahu/dirac/query3.asp),EN,2013-06-10T21:00:00.000Z
DEVICES22,Total density per million population: Radiotherapy units,text,WPR,Western Pacific,Country,KIR,Kiribati,Year,2010,false,,,,,,,,,,,,,0,,,,,,0.00,,,EN,2013-06-10T21:00:00.000Z
DEVICES22,Total density per million population: Radiotherapy units,text,WPR,Western Pacific,Country,LAO,Lao People's Democratic Republic,Year,2010,false,,,,,,,,,,,,,0,,,,,,0.00,,,EN,2013-06-10T21:00:00.000Z
DEVICES22,Total density per million population: Radiotherapy units,text,AFR,Africa,Country,LBR,Liberia,Year,2010,true,,,,,,,,,,,,,0,,,,,,0.00,,from the DIRA IAEA radiotherapy database (data available online at: http://www-naweb.iaea.org/nahu/dirac/query3.asp),EN,2013-06-10T21:00:00.000Z
DEVICES22,Total density per million population: Radiotherapy units,text,SEAR,South-East Asia,Country,MDV,Maldives,Year,2010,false,,,,,,,,,,,,,0,,,,,,0.00,,,EN,2013-06-10T21:00:00.000Z
DEVICES22,Total density per million population: Radiotherapy units,text,WPR,Western Pacific,Country,MHL,Marshall Islands,Year,2010,false,,,,,,,,,,,,,0,,,,,,0.00,,,EN,2013-06-10T21:00:00.000Z
DEVICES22,Total density per million population: Radiotherapy units,text,WPR,Western Pacific,Country,FSM,Micronesia (Federated States of),Year,2010,false,,,,,,,,,,,,,0,,,,,,0.00,,,EN,2013-06-10T21:00:00.000Z
DEVICES22,Total density per million population: Radiotherapy units,text,WPR,Western Pacific,Country,NRU,Nauru,Year,2010,true,,,,,,,,,,,,,0,,,,,,0.00,,from the DIRA IAEA radiotherapy database (data available online at: http://www-naweb.iaea.org/nahu/dirac/query3.asp),EN,2013-06-10T21:00:00.000Z
DEVICES22,Total density per million population: Radiotherapy units,text,AFR,Africa,Country,NER,Niger,Year,2010,false,,,,,,,,,,,,,0,,,,,,0.00,,,EN,2013-06-10T21:00:00.000Z
DEVICES22,Total density per million population: Radiotherapy units,text,AMR,Americas,Country,KNA,Saint Kitts and Nevis,Year,2010,false,,,,,,,,,,,,,0,,,,,,0.00,,,EN,2013-06-10T21:00:00.000Z
DEVICES22,Total density per million population: Radiotherapy units,text,AMR,Americas,Country,LCA,Saint Lucia,Year,2010,false,,,,,,,,,,,,,0,,,,,,0.00,,,EN,2013-06-10T21:00:00.000Z
DEVICES22,Total density per million population: Radiotherapy units,text,AMR,Americas,Country,VCT,Saint Vincent and the Grenadines,Year,2010,false,,,,,,,,,,,,,0,,,,,,0.00,,,EN,2013-06-10T21:00:00.000Z
DEVICES22,Total density per million population: Radiotherapy units,text,WPR,Western Pacific,Country,WSM,Samoa,Year,2010,false,,,,,,,,,,,,,0,,,,,,0.00,,,EN,2013-06-10T21:00:00.000Z
DEVICES22,Total density per million population: Radiotherapy units,text,EUR,Europe,Country,SMR,San Marino,Year,2010,false,,,,,,,,,,,,,0,,,,,,0.00,,,EN,2013-06-10T21:00:00.000Z
DEVICES22,Total density per million population: Radiotherapy units,text,AFR,Africa,Country,SYC,Seychelles,Year,2010,true,,,,,,,,,,,,,0,,,,,,0.00,,,EN,2013-06-10T21:00:00.000Z
DEVICES22,Total density per million population: Radiotherapy units,text,AFR,Africa,Country,SLE,Sierra Leone,Year,2010,true,,,,,,,,,,,,,0,,,,,,0.00,,from the DIRA IAEA radiotherapy database (data available online at: http://www-naweb.iaea.org/nahu/dirac/query3.asp),EN,2013-06-10T21:00:00.000Z
DEVICES22,Total density per million population: Radiotherapy units,text,WPR,Western Pacific,Country,TON,Tonga,Year,2010,false,,,,,,,,,,,,,0,,,,,,0.00,,,EN,2013-06-10T21:00:00.000Z
DEVICES22,Total density per million population: Radiotherapy units,text,WPR,Western Pacific,Country,VUT,Vanuatu,Year,2010,false,,,,,,,,,,,,,0,,,,,,0.00,,,EN,2013-06-10T21:00:00.000Z
DEVICES22,Total density per million population: Radiotherapy units,text,AFR,Africa,Country,COD,Democratic Republic of the Congo,Year,2010,false,,,,,,,,,,,,,0.02,,,,,,0.02,,,EN,2013-06-10T21:00:00.000Z
DEVICES22,Total density per million population: Radiotherapy units,text,AFR,Africa,Country,ETH,Ethiopia,Year,2010,false,,,,,,,,,,,,,0.02,,,,,,0.02,,,EN,2013-06-10T21:00:00.000Z
DEVICES22,Total density per million population: Radiotherapy units,text,AFR,Africa,Country,KEN,Kenya,Year,2010,false,,,,,,,,,,,,,0.02,,,,,,0.02,,,EN,2013-06-10T21:00:00.000Z
DEVICES22,Total density per million population: Radiotherapy units,text,EMR,Eastern Mediterranean,Country,YEM,Yemen,Year,2010,false,,,,,,,,,,,,,0.04,,,,,,0.04,,,EN,2013-06-10T21:00:00.000Z
DEVICES22,Total density per million population: Radiotherapy units,text,AFR,Africa,Country,AGO,Angola,Year,2010,false,,,,,,,,,,,,,0.05,,,,,,0.05,,Only public sector data,EN,2013-06-10T21:00:00.000Z
DEVICES22,Total density per million population: Radiotherapy units,text,AFR,Africa,Country,MDG,Madagascar,Year,2010,false,,,,,,,,,,,,,0.05,,,,,,0.05,,,EN,2013-06-10T21:00:00.000Z
DEVICES22,Total density per million population: Radiotherapy units,text,SEAR,South-East Asia,Country,MMR,Myanmar,Year,2010,false,,,,,,,,,,,,,0.06,,,,,,0.06,,Only public sector data,EN,2013-06-10T21:00:00.000Z
DEVICES22,Total density per million population: Radiotherapy units,text,AFR,Africa,Country,UGA,Uganda,Year,2010,false,,,,,,,,,,,,,0.06,,,,,,0.06,,,EN,2013-06-10T21:00:00.000Z
DEVICES22,Total density per million population: Radiotherapy units,text,WPR,Western Pacific,Country,KHM,Cambodia,Year,2010,false,,,,,,,,,,,,,0.07,,,,,,0.07,,,EN,2013-06-10T21:00:00.000Z
DEVICES22,Total density per million population: Radiotherapy units,text,AFR,Africa,Country,MLI,Mali,Year,2010,false,,,,,,,,,,,,,0.07,,,,,,0.07,,,EN,2013-06-10T21:00:00.000Z
DEVICES22,Total density per million population: Radiotherapy units,text,AFR,Africa,Country,TZA,United Republic of Tanzania,Year,2010,false,,,,,,,,,,,,,0.07,,,,,,0.07,,Only public sector data,EN,2013-06-10T21:00:00.000Z
DEVICES22,Total density per million population: Radiotherapy units,text,AFR,Africa,Country,GHA,Ghana,Year,2010,false,,,,,,,,,,,,,0.08,,,,,,0.08,,Only public sector data,EN,2013-06-10T21:00:00.000Z
DEVICES22,Total density per million population: Radiotherapy units,text,AFR,Africa,Country,NGA,Nigeria,Year,2010,false,,,,,,,,,,,,,0.08,,,,,,0.08,,from the DIRA IAEA radiotherapy database (data available online at: http://www-naweb.iaea.org/nahu/dirac/query3.asp),EN,2013-06-10T21:00:00.000Z
DEVICES22,Total density per million population: Radiotherapy units,text,AFR,Africa,Country,SEN,Senegal,Year,2010,false,,,,,,,,,,,,,0.08,,,,,,0.08,,Only public sector data,EN,2013-06-10T21:00:00.000Z
DEVICES22,Total density per million population: Radiotherapy units,text,EMR,Eastern Mediterranean,Country,PAK,Pakistan,Year,2010,false,,,,,,,,,,,,,0.09,,,,,,0.09,,,EN,2013-06-10T21:00:00.000Z
DEVICES22,Total density per million population: Radiotherapy units,text,SEAR,South-East Asia,Country,LKA,Sri Lanka,Year,2010,false,,,,,,,,,,,,,0.1,,,,,,0.10,,,EN,2013-06-10T21:00:00.000Z
DEVICES22,Total density per million population: Radiotherapy units,text,EMR,Eastern Mediterranean,Country,SAU,Saudi Arabia,Year,2010,false,,,,,,,,,,,,,0.11,,,,,,0.11,,Only public sector data,EN,2013-06-10T21:00:00.000Z
DEVICES22,Total density per million population: Radiotherapy units,text,SEAR,South-East Asia,Country,BGD,Bangladesh,Year,2010,false,,,,,,,,,,,,,0.13,,,,,,0.13,,from the DIRA IAEA radiotherapy database (data available online at: http://www-naweb.iaea.org/nahu/dirac/query3.asp),EN,2013-06-10T21:00:00.000Z
DEVICES22,Total density per million population: Radiotherapy units,text,WPR,Western Pacific,Country,IDN,Indonesia,Year,2010,false,,,,,,,,,,,,,0.13,,,,,,0.13,,from the DIRA IAEA radiotherapy database (data available online at: http://www-naweb.iaea.org/nahu/dirac/query3.asp),EN,2013-06-10T21:00:00.000Z
DEVICES22,Total density per million population: Radiotherapy units,text,AMR,Americas,Country,ECU,Ecuador,Year,2010,false,,,,,,,,,,,,,0.14,,,,,,0.14,,from the DIRA IAEA radiotherapy database (data available online at: http://www-naweb.iaea.org/nahu/dirac/query3.asp),EN,2013-06-10T21:00:00.000Z
DEVICES22,Total density per million population: Radiotherapy units,text,AFR,Africa,Country,CMR,Cameroon,Year,2010,false,,,,,,,,,,,,,0.15,,,,,,0.15,,,EN,2013-06-10T21:00:00.000Z
DEVICES22,Total density per million population: Radiotherapy units,text,WPR,Western Pacific,Country,PNG,Papua New Guinea,Year,2010,false,,,,,,,,,,,,,0.15,,,,,,0.15,,,EN,2013-06-10T21:00:00.000Z
DEVICES22,Total density per million population: Radiotherapy units,text,EUR,Europe,Country,TJK,Tajikistan,Year,2010,false,,,,,,,,,,,,,0.15,,,,,,0.15,,from the DIRA IAEA radiotherapy database (data available online at: http://www-naweb.iaea.org/nahu/dirac/query3.asp),EN,2013-06-10T21:00:00.000Z
DEVICES22,Total density per million population: Radiotherapy units,text,AFR,Africa,Country,ZMB,Zambia,Year,2010,false,,,,,,,,,,,,,0.15,,,,,,0.15,,,EN,2013-06-10T21:00:00.000Z
DEVICES22,Total density per million population: Radiotherapy units,text,SEAR,South-East Asia,Country,PRK,Democratic People's Republic of Korea,Year,2010,false,,,,,,,,,,,,,0.16,,,,,,0.16,,from the DIRA IAEA radiotherapy database (data available online at: http://www-naweb.iaea.org/nahu/dirac/query3.asp),EN,2013-06-10T21:00:00.000Z
DEVICES22,Total density per million population: Radiotherapy units,text,EMR,Eastern Mediterranean,Country,SDN,Sudan,Year,2010,false,,,,,,,,,,,,,0.16,,,,,,0.16,,,EN,2013-06-10T21:00:00.000Z
DEVICES22,Total density per million population: Radiotherapy units,text,EMR,Eastern Mediterranean,Country,IRQ,Iraq,Year,2010,false,,,,,,,,,,,,,0.19,,,,,,0.19,,Only public sector data,EN,2013-06-10T21:00:00.000Z
DEVICES22,Total density per million population: Radiotherapy units,text,WPR,Western Pacific,Country,PHL,Philippines,Year,2010,false,,,,,,,,,,,,,0.19,,,,,,0.19,,,EN,2013-06-10T21:00:00.000Z
DEVICES22,Total density per million population: Radiotherapy units,text,SEAR,South-East Asia,Country,NPL,Nepal,Year,2010,false,,,,,,,,,,,,,0.2,,,,,,0.20,,from the DIRA IAEA radiotherapy database (data available online at: http://www-naweb.iaea.org/nahu/dirac/query3.asp),EN,2013-06-10T21:00:00.000Z
DEVICES22,Total density per million population: Radiotherapy units,text,AFR,Africa,Country,MRT,Mauritania,Year,2010,false,,,,,,,,,,,,,0.29,,,,,,0.29,,from the DIRA IAEA radiotherapy database (data available online at: http://www-naweb.iaea.org/nahu/dirac/query3.asp),EN,2013-06-10T21:00:00.000Z
DEVICES22,Total density per million population: Radiotherapy units,text,EUR,Europe,Country,ALB,Albania,Year,2010,false,,,,,,,,,,,,,0.31,,,,,,0.31,,,EN,2013-06-10T21:00:00.000Z
DEVICES22,Total density per million population: Radiotherapy units,text,EMR,Eastern Mediterranean,Country,SYR,Syrian Arab Republic,Year,2010,false,,,,,,,,,,,,,0.34,,,,,,0.34,,from the DIRA IAEA radiotherapy database (data available online at: http://www-naweb.iaea.org/nahu/dirac/query3.asp),EN,2013-06-10T21:00:00.000Z
DEVICES22,Total density per million population: Radiotherapy units,text,AMR,Americas,Country,NIC,Nicaragua,Year,2010,false,,,,,,,,,,,,,0.35,,,,,,0.35,,Only public sector data,EN,2013-06-10T21:00:00.000Z
DEVICES22,Total density per million population: Radiotherapy units,text,WPR,Western Pacific,Country,VNM,Viet Nam,Year,2010,false,,,,,,,,,,,,,0.38,,,,,,0.38,,from the DIRA IAEA radiotherapy database (data available online at: http://www-naweb.iaea.org/nahu/dirac/query3.asp),EN,2013-06-10T21:00:00.000Z
DEVICES22,Total density per million population: Radiotherapy units,text,EMR,Eastern Mediterranean,Country,IRN,Iran (Islamic Republic of),Year,2010,false,,,,,,,,,,,,,0.39,,,,,,0.39,,from the DIRA IAEA radiotherapy database (data available online at: http://www-naweb.iaea.org/nahu/dirac/query3.asp),EN,2013-06-10T21:00:00.000Z
DEVICES22,Total density per million population: Radiotherapy units,text,SEAR,South-East Asia,Country,IND,India,Year,2010,false,,,,,,,,,,,,,0.41,,,,,,0.41,,from the DIRA IAEA radiotherapy database (data available online at: http://www-naweb.iaea.org/nahu/dirac/query3.asp),EN,2013-06-10T21:00:00.000Z
DEVICES22,Total density per million population: Radiotherapy units,text,EMR,Eastern Mediterranean,Country,MAR,Morocco,Year,2010,false,,,,,,,,,,,,,0.41,,,,,,0.41,,Only public sector data,EN,2013-06-10T21:00:00.000Z
DEVICES22,Total density per million population: Radiotherapy units,text,AFR,Africa,Country,NAM,Namibia,Year,2010,false,,,,,,,,,,,,,0.44,,,,,,0.44,,,EN,2013-06-10T21:00:00.000Z
DEVICES22,Total density per million population: Radiotherapy units,text,AFR,Africa,Country,DZA,Algeria,Year,2010,false,,,,,,,,,,,,,0.48,,,,,,0.48,,from the DIRA IAEA radiotherapy database (data available online at: http://www-naweb.iaea.org/nahu/dirac/query3.asp),EN,2013-06-10T21:00:00.000Z
DEVICES22,Total density per million population: Radiotherapy units,text,AFR,Africa,Country,ZWE,Zimbabwe,Year,2010,false,,,,,,,,,,,,,0.48,,,,,,0.48,,,EN,2013-06-10T21:00:00.000Z
DEVICES22,Total density per million population: Radiotherapy units,text,EUR,Europe,Country,MDA,Republic of Moldova,Year,2010,false,,,,,,,,,,,,,0.56,,,,,,0.56,,Only public sector data,EN,2013-06-10T21:00:00.000Z
DEVICES22,Total density per million population: Radiotherapy units,text,AMR,Americas,Country,MEX,Mexico,Year,2010,false,,,,,,,,,,,,,0.58,,,,,,0.58,,,EN,2013-06-10T21:00:00.000Z
DEVICES22,Total density per million population: Radiotherapy units,text,AMR,Americas,Country,BOL,Bolivia (Plurinational State of),Year,2010,false,,,,,,,,,,,,,0.6,,,,,,0.60,,from the DIRA IAEA radiotherapy database (data available online at: http://www-naweb.iaea.org/nahu/dirac/query3.asp),EN,2013-06-10T21:00:00.000Z
DEVICES22,Total density per million population: Radiotherapy units,text,AFR,Africa,Country,ZAF,South Africa,Year,2010,false,,,,,,,,,,,,,0.6,,,,,,0.60,,Only public sector data,EN,2013-06-10T21:00:00.000Z
DEVICES22,Total density per million population: Radiotherapy units,text,AMR,Americas,Country,PRY,Paraguay,Year,2010,false,,,,,,,,,,,,,0.62,,,,,,0.62,,,EN,2013-06-10T21:00:00.000Z
DEVICES22,Total density per million population: Radiotherapy units,text,AFR,Africa,Country,GAB,Gabon,Year,2010,false,,,,,,,,,,,,,0.66,,,,,,0.66,,,EN,2013-06-10T21:00:00.000Z
DEVICES22,Total density per million population: Radiotherapy units,text,EUR,Europe,Country,UZB,Uzbekistan,Year,2010,false,,,,,,,,,,,,,0.66,,,,,,0.66,,from the DIRA IAEA radiotherapy database (data available online at: http://www-naweb.iaea.org/nahu/dirac/query3.asp),EN,2013-06-10T21:00:00.000Z
DEVICES22,Total density per million population: Radiotherapy units,text,EMR,Eastern Mediterranean,Country,EGY,Egypt,Year,2010,false,,,,,,,,,,,,,0.7,,,,,,0.70,,from the DIRA IAEA radiotherapy database (data available online at: http://www-naweb.iaea.org/nahu/dirac/query3.asp),EN,2013-06-10T21:00:00.000Z
DEVICES22,Total density per million population: Radiotherapy units,text,EMR,Eastern Mediterranean,Country,OMN,Oman,Year,2010,false,,,,,,,,,,,,,0.72,,,,,,0.72,,,EN,2013-06-10T21:00:00.000Z
DEVICES22,Total density per million population: Radiotherapy units,text,WPR,Western Pacific,Country,MNG,Mongolia,Year,2010,false,,,,,,,,,,,,,0.73,,,,,,0.73,,Only public sector data,EN,2013-06-10T21:00:00.000Z
DEVICES22,Total density per million population: Radiotherapy units,text,AMR,Americas,Country,HND,Honduras,Year,2010,false,,,,,,,,,,,,,0.79,,,,,,0.79,,,EN,2013-06-10T21:00:00.000Z
DEVICES22,Total density per million population: Radiotherapy units,text,EMR,Eastern Mediterranean,Country,ARE,United Arab Emirates,Year,2010,false,,,,,,,,,,,,,0.8,,,,,,0.80,,from the DIRA IAEA radiotherapy database (data available online at: http://www-naweb.iaea.org/nahu/dirac/query3.asp),EN,2013-06-10T21:00:00.000Z
DEVICES22,Total density per million population: Radiotherapy units,text,AMR,Americas,Country,SLV,El Salvador,Year,2010,false,,,,,,,,,,,,,0.81,,,,,,0.81,,,EN,2013-06-10T21:00:00.000Z
DEVICES22,Total density per million population: Radiotherapy units,text,AMR,Americas,Country,GTM,Guatemala,Year,2010,false,,,,,,,,,,,,,0.83,,,,,,0.83,,from the DIRA IAEA radiotherapy database (data available online at: http://www-naweb.iaea.org/nahu/dirac/query3.asp),EN,2013-06-10T21:00:00.000Z
DEVICES22,Total density per million population: Radiotherapy units,text,AMR,Americas,Country,CHL,Chile,Year,2010,false,,,,,,,,,,,,,0.93,,,,,,0.93,,Only public sector data,EN,2013-06-10T21:00:00.000Z
DEVICES22,Total density per million population: Radiotherapy units,text,EMR,Eastern Mediterranean,Country,LBY,Libya,Year,2010,false,,,,,,,,,,,,,0.94,,,,,,0.94,,,EN,2013-06-10T21:00:00.000Z
DEVICES22,Total density per million population: Radiotherapy units,text,SEAR,South-East Asia,Country,THA,Thailand,Year,2010,false,,,,,,,,,,,,,0.94,,,,,,0.94,,,EN,2013-06-10T21:00:00.000Z
DEVICES22,Total density per million population: Radiotherapy units,text,EMR,Eastern Mediterranean,Country,JOR,Jordan,Year,2010,false,,,,,,,,,,,,,0.97,,,,,,0.97,,,EN,2013-06-10T21:00:00.000Z
DEVICES22,Total density per million population: Radiotherapy units,text,AMR,Americas,Country,DOM,Dominican Republic,Year,2010,false,,,,,,,,,,,,,1.01,,,,,,1.01,,from the DIRA IAEA radiotherapy database (data available online at: http://www-naweb.iaea.org/nahu/dirac/query3.asp),EN,2013-06-10T21:00:00.000Z
DEVICES22,Total density per million population: Radiotherapy units,text,AMR,Americas,Country,JAM,Jamaica,Year,2010,false,,,,,,,,,,,,,1.09,,,,,,1.09,,,EN,2013-06-10T21:00:00.000Z
DEVICES22,Total density per million population: Radiotherapy units,text,AMR,Americas,Country,PER,Peru,Year,2010,false,,,,,,,,,,,,,1.1,,,,,,1.10,,from the DIRA IAEA radiotherapy database (data available online at: http://www-naweb.iaea.org/nahu/dirac/query3.asp),EN,2013-06-10T21:00:00.000Z
DEVICES22,Total density per million population: Radiotherapy units,text,EMR,Eastern Mediterranean,Country,QAT,Qatar,Year,2010,false,,,,,,,,,,,,,1.14,,,,,,1.14,,,EN,2013-06-10T21:00:00.000Z
DEVICES22,Total density per million population: Radiotherapy units,text,WPR,Western Pacific,Country,CHN,China,Year,2010,false,,,,,,,,,,,,,1.15,,,,,,1.15,,from the DIRA IAEA radiotherapy database (data available online at: http://www-naweb.iaea.org/nahu/dirac/query3.asp),EN,2013-06-10T21:00:00.000Z
DEVICES22,Total density per million population: Radiotherapy units,text,AMR,Americas,Country,CUB,Cuba,Year,2010,false,,,,,,,,,,,,,1.15,,,,,,1.15,,,EN,2013-06-10T21:00:00.000Z
DEVICES22,Total density per million population: Radiotherapy units,text,EUR,Europe,Country,ROU,Romania,Year,2010,false,,,,,,,,,,,,,1.16,,,,,,1.16,,,EN,2013-06-10T21:00:00.000Z
DEVICES22,Total density per million population: Radiotherapy units,text,EUR,Europe,Country,ARM,Armenia,Year,2010,false,,,,,,,,,,,,,1.29,,,,,,1.29,,,EN,2013-06-10T21:00:00.000Z
DEVICES22,Total density per million population: Radiotherapy units,text,AMR,Americas,Country,GUY,Guyana,Year,2010,false,,,,,,,,,,,,,1.33,,,,,,1.33,,Only private sector data,EN,2013-06-10T21:00:00.000Z
DEVICES22,Total density per million population: Radiotherapy units,text,EUR,Europe,Country,KAZ,Kazakhstan,Year,2010,false,,,,,,,,,,,,,1.37,,,,,,1.37,,from the DIRA IAEA radiotherapy database (data available online at: http://www-naweb.iaea.org/nahu/dirac/query3.asp),EN,2013-06-10T21:00:00.000Z
DEVICES22,Total density per million population: Radiotherapy units,text,AMR,Americas,Country,COL,Colombia,Year,2010,false,,,,,,,,,,,,,1.38,,,,,,1.38,,from the DIRA IAEA radiotherapy database (data available online at: http://www-naweb.iaea.org/nahu/dirac/query3.asp),EN,2013-06-10T21:00:00.000Z
DEVICES22,Total density per million population: Radiotherapy units,text,EUR,Europe,Country,GEO,Georgia,Year,2010,false,,,,,,,,,,,,,1.38,,,,,,1.38,,,EN,2013-06-10T21:00:00.000Z
DEVICES22,Total density per million population: Radiotherapy units,text,EUR,Europe,Country,SRB,Serbia,Year,2010,false,,,,,,,,,,,,,1.42,,,,,,1.42,,,EN,2013-06-10T21:00:00.000Z
DEVICES22,Total density per million population: Radiotherapy units,text,EMR,Eastern Mediterranean,Country,KWT,Kuwait,Year,2010,false,,,,,,,,,,,,,1.46,,,,,,1.46,,from the DIRA IAEA radiotherapy database (data available online at: http://www-naweb.iaea.org/nahu/dirac/query3.asp),EN,2013-06-10T21:00:00.000Z
DEVICES22,Total density per million population: Radiotherapy units,text,EUR,Europe,Country,MKD,North Macedonia,Year,2010,false,,,,,,,,,,,,,1.46,,,,,,1.46,,from the DIRA IAEA radiotherapy database (data available online at: http://www-naweb.iaea.org/nahu/dirac/query3.asp),EN,2013-06-10T21:00:00.000Z
DEVICES22,Total density per million population: Radiotherapy units,text,WPR,Western Pacific,Country,MYS,Malaysia,Year,2010,false,,,,,,,,,,,,,1.48,,,,,,1.48,,,EN,2013-06-10T21:00:00.000Z
DEVICES22,Total density per million population: Radiotherapy units,text,EUR,Europe,Country,MNE,Montenegro,Year,2010,false,,,,,,,,,,,,,1.58,,,,,,1.58,,Only public sector data,EN,2013-06-10T21:00:00.000Z
DEVICES22,Total density per million population: Radiotherapy units,text,EUR,Europe,Country,AZE,Azerbaijan,Year,2010,false,,,,,,,,,,,,,1.63,,,,,,1.63,,Only public sector data,EN,2013-06-10T21:00:00.000Z
DEVICES22,Total density per million population: Radiotherapy units,text,AMR,Americas,Country,PAN,Panama,Year,2010,false,,,,,,,,,,,,,1.71,,,,,,1.71,,,EN,2013-06-10T21:00:00.000Z
DEVICES22,Total density per million population: Radiotherapy units,text,AMR,Americas,Country,CRI,Costa Rica,Year,2010,false,,,,,,,,,,,,,1.72,,,,,,1.72,,,EN,2013-06-10T21:00:00.000Z
DEVICES22,Total density per million population: Radiotherapy units,text,EMR,Eastern Mediterranean,Country,TUN,Tunisia,Year,2010,false,,,,,,,,,,,,,1.72,,,,,,1.72,,,EN,2013-06-10T21:00:00.000Z
DEVICES22,Total density per million population: Radiotherapy units,text,AMR,Americas,Country,BRA,Brazil,Year,2010,false,,,,,,,,,,,,,1.76,,,,,,1.76,,from the DIRA IAEA radiotherapy database (data available online at: http://www-naweb.iaea.org/nahu/dirac/query3.asp),EN,2013-06-10T21:00:00.000Z
DEVICES22,Total density per million population: Radiotherapy units,text,EUR,Europe,Country,HUN,Hungary,Year,2010,false,,,,,,,,,,,,,1.8,,,,,,1.80,,,EN,2013-06-10T21:00:00.000Z
DEVICES22,Total density per million population: Radiotherapy units,text,AMR,Americas,Country,USA,United States of America,Year,2010,false,,,,,,,,,,,,,12.76,,,,,,12.76,,from the DIRA IAEA radiotherapy database (data available online at: http://www-naweb.iaea.org/nahu/dirac/query3.asp),EN,2013-06-10T21:00:00.000Z
DEVICES22,Total density per million population: Radiotherapy units,text,EUR,Europe,Country,BGR,Bulgaria,Year,2010,false,,,,,,,,,,,,,2,,,,,,2.00,,from the DIRA IAEA radiotherapy database (data available online at: http://www-naweb.iaea.org/nahu/dirac/query3.asp),EN,2013-06-10T21:00:00.000Z
DEVICES22,Total density per million population: Radiotherapy units,text,EUR,Europe,Country,TUR,Türkiye,Year,2010,false,,,,,,,,,,,,,2.09,,,,,,2.09,,,EN,2013-06-10T21:00:00.000Z
DEVICES22,Total density per million population: Radiotherapy units,text,EMR,Eastern Mediterranean,Country,LBN,Lebanon,Year,2010,false,,,,,,,,,,,,,2.13,,,,,,2.13,,,EN,2013-06-10T21:00:00.000Z
DEVICES22,Total density per million population: Radiotherapy units,text,EUR,Europe,Country,UKR,Ukraine,Year,2010,false,,,,,,,,,,,,,2.16,,,,,,2.16,,from the DIRA IAEA radiotherapy database (data available online at: http://www-naweb.iaea.org/nahu/dirac/query3.asp),EN,2013-06-10T21:00:00.000Z
DEVICES22,Total density per million population: Radiotherapy units,text,EUR,Europe,Country,EST,Estonia,Year,2010,false,,,,,,,,,,,,,2.24,,,,,,2.24,,,EN,2013-06-10T21:00:00.000Z
DEVICES22,Total density per million population: Radiotherapy units,text,EUR,Europe,Country,RUS,Russian Federation,Year,2010,false,,,,,,,,,,,,,2.27,,,,,,2.27,,from the DIRA IAEA radiotherapy database (data available online at: http://www-naweb.iaea.org/nahu/dirac/query3.asp),EN,2013-06-10T21:00:00.000Z
DEVICES22,Total density per million population: Radiotherapy units,text,AFR,Africa,Country,MUS,Mauritius,Year,2010,false,,,,,,,,,,,,,2.31,,,,,,2.31,,,EN,2013-06-10T21:00:00.000Z
DEVICES22,Total density per million population: Radiotherapy units,text,AMR,Americas,Country,VEN,Venezuela (Bolivarian Republic of),Year,2010,false,,,,,,,,,,,,,2.31,,,,,,2.31,,from the DIRA IAEA radiotherapy database (data available online at: http://www-naweb.iaea.org/nahu/dirac/query3.asp),EN,2013-06-10T21:00:00.000Z
DEVICES22,Total density per million population: Radiotherapy units,text,EUR,Europe,Country,BIH,Bosnia and Herzegovina,Year,2010,false,,,,,,,,,,,,,2.39,,,,,,2.39,,,EN,2013-06-10T21:00:00.000Z
DEVICES22,Total density per million population: Radiotherapy units,text,EUR,Europe,Country,CYP,Cyprus,Year,2010,false,,,,,,,,,,,,,2.72,,,,,,2.72,,,EN,2013-06-10T21:00:00.000Z
DEVICES22,Total density per million population: Radiotherapy units,text,EUR,Europe,Country,POL,Poland,Year,2010,false,,,,,,,,,,,,,2.72,,,,,,2.72,,Only public sector data,EN,2013-06-10T21:00:00.000Z
DEVICES22,Total density per million population: Radiotherapy units,text,AMR,Americas,Country,ARG,Argentina,Year,2010,false,,,,,,,,,,,,,2.82,,,,,,2.82,,from the DIRA IAEA radiotherapy database (data available online at: http://www-naweb.iaea.org/nahu/dirac/query3.asp),EN,2013-06-10T21:00:00.000Z
DEVICES22,Total density per million population: Radiotherapy units,text,AMR,Americas,Country,BHS,Bahamas,Year,2010,false,,,,,,,,,,,,,2.92,,,,,,2.92,,,EN,2013-06-10T21:00:00.000Z
DEVICES22,Total density per million population: Radiotherapy units,text,EUR,Europe,Country,HRV,Croatia,Year,2010,false,,,,,,,,,,,,,2.95,,,,,,2.95,,,EN,2013-06-10T21:00:00.000Z
DEVICES22,Total density per million population: Radiotherapy units,text,AMR,Americas,Country,TTO,Trinidad and Tobago,Year,2010,false,,,,,,,,,,,,,2.98,,,,,,2.98,,,EN,2013-06-10T21:00:00.000Z
DEVICES22,Total density per million population: Radiotherapy units,text,EUR,Europe,Country,MCO,Monaco,Year,2010,false,,,,,,,,,,,,,28.24,,,,,,28.24,,,EN,2013-06-10T21:00:00.000Z
DEVICES22,Total density per million population: Radiotherapy units,text,EUR,Europe,Country,BLR,Belarus,Year,2010,false,,,,,,,,,,,,,3.02,,,,,,3.02,,Only public sector data,EN,2013-06-10T21:00:00.000Z
DEVICES22,Total density per million population: Radiotherapy units,text,WPR,Western Pacific,Country,KOR,Republic of Korea,Year,2010,false,,,,,,,,,,,,,3.07,,,,,,3.07,,from the DIRA IAEA radiotherapy database (data available online at: http://www-naweb.iaea.org/nahu/dirac/query3.asp),EN,2013-06-10T21:00:00.000Z
DEVICES22,Total density per million population: Radiotherapy units,text,EUR,Europe,Country,SVN,Slovenia,Year,2010,false,,,,,,,,,,,,,3.45,,,,,,3.45,,Only public sector data,EN,2013-06-10T21:00:00.000Z
DEVICES22,Total density per million population: Radiotherapy units,text,EUR,Europe,Country,ISR,Israel,Year,2010,false,,,,,,,,,,,,,3.5,,,,,,3.50,,,EN,2013-06-10T21:00:00.000Z
DEVICES22,Total density per million population: Radiotherapy units,text,AMR,Americas,Country,BRB,Barbados,Year,2010,false,,,,,,,,,,,,,3.66,,,,,,3.66,,Only public sector data,EN,2013-06-10T21:00:00.000Z
DEVICES22,Total density per million population: Radiotherapy units,text,WPR,Western Pacific,Country,SGP,Singapore,Year,2010,false,,,,,,,,,,,,,3.74,,,,,,3.74,,,EN,2013-06-10T21:00:00.000Z
DEVICES22,Total density per million population: Radiotherapy units,text,AMR,Americas,Country,SUR,Suriname,Year,2010,false,,,,,,,,,,,,,3.81,,,,,,3.81,,,EN,2013-06-10T21:00:00.000Z
DEVICES22,Total density per million population: Radiotherapy units,text,AMR,Americas,Country,URY,Uruguay,Year,2010,false,,,,,,,,,,,,,3.86,,,,,,3.86,,,EN,2013-06-10T21:00:00.000Z
DEVICES22,Total density per million population: Radiotherapy units,text,EUR,Europe,Country,LTU,Lithuania,Year,2010,false,,,,,,,,,,,,,3.91,,,,,,3.91,,,EN,2013-06-10T21:00:00.000Z
DEVICES22,Total density per million population: Radiotherapy units,text,EUR,Europe,Country,LUX,Luxembourg,Year,2010,false,,,,,,,,,,,,,3.94,,,,,,3.94,,,EN,2013-06-10T21:00:00.000Z
DEVICES22,Total density per million population: Radiotherapy units,text,EUR,Europe,Country,IRL,Ireland,Year,2010,false,,,,,,,,,,,,,4.03,,,,,,4.03,,Only public sector data,EN,2013-06-10T21:00:00.000Z
DEVICES22,Total density per million population: Radiotherapy units,text,EUR,Europe,Country,PRT,Portugal,Year,2010,false,,,,,,,,,,,,,4.03,,,,,,4.03,,,EN,2013-06-10T21:00:00.000Z
DEVICES22,Total density per million population: Radiotherapy units,text,WPR,Western Pacific,Country,AUS,Australia,Year,2010,false,,,,,,,,,,,,,4.22,,,,,,4.22,,Only public sector data,EN,2013-06-10T21:00:00.000Z
DEVICES22,Total density per million population: Radiotherapy units,text,EUR,Europe,Country,GRC,Greece,Year,2010,false,,,,,,,,,,,,,4.23,,,,,,4.23,,from the DIRA IAEA radiotherapy database (data available online at: http://www-naweb.iaea.org/nahu/dirac/query3.asp),EN,2013-06-10T21:00:00.000Z
DEVICES22,Total density per million population: Radiotherapy units,text,EUR,Europe,Country,ESP,Spain,Year,2010,false,,,,,,,,,,,,,4.23,,,,,,4.23,,,EN,2013-06-10T21:00:00.000Z
DEVICES22,Total density per million population: Radiotherapy units,text,EUR,Europe,Country,SVK,Slovakia,Year,2010,false,,,,,,,,,,,,,4.76,,,,,,4.76,,from the DIRA IAEA radiotherapy database (data available online at: http://www-naweb.iaea.org/nahu/dirac/query3.asp),EN,2013-06-10T21:00:00.000Z
DEVICES22,Total density per million population: Radiotherapy units,text,EUR,Europe,Country,MLT,Malta,Year,2010,false,,,,,,,,,,,,,4.8,,,,,,4.80,,,EN,2013-06-10T21:00:00.000Z
DEVICES22,Total density per million population: Radiotherapy units,text,EUR,Europe,Country,LVA,Latvia,Year,2010,false,,,,,,,,,,,,,4.88,,,,,,4.88,,from the DIRA IAEA radiotherapy database (data available online at: http://www-naweb.iaea.org/nahu/dirac/query3.asp),EN,2013-06-10T21:00:00.000Z
DEVICES22,Total density per million population: Radiotherapy units,text,EUR,Europe,Country,CZE,Czechia,Year,2010,false,,,,,,,,,,,,,4.96,,,,,,4.96,,,EN,2013-06-10T21:00:00.000Z
DEVICES22,Total density per million population: Radiotherapy units,text,EUR,Europe,Country,AUT,Austria,Year,2010,false,,,,,,,,,,,,,5.48,,,,,,5.48,,Only public sector data,EN,2013-06-10T21:00:00.000Z
DEVICES22,Total density per million population: Radiotherapy units,text,EUR,Europe,Country,GBR,United Kingdom of Great Britain and Northern Ireland,Year,2010,false,,,,,,,,,,,,,5.48,,,,,,5.48,,from the DIRA IAEA radiotherapy database (data available online at: http://www-naweb.iaea.org/nahu/dirac/query3.asp),EN,2013-06-10T21:00:00.000Z
DEVICES22,Total density per million population: Radiotherapy units,text,EUR,Europe,Country,ISL,Iceland,Year,2010,false,,,,,,,,,,,,,6.25,,,,,,6.25,,,EN,2013-06-10T21:00:00.000Z
DEVICES22,Total density per million population: Radiotherapy units,text,EUR,Europe,Country,DEU,Germany,Year,2010,false,,,,,,,,,,,,,6.43,,,,,,6.43,,from the DIRA IAEA radiotherapy database (data available online at: http://www-naweb.iaea.org/nahu/dirac/query3.asp),EN,2013-06-10T21:00:00.000Z
DEVICES22,Total density per million population: Radiotherapy units,text,EUR,Europe,Country,ITA,Italy,Year,2010,false,,,,,,,,,,,,,6.54,,,,,,6.54,,from the DIRA IAEA radiotherapy database (data available online at: http://www-naweb.iaea.org/nahu/dirac/query3.asp),EN,2013-06-10T21:00:00.000Z
DEVICES22,Total density per million population: Radiotherapy units,text,EUR,Europe,Country,FRA,France,Year,2010,false,,,,,,,,,,,,,6.78,,,,,,6.78,,from the DIRA IAEA radiotherapy database (data available online at: http://www-naweb.iaea.org/nahu/dirac/query3.asp),EN,2013-06-10T21:00:00.000Z
DEVICES22,Total density per million population: Radiotherapy units,text,WPR,Western Pacific,Country,NZL,New Zealand,Year,2010,false,,,,,,,,,,,,,7.1,,,,,,7.10,,,EN,2013-06-10T21:00:00.000Z
DEVICES22,Total density per million population: Radiotherapy units,text,WPR,Western Pacific,Country,JPN,Japan,Year,2010,false,,,,,,,,,,,,,7.19,,,,,,7.19,,from the DIRA IAEA radiotherapy database (data available online at: http://www-naweb.iaea.org/nahu/dirac/query3.asp),EN,2013-06-10T21:00:00.000Z
DEVICES22,Total density per million population: Radiotherapy units,text,EUR,Europe,Country,NLD,Netherlands (Kingdom of the),Year,2010,false,,,,,,,,,,,,,7.28,,,,,,7.28,,,EN,2013-06-10T21:00:00.000Z
DEVICES22,Total density per million population: Radiotherapy units,text,EUR,Europe,Country,FIN,Finland,Year,2010,false,,,,,,,,,,,,,7.46,,,,,,7.46,,Only public sector data,EN,2013-06-10T21:00:00.000Z
DEVICES22,Total density per million population: Radiotherapy units,text,EUR,Europe,Country,NOR,Norway,Year,2010,false,,,,,,,,,,,,,7.78,,,,,,7.78,,from the DIRA IAEA radiotherapy database (data available online at: http://www-naweb.iaea.org/nahu/dirac/query3.asp),EN,2013-06-10T21:00:00.000Z
DEVICES22,Total density per million population: Radiotherapy units,text,EUR,Europe,Country,SWE,Sweden,Year,2010,false,,,,,,,,,,,,,8.32,,,,,,8.32,,from the DIRA IAEA radiotherapy database (data available online at: http://www-naweb.iaea.org/nahu/dirac/query3.asp),EN,2013-06-10T21:00:00.000Z
DEVICES22,Total density per million population: Radiotherapy units,text,AMR,Americas,Country,CAN,Canada,Year,2010,false,,,,,,,,,,,,,8.73,,,,,,8.73,,from the DIRA IAEA radiotherapy database (data available online at: http://www-naweb.iaea.org/nahu/dirac/query3.asp),EN,2013-06-10T21:00:00.000Z
DEVICES22,Total density per million population: Radiotherapy units,text,EUR,Europe,Country,BEL,Belgium,Year,2010,false,,,,,,,,,,,,,8.96,,,,,,8.96,,from the DIRA IAEA radiotherapy database (data available online at: http://www-naweb.iaea.org/nahu/dirac/query3.asp),EN,2013-06-10T21:00:00.000Z
DEVICES22,Total density per million population: Radiotherapy units,text,EUR,Europe,Country,DNK,Denmark,Year,2010,false,,,,,,,,,,,,,9.73,,,,,,9.73,,,EN,2013-06-10T21:00:00.000Z
DEVICES22,Total density per million population: Radiotherapy units,text,EUR,Europe,Country,CHE,Switzerland,Year,2010,false,,,,,,,,,,,,,9.79,,,,,,9.79,,from the DIRA IAEA radiotherapy database (data available online at: http://www-naweb.iaea.org/nahu/dirac/query3.asp),EN,2013-06-10T21:00:00.000Z
